Date,RealizationDate,Portfolio,RealizedNextReturn
1964-07-01,1964-08-01,SMALL LoBM,1.6973
1964-07-01,1964-08-01,ME1 BM2,-2.5518
1964-07-01,1964-08-01,ME1 BM3,-1.7484
1964-07-01,1964-08-01,ME1 BM4,-0.8049
1964-07-01,1964-08-01,SMALL HiBM,-0.4831
1964-07-01,1964-08-01,ME2 BM1,-1.8159
1964-07-01,1964-08-01,ME2 BM2,-2.2378
1964-07-01,1964-08-01,ME2 BM3,-1.2322
1964-07-01,1964-08-01,ME2 BM4,0.3431
1964-07-01,1964-08-01,ME2 BM5,-1.866
1964-07-01,1964-08-01,ME3 BM1,-2.7851
1964-07-01,1964-08-01,ME3 BM2,-0.425
1964-07-01,1964-08-01,ME3 BM3,0.1867
1964-07-01,1964-08-01,ME3 BM4,-0.1132
1964-07-01,1964-08-01,ME3 BM5,-2.2609
1964-07-01,1964-08-01,ME4 BM1,-1.0822
1964-07-01,1964-08-01,ME4 BM2,0.1083
1964-07-01,1964-08-01,ME4 BM3,0.9632
1964-07-01,1964-08-01,ME4 BM4,-0.0139
1964-07-01,1964-08-01,ME4 BM5,-1.1736
1964-07-01,1964-08-01,BIG LoBM,-1.2739
1964-07-01,1964-08-01,ME5 BM2,-1.5604
1964-07-01,1964-08-01,ME5 BM3,-0.0792
1964-07-01,1964-08-01,ME5 BM4,-0.8964
1964-07-01,1964-08-01,BIG HiBM,-2.903
1964-08-01,1964-09-01,SMALL LoBM,5.4362
1964-08-01,1964-09-01,ME1 BM2,2.9791
1964-08-01,1964-09-01,ME1 BM3,6.2309
1964-08-01,1964-09-01,ME1 BM4,2.768
1964-08-01,1964-09-01,SMALL HiBM,3.9217
1964-08-01,1964-09-01,ME2 BM1,3.3507
1964-08-01,1964-09-01,ME2 BM2,2.7652
1964-08-01,1964-09-01,ME2 BM3,2.2302
1964-08-01,1964-09-01,ME2 BM4,2.1863
1964-08-01,1964-09-01,ME2 BM5,4.7087
1964-08-01,1964-09-01,ME3 BM1,1.7622
1964-08-01,1964-09-01,ME3 BM2,2.0533
1964-08-01,1964-09-01,ME3 BM3,3.431
1964-08-01,1964-09-01,ME3 BM4,3.0761
1964-08-01,1964-09-01,ME3 BM5,3.7501
1964-08-01,1964-09-01,ME4 BM1,3.13
1964-08-01,1964-09-01,ME4 BM2,3.3262
1964-08-01,1964-09-01,ME4 BM3,4.1421
1964-08-01,1964-09-01,ME4 BM4,4.6636
1964-08-01,1964-09-01,ME4 BM5,4.2656
1964-08-01,1964-09-01,BIG LoBM,3.0865
1964-08-01,1964-09-01,ME5 BM2,1.347
1964-08-01,1964-09-01,ME5 BM3,4.283
1964-08-01,1964-09-01,ME5 BM4,4.5121
1964-08-01,1964-09-01,BIG HiBM,6.8538
1964-09-01,1964-10-01,SMALL LoBM,1.8991
1964-09-01,1964-10-01,ME1 BM2,0.0905
1964-09-01,1964-10-01,ME1 BM3,5.1491
1964-09-01,1964-10-01,ME1 BM4,1.9336
1964-09-01,1964-10-01,SMALL HiBM,3.3329
1964-09-01,1964-10-01,ME2 BM1,-1.3436
1964-09-01,1964-10-01,ME2 BM2,1.21
1964-09-01,1964-10-01,ME2 BM3,2.6037
1964-09-01,1964-10-01,ME2 BM4,1.2235
1964-09-01,1964-10-01,ME2 BM5,1.3573
1964-09-01,1964-10-01,ME3 BM1,3.2119
1964-09-01,1964-10-01,ME3 BM2,3.489
1964-09-01,1964-10-01,ME3 BM3,1.9459
1964-09-01,1964-10-01,ME3 BM4,1.1581
1964-09-01,1964-10-01,ME3 BM5,2.7149
1964-09-01,1964-10-01,ME4 BM1,0.9305
1964-09-01,1964-10-01,ME4 BM2,1.2955
1964-09-01,1964-10-01,ME4 BM3,1.2825
1964-09-01,1964-10-01,ME4 BM4,3.2659
1964-09-01,1964-10-01,ME4 BM5,3.7565
1964-09-01,1964-10-01,BIG LoBM,0.3221
1964-09-01,1964-10-01,ME5 BM2,1.0902
1964-09-01,1964-10-01,ME5 BM3,0.5699
1964-09-01,1964-10-01,ME5 BM4,0.5297
1964-09-01,1964-10-01,BIG HiBM,3.2922
1964-10-01,1964-11-01,SMALL LoBM,-0.3007
1964-10-01,1964-11-01,ME1 BM2,-0.1509
1964-10-01,1964-11-01,ME1 BM3,0.8917
1964-10-01,1964-11-01,ME1 BM4,0.6823
1964-10-01,1964-11-01,SMALL HiBM,0.5298
1964-10-01,1964-11-01,ME2 BM1,-0.967
1964-10-01,1964-11-01,ME2 BM2,0.1674
1964-10-01,1964-11-01,ME2 BM3,-0.1973
1964-10-01,1964-11-01,ME2 BM4,-0.6529
1964-10-01,1964-11-01,ME2 BM5,-1.767
1964-10-01,1964-11-01,ME3 BM1,1.6126
1964-10-01,1964-11-01,ME3 BM2,0.6029
1964-10-01,1964-11-01,ME3 BM3,0.1006
1964-10-01,1964-11-01,ME3 BM4,0.4017
1964-10-01,1964-11-01,ME3 BM5,-0.0585
1964-10-01,1964-11-01,ME4 BM1,0.6553
1964-10-01,1964-11-01,ME4 BM2,1.6438
1964-10-01,1964-11-01,ME4 BM3,-1.0152
1964-10-01,1964-11-01,ME4 BM4,-0.8372
1964-10-01,1964-11-01,ME4 BM5,-4.7187
1964-10-01,1964-11-01,BIG LoBM,1.0217
1964-10-01,1964-11-01,ME5 BM2,-0.3673
1964-10-01,1964-11-01,ME5 BM3,1.6422
1964-10-01,1964-11-01,ME5 BM4,-1.286
1964-10-01,1964-11-01,BIG HiBM,-4.6842
1964-11-01,1964-12-01,SMALL LoBM,-1.4726
1964-11-01,1964-12-01,ME1 BM2,-1.2379
1964-11-01,1964-12-01,ME1 BM3,-3.125
1964-11-01,1964-12-01,ME1 BM4,-2.6798
1964-11-01,1964-12-01,SMALL HiBM,-1.7928
1964-11-01,1964-12-01,ME2 BM1,1.4489
1964-11-01,1964-12-01,ME2 BM2,-0.1486
1964-11-01,1964-12-01,ME2 BM3,1.1892
1964-11-01,1964-12-01,ME2 BM4,-2.4864
1964-11-01,1964-12-01,ME2 BM5,-0.9464
1964-11-01,1964-12-01,ME3 BM1,0.116
1964-11-01,1964-12-01,ME3 BM2,0.588
1964-11-01,1964-12-01,ME3 BM3,-0.2675
1964-11-01,1964-12-01,ME3 BM4,-1.6849
1964-11-01,1964-12-01,ME3 BM5,-0.6796
1964-11-01,1964-12-01,ME4 BM1,1.4114
1964-11-01,1964-12-01,ME4 BM2,0.0102
1964-11-01,1964-12-01,ME4 BM3,-1.5027
1964-11-01,1964-12-01,ME4 BM4,-0.955
1964-11-01,1964-12-01,ME4 BM5,-1.3266
1964-11-01,1964-12-01,BIG LoBM,0.799
1964-11-01,1964-12-01,ME5 BM2,1.4209
1964-11-01,1964-12-01,ME5 BM3,-0.9509
1964-11-01,1964-12-01,ME5 BM4,-1.0688
1964-11-01,1964-12-01,BIG HiBM,-1.3383
1964-12-01,1965-01-01,SMALL LoBM,8.4566
1964-12-01,1965-01-01,ME1 BM2,6.3573
1964-12-01,1965-01-01,ME1 BM3,6.8733
1964-12-01,1965-01-01,ME1 BM4,6.6762
1964-12-01,1965-01-01,SMALL HiBM,8.7568
1964-12-01,1965-01-01,ME2 BM1,7.8749
1964-12-01,1965-01-01,ME2 BM2,5.4662
1964-12-01,1965-01-01,ME2 BM3,5.9236
1964-12-01,1965-01-01,ME2 BM4,5.7124
1964-12-01,1965-01-01,ME2 BM5,6.1785
1964-12-01,1965-01-01,ME3 BM1,5.2074
1964-12-01,1965-01-01,ME3 BM2,6.2046
1964-12-01,1965-01-01,ME3 BM3,5.1133
1964-12-01,1965-01-01,ME3 BM4,5.9609
1964-12-01,1965-01-01,ME3 BM5,7.056
1964-12-01,1965-01-01,ME4 BM1,5.5263
1964-12-01,1965-01-01,ME4 BM2,4.2867
1964-12-01,1965-01-01,ME4 BM3,5.1409
1964-12-01,1965-01-01,ME4 BM4,5.1165
1964-12-01,1965-01-01,ME4 BM5,6.8218
1964-12-01,1965-01-01,BIG LoBM,4.7202
1964-12-01,1965-01-01,ME5 BM2,1.2522
1964-12-01,1965-01-01,ME5 BM3,2.8229
1964-12-01,1965-01-01,ME5 BM4,3.5354
1964-12-01,1965-01-01,BIG HiBM,3.6001
1965-01-01,1965-02-01,SMALL LoBM,1.8638
1965-01-01,1965-02-01,ME1 BM2,0.5099
1965-01-01,1965-02-01,ME1 BM3,2.5255
1965-01-01,1965-02-01,ME1 BM4,3.1923
1965-01-01,1965-02-01,SMALL HiBM,3.6524
1965-01-01,1965-02-01,ME2 BM1,3.3795
1965-01-01,1965-02-01,ME2 BM2,4.2289
1965-01-01,1965-02-01,ME2 BM3,3.7383
1965-01-01,1965-02-01,ME2 BM4,3.4098
1965-01-01,1965-02-01,ME2 BM5,3.5904
1965-01-01,1965-02-01,ME3 BM1,3.899
1965-01-01,1965-02-01,ME3 BM2,4.4372
1965-01-01,1965-02-01,ME3 BM3,4.7925
1965-01-01,1965-02-01,ME3 BM4,3.2175
1965-01-01,1965-02-01,ME3 BM5,3.201
1965-01-01,1965-02-01,ME4 BM1,1.3902
1965-01-01,1965-02-01,ME4 BM2,3.4228
1965-01-01,1965-02-01,ME4 BM3,3.9336
1965-01-01,1965-02-01,ME4 BM4,3.2034
1965-01-01,1965-02-01,ME4 BM5,1.6802
1965-01-01,1965-02-01,BIG LoBM,0.1858
1965-01-01,1965-02-01,ME5 BM2,-0.0448
1965-01-01,1965-02-01,ME5 BM3,-0.126
1965-01-01,1965-02-01,ME5 BM4,-0.5377
1965-01-01,1965-02-01,BIG HiBM,-1.1935
1965-02-01,1965-03-01,SMALL LoBM,1.6576
1965-02-01,1965-03-01,ME1 BM2,2.3232
1965-02-01,1965-03-01,ME1 BM3,1.2665
1965-02-01,1965-03-01,ME1 BM4,2.5785
1965-02-01,1965-03-01,SMALL HiBM,3.1914
1965-02-01,1965-03-01,ME2 BM1,2.0961
1965-02-01,1965-03-01,ME2 BM2,-1.9294
1965-02-01,1965-03-01,ME2 BM3,1.3979
1965-02-01,1965-03-01,ME2 BM4,1.8887
1965-02-01,1965-03-01,ME2 BM5,0.5794
1965-02-01,1965-03-01,ME3 BM1,-0.2907
1965-02-01,1965-03-01,ME3 BM2,-0.056
1965-02-01,1965-03-01,ME3 BM3,-0.3211
1965-02-01,1965-03-01,ME3 BM4,1.3299
1965-02-01,1965-03-01,ME3 BM5,0.6378
1965-02-01,1965-03-01,ME4 BM1,-0.7985
1965-02-01,1965-03-01,ME4 BM2,-0.3232
1965-02-01,1965-03-01,ME4 BM3,-0.291
1965-02-01,1965-03-01,ME4 BM4,0.4349
1965-02-01,1965-03-01,ME4 BM5,1.8183
1965-02-01,1965-03-01,BIG LoBM,-1.3236
1965-02-01,1965-03-01,ME5 BM2,-1.58
1965-02-01,1965-03-01,ME5 BM3,-1.8043
1965-02-01,1965-03-01,ME5 BM4,-0.7165
1965-02-01,1965-03-01,BIG HiBM,0.3403
1965-03-01,1965-04-01,SMALL LoBM,4.0673
1965-03-01,1965-04-01,ME1 BM2,4.4129
1965-03-01,1965-04-01,ME1 BM3,4.789
1965-03-01,1965-04-01,ME1 BM4,4.444
1965-03-01,1965-04-01,SMALL HiBM,4.5886
1965-03-01,1965-04-01,ME2 BM1,0.1559
1965-03-01,1965-04-01,ME2 BM2,5.0305
1965-03-01,1965-04-01,ME2 BM3,3.9249
1965-03-01,1965-04-01,ME2 BM4,4.7086
1965-03-01,1965-04-01,ME2 BM5,5.0312
1965-03-01,1965-04-01,ME3 BM1,2.805
1965-03-01,1965-04-01,ME3 BM2,3.1203
1965-03-01,1965-04-01,ME3 BM3,3.8598
1965-03-01,1965-04-01,ME3 BM4,3.7242
1965-03-01,1965-04-01,ME3 BM5,6.8019
1965-03-01,1965-04-01,ME4 BM1,2.6191
1965-03-01,1965-04-01,ME4 BM2,3.1943
1965-03-01,1965-04-01,ME4 BM3,4.6285
1965-03-01,1965-04-01,ME4 BM4,4.3921
1965-03-01,1965-04-01,ME4 BM5,2.1567
1965-03-01,1965-04-01,BIG LoBM,4.5863
1965-03-01,1965-04-01,ME5 BM2,1.8738
1965-03-01,1965-04-01,ME5 BM3,2.1667
1965-03-01,1965-04-01,ME5 BM4,2.2064
1965-03-01,1965-04-01,BIG HiBM,4.4499
1965-04-01,1965-05-01,SMALL LoBM,-0.4546
1965-04-01,1965-05-01,ME1 BM2,-2.5956
1965-04-01,1965-05-01,ME1 BM3,-1.2927
1965-04-01,1965-05-01,ME1 BM4,-0.7798
1965-04-01,1965-05-01,SMALL HiBM,-1.2123
1965-04-01,1965-05-01,ME2 BM1,1.0537
1965-04-01,1965-05-01,ME2 BM2,-0.7392
1965-04-01,1965-05-01,ME2 BM3,-1.1564
1965-04-01,1965-05-01,ME2 BM4,0.0841
1965-04-01,1965-05-01,ME2 BM5,-2.1204
1965-04-01,1965-05-01,ME3 BM1,-0.5779
1965-04-01,1965-05-01,ME3 BM2,0.2504
1965-04-01,1965-05-01,ME3 BM3,-1.0293
1965-04-01,1965-05-01,ME3 BM4,-0.8671
1965-04-01,1965-05-01,ME3 BM5,-0.5873
1965-04-01,1965-05-01,ME4 BM1,-0.9651
1965-04-01,1965-05-01,ME4 BM2,0.033
1965-04-01,1965-05-01,ME4 BM3,-1.109
1965-04-01,1965-05-01,ME4 BM4,-0.3676
1965-04-01,1965-05-01,ME4 BM5,-3.3714
1965-04-01,1965-05-01,BIG LoBM,-0.7544
1965-04-01,1965-05-01,ME5 BM2,0.8302
1965-04-01,1965-05-01,ME5 BM3,-0.0849
1965-04-01,1965-05-01,ME5 BM4,-0.3611
1965-04-01,1965-05-01,BIG HiBM,-3.571
1965-05-01,1965-06-01,SMALL LoBM,-12.5886
1965-05-01,1965-06-01,ME1 BM2,-10.4413
1965-05-01,1965-06-01,ME1 BM3,-9.3609
1965-05-01,1965-06-01,ME1 BM4,-7.9296
1965-05-01,1965-06-01,SMALL HiBM,-9.5699
1965-05-01,1965-06-01,ME2 BM1,-10.3567
1965-05-01,1965-06-01,ME2 BM2,-8.6131
1965-05-01,1965-06-01,ME2 BM3,-8.9828
1965-05-01,1965-06-01,ME2 BM4,-8.3897
1965-05-01,1965-06-01,ME2 BM5,-8.2995
1965-05-01,1965-06-01,ME3 BM1,-6.6323
1965-05-01,1965-06-01,ME3 BM2,-9.221
1965-05-01,1965-06-01,ME3 BM3,-8.5172
1965-05-01,1965-06-01,ME3 BM4,-8.5307
1965-05-01,1965-06-01,ME3 BM5,-8.4334
1965-05-01,1965-06-01,ME4 BM1,-6.3568
1965-05-01,1965-06-01,ME4 BM2,-6.9768
1965-05-01,1965-06-01,ME4 BM3,-7.9386
1965-05-01,1965-06-01,ME4 BM4,-8.6779
1965-05-01,1965-06-01,ME4 BM5,-8.4349
1965-05-01,1965-06-01,BIG LoBM,-4.4306
1965-05-01,1965-06-01,ME5 BM2,-3.6674
1965-05-01,1965-06-01,ME5 BM3,-4.9365
1965-05-01,1965-06-01,ME5 BM4,-3.8056
1965-05-01,1965-06-01,BIG HiBM,-5.4788
1965-06-01,1965-07-01,SMALL LoBM,2.4078
1965-06-01,1965-07-01,ME1 BM2,3.4728
1965-06-01,1965-07-01,ME1 BM3,3.6533
1965-06-01,1965-07-01,ME1 BM4,2.2033
1965-06-01,1965-07-01,SMALL HiBM,4.1972
1965-06-01,1965-07-01,ME2 BM1,3.7755
1965-06-01,1965-07-01,ME2 BM2,1.6587
1965-06-01,1965-07-01,ME2 BM3,2.9237
1965-06-01,1965-07-01,ME2 BM4,3.4788
1965-06-01,1965-07-01,ME2 BM5,4.507
1965-06-01,1965-07-01,ME3 BM1,1.526
1965-06-01,1965-07-01,ME3 BM2,4.6267
1965-06-01,1965-07-01,ME3 BM3,2.5895
1965-06-01,1965-07-01,ME3 BM4,4.36
1965-06-01,1965-07-01,ME3 BM5,4.6866
1965-06-01,1965-07-01,ME4 BM1,2.6035
1965-06-01,1965-07-01,ME4 BM2,3.1714
1965-06-01,1965-07-01,ME4 BM3,3.8986
1965-06-01,1965-07-01,ME4 BM4,2.6544
1965-06-01,1965-07-01,ME4 BM5,6.25
1965-06-01,1965-07-01,BIG LoBM,1.5235
1965-06-01,1965-07-01,ME5 BM2,-0.0021
1965-06-01,1965-07-01,ME5 BM3,1.9197
1965-06-01,1965-07-01,ME5 BM4,4.0881
1965-06-01,1965-07-01,BIG HiBM,4.8277
1965-07-01,1965-08-01,SMALL LoBM,2.5036
1965-07-01,1965-08-01,ME1 BM2,5.4354
1965-07-01,1965-08-01,ME1 BM3,5.1565
1965-07-01,1965-08-01,ME1 BM4,3.9579
1965-07-01,1965-08-01,SMALL HiBM,4.0133
1965-07-01,1965-08-01,ME2 BM1,7.2991
1965-07-01,1965-08-01,ME2 BM2,4.236
1965-07-01,1965-08-01,ME2 BM3,4.9247
1965-07-01,1965-08-01,ME2 BM4,4.9206
1965-07-01,1965-08-01,ME2 BM5,3.943
1965-07-01,1965-08-01,ME3 BM1,8.1068
1965-07-01,1965-08-01,ME3 BM2,4.5658
1965-07-01,1965-08-01,ME3 BM3,7.7512
1965-07-01,1965-08-01,ME3 BM4,3.2518
1965-07-01,1965-08-01,ME3 BM5,6.5499
1965-07-01,1965-08-01,ME4 BM1,3.8079
1965-07-01,1965-08-01,ME4 BM2,4.1756
1965-07-01,1965-08-01,ME4 BM3,5.3024
1965-07-01,1965-08-01,ME4 BM4,2.9982
1965-07-01,1965-08-01,ME4 BM5,4.8752
1965-07-01,1965-08-01,BIG LoBM,3.2645
1965-07-01,1965-08-01,ME5 BM2,1.2951
1965-07-01,1965-08-01,ME5 BM3,3.4395
1965-07-01,1965-08-01,ME5 BM4,1.1267
1965-07-01,1965-08-01,BIG HiBM,2.1812
1965-08-01,1965-09-01,SMALL LoBM,3.4711
1965-08-01,1965-09-01,ME1 BM2,5.9272
1965-08-01,1965-09-01,ME1 BM3,1.2744
1965-08-01,1965-09-01,ME1 BM4,3.9987
1965-08-01,1965-09-01,SMALL HiBM,3.3711
1965-08-01,1965-09-01,ME2 BM1,5.8317
1965-08-01,1965-09-01,ME2 BM2,3.7915
1965-08-01,1965-09-01,ME2 BM3,2.888
1965-08-01,1965-09-01,ME2 BM4,4.6113
1965-08-01,1965-09-01,ME2 BM5,2.6159
1965-08-01,1965-09-01,ME3 BM1,2.4531
1965-08-01,1965-09-01,ME3 BM2,3.1662
1965-08-01,1965-09-01,ME3 BM3,3.3162
1965-08-01,1965-09-01,ME3 BM4,5.205
1965-08-01,1965-09-01,ME3 BM5,4.5035
1965-08-01,1965-09-01,ME4 BM1,3.2993
1965-08-01,1965-09-01,ME4 BM2,4.1014
1965-08-01,1965-09-01,ME4 BM3,1.5628
1965-08-01,1965-09-01,ME4 BM4,2.9004
1965-08-01,1965-09-01,ME4 BM5,3.849
1965-08-01,1965-09-01,BIG LoBM,3.9289
1965-08-01,1965-09-01,ME5 BM2,2.3018
1965-08-01,1965-09-01,ME5 BM3,2.3766
1965-08-01,1965-09-01,ME5 BM4,3.5269
1965-08-01,1965-09-01,BIG HiBM,3.2283
1965-09-01,1965-10-01,SMALL LoBM,6.1584
1965-09-01,1965-10-01,ME1 BM2,8.9538
1965-09-01,1965-10-01,ME1 BM3,6.0563
1965-09-01,1965-10-01,ME1 BM4,5.6597
1965-09-01,1965-10-01,SMALL HiBM,9.0633
1965-09-01,1965-10-01,ME2 BM1,4.0941
1965-09-01,1965-10-01,ME2 BM2,7.8656
1965-09-01,1965-10-01,ME2 BM3,3.7585
1965-09-01,1965-10-01,ME2 BM4,5.8202
1965-09-01,1965-10-01,ME2 BM5,5.2135
1965-09-01,1965-10-01,ME3 BM1,4.4
1965-09-01,1965-10-01,ME3 BM2,4.247
1965-09-01,1965-10-01,ME3 BM3,5.5875
1965-09-01,1965-10-01,ME3 BM4,5.7329
1965-09-01,1965-10-01,ME3 BM5,5.0437
1965-09-01,1965-10-01,ME4 BM1,4.058
1965-09-01,1965-10-01,ME4 BM2,3.3683
1965-09-01,1965-10-01,ME4 BM3,2.8771
1965-09-01,1965-10-01,ME4 BM4,4.4819
1965-09-01,1965-10-01,ME4 BM5,8.0786
1965-09-01,1965-10-01,BIG LoBM,3.1389
1965-09-01,1965-10-01,ME5 BM2,0.214
1965-09-01,1965-10-01,ME5 BM3,3.0547
1965-09-01,1965-10-01,ME5 BM4,4.4226
1965-09-01,1965-10-01,BIG HiBM,5.2216
1965-10-01,1965-11-01,SMALL LoBM,4.1546
1965-10-01,1965-11-01,ME1 BM2,6.7399
1965-10-01,1965-11-01,ME1 BM3,2.709
1965-10-01,1965-11-01,ME1 BM4,7.8663
1965-10-01,1965-11-01,SMALL HiBM,6.4658
1965-10-01,1965-11-01,ME2 BM1,1.4154
1965-10-01,1965-11-01,ME2 BM2,5.0932
1965-10-01,1965-11-01,ME2 BM3,4.3201
1965-10-01,1965-11-01,ME2 BM4,5.2165
1965-10-01,1965-11-01,ME2 BM5,4.0522
1965-10-01,1965-11-01,ME3 BM1,3.3546
1965-10-01,1965-11-01,ME3 BM2,3.113
1965-10-01,1965-11-01,ME3 BM3,5.6965
1965-10-01,1965-11-01,ME3 BM4,2.5193
1965-10-01,1965-11-01,ME3 BM5,3.0572
1965-10-01,1965-11-01,ME4 BM1,3.6904
1965-10-01,1965-11-01,ME4 BM2,2.6667
1965-10-01,1965-11-01,ME4 BM3,3.6479
1965-10-01,1965-11-01,ME4 BM4,1.046
1965-10-01,1965-11-01,ME4 BM5,5.4682
1965-10-01,1965-11-01,BIG LoBM,-0.317
1965-10-01,1965-11-01,ME5 BM2,-1.8293
1965-10-01,1965-11-01,ME5 BM3,1.25
1965-10-01,1965-11-01,ME5 BM4,-1.2898
1965-10-01,1965-11-01,BIG HiBM,-2.321
1965-11-01,1965-12-01,SMALL LoBM,7.2363
1965-11-01,1965-12-01,ME1 BM2,6.7426
1965-11-01,1965-12-01,ME1 BM3,2.1385
1965-11-01,1965-12-01,ME1 BM4,3.8599
1965-11-01,1965-12-01,SMALL HiBM,5.0485
1965-11-01,1965-12-01,ME2 BM1,3.762
1965-11-01,1965-12-01,ME2 BM2,3.7745
1965-11-01,1965-12-01,ME2 BM3,3.2259
1965-11-01,1965-12-01,ME2 BM4,3.3894
1965-11-01,1965-12-01,ME2 BM5,7.352
1965-11-01,1965-12-01,ME3 BM1,2.6402
1965-11-01,1965-12-01,ME3 BM2,0.9087
1965-11-01,1965-12-01,ME3 BM3,3.9506
1965-11-01,1965-12-01,ME3 BM4,1.9292
1965-11-01,1965-12-01,ME3 BM5,5.3729
1965-11-01,1965-12-01,ME4 BM1,1.2725
1965-11-01,1965-12-01,ME4 BM2,1.2499
1965-11-01,1965-12-01,ME4 BM3,1.5534
1965-11-01,1965-12-01,ME4 BM4,4.3269
1965-11-01,1965-12-01,ME4 BM5,5.3091
1965-11-01,1965-12-01,BIG LoBM,1.0117
1965-11-01,1965-12-01,ME5 BM2,-0.2235
1965-11-01,1965-12-01,ME5 BM3,1.3304
1965-11-01,1965-12-01,ME5 BM4,2.7994
1965-11-01,1965-12-01,BIG HiBM,2.7168
1965-12-01,1966-01-01,SMALL LoBM,5.5888
1965-12-01,1966-01-01,ME1 BM2,6.5774
1965-12-01,1966-01-01,ME1 BM3,8.1231
1965-12-01,1966-01-01,ME1 BM4,9.8046
1965-12-01,1966-01-01,SMALL HiBM,9.6396
1965-12-01,1966-01-01,ME2 BM1,6.4439
1965-12-01,1966-01-01,ME2 BM2,6.4342
1965-12-01,1966-01-01,ME2 BM3,4.723
1965-12-01,1966-01-01,ME2 BM4,5.1276
1965-12-01,1966-01-01,ME2 BM5,5.7735
1965-12-01,1966-01-01,ME3 BM1,4.4461
1965-12-01,1966-01-01,ME3 BM2,2.402
1965-12-01,1966-01-01,ME3 BM3,2.899
1965-12-01,1966-01-01,ME3 BM4,4.7855
1965-12-01,1966-01-01,ME3 BM5,4.9564
1965-12-01,1966-01-01,ME4 BM1,0.9005
1965-12-01,1966-01-01,ME4 BM2,1.8775
1965-12-01,1966-01-01,ME4 BM3,5.2213
1965-12-01,1966-01-01,ME4 BM4,4.2516
1965-12-01,1966-01-01,ME4 BM5,6.1452
1965-12-01,1966-01-01,BIG LoBM,-0.3731
1965-12-01,1966-01-01,ME5 BM2,-0.571
1965-12-01,1966-01-01,ME5 BM3,1.6999
1965-12-01,1966-01-01,ME5 BM4,3.0533
1965-12-01,1966-01-01,BIG HiBM,3.1425
1966-01-01,1966-02-01,SMALL LoBM,6.9168
1966-01-01,1966-02-01,ME1 BM2,5.8021
1966-01-01,1966-02-01,ME1 BM3,1.8119
1966-01-01,1966-02-01,ME1 BM4,4.6709
1966-01-01,1966-02-01,SMALL HiBM,6.3804
1966-01-01,1966-02-01,ME2 BM1,5.4916
1966-01-01,1966-02-01,ME2 BM2,4.6383
1966-01-01,1966-02-01,ME2 BM3,1.6488
1966-01-01,1966-02-01,ME2 BM4,0.0124
1966-01-01,1966-02-01,ME2 BM5,3.1869
1966-01-01,1966-02-01,ME3 BM1,-0.3911
1966-01-01,1966-02-01,ME3 BM2,1.468
1966-01-01,1966-02-01,ME3 BM3,4.6324
1966-01-01,1966-02-01,ME3 BM4,1.8809
1966-01-01,1966-02-01,ME3 BM5,4.6062
1966-01-01,1966-02-01,ME4 BM1,1.2811
1966-01-01,1966-02-01,ME4 BM2,-0.7462
1966-01-01,1966-02-01,ME4 BM3,0.4432
1966-01-01,1966-02-01,ME4 BM4,0.6104
1966-01-01,1966-02-01,ME4 BM5,2.5331
1966-01-01,1966-02-01,BIG LoBM,-1.3336
1966-01-01,1966-02-01,ME5 BM2,-2.3107
1966-01-01,1966-02-01,ME5 BM3,-1.7111
1966-01-01,1966-02-01,ME5 BM4,-1.9866
1966-01-01,1966-02-01,BIG HiBM,-1.7276
1966-02-01,1966-03-01,SMALL LoBM,1.8008
1966-02-01,1966-03-01,ME1 BM2,-1.5119
1966-02-01,1966-03-01,ME1 BM3,-2.5017
1966-02-01,1966-03-01,ME1 BM4,-0.7032
1966-02-01,1966-03-01,SMALL HiBM,-1.4687
1966-02-01,1966-03-01,ME2 BM1,0.1861
1966-02-01,1966-03-01,ME2 BM2,-2.0139
1966-02-01,1966-03-01,ME2 BM3,-2.1464
1966-02-01,1966-03-01,ME2 BM4,-3.7719
1966-02-01,1966-03-01,ME2 BM5,-2.0337
1966-02-01,1966-03-01,ME3 BM1,-1.6297
1966-02-01,1966-03-01,ME3 BM2,-4.7628
1966-02-01,1966-03-01,ME3 BM3,-2.4127
1966-02-01,1966-03-01,ME3 BM4,-3.4279
1966-02-01,1966-03-01,ME3 BM5,-3.7947
1966-02-01,1966-03-01,ME4 BM1,0.2576
1966-02-01,1966-03-01,ME4 BM2,-1.4313
1966-02-01,1966-03-01,ME4 BM3,-3.5289
1966-02-01,1966-03-01,ME4 BM4,-2.392
1966-02-01,1966-03-01,ME4 BM5,-3.3844
1966-02-01,1966-03-01,BIG LoBM,-1.4716
1966-02-01,1966-03-01,ME5 BM2,-3.4561
1966-02-01,1966-03-01,ME5 BM3,-1.0578
1966-02-01,1966-03-01,ME5 BM4,-2.1435
1966-02-01,1966-03-01,BIG HiBM,-5.0627
1966-03-01,1966-04-01,SMALL LoBM,10.9554
1966-03-01,1966-04-01,ME1 BM2,4.592
1966-03-01,1966-04-01,ME1 BM3,5.4276
1966-03-01,1966-04-01,ME1 BM4,6.6304
1966-03-01,1966-04-01,SMALL HiBM,4.5804
1966-03-01,1966-04-01,ME2 BM1,2.3984
1966-03-01,1966-04-01,ME2 BM2,4.7767
1966-03-01,1966-04-01,ME2 BM3,4.0094
1966-03-01,1966-04-01,ME2 BM4,7.4753
1966-03-01,1966-04-01,ME2 BM5,8.793
1966-03-01,1966-04-01,ME3 BM1,3.6962
1966-03-01,1966-04-01,ME3 BM2,3.7713
1966-03-01,1966-04-01,ME3 BM3,3.524
1966-03-01,1966-04-01,ME3 BM4,4.4857
1966-03-01,1966-04-01,ME3 BM5,2.579
1966-03-01,1966-04-01,ME4 BM1,3.9267
1966-03-01,1966-04-01,ME4 BM2,2.7198
1966-03-01,1966-04-01,ME4 BM3,3.5747
1966-03-01,1966-04-01,ME4 BM4,4.8264
1966-03-01,1966-04-01,ME4 BM5,0.7506
1966-03-01,1966-04-01,BIG LoBM,2.1104
1966-03-01,1966-04-01,ME5 BM2,1.9995
1966-03-01,1966-04-01,ME5 BM3,1.1745
1966-03-01,1966-04-01,ME5 BM4,2.4066
1966-03-01,1966-04-01,BIG HiBM,1.7925
1966-04-01,1966-05-01,SMALL LoBM,-12.2067
1966-04-01,1966-05-01,ME1 BM2,-13.2138
1966-04-01,1966-05-01,ME1 BM3,-10.3359
1966-04-01,1966-05-01,ME1 BM4,-10.7227
1966-04-01,1966-05-01,SMALL HiBM,-11.9299
1966-04-01,1966-05-01,ME2 BM1,-9.9576
1966-04-01,1966-05-01,ME2 BM2,-9.8088
1966-04-01,1966-05-01,ME2 BM3,-8.6524
1966-04-01,1966-05-01,ME2 BM4,-10.1298
1966-04-01,1966-05-01,ME2 BM5,-8.7554
1966-04-01,1966-05-01,ME3 BM1,-5.9453
1966-04-01,1966-05-01,ME3 BM2,-6.702
1966-04-01,1966-05-01,ME3 BM3,-8.2073
1966-04-01,1966-05-01,ME3 BM4,-10.1367
1966-04-01,1966-05-01,ME3 BM5,-9.8208
1966-04-01,1966-05-01,ME4 BM1,-5.0461
1966-04-01,1966-05-01,ME4 BM2,-5.1202
1966-04-01,1966-05-01,ME4 BM3,-7.0224
1966-04-01,1966-05-01,ME4 BM4,-8.8191
1966-04-01,1966-05-01,ME4 BM5,-10.2388
1966-04-01,1966-05-01,BIG LoBM,-4.1961
1966-04-01,1966-05-01,ME5 BM2,-3.9492
1966-04-01,1966-05-01,ME5 BM3,-4.8671
1966-04-01,1966-05-01,ME5 BM4,-5.5203
1966-04-01,1966-05-01,BIG HiBM,-5.4763
1966-05-01,1966-06-01,SMALL LoBM,-0.7871
1966-05-01,1966-06-01,ME1 BM2,-0.0993
1966-05-01,1966-06-01,ME1 BM3,1.304
1966-05-01,1966-06-01,ME1 BM4,1.4033
1966-05-01,1966-06-01,SMALL HiBM,0.3527
1966-05-01,1966-06-01,ME2 BM1,1.6748
1966-05-01,1966-06-01,ME2 BM2,0.0857
1966-05-01,1966-06-01,ME2 BM3,-0.0701
1966-05-01,1966-06-01,ME2 BM4,-0.6895
1966-05-01,1966-06-01,ME2 BM5,0.2511
1966-05-01,1966-06-01,ME3 BM1,0.2261
1966-05-01,1966-06-01,ME3 BM2,-0.1732
1966-05-01,1966-06-01,ME3 BM3,2.5697
1966-05-01,1966-06-01,ME3 BM4,-0.5368
1966-05-01,1966-06-01,ME3 BM5,-0.4405
1966-05-01,1966-06-01,ME4 BM1,-0.7918
1966-05-01,1966-06-01,ME4 BM2,-0.3272
1966-05-01,1966-06-01,ME4 BM3,-0.1245
1966-05-01,1966-06-01,ME4 BM4,3.3373
1966-05-01,1966-06-01,ME4 BM5,1.0483
1966-05-01,1966-06-01,BIG LoBM,-2.0006
1966-05-01,1966-06-01,ME5 BM2,-1.4866
1966-05-01,1966-06-01,ME5 BM3,-0.6161
1966-05-01,1966-06-01,ME5 BM4,0.8536
1966-05-01,1966-06-01,BIG HiBM,-1.1969
1966-06-01,1966-07-01,SMALL LoBM,-2.1032
1966-06-01,1966-07-01,ME1 BM2,-1.7997
1966-06-01,1966-07-01,ME1 BM3,-2.3088
1966-06-01,1966-07-01,ME1 BM4,-0.0202
1966-06-01,1966-07-01,SMALL HiBM,-0.9453
1966-06-01,1966-07-01,ME2 BM1,-3.1673
1966-06-01,1966-07-01,ME2 BM2,-1.846
1966-06-01,1966-07-01,ME2 BM3,-0.928
1966-06-01,1966-07-01,ME2 BM4,-1.7068
1966-06-01,1966-07-01,ME2 BM5,-1.4297
1966-06-01,1966-07-01,ME3 BM1,-0.9747
1966-06-01,1966-07-01,ME3 BM2,-2.0339
1966-06-01,1966-07-01,ME3 BM3,-0.8141
1966-06-01,1966-07-01,ME3 BM4,-0.6898
1966-06-01,1966-07-01,ME3 BM5,-1.3433
1966-06-01,1966-07-01,ME4 BM1,-0.661
1966-06-01,1966-07-01,ME4 BM2,-1.6477
1966-06-01,1966-07-01,ME4 BM3,-2.0213
1966-06-01,1966-07-01,ME4 BM4,-2.6307
1966-06-01,1966-07-01,ME4 BM5,-2.2452
1966-06-01,1966-07-01,BIG LoBM,-1.702
1966-06-01,1966-07-01,ME5 BM2,-1.4411
1966-06-01,1966-07-01,ME5 BM3,-0.7537
1966-06-01,1966-07-01,ME5 BM4,0.911
1966-06-01,1966-07-01,BIG HiBM,-1.3269
1966-07-01,1966-08-01,SMALL LoBM,-12.2104
1966-07-01,1966-08-01,ME1 BM2,-10.397
1966-07-01,1966-08-01,ME1 BM3,-9.6701
1966-07-01,1966-08-01,ME1 BM4,-10.849
1966-07-01,1966-08-01,SMALL HiBM,-10.4568
1966-07-01,1966-08-01,ME2 BM1,-12.7777
1966-07-01,1966-08-01,ME2 BM2,-10.5328
1966-07-01,1966-08-01,ME2 BM3,-9.7589
1966-07-01,1966-08-01,ME2 BM4,-9.6476
1966-07-01,1966-08-01,ME2 BM5,-10.9356
1966-07-01,1966-08-01,ME3 BM1,-10.7381
1966-07-01,1966-08-01,ME3 BM2,-8.4801
1966-07-01,1966-08-01,ME3 BM3,-7.9961
1966-07-01,1966-08-01,ME3 BM4,-10.1106
1966-07-01,1966-08-01,ME3 BM5,-8.6739
1966-07-01,1966-08-01,ME4 BM1,-9.8003
1966-07-01,1966-08-01,ME4 BM2,-7.5371
1966-07-01,1966-08-01,ME4 BM3,-8.1146
1966-07-01,1966-08-01,ME4 BM4,-7.3003
1966-07-01,1966-08-01,ME4 BM5,-9.2326
1966-07-01,1966-08-01,BIG LoBM,-7.2449
1966-07-01,1966-08-01,ME5 BM2,-8.7255
1966-07-01,1966-08-01,ME5 BM3,-5.6384
1966-07-01,1966-08-01,ME5 BM4,-6.223
1966-07-01,1966-08-01,BIG HiBM,-7.9877
1966-08-01,1966-09-01,SMALL LoBM,-1.9817
1966-08-01,1966-09-01,ME1 BM2,-2.062
1966-08-01,1966-09-01,ME1 BM3,-1.8683
1966-08-01,1966-09-01,ME1 BM4,-1.7764
1966-08-01,1966-09-01,SMALL HiBM,-1.1657
1966-08-01,1966-09-01,ME2 BM1,-1.8287
1966-08-01,1966-09-01,ME2 BM2,1.203
1966-08-01,1966-09-01,ME2 BM3,-1.7186
1966-08-01,1966-09-01,ME2 BM4,-1.588
1966-08-01,1966-09-01,ME2 BM5,-2.1096
1966-08-01,1966-09-01,ME3 BM1,-2.2966
1966-08-01,1966-09-01,ME3 BM2,-4.4915
1966-08-01,1966-09-01,ME3 BM3,0.2583
1966-08-01,1966-09-01,ME3 BM4,-0.3268
1966-08-01,1966-09-01,ME3 BM5,-1.2485
1966-08-01,1966-09-01,ME4 BM1,-1.1204
1966-08-01,1966-09-01,ME4 BM2,0.0382
1966-08-01,1966-09-01,ME4 BM3,-0.7889
1966-08-01,1966-09-01,ME4 BM4,-3.2196
1966-08-01,1966-09-01,ME4 BM5,-0.6264
1966-08-01,1966-09-01,BIG LoBM,-1.2528
1966-08-01,1966-09-01,ME5 BM2,0.8891
1966-08-01,1966-09-01,ME5 BM3,0.4628
1966-08-01,1966-09-01,ME5 BM4,0.2686
1966-08-01,1966-09-01,BIG HiBM,-1.6183
1966-09-01,1966-10-01,SMALL LoBM,-7.8591
1966-09-01,1966-10-01,ME1 BM2,-4.8369
1966-09-01,1966-10-01,ME1 BM3,-4.2385
1966-09-01,1966-10-01,ME1 BM4,-1.4753
1966-09-01,1966-10-01,SMALL HiBM,-1.4922
1966-09-01,1966-10-01,ME2 BM1,-5.3646
1966-09-01,1966-10-01,ME2 BM2,-0.6718
1966-09-01,1966-10-01,ME2 BM3,-0.7818
1966-09-01,1966-10-01,ME2 BM4,0.0677
1966-09-01,1966-10-01,ME2 BM5,-0.2629
1966-09-01,1966-10-01,ME3 BM1,-1.6118
1966-09-01,1966-10-01,ME3 BM2,1.106
1966-09-01,1966-10-01,ME3 BM3,3.5969
1966-09-01,1966-10-01,ME3 BM4,4.9868
1966-09-01,1966-10-01,ME3 BM5,1.7226
1966-09-01,1966-10-01,ME4 BM1,0.5499
1966-09-01,1966-10-01,ME4 BM2,4.782
1966-09-01,1966-10-01,ME4 BM3,4.1657
1966-09-01,1966-10-01,ME4 BM4,2.9452
1966-09-01,1966-10-01,ME4 BM5,1.748
1966-09-01,1966-10-01,BIG LoBM,3.1154
1966-09-01,1966-10-01,ME5 BM2,5.1755
1966-09-01,1966-10-01,ME5 BM3,9.1682
1966-09-01,1966-10-01,ME5 BM4,6.2771
1966-09-01,1966-10-01,BIG HiBM,6.5122
1966-10-01,1966-11-01,SMALL LoBM,8.1459
1966-10-01,1966-11-01,ME1 BM2,4.1886
1966-10-01,1966-11-01,ME1 BM3,4.5572
1966-10-01,1966-11-01,ME1 BM4,2.5215
1966-10-01,1966-11-01,SMALL HiBM,3.5416
1966-10-01,1966-11-01,ME2 BM1,7.5078
1966-10-01,1966-11-01,ME2 BM2,2.9799
1966-10-01,1966-11-01,ME2 BM3,7.2768
1966-10-01,1966-11-01,ME2 BM4,1.6878
1966-10-01,1966-11-01,ME2 BM5,2.5243
1966-10-01,1966-11-01,ME3 BM1,9.2015
1966-10-01,1966-11-01,ME3 BM2,6.0432
1966-10-01,1966-11-01,ME3 BM3,1.6711
1966-10-01,1966-11-01,ME3 BM4,4.4247
1966-10-01,1966-11-01,ME3 BM5,-0.037
1966-10-01,1966-11-01,ME4 BM1,8.5828
1966-10-01,1966-11-01,ME4 BM2,1.6945
1966-10-01,1966-11-01,ME4 BM3,0.7783
1966-10-01,1966-11-01,ME4 BM4,3.0085
1966-10-01,1966-11-01,ME4 BM5,0.7817
1966-10-01,1966-11-01,BIG LoBM,3.5384
1966-10-01,1966-11-01,ME5 BM2,2.1824
1966-10-01,1966-11-01,ME5 BM3,-2.4325
1966-10-01,1966-11-01,ME5 BM4,-1.4548
1966-10-01,1966-11-01,BIG HiBM,-1.0891
1966-11-01,1966-12-01,SMALL LoBM,3.8379
1966-11-01,1966-12-01,ME1 BM2,2.7889
1966-11-01,1966-12-01,ME1 BM3,2.1336
1966-11-01,1966-12-01,ME1 BM4,1.3139
1966-11-01,1966-12-01,SMALL HiBM,0.2148
1966-11-01,1966-12-01,ME2 BM1,4.751
1966-11-01,1966-12-01,ME2 BM2,3.1411
1966-11-01,1966-12-01,ME2 BM3,1.4104
1966-11-01,1966-12-01,ME2 BM4,2.0928
1966-11-01,1966-12-01,ME2 BM5,0.7712
1966-11-01,1966-12-01,ME3 BM1,2.7632
1966-11-01,1966-12-01,ME3 BM2,3.1471
1966-11-01,1966-12-01,ME3 BM3,0.9474
1966-11-01,1966-12-01,ME3 BM4,3.12
1966-11-01,1966-12-01,ME3 BM5,0.2618
1966-11-01,1966-12-01,ME4 BM1,3.1387
1966-11-01,1966-12-01,ME4 BM2,2.4944
1966-11-01,1966-12-01,ME4 BM3,1.187
1966-11-01,1966-12-01,ME4 BM4,3.6508
1966-11-01,1966-12-01,ME4 BM5,1.8842
1966-11-01,1966-12-01,BIG LoBM,-0.8373
1966-11-01,1966-12-01,ME5 BM2,-0.0127
1966-11-01,1966-12-01,ME5 BM3,1.4666
1966-11-01,1966-12-01,ME5 BM4,-0.1389
1966-11-01,1966-12-01,BIG HiBM,-0.1215
1966-12-01,1967-01-01,SMALL LoBM,20.8249
1966-12-01,1967-01-01,ME1 BM2,19.2939
1966-12-01,1967-01-01,ME1 BM3,18.5972
1966-12-01,1967-01-01,ME1 BM4,21.4892
1966-12-01,1967-01-01,SMALL HiBM,17.3462
1966-12-01,1967-01-01,ME2 BM1,16.9774
1966-12-01,1967-01-01,ME2 BM2,16.4842
1966-12-01,1967-01-01,ME2 BM3,17.138
1966-12-01,1967-01-01,ME2 BM4,17.6439
1966-12-01,1967-01-01,ME2 BM5,20.055
1966-12-01,1967-01-01,ME3 BM1,16.8191
1966-12-01,1967-01-01,ME3 BM2,14.2409
1966-12-01,1967-01-01,ME3 BM3,12.1173
1966-12-01,1967-01-01,ME3 BM4,13.2388
1966-12-01,1967-01-01,ME3 BM5,14.3651
1966-12-01,1967-01-01,ME4 BM1,9.9035
1966-12-01,1967-01-01,ME4 BM2,6.6748
1966-12-01,1967-01-01,ME4 BM3,9.8469
1966-12-01,1967-01-01,ME4 BM4,12.2909
1966-12-01,1967-01-01,ME4 BM5,13.7015
1966-12-01,1967-01-01,BIG LoBM,7.6997
1966-12-01,1967-01-01,ME5 BM2,7.1831
1966-12-01,1967-01-01,ME5 BM3,4.9614
1966-12-01,1967-01-01,ME5 BM4,7.8576
1966-12-01,1967-01-01,BIG HiBM,13.7838
1967-01-01,1967-02-01,SMALL LoBM,6.8539
1967-01-01,1967-02-01,ME1 BM2,5.8677
1967-01-01,1967-02-01,ME1 BM3,5.5448
1967-01-01,1967-02-01,ME1 BM4,3.9323
1967-01-01,1967-02-01,SMALL HiBM,5.8736
1967-01-01,1967-02-01,ME2 BM1,3.2421
1967-01-01,1967-02-01,ME2 BM2,3.0709
1967-01-01,1967-02-01,ME2 BM3,1.0597
1967-01-01,1967-02-01,ME2 BM4,3.4256
1967-01-01,1967-02-01,ME2 BM5,1.6576
1967-01-01,1967-02-01,ME3 BM1,2.1038
1967-01-01,1967-02-01,ME3 BM2,2.3084
1967-01-01,1967-02-01,ME3 BM3,1.698
1967-01-01,1967-02-01,ME3 BM4,0.7522
1967-01-01,1967-02-01,ME3 BM5,0.7706
1967-01-01,1967-02-01,ME4 BM1,2.8367
1967-01-01,1967-02-01,ME4 BM2,-0.3785
1967-01-01,1967-02-01,ME4 BM3,-0.4312
1967-01-01,1967-02-01,ME4 BM4,1.6176
1967-01-01,1967-02-01,ME4 BM5,0.1531
1967-01-01,1967-02-01,BIG LoBM,2.2356
1967-01-01,1967-02-01,ME5 BM2,0.8056
1967-01-01,1967-02-01,ME5 BM3,-0.7755
1967-01-01,1967-02-01,ME5 BM4,-0.8887
1967-01-01,1967-02-01,BIG HiBM,-1.3391
1967-02-01,1967-03-01,SMALL LoBM,7.265
1967-02-01,1967-03-01,ME1 BM2,6.1798
1967-02-01,1967-03-01,ME1 BM3,5.0639
1967-02-01,1967-03-01,ME1 BM4,7.6196
1967-02-01,1967-03-01,SMALL HiBM,5.1614
1967-02-01,1967-03-01,ME2 BM1,6.8694
1967-02-01,1967-03-01,ME2 BM2,6.1938
1967-02-01,1967-03-01,ME2 BM3,7.2286
1967-02-01,1967-03-01,ME2 BM4,6.6284
1967-02-01,1967-03-01,ME2 BM5,6.0732
1967-02-01,1967-03-01,ME3 BM1,5.3751
1967-02-01,1967-03-01,ME3 BM2,5.3474
1967-02-01,1967-03-01,ME3 BM3,4.6426
1967-02-01,1967-03-01,ME3 BM4,7.9994
1967-02-01,1967-03-01,ME3 BM5,4.214
1967-02-01,1967-03-01,ME4 BM1,6.1017
1967-02-01,1967-03-01,ME4 BM2,3.9292
1967-02-01,1967-03-01,ME4 BM3,5.1387
1967-02-01,1967-03-01,ME4 BM4,5.0811
1967-02-01,1967-03-01,ME4 BM5,6.4952
1967-02-01,1967-03-01,BIG LoBM,4.2397
1967-02-01,1967-03-01,ME5 BM2,3.1187
1967-02-01,1967-03-01,ME5 BM3,3.2691
1967-02-01,1967-03-01,ME5 BM4,4.6736
1967-02-01,1967-03-01,BIG HiBM,5.3115
1967-03-01,1967-04-01,SMALL LoBM,6.4365
1967-03-01,1967-04-01,ME1 BM2,3.6857
1967-03-01,1967-04-01,ME1 BM3,3.3576
1967-03-01,1967-04-01,ME1 BM4,4.4355
1967-03-01,1967-04-01,SMALL HiBM,3.7043
1967-03-01,1967-04-01,ME2 BM1,3.1704
1967-03-01,1967-04-01,ME2 BM2,3.8446
1967-03-01,1967-04-01,ME2 BM3,5.5054
1967-03-01,1967-04-01,ME2 BM4,3.5668
1967-03-01,1967-04-01,ME2 BM5,3.5234
1967-03-01,1967-04-01,ME3 BM1,5.6639
1967-03-01,1967-04-01,ME3 BM2,3.5233
1967-03-01,1967-04-01,ME3 BM3,2.8114
1967-03-01,1967-04-01,ME3 BM4,5.5692
1967-03-01,1967-04-01,ME3 BM5,3.0238
1967-03-01,1967-04-01,ME4 BM1,6.7887
1967-03-01,1967-04-01,ME4 BM2,2.8576
1967-03-01,1967-04-01,ME4 BM3,4.0142
1967-03-01,1967-04-01,ME4 BM4,3.9254
1967-03-01,1967-04-01,ME4 BM5,2.871
1967-03-01,1967-04-01,BIG LoBM,6.8024
1967-03-01,1967-04-01,ME5 BM2,2.9931
1967-03-01,1967-04-01,ME5 BM3,0.1892
1967-03-01,1967-04-01,ME5 BM4,3.5482
1967-03-01,1967-04-01,BIG HiBM,1.7641
1967-04-01,1967-05-01,SMALL LoBM,-0.1496
1967-04-01,1967-05-01,ME1 BM2,0.7664
1967-04-01,1967-05-01,ME1 BM3,-0.4996
1967-04-01,1967-05-01,ME1 BM4,-0.8513
1967-04-01,1967-05-01,SMALL HiBM,-0.8518
1967-04-01,1967-05-01,ME2 BM1,-1.2105
1967-04-01,1967-05-01,ME2 BM2,0.5428
1967-04-01,1967-05-01,ME2 BM3,-0.7792
1967-04-01,1967-05-01,ME2 BM4,-2.3289
1967-04-01,1967-05-01,ME2 BM5,-3.5352
1967-04-01,1967-05-01,ME3 BM1,-2.9685
1967-04-01,1967-05-01,ME3 BM2,-1.0964
1967-04-01,1967-05-01,ME3 BM3,-1.5066
1967-04-01,1967-05-01,ME3 BM4,-0.901
1967-04-01,1967-05-01,ME3 BM5,-1.9712
1967-04-01,1967-05-01,ME4 BM1,-2.1856
1967-04-01,1967-05-01,ME4 BM2,-0.4056
1967-04-01,1967-05-01,ME4 BM3,-2.7892
1967-04-01,1967-05-01,ME4 BM4,-0.1972
1967-04-01,1967-05-01,ME4 BM5,-0.771
1967-04-01,1967-05-01,BIG LoBM,-5.631
1967-04-01,1967-05-01,ME5 BM2,-4.297
1967-04-01,1967-05-01,ME5 BM3,-4.1858
1967-04-01,1967-05-01,ME5 BM4,-3.7382
1967-04-01,1967-05-01,BIG HiBM,-3.6835
1967-05-01,1967-06-01,SMALL LoBM,15.5457
1967-05-01,1967-06-01,ME1 BM2,10.9118
1967-05-01,1967-06-01,ME1 BM3,13.3081
1967-05-01,1967-06-01,ME1 BM4,12.4209
1967-05-01,1967-06-01,SMALL HiBM,9.216
1967-05-01,1967-06-01,ME2 BM1,10.2446
1967-05-01,1967-06-01,ME2 BM2,6.8396
1967-05-01,1967-06-01,ME2 BM3,6.5128
1967-05-01,1967-06-01,ME2 BM4,8.2948
1967-05-01,1967-06-01,ME2 BM5,6.5575
1967-05-01,1967-06-01,ME3 BM1,5.3621
1967-05-01,1967-06-01,ME3 BM2,8.2709
1967-05-01,1967-06-01,ME3 BM3,4.1989
1967-05-01,1967-06-01,ME3 BM4,5.3784
1967-05-01,1967-06-01,ME3 BM5,3.4945
1967-05-01,1967-06-01,ME4 BM1,3.2188
1967-05-01,1967-06-01,ME4 BM2,2.2592
1967-05-01,1967-06-01,ME4 BM3,2.7572
1967-05-01,1967-06-01,ME4 BM4,7.4533
1967-05-01,1967-06-01,ME4 BM5,6.065
1967-05-01,1967-06-01,BIG LoBM,1.3881
1967-05-01,1967-06-01,ME5 BM2,0.475
1967-05-01,1967-06-01,ME5 BM3,1.721
1967-05-01,1967-06-01,ME5 BM4,2.9025
1967-05-01,1967-06-01,BIG HiBM,3.0948
1967-06-01,1967-07-01,SMALL LoBM,9.3809
1967-06-01,1967-07-01,ME1 BM2,9.3717
1967-06-01,1967-07-01,ME1 BM3,10.3914
1967-06-01,1967-07-01,ME1 BM4,7.6924
1967-06-01,1967-07-01,SMALL HiBM,12.1451
1967-06-01,1967-07-01,ME2 BM1,7.1839
1967-06-01,1967-07-01,ME2 BM2,6.2895
1967-06-01,1967-07-01,ME2 BM3,9.2176
1967-06-01,1967-07-01,ME2 BM4,9.4178
1967-06-01,1967-07-01,ME2 BM5,8.2517
1967-06-01,1967-07-01,ME3 BM1,5.4488
1967-06-01,1967-07-01,ME3 BM2,4.7687
1967-06-01,1967-07-01,ME3 BM3,6.0697
1967-06-01,1967-07-01,ME3 BM4,7.4703
1967-06-01,1967-07-01,ME3 BM5,11.7093
1967-06-01,1967-07-01,ME4 BM1,4.8367
1967-06-01,1967-07-01,ME4 BM2,4.5374
1967-06-01,1967-07-01,ME4 BM3,5.2667
1967-06-01,1967-07-01,ME4 BM4,6.5877
1967-06-01,1967-07-01,ME4 BM5,8.7652
1967-06-01,1967-07-01,BIG LoBM,4.4319
1967-06-01,1967-07-01,ME5 BM2,5.7583
1967-06-01,1967-07-01,ME5 BM3,2.0438
1967-06-01,1967-07-01,ME5 BM4,5.8684
1967-06-01,1967-07-01,BIG HiBM,6.4509
1967-07-01,1967-08-01,SMALL LoBM,-0.9105
1967-07-01,1967-08-01,ME1 BM2,0.6062
1967-07-01,1967-08-01,ME1 BM3,0.6069
1967-07-01,1967-08-01,ME1 BM4,0.1403
1967-07-01,1967-08-01,SMALL HiBM,2.0579
1967-07-01,1967-08-01,ME2 BM1,-0.9828
1967-07-01,1967-08-01,ME2 BM2,-1.2146
1967-07-01,1967-08-01,ME2 BM3,0.6273
1967-07-01,1967-08-01,ME2 BM4,0.4075
1967-07-01,1967-08-01,ME2 BM5,1.0333
1967-07-01,1967-08-01,ME3 BM1,-2.8563
1967-07-01,1967-08-01,ME3 BM2,0.9501
1967-07-01,1967-08-01,ME3 BM3,1.3767
1967-07-01,1967-08-01,ME3 BM4,1.2803
1967-07-01,1967-08-01,ME3 BM5,-0.634
1967-07-01,1967-08-01,ME4 BM1,-0.8283
1967-07-01,1967-08-01,ME4 BM2,-0.9224
1967-07-01,1967-08-01,ME4 BM3,-1.3018
1967-07-01,1967-08-01,ME4 BM4,1.7841
1967-07-01,1967-08-01,ME4 BM5,3.7925
1967-07-01,1967-08-01,BIG LoBM,-0.583
1967-07-01,1967-08-01,ME5 BM2,-1.1237
1967-07-01,1967-08-01,ME5 BM3,-1.3598
1967-07-01,1967-08-01,ME5 BM4,0.4516
1967-07-01,1967-08-01,BIG HiBM,1.3365
1967-08-01,1967-09-01,SMALL LoBM,11.3373
1967-08-01,1967-09-01,ME1 BM2,9.817
1967-08-01,1967-09-01,ME1 BM3,8.4227
1967-08-01,1967-09-01,ME1 BM4,7.5572
1967-08-01,1967-09-01,SMALL HiBM,4.8273
1967-08-01,1967-09-01,ME2 BM1,4.9973
1967-08-01,1967-09-01,ME2 BM2,5.8018
1967-08-01,1967-09-01,ME2 BM3,7.5341
1967-08-01,1967-09-01,ME2 BM4,5.485
1967-08-01,1967-09-01,ME2 BM5,2.983
1967-08-01,1967-09-01,ME3 BM1,5.6493
1967-08-01,1967-09-01,ME3 BM2,2.0686
1967-08-01,1967-09-01,ME3 BM3,2.7547
1967-08-01,1967-09-01,ME3 BM4,4.5244
1967-08-01,1967-09-01,ME3 BM5,2.7422
1967-08-01,1967-09-01,ME4 BM1,3.7252
1967-08-01,1967-09-01,ME4 BM2,1.4565
1967-08-01,1967-09-01,ME4 BM3,2.6984
1967-08-01,1967-09-01,ME4 BM4,4.0773
1967-08-01,1967-09-01,ME4 BM5,0.4004
1967-08-01,1967-09-01,BIG LoBM,3.818
1967-08-01,1967-09-01,ME5 BM2,3.1332
1967-08-01,1967-09-01,ME5 BM3,3.2881
1967-08-01,1967-09-01,ME5 BM4,1.6304
1967-08-01,1967-09-01,BIG HiBM,0.2425
1967-09-01,1967-10-01,SMALL LoBM,1.7815
1967-09-01,1967-10-01,ME1 BM2,-4.1816
1967-09-01,1967-10-01,ME1 BM3,-1.4727
1967-09-01,1967-10-01,ME1 BM4,-1.4359
1967-09-01,1967-10-01,SMALL HiBM,-2.5534
1967-09-01,1967-10-01,ME2 BM1,-1.5183
1967-09-01,1967-10-01,ME2 BM2,-1.9304
1967-09-01,1967-10-01,ME2 BM3,0.7154
1967-09-01,1967-10-01,ME2 BM4,-3.0215
1967-09-01,1967-10-01,ME2 BM5,-4.7523
1967-09-01,1967-10-01,ME3 BM1,-3.3172
1967-09-01,1967-10-01,ME3 BM2,-1.2368
1967-09-01,1967-10-01,ME3 BM3,-3.1167
1967-09-01,1967-10-01,ME3 BM4,-3.0659
1967-09-01,1967-10-01,ME3 BM5,-2.6936
1967-09-01,1967-10-01,ME4 BM1,-4.2879
1967-09-01,1967-10-01,ME4 BM2,-5.7861
1967-09-01,1967-10-01,ME4 BM3,-5.7036
1967-09-01,1967-10-01,ME4 BM4,-2.567
1967-09-01,1967-10-01,ME4 BM5,-5.3032
1967-09-01,1967-10-01,BIG LoBM,-0.3476
1967-09-01,1967-10-01,ME5 BM2,-3.9726
1967-09-01,1967-10-01,ME5 BM3,-2.725
1967-09-01,1967-10-01,ME5 BM4,-5.9243
1967-09-01,1967-10-01,BIG HiBM,-6.515
1967-10-01,1967-11-01,SMALL LoBM,-0.8694
1967-10-01,1967-11-01,ME1 BM2,3.8603
1967-10-01,1967-11-01,ME1 BM3,-0.8175
1967-10-01,1967-11-01,ME1 BM4,-1.5788
1967-10-01,1967-11-01,SMALL HiBM,-1.1933
1967-10-01,1967-11-01,ME2 BM1,0.971
1967-10-01,1967-11-01,ME2 BM2,0.504
1967-10-01,1967-11-01,ME2 BM3,2.5794
1967-10-01,1967-11-01,ME2 BM4,-0.0194
1967-10-01,1967-11-01,ME2 BM5,0.3137
1967-10-01,1967-11-01,ME3 BM1,3.2374
1967-10-01,1967-11-01,ME3 BM2,-0.3063
1967-10-01,1967-11-01,ME3 BM3,0.7198
1967-10-01,1967-11-01,ME3 BM4,-0.3169
1967-10-01,1967-11-01,ME3 BM5,-0.8231
1967-10-01,1967-11-01,ME4 BM1,3.3359
1967-10-01,1967-11-01,ME4 BM2,0.5698
1967-10-01,1967-11-01,ME4 BM3,0.0569
1967-10-01,1967-11-01,ME4 BM4,0.5743
1967-10-01,1967-11-01,ME4 BM5,-0.6871
1967-10-01,1967-11-01,BIG LoBM,1.3039
1967-10-01,1967-11-01,ME5 BM2,0.4541
1967-10-01,1967-11-01,ME5 BM3,0.026
1967-10-01,1967-11-01,ME5 BM4,-0.5442
1967-10-01,1967-11-01,BIG HiBM,0.0532
1967-11-01,1967-12-01,SMALL LoBM,13.7257
1967-11-01,1967-12-01,ME1 BM2,10.5224
1967-11-01,1967-12-01,ME1 BM3,8.0018
1967-11-01,1967-12-01,ME1 BM4,9.3692
1967-11-01,1967-12-01,SMALL HiBM,10.1846
1967-11-01,1967-12-01,ME2 BM1,11.9378
1967-11-01,1967-12-01,ME2 BM2,6.5235
1967-11-01,1967-12-01,ME2 BM3,9.552
1967-11-01,1967-12-01,ME2 BM4,6.9777
1967-11-01,1967-12-01,ME2 BM5,9.4371
1967-11-01,1967-12-01,ME3 BM1,7.6562
1967-11-01,1967-12-01,ME3 BM2,5.6436
1967-11-01,1967-12-01,ME3 BM3,5.421
1967-11-01,1967-12-01,ME3 BM4,5.1849
1967-11-01,1967-12-01,ME3 BM5,6.6196
1967-11-01,1967-12-01,ME4 BM1,1.3955
1967-11-01,1967-12-01,ME4 BM2,2.7665
1967-11-01,1967-12-01,ME4 BM3,4.1619
1967-11-01,1967-12-01,ME4 BM4,4.6703
1967-11-01,1967-12-01,ME4 BM5,3.7199
1967-11-01,1967-12-01,BIG LoBM,1.956
1967-11-01,1967-12-01,ME5 BM2,3.1177
1967-11-01,1967-12-01,ME5 BM3,2.177
1967-11-01,1967-12-01,ME5 BM4,5.6073
1967-11-01,1967-12-01,BIG HiBM,2.7903
1967-12-01,1968-01-01,SMALL LoBM,2.6007
1967-12-01,1968-01-01,ME1 BM2,2.1568
1967-12-01,1968-01-01,ME1 BM3,3.2586
1967-12-01,1968-01-01,ME1 BM4,3.2325
1967-12-01,1968-01-01,SMALL HiBM,6.3782
1967-12-01,1968-01-01,ME2 BM1,-4.1794
1967-12-01,1968-01-01,ME2 BM2,-2.7015
1967-12-01,1968-01-01,ME2 BM3,0.067
1967-12-01,1968-01-01,ME2 BM4,1.2241
1967-12-01,1968-01-01,ME2 BM5,2.2682
1967-12-01,1968-01-01,ME3 BM1,-6.6526
1967-12-01,1968-01-01,ME3 BM2,-0.6312
1967-12-01,1968-01-01,ME3 BM3,-0.5653
1967-12-01,1968-01-01,ME3 BM4,-0.5234
1967-12-01,1968-01-01,ME3 BM5,3.1685
1967-12-01,1968-01-01,ME4 BM1,-7.9505
1967-12-01,1968-01-01,ME4 BM2,0.0825
1967-12-01,1968-01-01,ME4 BM3,-2.8779
1967-12-01,1968-01-01,ME4 BM4,0.0411
1967-12-01,1968-01-01,ME4 BM5,-0.4315
1967-12-01,1968-01-01,BIG LoBM,-6.3532
1967-12-01,1968-01-01,ME5 BM2,-5.7055
1967-12-01,1968-01-01,ME5 BM3,0.5894
1967-12-01,1968-01-01,ME5 BM4,-2.2886
1967-12-01,1968-01-01,BIG HiBM,-3.8571
1968-01-01,1968-02-01,SMALL LoBM,-10.1569
1968-01-01,1968-02-01,ME1 BM2,-6.9764
1968-01-01,1968-02-01,ME1 BM3,-5.6828
1968-01-01,1968-02-01,ME1 BM4,-6.8966
1968-01-01,1968-02-01,SMALL HiBM,-5.9947
1968-01-01,1968-02-01,ME2 BM1,-7.0792
1968-01-01,1968-02-01,ME2 BM2,-5.7252
1968-01-01,1968-02-01,ME2 BM3,-8.8661
1968-01-01,1968-02-01,ME2 BM4,-3.2871
1968-01-01,1968-02-01,ME2 BM5,-5.5055
1968-01-01,1968-02-01,ME3 BM1,-6.7742
1968-01-01,1968-02-01,ME3 BM2,-4.0591
1968-01-01,1968-02-01,ME3 BM3,-3.0055
1968-01-01,1968-02-01,ME3 BM4,-2.1197
1968-01-01,1968-02-01,ME3 BM5,-4.6982
1968-01-01,1968-02-01,ME4 BM1,-5.2313
1968-01-01,1968-02-01,ME4 BM2,-3.6701
1968-01-01,1968-02-01,ME4 BM3,-2.7788
1968-01-01,1968-02-01,ME4 BM4,-5.2582
1968-01-01,1968-02-01,ME4 BM5,-3.8337
1968-01-01,1968-02-01,BIG LoBM,-2.9985
1968-01-01,1968-02-01,ME5 BM2,-2.3535
1968-01-01,1968-02-01,ME5 BM3,-2.0088
1968-01-01,1968-02-01,ME5 BM4,-3.264
1968-01-01,1968-02-01,BIG HiBM,-1.8563
1968-02-01,1968-03-01,SMALL LoBM,-1.4134
1968-02-01,1968-03-01,ME1 BM2,-0.0092
1968-02-01,1968-03-01,ME1 BM3,-0.4172
1968-02-01,1968-03-01,ME1 BM4,-2.0248
1968-02-01,1968-03-01,SMALL HiBM,-0.1751
1968-02-01,1968-03-01,ME2 BM1,-0.8727
1968-02-01,1968-03-01,ME2 BM2,-1.5146
1968-02-01,1968-03-01,ME2 BM3,0.3368
1968-02-01,1968-03-01,ME2 BM4,-1.2749
1968-02-01,1968-03-01,ME2 BM5,-0.3787
1968-02-01,1968-03-01,ME3 BM1,1.9183
1968-02-01,1968-03-01,ME3 BM2,-0.9008
1968-02-01,1968-03-01,ME3 BM3,-1.9978
1968-02-01,1968-03-01,ME3 BM4,0.7392
1968-02-01,1968-03-01,ME3 BM5,-0.6145
1968-02-01,1968-03-01,ME4 BM1,0.5504
1968-02-01,1968-03-01,ME4 BM2,-0.2964
1968-02-01,1968-03-01,ME4 BM3,-1.5175
1968-02-01,1968-03-01,ME4 BM4,-0.2759
1968-02-01,1968-03-01,ME4 BM5,-0.2846
1968-02-01,1968-03-01,BIG LoBM,3.0749
1968-02-01,1968-03-01,ME5 BM2,-1.2893
1968-02-01,1968-03-01,ME5 BM3,-0.2775
1968-02-01,1968-03-01,ME5 BM4,-1.7889
1968-02-01,1968-03-01,BIG HiBM,2.0392
1968-03-01,1968-04-01,SMALL LoBM,21.1598
1968-03-01,1968-04-01,ME1 BM2,17.6666
1968-03-01,1968-04-01,ME1 BM3,16.8768
1968-03-01,1968-04-01,ME1 BM4,16.2134
1968-03-01,1968-04-01,SMALL HiBM,15.6856
1968-03-01,1968-04-01,ME2 BM1,18.7902
1968-03-01,1968-04-01,ME2 BM2,13.1618
1968-03-01,1968-04-01,ME2 BM3,17.0565
1968-03-01,1968-04-01,ME2 BM4,11.9945
1968-03-01,1968-04-01,ME2 BM5,12.8907
1968-03-01,1968-04-01,ME3 BM1,15.8341
1968-03-01,1968-04-01,ME3 BM2,11.5382
1968-03-01,1968-04-01,ME3 BM3,8.3972
1968-03-01,1968-04-01,ME3 BM4,10.316
1968-03-01,1968-04-01,ME3 BM5,17.7512
1968-03-01,1968-04-01,ME4 BM1,12.7224
1968-03-01,1968-04-01,ME4 BM2,7.0681
1968-03-01,1968-04-01,ME4 BM3,8.874
1968-03-01,1968-04-01,ME4 BM4,12.3359
1968-03-01,1968-04-01,ME4 BM5,11.6621
1968-03-01,1968-04-01,BIG LoBM,10.787
1968-03-01,1968-04-01,ME5 BM2,7.2502
1968-03-01,1968-04-01,ME5 BM3,3.3895
1968-03-01,1968-04-01,ME5 BM4,9.4117
1968-03-01,1968-04-01,BIG HiBM,10.5192
1968-04-01,1968-05-01,SMALL LoBM,10.6841
1968-04-01,1968-05-01,ME1 BM2,12.4939
1968-04-01,1968-05-01,ME1 BM3,10.4181
1968-04-01,1968-05-01,ME1 BM4,11.7349
1968-04-01,1968-05-01,SMALL HiBM,11.785
1968-04-01,1968-05-01,ME2 BM1,11.5477
1968-04-01,1968-05-01,ME2 BM2,7.876
1968-04-01,1968-05-01,ME2 BM3,8.1793
1968-04-01,1968-05-01,ME2 BM4,7.0047
1968-04-01,1968-05-01,ME2 BM5,6.5957
1968-04-01,1968-05-01,ME3 BM1,8.6403
1968-04-01,1968-05-01,ME3 BM2,4.1532
1968-04-01,1968-05-01,ME3 BM3,5.3535
1968-04-01,1968-05-01,ME3 BM4,5.1004
1968-04-01,1968-05-01,ME3 BM5,7.2106
1968-04-01,1968-05-01,ME4 BM1,4.5704
1968-04-01,1968-05-01,ME4 BM2,4.6613
1968-04-01,1968-05-01,ME4 BM3,2.744
1968-04-01,1968-05-01,ME4 BM4,2.6433
1968-04-01,1968-05-01,ME4 BM5,6.2119
1968-04-01,1968-05-01,BIG LoBM,2.2844
1968-04-01,1968-05-01,ME5 BM2,1.1089
1968-04-01,1968-05-01,ME5 BM3,-0.6814
1968-04-01,1968-05-01,ME5 BM4,-0.9919
1968-04-01,1968-05-01,BIG HiBM,4.6644
1968-05-01,1968-06-01,SMALL LoBM,-1.1392
1968-05-01,1968-06-01,ME1 BM2,0.2009
1968-05-01,1968-06-01,ME1 BM3,1.3294
1968-05-01,1968-06-01,ME1 BM4,2.2392
1968-05-01,1968-06-01,SMALL HiBM,0.1515
1968-05-01,1968-06-01,ME2 BM1,-0.5909
1968-05-01,1968-06-01,ME2 BM2,1.5365
1968-05-01,1968-06-01,ME2 BM3,-1.701
1968-05-01,1968-06-01,ME2 BM4,1.4239
1968-05-01,1968-06-01,ME2 BM5,0.7737
1968-05-01,1968-06-01,ME3 BM1,-1.9658
1968-05-01,1968-06-01,ME3 BM2,2.9703
1968-05-01,1968-06-01,ME3 BM3,3.2719
1968-05-01,1968-06-01,ME3 BM4,1.6485
1968-05-01,1968-06-01,ME3 BM5,1.1137
1968-05-01,1968-06-01,ME4 BM1,0.0296
1968-05-01,1968-06-01,ME4 BM2,3.5036
1968-05-01,1968-06-01,ME4 BM3,3.6105
1968-05-01,1968-06-01,ME4 BM4,2.9723
1968-05-01,1968-06-01,ME4 BM5,-2.5735
1968-05-01,1968-06-01,BIG LoBM,-0.0805
1968-05-01,1968-06-01,ME5 BM2,0.8771
1968-05-01,1968-06-01,ME5 BM3,4.0258
1968-05-01,1968-06-01,ME5 BM4,3.1801
1968-05-01,1968-06-01,BIG HiBM,-1.5962
1968-06-01,1968-07-01,SMALL LoBM,-4.6785
1968-06-01,1968-07-01,ME1 BM2,-4.6179
1968-06-01,1968-07-01,ME1 BM3,-3.8531
1968-06-01,1968-07-01,ME1 BM4,-0.7399
1968-06-01,1968-07-01,SMALL HiBM,0.6786
1968-06-01,1968-07-01,ME2 BM1,-8.9358
1968-06-01,1968-07-01,ME2 BM2,-2.9785
1968-06-01,1968-07-01,ME2 BM3,-2.0041
1968-06-01,1968-07-01,ME2 BM4,-0.4264
1968-06-01,1968-07-01,ME2 BM5,-0.2911
1968-06-01,1968-07-01,ME3 BM1,-5.6367
1968-06-01,1968-07-01,ME3 BM2,-4.6129
1968-06-01,1968-07-01,ME3 BM3,-3.209
1968-06-01,1968-07-01,ME3 BM4,-0.8789
1968-06-01,1968-07-01,ME3 BM5,-0.1904
1968-06-01,1968-07-01,ME4 BM1,-5.6575
1968-06-01,1968-07-01,ME4 BM2,-3.0737
1968-06-01,1968-07-01,ME4 BM3,-3.4854
1968-06-01,1968-07-01,ME4 BM4,-1.4997
1968-06-01,1968-07-01,ME4 BM5,-2.1249
1968-06-01,1968-07-01,BIG LoBM,-5.2083
1968-06-01,1968-07-01,ME5 BM2,-1.2634
1968-06-01,1968-07-01,ME5 BM3,2.9884
1968-06-01,1968-07-01,ME5 BM4,0.941
1968-06-01,1968-07-01,BIG HiBM,0.6401
1968-07-01,1968-08-01,SMALL LoBM,4.5468
1968-07-01,1968-08-01,ME1 BM2,5.936
1968-07-01,1968-08-01,ME1 BM3,4.8667
1968-07-01,1968-08-01,ME1 BM4,4.6539
1968-07-01,1968-08-01,SMALL HiBM,4.9029
1968-07-01,1968-08-01,ME2 BM1,1.7289
1968-07-01,1968-08-01,ME2 BM2,2.9475
1968-07-01,1968-08-01,ME2 BM3,3.5669
1968-07-01,1968-08-01,ME2 BM4,1.1581
1968-07-01,1968-08-01,ME2 BM5,7.0534
1968-07-01,1968-08-01,ME3 BM1,2.9314
1968-07-01,1968-08-01,ME3 BM2,2.8595
1968-07-01,1968-08-01,ME3 BM3,2.6836
1968-07-01,1968-08-01,ME3 BM4,2.8088
1968-07-01,1968-08-01,ME3 BM5,4.962
1968-07-01,1968-08-01,ME4 BM1,1.6917
1968-07-01,1968-08-01,ME4 BM2,1.3506
1968-07-01,1968-08-01,ME4 BM3,1.7819
1968-07-01,1968-08-01,ME4 BM4,1.9707
1968-07-01,1968-08-01,ME4 BM5,2.9624
1968-07-01,1968-08-01,BIG LoBM,1.1962
1968-07-01,1968-08-01,ME5 BM2,0.3855
1968-07-01,1968-08-01,ME5 BM3,2.1903
1968-07-01,1968-08-01,ME5 BM4,1.6585
1968-07-01,1968-08-01,BIG HiBM,2.4588
1968-08-01,1968-09-01,SMALL LoBM,7.3124
1968-08-01,1968-09-01,ME1 BM2,8.4648
1968-08-01,1968-09-01,ME1 BM3,7.0443
1968-08-01,1968-09-01,ME1 BM4,5.7296
1968-08-01,1968-09-01,SMALL HiBM,6.3931
1968-08-01,1968-09-01,ME2 BM1,7.1896
1968-08-01,1968-09-01,ME2 BM2,6.2011
1968-08-01,1968-09-01,ME2 BM3,7.1401
1968-08-01,1968-09-01,ME2 BM4,5.7624
1968-08-01,1968-09-01,ME2 BM5,6.1489
1968-08-01,1968-09-01,ME3 BM1,7.4255
1968-08-01,1968-09-01,ME3 BM2,6.8738
1968-08-01,1968-09-01,ME3 BM3,3.8729
1968-08-01,1968-09-01,ME3 BM4,5.6559
1968-08-01,1968-09-01,ME3 BM5,6.1898
1968-08-01,1968-09-01,ME4 BM1,6.7982
1968-08-01,1968-09-01,ME4 BM2,5.8204
1968-08-01,1968-09-01,ME4 BM3,5.3946
1968-08-01,1968-09-01,ME4 BM4,6.8854
1968-08-01,1968-09-01,ME4 BM5,6.0825
1968-08-01,1968-09-01,BIG LoBM,1.948
1968-08-01,1968-09-01,ME5 BM2,5.4099
1968-08-01,1968-09-01,ME5 BM3,2.3974
1968-08-01,1968-09-01,ME5 BM4,4.1929
1968-08-01,1968-09-01,BIG HiBM,8.674
1968-09-01,1968-10-01,SMALL LoBM,-1.665
1968-09-01,1968-10-01,ME1 BM2,-0.0085
1968-09-01,1968-10-01,ME1 BM3,1.4102
1968-09-01,1968-10-01,ME1 BM4,0.38
1968-09-01,1968-10-01,SMALL HiBM,1.713
1968-09-01,1968-10-01,ME2 BM1,-0.361
1968-09-01,1968-10-01,ME2 BM2,0.8568
1968-09-01,1968-10-01,ME2 BM3,1.5625
1968-09-01,1968-10-01,ME2 BM4,2.5058
1968-09-01,1968-10-01,ME2 BM5,0.9481
1968-09-01,1968-10-01,ME3 BM1,0.0321
1968-09-01,1968-10-01,ME3 BM2,2.3757
1968-09-01,1968-10-01,ME3 BM3,2.6865
1968-09-01,1968-10-01,ME3 BM4,2.8137
1968-09-01,1968-10-01,ME3 BM5,0.9761
1968-09-01,1968-10-01,ME4 BM1,0.2401
1968-09-01,1968-10-01,ME4 BM2,0.0016
1968-09-01,1968-10-01,ME4 BM3,2.6115
1968-09-01,1968-10-01,ME4 BM4,0.9936
1968-09-01,1968-10-01,ME4 BM5,2.4151
1968-09-01,1968-10-01,BIG LoBM,-1.7301
1968-09-01,1968-10-01,ME5 BM2,2.078
1968-09-01,1968-10-01,ME5 BM3,2.0329
1968-09-01,1968-10-01,ME5 BM4,3.7225
1968-09-01,1968-10-01,BIG HiBM,1.1624
1968-10-01,1968-11-01,SMALL LoBM,7.1438
1968-10-01,1968-11-01,ME1 BM2,7.7458
1968-10-01,1968-11-01,ME1 BM3,6.5099
1968-10-01,1968-11-01,ME1 BM4,6.2593
1968-10-01,1968-11-01,SMALL HiBM,6.9053
1968-10-01,1968-11-01,ME2 BM1,9.9771
1968-10-01,1968-11-01,ME2 BM2,9.3362
1968-10-01,1968-11-01,ME2 BM3,7.6004
1968-10-01,1968-11-01,ME2 BM4,9.1456
1968-10-01,1968-11-01,ME2 BM5,5.8888
1968-10-01,1968-11-01,ME3 BM1,8.5636
1968-10-01,1968-11-01,ME3 BM2,7.2742
1968-10-01,1968-11-01,ME3 BM3,8.3064
1968-10-01,1968-11-01,ME3 BM4,9.4115
1968-10-01,1968-11-01,ME3 BM5,7.7507
1968-10-01,1968-11-01,ME4 BM1,6.96
1968-10-01,1968-11-01,ME4 BM2,7.5366
1968-10-01,1968-11-01,ME4 BM3,7.1092
1968-10-01,1968-11-01,ME4 BM4,7.4246
1968-10-01,1968-11-01,ME4 BM5,7.9692
1968-10-01,1968-11-01,BIG LoBM,6.2724
1968-10-01,1968-11-01,ME5 BM2,2.9413
1968-10-01,1968-11-01,ME5 BM3,5.8395
1968-10-01,1968-11-01,ME5 BM4,4.53
1968-10-01,1968-11-01,BIG HiBM,4.1013
1968-11-01,1968-12-01,SMALL LoBM,3.7496
1968-11-01,1968-12-01,ME1 BM2,2.4643
1968-11-01,1968-12-01,ME1 BM3,0.6958
1968-11-01,1968-12-01,ME1 BM4,-0.2649
1968-11-01,1968-12-01,SMALL HiBM,0.5403
1968-11-01,1968-12-01,ME2 BM1,0.0822
1968-11-01,1968-12-01,ME2 BM2,0.5924
1968-11-01,1968-12-01,ME2 BM3,-1.6117
1968-11-01,1968-12-01,ME2 BM4,-3.1005
1968-11-01,1968-12-01,ME2 BM5,-3.4554
1968-11-01,1968-12-01,ME3 BM1,-2.6203
1968-11-01,1968-12-01,ME3 BM2,-4.063
1968-11-01,1968-12-01,ME3 BM3,-1.0726
1968-11-01,1968-12-01,ME3 BM4,0.0089
1968-11-01,1968-12-01,ME3 BM5,-2.8027
1968-11-01,1968-12-01,ME4 BM1,-4.2964
1968-11-01,1968-12-01,ME4 BM2,-4.1782
1968-11-01,1968-12-01,ME4 BM3,-4.165
1968-11-01,1968-12-01,ME4 BM4,-1.4666
1968-11-01,1968-12-01,ME4 BM5,-0.7198
1968-11-01,1968-12-01,BIG LoBM,-5.2494
1968-11-01,1968-12-01,ME5 BM2,-4.2187
1968-11-01,1968-12-01,ME5 BM3,-3.2144
1968-11-01,1968-12-01,ME5 BM4,-3.5028
1968-11-01,1968-12-01,BIG HiBM,-3.0706
1968-12-01,1969-01-01,SMALL LoBM,-0.4992
1968-12-01,1969-01-01,ME1 BM2,-2.2536
1968-12-01,1969-01-01,ME1 BM3,-1.78
1968-12-01,1969-01-01,ME1 BM4,-0.8706
1968-12-01,1969-01-01,SMALL HiBM,-1.2711
1968-12-01,1969-01-01,ME2 BM1,-3.0284
1968-12-01,1969-01-01,ME2 BM2,-0.7056
1968-12-01,1969-01-01,ME2 BM3,-1.5899
1968-12-01,1969-01-01,ME2 BM4,1.2463
1968-12-01,1969-01-01,ME2 BM5,0.541
1968-12-01,1969-01-01,ME3 BM1,-3.4858
1968-12-01,1969-01-01,ME3 BM2,-0.8184
1968-12-01,1969-01-01,ME3 BM3,0.3775
1968-12-01,1969-01-01,ME3 BM4,-1.4075
1968-12-01,1969-01-01,ME3 BM5,-1.2078
1968-12-01,1969-01-01,ME4 BM1,-2.0514
1968-12-01,1969-01-01,ME4 BM2,0.3209
1968-12-01,1969-01-01,ME4 BM3,-0.3465
1968-12-01,1969-01-01,ME4 BM4,-0.1746
1968-12-01,1969-01-01,ME4 BM5,1.0935
1968-12-01,1969-01-01,BIG LoBM,-2.1638
1968-12-01,1969-01-01,ME5 BM2,-0.3718
1968-12-01,1969-01-01,ME5 BM3,0.7377
1968-12-01,1969-01-01,ME5 BM4,-0.3719
1968-12-01,1969-01-01,BIG HiBM,1.3868
1969-01-01,1969-02-01,SMALL LoBM,-12.5597
1969-01-01,1969-02-01,ME1 BM2,-10.5735
1969-01-01,1969-02-01,ME1 BM3,-9.23
1969-01-01,1969-02-01,ME1 BM4,-8.6696
1969-01-01,1969-02-01,SMALL HiBM,-8.91
1969-01-01,1969-02-01,ME2 BM1,-10.8475
1969-01-01,1969-02-01,ME2 BM2,-8.3787
1969-01-01,1969-02-01,ME2 BM3,-5.1843
1969-01-01,1969-02-01,ME2 BM4,-6.8091
1969-01-01,1969-02-01,ME2 BM5,-7.7564
1969-01-01,1969-02-01,ME3 BM1,-9.176
1969-01-01,1969-02-01,ME3 BM2,-8.571
1969-01-01,1969-02-01,ME3 BM3,-6.8636
1969-01-01,1969-02-01,ME3 BM4,-6.2884
1969-01-01,1969-02-01,ME3 BM5,-5.8097
1969-01-01,1969-02-01,ME4 BM1,-8.312
1969-01-01,1969-02-01,ME4 BM2,-7.0342
1969-01-01,1969-02-01,ME4 BM3,-5.2894
1969-01-01,1969-02-01,ME4 BM4,-7.2202
1969-01-01,1969-02-01,ME4 BM5,-8.4577
1969-01-01,1969-02-01,BIG LoBM,-3.2516
1969-01-01,1969-02-01,ME5 BM2,-3.4951
1969-01-01,1969-02-01,ME5 BM3,-4.9029
1969-01-01,1969-02-01,ME5 BM4,-4.6155
1969-01-01,1969-02-01,BIG HiBM,-6.2213
1969-02-01,1969-03-01,SMALL LoBM,3.1775
1969-02-01,1969-03-01,ME1 BM2,2.3374
1969-02-01,1969-03-01,ME1 BM3,3.7858
1969-02-01,1969-03-01,ME1 BM4,3.5932
1969-02-01,1969-03-01,SMALL HiBM,2.5114
1969-02-01,1969-03-01,ME2 BM1,4.187
1969-02-01,1969-03-01,ME2 BM2,1.1919
1969-02-01,1969-03-01,ME2 BM3,1.985
1969-02-01,1969-03-01,ME2 BM4,0.3368
1969-02-01,1969-03-01,ME2 BM5,5.4759
1969-02-01,1969-03-01,ME3 BM1,1.52
1969-02-01,1969-03-01,ME3 BM2,2.5739
1969-02-01,1969-03-01,ME3 BM3,1.6289
1969-02-01,1969-03-01,ME3 BM4,1.9775
1969-02-01,1969-03-01,ME3 BM5,2.7411
1969-02-01,1969-03-01,ME4 BM1,4.6443
1969-02-01,1969-03-01,ME4 BM2,-2.0594
1969-02-01,1969-03-01,ME4 BM3,2.4389
1969-02-01,1969-03-01,ME4 BM4,1.4516
1969-02-01,1969-03-01,ME4 BM5,3.3446
1969-02-01,1969-03-01,BIG LoBM,4.2638
1969-02-01,1969-03-01,ME5 BM2,2.6898
1969-02-01,1969-03-01,ME5 BM3,4.0547
1969-02-01,1969-03-01,ME5 BM4,1.9998
1969-02-01,1969-03-01,BIG HiBM,4.7576
1969-03-01,1969-04-01,SMALL LoBM,1.3315
1969-03-01,1969-04-01,ME1 BM2,-0.8561
1969-03-01,1969-04-01,ME1 BM3,1.726
1969-03-01,1969-04-01,ME1 BM4,1.6506
1969-03-01,1969-04-01,SMALL HiBM,0.5405
1969-03-01,1969-04-01,ME2 BM1,1.8162
1969-03-01,1969-04-01,ME2 BM2,1.7188
1969-03-01,1969-04-01,ME2 BM3,0.9495
1969-03-01,1969-04-01,ME2 BM4,-0.4834
1969-03-01,1969-04-01,ME2 BM5,4.6794
1969-03-01,1969-04-01,ME3 BM1,2.0257
1969-03-01,1969-04-01,ME3 BM2,0.6223
1969-03-01,1969-04-01,ME3 BM3,1.0744
1969-03-01,1969-04-01,ME3 BM4,1.3148
1969-03-01,1969-04-01,ME3 BM5,0.4867
1969-03-01,1969-04-01,ME4 BM1,2.979
1969-03-01,1969-04-01,ME4 BM2,2.108
1969-03-01,1969-04-01,ME4 BM3,0.2833
1969-03-01,1969-04-01,ME4 BM4,-0.4003
1969-03-01,1969-04-01,ME4 BM5,1.7139
1969-03-01,1969-04-01,BIG LoBM,3.745
1969-03-01,1969-04-01,ME5 BM2,0.9694
1969-03-01,1969-04-01,ME5 BM3,1.0189
1969-03-01,1969-04-01,ME5 BM4,3.0442
1969-03-01,1969-04-01,BIG HiBM,0.7448
1969-04-01,1969-05-01,SMALL LoBM,0.9621
1969-04-01,1969-05-01,ME1 BM2,0.9706
1969-04-01,1969-05-01,ME1 BM3,0.7638
1969-04-01,1969-05-01,ME1 BM4,1.0356
1969-04-01,1969-05-01,SMALL HiBM,-0.2188
1969-04-01,1969-05-01,ME2 BM1,-1.5543
1969-04-01,1969-05-01,ME2 BM2,-1.7876
1969-04-01,1969-05-01,ME2 BM3,-0.9082
1969-04-01,1969-05-01,ME2 BM4,0.1274
1969-04-01,1969-05-01,ME2 BM5,0.4857
1969-04-01,1969-05-01,ME3 BM1,-0.0687
1969-04-01,1969-05-01,ME3 BM2,0.7412
1969-04-01,1969-05-01,ME3 BM3,2.0094
1969-04-01,1969-05-01,ME3 BM4,0.8442
1969-04-01,1969-05-01,ME3 BM5,-1.8999
1969-04-01,1969-05-01,ME4 BM1,-0.2145
1969-04-01,1969-05-01,ME4 BM2,-0.6501
1969-04-01,1969-05-01,ME4 BM3,1.3788
1969-04-01,1969-05-01,ME4 BM4,0.8804
1969-04-01,1969-05-01,ME4 BM5,-1.7837
1969-04-01,1969-05-01,BIG LoBM,-0.4741
1969-04-01,1969-05-01,ME5 BM2,0.7437
1969-04-01,1969-05-01,ME5 BM3,0.9313
1969-04-01,1969-05-01,ME5 BM4,1.479
1969-04-01,1969-05-01,BIG HiBM,0.4113
1969-05-01,1969-06-01,SMALL LoBM,-14.2677
1969-05-01,1969-06-01,ME1 BM2,-12.9237
1969-05-01,1969-06-01,ME1 BM3,-13.716
1969-05-01,1969-06-01,ME1 BM4,-12.4097
1969-05-01,1969-06-01,SMALL HiBM,-12.32
1969-05-01,1969-06-01,ME2 BM1,-12.2263
1969-05-01,1969-06-01,ME2 BM2,-11.2883
1969-05-01,1969-06-01,ME2 BM3,-9.1653
1969-05-01,1969-06-01,ME2 BM4,-9.9535
1969-05-01,1969-06-01,ME2 BM5,-10.9554
1969-05-01,1969-06-01,ME3 BM1,-10.4243
1969-05-01,1969-06-01,ME3 BM2,-9.7468
1969-05-01,1969-06-01,ME3 BM3,-11.1383
1969-05-01,1969-06-01,ME3 BM4,-9.8357
1969-05-01,1969-06-01,ME3 BM5,-9.0776
1969-05-01,1969-06-01,ME4 BM1,-6.9713
1969-05-01,1969-06-01,ME4 BM2,-8.9336
1969-05-01,1969-06-01,ME4 BM3,-7.1906
1969-05-01,1969-06-01,ME4 BM4,-8.6922
1969-05-01,1969-06-01,ME4 BM5,-8.2273
1969-05-01,1969-06-01,BIG LoBM,-1.798
1969-05-01,1969-06-01,ME5 BM2,-6.5099
1969-05-01,1969-06-01,ME5 BM3,-7.857
1969-05-01,1969-06-01,ME5 BM4,-6.6407
1969-05-01,1969-06-01,BIG HiBM,-8.4686
1969-06-01,1969-07-01,SMALL LoBM,-13.0886
1969-06-01,1969-07-01,ME1 BM2,-11.5792
1969-06-01,1969-07-01,ME1 BM3,-10.6655
1969-06-01,1969-07-01,ME1 BM4,-10.447
1969-06-01,1969-07-01,SMALL HiBM,-7.9386
1969-06-01,1969-07-01,ME2 BM1,-10.573
1969-06-01,1969-07-01,ME2 BM2,-10.1349
1969-06-01,1969-07-01,ME2 BM3,-8.4059
1969-06-01,1969-07-01,ME2 BM4,-7.1727
1969-06-01,1969-07-01,ME2 BM5,-8.0898
1969-06-01,1969-07-01,ME3 BM1,-10.0822
1969-06-01,1969-07-01,ME3 BM2,-10.4983
1969-06-01,1969-07-01,ME3 BM3,-6.7384
1969-06-01,1969-07-01,ME3 BM4,-5.5943
1969-06-01,1969-07-01,ME3 BM5,-8.0635
1969-06-01,1969-07-01,ME4 BM1,-6.5408
1969-06-01,1969-07-01,ME4 BM2,-7.5973
1969-06-01,1969-07-01,ME4 BM3,-6.3108
1969-06-01,1969-07-01,ME4 BM4,-6.4979
1969-06-01,1969-07-01,ME4 BM5,-7.7976
1969-06-01,1969-07-01,BIG LoBM,-4.1022
1969-06-01,1969-07-01,ME5 BM2,-5.731
1969-06-01,1969-07-01,ME5 BM3,-7.1651
1969-06-01,1969-07-01,ME5 BM4,-7.481
1969-06-01,1969-07-01,BIG HiBM,-5.636
1969-07-01,1969-08-01,SMALL LoBM,5.1664
1969-07-01,1969-08-01,ME1 BM2,4.7177
1969-07-01,1969-08-01,ME1 BM3,4.7018
1969-07-01,1969-08-01,ME1 BM4,3.1948
1969-07-01,1969-08-01,SMALL HiBM,2.7792
1969-07-01,1969-08-01,ME2 BM1,7.0376
1969-07-01,1969-08-01,ME2 BM2,6.6782
1969-07-01,1969-08-01,ME2 BM3,3.9889
1969-07-01,1969-08-01,ME2 BM4,3.4015
1969-07-01,1969-08-01,ME2 BM5,3.2166
1969-07-01,1969-08-01,ME3 BM1,9.6532
1969-07-01,1969-08-01,ME3 BM2,8.8147
1969-07-01,1969-08-01,ME3 BM3,6.8607
1969-07-01,1969-08-01,ME3 BM4,2.8186
1969-07-01,1969-08-01,ME3 BM5,5.4995
1969-07-01,1969-08-01,ME4 BM1,9.5114
1969-07-01,1969-08-01,ME4 BM2,6.0438
1969-07-01,1969-08-01,ME4 BM3,3.9946
1969-07-01,1969-08-01,ME4 BM4,4.0895
1969-07-01,1969-08-01,ME4 BM5,2.3996
1969-07-01,1969-08-01,BIG LoBM,7.0853
1969-07-01,1969-08-01,ME5 BM2,4.57
1969-07-01,1969-08-01,ME5 BM3,4.0266
1969-07-01,1969-08-01,ME5 BM4,4.3748
1969-07-01,1969-08-01,BIG HiBM,1.931
1969-08-01,1969-09-01,SMALL LoBM,-2.8084
1969-08-01,1969-09-01,ME1 BM2,-4.5438
1969-08-01,1969-09-01,ME1 BM3,-5.5959
1969-08-01,1969-09-01,ME1 BM4,-2.3952
1969-08-01,1969-09-01,SMALL HiBM,-3.4413
1969-08-01,1969-09-01,ME2 BM1,1.2261
1969-08-01,1969-09-01,ME2 BM2,-0.8967
1969-08-01,1969-09-01,ME2 BM3,-1.9322
1969-08-01,1969-09-01,ME2 BM4,-0.8914
1969-08-01,1969-09-01,ME2 BM5,-1.4541
1969-08-01,1969-09-01,ME3 BM1,0.6563
1969-08-01,1969-09-01,ME3 BM2,-0.1019
1969-08-01,1969-09-01,ME3 BM3,-1.7757
1969-08-01,1969-09-01,ME3 BM4,-2.5174
1969-08-01,1969-09-01,ME3 BM5,-3.3467
1969-08-01,1969-09-01,ME4 BM1,0.3349
1969-08-01,1969-09-01,ME4 BM2,-1.068
1969-08-01,1969-09-01,ME4 BM3,-2.188
1969-08-01,1969-09-01,ME4 BM4,-3.5207
1969-08-01,1969-09-01,ME4 BM5,-3.6478
1969-08-01,1969-09-01,BIG LoBM,-0.497
1969-08-01,1969-09-01,ME5 BM2,-2.2832
1969-08-01,1969-09-01,ME5 BM3,-3.4125
1969-08-01,1969-09-01,ME5 BM4,-5.0677
1969-08-01,1969-09-01,BIG HiBM,-4.5907
1969-09-01,1969-10-01,SMALL LoBM,14.1141
1969-09-01,1969-10-01,ME1 BM2,13.013
1969-09-01,1969-10-01,ME1 BM3,9.1022
1969-09-01,1969-10-01,ME1 BM4,8.1981
1969-09-01,1969-10-01,SMALL HiBM,6.3339
1969-09-01,1969-10-01,ME2 BM1,10.962
1969-09-01,1969-10-01,ME2 BM2,8.533
1969-09-01,1969-10-01,ME2 BM3,6.6793
1969-09-01,1969-10-01,ME2 BM4,6.3694
1969-09-01,1969-10-01,ME2 BM5,7.2704
1969-09-01,1969-10-01,ME3 BM1,8.9481
1969-09-01,1969-10-01,ME3 BM2,7.4783
1969-09-01,1969-10-01,ME3 BM3,7.5712
1969-09-01,1969-10-01,ME3 BM4,9.1595
1969-09-01,1969-10-01,ME3 BM5,6.8412
1969-09-01,1969-10-01,ME4 BM1,8.9949
1969-09-01,1969-10-01,ME4 BM2,5.8591
1969-09-01,1969-10-01,ME4 BM3,8.2967
1969-09-01,1969-10-01,ME4 BM4,6.4223
1969-09-01,1969-10-01,ME4 BM5,4.9406
1969-09-01,1969-10-01,BIG LoBM,6.0671
1969-09-01,1969-10-01,ME5 BM2,5.2493
1969-09-01,1969-10-01,ME5 BM3,4.4303
1969-09-01,1969-10-01,ME5 BM4,2.1168
1969-09-01,1969-10-01,BIG HiBM,3.7795
1969-10-01,1969-11-01,SMALL LoBM,-8.737
1969-10-01,1969-11-01,ME1 BM2,-7.4096
1969-10-01,1969-11-01,ME1 BM3,-5.5209
1969-10-01,1969-11-01,ME1 BM4,-6.4609
1969-10-01,1969-11-01,SMALL HiBM,-7.3487
1969-10-01,1969-11-01,ME2 BM1,-3.3124
1969-10-01,1969-11-01,ME2 BM2,-5.3643
1969-10-01,1969-11-01,ME2 BM3,-3.3956
1969-10-01,1969-11-01,ME2 BM4,-5.819
1969-10-01,1969-11-01,ME2 BM5,-5.692
1969-10-01,1969-11-01,ME3 BM1,-4.4916
1969-10-01,1969-11-01,ME3 BM2,-4.7735
1969-10-01,1969-11-01,ME3 BM3,-6.4031
1969-10-01,1969-11-01,ME3 BM4,-3.3737
1969-10-01,1969-11-01,ME3 BM5,-5.4989
1969-10-01,1969-11-01,ME4 BM1,-2.2513
1969-10-01,1969-11-01,ME4 BM2,-3.8738
1969-10-01,1969-11-01,ME4 BM3,-2.7421
1969-10-01,1969-11-01,ME4 BM4,-5.6902
1969-10-01,1969-11-01,ME4 BM5,-5.9965
1969-10-01,1969-11-01,BIG LoBM,-1.4601
1969-10-01,1969-11-01,ME5 BM2,-3.3114
1969-10-01,1969-11-01,ME5 BM3,-3.7496
1969-10-01,1969-11-01,ME5 BM4,-4.7965
1969-10-01,1969-11-01,BIG HiBM,-1.9536
1969-11-01,1969-12-01,SMALL LoBM,-8.1961
1969-11-01,1969-12-01,ME1 BM2,-7.7478
1969-11-01,1969-12-01,ME1 BM3,-4.8766
1969-11-01,1969-12-01,ME1 BM4,-8.9008
1969-11-01,1969-12-01,SMALL HiBM,-8.6615
1969-11-01,1969-12-01,ME2 BM1,-4.5412
1969-11-01,1969-12-01,ME2 BM2,-6.174
1969-11-01,1969-12-01,ME2 BM3,-7.0568
1969-11-01,1969-12-01,ME2 BM4,-6.36
1969-11-01,1969-12-01,ME2 BM5,-5.9706
1969-11-01,1969-12-01,ME3 BM1,-2.3893
1969-11-01,1969-12-01,ME3 BM2,-2.1016
1969-11-01,1969-12-01,ME3 BM3,-3.9652
1969-11-01,1969-12-01,ME3 BM4,-5.178
1969-11-01,1969-12-01,ME3 BM5,-5.2172
1969-11-01,1969-12-01,ME4 BM1,0.6338
1969-11-01,1969-12-01,ME4 BM2,-4.654
1969-11-01,1969-12-01,ME4 BM3,-1.8191
1969-11-01,1969-12-01,ME4 BM4,-2.1398
1969-11-01,1969-12-01,ME4 BM5,-3.9922
1969-11-01,1969-12-01,BIG LoBM,0.8857
1969-11-01,1969-12-01,ME5 BM2,-1.7039
1969-11-01,1969-12-01,ME5 BM3,-1.0874
1969-11-01,1969-12-01,ME5 BM4,-2.2293
1969-11-01,1969-12-01,BIG HiBM,-5.2767
1969-12-01,1970-01-01,SMALL LoBM,-4.6172
1969-12-01,1970-01-01,ME1 BM2,-3.4023
1969-12-01,1970-01-01,ME1 BM3,-4.0822
1969-12-01,1970-01-01,ME1 BM4,-2.5366
1969-12-01,1970-01-01,SMALL HiBM,0.1015
1969-12-01,1970-01-01,ME2 BM1,-7.5478
1969-12-01,1970-01-01,ME2 BM2,-6.2394
1969-12-01,1970-01-01,ME2 BM3,-2.0779
1969-12-01,1970-01-01,ME2 BM4,-4.0998
1969-12-01,1970-01-01,ME2 BM5,-2.6395
1969-12-01,1970-01-01,ME3 BM1,-9.7122
1969-12-01,1970-01-01,ME3 BM2,-6.8913
1969-12-01,1970-01-01,ME3 BM3,-8.1552
1969-12-01,1970-01-01,ME3 BM4,-3.8098
1969-12-01,1970-01-01,ME3 BM5,-3.224
1969-12-01,1970-01-01,ME4 BM1,-7.6732
1969-12-01,1970-01-01,ME4 BM2,-11.3479
1969-12-01,1970-01-01,ME4 BM3,-7.3584
1969-12-01,1970-01-01,ME4 BM4,-6.539
1969-12-01,1970-01-01,ME4 BM5,-5.8901
1969-12-01,1970-01-01,BIG LoBM,-8.4515
1969-12-01,1970-01-01,ME5 BM2,-6.9784
1969-12-01,1970-01-01,ME5 BM3,-9.17
1969-12-01,1970-01-01,ME5 BM4,-9.0016
1969-12-01,1970-01-01,BIG HiBM,-4.2669
1970-01-01,1970-02-01,SMALL LoBM,2.1519
1970-01-01,1970-02-01,ME1 BM2,3.6365
1970-01-01,1970-02-01,ME1 BM3,4.295
1970-01-01,1970-02-01,ME1 BM4,3.2299
1970-01-01,1970-02-01,SMALL HiBM,4.3021
1970-01-01,1970-02-01,ME2 BM1,4.3856
1970-01-01,1970-02-01,ME2 BM2,2.1421
1970-01-01,1970-02-01,ME2 BM3,3.2673
1970-01-01,1970-02-01,ME2 BM4,8.1895
1970-01-01,1970-02-01,ME2 BM5,7.5262
1970-01-01,1970-02-01,ME3 BM1,3.3173
1970-01-01,1970-02-01,ME3 BM2,3.1195
1970-01-01,1970-02-01,ME3 BM3,6.264
1970-01-01,1970-02-01,ME3 BM4,5.5504
1970-01-01,1970-02-01,ME3 BM5,7.2015
1970-01-01,1970-02-01,ME4 BM1,3.6327
1970-01-01,1970-02-01,ME4 BM2,5.5284
1970-01-01,1970-02-01,ME4 BM3,6.2485
1970-01-01,1970-02-01,ME4 BM4,9.4793
1970-01-01,1970-02-01,ME4 BM5,6.9062
1970-01-01,1970-02-01,BIG LoBM,3.564
1970-01-01,1970-02-01,ME5 BM2,5.9855
1970-01-01,1970-02-01,ME5 BM3,9.1226
1970-01-01,1970-02-01,ME5 BM4,6.7011
1970-01-01,1970-02-01,BIG HiBM,8.1808
1970-02-01,1970-03-01,SMALL LoBM,-6.4272
1970-02-01,1970-03-01,ME1 BM2,-4.8792
1970-02-01,1970-03-01,ME1 BM3,-3.0926
1970-02-01,1970-03-01,ME1 BM4,0.8685
1970-02-01,1970-03-01,SMALL HiBM,-1.2987
1970-02-01,1970-03-01,ME2 BM1,-6.1622
1970-02-01,1970-03-01,ME2 BM2,-2.8824
1970-02-01,1970-03-01,ME2 BM3,-0.1703
1970-02-01,1970-03-01,ME2 BM4,-0.1462
1970-02-01,1970-03-01,ME2 BM5,0.8726
1970-02-01,1970-03-01,ME3 BM1,-3.5773
1970-02-01,1970-03-01,ME3 BM2,-1.5618
1970-02-01,1970-03-01,ME3 BM3,-0.476
1970-02-01,1970-03-01,ME3 BM4,2.1001
1970-02-01,1970-03-01,ME3 BM5,1.2784
1970-02-01,1970-03-01,ME4 BM1,-4.2607
1970-02-01,1970-03-01,ME4 BM2,0.2378
1970-02-01,1970-03-01,ME4 BM3,1.8333
1970-02-01,1970-03-01,ME4 BM4,0.269
1970-02-01,1970-03-01,ME4 BM5,2.2593
1970-02-01,1970-03-01,BIG LoBM,-2.4792
1970-02-01,1970-03-01,ME5 BM2,0.4079
1970-02-01,1970-03-01,ME5 BM3,2.3028
1970-02-01,1970-03-01,ME5 BM4,1.0346
1970-02-01,1970-03-01,BIG HiBM,1.5906
1970-03-01,1970-04-01,SMALL LoBM,-23.6734
1970-03-01,1970-04-01,ME1 BM2,-18.9231
1970-03-01,1970-04-01,ME1 BM3,-14.8771
1970-03-01,1970-04-01,ME1 BM4,-13.1027
1970-03-01,1970-04-01,SMALL HiBM,-11.997
1970-03-01,1970-04-01,ME2 BM1,-22.737
1970-03-01,1970-04-01,ME2 BM2,-17.1412
1970-03-01,1970-04-01,ME2 BM3,-14.8094
1970-03-01,1970-04-01,ME2 BM4,-10.9185
1970-03-01,1970-04-01,ME2 BM5,-11.6576
1970-03-01,1970-04-01,ME3 BM1,-19.8262
1970-03-01,1970-04-01,ME3 BM2,-15.3279
1970-03-01,1970-04-01,ME3 BM3,-13.0001
1970-03-01,1970-04-01,ME3 BM4,-9.0311
1970-03-01,1970-04-01,ME3 BM5,-10.5444
1970-03-01,1970-04-01,ME4 BM1,-15.1578
1970-03-01,1970-04-01,ME4 BM2,-14.5823
1970-03-01,1970-04-01,ME4 BM3,-9.7532
1970-03-01,1970-04-01,ME4 BM4,-9.8377
1970-03-01,1970-04-01,ME4 BM5,-9.233
1970-03-01,1970-04-01,BIG LoBM,-10.5061
1970-03-01,1970-04-01,ME5 BM2,-8.1889
1970-03-01,1970-04-01,ME5 BM3,-8.6868
1970-03-01,1970-04-01,ME5 BM4,-7.1611
1970-03-01,1970-04-01,BIG HiBM,-8.0008
1970-04-01,1970-05-01,SMALL LoBM,-10.142
1970-04-01,1970-05-01,ME1 BM2,-10.0266
1970-04-01,1970-05-01,ME1 BM3,-8.9435
1970-04-01,1970-05-01,ME1 BM4,-7.6329
1970-04-01,1970-05-01,SMALL HiBM,-10.5293
1970-04-01,1970-05-01,ME2 BM1,-13.1428
1970-04-01,1970-05-01,ME2 BM2,-8.6251
1970-04-01,1970-05-01,ME2 BM3,-10.7464
1970-04-01,1970-05-01,ME2 BM4,-8.2837
1970-04-01,1970-05-01,ME2 BM5,-8.4513
1970-04-01,1970-05-01,ME3 BM1,-11.3877
1970-04-01,1970-05-01,ME3 BM2,-11.5572
1970-04-01,1970-05-01,ME3 BM3,-12.6554
1970-04-01,1970-05-01,ME3 BM4,-6.8443
1970-04-01,1970-05-01,ME3 BM5,-8.0184
1970-04-01,1970-05-01,ME4 BM1,-10.3382
1970-04-01,1970-05-01,ME4 BM2,-10.1634
1970-04-01,1970-05-01,ME4 BM3,-7.7431
1970-04-01,1970-05-01,ME4 BM4,-6.8548
1970-04-01,1970-05-01,ME4 BM5,-7.6134
1970-04-01,1970-05-01,BIG LoBM,-8.3374
1970-04-01,1970-05-01,ME5 BM2,-5.217
1970-04-01,1970-05-01,ME5 BM3,-4.2808
1970-04-01,1970-05-01,ME5 BM4,-0.3204
1970-04-01,1970-05-01,BIG HiBM,-3.9908
1970-05-01,1970-06-01,SMALL LoBM,-12.3686
1970-05-01,1970-06-01,ME1 BM2,-8.1784
1970-05-01,1970-06-01,ME1 BM3,-7.5993
1970-05-01,1970-06-01,ME1 BM4,-8.2564
1970-05-01,1970-06-01,SMALL HiBM,-6.0529
1970-05-01,1970-06-01,ME2 BM1,-10.1739
1970-05-01,1970-06-01,ME2 BM2,-6.9929
1970-05-01,1970-06-01,ME2 BM3,-8.2166
1970-05-01,1970-06-01,ME2 BM4,-7.0806
1970-05-01,1970-06-01,ME2 BM5,-6.1664
1970-05-01,1970-06-01,ME3 BM1,-7.995
1970-05-01,1970-06-01,ME3 BM2,-5.0518
1970-05-01,1970-06-01,ME3 BM3,-5.564
1970-05-01,1970-06-01,ME3 BM4,-4.5865
1970-05-01,1970-06-01,ME3 BM5,-6.9947
1970-05-01,1970-06-01,ME4 BM1,-2.7308
1970-05-01,1970-06-01,ME4 BM2,-5.1222
1970-05-01,1970-06-01,ME4 BM3,-4.071
1970-05-01,1970-06-01,ME4 BM4,-3.262
1970-05-01,1970-06-01,ME4 BM5,-10.119
1970-05-01,1970-06-01,BIG LoBM,-6.474
1970-05-01,1970-06-01,ME5 BM2,-3.7226
1970-05-01,1970-06-01,ME5 BM3,-3.3378
1970-05-01,1970-06-01,ME5 BM4,-2.3667
1970-05-01,1970-06-01,BIG HiBM,-8.2352
1970-06-01,1970-07-01,SMALL LoBM,4.7014
1970-06-01,1970-07-01,ME1 BM2,4.8437
1970-06-01,1970-07-01,ME1 BM3,5.3807
1970-06-01,1970-07-01,ME1 BM4,6.7969
1970-06-01,1970-07-01,SMALL HiBM,3.8115
1970-06-01,1970-07-01,ME2 BM1,6.7704
1970-06-01,1970-07-01,ME2 BM2,7.9636
1970-06-01,1970-07-01,ME2 BM3,5.693
1970-06-01,1970-07-01,ME2 BM4,11.1171
1970-06-01,1970-07-01,ME2 BM5,7.2194
1970-06-01,1970-07-01,ME3 BM1,7.9241
1970-06-01,1970-07-01,ME3 BM2,6.3354
1970-06-01,1970-07-01,ME3 BM3,8.7513
1970-06-01,1970-07-01,ME3 BM4,5.5637
1970-06-01,1970-07-01,ME3 BM5,7.4306
1970-06-01,1970-07-01,ME4 BM1,6.0177
1970-06-01,1970-07-01,ME4 BM2,9.3639
1970-06-01,1970-07-01,ME4 BM3,8.7461
1970-06-01,1970-07-01,ME4 BM4,9.2207
1970-06-01,1970-07-01,ME4 BM5,11.5101
1970-06-01,1970-07-01,BIG LoBM,4.4984
1970-06-01,1970-07-01,ME5 BM2,8.1256
1970-06-01,1970-07-01,ME5 BM3,9.1008
1970-06-01,1970-07-01,ME5 BM4,10.7389
1970-06-01,1970-07-01,BIG HiBM,6.1437
1970-07-01,1970-08-01,SMALL LoBM,4.7161
1970-07-01,1970-08-01,ME1 BM2,6.7665
1970-07-01,1970-08-01,ME1 BM3,7.1699
1970-07-01,1970-08-01,ME1 BM4,6.9212
1970-07-01,1970-08-01,SMALL HiBM,6.5285
1970-07-01,1970-08-01,ME2 BM1,9.6274
1970-07-01,1970-08-01,ME2 BM2,8.0055
1970-07-01,1970-08-01,ME2 BM3,7.3924
1970-07-01,1970-08-01,ME2 BM4,7.9988
1970-07-01,1970-08-01,ME2 BM5,4.4932
1970-07-01,1970-08-01,ME3 BM1,6.0103
1970-07-01,1970-08-01,ME3 BM2,8.0921
1970-07-01,1970-08-01,ME3 BM3,5.5467
1970-07-01,1970-08-01,ME3 BM4,6.549
1970-07-01,1970-08-01,ME3 BM5,7.043
1970-07-01,1970-08-01,ME4 BM1,4.5304
1970-07-01,1970-08-01,ME4 BM2,8.0504
1970-07-01,1970-08-01,ME4 BM3,3.9224
1970-07-01,1970-08-01,ME4 BM4,5.333
1970-07-01,1970-08-01,ME4 BM5,6.9499
1970-07-01,1970-08-01,BIG LoBM,4.0923
1970-07-01,1970-08-01,ME5 BM2,5.2806
1970-07-01,1970-08-01,ME5 BM3,4.3797
1970-07-01,1970-08-01,ME5 BM4,4.9123
1970-07-01,1970-08-01,BIG HiBM,6.2326
1970-08-01,1970-09-01,SMALL LoBM,22.6809
1970-08-01,1970-09-01,ME1 BM2,16.2744
1970-08-01,1970-09-01,ME1 BM3,16.0711
1970-08-01,1970-09-01,ME1 BM4,11.3225
1970-08-01,1970-09-01,SMALL HiBM,11.5877
1970-08-01,1970-09-01,ME2 BM1,17.8326
1970-08-01,1970-09-01,ME2 BM2,17.3293
1970-08-01,1970-09-01,ME2 BM3,12.3411
1970-08-01,1970-09-01,ME2 BM4,7.0197
1970-08-01,1970-09-01,ME2 BM5,9.7608
1970-08-01,1970-09-01,ME3 BM1,14.8406
1970-08-01,1970-09-01,ME3 BM2,10.74
1970-08-01,1970-09-01,ME3 BM3,8.0828
1970-08-01,1970-09-01,ME3 BM4,5.0224
1970-08-01,1970-09-01,ME3 BM5,6.6542
1970-08-01,1970-09-01,ME4 BM1,9.527
1970-08-01,1970-09-01,ME4 BM2,6.3914
1970-08-01,1970-09-01,ME4 BM3,4.6562
1970-08-01,1970-09-01,ME4 BM4,4.0028
1970-08-01,1970-09-01,ME4 BM5,7.851
1970-08-01,1970-09-01,BIG LoBM,7.1002
1970-08-01,1970-09-01,ME5 BM2,0.3994
1970-08-01,1970-09-01,ME5 BM3,-0.3707
1970-08-01,1970-09-01,ME5 BM4,0.2546
1970-08-01,1970-09-01,BIG HiBM,4.402
1970-09-01,1970-10-01,SMALL LoBM,-11.5794
1970-09-01,1970-10-01,ME1 BM2,-6.8167
1970-09-01,1970-10-01,ME1 BM3,-11.568
1970-09-01,1970-10-01,ME1 BM4,-6.0329
1970-09-01,1970-10-01,SMALL HiBM,-4.6515
1970-09-01,1970-10-01,ME2 BM1,-4.8522
1970-09-01,1970-10-01,ME2 BM2,-7.8152
1970-09-01,1970-10-01,ME2 BM3,-6.8477
1970-09-01,1970-10-01,ME2 BM4,-3.5718
1970-09-01,1970-10-01,ME2 BM5,-4.3439
1970-09-01,1970-10-01,ME3 BM1,-5.4659
1970-09-01,1970-10-01,ME3 BM2,-4.2764
1970-09-01,1970-10-01,ME3 BM3,-6.1402
1970-09-01,1970-10-01,ME3 BM4,-2.629
1970-09-01,1970-10-01,ME3 BM5,-4.7683
1970-09-01,1970-10-01,ME4 BM1,-2.943
1970-09-01,1970-10-01,ME4 BM2,-3.9422
1970-09-01,1970-10-01,ME4 BM3,-3.1558
1970-09-01,1970-10-01,ME4 BM4,-3.4356
1970-09-01,1970-10-01,ME4 BM5,-6.3644
1970-09-01,1970-10-01,BIG LoBM,-0.1294
1970-09-01,1970-10-01,ME5 BM2,-1.125
1970-09-01,1970-10-01,ME5 BM3,-3.3186
1970-09-01,1970-10-01,ME5 BM4,0.0579
1970-09-01,1970-10-01,BIG HiBM,-3.7705
1970-10-01,1970-11-01,SMALL LoBM,-4.533
1970-10-01,1970-11-01,ME1 BM2,-1.9622
1970-10-01,1970-11-01,ME1 BM3,-2.3158
1970-10-01,1970-11-01,ME1 BM4,1.0391
1970-10-01,1970-11-01,SMALL HiBM,0.1743
1970-10-01,1970-11-01,ME2 BM1,0.8012
1970-10-01,1970-11-01,ME2 BM2,1.3432
1970-10-01,1970-11-01,ME2 BM3,2.655
1970-10-01,1970-11-01,ME2 BM4,5.8825
1970-10-01,1970-11-01,ME2 BM5,3.6429
1970-10-01,1970-11-01,ME3 BM1,3.2243
1970-10-01,1970-11-01,ME3 BM2,2.6484
1970-10-01,1970-11-01,ME3 BM3,5.3269
1970-10-01,1970-11-01,ME3 BM4,4.2289
1970-10-01,1970-11-01,ME3 BM5,2.1485
1970-10-01,1970-11-01,ME4 BM1,4.8023
1970-10-01,1970-11-01,ME4 BM2,3.4879
1970-10-01,1970-11-01,ME4 BM3,6.034
1970-10-01,1970-11-01,ME4 BM4,8.0041
1970-10-01,1970-11-01,ME4 BM5,5.2498
1970-10-01,1970-11-01,BIG LoBM,5.1148
1970-10-01,1970-11-01,ME5 BM2,6.7785
1970-10-01,1970-11-01,ME5 BM3,5.2743
1970-10-01,1970-11-01,ME5 BM4,5.877
1970-10-01,1970-11-01,BIG HiBM,5.6827
1970-11-01,1970-12-01,SMALL LoBM,7.3342
1970-11-01,1970-12-01,ME1 BM2,6.9484
1970-11-01,1970-12-01,ME1 BM3,10.859
1970-11-01,1970-12-01,ME1 BM4,11.754
1970-11-01,1970-12-01,SMALL HiBM,10.6006
1970-11-01,1970-12-01,ME2 BM1,8.5923
1970-11-01,1970-12-01,ME2 BM2,8.5593
1970-11-01,1970-12-01,ME2 BM3,8.6541
1970-11-01,1970-12-01,ME2 BM4,9.2961
1970-11-01,1970-12-01,ME2 BM5,9.1294
1970-11-01,1970-12-01,ME3 BM1,6.2429
1970-11-01,1970-12-01,ME3 BM2,9.0015
1970-11-01,1970-12-01,ME3 BM3,10.4416
1970-11-01,1970-12-01,ME3 BM4,8.7214
1970-11-01,1970-12-01,ME3 BM5,8.5557
1970-11-01,1970-12-01,ME4 BM1,6.2356
1970-11-01,1970-12-01,ME4 BM2,10.7308
1970-11-01,1970-12-01,ME4 BM3,8.4282
1970-11-01,1970-12-01,ME4 BM4,10.0931
1970-11-01,1970-12-01,ME4 BM5,7.5763
1970-11-01,1970-12-01,BIG LoBM,4.7444
1970-11-01,1970-12-01,ME5 BM2,5.8791
1970-11-01,1970-12-01,ME5 BM3,7.3805
1970-11-01,1970-12-01,ME5 BM4,5.0978
1970-11-01,1970-12-01,BIG HiBM,6.9151
1970-12-01,1971-01-01,SMALL LoBM,15.3378
1970-12-01,1971-01-01,ME1 BM2,13.4731
1970-12-01,1971-01-01,ME1 BM3,15.9668
1970-12-01,1971-01-01,ME1 BM4,13.9183
1970-12-01,1971-01-01,SMALL HiBM,15.8629
1970-12-01,1971-01-01,ME2 BM1,7.7567
1970-12-01,1971-01-01,ME2 BM2,12.0603
1970-12-01,1971-01-01,ME2 BM3,12.4574
1970-12-01,1971-01-01,ME2 BM4,10.6371
1970-12-01,1971-01-01,ME2 BM5,13.2023
1970-12-01,1971-01-01,ME3 BM1,8.2138
1970-12-01,1971-01-01,ME3 BM2,9.0906
1970-12-01,1971-01-01,ME3 BM3,10.2359
1970-12-01,1971-01-01,ME3 BM4,8.2884
1970-12-01,1971-01-01,ME3 BM5,10.0254
1970-12-01,1971-01-01,ME4 BM1,5.5369
1970-12-01,1971-01-01,ME4 BM2,7.0296
1970-12-01,1971-01-01,ME4 BM3,5.1779
1970-12-01,1971-01-01,ME4 BM4,8.3873
1970-12-01,1971-01-01,ME4 BM5,13.7494
1970-12-01,1971-01-01,BIG LoBM,4.0256
1970-12-01,1971-01-01,ME5 BM2,4.4322
1970-12-01,1971-01-01,ME5 BM3,3.2014
1970-12-01,1971-01-01,ME5 BM4,2.9716
1970-12-01,1971-01-01,BIG HiBM,4.036
1971-01-01,1971-02-01,SMALL LoBM,7.9078
1971-01-01,1971-02-01,ME1 BM2,7.5441
1971-01-01,1971-02-01,ME1 BM3,5.7717
1971-01-01,1971-02-01,ME1 BM4,3.4052
1971-01-01,1971-02-01,SMALL HiBM,4.0553
1971-01-01,1971-02-01,ME2 BM1,4.3173
1971-01-01,1971-02-01,ME2 BM2,2.566
1971-01-01,1971-02-01,ME2 BM3,3.1233
1971-01-01,1971-02-01,ME2 BM4,2.1512
1971-01-01,1971-02-01,ME2 BM5,0.3418
1971-01-01,1971-02-01,ME3 BM1,4.5379
1971-01-01,1971-02-01,ME3 BM2,1.6023
1971-01-01,1971-02-01,ME3 BM3,2.4702
1971-01-01,1971-02-01,ME3 BM4,1.2509
1971-01-01,1971-02-01,ME3 BM5,2.0589
1971-01-01,1971-02-01,ME4 BM1,3.5219
1971-01-01,1971-02-01,ME4 BM2,2.8587
1971-01-01,1971-02-01,ME4 BM3,0.4585
1971-01-01,1971-02-01,ME4 BM4,3.1644
1971-01-01,1971-02-01,ME4 BM5,1.6188
1971-01-01,1971-02-01,BIG LoBM,2.3107
1971-01-01,1971-02-01,ME5 BM2,0.3803
1971-01-01,1971-02-01,ME5 BM3,0.6129
1971-01-01,1971-02-01,ME5 BM4,0.5275
1971-01-01,1971-02-01,BIG HiBM,1.2355
1971-02-01,1971-03-01,SMALL LoBM,8.2337
1971-02-01,1971-03-01,ME1 BM2,4.6534
1971-02-01,1971-03-01,ME1 BM3,7.7102
1971-02-01,1971-03-01,ME1 BM4,6.4207
1971-02-01,1971-03-01,SMALL HiBM,5.1001
1971-02-01,1971-03-01,ME2 BM1,7.451
1971-02-01,1971-03-01,ME2 BM2,7.6298
1971-02-01,1971-03-01,ME2 BM3,5.5918
1971-02-01,1971-03-01,ME2 BM4,4.7359
1971-02-01,1971-03-01,ME2 BM5,1.6896
1971-02-01,1971-03-01,ME3 BM1,10.2775
1971-02-01,1971-03-01,ME3 BM2,9.0649
1971-02-01,1971-03-01,ME3 BM3,3.3134
1971-02-01,1971-03-01,ME3 BM4,3.043
1971-02-01,1971-03-01,ME3 BM5,4.6743
1971-02-01,1971-03-01,ME4 BM1,7.0845
1971-02-01,1971-03-01,ME4 BM2,6.3195
1971-02-01,1971-03-01,ME4 BM3,4.5797
1971-02-01,1971-03-01,ME4 BM4,2.2209
1971-02-01,1971-03-01,ME4 BM5,3.4981
1971-02-01,1971-03-01,BIG LoBM,5.7194
1971-02-01,1971-03-01,ME5 BM2,2.7839
1971-02-01,1971-03-01,ME5 BM3,5.1839
1971-02-01,1971-03-01,ME5 BM4,1.4104
1971-02-01,1971-03-01,BIG HiBM,2.5049
1971-03-01,1971-04-01,SMALL LoBM,0.7124
1971-03-01,1971-04-01,ME1 BM2,3.4097
1971-03-01,1971-04-01,ME1 BM3,2.79
1971-03-01,1971-04-01,ME1 BM4,2.7398
1971-03-01,1971-04-01,SMALL HiBM,1.5041
1971-03-01,1971-04-01,ME2 BM1,1.9847
1971-03-01,1971-04-01,ME2 BM2,2.5856
1971-03-01,1971-04-01,ME2 BM3,2.2798
1971-03-01,1971-04-01,ME2 BM4,3.1846
1971-03-01,1971-04-01,ME2 BM5,6.6485
1971-03-01,1971-04-01,ME3 BM1,6.2673
1971-03-01,1971-04-01,ME3 BM2,4.3641
1971-03-01,1971-04-01,ME3 BM3,4.6881
1971-03-01,1971-04-01,ME3 BM4,2.1873
1971-03-01,1971-04-01,ME3 BM5,8.3662
1971-03-01,1971-04-01,ME4 BM1,2.9407
1971-03-01,1971-04-01,ME4 BM2,3.158
1971-03-01,1971-04-01,ME4 BM3,1.8023
1971-03-01,1971-04-01,ME4 BM4,4.1375
1971-03-01,1971-04-01,ME4 BM5,9.2164
1971-03-01,1971-04-01,BIG LoBM,3.5182
1971-03-01,1971-04-01,ME5 BM2,5.6089
1971-03-01,1971-04-01,ME5 BM3,0.6861
1971-03-01,1971-04-01,ME5 BM4,2.5394
1971-03-01,1971-04-01,BIG HiBM,6.1573
1971-04-01,1971-05-01,SMALL LoBM,-7.2251
1971-04-01,1971-05-01,ME1 BM2,-5.6007
1971-04-01,1971-05-01,ME1 BM3,-6.698
1971-04-01,1971-05-01,ME1 BM4,-5.4692
1971-04-01,1971-05-01,SMALL HiBM,-6.2382
1971-04-01,1971-05-01,ME2 BM1,-2.8852
1971-04-01,1971-05-01,ME2 BM2,-6.2101
1971-04-01,1971-05-01,ME2 BM3,-5.3107
1971-04-01,1971-05-01,ME2 BM4,-4.5524
1971-04-01,1971-05-01,ME2 BM5,-4.507
1971-04-01,1971-05-01,ME3 BM1,-4.1922
1971-04-01,1971-05-01,ME3 BM2,-2.7397
1971-04-01,1971-05-01,ME3 BM3,-5.1426
1971-04-01,1971-05-01,ME3 BM4,-3.482
1971-04-01,1971-05-01,ME3 BM5,-3.9762
1971-04-01,1971-05-01,ME4 BM1,-1.835
1971-04-01,1971-05-01,ME4 BM2,-3.3665
1971-04-01,1971-05-01,ME4 BM3,-4.3334
1971-04-01,1971-05-01,ME4 BM4,-3.1108
1971-04-01,1971-05-01,ME4 BM5,-4.1404
1971-04-01,1971-05-01,BIG LoBM,-2.4665
1971-04-01,1971-05-01,ME5 BM2,-4.3336
1971-04-01,1971-05-01,ME5 BM3,-4.2425
1971-04-01,1971-05-01,ME5 BM4,-5.0257
1971-04-01,1971-05-01,BIG HiBM,-3.9279
1971-05-01,1971-06-01,SMALL LoBM,-1.051
1971-05-01,1971-06-01,ME1 BM2,-3.4146
1971-05-01,1971-06-01,ME1 BM3,-2.058
1971-05-01,1971-06-01,ME1 BM4,-1.2362
1971-05-01,1971-06-01,SMALL HiBM,-2.1945
1971-05-01,1971-06-01,ME2 BM1,3.4435
1971-05-01,1971-06-01,ME2 BM2,-1.6005
1971-05-01,1971-06-01,ME2 BM3,0.5458
1971-05-01,1971-06-01,ME2 BM4,-2.1863
1971-05-01,1971-06-01,ME2 BM5,-3.3797
1971-05-01,1971-06-01,ME3 BM1,-1.3374
1971-05-01,1971-06-01,ME3 BM2,1.2542
1971-05-01,1971-06-01,ME3 BM3,-0.9022
1971-05-01,1971-06-01,ME3 BM4,-2.7383
1971-05-01,1971-06-01,ME3 BM5,-1.322
1971-05-01,1971-06-01,ME4 BM1,1.0181
1971-05-01,1971-06-01,ME4 BM2,1.0991
1971-05-01,1971-06-01,ME4 BM3,2.2623
1971-05-01,1971-06-01,ME4 BM4,0.4725
1971-05-01,1971-06-01,ME4 BM5,-4.0397
1971-05-01,1971-06-01,BIG LoBM,1.1907
1971-05-01,1971-06-01,ME5 BM2,-1.118
1971-05-01,1971-06-01,ME5 BM3,0.3596
1971-05-01,1971-06-01,ME5 BM4,0.7523
1971-05-01,1971-06-01,BIG HiBM,-0.0136
1971-06-01,1971-07-01,SMALL LoBM,-8.693
1971-06-01,1971-07-01,ME1 BM2,-8.2536
1971-06-01,1971-07-01,ME1 BM3,-7.1377
1971-06-01,1971-07-01,ME1 BM4,-5.9026
1971-06-01,1971-07-01,SMALL HiBM,-6.1237
1971-06-01,1971-07-01,ME2 BM1,-6.254
1971-06-01,1971-07-01,ME2 BM2,-5.0212
1971-06-01,1971-07-01,ME2 BM3,-3.8452
1971-06-01,1971-07-01,ME2 BM4,-6.8894
1971-06-01,1971-07-01,ME2 BM5,-6.0689
1971-06-01,1971-07-01,ME3 BM1,-7.7801
1971-06-01,1971-07-01,ME3 BM2,-4.6226
1971-06-01,1971-07-01,ME3 BM3,-3.0208
1971-06-01,1971-07-01,ME3 BM4,-5.6164
1971-06-01,1971-07-01,ME3 BM5,-4.8645
1971-06-01,1971-07-01,ME4 BM1,-3.3611
1971-06-01,1971-07-01,ME4 BM2,-4.1775
1971-06-01,1971-07-01,ME4 BM3,-3.8308
1971-06-01,1971-07-01,ME4 BM4,-4.1529
1971-06-01,1971-07-01,ME4 BM5,-7.6865
1971-06-01,1971-07-01,BIG LoBM,-3.8997
1971-06-01,1971-07-01,ME5 BM2,-4.2359
1971-06-01,1971-07-01,ME5 BM3,-3.2809
1971-06-01,1971-07-01,ME5 BM4,-3.2967
1971-06-01,1971-07-01,BIG HiBM,-5.4943
1971-07-01,1971-08-01,SMALL LoBM,3.3568
1971-07-01,1971-08-01,ME1 BM2,4.3553
1971-07-01,1971-08-01,ME1 BM3,3.2447
1971-07-01,1971-08-01,ME1 BM4,4.5109
1971-07-01,1971-08-01,SMALL HiBM,5.5905
1971-07-01,1971-08-01,ME2 BM1,3.8126
1971-07-01,1971-08-01,ME2 BM2,7.4508
1971-07-01,1971-08-01,ME2 BM3,3.5009
1971-07-01,1971-08-01,ME2 BM4,5.6475
1971-07-01,1971-08-01,ME2 BM5,8.3463
1971-07-01,1971-08-01,ME3 BM1,6.5752
1971-07-01,1971-08-01,ME3 BM2,4.553
1971-07-01,1971-08-01,ME3 BM3,2.2789
1971-07-01,1971-08-01,ME3 BM4,6.5719
1971-07-01,1971-08-01,ME3 BM5,9.0763
1971-07-01,1971-08-01,ME4 BM1,6.8631
1971-07-01,1971-08-01,ME4 BM2,3.8291
1971-07-01,1971-08-01,ME4 BM3,2.6126
1971-07-01,1971-08-01,ME4 BM4,3.3057
1971-07-01,1971-08-01,ME4 BM5,10.4271
1971-07-01,1971-08-01,BIG LoBM,5.3477
1971-07-01,1971-08-01,ME5 BM2,4.867
1971-07-01,1971-08-01,ME5 BM3,-1.1243
1971-07-01,1971-08-01,ME5 BM4,1.9668
1971-07-01,1971-08-01,BIG HiBM,13.6489
1971-08-01,1971-09-01,SMALL LoBM,1.6029
1971-08-01,1971-09-01,ME1 BM2,1.8328
1971-08-01,1971-09-01,ME1 BM3,-0.449
1971-08-01,1971-09-01,ME1 BM4,-0.5917
1971-08-01,1971-09-01,SMALL HiBM,-2.1538
1971-08-01,1971-09-01,ME2 BM1,2.2058
1971-08-01,1971-09-01,ME2 BM2,-0.8946
1971-08-01,1971-09-01,ME2 BM3,-1.8581
1971-08-01,1971-09-01,ME2 BM4,-1.9291
1971-08-01,1971-09-01,ME2 BM5,-2.3013
1971-08-01,1971-09-01,ME3 BM1,1.342
1971-08-01,1971-09-01,ME3 BM2,0.0526
1971-08-01,1971-09-01,ME3 BM3,-1.1477
1971-08-01,1971-09-01,ME3 BM4,-0.944
1971-08-01,1971-09-01,ME3 BM5,-3.1595
1971-08-01,1971-09-01,ME4 BM1,1.93
1971-08-01,1971-09-01,ME4 BM2,-0.9536
1971-08-01,1971-09-01,ME4 BM3,-0.1321
1971-08-01,1971-09-01,ME4 BM4,-0.2522
1971-08-01,1971-09-01,ME4 BM5,-4.5547
1971-08-01,1971-09-01,BIG LoBM,0.2972
1971-08-01,1971-09-01,ME5 BM2,-1.2755
1971-08-01,1971-09-01,ME5 BM3,-1.2298
1971-08-01,1971-09-01,ME5 BM4,-1.4557
1971-08-01,1971-09-01,BIG HiBM,-2.1485
1971-09-01,1971-10-01,SMALL LoBM,-7.6143
1971-09-01,1971-10-01,ME1 BM2,-7.061
1971-09-01,1971-10-01,ME1 BM3,-6.7632
1971-09-01,1971-10-01,ME1 BM4,-4.6593
1971-09-01,1971-10-01,SMALL HiBM,-7.1225
1971-09-01,1971-10-01,ME2 BM1,-5.7051
1971-09-01,1971-10-01,ME2 BM2,-5.3662
1971-09-01,1971-10-01,ME2 BM3,-3.3106
1971-09-01,1971-10-01,ME2 BM4,-4.6369
1971-09-01,1971-10-01,ME2 BM5,-6.4835
1971-09-01,1971-10-01,ME3 BM1,-7.7964
1971-09-01,1971-10-01,ME3 BM2,-6.48
1971-09-01,1971-10-01,ME3 BM3,-2.7308
1971-09-01,1971-10-01,ME3 BM4,-5.0827
1971-09-01,1971-10-01,ME3 BM5,-4.7511
1971-09-01,1971-10-01,ME4 BM1,-3.078
1971-09-01,1971-10-01,ME4 BM2,-3.3959
1971-09-01,1971-10-01,ME4 BM3,-2.245
1971-09-01,1971-10-01,ME4 BM4,-5.7328
1971-09-01,1971-10-01,ME4 BM5,-5.8504
1971-09-01,1971-10-01,BIG LoBM,-3.5413
1971-09-01,1971-10-01,ME5 BM2,-6.1529
1971-09-01,1971-10-01,ME5 BM3,-3.0175
1971-09-01,1971-10-01,ME5 BM4,-2.7071
1971-09-01,1971-10-01,BIG HiBM,-4.0209
1971-10-01,1971-11-01,SMALL LoBM,-3.4626
1971-10-01,1971-11-01,ME1 BM2,-5.9476
1971-10-01,1971-11-01,ME1 BM3,-3.6287
1971-10-01,1971-11-01,ME1 BM4,-4.4754
1971-10-01,1971-11-01,SMALL HiBM,-5.4706
1971-10-01,1971-11-01,ME2 BM1,-2.0391
1971-10-01,1971-11-01,ME2 BM2,-2.3105
1971-10-01,1971-11-01,ME2 BM3,-1.7141
1971-10-01,1971-11-01,ME2 BM4,-2.7939
1971-10-01,1971-11-01,ME2 BM5,-2.0645
1971-10-01,1971-11-01,ME3 BM1,-1.8154
1971-10-01,1971-11-01,ME3 BM2,-1.1941
1971-10-01,1971-11-01,ME3 BM3,-1.194
1971-10-01,1971-11-01,ME3 BM4,-3.9562
1971-10-01,1971-11-01,ME3 BM5,-4.9385
1971-10-01,1971-11-01,ME4 BM1,0.1973
1971-10-01,1971-11-01,ME4 BM2,-1.8558
1971-10-01,1971-11-01,ME4 BM3,-2.4895
1971-10-01,1971-11-01,ME4 BM4,0.747
1971-10-01,1971-11-01,ME4 BM5,-4.2032
1971-10-01,1971-11-01,BIG LoBM,1.053
1971-10-01,1971-11-01,ME5 BM2,0.6682
1971-10-01,1971-11-01,ME5 BM3,0.2505
1971-10-01,1971-11-01,ME5 BM4,-0.55
1971-10-01,1971-11-01,BIG HiBM,0.2865
1971-11-01,1971-12-01,SMALL LoBM,14.1158
1971-11-01,1971-12-01,ME1 BM2,13.9603
1971-11-01,1971-12-01,ME1 BM3,11.0308
1971-11-01,1971-12-01,ME1 BM4,11.8317
1971-11-01,1971-12-01,SMALL HiBM,12.9625
1971-11-01,1971-12-01,ME2 BM1,12.8132
1971-11-01,1971-12-01,ME2 BM2,13.9788
1971-11-01,1971-12-01,ME2 BM3,12.7723
1971-11-01,1971-12-01,ME2 BM4,11.0867
1971-11-01,1971-12-01,ME2 BM5,12.4891
1971-11-01,1971-12-01,ME3 BM1,13.6589
1971-11-01,1971-12-01,ME3 BM2,9.9252
1971-11-01,1971-12-01,ME3 BM3,10.148
1971-11-01,1971-12-01,ME3 BM4,11.8165
1971-11-01,1971-12-01,ME3 BM5,11.8179
1971-11-01,1971-12-01,ME4 BM1,12.4427
1971-11-01,1971-12-01,ME4 BM2,9.5834
1971-11-01,1971-12-01,ME4 BM3,8.622
1971-11-01,1971-12-01,ME4 BM4,8.0027
1971-11-01,1971-12-01,ME4 BM5,12.5141
1971-11-01,1971-12-01,BIG LoBM,8.3917
1971-11-01,1971-12-01,ME5 BM2,9.8387
1971-11-01,1971-12-01,ME5 BM3,8.5138
1971-11-01,1971-12-01,ME5 BM4,6.94
1971-11-01,1971-12-01,BIG HiBM,8.9455
1971-12-01,1972-01-01,SMALL LoBM,14.2909
1971-12-01,1972-01-01,ME1 BM2,13.8985
1971-12-01,1972-01-01,ME1 BM3,11.5459
1971-12-01,1972-01-01,ME1 BM4,10.7206
1971-12-01,1972-01-01,SMALL HiBM,14.668
1971-12-01,1972-01-01,ME2 BM1,8.2785
1971-12-01,1972-01-01,ME2 BM2,6.7927
1971-12-01,1972-01-01,ME2 BM3,5.4259
1971-12-01,1972-01-01,ME2 BM4,6.9906
1971-12-01,1972-01-01,ME2 BM5,10.4317
1971-12-01,1972-01-01,ME3 BM1,5.3639
1971-12-01,1972-01-01,ME3 BM2,4.4874
1971-12-01,1972-01-01,ME3 BM3,2.394
1971-12-01,1972-01-01,ME3 BM4,5.5107
1971-12-01,1972-01-01,ME3 BM5,7.9983
1971-12-01,1972-01-01,ME4 BM1,2.8103
1971-12-01,1972-01-01,ME4 BM2,1.9338
1971-12-01,1972-01-01,ME4 BM3,1.724
1971-12-01,1972-01-01,ME4 BM4,3.2088
1971-12-01,1972-01-01,ME4 BM5,7.9686
1971-12-01,1972-01-01,BIG LoBM,2.7438
1971-12-01,1972-01-01,ME5 BM2,0.6149
1971-12-01,1972-01-01,ME5 BM3,-0.6653
1971-12-01,1972-01-01,ME5 BM4,0.8173
1971-12-01,1972-01-01,BIG HiBM,6.3915
1972-01-01,1972-02-01,SMALL LoBM,3.1049
1972-01-01,1972-02-01,ME1 BM2,5.5733
1972-01-01,1972-02-01,ME1 BM3,4.3438
1972-01-01,1972-02-01,ME1 BM4,4.2718
1972-01-01,1972-02-01,SMALL HiBM,3.4596
1972-01-01,1972-02-01,ME2 BM1,5.1515
1972-01-01,1972-02-01,ME2 BM2,4.5114
1972-01-01,1972-02-01,ME2 BM3,4.2193
1972-01-01,1972-02-01,ME2 BM4,1.9249
1972-01-01,1972-02-01,ME2 BM5,3.694
1972-01-01,1972-02-01,ME3 BM1,6.5406
1972-01-01,1972-02-01,ME3 BM2,4.382
1972-01-01,1972-02-01,ME3 BM3,1.6947
1972-01-01,1972-02-01,ME3 BM4,0.509
1972-01-01,1972-02-01,ME3 BM5,2.0938
1972-01-01,1972-02-01,ME4 BM1,5.5301
1972-01-01,1972-02-01,ME4 BM2,1.5444
1972-01-01,1972-02-01,ME4 BM3,0.0138
1972-01-01,1972-02-01,ME4 BM4,2.1711
1972-01-01,1972-02-01,ME4 BM5,0.3998
1972-01-01,1972-02-01,BIG LoBM,4.6863
1972-01-01,1972-02-01,ME5 BM2,2.454
1972-01-01,1972-02-01,ME5 BM3,1.1482
1972-01-01,1972-02-01,ME5 BM4,0.3758
1972-01-01,1972-02-01,BIG HiBM,0.0593
1972-02-01,1972-03-01,SMALL LoBM,2.0309
1972-02-01,1972-03-01,ME1 BM2,0.5014
1972-02-01,1972-03-01,ME1 BM3,-1.8262
1972-02-01,1972-03-01,ME1 BM4,-1.3869
1972-02-01,1972-03-01,SMALL HiBM,-0.8486
1972-02-01,1972-03-01,ME2 BM1,2.0305
1972-02-01,1972-03-01,ME2 BM2,1.6417
1972-02-01,1972-03-01,ME2 BM3,-0.9065
1972-02-01,1972-03-01,ME2 BM4,-0.7354
1972-02-01,1972-03-01,ME2 BM5,-1.3561
1972-02-01,1972-03-01,ME3 BM1,2.6255
1972-02-01,1972-03-01,ME3 BM2,1.0574
1972-02-01,1972-03-01,ME3 BM3,1.6183
1972-02-01,1972-03-01,ME3 BM4,0.8502
1972-02-01,1972-03-01,ME3 BM5,-1.4241
1972-02-01,1972-03-01,ME4 BM1,0.9864
1972-02-01,1972-03-01,ME4 BM2,-0.2784
1972-02-01,1972-03-01,ME4 BM3,3.177
1972-02-01,1972-03-01,ME4 BM4,1.6582
1972-02-01,1972-03-01,ME4 BM5,1.169
1972-02-01,1972-03-01,BIG LoBM,2.5422
1972-02-01,1972-03-01,ME5 BM2,0.4736
1972-02-01,1972-03-01,ME5 BM3,-3.1086
1972-02-01,1972-03-01,ME5 BM4,-1.9093
1972-02-01,1972-03-01,BIG HiBM,2.8562
1972-03-01,1972-04-01,SMALL LoBM,0.1183
1972-03-01,1972-04-01,ME1 BM2,0.591
1972-03-01,1972-04-01,ME1 BM3,-1.0359
1972-03-01,1972-04-01,ME1 BM4,1.0529
1972-03-01,1972-04-01,SMALL HiBM,1.1717
1972-03-01,1972-04-01,ME2 BM1,0.1923
1972-03-01,1972-04-01,ME2 BM2,0.6046
1972-03-01,1972-04-01,ME2 BM3,2.059
1972-03-01,1972-04-01,ME2 BM4,1.5404
1972-03-01,1972-04-01,ME2 BM5,1.6177
1972-03-01,1972-04-01,ME3 BM1,1.7915
1972-03-01,1972-04-01,ME3 BM2,-0.984
1972-03-01,1972-04-01,ME3 BM3,-0.0266
1972-03-01,1972-04-01,ME3 BM4,1.1069
1972-03-01,1972-04-01,ME3 BM5,-0.1865
1972-03-01,1972-04-01,ME4 BM1,-0.9759
1972-03-01,1972-04-01,ME4 BM2,-0.6119
1972-03-01,1972-04-01,ME4 BM3,-0.3745
1972-03-01,1972-04-01,ME4 BM4,1.2523
1972-03-01,1972-04-01,ME4 BM5,3.5201
1972-03-01,1972-04-01,BIG LoBM,0.9814
1972-03-01,1972-04-01,ME5 BM2,1.2741
1972-03-01,1972-04-01,ME5 BM3,0.1887
1972-03-01,1972-04-01,ME5 BM4,0.1583
1972-03-01,1972-04-01,BIG HiBM,-1.0934
1972-04-01,1972-05-01,SMALL LoBM,-2.0591
1972-04-01,1972-05-01,ME1 BM2,-1.97
1972-04-01,1972-05-01,ME1 BM3,-3.7037
1972-04-01,1972-05-01,ME1 BM4,-2.1705
1972-04-01,1972-05-01,SMALL HiBM,-2.4142
1972-04-01,1972-05-01,ME2 BM1,-0.4057
1972-04-01,1972-05-01,ME2 BM2,-1.575
1972-04-01,1972-05-01,ME2 BM3,-1.9418
1972-04-01,1972-05-01,ME2 BM4,-3.4782
1972-04-01,1972-05-01,ME2 BM5,-1.7592
1972-04-01,1972-05-01,ME3 BM1,1.4503
1972-04-01,1972-05-01,ME3 BM2,-2.1582
1972-04-01,1972-05-01,ME3 BM3,1.0055
1972-04-01,1972-05-01,ME3 BM4,-1.1291
1972-04-01,1972-05-01,ME3 BM5,-4.0373
1972-04-01,1972-05-01,ME4 BM1,4.1909
1972-04-01,1972-05-01,ME4 BM2,-1.908
1972-04-01,1972-05-01,ME4 BM3,-1.3047
1972-04-01,1972-05-01,ME4 BM4,-0.1437
1972-04-01,1972-05-01,ME4 BM5,0.6327
1972-04-01,1972-05-01,BIG LoBM,3.278
1972-04-01,1972-05-01,ME5 BM2,-0.5756
1972-04-01,1972-05-01,ME5 BM3,3.0205
1972-04-01,1972-05-01,ME5 BM4,0.9967
1972-04-01,1972-05-01,BIG HiBM,-2.6838
1972-05-01,1972-06-01,SMALL LoBM,-4.1986
1972-05-01,1972-06-01,ME1 BM2,-4.2656
1972-05-01,1972-06-01,ME1 BM3,-3.5004
1972-05-01,1972-06-01,ME1 BM4,-3.0135
1972-05-01,1972-06-01,SMALL HiBM,-4.0
1972-05-01,1972-06-01,ME2 BM1,-3.942
1972-05-01,1972-06-01,ME2 BM2,-3.3006
1972-05-01,1972-06-01,ME2 BM3,-1.5547
1972-05-01,1972-06-01,ME2 BM4,-1.3559
1972-05-01,1972-06-01,ME2 BM5,0.9341
1972-05-01,1972-06-01,ME3 BM1,0.1678
1972-05-01,1972-06-01,ME3 BM2,-1.961
1972-05-01,1972-06-01,ME3 BM3,-3.9556
1972-05-01,1972-06-01,ME3 BM4,-5.3319
1972-05-01,1972-06-01,ME3 BM5,-5.8658
1972-05-01,1972-06-01,ME4 BM1,-4.24
1972-05-01,1972-06-01,ME4 BM2,-2.2103
1972-05-01,1972-06-01,ME4 BM3,-2.1552
1972-05-01,1972-06-01,ME4 BM4,-4.5865
1972-05-01,1972-06-01,ME4 BM5,-7.8073
1972-05-01,1972-06-01,BIG LoBM,-0.7118
1972-05-01,1972-06-01,ME5 BM2,-3.4758
1972-05-01,1972-06-01,ME5 BM3,-2.5874
1972-05-01,1972-06-01,ME5 BM4,-2.3438
1972-05-01,1972-06-01,BIG HiBM,-6.6753
1972-06-01,1972-07-01,SMALL LoBM,-6.7371
1972-06-01,1972-07-01,ME1 BM2,-5.0427
1972-06-01,1972-07-01,ME1 BM3,-3.5886
1972-06-01,1972-07-01,ME1 BM4,-3.5917
1972-06-01,1972-07-01,SMALL HiBM,-2.7995
1972-06-01,1972-07-01,ME2 BM1,-5.3413
1972-06-01,1972-07-01,ME2 BM2,-4.8612
1972-06-01,1972-07-01,ME2 BM3,-3.4421
1972-06-01,1972-07-01,ME2 BM4,-1.9366
1972-06-01,1972-07-01,ME2 BM5,-4.1951
1972-06-01,1972-07-01,ME3 BM1,-3.3655
1972-06-01,1972-07-01,ME3 BM2,-1.4709
1972-06-01,1972-07-01,ME3 BM3,-3.1631
1972-06-01,1972-07-01,ME3 BM4,-0.9783
1972-06-01,1972-07-01,ME3 BM5,-0.3573
1972-06-01,1972-07-01,ME4 BM1,-3.6342
1972-06-01,1972-07-01,ME4 BM2,-2.8261
1972-06-01,1972-07-01,ME4 BM3,-2.0681
1972-06-01,1972-07-01,ME4 BM4,0.0058
1972-06-01,1972-07-01,ME4 BM5,-2.5804
1972-06-01,1972-07-01,BIG LoBM,1.616
1972-06-01,1972-07-01,ME5 BM2,-1.539
1972-06-01,1972-07-01,ME5 BM3,0.254
1972-06-01,1972-07-01,ME5 BM4,-1.3746
1972-06-01,1972-07-01,BIG HiBM,-1.6451
1972-07-01,1972-08-01,SMALL LoBM,-1.507
1972-07-01,1972-08-01,ME1 BM2,-2.3555
1972-07-01,1972-08-01,ME1 BM3,1.1239
1972-07-01,1972-08-01,ME1 BM4,-0.4669
1972-07-01,1972-08-01,SMALL HiBM,2.2496
1972-07-01,1972-08-01,ME2 BM1,-0.5063
1972-07-01,1972-08-01,ME2 BM2,-1.6265
1972-07-01,1972-08-01,ME2 BM3,1.6323
1972-07-01,1972-08-01,ME2 BM4,1.6127
1972-07-01,1972-08-01,ME2 BM5,5.2534
1972-07-01,1972-08-01,ME3 BM1,0.2251
1972-07-01,1972-08-01,ME3 BM2,2.1338
1972-07-01,1972-08-01,ME3 BM3,2.8098
1972-07-01,1972-08-01,ME3 BM4,5.6772
1972-07-01,1972-08-01,ME3 BM5,2.8455
1972-07-01,1972-08-01,ME4 BM1,0.1321
1972-07-01,1972-08-01,ME4 BM2,2.6995
1972-07-01,1972-08-01,ME4 BM3,4.8851
1972-07-01,1972-08-01,ME4 BM4,5.2513
1972-07-01,1972-08-01,ME4 BM5,7.0215
1972-07-01,1972-08-01,BIG LoBM,0.7528
1972-07-01,1972-08-01,ME5 BM2,6.8195
1972-07-01,1972-08-01,ME5 BM3,7.3998
1972-07-01,1972-08-01,ME5 BM4,8.9123
1972-07-01,1972-08-01,BIG HiBM,6.1666
1972-08-01,1972-09-01,SMALL LoBM,-4.8516
1972-08-01,1972-09-01,ME1 BM2,-4.8496
1972-08-01,1972-09-01,ME1 BM3,-4.461
1972-08-01,1972-09-01,ME1 BM4,-3.9429
1972-08-01,1972-09-01,SMALL HiBM,-4.1595
1972-08-01,1972-09-01,ME2 BM1,-3.507
1972-08-01,1972-09-01,ME2 BM2,-3.7835
1972-08-01,1972-09-01,ME2 BM3,-2.069
1972-08-01,1972-09-01,ME2 BM4,-2.5292
1972-08-01,1972-09-01,ME2 BM5,-2.9758
1972-08-01,1972-09-01,ME3 BM1,-1.3199
1972-08-01,1972-09-01,ME3 BM2,-2.8535
1972-08-01,1972-09-01,ME3 BM3,-0.9979
1972-08-01,1972-09-01,ME3 BM4,-2.0888
1972-08-01,1972-09-01,ME3 BM5,-2.7168
1972-08-01,1972-09-01,ME4 BM1,-1.9283
1972-08-01,1972-09-01,ME4 BM2,-3.2491
1972-08-01,1972-09-01,ME4 BM3,-0.5786
1972-08-01,1972-09-01,ME4 BM4,-2.373
1972-08-01,1972-09-01,ME4 BM5,-4.0723
1972-08-01,1972-09-01,BIG LoBM,0.1573
1972-08-01,1972-09-01,ME5 BM2,-1.629
1972-08-01,1972-09-01,ME5 BM3,-1.8187
1972-08-01,1972-09-01,ME5 BM4,2.0076
1972-08-01,1972-09-01,BIG HiBM,-3.76
1972-09-01,1972-10-01,SMALL LoBM,-3.5696
1972-09-01,1972-10-01,ME1 BM2,-2.7272
1972-09-01,1972-10-01,ME1 BM3,-2.467
1972-09-01,1972-10-01,ME1 BM4,-2.2129
1972-09-01,1972-10-01,SMALL HiBM,-1.9552
1972-09-01,1972-10-01,ME2 BM1,-4.0685
1972-09-01,1972-10-01,ME2 BM2,-0.4292
1972-09-01,1972-10-01,ME2 BM3,1.5488
1972-09-01,1972-10-01,ME2 BM4,0.5279
1972-09-01,1972-10-01,ME2 BM5,-0.4729
1972-09-01,1972-10-01,ME3 BM1,-2.9586
1972-09-01,1972-10-01,ME3 BM2,-0.8236
1972-09-01,1972-10-01,ME3 BM3,1.5119
1972-09-01,1972-10-01,ME3 BM4,0.6182
1972-09-01,1972-10-01,ME3 BM5,-0.5841
1972-09-01,1972-10-01,ME4 BM1,-1.6237
1972-09-01,1972-10-01,ME4 BM2,0.2499
1972-09-01,1972-10-01,ME4 BM3,1.0631
1972-09-01,1972-10-01,ME4 BM4,2.3506
1972-09-01,1972-10-01,ME4 BM5,-0.6988
1972-09-01,1972-10-01,BIG LoBM,0.9982
1972-09-01,1972-10-01,ME5 BM2,0.9907
1972-09-01,1972-10-01,ME5 BM3,2.1373
1972-09-01,1972-10-01,ME5 BM4,2.3989
1972-09-01,1972-10-01,BIG HiBM,1.0565
1972-10-01,1972-11-01,SMALL LoBM,0.6383
1972-10-01,1972-11-01,ME1 BM2,4.1349
1972-10-01,1972-11-01,ME1 BM3,4.2884
1972-10-01,1972-11-01,ME1 BM4,5.9963
1972-10-01,1972-11-01,SMALL HiBM,5.8901
1972-10-01,1972-11-01,ME2 BM1,4.1785
1972-10-01,1972-11-01,ME2 BM2,4.7685
1972-10-01,1972-11-01,ME2 BM3,7.6456
1972-10-01,1972-11-01,ME2 BM4,4.7139
1972-10-01,1972-11-01,ME2 BM5,7.1715
1972-10-01,1972-11-01,ME3 BM1,3.1327
1972-10-01,1972-11-01,ME3 BM2,4.2273
1972-10-01,1972-11-01,ME3 BM3,6.501
1972-10-01,1972-11-01,ME3 BM4,7.8544
1972-10-01,1972-11-01,ME3 BM5,7.481
1972-10-01,1972-11-01,ME4 BM1,6.7518
1972-10-01,1972-11-01,ME4 BM2,6.9367
1972-10-01,1972-11-01,ME4 BM3,7.026
1972-10-01,1972-11-01,ME4 BM4,7.0691
1972-10-01,1972-11-01,ME4 BM5,10.923
1972-10-01,1972-11-01,BIG LoBM,1.6207
1972-10-01,1972-11-01,ME5 BM2,6.7555
1972-10-01,1972-11-01,ME5 BM3,6.6457
1972-10-01,1972-11-01,ME5 BM4,8.119
1972-10-01,1972-11-01,BIG HiBM,13.854
1972-11-01,1972-12-01,SMALL LoBM,-1.9096
1972-11-01,1972-12-01,ME1 BM2,-2.9721
1972-11-01,1972-12-01,ME1 BM3,-2.8783
1972-11-01,1972-12-01,ME1 BM4,-2.5613
1972-11-01,1972-12-01,SMALL HiBM,-1.5626
1972-11-01,1972-12-01,ME2 BM1,-0.5915
1972-11-01,1972-12-01,ME2 BM2,-2.6345
1972-11-01,1972-12-01,ME2 BM3,0.1867
1972-11-01,1972-12-01,ME2 BM4,-3.3134
1972-11-01,1972-12-01,ME2 BM5,-2.4192
1972-11-01,1972-12-01,ME3 BM1,0.8022
1972-11-01,1972-12-01,ME3 BM2,-0.297
1972-11-01,1972-12-01,ME3 BM3,-0.4741
1972-11-01,1972-12-01,ME3 BM4,-1.3168
1972-11-01,1972-12-01,ME3 BM5,-2.8743
1972-11-01,1972-12-01,ME4 BM1,0.3942
1972-11-01,1972-12-01,ME4 BM2,-1.4356
1972-11-01,1972-12-01,ME4 BM3,-0.9637
1972-11-01,1972-12-01,ME4 BM4,-1.5005
1972-11-01,1972-12-01,ME4 BM5,-4.4243
1972-11-01,1972-12-01,BIG LoBM,3.7077
1972-11-01,1972-12-01,ME5 BM2,-0.0452
1972-11-01,1972-12-01,ME5 BM3,-0.636
1972-11-01,1972-12-01,ME5 BM4,-0.0607
1972-11-01,1972-12-01,BIG HiBM,-2.6358
1972-12-01,1973-01-01,SMALL LoBM,-8.2353
1972-12-01,1973-01-01,ME1 BM2,-4.1703
1972-12-01,1973-01-01,ME1 BM3,-3.7418
1972-12-01,1973-01-01,ME1 BM4,-3.5422
1972-12-01,1973-01-01,SMALL HiBM,-1.4036
1972-12-01,1973-01-01,ME2 BM1,-10.6243
1972-12-01,1973-01-01,ME2 BM2,-5.7361
1972-12-01,1973-01-01,ME2 BM3,-6.8526
1972-12-01,1973-01-01,ME2 BM4,-2.5851
1972-12-01,1973-01-01,ME2 BM5,-5.9936
1972-12-01,1973-01-01,ME3 BM1,-7.4501
1972-12-01,1973-01-01,ME3 BM2,-7.7104
1972-12-01,1973-01-01,ME3 BM3,-5.9861
1972-12-01,1973-01-01,ME3 BM4,-3.5535
1972-12-01,1973-01-01,ME3 BM5,-5.3689
1972-12-01,1973-01-01,ME4 BM1,-6.3545
1972-12-01,1973-01-01,ME4 BM2,-7.7212
1972-12-01,1973-01-01,ME4 BM3,-5.6412
1972-12-01,1973-01-01,ME4 BM4,-3.4546
1972-12-01,1973-01-01,ME4 BM5,-4.5369
1972-12-01,1973-01-01,BIG LoBM,-1.6008
1972-12-01,1973-01-01,ME5 BM2,-3.9189
1972-12-01,1973-01-01,ME5 BM3,-1.0486
1972-12-01,1973-01-01,ME5 BM4,0.6285
1972-12-01,1973-01-01,BIG HiBM,-4.3611
1973-01-01,1973-02-01,SMALL LoBM,-14.0724
1973-01-01,1973-02-01,ME1 BM2,-8.8725
1973-01-01,1973-02-01,ME1 BM3,-8.7173
1973-01-01,1973-02-01,ME1 BM4,-7.9842
1973-01-01,1973-02-01,SMALL HiBM,-5.8995
1973-01-01,1973-02-01,ME2 BM1,-13.7546
1973-01-01,1973-02-01,ME2 BM2,-8.0697
1973-01-01,1973-02-01,ME2 BM3,-7.3379
1973-01-01,1973-02-01,ME2 BM4,-5.7697
1973-01-01,1973-02-01,ME2 BM5,-5.5491
1973-01-01,1973-02-01,ME3 BM1,-11.3053
1973-01-01,1973-02-01,ME3 BM2,-8.2496
1973-01-01,1973-02-01,ME3 BM3,-7.4249
1973-01-01,1973-02-01,ME3 BM4,-3.3674
1973-01-01,1973-02-01,ME3 BM5,-6.9672
1973-01-01,1973-02-01,ME4 BM1,-8.0046
1973-01-01,1973-02-01,ME4 BM2,-8.3208
1973-01-01,1973-02-01,ME4 BM3,-4.5091
1973-01-01,1973-02-01,ME4 BM4,-3.6302
1973-01-01,1973-02-01,ME4 BM5,-2.2767
1973-01-01,1973-02-01,BIG LoBM,-2.2274
1973-01-01,1973-02-01,ME5 BM2,-2.9497
1973-01-01,1973-02-01,ME5 BM3,-4.9409
1973-01-01,1973-02-01,ME5 BM4,-5.9409
1973-01-01,1973-02-01,BIG HiBM,-3.3864
1973-02-01,1973-03-01,SMALL LoBM,-6.3925
1973-02-01,1973-03-01,ME1 BM2,-4.0494
1973-02-01,1973-03-01,ME1 BM3,-2.4571
1973-02-01,1973-03-01,ME1 BM4,-1.0094
1973-02-01,1973-03-01,SMALL HiBM,-1.8602
1973-02-01,1973-03-01,ME2 BM1,-5.0037
1973-02-01,1973-03-01,ME2 BM2,-2.4485
1973-02-01,1973-03-01,ME2 BM3,-2.4409
1973-02-01,1973-03-01,ME2 BM4,-2.177
1973-02-01,1973-03-01,ME2 BM5,-0.283
1973-02-01,1973-03-01,ME3 BM1,-4.4951
1973-02-01,1973-03-01,ME3 BM2,-4.4394
1973-02-01,1973-03-01,ME3 BM3,-2.205
1973-02-01,1973-03-01,ME3 BM4,-1.6521
1973-02-01,1973-03-01,ME3 BM5,0.9617
1973-02-01,1973-03-01,ME4 BM1,-4.0322
1973-02-01,1973-03-01,ME4 BM2,-3.9619
1973-02-01,1973-03-01,ME4 BM3,-1.7675
1973-02-01,1973-03-01,ME4 BM4,-2.3969
1973-02-01,1973-03-01,ME4 BM5,0.699
1973-02-01,1973-03-01,BIG LoBM,-0.731
1973-02-01,1973-03-01,ME5 BM2,-0.9675
1973-02-01,1973-03-01,ME5 BM3,1.8182
1973-02-01,1973-03-01,ME5 BM4,1.8676
1973-02-01,1973-03-01,BIG HiBM,1.5684
1973-03-01,1973-04-01,SMALL LoBM,-12.511
1973-03-01,1973-04-01,ME1 BM2,-9.8493
1973-03-01,1973-04-01,ME1 BM3,-6.6975
1973-03-01,1973-04-01,ME1 BM4,-6.1837
1973-03-01,1973-04-01,SMALL HiBM,-5.3959
1973-03-01,1973-04-01,ME2 BM1,-13.9321
1973-03-01,1973-04-01,ME2 BM2,-9.407
1973-03-01,1973-04-01,ME2 BM3,-5.723
1973-03-01,1973-04-01,ME2 BM4,-4.1639
1973-03-01,1973-04-01,ME2 BM5,-4.9986
1973-03-01,1973-04-01,ME3 BM1,-10.8025
1973-03-01,1973-04-01,ME3 BM2,-6.5345
1973-03-01,1973-04-01,ME3 BM3,-3.8403
1973-03-01,1973-04-01,ME3 BM4,-3.8097
1973-03-01,1973-04-01,ME3 BM5,-4.422
1973-03-01,1973-04-01,ME4 BM1,-10.8936
1973-03-01,1973-04-01,ME4 BM2,-7.9107
1973-03-01,1973-04-01,ME4 BM3,-3.1734
1973-03-01,1973-04-01,ME4 BM4,-2.8442
1973-03-01,1973-04-01,ME4 BM5,-4.2768
1973-03-01,1973-04-01,BIG LoBM,-5.8799
1973-03-01,1973-04-01,ME5 BM2,-3.3741
1973-03-01,1973-04-01,ME5 BM3,-2.129
1973-03-01,1973-04-01,ME5 BM4,-0.742
1973-03-01,1973-04-01,BIG HiBM,-2.7667
1973-04-01,1973-05-01,SMALL LoBM,-11.3772
1973-04-01,1973-05-01,ME1 BM2,-11.2302
1973-04-01,1973-05-01,ME1 BM3,-8.902
1973-04-01,1973-05-01,ME1 BM4,-7.8372
1973-04-01,1973-05-01,SMALL HiBM,-8.3684
1973-04-01,1973-05-01,ME2 BM1,-11.1742
1973-04-01,1973-05-01,ME2 BM2,-9.1356
1973-04-01,1973-05-01,ME2 BM3,-7.798
1973-04-01,1973-05-01,ME2 BM4,-5.7441
1973-04-01,1973-05-01,ME2 BM5,-9.3094
1973-04-01,1973-05-01,ME3 BM1,-9.104
1973-04-01,1973-05-01,ME3 BM2,-8.5407
1973-04-01,1973-05-01,ME3 BM3,-4.3308
1973-04-01,1973-05-01,ME3 BM4,-3.3493
1973-04-01,1973-05-01,ME3 BM5,-6.8255
1973-04-01,1973-05-01,ME4 BM1,-6.8483
1973-04-01,1973-05-01,ME4 BM2,-8.4053
1973-04-01,1973-05-01,ME4 BM3,-2.3104
1973-04-01,1973-05-01,ME4 BM4,-2.5585
1973-04-01,1973-05-01,ME4 BM5,-4.9005
1973-04-01,1973-05-01,BIG LoBM,0.2196
1973-04-01,1973-05-01,ME5 BM2,-1.0717
1973-04-01,1973-05-01,ME5 BM3,-0.9933
1973-04-01,1973-05-01,ME5 BM4,-3.3207
1973-04-01,1973-05-01,BIG HiBM,-5.6495
1973-05-01,1973-06-01,SMALL LoBM,-5.0735
1973-05-01,1973-06-01,ME1 BM2,-3.8913
1973-05-01,1973-06-01,ME1 BM3,-4.851
1973-05-01,1973-06-01,ME1 BM4,-2.7837
1973-05-01,1973-06-01,SMALL HiBM,-2.3574
1973-05-01,1973-06-01,ME2 BM1,-6.9167
1973-05-01,1973-06-01,ME2 BM2,-3.6879
1973-05-01,1973-06-01,ME2 BM3,-2.9353
1973-05-01,1973-06-01,ME2 BM4,-2.1186
1973-05-01,1973-06-01,ME2 BM5,-1.9082
1973-05-01,1973-06-01,ME3 BM1,-6.0736
1973-05-01,1973-06-01,ME3 BM2,-3.0359
1973-05-01,1973-06-01,ME3 BM3,-1.6318
1973-05-01,1973-06-01,ME3 BM4,-1.2679
1973-05-01,1973-06-01,ME3 BM5,-2.7147
1973-05-01,1973-06-01,ME4 BM1,-4.5716
1973-05-01,1973-06-01,ME4 BM2,-3.8065
1973-05-01,1973-06-01,ME4 BM3,-3.1298
1973-05-01,1973-06-01,ME4 BM4,-0.9477
1973-05-01,1973-06-01,ME4 BM5,-3.8522
1973-05-01,1973-06-01,BIG LoBM,-0.3759
1973-05-01,1973-06-01,ME5 BM2,-0.344
1973-05-01,1973-06-01,ME5 BM3,0.8658
1973-05-01,1973-06-01,ME5 BM4,-0.7798
1973-05-01,1973-06-01,BIG HiBM,-2.0346
1973-06-01,1973-07-01,SMALL LoBM,19.072
1973-06-01,1973-07-01,ME1 BM2,16.1685
1973-06-01,1973-07-01,ME1 BM3,11.9528
1973-06-01,1973-07-01,ME1 BM4,13.397
1973-06-01,1973-07-01,SMALL HiBM,10.7737
1973-06-01,1973-07-01,ME2 BM1,21.4626
1973-06-01,1973-07-01,ME2 BM2,14.035
1973-06-01,1973-07-01,ME2 BM3,11.414
1973-06-01,1973-07-01,ME2 BM4,6.7447
1973-06-01,1973-07-01,ME2 BM5,10.0291
1973-06-01,1973-07-01,ME3 BM1,18.8871
1973-06-01,1973-07-01,ME3 BM2,9.6239
1973-06-01,1973-07-01,ME3 BM3,7.9777
1973-06-01,1973-07-01,ME3 BM4,2.3553
1973-06-01,1973-07-01,ME3 BM5,7.7105
1973-06-01,1973-07-01,ME4 BM1,15.3509
1973-06-01,1973-07-01,ME4 BM2,9.038
1973-06-01,1973-07-01,ME4 BM3,6.2119
1973-06-01,1973-07-01,ME4 BM4,3.7711
1973-06-01,1973-07-01,ME4 BM5,8.7438
1973-06-01,1973-07-01,BIG LoBM,5.4259
1973-06-01,1973-07-01,ME5 BM2,5.7071
1973-06-01,1973-07-01,ME5 BM3,-0.1917
1973-06-01,1973-07-01,ME5 BM4,1.9714
1973-06-01,1973-07-01,BIG HiBM,4.2147
1973-07-01,1973-08-01,SMALL LoBM,-5.3985
1973-07-01,1973-08-01,ME1 BM2,-6.8371
1973-07-01,1973-08-01,ME1 BM3,-6.0458
1973-07-01,1973-08-01,ME1 BM4,-5.955
1973-07-01,1973-08-01,SMALL HiBM,-4.5571
1973-07-01,1973-08-01,ME2 BM1,-2.7285
1973-07-01,1973-08-01,ME2 BM2,-7.3372
1973-07-01,1973-08-01,ME2 BM3,-4.7465
1973-07-01,1973-08-01,ME2 BM4,-5.2323
1973-07-01,1973-08-01,ME2 BM5,-4.0975
1973-07-01,1973-08-01,ME3 BM1,-3.026
1973-07-01,1973-08-01,ME3 BM2,-4.468
1973-07-01,1973-08-01,ME3 BM3,-3.4728
1973-07-01,1973-08-01,ME3 BM4,-2.7348
1973-07-01,1973-08-01,ME3 BM5,-0.7739
1973-07-01,1973-08-01,ME4 BM1,-2.4562
1973-07-01,1973-08-01,ME4 BM2,-1.1394
1973-07-01,1973-08-01,ME4 BM3,-2.5192
1973-07-01,1973-08-01,ME4 BM4,-1.8711
1973-07-01,1973-08-01,ME4 BM5,-0.7866
1973-07-01,1973-08-01,BIG LoBM,-3.4389
1973-07-01,1973-08-01,ME5 BM2,-2.2276
1973-07-01,1973-08-01,ME5 BM3,-3.694
1973-07-01,1973-08-01,ME5 BM4,-2.5386
1973-07-01,1973-08-01,BIG HiBM,0.7834
1973-08-01,1973-09-01,SMALL LoBM,12.0577
1973-08-01,1973-09-01,ME1 BM2,11.1544
1973-08-01,1973-09-01,ME1 BM3,6.9156
1973-08-01,1973-09-01,ME1 BM4,7.8112
1973-08-01,1973-09-01,SMALL HiBM,7.0507
1973-08-01,1973-09-01,ME2 BM1,11.0609
1973-08-01,1973-09-01,ME2 BM2,11.4221
1973-08-01,1973-09-01,ME2 BM3,11.848
1973-08-01,1973-09-01,ME2 BM4,6.9878
1973-08-01,1973-09-01,ME2 BM5,10.3359
1973-08-01,1973-09-01,ME3 BM1,11.2856
1973-08-01,1973-09-01,ME3 BM2,9.8005
1973-08-01,1973-09-01,ME3 BM3,10.1708
1973-08-01,1973-09-01,ME3 BM4,9.0113
1973-08-01,1973-09-01,ME3 BM5,10.5263
1973-08-01,1973-09-01,ME4 BM1,9.89
1973-08-01,1973-09-01,ME4 BM2,11.9637
1973-08-01,1973-09-01,ME4 BM3,11.1434
1973-08-01,1973-09-01,ME4 BM4,10.001
1973-08-01,1973-09-01,ME4 BM5,11.407
1973-08-01,1973-09-01,BIG LoBM,0.3144
1973-08-01,1973-09-01,ME5 BM2,7.0786
1973-08-01,1973-09-01,ME5 BM3,8.6242
1973-08-01,1973-09-01,ME5 BM4,8.6143
1973-08-01,1973-09-01,BIG HiBM,8.2805
1973-09-01,1973-10-01,SMALL LoBM,-2.5062
1973-09-01,1973-10-01,ME1 BM2,0.4746
1973-09-01,1973-10-01,ME1 BM3,1.4577
1973-09-01,1973-10-01,ME1 BM4,-0.0412
1973-09-01,1973-10-01,SMALL HiBM,1.3363
1973-09-01,1973-10-01,ME2 BM1,-3.0101
1973-09-01,1973-10-01,ME2 BM2,-2.9862
1973-09-01,1973-10-01,ME2 BM3,0.8678
1973-09-01,1973-10-01,ME2 BM4,1.7736
1973-09-01,1973-10-01,ME2 BM5,0.8798
1973-09-01,1973-10-01,ME3 BM1,-3.8558
1973-09-01,1973-10-01,ME3 BM2,2.3487
1973-09-01,1973-10-01,ME3 BM3,0.8595
1973-09-01,1973-10-01,ME3 BM4,-0.2304
1973-09-01,1973-10-01,ME3 BM5,1.5237
1973-09-01,1973-10-01,ME4 BM1,-2.3213
1973-09-01,1973-10-01,ME4 BM2,-1.8773
1973-09-01,1973-10-01,ME4 BM3,0.8811
1973-09-01,1973-10-01,ME4 BM4,-0.2276
1973-09-01,1973-10-01,ME4 BM5,1.6343
1973-09-01,1973-10-01,BIG LoBM,0.5308
1973-09-01,1973-10-01,ME5 BM2,-0.7673
1973-09-01,1973-10-01,ME5 BM3,0.1652
1973-09-01,1973-10-01,ME5 BM4,-2.9964
1973-09-01,1973-10-01,BIG HiBM,2.5391
1973-10-01,1973-11-01,SMALL LoBM,-25.1409
1973-10-01,1973-11-01,ME1 BM2,-21.0435
1973-10-01,1973-11-01,ME1 BM3,-19.2853
1973-10-01,1973-11-01,ME1 BM4,-16.9361
1973-10-01,1973-11-01,SMALL HiBM,-18.1953
1973-10-01,1973-11-01,ME2 BM1,-23.2438
1973-10-01,1973-11-01,ME2 BM2,-19.8936
1973-10-01,1973-11-01,ME2 BM3,-19.4595
1973-10-01,1973-11-01,ME2 BM4,-15.8426
1973-10-01,1973-11-01,ME2 BM5,-16.1633
1973-10-01,1973-11-01,ME3 BM1,-22.8001
1973-10-01,1973-11-01,ME3 BM2,-18.3924
1973-10-01,1973-11-01,ME3 BM3,-16.3364
1973-10-01,1973-11-01,ME3 BM4,-12.0439
1973-10-01,1973-11-01,ME3 BM5,-15.3687
1973-10-01,1973-11-01,ME4 BM1,-20.306
1973-10-01,1973-11-01,ME4 BM2,-17.1675
1973-10-01,1973-11-01,ME4 BM3,-13.9387
1973-10-01,1973-11-01,ME4 BM4,-12.6688
1973-10-01,1973-11-01,ME4 BM5,-14.7422
1973-10-01,1973-11-01,BIG LoBM,-10.8864
1973-10-01,1973-11-01,ME5 BM2,-12.3899
1973-10-01,1973-11-01,ME5 BM3,-10.8456
1973-10-01,1973-11-01,ME5 BM4,-6.2923
1973-10-01,1973-11-01,BIG HiBM,-8.2928
1973-11-01,1973-12-01,SMALL LoBM,-3.799
1973-11-01,1973-12-01,ME1 BM2,-4.7115
1973-11-01,1973-12-01,ME1 BM3,-2.8065
1973-11-01,1973-12-01,ME1 BM4,-3.8805
1973-11-01,1973-12-01,SMALL HiBM,-4.2881
1973-11-01,1973-12-01,ME2 BM1,-0.5494
1973-11-01,1973-12-01,ME2 BM2,-4.3047
1973-11-01,1973-12-01,ME2 BM3,-0.6982
1973-11-01,1973-12-01,ME2 BM4,-1.0296
1973-11-01,1973-12-01,ME2 BM5,-1.0822
1973-11-01,1973-12-01,ME3 BM1,-1.2476
1973-11-01,1973-12-01,ME3 BM2,0.4103
1973-11-01,1973-12-01,ME3 BM3,0.7942
1973-11-01,1973-12-01,ME3 BM4,1.1274
1973-11-01,1973-12-01,ME3 BM5,2.3758
1973-11-01,1973-12-01,ME4 BM1,0.2822
1973-11-01,1973-12-01,ME4 BM2,2.3343
1973-11-01,1973-12-01,ME4 BM3,6.8016
1973-11-01,1973-12-01,ME4 BM4,3.0468
1973-11-01,1973-12-01,ME4 BM5,7.0613
1973-11-01,1973-12-01,BIG LoBM,-1.6962
1973-11-01,1973-12-01,ME5 BM2,0.7835
1973-11-01,1973-12-01,ME5 BM3,7.279
1973-11-01,1973-12-01,ME5 BM4,5.0341
1973-11-01,1973-12-01,BIG HiBM,11.1402
1973-12-01,1974-01-01,SMALL LoBM,10.3843
1973-12-01,1974-01-01,ME1 BM2,14.4836
1973-12-01,1974-01-01,ME1 BM3,14.8589
1973-12-01,1974-01-01,ME1 BM4,12.919
1973-12-01,1974-01-01,SMALL HiBM,18.5375
1973-12-01,1974-01-01,ME2 BM1,4.682
1973-12-01,1974-01-01,ME2 BM2,10.5891
1973-12-01,1974-01-01,ME2 BM3,9.5355
1973-12-01,1974-01-01,ME2 BM4,10.2557
1973-12-01,1974-01-01,ME2 BM5,13.8823
1973-12-01,1974-01-01,ME3 BM1,5.0404
1973-12-01,1974-01-01,ME3 BM2,4.8892
1973-12-01,1974-01-01,ME3 BM3,8.1885
1973-12-01,1974-01-01,ME3 BM4,7.0388
1973-12-01,1974-01-01,ME3 BM5,11.5607
1973-12-01,1974-01-01,ME4 BM1,-2.1961
1973-12-01,1974-01-01,ME4 BM2,2.8295
1973-12-01,1974-01-01,ME4 BM3,2.924
1973-12-01,1974-01-01,ME4 BM4,7.978
1973-12-01,1974-01-01,ME4 BM5,5.6402
1973-12-01,1974-01-01,BIG LoBM,-1.9023
1973-12-01,1974-01-01,ME5 BM2,0.7523
1973-12-01,1974-01-01,ME5 BM3,-2.9811
1973-12-01,1974-01-01,ME5 BM4,0.6854
1973-12-01,1974-01-01,BIG HiBM,-0.0811
1974-01-01,1974-02-01,SMALL LoBM,-0.4504
1974-01-01,1974-02-01,ME1 BM2,-0.92
1974-01-01,1974-02-01,ME1 BM3,-0.5018
1974-01-01,1974-02-01,ME1 BM4,0.1953
1974-01-01,1974-02-01,SMALL HiBM,1.1295
1974-01-01,1974-02-01,ME2 BM1,0.3744
1974-01-01,1974-02-01,ME2 BM2,1.9002
1974-01-01,1974-02-01,ME2 BM3,1.1871
1974-01-01,1974-02-01,ME2 BM4,1.7737
1974-01-01,1974-02-01,ME2 BM5,3.8966
1974-01-01,1974-02-01,ME3 BM1,-2.7915
1974-01-01,1974-02-01,ME3 BM2,0.4491
1974-01-01,1974-02-01,ME3 BM3,1.1826
1974-01-01,1974-02-01,ME3 BM4,0.308
1974-01-01,1974-02-01,ME3 BM5,2.3508
1974-01-01,1974-02-01,ME4 BM1,-2.4407
1974-01-01,1974-02-01,ME4 BM2,0.9941
1974-01-01,1974-02-01,ME4 BM3,2.395
1974-01-01,1974-02-01,ME4 BM4,2.1288
1974-01-01,1974-02-01,ME4 BM5,3.5661
1974-01-01,1974-02-01,BIG LoBM,-1.1585
1974-01-01,1974-02-01,ME5 BM2,1.6036
1974-01-01,1974-02-01,ME5 BM3,-0.844
1974-01-01,1974-02-01,ME5 BM4,2.767
1974-01-01,1974-02-01,BIG HiBM,3.8685
1974-02-01,1974-03-01,SMALL LoBM,0.1496
1974-02-01,1974-03-01,ME1 BM2,-0.6508
1974-02-01,1974-03-01,ME1 BM3,0.2994
1974-02-01,1974-03-01,ME1 BM4,1.4259
1974-02-01,1974-03-01,SMALL HiBM,2.1476
1974-02-01,1974-03-01,ME2 BM1,-1.4628
1974-02-01,1974-03-01,ME2 BM2,1.2051
1974-02-01,1974-03-01,ME2 BM3,-1.436
1974-02-01,1974-03-01,ME2 BM4,-0.9013
1974-02-01,1974-03-01,ME2 BM5,0.5404
1974-02-01,1974-03-01,ME3 BM1,-1.5434
1974-02-01,1974-03-01,ME3 BM2,-0.8433
1974-02-01,1974-03-01,ME3 BM3,-2.9449
1974-02-01,1974-03-01,ME3 BM4,-1.7893
1974-02-01,1974-03-01,ME3 BM5,-1.0124
1974-02-01,1974-03-01,ME4 BM1,-2.557
1974-02-01,1974-03-01,ME4 BM2,-3.7921
1974-02-01,1974-03-01,ME4 BM3,-4.964
1974-02-01,1974-03-01,ME4 BM4,-2.7771
1974-02-01,1974-03-01,ME4 BM5,-2.2055
1974-02-01,1974-03-01,BIG LoBM,-1.4172
1974-02-01,1974-03-01,ME5 BM2,-3.7075
1974-02-01,1974-03-01,ME5 BM3,-2.399
1974-02-01,1974-03-01,ME5 BM4,-3.483
1974-02-01,1974-03-01,BIG HiBM,-4.7639
1974-03-01,1974-04-01,SMALL LoBM,-4.6452
1974-03-01,1974-04-01,ME1 BM2,-5.9099
1974-03-01,1974-04-01,ME1 BM3,-5.6044
1974-03-01,1974-04-01,ME1 BM4,-5.2032
1974-03-01,1974-04-01,SMALL HiBM,-3.9399
1974-03-01,1974-04-01,ME2 BM1,-8.3699
1974-03-01,1974-04-01,ME2 BM2,-6.407
1974-03-01,1974-04-01,ME2 BM3,-6.1834
1974-03-01,1974-04-01,ME2 BM4,-3.3861
1974-03-01,1974-04-01,ME2 BM5,-3.253
1974-03-01,1974-04-01,ME3 BM1,-6.2608
1974-03-01,1974-04-01,ME3 BM2,-6.77
1974-03-01,1974-04-01,ME3 BM3,-3.6318
1974-03-01,1974-04-01,ME3 BM4,-5.684
1974-03-01,1974-04-01,ME3 BM5,-2.3789
1974-03-01,1974-04-01,ME4 BM1,-6.9366
1974-03-01,1974-04-01,ME4 BM2,-6.8869
1974-03-01,1974-04-01,ME4 BM3,-5.9056
1974-03-01,1974-04-01,ME4 BM4,-6.6759
1974-03-01,1974-04-01,ME4 BM5,-1.6388
1974-03-01,1974-04-01,BIG LoBM,-2.7244
1974-03-01,1974-04-01,ME5 BM2,-4.8307
1974-03-01,1974-04-01,ME5 BM3,-5.0267
1974-03-01,1974-04-01,ME5 BM4,-6.1189
1974-03-01,1974-04-01,BIG HiBM,-5.4354
1974-04-01,1974-05-01,SMALL LoBM,-8.3293
1974-04-01,1974-05-01,ME1 BM2,-7.412
1974-04-01,1974-05-01,ME1 BM3,-8.0066
1974-04-01,1974-05-01,ME1 BM4,-7.0811
1974-04-01,1974-05-01,SMALL HiBM,-6.3617
1974-04-01,1974-05-01,ME2 BM1,-6.4469
1974-04-01,1974-05-01,ME2 BM2,-8.0731
1974-04-01,1974-05-01,ME2 BM3,-7.6726
1974-04-01,1974-05-01,ME2 BM4,-7.4152
1974-04-01,1974-05-01,ME2 BM5,-7.3854
1974-04-01,1974-05-01,ME3 BM1,-7.3109
1974-04-01,1974-05-01,ME3 BM2,-8.8767
1974-04-01,1974-05-01,ME3 BM3,-6.842
1974-04-01,1974-05-01,ME3 BM4,-7.4787
1974-04-01,1974-05-01,ME3 BM5,-8.3239
1974-04-01,1974-05-01,ME4 BM1,-6.133
1974-04-01,1974-05-01,ME4 BM2,-8.7447
1974-04-01,1974-05-01,ME4 BM3,-5.3801
1974-04-01,1974-05-01,ME4 BM4,-6.0258
1974-04-01,1974-05-01,ME4 BM5,-7.3483
1974-04-01,1974-05-01,BIG LoBM,-0.8696
1974-04-01,1974-05-01,ME5 BM2,-3.2807
1974-04-01,1974-05-01,ME5 BM3,-5.685
1974-04-01,1974-05-01,ME5 BM4,-3.3432
1974-04-01,1974-05-01,BIG HiBM,-7.8585
1974-05-01,1974-06-01,SMALL LoBM,-3.7151
1974-05-01,1974-06-01,ME1 BM2,-3.2725
1974-05-01,1974-06-01,ME1 BM3,-2.4467
1974-05-01,1974-06-01,ME1 BM4,-2.3285
1974-05-01,1974-06-01,SMALL HiBM,-1.5347
1974-05-01,1974-06-01,ME2 BM1,-3.5324
1974-05-01,1974-06-01,ME2 BM2,-4.0445
1974-05-01,1974-06-01,ME2 BM3,-3.2368
1974-05-01,1974-06-01,ME2 BM4,-0.6787
1974-05-01,1974-06-01,ME2 BM5,-0.583
1974-05-01,1974-06-01,ME3 BM1,-4.2626
1974-05-01,1974-06-01,ME3 BM2,-2.6343
1974-05-01,1974-06-01,ME3 BM3,-3.2272
1974-05-01,1974-06-01,ME3 BM4,-4.5555
1974-05-01,1974-06-01,ME3 BM5,-0.4817
1974-05-01,1974-06-01,ME4 BM1,-3.3051
1974-05-01,1974-06-01,ME4 BM2,-3.3972
1974-05-01,1974-06-01,ME4 BM3,-2.4006
1974-05-01,1974-06-01,ME4 BM4,-5.308
1974-05-01,1974-06-01,ME4 BM5,-4.4222
1974-05-01,1974-06-01,BIG LoBM,-1.49
1974-05-01,1974-06-01,ME5 BM2,-3.1496
1974-05-01,1974-06-01,ME5 BM3,-1.7531
1974-05-01,1974-06-01,ME5 BM4,-2.0432
1974-05-01,1974-06-01,BIG HiBM,1.5684
1974-06-01,1974-07-01,SMALL LoBM,-8.4715
1974-06-01,1974-07-01,ME1 BM2,-5.542
1974-06-01,1974-07-01,ME1 BM3,-5.0901
1974-06-01,1974-07-01,ME1 BM4,-4.5178
1974-06-01,1974-07-01,SMALL HiBM,-4.1407
1974-06-01,1974-07-01,ME2 BM1,-7.7825
1974-06-01,1974-07-01,ME2 BM2,-4.3188
1974-06-01,1974-07-01,ME2 BM3,-4.3046
1974-06-01,1974-07-01,ME2 BM4,-3.5962
1974-06-01,1974-07-01,ME2 BM5,-2.8372
1974-06-01,1974-07-01,ME3 BM1,-6.6715
1974-06-01,1974-07-01,ME3 BM2,-2.2587
1974-06-01,1974-07-01,ME3 BM3,-2.4339
1974-06-01,1974-07-01,ME3 BM4,-3.1012
1974-06-01,1974-07-01,ME3 BM5,0.97
1974-06-01,1974-07-01,ME4 BM1,-8.5003
1974-06-01,1974-07-01,ME4 BM2,-5.884
1974-06-01,1974-07-01,ME4 BM3,-2.2152
1974-06-01,1974-07-01,ME4 BM4,-0.7463
1974-06-01,1974-07-01,ME4 BM5,-1.6177
1974-06-01,1974-07-01,BIG LoBM,-10.8944
1974-06-01,1974-07-01,ME5 BM2,-4.1711
1974-06-01,1974-07-01,ME5 BM3,-3.6423
1974-06-01,1974-07-01,ME5 BM4,-4.12
1974-06-01,1974-07-01,BIG HiBM,-5.1544
1974-07-01,1974-08-01,SMALL LoBM,-9.1024
1974-07-01,1974-08-01,ME1 BM2,-8.3293
1974-07-01,1974-08-01,ME1 BM3,-7.5086
1974-07-01,1974-08-01,ME1 BM4,-7.5209
1974-07-01,1974-08-01,SMALL HiBM,-6.9933
1974-07-01,1974-08-01,ME2 BM1,-9.583
1974-07-01,1974-08-01,ME2 BM2,-10.9999
1974-07-01,1974-08-01,ME2 BM3,-6.0131
1974-07-01,1974-08-01,ME2 BM4,-7.6078
1974-07-01,1974-08-01,ME2 BM5,-5.4773
1974-07-01,1974-08-01,ME3 BM1,-10.8692
1974-07-01,1974-08-01,ME3 BM2,-10.4275
1974-07-01,1974-08-01,ME3 BM3,-6.7662
1974-07-01,1974-08-01,ME3 BM4,-7.279
1974-07-01,1974-08-01,ME3 BM5,-6.8996
1974-07-01,1974-08-01,ME4 BM1,-11.7833
1974-07-01,1974-08-01,ME4 BM2,-8.8539
1974-07-01,1974-08-01,ME4 BM3,-8.5932
1974-07-01,1974-08-01,ME4 BM4,-5.9969
1974-07-01,1974-08-01,ME4 BM5,-6.5303
1974-07-01,1974-08-01,BIG LoBM,-10.0071
1974-07-01,1974-08-01,ME5 BM2,-7.6464
1974-07-01,1974-08-01,ME5 BM3,-4.5925
1974-07-01,1974-08-01,ME5 BM4,-7.9405
1974-07-01,1974-08-01,BIG HiBM,-8.6889
1974-08-01,1974-09-01,SMALL LoBM,-12.8918
1974-08-01,1974-09-01,ME1 BM2,-8.6406
1974-08-01,1974-09-01,ME1 BM3,-6.9588
1974-08-01,1974-09-01,ME1 BM4,-6.9869
1974-08-01,1974-09-01,SMALL HiBM,-8.6717
1974-08-01,1974-09-01,ME2 BM1,-12.1581
1974-08-01,1974-09-01,ME2 BM2,-7.4995
1974-08-01,1974-09-01,ME2 BM3,-7.9126
1974-08-01,1974-09-01,ME2 BM4,-7.6586
1974-08-01,1974-09-01,ME2 BM5,-7.384
1974-08-01,1974-09-01,ME3 BM1,-13.1948
1974-08-01,1974-09-01,ME3 BM2,-8.2128
1974-08-01,1974-09-01,ME3 BM3,-6.8098
1974-08-01,1974-09-01,ME3 BM4,-4.7662
1974-08-01,1974-09-01,ME3 BM5,-6.4531
1974-08-01,1974-09-01,ME4 BM1,-11.5632
1974-08-01,1974-09-01,ME4 BM2,-6.851
1974-08-01,1974-09-01,ME4 BM3,-5.2946
1974-08-01,1974-09-01,ME4 BM4,-5.6118
1974-08-01,1974-09-01,ME4 BM5,-7.6631
1974-08-01,1974-09-01,BIG LoBM,-14.9186
1974-08-01,1974-09-01,ME5 BM2,-9.9753
1974-08-01,1974-09-01,ME5 BM3,-4.9295
1974-08-01,1974-09-01,ME5 BM4,-5.2452
1974-08-01,1974-09-01,BIG HiBM,-6.6313
1974-09-01,1974-10-01,SMALL LoBM,16.4012
1974-09-01,1974-10-01,ME1 BM2,7.1661
1974-09-01,1974-10-01,ME1 BM3,7.2194
1974-09-01,1974-10-01,ME1 BM4,7.7012
1974-09-01,1974-10-01,SMALL HiBM,8.855
1974-09-01,1974-10-01,ME2 BM1,16.4286
1974-09-01,1974-10-01,ME2 BM2,10.7328
1974-09-01,1974-10-01,ME2 BM3,6.7886
1974-09-01,1974-10-01,ME2 BM4,8.1387
1974-09-01,1974-10-01,ME2 BM5,6.7567
1974-09-01,1974-10-01,ME3 BM1,18.7726
1974-09-01,1974-10-01,ME3 BM2,10.9698
1974-09-01,1974-10-01,ME3 BM3,7.3522
1974-09-01,1974-10-01,ME3 BM4,8.3584
1974-09-01,1974-10-01,ME3 BM5,10.2116
1974-09-01,1974-10-01,ME4 BM1,21.2099
1974-09-01,1974-10-01,ME4 BM2,13.2178
1974-09-01,1974-10-01,ME4 BM3,11.5073
1974-09-01,1974-10-01,ME4 BM4,10.0293
1974-09-01,1974-10-01,ME4 BM5,8.7818
1974-09-01,1974-10-01,BIG LoBM,22.2031
1974-09-01,1974-10-01,ME5 BM2,13.8352
1974-09-01,1974-10-01,ME5 BM3,13.3401
1974-09-01,1974-10-01,ME5 BM4,10.6006
1974-09-01,1974-10-01,BIG HiBM,1.3923
1974-10-01,1974-11-01,SMALL LoBM,-6.1118
1974-10-01,1974-11-01,ME1 BM2,-5.6632
1974-10-01,1974-11-01,ME1 BM3,-5.0486
1974-10-01,1974-11-01,ME1 BM4,-5.2283
1974-10-01,1974-11-01,SMALL HiBM,-6.9362
1974-10-01,1974-11-01,ME2 BM1,-4.2392
1974-10-01,1974-11-01,ME2 BM2,-4.0404
1974-10-01,1974-11-01,ME2 BM3,-3.8907
1974-10-01,1974-11-01,ME2 BM4,-5.1526
1974-10-01,1974-11-01,ME2 BM5,-7.0524
1974-10-01,1974-11-01,ME3 BM1,-4.7126
1974-10-01,1974-11-01,ME3 BM2,-3.9682
1974-10-01,1974-11-01,ME3 BM3,-2.8586
1974-10-01,1974-11-01,ME3 BM4,-4.1493
1974-10-01,1974-11-01,ME3 BM5,-1.9526
1974-10-01,1974-11-01,ME4 BM1,-2.2883
1974-10-01,1974-11-01,ME4 BM2,-0.3565
1974-10-01,1974-11-01,ME4 BM3,-1.5244
1974-10-01,1974-11-01,ME4 BM4,-4.0003
1974-10-01,1974-11-01,ME4 BM5,-4.7937
1974-10-01,1974-11-01,BIG LoBM,-4.5668
1974-10-01,1974-11-01,ME5 BM2,-3.3143
1974-10-01,1974-11-01,ME5 BM3,-4.0859
1974-10-01,1974-11-01,ME5 BM4,-2.4032
1974-10-01,1974-11-01,BIG HiBM,-4.1831
1974-11-01,1974-12-01,SMALL LoBM,-7.0853
1974-11-01,1974-12-01,ME1 BM2,-8.1334
1974-11-01,1974-12-01,ME1 BM3,-7.2474
1974-11-01,1974-12-01,ME1 BM4,-7.4998
1974-11-01,1974-12-01,SMALL HiBM,-8.9705
1974-11-01,1974-12-01,ME2 BM1,-6.3349
1974-11-01,1974-12-01,ME2 BM2,-6.1392
1974-11-01,1974-12-01,ME2 BM3,-5.2226
1974-11-01,1974-12-01,ME2 BM4,-6.8763
1974-11-01,1974-12-01,ME2 BM5,-5.644
1974-11-01,1974-12-01,ME3 BM1,-5.602
1974-11-01,1974-12-01,ME3 BM2,-4.227
1974-11-01,1974-12-01,ME3 BM3,-4.0872
1974-11-01,1974-12-01,ME3 BM4,-4.9878
1974-11-01,1974-12-01,ME3 BM5,-7.2481
1974-11-01,1974-12-01,ME4 BM1,-4.4703
1974-11-01,1974-12-01,ME4 BM2,-2.8228
1974-11-01,1974-12-01,ME4 BM3,-3.9626
1974-11-01,1974-12-01,ME4 BM4,-2.113
1974-11-01,1974-12-01,ME4 BM5,-8.6745
1974-11-01,1974-12-01,BIG LoBM,-3.8274
1974-11-01,1974-12-01,ME5 BM2,0.4302
1974-11-01,1974-12-01,ME5 BM3,1.3441
1974-11-01,1974-12-01,ME5 BM4,-1.1046
1974-11-01,1974-12-01,BIG HiBM,1.8779
1974-12-01,1975-01-01,SMALL LoBM,25.1985
1974-12-01,1975-01-01,ME1 BM2,30.069
1974-12-01,1975-01-01,ME1 BM3,28.2814
1974-12-01,1975-01-01,ME1 BM4,28.2656
1974-12-01,1975-01-01,SMALL HiBM,33.2035
1974-12-01,1975-01-01,ME2 BM1,21.4454
1974-12-01,1975-01-01,ME2 BM2,26.6206
1974-12-01,1975-01-01,ME2 BM3,26.6153
1974-12-01,1975-01-01,ME2 BM4,27.1808
1974-12-01,1975-01-01,ME2 BM5,29.6542
1974-12-01,1975-01-01,ME3 BM1,18.9787
1974-12-01,1975-01-01,ME3 BM2,25.0351
1974-12-01,1975-01-01,ME3 BM3,22.0549
1974-12-01,1975-01-01,ME3 BM4,23.4949
1974-12-01,1975-01-01,ME3 BM5,29.2201
1974-12-01,1975-01-01,ME4 BM1,15.6047
1974-12-01,1975-01-01,ME4 BM2,20.246
1974-12-01,1975-01-01,ME4 BM3,23.8873
1974-12-01,1975-01-01,ME4 BM4,24.0697
1974-12-01,1975-01-01,ME4 BM5,27.8541
1974-12-01,1975-01-01,BIG LoBM,9.3012
1974-12-01,1975-01-01,ME5 BM2,13.9775
1974-12-01,1975-01-01,ME5 BM3,13.932
1974-12-01,1975-01-01,ME5 BM4,19.8662
1974-12-01,1975-01-01,BIG HiBM,15.6797
1975-01-01,1975-02-01,SMALL LoBM,7.7169
1975-01-01,1975-02-01,ME1 BM2,5.1878
1975-01-01,1975-02-01,ME1 BM3,3.2137
1975-01-01,1975-02-01,ME1 BM4,3.6068
1975-01-01,1975-02-01,SMALL HiBM,4.9859
1975-01-01,1975-02-01,ME2 BM1,8.5324
1975-01-01,1975-02-01,ME2 BM2,6.7867
1975-01-01,1975-02-01,ME2 BM3,1.5567
1975-01-01,1975-02-01,ME2 BM4,3.8163
1975-01-01,1975-02-01,ME2 BM5,2.0191
1975-01-01,1975-02-01,ME3 BM1,7.4185
1975-01-01,1975-02-01,ME3 BM2,3.1953
1975-01-01,1975-02-01,ME3 BM3,3.2423
1975-01-01,1975-02-01,ME3 BM4,4.5844
1975-01-01,1975-02-01,ME3 BM5,4.6654
1975-01-01,1975-02-01,ME4 BM1,6.4918
1975-01-01,1975-02-01,ME4 BM2,2.7081
1975-01-01,1975-02-01,ME4 BM3,1.7455
1975-01-01,1975-02-01,ME4 BM4,2.832
1975-01-01,1975-02-01,ME4 BM5,2.7556
1975-01-01,1975-02-01,BIG LoBM,9.6064
1975-01-01,1975-02-01,ME5 BM2,2.75
1975-01-01,1975-02-01,ME5 BM3,3.7671
1975-01-01,1975-02-01,ME5 BM4,2.2084
1975-01-01,1975-02-01,BIG HiBM,-3.2339
1975-02-01,1975-03-01,SMALL LoBM,8.9409
1975-02-01,1975-03-01,ME1 BM2,10.7724
1975-02-01,1975-03-01,ME1 BM3,8.807
1975-02-01,1975-03-01,ME1 BM4,8.0019
1975-02-01,1975-03-01,SMALL HiBM,9.7477
1975-02-01,1975-03-01,ME2 BM1,6.8158
1975-02-01,1975-03-01,ME2 BM2,7.1514
1975-02-01,1975-03-01,ME2 BM3,6.8766
1975-02-01,1975-03-01,ME2 BM4,5.8896
1975-02-01,1975-03-01,ME2 BM5,8.5342
1975-02-01,1975-03-01,ME3 BM1,5.9567
1975-02-01,1975-03-01,ME3 BM2,6.6347
1975-02-01,1975-03-01,ME3 BM3,4.2543
1975-02-01,1975-03-01,ME3 BM4,7.1121
1975-02-01,1975-03-01,ME3 BM5,5.3077
1975-02-01,1975-03-01,ME4 BM1,5.9257
1975-02-01,1975-03-01,ME4 BM2,6.2005
1975-02-01,1975-03-01,ME4 BM3,5.3121
1975-02-01,1975-03-01,ME4 BM4,5.0619
1975-02-01,1975-03-01,ME4 BM5,5.0417
1975-02-01,1975-03-01,BIG LoBM,2.7082
1975-02-01,1975-03-01,ME5 BM2,1.8429
1975-02-01,1975-03-01,ME5 BM3,-1.1943
1975-02-01,1975-03-01,ME5 BM4,6.2754
1975-02-01,1975-03-01,BIG HiBM,6.1513
1975-03-01,1975-04-01,SMALL LoBM,7.2429
1975-03-01,1975-04-01,ME1 BM2,6.2618
1975-03-01,1975-04-01,ME1 BM3,4.1693
1975-03-01,1975-04-01,ME1 BM4,2.889
1975-03-01,1975-04-01,SMALL HiBM,3.0793
1975-03-01,1975-04-01,ME2 BM1,6.0252
1975-03-01,1975-04-01,ME2 BM2,3.783
1975-03-01,1975-04-01,ME2 BM3,2.7489
1975-03-01,1975-04-01,ME2 BM4,1.3663
1975-03-01,1975-04-01,ME2 BM5,3.9616
1975-03-01,1975-04-01,ME3 BM1,5.6696
1975-03-01,1975-04-01,ME3 BM2,4.8498
1975-03-01,1975-04-01,ME3 BM3,5.1843
1975-03-01,1975-04-01,ME3 BM4,3.8238
1975-03-01,1975-04-01,ME3 BM5,3.2776
1975-03-01,1975-04-01,ME4 BM1,6.9673
1975-03-01,1975-04-01,ME4 BM2,3.2652
1975-03-01,1975-04-01,ME4 BM3,2.7861
1975-03-01,1975-04-01,ME4 BM4,4.9253
1975-03-01,1975-04-01,ME4 BM5,6.6052
1975-03-01,1975-04-01,BIG LoBM,5.7208
1975-03-01,1975-04-01,ME5 BM2,4.7546
1975-03-01,1975-04-01,ME5 BM3,0.8657
1975-03-01,1975-04-01,ME5 BM4,5.4812
1975-03-01,1975-04-01,BIG HiBM,5.0109
1975-04-01,1975-05-01,SMALL LoBM,11.7289
1975-04-01,1975-05-01,ME1 BM2,11.1419
1975-04-01,1975-05-01,ME1 BM3,8.387
1975-04-01,1975-05-01,ME1 BM4,7.9429
1975-04-01,1975-05-01,SMALL HiBM,7.0959
1975-04-01,1975-05-01,ME2 BM1,12.1382
1975-04-01,1975-05-01,ME2 BM2,7.8542
1975-04-01,1975-05-01,ME2 BM3,6.9722
1975-04-01,1975-05-01,ME2 BM4,7.8459
1975-04-01,1975-05-01,ME2 BM5,7.699
1975-04-01,1975-05-01,ME3 BM1,5.2595
1975-04-01,1975-05-01,ME3 BM2,8.1834
1975-04-01,1975-05-01,ME3 BM3,4.3832
1975-04-01,1975-05-01,ME3 BM4,7.9967
1975-04-01,1975-05-01,ME3 BM5,1.2462
1975-04-01,1975-05-01,ME4 BM1,7.744
1975-04-01,1975-05-01,ME4 BM2,5.6637
1975-04-01,1975-05-01,ME4 BM3,5.4565
1975-04-01,1975-05-01,ME4 BM4,3.9196
1975-04-01,1975-05-01,ME4 BM5,5.8189
1975-04-01,1975-05-01,BIG LoBM,4.9723
1975-04-01,1975-05-01,ME5 BM2,8.5905
1975-04-01,1975-05-01,ME5 BM3,4.661
1975-04-01,1975-05-01,ME5 BM4,-0.3741
1975-04-01,1975-05-01,BIG HiBM,0.952
1975-05-01,1975-06-01,SMALL LoBM,5.6052
1975-05-01,1975-06-01,ME1 BM2,7.6895
1975-05-01,1975-06-01,ME1 BM3,7.4868
1975-05-01,1975-06-01,ME1 BM4,8.958
1975-05-01,1975-06-01,SMALL HiBM,8.1412
1975-05-01,1975-06-01,ME2 BM1,9.5278
1975-05-01,1975-06-01,ME2 BM2,7.333
1975-05-01,1975-06-01,ME2 BM3,7.1415
1975-05-01,1975-06-01,ME2 BM4,8.3878
1975-05-01,1975-06-01,ME2 BM5,2.9795
1975-05-01,1975-06-01,ME3 BM1,5.7932
1975-05-01,1975-06-01,ME3 BM2,5.2228
1975-05-01,1975-06-01,ME3 BM3,6.6343
1975-05-01,1975-06-01,ME3 BM4,5.5792
1975-05-01,1975-06-01,ME3 BM5,4.7688
1975-05-01,1975-06-01,ME4 BM1,5.2291
1975-05-01,1975-06-01,ME4 BM2,7.772
1975-05-01,1975-06-01,ME4 BM3,7.6449
1975-05-01,1975-06-01,ME4 BM4,10.544
1975-05-01,1975-06-01,ME4 BM5,8.9636
1975-05-01,1975-06-01,BIG LoBM,3.5527
1975-05-01,1975-06-01,ME5 BM2,7.1334
1975-05-01,1975-06-01,ME5 BM3,4.8652
1975-05-01,1975-06-01,ME5 BM4,6.8054
1975-05-01,1975-06-01,BIG HiBM,7.4251
1975-06-01,1975-07-01,SMALL LoBM,-1.7352
1975-06-01,1975-07-01,ME1 BM2,0.2287
1975-06-01,1975-07-01,ME1 BM3,-1.3736
1975-06-01,1975-07-01,ME1 BM4,-0.6749
1975-06-01,1975-07-01,SMALL HiBM,-0.622
1975-06-01,1975-07-01,ME2 BM1,-3.604
1975-06-01,1975-07-01,ME2 BM2,-3.2351
1975-06-01,1975-07-01,ME2 BM3,-2.3121
1975-06-01,1975-07-01,ME2 BM4,-3.4625
1975-06-01,1975-07-01,ME2 BM5,-4.0898
1975-06-01,1975-07-01,ME3 BM1,-5.1617
1975-06-01,1975-07-01,ME3 BM2,-3.4102
1975-06-01,1975-07-01,ME3 BM3,-3.4512
1975-06-01,1975-07-01,ME3 BM4,-3.7802
1975-06-01,1975-07-01,ME3 BM5,-5.9753
1975-06-01,1975-07-01,ME4 BM1,-7.2791
1975-06-01,1975-07-01,ME4 BM2,-6.3941
1975-06-01,1975-07-01,ME4 BM3,-4.2064
1975-06-01,1975-07-01,ME4 BM4,-4.2931
1975-06-01,1975-07-01,ME4 BM5,-6.8476
1975-06-01,1975-07-01,BIG LoBM,-8.1429
1975-06-01,1975-07-01,ME5 BM2,-4.1032
1975-06-01,1975-07-01,ME5 BM3,-4.6279
1975-06-01,1975-07-01,ME5 BM4,-5.7062
1975-06-01,1975-07-01,BIG HiBM,-1.5548
1975-07-01,1975-08-01,SMALL LoBM,-6.8287
1975-07-01,1975-08-01,ME1 BM2,-6.2774
1975-07-01,1975-08-01,ME1 BM3,-4.6618
1975-07-01,1975-08-01,ME1 BM4,-5.4237
1975-07-01,1975-08-01,SMALL HiBM,-7.817
1975-07-01,1975-08-01,ME2 BM1,-4.7166
1975-07-01,1975-08-01,ME2 BM2,-3.8617
1975-07-01,1975-08-01,ME2 BM3,-5.3924
1975-07-01,1975-08-01,ME2 BM4,-4.1021
1975-07-01,1975-08-01,ME2 BM5,-7.906
1975-07-01,1975-08-01,ME3 BM1,-3.9091
1975-07-01,1975-08-01,ME3 BM2,-3.328
1975-07-01,1975-08-01,ME3 BM3,-3.1745
1975-07-01,1975-08-01,ME3 BM4,-4.2999
1975-07-01,1975-08-01,ME3 BM5,-5.6477
1975-07-01,1975-08-01,ME4 BM1,-4.4046
1975-07-01,1975-08-01,ME4 BM2,-3.3731
1975-07-01,1975-08-01,ME4 BM3,-3.1474
1975-07-01,1975-08-01,ME4 BM4,-2.4419
1975-07-01,1975-08-01,ME4 BM5,-0.6864
1975-07-01,1975-08-01,BIG LoBM,-1.9466
1975-07-01,1975-08-01,ME5 BM2,-1.8242
1975-07-01,1975-08-01,ME5 BM3,-1.7367
1975-07-01,1975-08-01,ME5 BM4,2.1809
1975-07-01,1975-08-01,BIG HiBM,-4.4636
1975-08-01,1975-09-01,SMALL LoBM,-5.4907
1975-08-01,1975-09-01,ME1 BM2,-2.5546
1975-08-01,1975-09-01,ME1 BM3,-3.3164
1975-08-01,1975-09-01,ME1 BM4,-2.9674
1975-08-01,1975-09-01,SMALL HiBM,-3.8371
1975-08-01,1975-09-01,ME2 BM1,-3.2862
1975-08-01,1975-09-01,ME2 BM2,-3.951
1975-08-01,1975-09-01,ME2 BM3,-3.492
1975-08-01,1975-09-01,ME2 BM4,-3.4523
1975-08-01,1975-09-01,ME2 BM5,-5.4483
1975-08-01,1975-09-01,ME3 BM1,-5.2618
1975-08-01,1975-09-01,ME3 BM2,-2.8344
1975-08-01,1975-09-01,ME3 BM3,-4.0597
1975-08-01,1975-09-01,ME3 BM4,-4.1734
1975-08-01,1975-09-01,ME3 BM5,-4.0265
1975-08-01,1975-09-01,ME4 BM1,-4.5177
1975-08-01,1975-09-01,ME4 BM2,-3.4387
1975-08-01,1975-09-01,ME4 BM3,-3.4597
1975-08-01,1975-09-01,ME4 BM4,-3.1481
1975-08-01,1975-09-01,ME4 BM5,-4.4732
1975-08-01,1975-09-01,BIG LoBM,-4.6265
1975-08-01,1975-09-01,ME5 BM2,-1.3094
1975-08-01,1975-09-01,ME5 BM3,-2.4132
1975-08-01,1975-09-01,ME5 BM4,-4.2387
1975-08-01,1975-09-01,BIG HiBM,-5.3542
1975-09-01,1975-10-01,SMALL LoBM,1.2311
1975-09-01,1975-10-01,ME1 BM2,1.341
1975-09-01,1975-10-01,ME1 BM3,2.7032
1975-09-01,1975-10-01,ME1 BM4,2.9432
1975-09-01,1975-10-01,SMALL HiBM,1.0143
1975-09-01,1975-10-01,ME2 BM1,2.2264
1975-09-01,1975-10-01,ME2 BM2,4.1316
1975-09-01,1975-10-01,ME2 BM3,1.4048
1975-09-01,1975-10-01,ME2 BM4,4.1053
1975-09-01,1975-10-01,ME2 BM5,4.2278
1975-09-01,1975-10-01,ME3 BM1,1.8721
1975-09-01,1975-10-01,ME3 BM2,3.8634
1975-09-01,1975-10-01,ME3 BM3,3.5306
1975-09-01,1975-10-01,ME3 BM4,5.2559
1975-09-01,1975-10-01,ME3 BM5,0.3648
1975-09-01,1975-10-01,ME4 BM1,5.6899
1975-09-01,1975-10-01,ME4 BM2,6.3416
1975-09-01,1975-10-01,ME4 BM3,7.0906
1975-09-01,1975-10-01,ME4 BM4,5.576
1975-09-01,1975-10-01,ME4 BM5,6.9316
1975-09-01,1975-10-01,BIG LoBM,7.1686
1975-09-01,1975-10-01,ME5 BM2,5.6243
1975-09-01,1975-10-01,ME5 BM3,4.413
1975-09-01,1975-10-01,ME5 BM4,6.8431
1975-09-01,1975-10-01,BIG HiBM,3.9012
1975-10-01,1975-11-01,SMALL LoBM,-0.0803
1975-10-01,1975-11-01,ME1 BM2,2.0314
1975-10-01,1975-11-01,ME1 BM3,1.8333
1975-10-01,1975-11-01,ME1 BM4,2.3037
1975-10-01,1975-11-01,SMALL HiBM,3.7319
1975-10-01,1975-11-01,ME2 BM1,-0.0338
1975-10-01,1975-11-01,ME2 BM2,3.1542
1975-10-01,1975-11-01,ME2 BM3,2.1169
1975-10-01,1975-11-01,ME2 BM4,4.1683
1975-10-01,1975-11-01,ME2 BM5,4.1218
1975-10-01,1975-11-01,ME3 BM1,1.9551
1975-10-01,1975-11-01,ME3 BM2,2.8979
1975-10-01,1975-11-01,ME3 BM3,4.6344
1975-10-01,1975-11-01,ME3 BM4,4.2177
1975-10-01,1975-11-01,ME3 BM5,1.1077
1975-10-01,1975-11-01,ME4 BM1,2.9615
1975-10-01,1975-11-01,ME4 BM2,4.0792
1975-10-01,1975-11-01,ME4 BM3,4.0087
1975-10-01,1975-11-01,ME4 BM4,7.0322
1975-10-01,1975-11-01,ME4 BM5,6.0613
1975-10-01,1975-11-01,BIG LoBM,3.2696
1975-10-01,1975-11-01,ME5 BM2,2.1354
1975-10-01,1975-11-01,ME5 BM3,3.2359
1975-10-01,1975-11-01,ME5 BM4,2.973
1975-10-01,1975-11-01,BIG HiBM,4.7373
1975-11-01,1975-12-01,SMALL LoBM,-0.8609
1975-11-01,1975-12-01,ME1 BM2,-1.2186
1975-11-01,1975-12-01,ME1 BM3,-1.1328
1975-11-01,1975-12-01,ME1 BM4,-1.2291
1975-11-01,1975-12-01,SMALL HiBM,-1.2607
1975-11-01,1975-12-01,ME2 BM1,-2.6223
1975-11-01,1975-12-01,ME2 BM2,-1.4387
1975-11-01,1975-12-01,ME2 BM3,0.8702
1975-11-01,1975-12-01,ME2 BM4,-1.0184
1975-11-01,1975-12-01,ME2 BM5,-2.237
1975-11-01,1975-12-01,ME3 BM1,-0.8343
1975-11-01,1975-12-01,ME3 BM2,-1.4874
1975-11-01,1975-12-01,ME3 BM3,0.712
1975-11-01,1975-12-01,ME3 BM4,-0.2133
1975-11-01,1975-12-01,ME3 BM5,3.0862
1975-11-01,1975-12-01,ME4 BM1,-2.4317
1975-11-01,1975-12-01,ME4 BM2,0.7102
1975-11-01,1975-12-01,ME4 BM3,-0.1656
1975-11-01,1975-12-01,ME4 BM4,-0.4225
1975-11-01,1975-12-01,ME4 BM5,-0.7657
1975-11-01,1975-12-01,BIG LoBM,-2.5986
1975-11-01,1975-12-01,ME5 BM2,0.9139
1975-11-01,1975-12-01,ME5 BM3,0.2335
1975-11-01,1975-12-01,ME5 BM4,0.6389
1975-11-01,1975-12-01,BIG HiBM,5.2476
1975-12-01,1976-01-01,SMALL LoBM,15.6909
1975-12-01,1976-01-01,ME1 BM2,16.9568
1975-12-01,1976-01-01,ME1 BM3,21.4911
1975-12-01,1976-01-01,ME1 BM4,23.4947
1975-12-01,1976-01-01,SMALL HiBM,26.9278
1975-12-01,1976-01-01,ME2 BM1,13.032
1975-12-01,1976-01-01,ME2 BM2,16.4669
1975-12-01,1976-01-01,ME2 BM3,16.5383
1975-12-01,1976-01-01,ME2 BM4,21.2334
1975-12-01,1976-01-01,ME2 BM5,26.7618
1975-12-01,1976-01-01,ME3 BM1,16.1852
1975-12-01,1976-01-01,ME3 BM2,15.0803
1975-12-01,1976-01-01,ME3 BM3,16.9741
1975-12-01,1976-01-01,ME3 BM4,18.3283
1975-12-01,1976-01-01,ME3 BM5,21.5876
1975-12-01,1976-01-01,ME4 BM1,12.738
1975-12-01,1976-01-01,ME4 BM2,13.4483
1975-12-01,1976-01-01,ME4 BM3,16.5284
1975-12-01,1976-01-01,ME4 BM4,18.5687
1975-12-01,1976-01-01,ME4 BM5,22.5976
1975-12-01,1976-01-01,BIG LoBM,11.1489
1975-12-01,1976-01-01,ME5 BM2,9.5133
1975-12-01,1976-01-01,ME5 BM3,13.8833
1975-12-01,1976-01-01,ME5 BM4,17.0251
1975-12-01,1976-01-01,BIG HiBM,15.1633
1976-01-01,1976-02-01,SMALL LoBM,10.1979
1976-01-01,1976-02-01,ME1 BM2,7.3918
1976-01-01,1976-02-01,ME1 BM3,10.1221
1976-01-01,1976-02-01,ME1 BM4,11.7814
1976-01-01,1976-02-01,SMALL HiBM,15.7746
1976-01-01,1976-02-01,ME2 BM1,7.532
1976-01-01,1976-02-01,ME2 BM2,6.4103
1976-01-01,1976-02-01,ME2 BM3,7.3684
1976-01-01,1976-02-01,ME2 BM4,8.6847
1976-01-01,1976-02-01,ME2 BM5,11.3194
1976-01-01,1976-02-01,ME3 BM1,3.8959
1976-01-01,1976-02-01,ME3 BM2,3.767
1976-01-01,1976-02-01,ME3 BM3,5.5082
1976-01-01,1976-02-01,ME3 BM4,7.1075
1976-01-01,1976-02-01,ME3 BM5,13.0954
1976-01-01,1976-02-01,ME4 BM1,0.7301
1976-01-01,1976-02-01,ME4 BM2,3.3738
1976-01-01,1976-02-01,ME4 BM3,4.3052
1976-01-01,1976-02-01,ME4 BM4,4.9045
1976-01-01,1976-02-01,ME4 BM5,3.9316
1976-01-01,1976-02-01,BIG LoBM,-2.3321
1976-01-01,1976-02-01,ME5 BM2,1.4153
1976-01-01,1976-02-01,ME5 BM3,-0.8382
1976-01-01,1976-02-01,ME5 BM4,-1.0065
1976-01-01,1976-02-01,BIG HiBM,9.4418
1976-02-01,1976-03-01,SMALL LoBM,3.2229
1976-02-01,1976-03-01,ME1 BM2,2.1417
1976-02-01,1976-03-01,ME1 BM3,2.0225
1976-02-01,1976-03-01,ME1 BM4,0.7255
1976-02-01,1976-03-01,SMALL HiBM,1.447
1976-02-01,1976-03-01,ME2 BM1,0.9158
1976-02-01,1976-03-01,ME2 BM2,1.025
1976-02-01,1976-03-01,ME2 BM3,0.1692
1976-02-01,1976-03-01,ME2 BM4,1.1911
1976-02-01,1976-03-01,ME2 BM5,2.7152
1976-02-01,1976-03-01,ME3 BM1,1.3066
1976-02-01,1976-03-01,ME3 BM2,0.8596
1976-02-01,1976-03-01,ME3 BM3,1.9781
1976-02-01,1976-03-01,ME3 BM4,1.9552
1976-02-01,1976-03-01,ME3 BM5,2.1419
1976-02-01,1976-03-01,ME4 BM1,0.8853
1976-02-01,1976-03-01,ME4 BM2,2.0607
1976-02-01,1976-03-01,ME4 BM3,1.2048
1976-02-01,1976-03-01,ME4 BM4,1.5671
1976-02-01,1976-03-01,ME4 BM5,6.8046
1976-02-01,1976-03-01,BIG LoBM,3.1416
1976-02-01,1976-03-01,ME5 BM2,3.6845
1976-02-01,1976-03-01,ME5 BM3,2.9891
1976-02-01,1976-03-01,ME5 BM4,3.1458
1976-02-01,1976-03-01,BIG HiBM,-1.0107
1976-03-01,1976-04-01,SMALL LoBM,-1.2603
1976-03-01,1976-04-01,ME1 BM2,-0.8374
1976-03-01,1976-04-01,ME1 BM3,-2.6732
1976-03-01,1976-04-01,ME1 BM4,-1.1099
1976-03-01,1976-04-01,SMALL HiBM,-1.8772
1976-03-01,1976-04-01,ME2 BM1,-1.236
1976-03-01,1976-04-01,ME2 BM2,-1.5847
1976-03-01,1976-04-01,ME2 BM3,-0.6005
1976-03-01,1976-04-01,ME2 BM4,-0.9974
1976-03-01,1976-04-01,ME2 BM5,-2.1461
1976-03-01,1976-04-01,ME3 BM1,-1.5577
1976-03-01,1976-04-01,ME3 BM2,0.031
1976-03-01,1976-04-01,ME3 BM3,-0.6887
1976-03-01,1976-04-01,ME3 BM4,-0.9683
1976-03-01,1976-04-01,ME3 BM5,-0.4939
1976-03-01,1976-04-01,ME4 BM1,-1.61
1976-03-01,1976-04-01,ME4 BM2,-1.3784
1976-03-01,1976-04-01,ME4 BM3,-0.5292
1976-03-01,1976-04-01,ME4 BM4,-2.2787
1976-03-01,1976-04-01,ME4 BM5,-3.7345
1976-03-01,1976-04-01,BIG LoBM,-2.2738
1976-03-01,1976-04-01,ME5 BM2,0.3527
1976-03-01,1976-04-01,ME5 BM3,1.6001
1976-03-01,1976-04-01,ME5 BM4,0.8283
1976-03-01,1976-04-01,BIG HiBM,1.1439
1976-04-01,1976-05-01,SMALL LoBM,-1.8621
1976-04-01,1976-05-01,ME1 BM2,-1.8109
1976-04-01,1976-05-01,ME1 BM3,-1.5438
1976-04-01,1976-05-01,ME1 BM4,-3.6248
1976-04-01,1976-05-01,SMALL HiBM,-4.4935
1976-04-01,1976-05-01,ME2 BM1,-0.5759
1976-04-01,1976-05-01,ME2 BM2,-2.0724
1976-04-01,1976-05-01,ME2 BM3,-1.0338
1976-04-01,1976-05-01,ME2 BM4,-2.6284
1976-04-01,1976-05-01,ME2 BM5,-4.4012
1976-04-01,1976-05-01,ME3 BM1,-1.492
1976-04-01,1976-05-01,ME3 BM2,-1.4472
1976-04-01,1976-05-01,ME3 BM3,-1.6342
1976-04-01,1976-05-01,ME3 BM4,-1.4612
1976-04-01,1976-05-01,ME3 BM5,-2.9869
1976-04-01,1976-05-01,ME4 BM1,-2.3531
1976-04-01,1976-05-01,ME4 BM2,-1.2202
1976-04-01,1976-05-01,ME4 BM3,-1.0254
1976-04-01,1976-05-01,ME4 BM4,-4.2348
1976-04-01,1976-05-01,ME4 BM5,1.226
1976-04-01,1976-05-01,BIG LoBM,-1.055
1976-04-01,1976-05-01,ME5 BM2,0.5886
1976-04-01,1976-05-01,ME5 BM3,-0.9657
1976-04-01,1976-05-01,ME5 BM4,-2.0507
1976-04-01,1976-05-01,BIG HiBM,1.3951
1976-05-01,1976-06-01,SMALL LoBM,4.2856
1976-05-01,1976-06-01,ME1 BM2,2.2115
1976-05-01,1976-06-01,ME1 BM3,1.9918
1976-05-01,1976-06-01,ME1 BM4,3.3202
1976-05-01,1976-06-01,SMALL HiBM,2.0504
1976-05-01,1976-06-01,ME2 BM1,2.6463
1976-05-01,1976-06-01,ME2 BM2,3.1161
1976-05-01,1976-06-01,ME2 BM3,3.4032
1976-05-01,1976-06-01,ME2 BM4,3.589
1976-05-01,1976-06-01,ME2 BM5,6.0871
1976-05-01,1976-06-01,ME3 BM1,4.3787
1976-05-01,1976-06-01,ME3 BM2,5.3241
1976-05-01,1976-06-01,ME3 BM3,6.5488
1976-05-01,1976-06-01,ME3 BM4,4.5276
1976-05-01,1976-06-01,ME3 BM5,8.1408
1976-05-01,1976-06-01,ME4 BM1,4.1091
1976-05-01,1976-06-01,ME4 BM2,5.0403
1976-05-01,1976-06-01,ME4 BM3,7.0142
1976-05-01,1976-06-01,ME4 BM4,8.3753
1976-05-01,1976-06-01,ME4 BM5,3.9122
1976-05-01,1976-06-01,BIG LoBM,4.3087
1976-05-01,1976-06-01,ME5 BM2,3.9802
1976-05-01,1976-06-01,ME5 BM3,5.6331
1976-05-01,1976-06-01,ME5 BM4,5.8088
1976-05-01,1976-06-01,BIG HiBM,2.9431
1976-06-01,1976-07-01,SMALL LoBM,-0.9886
1976-06-01,1976-07-01,ME1 BM2,-1.9169
1976-06-01,1976-07-01,ME1 BM3,0.7693
1976-06-01,1976-07-01,ME1 BM4,-0.3428
1976-06-01,1976-07-01,SMALL HiBM,1.0965
1976-06-01,1976-07-01,ME2 BM1,-1.0865
1976-06-01,1976-07-01,ME2 BM2,-0.1362
1976-06-01,1976-07-01,ME2 BM3,2.7177
1976-06-01,1976-07-01,ME2 BM4,0.3105
1976-06-01,1976-07-01,ME2 BM5,1.4731
1976-06-01,1976-07-01,ME3 BM1,-1.5013
1976-06-01,1976-07-01,ME3 BM2,-0.5609
1976-06-01,1976-07-01,ME3 BM3,0.5854
1976-06-01,1976-07-01,ME3 BM4,0.5073
1976-06-01,1976-07-01,ME3 BM5,0.3137
1976-06-01,1976-07-01,ME4 BM1,-1.5838
1976-06-01,1976-07-01,ME4 BM2,0.4934
1976-06-01,1976-07-01,ME4 BM3,0.4675
1976-06-01,1976-07-01,ME4 BM4,1.6078
1976-06-01,1976-07-01,ME4 BM5,1.3878
1976-06-01,1976-07-01,BIG LoBM,-1.6287
1976-06-01,1976-07-01,ME5 BM2,0.1927
1976-06-01,1976-07-01,ME5 BM3,0.2302
1976-06-01,1976-07-01,ME5 BM4,-0.7529
1976-06-01,1976-07-01,BIG HiBM,2.6397
1976-07-01,1976-08-01,SMALL LoBM,-4.3898
1976-07-01,1976-08-01,ME1 BM2,-1.7541
1976-07-01,1976-08-01,ME1 BM3,-1.2388
1976-07-01,1976-08-01,ME1 BM4,-1.7142
1976-07-01,1976-08-01,SMALL HiBM,-1.768
1976-07-01,1976-08-01,ME2 BM1,-4.497
1976-07-01,1976-08-01,ME2 BM2,-1.746
1976-07-01,1976-08-01,ME2 BM3,-2.4713
1976-07-01,1976-08-01,ME2 BM4,-1.3169
1976-07-01,1976-08-01,ME2 BM5,-1.5888
1976-07-01,1976-08-01,ME3 BM1,-2.6645
1976-07-01,1976-08-01,ME3 BM2,-1.4032
1976-07-01,1976-08-01,ME3 BM3,-0.9588
1976-07-01,1976-08-01,ME3 BM4,-0.1281
1976-07-01,1976-08-01,ME3 BM5,-4.1687
1976-07-01,1976-08-01,ME4 BM1,-2.6708
1976-07-01,1976-08-01,ME4 BM2,0.3136
1976-07-01,1976-08-01,ME4 BM3,1.5037
1976-07-01,1976-08-01,ME4 BM4,-0.9472
1976-07-01,1976-08-01,ME4 BM5,0.4255
1976-07-01,1976-08-01,BIG LoBM,-0.2781
1976-07-01,1976-08-01,ME5 BM2,0.4178
1976-07-01,1976-08-01,ME5 BM3,1.8684
1976-07-01,1976-08-01,ME5 BM4,-0.5342
1976-07-01,1976-08-01,BIG HiBM,1.0659
1976-08-01,1976-09-01,SMALL LoBM,2.3366
1976-08-01,1976-09-01,ME1 BM2,1.9606
1976-08-01,1976-09-01,ME1 BM3,1.2838
1976-08-01,1976-09-01,ME1 BM4,2.39
1976-08-01,1976-09-01,SMALL HiBM,2.1038
1976-08-01,1976-09-01,ME2 BM1,4.4135
1976-08-01,1976-09-01,ME2 BM2,4.2939
1976-08-01,1976-09-01,ME2 BM3,2.7978
1976-08-01,1976-09-01,ME2 BM4,3.272
1976-08-01,1976-09-01,ME2 BM5,2.02
1976-08-01,1976-09-01,ME3 BM1,3.4857
1976-08-01,1976-09-01,ME3 BM2,2.7979
1976-08-01,1976-09-01,ME3 BM3,2.5616
1976-08-01,1976-09-01,ME3 BM4,2.7622
1976-08-01,1976-09-01,ME3 BM5,0.8445
1976-08-01,1976-09-01,ME4 BM1,2.2722
1976-08-01,1976-09-01,ME4 BM2,2.2509
1976-08-01,1976-09-01,ME4 BM3,3.0474
1976-08-01,1976-09-01,ME4 BM4,3.2274
1976-08-01,1976-09-01,ME4 BM5,1.3028
1976-08-01,1976-09-01,BIG LoBM,1.63
1976-08-01,1976-09-01,ME5 BM2,4.3966
1976-08-01,1976-09-01,ME5 BM3,3.2888
1976-08-01,1976-09-01,ME5 BM4,3.6978
1976-08-01,1976-09-01,BIG HiBM,-0.6299
1976-09-01,1976-10-01,SMALL LoBM,-2.7484
1976-09-01,1976-10-01,ME1 BM2,-1.7388
1976-09-01,1976-10-01,ME1 BM3,-1.6172
1976-09-01,1976-10-01,ME1 BM4,-1.6308
1976-09-01,1976-10-01,SMALL HiBM,-2.4873
1976-09-01,1976-10-01,ME2 BM1,-2.8902
1976-09-01,1976-10-01,ME2 BM2,-3.4854
1976-09-01,1976-10-01,ME2 BM3,-2.2866
1976-09-01,1976-10-01,ME2 BM4,-1.4537
1976-09-01,1976-10-01,ME2 BM5,-1.1335
1976-09-01,1976-10-01,ME3 BM1,-3.4204
1976-09-01,1976-10-01,ME3 BM2,-0.0596
1976-09-01,1976-10-01,ME3 BM3,-1.5011
1976-09-01,1976-10-01,ME3 BM4,-1.0566
1976-09-01,1976-10-01,ME3 BM5,-3.6697
1976-09-01,1976-10-01,ME4 BM1,-2.2323
1976-09-01,1976-10-01,ME4 BM2,-1.3476
1976-09-01,1976-10-01,ME4 BM3,-1.1294
1976-09-01,1976-10-01,ME4 BM4,-1.8209
1976-09-01,1976-10-01,ME4 BM5,-2.95
1976-09-01,1976-10-01,BIG LoBM,-2.3738
1976-09-01,1976-10-01,ME5 BM2,-2.4989
1976-09-01,1976-10-01,ME5 BM3,-0.714
1976-09-01,1976-10-01,ME5 BM4,-2.9349
1976-09-01,1976-10-01,BIG HiBM,-4.0154
1976-10-01,1976-11-01,SMALL LoBM,5.6255
1976-10-01,1976-11-01,ME1 BM2,3.4143
1976-10-01,1976-11-01,ME1 BM3,1.9969
1976-10-01,1976-11-01,ME1 BM4,2.3169
1976-10-01,1976-11-01,SMALL HiBM,3.4236
1976-10-01,1976-11-01,ME2 BM1,2.8389
1976-10-01,1976-11-01,ME2 BM2,3.4643
1976-10-01,1976-11-01,ME2 BM3,3.1028
1976-10-01,1976-11-01,ME2 BM4,4.4569
1976-10-01,1976-11-01,ME2 BM5,4.5656
1976-10-01,1976-11-01,ME3 BM1,3.7549
1976-10-01,1976-11-01,ME3 BM2,3.4575
1976-10-01,1976-11-01,ME3 BM3,3.1625
1976-10-01,1976-11-01,ME3 BM4,4.31
1976-10-01,1976-11-01,ME3 BM5,7.0215
1976-10-01,1976-11-01,ME4 BM1,4.4273
1976-10-01,1976-11-01,ME4 BM2,3.2413
1976-10-01,1976-11-01,ME4 BM3,3.3879
1976-10-01,1976-11-01,ME4 BM4,2.5963
1976-10-01,1976-11-01,ME4 BM5,1.6988
1976-10-01,1976-11-01,BIG LoBM,-1.6338
1976-10-01,1976-11-01,ME5 BM2,0.1409
1976-10-01,1976-11-01,ME5 BM3,2.0629
1976-10-01,1976-11-01,ME5 BM4,1.7308
1976-10-01,1976-11-01,BIG HiBM,4.3755
1976-11-01,1976-12-01,SMALL LoBM,10.6765
1976-11-01,1976-12-01,ME1 BM2,9.4519
1976-11-01,1976-12-01,ME1 BM3,9.7171
1976-11-01,1976-12-01,ME1 BM4,10.9845
1976-11-01,1976-12-01,SMALL HiBM,9.824
1976-11-01,1976-12-01,ME2 BM1,9.187
1976-11-01,1976-12-01,ME2 BM2,9.1725
1976-11-01,1976-12-01,ME2 BM3,9.2798
1976-11-01,1976-12-01,ME2 BM4,9.2276
1976-11-01,1976-12-01,ME2 BM5,11.7441
1976-11-01,1976-12-01,ME3 BM1,5.6555
1976-11-01,1976-12-01,ME3 BM2,9.4646
1976-11-01,1976-12-01,ME3 BM3,8.7591
1976-11-01,1976-12-01,ME3 BM4,8.5218
1976-11-01,1976-12-01,ME3 BM5,8.0482
1976-11-01,1976-12-01,ME4 BM1,6.106
1976-11-01,1976-12-01,ME4 BM2,7.0511
1976-11-01,1976-12-01,ME4 BM3,7.3888
1976-11-01,1976-12-01,ME4 BM4,9.4744
1976-11-01,1976-12-01,ME4 BM5,9.536
1976-11-01,1976-12-01,BIG LoBM,3.8982
1976-11-01,1976-12-01,ME5 BM2,7.2958
1976-11-01,1976-12-01,ME5 BM3,5.683
1976-11-01,1976-12-01,ME5 BM4,7.4438
1976-11-01,1976-12-01,BIG HiBM,6.6766
1976-12-01,1977-01-01,SMALL LoBM,2.9468
1976-12-01,1977-01-01,ME1 BM2,4.1455
1976-12-01,1977-01-01,ME1 BM3,2.867
1976-12-01,1977-01-01,ME1 BM4,4.3467
1976-12-01,1977-01-01,SMALL HiBM,5.5571
1976-12-01,1977-01-01,ME2 BM1,-0.2728
1976-12-01,1977-01-01,ME2 BM2,2.4785
1976-12-01,1977-01-01,ME2 BM3,0.298
1976-12-01,1977-01-01,ME2 BM4,2.1941
1976-12-01,1977-01-01,ME2 BM5,3.1947
1976-12-01,1977-01-01,ME3 BM1,-2.0863
1976-12-01,1977-01-01,ME3 BM2,-0.2249
1976-12-01,1977-01-01,ME3 BM3,1.0223
1976-12-01,1977-01-01,ME3 BM4,0.9507
1976-12-01,1977-01-01,ME3 BM5,0.6386
1976-12-01,1977-01-01,ME4 BM1,-4.2244
1976-12-01,1977-01-01,ME4 BM2,-2.6919
1976-12-01,1977-01-01,ME4 BM3,-2.4735
1976-12-01,1977-01-01,ME4 BM4,-0.2018
1976-12-01,1977-01-01,ME4 BM5,1.6007
1976-12-01,1977-01-01,BIG LoBM,-7.8651
1976-12-01,1977-01-01,ME5 BM2,-3.3363
1976-12-01,1977-01-01,ME5 BM3,-0.9836
1976-12-01,1977-01-01,ME5 BM4,-1.6076
1976-12-01,1977-01-01,BIG HiBM,0.7307
1977-01-01,1977-02-01,SMALL LoBM,-0.4303
1977-01-01,1977-02-01,ME1 BM2,-0.294
1977-01-01,1977-02-01,ME1 BM3,-0.1817
1977-01-01,1977-02-01,ME1 BM4,-0.3912
1977-01-01,1977-02-01,SMALL HiBM,0.2955
1977-01-01,1977-02-01,ME2 BM1,-1.7859
1977-01-01,1977-02-01,ME2 BM2,-1.1538
1977-01-01,1977-02-01,ME2 BM3,-0.1897
1977-01-01,1977-02-01,ME2 BM4,-0.1346
1977-01-01,1977-02-01,ME2 BM5,-1.6346
1977-01-01,1977-02-01,ME3 BM1,-4.1357
1977-01-01,1977-02-01,ME3 BM2,-0.9986
1977-01-01,1977-02-01,ME3 BM3,-2.2746
1977-01-01,1977-02-01,ME3 BM4,0.1956
1977-01-01,1977-02-01,ME3 BM5,-3.4835
1977-01-01,1977-02-01,ME4 BM1,-3.0089
1977-01-01,1977-02-01,ME4 BM2,-1.7179
1977-01-01,1977-02-01,ME4 BM3,-1.9991
1977-01-01,1977-02-01,ME4 BM4,-1.6465
1977-01-01,1977-02-01,ME4 BM5,-2.2185
1977-01-01,1977-02-01,BIG LoBM,-1.2021
1977-01-01,1977-02-01,ME5 BM2,-3.2725
1977-01-01,1977-02-01,ME5 BM3,-0.7161
1977-01-01,1977-02-01,ME5 BM4,-2.3543
1977-01-01,1977-02-01,BIG HiBM,-0.9282
1977-02-01,1977-03-01,SMALL LoBM,0.3162
1977-02-01,1977-03-01,ME1 BM2,0.2264
1977-02-01,1977-03-01,ME1 BM3,1.0908
1977-02-01,1977-03-01,ME1 BM4,1.6379
1977-02-01,1977-03-01,SMALL HiBM,1.1277
1977-02-01,1977-03-01,ME2 BM1,0.5049
1977-02-01,1977-03-01,ME2 BM2,-0.7639
1977-02-01,1977-03-01,ME2 BM3,1.6654
1977-02-01,1977-03-01,ME2 BM4,-0.2163
1977-02-01,1977-03-01,ME2 BM5,-0.5616
1977-02-01,1977-03-01,ME3 BM1,-0.0535
1977-02-01,1977-03-01,ME3 BM2,1.4691
1977-02-01,1977-03-01,ME3 BM3,-0.2403
1977-02-01,1977-03-01,ME3 BM4,-0.1585
1977-02-01,1977-03-01,ME3 BM5,0.6897
1977-02-01,1977-03-01,ME4 BM1,-1.8853
1977-02-01,1977-03-01,ME4 BM2,0.2271
1977-02-01,1977-03-01,ME4 BM3,0.9226
1977-02-01,1977-03-01,ME4 BM4,1.1323
1977-02-01,1977-03-01,ME4 BM5,4.9324
1977-02-01,1977-03-01,BIG LoBM,-1.693
1977-02-01,1977-03-01,ME5 BM2,-1.8265
1977-02-01,1977-03-01,ME5 BM3,-1.3133
1977-02-01,1977-03-01,ME5 BM4,-0.5126
1977-02-01,1977-03-01,BIG HiBM,0.2231
1977-03-01,1977-04-01,SMALL LoBM,1.2996
1977-03-01,1977-04-01,ME1 BM2,0.2428
1977-03-01,1977-04-01,ME1 BM3,1.5422
1977-03-01,1977-04-01,ME1 BM4,2.3004
1977-03-01,1977-04-01,SMALL HiBM,2.647
1977-03-01,1977-04-01,ME2 BM1,1.1216
1977-03-01,1977-04-01,ME2 BM2,1.5786
1977-03-01,1977-04-01,ME2 BM3,1.3778
1977-03-01,1977-04-01,ME2 BM4,2.1097
1977-03-01,1977-04-01,ME2 BM5,2.6711
1977-03-01,1977-04-01,ME3 BM1,0.4823
1977-03-01,1977-04-01,ME3 BM2,0.796
1977-03-01,1977-04-01,ME3 BM3,2.0498
1977-03-01,1977-04-01,ME3 BM4,2.5082
1977-03-01,1977-04-01,ME3 BM5,2.3517
1977-03-01,1977-04-01,ME4 BM1,-0.6451
1977-03-01,1977-04-01,ME4 BM2,2.134
1977-03-01,1977-04-01,ME4 BM3,2.7578
1977-03-01,1977-04-01,ME4 BM4,2.4154
1977-03-01,1977-04-01,ME4 BM5,2.7234
1977-03-01,1977-04-01,BIG LoBM,-2.1715
1977-03-01,1977-04-01,ME5 BM2,2.1636
1977-03-01,1977-04-01,ME5 BM3,1.4198
1977-03-01,1977-04-01,ME5 BM4,3.6595
1977-03-01,1977-04-01,BIG HiBM,5.9976
1977-04-01,1977-05-01,SMALL LoBM,-1.7386
1977-04-01,1977-05-01,ME1 BM2,-0.5322
1977-04-01,1977-05-01,ME1 BM3,0.4569
1977-04-01,1977-05-01,ME1 BM4,0.281
1977-04-01,1977-05-01,SMALL HiBM,1.2295
1977-04-01,1977-05-01,ME2 BM1,0.8186
1977-04-01,1977-05-01,ME2 BM2,-0.884
1977-04-01,1977-05-01,ME2 BM3,-0.254
1977-04-01,1977-05-01,ME2 BM4,0.7264
1977-04-01,1977-05-01,ME2 BM5,-1.6981
1977-04-01,1977-05-01,ME3 BM1,-0.6691
1977-04-01,1977-05-01,ME3 BM2,0.024
1977-04-01,1977-05-01,ME3 BM3,0.5396
1977-04-01,1977-05-01,ME3 BM4,0.4513
1977-04-01,1977-05-01,ME3 BM5,0.8114
1977-04-01,1977-05-01,ME4 BM1,-0.4722
1977-04-01,1977-05-01,ME4 BM2,-1.0273
1977-04-01,1977-05-01,ME4 BM3,-0.0494
1977-04-01,1977-05-01,ME4 BM4,-1.2023
1977-04-01,1977-05-01,ME4 BM5,-1.6597
1977-04-01,1977-05-01,BIG LoBM,-2.5689
1977-04-01,1977-05-01,ME5 BM2,-0.8623
1977-04-01,1977-05-01,ME5 BM3,0.5775
1977-04-01,1977-05-01,ME5 BM4,-1.4793
1977-04-01,1977-05-01,BIG HiBM,-3.0471
1977-05-01,1977-06-01,SMALL LoBM,5.8909
1977-05-01,1977-06-01,ME1 BM2,6.5888
1977-05-01,1977-06-01,ME1 BM3,7.3944
1977-05-01,1977-06-01,ME1 BM4,5.4224
1977-05-01,1977-06-01,SMALL HiBM,7.4068
1977-05-01,1977-06-01,ME2 BM1,8.5342
1977-05-01,1977-06-01,ME2 BM2,6.5403
1977-05-01,1977-06-01,ME2 BM3,6.351
1977-05-01,1977-06-01,ME2 BM4,5.5186
1977-05-01,1977-06-01,ME2 BM5,8.5088
1977-05-01,1977-06-01,ME3 BM1,8.9809
1977-05-01,1977-06-01,ME3 BM2,6.2573
1977-05-01,1977-06-01,ME3 BM3,6.0875
1977-05-01,1977-06-01,ME3 BM4,4.7694
1977-05-01,1977-06-01,ME3 BM5,5.9251
1977-05-01,1977-06-01,ME4 BM1,6.4793
1977-05-01,1977-06-01,ME4 BM2,4.875
1977-05-01,1977-06-01,ME4 BM3,4.9353
1977-05-01,1977-06-01,ME4 BM4,4.8295
1977-05-01,1977-06-01,ME4 BM5,6.9802
1977-05-01,1977-06-01,BIG LoBM,5.9862
1977-05-01,1977-06-01,ME5 BM2,3.9638
1977-05-01,1977-06-01,ME5 BM3,2.9144
1977-05-01,1977-06-01,ME5 BM4,5.2415
1977-05-01,1977-06-01,BIG HiBM,1.9827
1977-06-01,1977-07-01,SMALL LoBM,1.2372
1977-06-01,1977-07-01,ME1 BM2,0.6483
1977-06-01,1977-07-01,ME1 BM3,1.3261
1977-06-01,1977-07-01,ME1 BM4,0.6021
1977-06-01,1977-07-01,SMALL HiBM,0.9172
1977-06-01,1977-07-01,ME2 BM1,-0.9547
1977-06-01,1977-07-01,ME2 BM2,-0.0126
1977-06-01,1977-07-01,ME2 BM3,-0.5438
1977-06-01,1977-07-01,ME2 BM4,0.5865
1977-06-01,1977-07-01,ME2 BM5,0.3159
1977-06-01,1977-07-01,ME3 BM1,-0.0069
1977-06-01,1977-07-01,ME3 BM2,0.1171
1977-06-01,1977-07-01,ME3 BM3,-1.2703
1977-06-01,1977-07-01,ME3 BM4,-1.0412
1977-06-01,1977-07-01,ME3 BM5,-1.0528
1977-06-01,1977-07-01,ME4 BM1,-1.0482
1977-06-01,1977-07-01,ME4 BM2,-3.2695
1977-06-01,1977-07-01,ME4 BM3,-0.6319
1977-06-01,1977-07-01,ME4 BM4,-1.0571
1977-06-01,1977-07-01,ME4 BM5,-4.4628
1977-06-01,1977-07-01,BIG LoBM,-1.2909
1977-06-01,1977-07-01,ME5 BM2,-2.7643
1977-06-01,1977-07-01,ME5 BM3,-0.768
1977-06-01,1977-07-01,ME5 BM4,-0.1797
1977-06-01,1977-07-01,BIG HiBM,-4.8896
1977-07-01,1977-08-01,SMALL LoBM,1.0469
1977-07-01,1977-08-01,ME1 BM2,-0.4761
1977-07-01,1977-08-01,ME1 BM3,-0.45
1977-07-01,1977-08-01,ME1 BM4,-1.3287
1977-07-01,1977-08-01,SMALL HiBM,-1.7761
1977-07-01,1977-08-01,ME2 BM1,0.8287
1977-07-01,1977-08-01,ME2 BM2,-0.8096
1977-07-01,1977-08-01,ME2 BM3,-1.581
1977-07-01,1977-08-01,ME2 BM4,-0.9094
1977-07-01,1977-08-01,ME2 BM5,-1.5082
1977-07-01,1977-08-01,ME3 BM1,1.8413
1977-07-01,1977-08-01,ME3 BM2,-1.2556
1977-07-01,1977-08-01,ME3 BM3,-0.7017
1977-07-01,1977-08-01,ME3 BM4,-0.6322
1977-07-01,1977-08-01,ME3 BM5,-1.103
1977-07-01,1977-08-01,ME4 BM1,-1.4207
1977-07-01,1977-08-01,ME4 BM2,-1.3239
1977-07-01,1977-08-01,ME4 BM3,-2.0114
1977-07-01,1977-08-01,ME4 BM4,-2.031
1977-07-01,1977-08-01,ME4 BM5,-3.3067
1977-07-01,1977-08-01,BIG LoBM,1.0813
1977-07-01,1977-08-01,ME5 BM2,-3.5206
1977-07-01,1977-08-01,ME5 BM3,-2.9562
1977-07-01,1977-08-01,ME5 BM4,-4.8634
1977-07-01,1977-08-01,BIG HiBM,-4.2166
1977-08-01,1977-09-01,SMALL LoBM,2.0987
1977-08-01,1977-09-01,ME1 BM2,2.4654
1977-08-01,1977-09-01,ME1 BM3,0.8299
1977-08-01,1977-09-01,ME1 BM4,1.747
1977-08-01,1977-09-01,SMALL HiBM,1.3348
1977-08-01,1977-09-01,ME2 BM1,0.6201
1977-08-01,1977-09-01,ME2 BM2,0.8292
1977-08-01,1977-09-01,ME2 BM3,1.6064
1977-08-01,1977-09-01,ME2 BM4,0.5393
1977-08-01,1977-09-01,ME2 BM5,0.4857
1977-08-01,1977-09-01,ME3 BM1,1.9635
1977-08-01,1977-09-01,ME3 BM2,1.4879
1977-08-01,1977-09-01,ME3 BM3,1.2543
1977-08-01,1977-09-01,ME3 BM4,0.0902
1977-08-01,1977-09-01,ME3 BM5,-0.0325
1977-08-01,1977-09-01,ME4 BM1,0.9432
1977-08-01,1977-09-01,ME4 BM2,0.3188
1977-08-01,1977-09-01,ME4 BM3,0.7994
1977-08-01,1977-09-01,ME4 BM4,0.7406
1977-08-01,1977-09-01,ME4 BM5,-1.2152
1977-08-01,1977-09-01,BIG LoBM,-0.8927
1977-08-01,1977-09-01,ME5 BM2,-0.7936
1977-08-01,1977-09-01,ME5 BM3,2.2634
1977-08-01,1977-09-01,ME5 BM4,0.39
1977-08-01,1977-09-01,BIG HiBM,-0.1123
1977-09-01,1977-10-01,SMALL LoBM,-4.5687
1977-09-01,1977-10-01,ME1 BM2,-2.7621
1977-09-01,1977-10-01,ME1 BM3,-2.5516
1977-09-01,1977-10-01,ME1 BM4,-1.0524
1977-09-01,1977-10-01,SMALL HiBM,-2.2338
1977-09-01,1977-10-01,ME2 BM1,-5.3003
1977-09-01,1977-10-01,ME2 BM2,-2.4216
1977-09-01,1977-10-01,ME2 BM3,-3.8
1977-09-01,1977-10-01,ME2 BM4,-0.0156
1977-09-01,1977-10-01,ME2 BM5,-2.9271
1977-09-01,1977-10-01,ME3 BM1,-3.5833
1977-09-01,1977-10-01,ME3 BM2,-2.2198
1977-09-01,1977-10-01,ME3 BM3,-2.4017
1977-09-01,1977-10-01,ME3 BM4,-2.3396
1977-09-01,1977-10-01,ME3 BM5,-2.7728
1977-09-01,1977-10-01,ME4 BM1,-3.942
1977-09-01,1977-10-01,ME4 BM2,-3.2399
1977-09-01,1977-10-01,ME4 BM3,-2.8953
1977-09-01,1977-10-01,ME4 BM4,-4.1214
1977-09-01,1977-10-01,ME4 BM5,-4.9651
1977-09-01,1977-10-01,BIG LoBM,-4.5241
1977-09-01,1977-10-01,ME5 BM2,-4.1064
1977-09-01,1977-10-01,ME5 BM3,-5.0417
1977-09-01,1977-10-01,ME5 BM4,-2.5025
1977-09-01,1977-10-01,BIG HiBM,-3.5949
1977-10-01,1977-11-01,SMALL LoBM,9.484
1977-10-01,1977-11-01,ME1 BM2,8.5897
1977-10-01,1977-11-01,ME1 BM3,8.3217
1977-10-01,1977-11-01,ME1 BM4,6.8677
1977-10-01,1977-11-01,SMALL HiBM,9.0621
1977-10-01,1977-11-01,ME2 BM1,8.4746
1977-10-01,1977-11-01,ME2 BM2,9.5917
1977-10-01,1977-11-01,ME2 BM3,8.9305
1977-10-01,1977-11-01,ME2 BM4,7.0556
1977-10-01,1977-11-01,ME2 BM5,8.2075
1977-10-01,1977-11-01,ME3 BM1,6.7549
1977-10-01,1977-11-01,ME3 BM2,7.5852
1977-10-01,1977-11-01,ME3 BM3,6.0309
1977-10-01,1977-11-01,ME3 BM4,5.7625
1977-10-01,1977-11-01,ME3 BM5,8.5688
1977-10-01,1977-11-01,ME4 BM1,7.09
1977-10-01,1977-11-01,ME4 BM2,6.3677
1977-10-01,1977-11-01,ME4 BM3,5.6258
1977-10-01,1977-11-01,ME4 BM4,6.9659
1977-10-01,1977-11-01,ME4 BM5,7.9523
1977-10-01,1977-11-01,BIG LoBM,3.5976
1977-10-01,1977-11-01,ME5 BM2,3.3564
1977-10-01,1977-11-01,ME5 BM3,3.0003
1977-10-01,1977-11-01,ME5 BM4,2.9662
1977-10-01,1977-11-01,BIG HiBM,4.7229
1977-11-01,1977-12-01,SMALL LoBM,4.8478
1977-11-01,1977-12-01,ME1 BM2,3.6101
1977-11-01,1977-12-01,ME1 BM3,2.7604
1977-11-01,1977-12-01,ME1 BM4,2.6417
1977-11-01,1977-12-01,SMALL HiBM,1.8094
1977-11-01,1977-12-01,ME2 BM1,2.8472
1977-11-01,1977-12-01,ME2 BM2,1.572
1977-11-01,1977-12-01,ME2 BM3,0.7393
1977-11-01,1977-12-01,ME2 BM4,0.4616
1977-11-01,1977-12-01,ME2 BM5,2.4525
1977-11-01,1977-12-01,ME3 BM1,1.5987
1977-11-01,1977-12-01,ME3 BM2,0.5906
1977-11-01,1977-12-01,ME3 BM3,2.0017
1977-11-01,1977-12-01,ME3 BM4,1.1467
1977-11-01,1977-12-01,ME3 BM5,0.5587
1977-11-01,1977-12-01,ME4 BM1,0.3869
1977-11-01,1977-12-01,ME4 BM2,0.8654
1977-11-01,1977-12-01,ME4 BM3,0.5652
1977-11-01,1977-12-01,ME4 BM4,-0.182
1977-11-01,1977-12-01,ME4 BM5,-0.6274
1977-11-01,1977-12-01,BIG LoBM,0.0396
1977-11-01,1977-12-01,ME5 BM2,1.0678
1977-11-01,1977-12-01,ME5 BM3,1.1936
1977-11-01,1977-12-01,ME5 BM4,0.3695
1977-11-01,1977-12-01,BIG HiBM,1.3495
1977-12-01,1978-01-01,SMALL LoBM,-1.2196
1977-12-01,1978-01-01,ME1 BM2,-3.2587
1977-12-01,1978-01-01,ME1 BM3,-1.3654
1977-12-01,1978-01-01,ME1 BM4,-1.0622
1977-12-01,1978-01-01,SMALL HiBM,0.4276
1977-12-01,1978-01-01,ME2 BM1,-5.3778
1977-12-01,1978-01-01,ME2 BM2,-5.4047
1977-12-01,1978-01-01,ME2 BM3,-2.5262
1977-12-01,1978-01-01,ME2 BM4,-1.9919
1977-12-01,1978-01-01,ME2 BM5,-2.0325
1977-12-01,1978-01-01,ME3 BM1,-6.7977
1977-12-01,1978-01-01,ME3 BM2,-4.9933
1977-12-01,1978-01-01,ME3 BM3,-3.4529
1977-12-01,1978-01-01,ME3 BM4,-3.1363
1977-12-01,1978-01-01,ME3 BM5,-1.3659
1977-12-01,1978-01-01,ME4 BM1,-6.1225
1977-12-01,1978-01-01,ME4 BM2,-6.2072
1977-12-01,1978-01-01,ME4 BM3,-5.4836
1977-12-01,1978-01-01,ME4 BM4,-4.1802
1977-12-01,1978-01-01,ME4 BM5,-1.5423
1977-12-01,1978-01-01,BIG LoBM,-6.2961
1977-12-01,1978-01-01,ME5 BM2,-7.2028
1977-12-01,1978-01-01,ME5 BM3,-5.4081
1977-12-01,1978-01-01,ME5 BM4,-4.9665
1977-12-01,1978-01-01,BIG HiBM,-2.9316
1978-01-01,1978-02-01,SMALL LoBM,3.2652
1978-01-01,1978-02-01,ME1 BM2,2.9558
1978-01-01,1978-02-01,ME1 BM3,3.9082
1978-01-01,1978-02-01,ME1 BM4,3.271
1978-01-01,1978-02-01,SMALL HiBM,3.6666
1978-01-01,1978-02-01,ME2 BM1,1.7923
1978-01-01,1978-02-01,ME2 BM2,1.4516
1978-01-01,1978-02-01,ME2 BM3,1.3822
1978-01-01,1978-02-01,ME2 BM4,2.1326
1978-01-01,1978-02-01,ME2 BM5,0.442
1978-01-01,1978-02-01,ME3 BM1,0.5822
1978-01-01,1978-02-01,ME3 BM2,1.7624
1978-01-01,1978-02-01,ME3 BM3,0.5637
1978-01-01,1978-02-01,ME3 BM4,0.5267
1978-01-01,1978-02-01,ME3 BM5,1.3743
1978-01-01,1978-02-01,ME4 BM1,-1.2281
1978-01-01,1978-02-01,ME4 BM2,-0.691
1978-01-01,1978-02-01,ME4 BM3,-0.7789
1978-01-01,1978-02-01,ME4 BM4,0.9222
1978-01-01,1978-02-01,ME4 BM5,-1.3129
1978-01-01,1978-02-01,BIG LoBM,-3.213
1978-01-01,1978-02-01,ME5 BM2,-1.5462
1978-01-01,1978-02-01,ME5 BM3,2.4314
1978-01-01,1978-02-01,ME5 BM4,-1.0143
1978-01-01,1978-02-01,BIG HiBM,-3.6525
1978-02-01,1978-03-01,SMALL LoBM,8.371
1978-02-01,1978-03-01,ME1 BM2,7.0412
1978-02-01,1978-03-01,ME1 BM3,8.5479
1978-02-01,1978-03-01,ME1 BM4,6.8455
1978-02-01,1978-03-01,SMALL HiBM,8.1612
1978-02-01,1978-03-01,ME2 BM1,6.1532
1978-02-01,1978-03-01,ME2 BM2,6.0499
1978-02-01,1978-03-01,ME2 BM3,7.7158
1978-02-01,1978-03-01,ME2 BM4,6.2587
1978-02-01,1978-03-01,ME2 BM5,7.5504
1978-02-01,1978-03-01,ME3 BM1,5.5633
1978-02-01,1978-03-01,ME3 BM2,5.5202
1978-02-01,1978-03-01,ME3 BM3,4.4477
1978-02-01,1978-03-01,ME3 BM4,4.7728
1978-02-01,1978-03-01,ME3 BM5,7.9953
1978-02-01,1978-03-01,ME4 BM1,5.0514
1978-02-01,1978-03-01,ME4 BM2,4.8684
1978-02-01,1978-03-01,ME4 BM3,4.7477
1978-02-01,1978-03-01,ME4 BM4,4.7508
1978-02-01,1978-03-01,ME4 BM5,5.1025
1978-02-01,1978-03-01,BIG LoBM,1.2408
1978-02-01,1978-03-01,ME5 BM2,3.9187
1978-02-01,1978-03-01,ME5 BM3,3.0256
1978-02-01,1978-03-01,ME5 BM4,2.86
1978-02-01,1978-03-01,BIG HiBM,3.3942
1978-03-01,1978-04-01,SMALL LoBM,10.2521
1978-03-01,1978-04-01,ME1 BM2,8.7968
1978-03-01,1978-04-01,ME1 BM3,7.8985
1978-03-01,1978-04-01,ME1 BM4,7.1124
1978-03-01,1978-04-01,SMALL HiBM,8.4243
1978-03-01,1978-04-01,ME2 BM1,10.1408
1978-03-01,1978-04-01,ME2 BM2,7.3855
1978-03-01,1978-04-01,ME2 BM3,8.1932
1978-03-01,1978-04-01,ME2 BM4,7.2494
1978-03-01,1978-04-01,ME2 BM5,6.8585
1978-03-01,1978-04-01,ME3 BM1,9.8589
1978-03-01,1978-04-01,ME3 BM2,8.2879
1978-03-01,1978-04-01,ME3 BM3,7.7586
1978-03-01,1978-04-01,ME3 BM4,4.8199
1978-03-01,1978-04-01,ME3 BM5,6.7266
1978-03-01,1978-04-01,ME4 BM1,8.666
1978-03-01,1978-04-01,ME4 BM2,7.1978
1978-03-01,1978-04-01,ME4 BM3,5.2979
1978-03-01,1978-04-01,ME4 BM4,5.907
1978-03-01,1978-04-01,ME4 BM5,8.3444
1978-03-01,1978-04-01,BIG LoBM,11.9007
1978-03-01,1978-04-01,ME5 BM2,8.6
1978-03-01,1978-04-01,ME5 BM3,4.6468
1978-03-01,1978-04-01,ME5 BM4,5.1088
1978-03-01,1978-04-01,BIG HiBM,5.2702
1978-04-01,1978-05-01,SMALL LoBM,8.2793
1978-04-01,1978-05-01,ME1 BM2,6.0368
1978-04-01,1978-05-01,ME1 BM3,8.6622
1978-04-01,1978-05-01,ME1 BM4,6.5809
1978-04-01,1978-05-01,SMALL HiBM,8.1463
1978-04-01,1978-05-01,ME2 BM1,6.623
1978-04-01,1978-05-01,ME2 BM2,7.2979
1978-04-01,1978-05-01,ME2 BM3,5.1864
1978-04-01,1978-05-01,ME2 BM4,3.919
1978-04-01,1978-05-01,ME2 BM5,4.8221
1978-04-01,1978-05-01,ME3 BM1,6.3082
1978-04-01,1978-05-01,ME3 BM2,5.5183
1978-04-01,1978-05-01,ME3 BM3,5.4076
1978-04-01,1978-05-01,ME3 BM4,2.176
1978-04-01,1978-05-01,ME3 BM5,3.911
1978-04-01,1978-05-01,ME4 BM1,4.8346
1978-04-01,1978-05-01,ME4 BM2,3.6672
1978-04-01,1978-05-01,ME4 BM3,1.3114
1978-04-01,1978-05-01,ME4 BM4,2.1906
1978-04-01,1978-05-01,ME4 BM5,3.7014
1978-04-01,1978-05-01,BIG LoBM,1.3389
1978-04-01,1978-05-01,ME5 BM2,1.3275
1978-04-01,1978-05-01,ME5 BM3,-0.08
1978-04-01,1978-05-01,ME5 BM4,1.1113
1978-04-01,1978-05-01,BIG HiBM,1.9956
1978-05-01,1978-06-01,SMALL LoBM,0.6311
1978-05-01,1978-06-01,ME1 BM2,0.7157
1978-05-01,1978-06-01,ME1 BM3,0.0892
1978-05-01,1978-06-01,ME1 BM4,0.1134
1978-05-01,1978-06-01,SMALL HiBM,0.2197
1978-05-01,1978-06-01,ME2 BM1,-1.1988
1978-05-01,1978-06-01,ME2 BM2,-2.6075
1978-05-01,1978-06-01,ME2 BM3,0.4516
1978-05-01,1978-06-01,ME2 BM4,3.1164
1978-05-01,1978-06-01,ME2 BM5,0.1409
1978-05-01,1978-06-01,ME3 BM1,-0.651
1978-05-01,1978-06-01,ME3 BM2,-0.5173
1978-05-01,1978-06-01,ME3 BM3,0.7612
1978-05-01,1978-06-01,ME3 BM4,1.0939
1978-05-01,1978-06-01,ME3 BM5,0.9916
1978-05-01,1978-06-01,ME4 BM1,-1.0074
1978-05-01,1978-06-01,ME4 BM2,-0.6468
1978-05-01,1978-06-01,ME4 BM3,0.0131
1978-05-01,1978-06-01,ME4 BM4,0.5597
1978-05-01,1978-06-01,ME4 BM5,-0.4916
1978-05-01,1978-06-01,BIG LoBM,-1.1999
1978-05-01,1978-06-01,ME5 BM2,-3.0172
1978-05-01,1978-06-01,ME5 BM3,-1.9985
1978-05-01,1978-06-01,ME5 BM4,-1.7862
1978-05-01,1978-06-01,BIG HiBM,-0.8186
1978-06-01,1978-07-01,SMALL LoBM,6.4019
1978-06-01,1978-07-01,ME1 BM2,6.5261
1978-06-01,1978-07-01,ME1 BM3,5.8455
1978-06-01,1978-07-01,ME1 BM4,4.6303
1978-06-01,1978-07-01,SMALL HiBM,4.8218
1978-06-01,1978-07-01,ME2 BM1,7.9241
1978-06-01,1978-07-01,ME2 BM2,5.3479
1978-06-01,1978-07-01,ME2 BM3,5.8897
1978-06-01,1978-07-01,ME2 BM4,4.9774
1978-06-01,1978-07-01,ME2 BM5,8.15
1978-06-01,1978-07-01,ME3 BM1,6.3166
1978-06-01,1978-07-01,ME3 BM2,5.2526
1978-06-01,1978-07-01,ME3 BM3,4.4068
1978-06-01,1978-07-01,ME3 BM4,4.2474
1978-06-01,1978-07-01,ME3 BM5,5.2849
1978-06-01,1978-07-01,ME4 BM1,6.1275
1978-06-01,1978-07-01,ME4 BM2,6.0461
1978-06-01,1978-07-01,ME4 BM3,6.1427
1978-06-01,1978-07-01,ME4 BM4,6.0885
1978-06-01,1978-07-01,ME4 BM5,9.963
1978-06-01,1978-07-01,BIG LoBM,7.6186
1978-06-01,1978-07-01,ME5 BM2,4.9381
1978-06-01,1978-07-01,ME5 BM3,4.7768
1978-06-01,1978-07-01,ME5 BM4,2.8254
1978-06-01,1978-07-01,BIG HiBM,4.7604
1978-07-01,1978-08-01,SMALL LoBM,9.6287
1978-07-01,1978-08-01,ME1 BM2,9.5379
1978-07-01,1978-08-01,ME1 BM3,8.3225
1978-07-01,1978-08-01,ME1 BM4,7.8624
1978-07-01,1978-08-01,SMALL HiBM,10.457
1978-07-01,1978-08-01,ME2 BM1,9.223
1978-07-01,1978-08-01,ME2 BM2,7.905
1978-07-01,1978-08-01,ME2 BM3,9.8324
1978-07-01,1978-08-01,ME2 BM4,6.6246
1978-07-01,1978-08-01,ME2 BM5,9.2153
1978-07-01,1978-08-01,ME3 BM1,7.8348
1978-07-01,1978-08-01,ME3 BM2,10.2226
1978-07-01,1978-08-01,ME3 BM3,7.6683
1978-07-01,1978-08-01,ME3 BM4,5.0473
1978-07-01,1978-08-01,ME3 BM5,8.7022
1978-07-01,1978-08-01,ME4 BM1,7.529
1978-07-01,1978-08-01,ME4 BM2,6.3334
1978-07-01,1978-08-01,ME4 BM3,4.4306
1978-07-01,1978-08-01,ME4 BM4,3.8063
1978-07-01,1978-08-01,ME4 BM5,2.8278
1978-07-01,1978-08-01,BIG LoBM,2.5832
1978-07-01,1978-08-01,ME5 BM2,3.2579
1978-07-01,1978-08-01,ME5 BM3,4.8413
1978-07-01,1978-08-01,ME5 BM4,3.0747
1978-07-01,1978-08-01,BIG HiBM,0.2142
1978-08-01,1978-09-01,SMALL LoBM,-0.9626
1978-08-01,1978-09-01,ME1 BM2,0.3178
1978-08-01,1978-09-01,ME1 BM3,-1.9676
1978-08-01,1978-09-01,ME1 BM4,-0.0049
1978-08-01,1978-09-01,SMALL HiBM,0.2474
1978-08-01,1978-09-01,ME2 BM1,-1.5668
1978-08-01,1978-09-01,ME2 BM2,-1.7372
1978-08-01,1978-09-01,ME2 BM3,-2.0726
1978-08-01,1978-09-01,ME2 BM4,0.6856
1978-08-01,1978-09-01,ME2 BM5,-1.8496
1978-08-01,1978-09-01,ME3 BM1,-3.6474
1978-08-01,1978-09-01,ME3 BM2,-2.7477
1978-08-01,1978-09-01,ME3 BM3,-1.4384
1978-08-01,1978-09-01,ME3 BM4,-0.3401
1978-08-01,1978-09-01,ME3 BM5,-0.9627
1978-08-01,1978-09-01,ME4 BM1,-3.2079
1978-08-01,1978-09-01,ME4 BM2,-2.2705
1978-08-01,1978-09-01,ME4 BM3,0.5554
1978-08-01,1978-09-01,ME4 BM4,0.0074
1978-08-01,1978-09-01,ME4 BM5,-1.1775
1978-08-01,1978-09-01,BIG LoBM,-3.2253
1978-08-01,1978-09-01,ME5 BM2,0.1947
1978-08-01,1978-09-01,ME5 BM3,1.8541
1978-08-01,1978-09-01,ME5 BM4,1.0586
1978-08-01,1978-09-01,BIG HiBM,0.8863
1978-09-01,1978-10-01,SMALL LoBM,-26.6136
1978-09-01,1978-10-01,ME1 BM2,-23.4843
1978-09-01,1978-10-01,ME1 BM3,-21.7461
1978-09-01,1978-10-01,ME1 BM4,-18.6378
1978-09-01,1978-10-01,SMALL HiBM,-21.1994
1978-09-01,1978-10-01,ME2 BM1,-24.9567
1978-09-01,1978-10-01,ME2 BM2,-19.325
1978-09-01,1978-10-01,ME2 BM3,-18.2271
1978-09-01,1978-10-01,ME2 BM4,-15.1889
1978-09-01,1978-10-01,ME2 BM5,-19.2915
1978-09-01,1978-10-01,ME3 BM1,-18.6649
1978-09-01,1978-10-01,ME3 BM2,-18.8133
1978-09-01,1978-10-01,ME3 BM3,-14.2573
1978-09-01,1978-10-01,ME3 BM4,-14.2401
1978-09-01,1978-10-01,ME3 BM5,-19.808
1978-09-01,1978-10-01,ME4 BM1,-15.5897
1978-09-01,1978-10-01,ME4 BM2,-13.1569
1978-09-01,1978-10-01,ME4 BM3,-13.6956
1978-09-01,1978-10-01,ME4 BM4,-12.0909
1978-09-01,1978-10-01,ME4 BM5,-14.8212
1978-09-01,1978-10-01,BIG LoBM,-8.3548
1978-09-01,1978-10-01,ME5 BM2,-9.3418
1978-09-01,1978-10-01,ME5 BM3,-8.4038
1978-09-01,1978-10-01,ME5 BM4,-7.1036
1978-09-01,1978-10-01,BIG HiBM,-12.1542
1978-10-01,1978-11-01,SMALL LoBM,8.5965
1978-10-01,1978-11-01,ME1 BM2,7.7838
1978-10-01,1978-11-01,ME1 BM3,6.9994
1978-10-01,1978-11-01,ME1 BM4,4.2098
1978-10-01,1978-11-01,SMALL HiBM,4.4858
1978-10-01,1978-11-01,ME2 BM1,11.4461
1978-10-01,1978-11-01,ME2 BM2,5.3337
1978-10-01,1978-11-01,ME2 BM3,4.4562
1978-10-01,1978-11-01,ME2 BM4,3.0189
1978-10-01,1978-11-01,ME2 BM5,5.7065
1978-10-01,1978-11-01,ME3 BM1,7.114
1978-10-01,1978-11-01,ME3 BM2,5.0734
1978-10-01,1978-11-01,ME3 BM3,4.1722
1978-10-01,1978-11-01,ME3 BM4,2.8688
1978-10-01,1978-11-01,ME3 BM5,3.4132
1978-10-01,1978-11-01,ME4 BM1,4.6851
1978-10-01,1978-11-01,ME4 BM2,2.1853
1978-10-01,1978-11-01,ME4 BM3,3.5566
1978-10-01,1978-11-01,ME4 BM4,1.9477
1978-10-01,1978-11-01,ME4 BM5,2.74
1978-10-01,1978-11-01,BIG LoBM,2.415
1978-10-01,1978-11-01,ME5 BM2,2.7366
1978-10-01,1978-11-01,ME5 BM3,4.0554
1978-10-01,1978-11-01,ME5 BM4,3.3099
1978-10-01,1978-11-01,BIG HiBM,2.5331
1978-11-01,1978-12-01,SMALL LoBM,3.6023
1978-11-01,1978-12-01,ME1 BM2,2.855
1978-11-01,1978-12-01,ME1 BM3,2.0357
1978-11-01,1978-12-01,ME1 BM4,1.1275
1978-11-01,1978-12-01,SMALL HiBM,0.8399
1978-11-01,1978-12-01,ME2 BM1,2.9996
1978-11-01,1978-12-01,ME2 BM2,3.2003
1978-11-01,1978-12-01,ME2 BM3,1.2765
1978-11-01,1978-12-01,ME2 BM4,2.2793
1978-11-01,1978-12-01,ME2 BM5,2.0913
1978-11-01,1978-12-01,ME3 BM1,2.7673
1978-11-01,1978-12-01,ME3 BM2,2.0885
1978-11-01,1978-12-01,ME3 BM3,0.2791
1978-11-01,1978-12-01,ME3 BM4,1.5493
1978-11-01,1978-12-01,ME3 BM5,3.1988
1978-11-01,1978-12-01,ME4 BM1,1.2976
1978-11-01,1978-12-01,ME4 BM2,1.7936
1978-11-01,1978-12-01,ME4 BM3,1.0465
1978-11-01,1978-12-01,ME4 BM4,0.6307
1978-11-01,1978-12-01,ME4 BM5,0.2718
1978-11-01,1978-12-01,BIG LoBM,3.4423
1978-11-01,1978-12-01,ME5 BM2,0.9287
1978-11-01,1978-12-01,ME5 BM3,0.8645
1978-11-01,1978-12-01,ME5 BM4,-0.0503
1978-11-01,1978-12-01,BIG HiBM,-0.7473
1978-12-01,1979-01-01,SMALL LoBM,10.0914
1978-12-01,1979-01-01,ME1 BM2,9.8299
1978-12-01,1979-01-01,ME1 BM3,8.1086
1978-12-01,1979-01-01,ME1 BM4,10.4734
1978-12-01,1979-01-01,SMALL HiBM,11.5649
1978-12-01,1979-01-01,ME2 BM1,8.7719
1978-12-01,1979-01-01,ME2 BM2,8.1731
1978-12-01,1979-01-01,ME2 BM3,7.636
1978-12-01,1979-01-01,ME2 BM4,7.4107
1978-12-01,1979-01-01,ME2 BM5,10.1791
1978-12-01,1979-01-01,ME3 BM1,7.0079
1978-12-01,1979-01-01,ME3 BM2,6.2163
1978-12-01,1979-01-01,ME3 BM3,7.76
1978-12-01,1979-01-01,ME3 BM4,7.0859
1978-12-01,1979-01-01,ME3 BM5,9.3765
1978-12-01,1979-01-01,ME4 BM1,5.4769
1978-12-01,1979-01-01,ME4 BM2,5.4148
1978-12-01,1979-01-01,ME4 BM3,6.0157
1978-12-01,1979-01-01,ME4 BM4,8.4975
1978-12-01,1979-01-01,ME4 BM5,6.334
1978-12-01,1979-01-01,BIG LoBM,2.4515
1978-12-01,1979-01-01,ME5 BM2,5.0162
1978-12-01,1979-01-01,ME5 BM3,4.4335
1978-12-01,1979-01-01,ME5 BM4,4.6975
1978-12-01,1979-01-01,BIG HiBM,7.6414
1979-01-01,1979-02-01,SMALL LoBM,-2.9761
1979-01-01,1979-02-01,ME1 BM2,-3.7244
1979-01-01,1979-02-01,ME1 BM3,-2.1713
1979-01-01,1979-02-01,ME1 BM4,-2.8955
1979-01-01,1979-02-01,SMALL HiBM,-1.403
1979-01-01,1979-02-01,ME2 BM1,-2.947
1979-01-01,1979-02-01,ME2 BM2,-3.1695
1979-01-01,1979-02-01,ME2 BM3,-2.7143
1979-01-01,1979-02-01,ME2 BM4,-3.3358
1979-01-01,1979-02-01,ME2 BM5,-2.3345
1979-01-01,1979-02-01,ME3 BM1,-4.6723
1979-01-01,1979-02-01,ME3 BM2,-2.5576
1979-01-01,1979-02-01,ME3 BM3,-1.7099
1979-01-01,1979-02-01,ME3 BM4,-1.4828
1979-01-01,1979-02-01,ME3 BM5,-1.0584
1979-01-01,1979-02-01,ME4 BM1,-3.9486
1979-01-01,1979-02-01,ME4 BM2,-3.8156
1979-01-01,1979-02-01,ME4 BM3,-3.1481
1979-01-01,1979-02-01,ME4 BM4,-3.0813
1979-01-01,1979-02-01,ME4 BM5,-4.3076
1979-01-01,1979-02-01,BIG LoBM,-4.0072
1979-01-01,1979-02-01,ME5 BM2,-2.5229
1979-01-01,1979-02-01,ME5 BM3,-2.7549
1979-01-01,1979-02-01,ME5 BM4,-1.2995
1979-01-01,1979-02-01,BIG HiBM,-2.8352
1979-02-01,1979-03-01,SMALL LoBM,12.0992
1979-02-01,1979-03-01,ME1 BM2,9.5182
1979-02-01,1979-03-01,ME1 BM3,8.0015
1979-02-01,1979-03-01,ME1 BM4,7.2209
1979-02-01,1979-03-01,SMALL HiBM,8.4466
1979-02-01,1979-03-01,ME2 BM1,12.2746
1979-02-01,1979-03-01,ME2 BM2,9.0239
1979-02-01,1979-03-01,ME2 BM3,8.4256
1979-02-01,1979-03-01,ME2 BM4,7.2686
1979-02-01,1979-03-01,ME2 BM5,8.4834
1979-02-01,1979-03-01,ME3 BM1,10.5183
1979-02-01,1979-03-01,ME3 BM2,9.1025
1979-02-01,1979-03-01,ME3 BM3,7.8585
1979-02-01,1979-03-01,ME3 BM4,8.5224
1979-02-01,1979-03-01,ME3 BM5,13.0084
1979-02-01,1979-03-01,ME4 BM1,7.6453
1979-02-01,1979-03-01,ME4 BM2,8.0658
1979-02-01,1979-03-01,ME4 BM3,6.8968
1979-02-01,1979-03-01,ME4 BM4,8.0295
1979-02-01,1979-03-01,ME4 BM5,9.6557
1979-02-01,1979-03-01,BIG LoBM,5.0174
1979-02-01,1979-03-01,ME5 BM2,6.0493
1979-02-01,1979-03-01,ME5 BM3,6.8028
1979-02-01,1979-03-01,ME5 BM4,3.6827
1979-02-01,1979-03-01,BIG HiBM,6.5217
1979-03-01,1979-04-01,SMALL LoBM,3.0671
1979-03-01,1979-04-01,ME1 BM2,2.7068
1979-03-01,1979-04-01,ME1 BM3,2.2563
1979-03-01,1979-04-01,ME1 BM4,2.989
1979-03-01,1979-04-01,SMALL HiBM,3.4751
1979-03-01,1979-04-01,ME2 BM1,1.6822
1979-03-01,1979-04-01,ME2 BM2,3.1079
1979-03-01,1979-04-01,ME2 BM3,2.1845
1979-03-01,1979-04-01,ME2 BM4,2.8438
1979-03-01,1979-04-01,ME2 BM5,2.1536
1979-03-01,1979-04-01,ME3 BM1,1.4033
1979-03-01,1979-04-01,ME3 BM2,0.3717
1979-03-01,1979-04-01,ME3 BM3,2.8178
1979-03-01,1979-04-01,ME3 BM4,1.8941
1979-03-01,1979-04-01,ME3 BM5,4.1719
1979-03-01,1979-04-01,ME4 BM1,2.0263
1979-03-01,1979-04-01,ME4 BM2,0.9619
1979-03-01,1979-04-01,ME4 BM3,1.3997
1979-03-01,1979-04-01,ME4 BM4,0.4871
1979-03-01,1979-04-01,ME4 BM5,1.6831
1979-03-01,1979-04-01,BIG LoBM,-0.1596
1979-03-01,1979-04-01,ME5 BM2,0.6767
1979-03-01,1979-04-01,ME5 BM3,0.9741
1979-03-01,1979-04-01,ME5 BM4,-0.4935
1979-03-01,1979-04-01,BIG HiBM,-0.9939
1979-04-01,1979-05-01,SMALL LoBM,-2.6209
1979-04-01,1979-05-01,ME1 BM2,-1.0357
1979-04-01,1979-05-01,ME1 BM3,-1.3345
1979-04-01,1979-05-01,ME1 BM4,-0.6288
1979-04-01,1979-05-01,SMALL HiBM,-1.1095
1979-04-01,1979-05-01,ME2 BM1,-2.1697
1979-04-01,1979-05-01,ME2 BM2,-1.8337
1979-04-01,1979-05-01,ME2 BM3,-0.3686
1979-04-01,1979-05-01,ME2 BM4,-0.2883
1979-04-01,1979-05-01,ME2 BM5,-0.4815
1979-04-01,1979-05-01,ME3 BM1,-3.4468
1979-04-01,1979-05-01,ME3 BM2,-3.0064
1979-04-01,1979-05-01,ME3 BM3,-0.2062
1979-04-01,1979-05-01,ME3 BM4,0.5336
1979-04-01,1979-05-01,ME3 BM5,-2.1376
1979-04-01,1979-05-01,ME4 BM1,-0.2944
1979-04-01,1979-05-01,ME4 BM2,-1.3734
1979-04-01,1979-05-01,ME4 BM3,-1.6701
1979-04-01,1979-05-01,ME4 BM4,-0.5276
1979-04-01,1979-05-01,ME4 BM5,-1.027
1979-04-01,1979-05-01,BIG LoBM,-2.1261
1979-04-01,1979-05-01,ME5 BM2,-0.8581
1979-04-01,1979-05-01,ME5 BM3,-1.7355
1979-04-01,1979-05-01,ME5 BM4,-1.2369
1979-04-01,1979-05-01,BIG HiBM,-1.3239
1979-05-01,1979-06-01,SMALL LoBM,5.8664
1979-05-01,1979-06-01,ME1 BM2,5.5601
1979-05-01,1979-06-01,ME1 BM3,5.4278
1979-05-01,1979-06-01,ME1 BM4,4.4477
1979-05-01,1979-06-01,SMALL HiBM,5.4251
1979-05-01,1979-06-01,ME2 BM1,7.4306
1979-05-01,1979-06-01,ME2 BM2,5.658
1979-05-01,1979-06-01,ME2 BM3,3.5945
1979-05-01,1979-06-01,ME2 BM4,6.0432
1979-05-01,1979-06-01,ME2 BM5,8.3953
1979-05-01,1979-06-01,ME3 BM1,3.3265
1979-05-01,1979-06-01,ME3 BM2,4.7867
1979-05-01,1979-06-01,ME3 BM3,6.4203
1979-05-01,1979-06-01,ME3 BM4,6.1186
1979-05-01,1979-06-01,ME3 BM5,6.1734
1979-05-01,1979-06-01,ME4 BM1,5.2284
1979-05-01,1979-06-01,ME4 BM2,7.2923
1979-05-01,1979-06-01,ME4 BM3,6.3145
1979-05-01,1979-06-01,ME4 BM4,7.9204
1979-05-01,1979-06-01,ME4 BM5,6.1149
1979-05-01,1979-06-01,BIG LoBM,2.2949
1979-05-01,1979-06-01,ME5 BM2,4.681
1979-05-01,1979-06-01,ME5 BM3,6.2651
1979-05-01,1979-06-01,ME5 BM4,4.6123
1979-05-01,1979-06-01,BIG HiBM,2.7239
1979-06-01,1979-07-01,SMALL LoBM,2.4182
1979-06-01,1979-07-01,ME1 BM2,3.0465
1979-06-01,1979-07-01,ME1 BM3,3.2504
1979-06-01,1979-07-01,ME1 BM4,3.1219
1979-06-01,1979-07-01,SMALL HiBM,2.1556
1979-06-01,1979-07-01,ME2 BM1,1.866
1979-06-01,1979-07-01,ME2 BM2,2.5567
1979-06-01,1979-07-01,ME2 BM3,3.028
1979-06-01,1979-07-01,ME2 BM4,4.868
1979-06-01,1979-07-01,ME2 BM5,3.9932
1979-06-01,1979-07-01,ME3 BM1,3.3026
1979-06-01,1979-07-01,ME3 BM2,3.7053
1979-06-01,1979-07-01,ME3 BM3,4.2127
1979-06-01,1979-07-01,ME3 BM4,2.8197
1979-06-01,1979-07-01,ME3 BM5,5.3546
1979-06-01,1979-07-01,ME4 BM1,1.4928
1979-06-01,1979-07-01,ME4 BM2,2.8665
1979-06-01,1979-07-01,ME4 BM3,2.9425
1979-06-01,1979-07-01,ME4 BM4,2.4332
1979-06-01,1979-07-01,ME4 BM5,3.0017
1979-06-01,1979-07-01,BIG LoBM,-0.4093
1979-06-01,1979-07-01,ME5 BM2,1.7061
1979-06-01,1979-07-01,ME5 BM3,1.5107
1979-06-01,1979-07-01,ME5 BM4,1.2936
1979-06-01,1979-07-01,BIG HiBM,3.6745
1979-07-01,1979-08-01,SMALL LoBM,8.7439
1979-07-01,1979-08-01,ME1 BM2,8.7061
1979-07-01,1979-08-01,ME1 BM3,6.1727
1979-07-01,1979-08-01,ME1 BM4,6.905
1979-07-01,1979-08-01,SMALL HiBM,8.164
1979-07-01,1979-08-01,ME2 BM1,8.6529
1979-07-01,1979-08-01,ME2 BM2,8.6068
1979-07-01,1979-08-01,ME2 BM3,7.0404
1979-07-01,1979-08-01,ME2 BM4,6.7484
1979-07-01,1979-08-01,ME2 BM5,7.1492
1979-07-01,1979-08-01,ME3 BM1,9.6699
1979-07-01,1979-08-01,ME3 BM2,7.6349
1979-07-01,1979-08-01,ME3 BM3,5.6425
1979-07-01,1979-08-01,ME3 BM4,5.7738
1979-07-01,1979-08-01,ME3 BM5,6.8602
1979-07-01,1979-08-01,ME4 BM1,8.5745
1979-07-01,1979-08-01,ME4 BM2,6.329
1979-07-01,1979-08-01,ME4 BM3,6.9459
1979-07-01,1979-08-01,ME4 BM4,4.8177
1979-07-01,1979-08-01,ME4 BM5,7.7352
1979-07-01,1979-08-01,BIG LoBM,6.3766
1979-07-01,1979-08-01,ME5 BM2,7.1381
1979-07-01,1979-08-01,ME5 BM3,4.4259
1979-07-01,1979-08-01,ME5 BM4,5.4152
1979-07-01,1979-08-01,BIG HiBM,5.3131
1979-08-01,1979-09-01,SMALL LoBM,-0.1984
1979-08-01,1979-09-01,ME1 BM2,-0.1647
1979-08-01,1979-09-01,ME1 BM3,-1.5158
1979-08-01,1979-09-01,ME1 BM4,-0.4235
1979-08-01,1979-09-01,SMALL HiBM,-0.9996
1979-08-01,1979-09-01,ME2 BM1,0.7359
1979-08-01,1979-09-01,ME2 BM2,0.775
1979-08-01,1979-09-01,ME2 BM3,-2.5904
1979-08-01,1979-09-01,ME2 BM4,-1.4319
1979-08-01,1979-09-01,ME2 BM5,-1.8619
1979-08-01,1979-09-01,ME3 BM1,1.4921
1979-08-01,1979-09-01,ME3 BM2,-0.0601
1979-08-01,1979-09-01,ME3 BM3,-1.3518
1979-08-01,1979-09-01,ME3 BM4,-3.0995
1979-08-01,1979-09-01,ME3 BM5,-1.4978
1979-08-01,1979-09-01,ME4 BM1,-0.302
1979-08-01,1979-09-01,ME4 BM2,0.1426
1979-08-01,1979-09-01,ME4 BM3,-0.0299
1979-08-01,1979-09-01,ME4 BM4,-1.656
1979-08-01,1979-09-01,ME4 BM5,-1.7495
1979-08-01,1979-09-01,BIG LoBM,-1.7502
1979-08-01,1979-09-01,ME5 BM2,0.8616
1979-08-01,1979-09-01,ME5 BM3,1.6337
1979-08-01,1979-09-01,ME5 BM4,0.7365
1979-08-01,1979-09-01,BIG HiBM,0.4898
1979-09-01,1979-10-01,SMALL LoBM,-11.1191
1979-09-01,1979-10-01,ME1 BM2,-10.0408
1979-09-01,1979-10-01,ME1 BM3,-11.5492
1979-09-01,1979-10-01,ME1 BM4,-9.5493
1979-09-01,1979-10-01,SMALL HiBM,-11.643
1979-09-01,1979-10-01,ME2 BM1,-8.6333
1979-09-01,1979-10-01,ME2 BM2,-10.6223
1979-09-01,1979-10-01,ME2 BM3,-11.5821
1979-09-01,1979-10-01,ME2 BM4,-11.9361
1979-09-01,1979-10-01,ME2 BM5,-11.5956
1979-09-01,1979-10-01,ME3 BM1,-8.1287
1979-09-01,1979-10-01,ME3 BM2,-8.7156
1979-09-01,1979-10-01,ME3 BM3,-10.3054
1979-09-01,1979-10-01,ME3 BM4,-7.6552
1979-09-01,1979-10-01,ME3 BM5,-12.2492
1979-09-01,1979-10-01,ME4 BM1,-7.5286
1979-09-01,1979-10-01,ME4 BM2,-7.7912
1979-09-01,1979-10-01,ME4 BM3,-8.2825
1979-09-01,1979-10-01,ME4 BM4,-10.1568
1979-09-01,1979-10-01,ME4 BM5,-10.5187
1979-09-01,1979-10-01,BIG LoBM,-6.293
1979-09-01,1979-10-01,ME5 BM2,-5.4938
1979-09-01,1979-10-01,ME5 BM3,-5.7155
1979-09-01,1979-10-01,ME5 BM4,-7.0677
1979-09-01,1979-10-01,BIG HiBM,-7.1637
1979-10-01,1979-11-01,SMALL LoBM,11.0154
1979-10-01,1979-11-01,ME1 BM2,8.4053
1979-10-01,1979-11-01,ME1 BM3,6.5416
1979-10-01,1979-11-01,ME1 BM4,5.1575
1979-10-01,1979-11-01,SMALL HiBM,6.5722
1979-10-01,1979-11-01,ME2 BM1,10.9096
1979-10-01,1979-11-01,ME2 BM2,8.0604
1979-10-01,1979-11-01,ME2 BM3,6.7519
1979-10-01,1979-11-01,ME2 BM4,7.2211
1979-10-01,1979-11-01,ME2 BM5,7.4476
1979-10-01,1979-11-01,ME3 BM1,11.5661
1979-10-01,1979-11-01,ME3 BM2,6.86
1979-10-01,1979-11-01,ME3 BM3,6.6088
1979-10-01,1979-11-01,ME3 BM4,6.8029
1979-10-01,1979-11-01,ME3 BM5,5.4093
1979-10-01,1979-11-01,ME4 BM1,9.946
1979-10-01,1979-11-01,ME4 BM2,7.3073
1979-10-01,1979-11-01,ME4 BM3,7.4092
1979-10-01,1979-11-01,ME4 BM4,5.9781
1979-10-01,1979-11-01,ME4 BM5,6.0935
1979-10-01,1979-11-01,BIG LoBM,5.0081
1979-10-01,1979-11-01,ME5 BM2,7.3722
1979-10-01,1979-11-01,ME5 BM3,4.1544
1979-10-01,1979-11-01,ME5 BM4,7.288
1979-10-01,1979-11-01,BIG HiBM,1.0009
1979-11-01,1979-12-01,SMALL LoBM,11.4031
1979-11-01,1979-12-01,ME1 BM2,8.2596
1979-11-01,1979-12-01,ME1 BM3,5.8768
1979-11-01,1979-12-01,ME1 BM4,6.8224
1979-11-01,1979-12-01,SMALL HiBM,5.0867
1979-11-01,1979-12-01,ME2 BM1,8.557
1979-11-01,1979-12-01,ME2 BM2,6.1759
1979-11-01,1979-12-01,ME2 BM3,5.7298
1979-11-01,1979-12-01,ME2 BM4,3.7809
1979-11-01,1979-12-01,ME2 BM5,4.9373
1979-11-01,1979-12-01,ME3 BM1,5.9067
1979-11-01,1979-12-01,ME3 BM2,3.3344
1979-11-01,1979-12-01,ME3 BM3,2.771
1979-11-01,1979-12-01,ME3 BM4,2.1958
1979-11-01,1979-12-01,ME3 BM5,7.8031
1979-11-01,1979-12-01,ME4 BM1,4.6356
1979-11-01,1979-12-01,ME4 BM2,3.7808
1979-11-01,1979-12-01,ME4 BM3,2.273
1979-11-01,1979-12-01,ME4 BM4,2.0515
1979-11-01,1979-12-01,ME4 BM5,4.0932
1979-11-01,1979-12-01,BIG LoBM,1.9072
1979-11-01,1979-12-01,ME5 BM2,3.725
1979-11-01,1979-12-01,ME5 BM3,-0.1076
1979-11-01,1979-12-01,ME5 BM4,0.8515
1979-11-01,1979-12-01,BIG HiBM,2.2653
1979-12-01,1980-01-01,SMALL LoBM,12.625
1979-12-01,1980-01-01,ME1 BM2,10.1349
1979-12-01,1980-01-01,ME1 BM3,8.5221
1979-12-01,1980-01-01,ME1 BM4,8.9163
1979-12-01,1980-01-01,SMALL HiBM,10.9806
1979-12-01,1980-01-01,ME2 BM1,6.9885
1979-12-01,1980-01-01,ME2 BM2,7.3654
1979-12-01,1980-01-01,ME2 BM3,6.3475
1979-12-01,1980-01-01,ME2 BM4,4.6943
1979-12-01,1980-01-01,ME2 BM5,9.1152
1979-12-01,1980-01-01,ME3 BM1,5.4302
1979-12-01,1980-01-01,ME3 BM2,6.5762
1979-12-01,1980-01-01,ME3 BM3,6.8494
1979-12-01,1980-01-01,ME3 BM4,6.0474
1979-12-01,1980-01-01,ME3 BM5,9.1079
1979-12-01,1980-01-01,ME4 BM1,7.4168
1979-12-01,1980-01-01,ME4 BM2,6.6669
1979-12-01,1980-01-01,ME4 BM3,6.838
1979-12-01,1980-01-01,ME4 BM4,0.7494
1979-12-01,1980-01-01,ME4 BM5,7.8363
1979-12-01,1980-01-01,BIG LoBM,3.3804
1979-12-01,1980-01-01,ME5 BM2,7.5185
1979-12-01,1980-01-01,ME5 BM3,5.6937
1979-12-01,1980-01-01,ME5 BM4,7.6993
1979-12-01,1980-01-01,BIG HiBM,10.2369
1980-01-01,1980-02-01,SMALL LoBM,0.6036
1980-01-01,1980-02-01,ME1 BM2,-0.1106
1980-01-01,1980-02-01,ME1 BM3,-2.1246
1980-01-01,1980-02-01,ME1 BM4,-1.8979
1980-01-01,1980-02-01,SMALL HiBM,-2.2868
1980-01-01,1980-02-01,ME2 BM1,-1.3654
1980-01-01,1980-02-01,ME2 BM2,-0.3019
1980-01-01,1980-02-01,ME2 BM3,-3.4795
1980-01-01,1980-02-01,ME2 BM4,-4.1794
1980-01-01,1980-02-01,ME2 BM5,-1.2279
1980-01-01,1980-02-01,ME3 BM1,-1.0834
1980-01-01,1980-02-01,ME3 BM2,-3.7432
1980-01-01,1980-02-01,ME3 BM3,-4.3643
1980-01-01,1980-02-01,ME3 BM4,-4.1263
1980-01-01,1980-02-01,ME3 BM5,-2.6931
1980-01-01,1980-02-01,ME4 BM1,-2.4671
1980-01-01,1980-02-01,ME4 BM2,-1.3377
1980-01-01,1980-02-01,ME4 BM3,-2.8753
1980-01-01,1980-02-01,ME4 BM4,-4.9032
1980-01-01,1980-02-01,ME4 BM5,-1.7234
1980-01-01,1980-02-01,BIG LoBM,-4.3638
1980-01-01,1980-02-01,ME5 BM2,1.0576
1980-01-01,1980-02-01,ME5 BM3,4.0105
1980-01-01,1980-02-01,ME5 BM4,1.6555
1980-01-01,1980-02-01,BIG HiBM,2.5468
1980-02-01,1980-03-01,SMALL LoBM,-22.1138
1980-02-01,1980-03-01,ME1 BM2,-19.2542
1980-02-01,1980-03-01,ME1 BM3,-17.6516
1980-02-01,1980-03-01,ME1 BM4,-15.5179
1980-02-01,1980-03-01,SMALL HiBM,-17.6863
1980-02-01,1980-03-01,ME2 BM1,-19.295
1980-02-01,1980-03-01,ME2 BM2,-16.5323
1980-02-01,1980-03-01,ME2 BM3,-16.744
1980-02-01,1980-03-01,ME2 BM4,-14.6618
1980-02-01,1980-03-01,ME2 BM5,-18.0852
1980-02-01,1980-03-01,ME3 BM1,-15.9999
1980-02-01,1980-03-01,ME3 BM2,-15.1285
1980-02-01,1980-03-01,ME3 BM3,-16.6106
1980-02-01,1980-03-01,ME3 BM4,-13.0029
1980-02-01,1980-03-01,ME3 BM5,-18.9131
1980-02-01,1980-03-01,ME4 BM1,-12.1236
1980-02-01,1980-03-01,ME4 BM2,-14.1808
1980-02-01,1980-03-01,ME4 BM3,-13.0852
1980-02-01,1980-03-01,ME4 BM4,-11.2121
1980-02-01,1980-03-01,ME4 BM5,-16.5142
1980-02-01,1980-03-01,BIG LoBM,-6.3019
1980-02-01,1980-03-01,ME5 BM2,-11.733
1980-02-01,1980-03-01,ME5 BM3,-9.5568
1980-02-01,1980-03-01,ME5 BM4,-11.3241
1980-02-01,1980-03-01,BIG HiBM,-12.8919
1980-03-01,1980-04-01,SMALL LoBM,6.3429
1980-03-01,1980-04-01,ME1 BM2,6.4933
1980-03-01,1980-04-01,ME1 BM3,6.7734
1980-03-01,1980-04-01,ME1 BM4,5.3563
1980-03-01,1980-04-01,SMALL HiBM,6.0369
1980-03-01,1980-04-01,ME2 BM1,6.089
1980-03-01,1980-04-01,ME2 BM2,4.7969
1980-03-01,1980-04-01,ME2 BM3,6.6367
1980-03-01,1980-04-01,ME2 BM4,7.9475
1980-03-01,1980-04-01,ME2 BM5,4.3842
1980-03-01,1980-04-01,ME3 BM1,7.1202
1980-03-01,1980-04-01,ME3 BM2,7.1895
1980-03-01,1980-04-01,ME3 BM3,7.2976
1980-03-01,1980-04-01,ME3 BM4,8.4694
1980-03-01,1980-04-01,ME3 BM5,6.2516
1980-03-01,1980-04-01,ME4 BM1,4.7131
1980-03-01,1980-04-01,ME4 BM2,6.37
1980-03-01,1980-04-01,ME4 BM3,7.1635
1980-03-01,1980-04-01,ME4 BM4,8.8955
1980-03-01,1980-04-01,ME4 BM5,6.9112
1980-03-01,1980-04-01,BIG LoBM,3.0011
1980-03-01,1980-04-01,ME5 BM2,3.7657
1980-03-01,1980-04-01,ME5 BM3,5.4671
1980-03-01,1980-04-01,ME5 BM4,7.8218
1980-03-01,1980-04-01,BIG HiBM,2.8701
1980-04-01,1980-05-01,SMALL LoBM,7.1858
1980-04-01,1980-05-01,ME1 BM2,6.5372
1980-04-01,1980-05-01,ME1 BM3,7.0007
1980-04-01,1980-05-01,ME1 BM4,6.6479
1980-04-01,1980-05-01,SMALL HiBM,7.5974
1980-04-01,1980-05-01,ME2 BM1,8.9379
1980-04-01,1980-05-01,ME2 BM2,10.0245
1980-04-01,1980-05-01,ME2 BM3,6.6902
1980-04-01,1980-05-01,ME2 BM4,7.9057
1980-04-01,1980-05-01,ME2 BM5,9.7821
1980-04-01,1980-05-01,ME3 BM1,7.202
1980-04-01,1980-05-01,ME3 BM2,7.0803
1980-04-01,1980-05-01,ME3 BM3,8.7732
1980-04-01,1980-05-01,ME3 BM4,7.8756
1980-04-01,1980-05-01,ME3 BM5,9.1818
1980-04-01,1980-05-01,ME4 BM1,7.5641
1980-04-01,1980-05-01,ME4 BM2,7.7391
1980-04-01,1980-05-01,ME4 BM3,9.2837
1980-04-01,1980-05-01,ME4 BM4,7.2272
1980-04-01,1980-05-01,ME4 BM5,8.9136
1980-04-01,1980-05-01,BIG LoBM,4.9975
1980-04-01,1980-05-01,ME5 BM2,5.231
1980-04-01,1980-05-01,ME5 BM3,5.3078
1980-04-01,1980-05-01,ME5 BM4,4.0844
1980-04-01,1980-05-01,BIG HiBM,6.1947
1980-05-01,1980-06-01,SMALL LoBM,5.0124
1980-05-01,1980-06-01,ME1 BM2,3.7262
1980-05-01,1980-06-01,ME1 BM3,3.4802
1980-05-01,1980-06-01,ME1 BM4,4.0684
1980-05-01,1980-06-01,SMALL HiBM,5.4312
1980-05-01,1980-06-01,ME2 BM1,4.4461
1980-05-01,1980-06-01,ME2 BM2,6.7254
1980-05-01,1980-06-01,ME2 BM3,4.078
1980-05-01,1980-06-01,ME2 BM4,5.6696
1980-05-01,1980-06-01,ME2 BM5,2.1793
1980-05-01,1980-06-01,ME3 BM1,5.0442
1980-05-01,1980-06-01,ME3 BM2,5.4024
1980-05-01,1980-06-01,ME3 BM3,4.1244
1980-05-01,1980-06-01,ME3 BM4,4.4785
1980-05-01,1980-06-01,ME3 BM5,2.5432
1980-05-01,1980-06-01,ME4 BM1,5.8354
1980-05-01,1980-06-01,ME4 BM2,3.8332
1980-05-01,1980-06-01,ME4 BM3,4.5889
1980-05-01,1980-06-01,ME4 BM4,3.3903
1980-05-01,1980-06-01,ME4 BM5,4.7444
1980-05-01,1980-06-01,BIG LoBM,2.1559
1980-05-01,1980-06-01,ME5 BM2,4.199
1980-05-01,1980-06-01,ME5 BM3,1.9448
1980-05-01,1980-06-01,ME5 BM4,4.87
1980-05-01,1980-06-01,BIG HiBM,0.2559
1980-06-01,1980-07-01,SMALL LoBM,11.9605
1980-06-01,1980-07-01,ME1 BM2,12.4288
1980-06-01,1980-07-01,ME1 BM3,10.175
1980-06-01,1980-07-01,ME1 BM4,8.242
1980-06-01,1980-07-01,SMALL HiBM,9.0358
1980-06-01,1980-07-01,ME2 BM1,14.1596
1980-06-01,1980-07-01,ME2 BM2,11.3457
1980-06-01,1980-07-01,ME2 BM3,10.2377
1980-06-01,1980-07-01,ME2 BM4,7.5589
1980-06-01,1980-07-01,ME2 BM5,8.2715
1980-06-01,1980-07-01,ME3 BM1,13.2352
1980-06-01,1980-07-01,ME3 BM2,8.364
1980-06-01,1980-07-01,ME3 BM3,9.3645
1980-06-01,1980-07-01,ME3 BM4,5.373
1980-06-01,1980-07-01,ME3 BM5,6.053
1980-06-01,1980-07-01,ME4 BM1,11.2008
1980-06-01,1980-07-01,ME4 BM2,10.3759
1980-06-01,1980-07-01,ME4 BM3,7.7041
1980-06-01,1980-07-01,ME4 BM4,3.3628
1980-06-01,1980-07-01,ME4 BM5,4.827
1980-06-01,1980-07-01,BIG LoBM,11.1623
1980-06-01,1980-07-01,ME5 BM2,6.0126
1980-06-01,1980-07-01,ME5 BM3,3.4522
1980-06-01,1980-07-01,ME5 BM4,3.203
1980-06-01,1980-07-01,BIG HiBM,5.164
1980-07-01,1980-08-01,SMALL LoBM,11.4163
1980-07-01,1980-08-01,ME1 BM2,8.7409
1980-07-01,1980-08-01,ME1 BM3,6.626
1980-07-01,1980-08-01,ME1 BM4,7.2303
1980-07-01,1980-08-01,SMALL HiBM,5.5378
1980-07-01,1980-08-01,ME2 BM1,8.0247
1980-07-01,1980-08-01,ME2 BM2,7.0761
1980-07-01,1980-08-01,ME2 BM3,4.1287
1980-07-01,1980-08-01,ME2 BM4,3.0165
1980-07-01,1980-08-01,ME2 BM5,3.6437
1980-07-01,1980-08-01,ME3 BM1,6.6865
1980-07-01,1980-08-01,ME3 BM2,6.4612
1980-07-01,1980-08-01,ME3 BM3,2.3196
1980-07-01,1980-08-01,ME3 BM4,1.7389
1980-07-01,1980-08-01,ME3 BM5,0.7395
1980-07-01,1980-08-01,ME4 BM1,4.3309
1980-07-01,1980-08-01,ME4 BM2,2.0759
1980-07-01,1980-08-01,ME4 BM3,2.5445
1980-07-01,1980-08-01,ME4 BM4,0.1896
1980-07-01,1980-08-01,ME4 BM5,0.6474
1980-07-01,1980-08-01,BIG LoBM,1.996
1980-07-01,1980-08-01,ME5 BM2,0.9653
1980-07-01,1980-08-01,ME5 BM3,1.1432
1980-07-01,1980-08-01,ME5 BM4,2.2378
1980-07-01,1980-08-01,BIG HiBM,-0.0028
1980-08-01,1980-09-01,SMALL LoBM,6.4538
1980-08-01,1980-09-01,ME1 BM2,2.9879
1980-08-01,1980-09-01,ME1 BM3,2.7391
1980-08-01,1980-09-01,ME1 BM4,1.3331
1980-08-01,1980-09-01,SMALL HiBM,2.7869
1980-08-01,1980-09-01,ME2 BM1,4.7993
1980-08-01,1980-09-01,ME2 BM2,3.6201
1980-08-01,1980-09-01,ME2 BM3,3.6396
1980-08-01,1980-09-01,ME2 BM4,0.8314
1980-08-01,1980-09-01,ME2 BM5,1.1691
1980-08-01,1980-09-01,ME3 BM1,5.532
1980-08-01,1980-09-01,ME3 BM2,2.3988
1980-08-01,1980-09-01,ME3 BM3,2.7448
1980-08-01,1980-09-01,ME3 BM4,1.4666
1980-08-01,1980-09-01,ME3 BM5,-1.3169
1980-08-01,1980-09-01,ME4 BM1,5.973
1980-08-01,1980-09-01,ME4 BM2,4.3668
1980-08-01,1980-09-01,ME4 BM3,2.0943
1980-08-01,1980-09-01,ME4 BM4,0.2426
1980-08-01,1980-09-01,ME4 BM5,0.2377
1980-08-01,1980-09-01,BIG LoBM,3.0989
1980-08-01,1980-09-01,ME5 BM2,5.6387
1980-08-01,1980-09-01,ME5 BM3,3.2025
1980-08-01,1980-09-01,ME5 BM4,-1.1454
1980-08-01,1980-09-01,BIG HiBM,0.064
1980-09-01,1980-10-01,SMALL LoBM,7.7054
1980-09-01,1980-10-01,ME1 BM2,5.8537
1980-09-01,1980-10-01,ME1 BM3,4.4844
1980-09-01,1980-10-01,ME1 BM4,3.6067
1980-09-01,1980-10-01,SMALL HiBM,2.2327
1980-09-01,1980-10-01,ME2 BM1,6.652
1980-09-01,1980-10-01,ME2 BM2,2.0934
1980-09-01,1980-10-01,ME2 BM3,0.6185
1980-09-01,1980-10-01,ME2 BM4,3.2327
1980-09-01,1980-10-01,ME2 BM5,1.6839
1980-09-01,1980-10-01,ME3 BM1,2.3861
1980-09-01,1980-10-01,ME3 BM2,2.2752
1980-09-01,1980-10-01,ME3 BM3,2.8271
1980-09-01,1980-10-01,ME3 BM4,1.41
1980-09-01,1980-10-01,ME3 BM5,0.6883
1980-09-01,1980-10-01,ME4 BM1,2.2392
1980-09-01,1980-10-01,ME4 BM2,3.5664
1980-09-01,1980-10-01,ME4 BM3,-0.7534
1980-09-01,1980-10-01,ME4 BM4,-1.409
1980-09-01,1980-10-01,ME4 BM5,-0.167
1980-09-01,1980-10-01,BIG LoBM,0.6026
1980-09-01,1980-10-01,ME5 BM2,4.0756
1980-09-01,1980-10-01,ME5 BM3,4.5969
1980-09-01,1980-10-01,ME5 BM4,-1.7398
1980-09-01,1980-10-01,BIG HiBM,0.6636
1980-10-01,1980-11-01,SMALL LoBM,16.3041
1980-10-01,1980-11-01,ME1 BM2,6.1213
1980-10-01,1980-11-01,ME1 BM3,5.5298
1980-10-01,1980-11-01,ME1 BM4,1.0337
1980-10-01,1980-11-01,SMALL HiBM,1.7586
1980-10-01,1980-11-01,ME2 BM1,13.3326
1980-10-01,1980-11-01,ME2 BM2,7.25
1980-10-01,1980-11-01,ME2 BM3,4.744
1980-10-01,1980-11-01,ME2 BM4,6.4886
1980-10-01,1980-11-01,ME2 BM5,3.6777
1980-10-01,1980-11-01,ME3 BM1,11.4652
1980-10-01,1980-11-01,ME3 BM2,7.118
1980-10-01,1980-11-01,ME3 BM3,3.5053
1980-10-01,1980-11-01,ME3 BM4,2.3385
1980-10-01,1980-11-01,ME3 BM5,2.9982
1980-10-01,1980-11-01,ME4 BM1,12.885
1980-10-01,1980-11-01,ME4 BM2,13.9229
1980-10-01,1980-11-01,ME4 BM3,4.3917
1980-10-01,1980-11-01,ME4 BM4,3.0103
1980-10-01,1980-11-01,ME4 BM5,0.8619
1980-10-01,1980-11-01,BIG LoBM,10.6566
1980-10-01,1980-11-01,ME5 BM2,14.2553
1980-10-01,1980-11-01,ME5 BM3,18.5374
1980-10-01,1980-11-01,ME5 BM4,5.1851
1980-10-01,1980-11-01,BIG HiBM,3.9327
1980-11-01,1980-12-01,SMALL LoBM,-6.2041
1980-11-01,1980-12-01,ME1 BM2,-5.6415
1980-11-01,1980-12-01,ME1 BM3,-3.682
1980-11-01,1980-12-01,ME1 BM4,-2.677
1980-11-01,1980-12-01,SMALL HiBM,-3.5341
1980-11-01,1980-12-01,ME2 BM1,-5.131
1980-11-01,1980-12-01,ME2 BM2,-2.3365
1980-11-01,1980-12-01,ME2 BM3,-1.8447
1980-11-01,1980-12-01,ME2 BM4,-1.4391
1980-11-01,1980-12-01,ME2 BM5,-0.3252
1980-11-01,1980-12-01,ME3 BM1,-3.8053
1980-11-01,1980-12-01,ME3 BM2,-3.1874
1980-11-01,1980-12-01,ME3 BM3,-0.4553
1980-11-01,1980-12-01,ME3 BM4,-0.9731
1980-11-01,1980-12-01,ME3 BM5,-0.1251
1980-11-01,1980-12-01,ME4 BM1,-3.533
1980-11-01,1980-12-01,ME4 BM2,-4.468
1980-11-01,1980-12-01,ME4 BM3,-0.8792
1980-11-01,1980-12-01,ME4 BM4,0.5046
1980-11-01,1980-12-01,ME4 BM5,-0.4294
1980-11-01,1980-12-01,BIG LoBM,0.0956
1980-11-01,1980-12-01,ME5 BM2,-5.5912
1980-11-01,1980-12-01,ME5 BM3,-5.6728
1980-11-01,1980-12-01,ME5 BM4,-1.2559
1980-11-01,1980-12-01,BIG HiBM,-0.1559
1980-12-01,1981-01-01,SMALL LoBM,-4.3849
1980-12-01,1981-01-01,ME1 BM2,-0.3493
1980-12-01,1981-01-01,ME1 BM3,1.4112
1980-12-01,1981-01-01,ME1 BM4,1.6792
1980-12-01,1981-01-01,SMALL HiBM,3.2552
1980-12-01,1981-01-01,ME2 BM1,-4.7463
1980-12-01,1981-01-01,ME2 BM2,-0.7454
1980-12-01,1981-01-01,ME2 BM3,0.0284
1980-12-01,1981-01-01,ME2 BM4,1.8336
1980-12-01,1981-01-01,ME2 BM5,3.1017
1980-12-01,1981-01-01,ME3 BM1,-4.2538
1980-12-01,1981-01-01,ME3 BM2,-1.5856
1980-12-01,1981-01-01,ME3 BM3,-0.9858
1980-12-01,1981-01-01,ME3 BM4,1.9988
1980-12-01,1981-01-01,ME3 BM5,2.7036
1980-12-01,1981-01-01,ME4 BM1,-6.826
1980-12-01,1981-01-01,ME4 BM2,-3.4515
1980-12-01,1981-01-01,ME4 BM3,-0.3771
1980-12-01,1981-01-01,ME4 BM4,0.5511
1980-12-01,1981-01-01,ME4 BM5,1.4298
1980-12-01,1981-01-01,BIG LoBM,-6.138
1980-12-01,1981-01-01,ME5 BM2,-7.3114
1980-12-01,1981-01-01,ME5 BM3,-6.4157
1980-12-01,1981-01-01,ME5 BM4,-0.0683
1980-12-01,1981-01-01,BIG HiBM,2.2764
1981-01-01,1981-02-01,SMALL LoBM,-3.41
1981-01-01,1981-02-01,ME1 BM2,-1.204
1981-01-01,1981-02-01,ME1 BM3,1.2525
1981-01-01,1981-02-01,ME1 BM4,2.0378
1981-01-01,1981-02-01,SMALL HiBM,2.3178
1981-01-01,1981-02-01,ME2 BM1,-0.346
1981-01-01,1981-02-01,ME2 BM2,1.8115
1981-01-01,1981-02-01,ME2 BM3,2.561
1981-01-01,1981-02-01,ME2 BM4,3.2927
1981-01-01,1981-02-01,ME2 BM5,3.868
1981-01-01,1981-02-01,ME3 BM1,3.3537
1981-01-01,1981-02-01,ME3 BM2,2.3909
1981-01-01,1981-02-01,ME3 BM3,3.7622
1981-01-01,1981-02-01,ME3 BM4,-0.0465
1981-01-01,1981-02-01,ME3 BM5,1.3653
1981-01-01,1981-02-01,ME4 BM1,1.3817
1981-01-01,1981-02-01,ME4 BM2,2.4142
1981-01-01,1981-02-01,ME4 BM3,4.4923
1981-01-01,1981-02-01,ME4 BM4,1.6688
1981-01-01,1981-02-01,ME4 BM5,3.8189
1981-01-01,1981-02-01,BIG LoBM,3.2819
1981-01-01,1981-02-01,ME5 BM2,2.083
1981-01-01,1981-02-01,ME5 BM3,-0.6348
1981-01-01,1981-02-01,ME5 BM4,3.1139
1981-01-01,1981-02-01,BIG HiBM,-0.4509
1981-02-01,1981-03-01,SMALL LoBM,7.3664
1981-02-01,1981-03-01,ME1 BM2,10.3421
1981-02-01,1981-03-01,ME1 BM3,8.7605
1981-02-01,1981-03-01,ME1 BM4,9.0041
1981-02-01,1981-03-01,SMALL HiBM,7.2482
1981-02-01,1981-03-01,ME2 BM1,8.0794
1981-02-01,1981-03-01,ME2 BM2,8.3187
1981-02-01,1981-03-01,ME2 BM3,7.6754
1981-02-01,1981-03-01,ME2 BM4,7.6075
1981-02-01,1981-03-01,ME2 BM5,7.555
1981-02-01,1981-03-01,ME3 BM1,7.5641
1981-02-01,1981-03-01,ME3 BM2,7.653
1981-02-01,1981-03-01,ME3 BM3,7.8425
1981-02-01,1981-03-01,ME3 BM4,9.1051
1981-02-01,1981-03-01,ME3 BM5,6.977
1981-02-01,1981-03-01,ME4 BM1,8.9507
1981-02-01,1981-03-01,ME4 BM2,6.7198
1981-02-01,1981-03-01,ME4 BM3,8.4585
1981-02-01,1981-03-01,ME4 BM4,8.2615
1981-02-01,1981-03-01,ME4 BM5,7.7287
1981-02-01,1981-03-01,BIG LoBM,3.2784
1981-02-01,1981-03-01,ME5 BM2,3.6496
1981-02-01,1981-03-01,ME5 BM3,0.4141
1981-02-01,1981-03-01,ME5 BM4,3.4018
1981-02-01,1981-03-01,BIG HiBM,8.1981
1981-03-01,1981-04-01,SMALL LoBM,2.7871
1981-03-01,1981-04-01,ME1 BM2,4.5343
1981-03-01,1981-04-01,ME1 BM3,3.5393
1981-03-01,1981-04-01,ME1 BM4,4.6487
1981-03-01,1981-04-01,SMALL HiBM,5.4125
1981-03-01,1981-04-01,ME2 BM1,1.6258
1981-03-01,1981-04-01,ME2 BM2,3.5803
1981-03-01,1981-04-01,ME2 BM3,3.5347
1981-03-01,1981-04-01,ME2 BM4,3.6961
1981-03-01,1981-04-01,ME2 BM5,4.0233
1981-03-01,1981-04-01,ME3 BM1,1.239
1981-03-01,1981-04-01,ME3 BM2,3.3638
1981-03-01,1981-04-01,ME3 BM3,1.156
1981-03-01,1981-04-01,ME3 BM4,0.9557
1981-03-01,1981-04-01,ME3 BM5,3.7056
1981-03-01,1981-04-01,ME4 BM1,0.0344
1981-03-01,1981-04-01,ME4 BM2,-0.8426
1981-03-01,1981-04-01,ME4 BM3,0.6191
1981-03-01,1981-04-01,ME4 BM4,-0.2428
1981-03-01,1981-04-01,ME4 BM5,1.704
1981-03-01,1981-04-01,BIG LoBM,-3.045
1981-03-01,1981-04-01,ME5 BM2,-4.7814
1981-03-01,1981-04-01,ME5 BM3,-2.6559
1981-03-01,1981-04-01,ME5 BM4,2.1697
1981-03-01,1981-04-01,BIG HiBM,-2.9724
1981-04-01,1981-05-01,SMALL LoBM,5.0053
1981-04-01,1981-05-01,ME1 BM2,5.2081
1981-04-01,1981-05-01,ME1 BM3,4.0379
1981-04-01,1981-05-01,ME1 BM4,2.5547
1981-04-01,1981-05-01,SMALL HiBM,2.6729
1981-04-01,1981-05-01,ME2 BM1,6.176
1981-04-01,1981-05-01,ME2 BM2,1.8737
1981-04-01,1981-05-01,ME2 BM3,3.1615
1981-04-01,1981-05-01,ME2 BM4,0.2218
1981-04-01,1981-05-01,ME2 BM5,2.5213
1981-04-01,1981-05-01,ME3 BM1,2.2994
1981-04-01,1981-05-01,ME3 BM2,2.9826
1981-04-01,1981-05-01,ME3 BM3,2.7748
1981-04-01,1981-05-01,ME3 BM4,1.4665
1981-04-01,1981-05-01,ME3 BM5,5.1335
1981-04-01,1981-05-01,ME4 BM1,3.3858
1981-04-01,1981-05-01,ME4 BM2,2.061
1981-04-01,1981-05-01,ME4 BM3,1.9832
1981-04-01,1981-05-01,ME4 BM4,0.8182
1981-04-01,1981-05-01,ME4 BM5,3.3651
1981-04-01,1981-05-01,BIG LoBM,1.5915
1981-04-01,1981-05-01,ME5 BM2,-2.1939
1981-04-01,1981-05-01,ME5 BM3,-1.9354
1981-04-01,1981-05-01,ME5 BM4,3.7471
1981-04-01,1981-05-01,BIG HiBM,0.754
1981-05-01,1981-06-01,SMALL LoBM,-7.0875
1981-05-01,1981-06-01,ME1 BM2,-0.4245
1981-05-01,1981-06-01,ME1 BM3,1.2426
1981-05-01,1981-06-01,ME1 BM4,2.7454
1981-05-01,1981-06-01,SMALL HiBM,1.3188
1981-05-01,1981-06-01,ME2 BM1,-7.1344
1981-05-01,1981-06-01,ME2 BM2,-0.5855
1981-05-01,1981-06-01,ME2 BM3,-0.7764
1981-05-01,1981-06-01,ME2 BM4,0.1194
1981-05-01,1981-06-01,ME2 BM5,1.5584
1981-05-01,1981-06-01,ME3 BM1,-4.9937
1981-05-01,1981-06-01,ME3 BM2,-0.0491
1981-05-01,1981-06-01,ME3 BM3,-0.259
1981-05-01,1981-06-01,ME3 BM4,2.359
1981-05-01,1981-06-01,ME3 BM5,-1.6997
1981-05-01,1981-06-01,ME4 BM1,-5.1794
1981-05-01,1981-06-01,ME4 BM2,-1.4322
1981-05-01,1981-06-01,ME4 BM3,0.794
1981-05-01,1981-06-01,ME4 BM4,2.5971
1981-05-01,1981-06-01,ME4 BM5,-0.5885
1981-05-01,1981-06-01,BIG LoBM,-4.478
1981-05-01,1981-06-01,ME5 BM2,1.2327
1981-05-01,1981-06-01,ME5 BM3,3.3072
1981-05-01,1981-06-01,ME5 BM4,-0.6543
1981-05-01,1981-06-01,BIG HiBM,0.6096
1981-06-01,1981-07-01,SMALL LoBM,-4.6125
1981-06-01,1981-07-01,ME1 BM2,-3.3889
1981-06-01,1981-07-01,ME1 BM3,-2.6866
1981-06-01,1981-07-01,ME1 BM4,-2.0341
1981-06-01,1981-07-01,SMALL HiBM,-2.2158
1981-06-01,1981-07-01,ME2 BM1,-2.4161
1981-06-01,1981-07-01,ME2 BM2,-3.3988
1981-06-01,1981-07-01,ME2 BM3,-0.7842
1981-06-01,1981-07-01,ME2 BM4,-1.3484
1981-06-01,1981-07-01,ME2 BM5,-2.0027
1981-06-01,1981-07-01,ME3 BM1,-1.3431
1981-06-01,1981-07-01,ME3 BM2,-1.9858
1981-06-01,1981-07-01,ME3 BM3,-2.997
1981-06-01,1981-07-01,ME3 BM4,-2.8484
1981-06-01,1981-07-01,ME3 BM5,-0.3743
1981-06-01,1981-07-01,ME4 BM1,2.2673
1981-06-01,1981-07-01,ME4 BM2,-1.232
1981-06-01,1981-07-01,ME4 BM3,-2.4449
1981-06-01,1981-07-01,ME4 BM4,-2.4766
1981-06-01,1981-07-01,ME4 BM5,-3.1688
1981-06-01,1981-07-01,BIG LoBM,1.6172
1981-06-01,1981-07-01,ME5 BM2,2.6517
1981-06-01,1981-07-01,ME5 BM3,-2.0269
1981-06-01,1981-07-01,ME5 BM4,-2.238
1981-06-01,1981-07-01,BIG HiBM,0.5977
1981-07-01,1981-08-01,SMALL LoBM,-12.5906
1981-07-01,1981-08-01,ME1 BM2,-8.6304
1981-07-01,1981-08-01,ME1 BM3,-7.3251
1981-07-01,1981-08-01,ME1 BM4,-5.6472
1981-07-01,1981-08-01,SMALL HiBM,-4.7934
1981-07-01,1981-08-01,ME2 BM1,-10.419
1981-07-01,1981-08-01,ME2 BM2,-8.3295
1981-07-01,1981-08-01,ME2 BM3,-5.1627
1981-07-01,1981-08-01,ME2 BM4,-5.1991
1981-07-01,1981-08-01,ME2 BM5,-5.5943
1981-07-01,1981-08-01,ME3 BM1,-8.3513
1981-07-01,1981-08-01,ME3 BM2,-6.006
1981-07-01,1981-08-01,ME3 BM3,-5.5187
1981-07-01,1981-08-01,ME3 BM4,-5.8802
1981-07-01,1981-08-01,ME3 BM5,-3.3826
1981-07-01,1981-08-01,ME4 BM1,-7.0489
1981-07-01,1981-08-01,ME4 BM2,-5.8265
1981-07-01,1981-08-01,ME4 BM3,-3.943
1981-07-01,1981-08-01,ME4 BM4,-5.2642
1981-07-01,1981-08-01,ME4 BM5,-3.0674
1981-07-01,1981-08-01,BIG LoBM,-6.192
1981-07-01,1981-08-01,ME5 BM2,-6.6554
1981-07-01,1981-08-01,ME5 BM3,-5.8452
1981-07-01,1981-08-01,ME5 BM4,-5.229
1981-07-01,1981-08-01,BIG HiBM,-0.4356
1981-08-01,1981-09-01,SMALL LoBM,-13.4435
1981-08-01,1981-09-01,ME1 BM2,-8.1086
1981-08-01,1981-09-01,ME1 BM3,-7.5098
1981-08-01,1981-09-01,ME1 BM4,-6.6093
1981-08-01,1981-09-01,SMALL HiBM,-6.3757
1981-08-01,1981-09-01,ME2 BM1,-10.387
1981-08-01,1981-09-01,ME2 BM2,-6.9373
1981-08-01,1981-09-01,ME2 BM3,-6.4076
1981-08-01,1981-09-01,ME2 BM4,-3.3341
1981-08-01,1981-09-01,ME2 BM5,-5.548
1981-08-01,1981-09-01,ME3 BM1,-9.3532
1981-08-01,1981-09-01,ME3 BM2,-5.8697
1981-08-01,1981-09-01,ME3 BM3,-6.1234
1981-08-01,1981-09-01,ME3 BM4,-1.5969
1981-08-01,1981-09-01,ME3 BM5,-3.9354
1981-08-01,1981-09-01,ME4 BM1,-9.1008
1981-08-01,1981-09-01,ME4 BM2,-8.0037
1981-08-01,1981-09-01,ME4 BM3,-6.551
1981-08-01,1981-09-01,ME4 BM4,-3.7818
1981-08-01,1981-09-01,ME4 BM5,-4.3296
1981-08-01,1981-09-01,BIG LoBM,-6.296
1981-08-01,1981-09-01,ME5 BM2,-6.0656
1981-08-01,1981-09-01,ME5 BM3,-6.1865
1981-08-01,1981-09-01,ME5 BM4,-2.1692
1981-08-01,1981-09-01,BIG HiBM,0.5143
1981-09-01,1981-10-01,SMALL LoBM,10.5048
1981-09-01,1981-10-01,ME1 BM2,7.8048
1981-09-01,1981-10-01,ME1 BM3,8.549
1981-09-01,1981-10-01,ME1 BM4,7.13
1981-09-01,1981-10-01,SMALL HiBM,4.9517
1981-09-01,1981-10-01,ME2 BM1,10.9
1981-09-01,1981-10-01,ME2 BM2,6.818
1981-09-01,1981-10-01,ME2 BM3,6.7014
1981-09-01,1981-10-01,ME2 BM4,7.7447
1981-09-01,1981-10-01,ME2 BM5,5.8445
1981-09-01,1981-10-01,ME3 BM1,10.6472
1981-09-01,1981-10-01,ME3 BM2,5.4423
1981-09-01,1981-10-01,ME3 BM3,7.2455
1981-09-01,1981-10-01,ME3 BM4,4.8072
1981-09-01,1981-10-01,ME3 BM5,4.3837
1981-09-01,1981-10-01,ME4 BM1,10.1144
1981-09-01,1981-10-01,ME4 BM2,7.6939
1981-09-01,1981-10-01,ME4 BM3,5.1416
1981-09-01,1981-10-01,ME4 BM4,4.1541
1981-09-01,1981-10-01,ME4 BM5,3.7316
1981-09-01,1981-10-01,BIG LoBM,7.8001
1981-09-01,1981-10-01,ME5 BM2,7.3064
1981-09-01,1981-10-01,ME5 BM3,2.639
1981-09-01,1981-10-01,ME5 BM4,1.6139
1981-09-01,1981-10-01,BIG HiBM,4.8132
1981-10-01,1981-11-01,SMALL LoBM,-1.1741
1981-10-01,1981-11-01,ME1 BM2,2.0228
1981-10-01,1981-11-01,ME1 BM3,3.894
1981-10-01,1981-11-01,ME1 BM4,2.592
1981-10-01,1981-11-01,SMALL HiBM,3.9549
1981-10-01,1981-11-01,ME2 BM1,1.5209
1981-10-01,1981-11-01,ME2 BM2,5.0482
1981-10-01,1981-11-01,ME2 BM3,4.9142
1981-10-01,1981-11-01,ME2 BM4,6.1329
1981-10-01,1981-11-01,ME2 BM5,5.6315
1981-10-01,1981-11-01,ME3 BM1,0.4721
1981-10-01,1981-11-01,ME3 BM2,2.6576
1981-10-01,1981-11-01,ME3 BM3,4.2922
1981-10-01,1981-11-01,ME3 BM4,3.1491
1981-10-01,1981-11-01,ME3 BM5,5.4365
1981-10-01,1981-11-01,ME4 BM1,4.1778
1981-10-01,1981-11-01,ME4 BM2,4.2069
1981-10-01,1981-11-01,ME4 BM3,3.3482
1981-10-01,1981-11-01,ME4 BM4,7.4031
1981-10-01,1981-11-01,ME4 BM5,4.8408
1981-10-01,1981-11-01,BIG LoBM,3.5564
1981-10-01,1981-11-01,ME5 BM2,6.0203
1981-10-01,1981-11-01,ME5 BM3,5.213
1981-10-01,1981-11-01,ME5 BM4,4.4414
1981-10-01,1981-11-01,BIG HiBM,3.7414
1981-11-01,1981-12-01,SMALL LoBM,-4.1999
1981-11-01,1981-12-01,ME1 BM2,-1.8056
1981-11-01,1981-12-01,ME1 BM3,-0.5292
1981-11-01,1981-12-01,ME1 BM4,-0.5267
1981-11-01,1981-12-01,SMALL HiBM,-1.1451
1981-11-01,1981-12-01,ME2 BM1,-1.7005
1981-11-01,1981-12-01,ME2 BM2,-0.3018
1981-11-01,1981-12-01,ME2 BM3,-2.0372
1981-11-01,1981-12-01,ME2 BM4,-2.2934
1981-11-01,1981-12-01,ME2 BM5,-1.4912
1981-11-01,1981-12-01,ME3 BM1,-1.8544
1981-11-01,1981-12-01,ME3 BM2,-2.1492
1981-11-01,1981-12-01,ME3 BM3,-0.908
1981-11-01,1981-12-01,ME3 BM4,-1.2319
1981-11-01,1981-12-01,ME3 BM5,-3.0489
1981-11-01,1981-12-01,ME4 BM1,-3.2809
1981-11-01,1981-12-01,ME4 BM2,-2.1805
1981-11-01,1981-12-01,ME4 BM3,-1.7901
1981-11-01,1981-12-01,ME4 BM4,-2.2629
1981-11-01,1981-12-01,ME4 BM5,-2.4609
1981-11-01,1981-12-01,BIG LoBM,-2.8872
1981-11-01,1981-12-01,ME5 BM2,-3.4402
1981-11-01,1981-12-01,ME5 BM3,-3.7476
1981-11-01,1981-12-01,ME5 BM4,-2.0214
1981-11-01,1981-12-01,BIG HiBM,-1.7625
1981-12-01,1982-01-01,SMALL LoBM,-3.1502
1981-12-01,1982-01-01,ME1 BM2,-0.2169
1981-12-01,1982-01-01,ME1 BM3,-1.6786
1981-12-01,1982-01-01,ME1 BM4,-1.8382
1981-12-01,1982-01-01,SMALL HiBM,0.0512
1981-12-01,1982-01-01,ME2 BM1,-5.5042
1981-12-01,1982-01-01,ME2 BM2,-3.383
1981-12-01,1982-01-01,ME2 BM3,-3.3942
1981-12-01,1982-01-01,ME2 BM4,-3.4575
1981-12-01,1982-01-01,ME2 BM5,0.2526
1981-12-01,1982-01-01,ME3 BM1,-6.2934
1981-12-01,1982-01-01,ME3 BM2,-3.3616
1981-12-01,1982-01-01,ME3 BM3,-4.8842
1981-12-01,1982-01-01,ME3 BM4,-1.988
1981-12-01,1982-01-01,ME3 BM5,1.342
1981-12-01,1982-01-01,ME4 BM1,-6.5164
1981-12-01,1982-01-01,ME4 BM2,-4.1815
1981-12-01,1982-01-01,ME4 BM3,-3.8813
1981-12-01,1982-01-01,ME4 BM4,-1.6694
1981-12-01,1982-01-01,ME4 BM5,-1.6419
1981-12-01,1982-01-01,BIG LoBM,-0.2436
1981-12-01,1982-01-01,ME5 BM2,-3.9485
1981-12-01,1982-01-01,ME5 BM3,-2.7556
1981-12-01,1982-01-01,ME5 BM4,-1.1502
1981-12-01,1982-01-01,BIG HiBM,1.4541
1982-01-01,1982-02-01,SMALL LoBM,-7.5763
1982-01-01,1982-02-01,ME1 BM2,-3.9537
1982-01-01,1982-02-01,ME1 BM3,-2.98
1982-01-01,1982-02-01,ME1 BM4,-2.9045
1982-01-01,1982-02-01,SMALL HiBM,-1.0181
1982-01-01,1982-02-01,ME2 BM1,-7.3351
1982-01-01,1982-02-01,ME2 BM2,-5.4721
1982-01-01,1982-02-01,ME2 BM3,-3.8087
1982-01-01,1982-02-01,ME2 BM4,-1.0946
1982-01-01,1982-02-01,ME2 BM5,-0.5152
1982-01-01,1982-02-01,ME3 BM1,-7.8368
1982-01-01,1982-02-01,ME3 BM2,-3.1507
1982-01-01,1982-02-01,ME3 BM3,-1.4176
1982-01-01,1982-02-01,ME3 BM4,-3.0576
1982-01-01,1982-02-01,ME3 BM5,0.3633
1982-01-01,1982-02-01,ME4 BM1,-6.9187
1982-01-01,1982-02-01,ME4 BM2,-6.3404
1982-01-01,1982-02-01,ME4 BM3,-3.6031
1982-01-01,1982-02-01,ME4 BM4,-0.288
1982-01-01,1982-02-01,ME4 BM5,0.7972
1982-01-01,1982-02-01,BIG LoBM,-7.3673
1982-01-01,1982-02-01,ME5 BM2,-7.4653
1982-01-01,1982-02-01,ME5 BM3,-2.6044
1982-01-01,1982-02-01,ME5 BM4,-1.1881
1982-01-01,1982-02-01,BIG HiBM,-4.0071
1982-02-01,1982-03-01,SMALL LoBM,-1.9733
1982-02-01,1982-03-01,ME1 BM2,-0.5269
1982-02-01,1982-03-01,ME1 BM3,-1.1883
1982-02-01,1982-03-01,ME1 BM4,-0.52
1982-02-01,1982-03-01,SMALL HiBM,0.5426
1982-02-01,1982-03-01,ME2 BM1,-3.962
1982-02-01,1982-03-01,ME2 BM2,0.7152
1982-02-01,1982-03-01,ME2 BM3,-1.3765
1982-02-01,1982-03-01,ME2 BM4,2.1204
1982-02-01,1982-03-01,ME2 BM5,1.7794
1982-02-01,1982-03-01,ME3 BM1,-2.4615
1982-02-01,1982-03-01,ME3 BM2,0.0104
1982-02-01,1982-03-01,ME3 BM3,1.111
1982-02-01,1982-03-01,ME3 BM4,-0.2132
1982-02-01,1982-03-01,ME3 BM5,2.8084
1982-02-01,1982-03-01,ME4 BM1,-3.095
1982-02-01,1982-03-01,ME4 BM2,-1.7664
1982-02-01,1982-03-01,ME4 BM3,0.1354
1982-02-01,1982-03-01,ME4 BM4,0.1681
1982-02-01,1982-03-01,ME4 BM5,1.064
1982-02-01,1982-03-01,BIG LoBM,-3.4894
1982-02-01,1982-03-01,ME5 BM2,0.5401
1982-02-01,1982-03-01,ME5 BM3,-1.5569
1982-02-01,1982-03-01,ME5 BM4,2.5907
1982-02-01,1982-03-01,BIG HiBM,2.0363
1982-03-01,1982-04-01,SMALL LoBM,6.3881
1982-03-01,1982-04-01,ME1 BM2,6.2386
1982-03-01,1982-04-01,ME1 BM3,5.812
1982-03-01,1982-04-01,ME1 BM4,4.519
1982-03-01,1982-04-01,SMALL HiBM,4.1413
1982-03-01,1982-04-01,ME2 BM1,6.8277
1982-03-01,1982-04-01,ME2 BM2,7.3554
1982-03-01,1982-04-01,ME2 BM3,5.7794
1982-03-01,1982-04-01,ME2 BM4,4.3458
1982-03-01,1982-04-01,ME2 BM5,4.2055
1982-03-01,1982-04-01,ME3 BM1,6.2184
1982-03-01,1982-04-01,ME3 BM2,5.7708
1982-03-01,1982-04-01,ME3 BM3,4.5904
1982-03-01,1982-04-01,ME3 BM4,4.9762
1982-03-01,1982-04-01,ME3 BM5,4.7627
1982-03-01,1982-04-01,ME4 BM1,6.2692
1982-03-01,1982-04-01,ME4 BM2,5.123
1982-03-01,1982-04-01,ME4 BM3,4.5643
1982-03-01,1982-04-01,ME4 BM4,3.6677
1982-03-01,1982-04-01,ME4 BM5,5.0142
1982-03-01,1982-04-01,BIG LoBM,6.6528
1982-03-01,1982-04-01,ME5 BM2,3.8598
1982-03-01,1982-04-01,ME5 BM3,3.0462
1982-03-01,1982-04-01,ME5 BM4,2.9792
1982-03-01,1982-04-01,BIG HiBM,-0.4272
1982-04-01,1982-05-01,SMALL LoBM,-3.2222
1982-04-01,1982-05-01,ME1 BM2,-1.7001
1982-04-01,1982-05-01,ME1 BM3,0.0938
1982-04-01,1982-05-01,ME1 BM4,-1.274
1982-04-01,1982-05-01,SMALL HiBM,-0.2331
1982-04-01,1982-05-01,ME2 BM1,-3.92
1982-04-01,1982-05-01,ME2 BM2,-3.9236
1982-04-01,1982-05-01,ME2 BM3,-3.2536
1982-04-01,1982-05-01,ME2 BM4,-1.8094
1982-04-01,1982-05-01,ME2 BM5,-2.3514
1982-04-01,1982-05-01,ME3 BM1,-3.6434
1982-04-01,1982-05-01,ME3 BM2,-2.089
1982-04-01,1982-05-01,ME3 BM3,-3.3641
1982-04-01,1982-05-01,ME3 BM4,-2.6512
1982-04-01,1982-05-01,ME3 BM5,-1.2123
1982-04-01,1982-05-01,ME4 BM1,-4.604
1982-04-01,1982-05-01,ME4 BM2,-4.4239
1982-04-01,1982-05-01,ME4 BM3,-4.0975
1982-04-01,1982-05-01,ME4 BM4,-3.9409
1982-04-01,1982-05-01,ME4 BM5,-2.6292
1982-04-01,1982-05-01,BIG LoBM,-4.0475
1982-04-01,1982-05-01,ME5 BM2,-1.8702
1982-04-01,1982-05-01,ME5 BM3,-1.5524
1982-04-01,1982-05-01,ME5 BM4,-3.3454
1982-04-01,1982-05-01,BIG HiBM,-0.3561
1982-05-01,1982-06-01,SMALL LoBM,-4.3352
1982-05-01,1982-06-01,ME1 BM2,-3.7562
1982-05-01,1982-06-01,ME1 BM3,-2.3835
1982-05-01,1982-06-01,ME1 BM4,-1.1273
1982-05-01,1982-06-01,SMALL HiBM,-1.4837
1982-05-01,1982-06-01,ME2 BM1,-4.4938
1982-05-01,1982-06-01,ME2 BM2,-0.972
1982-05-01,1982-06-01,ME2 BM3,-1.6576
1982-05-01,1982-06-01,ME2 BM4,-0.6201
1982-05-01,1982-06-01,ME2 BM5,-1.034
1982-05-01,1982-06-01,ME3 BM1,-3.8736
1982-05-01,1982-06-01,ME3 BM2,-0.6524
1982-05-01,1982-06-01,ME3 BM3,-0.4478
1982-05-01,1982-06-01,ME3 BM4,-2.3105
1982-05-01,1982-06-01,ME3 BM5,-1.8999
1982-05-01,1982-06-01,ME4 BM1,-4.1934
1982-05-01,1982-06-01,ME4 BM2,-3.0302
1982-05-01,1982-06-01,ME4 BM3,-0.7026
1982-05-01,1982-06-01,ME4 BM4,-1.5475
1982-05-01,1982-06-01,ME4 BM5,0.4224
1982-05-01,1982-06-01,BIG LoBM,-2.8203
1982-05-01,1982-06-01,ME5 BM2,-1.1965
1982-05-01,1982-06-01,ME5 BM3,-0.5456
1982-05-01,1982-06-01,ME5 BM4,-1.8881
1982-05-01,1982-06-01,BIG HiBM,-2.894
1982-06-01,1982-07-01,SMALL LoBM,-3.9937
1982-06-01,1982-07-01,ME1 BM2,-2.6264
1982-06-01,1982-07-01,ME1 BM3,0.3278
1982-06-01,1982-07-01,ME1 BM4,-0.8087
1982-06-01,1982-07-01,SMALL HiBM,-0.3631
1982-06-01,1982-07-01,ME2 BM1,-3.5066
1982-06-01,1982-07-01,ME2 BM2,1.5196
1982-06-01,1982-07-01,ME2 BM3,-0.2424
1982-06-01,1982-07-01,ME2 BM4,-0.114
1982-06-01,1982-07-01,ME2 BM5,-1.1108
1982-06-01,1982-07-01,ME3 BM1,-1.7545
1982-06-01,1982-07-01,ME3 BM2,-0.6208
1982-06-01,1982-07-01,ME3 BM3,-2.7138
1982-06-01,1982-07-01,ME3 BM4,-3.054
1982-06-01,1982-07-01,ME3 BM5,-1.8887
1982-06-01,1982-07-01,ME4 BM1,-1.7705
1982-06-01,1982-07-01,ME4 BM2,-4.1254
1982-06-01,1982-07-01,ME4 BM3,-2.4533
1982-06-01,1982-07-01,ME4 BM4,-3.3151
1982-06-01,1982-07-01,ME4 BM5,-2.8138
1982-06-01,1982-07-01,BIG LoBM,0.6367
1982-06-01,1982-07-01,ME5 BM2,-3.7785
1982-06-01,1982-07-01,ME5 BM3,-4.306
1982-06-01,1982-07-01,ME5 BM4,-2.12
1982-06-01,1982-07-01,BIG HiBM,-2.2427
1982-07-01,1982-08-01,SMALL LoBM,4.7757
1982-07-01,1982-08-01,ME1 BM2,7.0785
1982-07-01,1982-08-01,ME1 BM3,6.738
1982-07-01,1982-08-01,ME1 BM4,5.2159
1982-07-01,1982-08-01,SMALL HiBM,5.6032
1982-07-01,1982-08-01,ME2 BM1,7.9072
1982-07-01,1982-08-01,ME2 BM2,8.041
1982-07-01,1982-08-01,ME2 BM3,10.0689
1982-07-01,1982-08-01,ME2 BM4,8.1739
1982-07-01,1982-08-01,ME2 BM5,8.1717
1982-07-01,1982-08-01,ME3 BM1,10.6151
1982-07-01,1982-08-01,ME3 BM2,10.7981
1982-07-01,1982-08-01,ME3 BM3,12.3831
1982-07-01,1982-08-01,ME3 BM4,11.2827
1982-07-01,1982-08-01,ME3 BM5,11.0025
1982-07-01,1982-08-01,ME4 BM1,12.0251
1982-07-01,1982-08-01,ME4 BM2,12.4897
1982-07-01,1982-08-01,ME4 BM3,10.6978
1982-07-01,1982-08-01,ME4 BM4,12.6246
1982-07-01,1982-08-01,ME4 BM5,14.0854
1982-07-01,1982-08-01,BIG LoBM,11.3461
1982-07-01,1982-08-01,ME5 BM2,12.1711
1982-07-01,1982-08-01,ME5 BM3,13.1746
1982-07-01,1982-08-01,ME5 BM4,13.5805
1982-07-01,1982-08-01,BIG HiBM,14.1347
1982-08-01,1982-09-01,SMALL LoBM,2.2356
1982-08-01,1982-09-01,ME1 BM2,2.3369
1982-08-01,1982-09-01,ME1 BM3,5.588
1982-08-01,1982-09-01,ME1 BM4,3.7959
1982-08-01,1982-09-01,SMALL HiBM,4.3517
1982-08-01,1982-09-01,ME2 BM1,2.2882
1982-08-01,1982-09-01,ME2 BM2,3.0224
1982-08-01,1982-09-01,ME2 BM3,5.0359
1982-08-01,1982-09-01,ME2 BM4,5.5001
1982-08-01,1982-09-01,ME2 BM5,5.3148
1982-08-01,1982-09-01,ME3 BM1,3.2851
1982-08-01,1982-09-01,ME3 BM2,5.2463
1982-08-01,1982-09-01,ME3 BM3,4.1617
1982-08-01,1982-09-01,ME3 BM4,4.2034
1982-08-01,1982-09-01,ME3 BM5,2.1631
1982-08-01,1982-09-01,ME4 BM1,2.609
1982-08-01,1982-09-01,ME4 BM2,2.4495
1982-08-01,1982-09-01,ME4 BM3,8.2599
1982-08-01,1982-09-01,ME4 BM4,2.4497
1982-08-01,1982-09-01,ME4 BM5,-0.0368
1982-08-01,1982-09-01,BIG LoBM,1.7273
1982-08-01,1982-09-01,ME5 BM2,1.8611
1982-08-01,1982-09-01,ME5 BM3,1.1009
1982-08-01,1982-09-01,ME5 BM4,-0.0537
1982-08-01,1982-09-01,BIG HiBM,-0.0475
1982-09-01,1982-10-01,SMALL LoBM,17.729
1982-09-01,1982-10-01,ME1 BM2,13.2691
1982-09-01,1982-10-01,ME1 BM3,13.1171
1982-09-01,1982-10-01,ME1 BM4,13.0593
1982-09-01,1982-10-01,SMALL HiBM,11.6612
1982-09-01,1982-10-01,ME2 BM1,17.4251
1982-09-01,1982-10-01,ME2 BM2,12.2446
1982-09-01,1982-10-01,ME2 BM3,13.1626
1982-09-01,1982-10-01,ME2 BM4,10.7683
1982-09-01,1982-10-01,ME2 BM5,11.492
1982-09-01,1982-10-01,ME3 BM1,14.7746
1982-09-01,1982-10-01,ME3 BM2,13.5775
1982-09-01,1982-10-01,ME3 BM3,12.6187
1982-09-01,1982-10-01,ME3 BM4,13.5352
1982-09-01,1982-10-01,ME3 BM5,12.777
1982-09-01,1982-10-01,ME4 BM1,15.6155
1982-09-01,1982-10-01,ME4 BM2,14.4915
1982-09-01,1982-10-01,ME4 BM3,12.9097
1982-09-01,1982-10-01,ME4 BM4,12.7677
1982-09-01,1982-10-01,ME4 BM5,12.8371
1982-09-01,1982-10-01,BIG LoBM,11.5613
1982-09-01,1982-10-01,ME5 BM2,11.346
1982-09-01,1982-10-01,ME5 BM3,10.1838
1982-09-01,1982-10-01,ME5 BM4,10.6856
1982-09-01,1982-10-01,BIG HiBM,8.8139
1982-10-01,1982-11-01,SMALL LoBM,8.7173
1982-10-01,1982-11-01,ME1 BM2,10.3875
1982-10-01,1982-11-01,ME1 BM3,11.3917
1982-10-01,1982-11-01,ME1 BM4,10.222
1982-10-01,1982-11-01,SMALL HiBM,10.5783
1982-10-01,1982-11-01,ME2 BM1,9.6469
1982-10-01,1982-11-01,ME2 BM2,9.0544
1982-10-01,1982-11-01,ME2 BM3,7.7455
1982-10-01,1982-11-01,ME2 BM4,7.2989
1982-10-01,1982-11-01,ME2 BM5,8.8752
1982-10-01,1982-11-01,ME3 BM1,10.5865
1982-10-01,1982-11-01,ME3 BM2,8.7633
1982-10-01,1982-11-01,ME3 BM3,6.6629
1982-10-01,1982-11-01,ME3 BM4,5.0446
1982-10-01,1982-11-01,ME3 BM5,8.715
1982-10-01,1982-11-01,ME4 BM1,7.2908
1982-10-01,1982-11-01,ME4 BM2,7.2282
1982-10-01,1982-11-01,ME4 BM3,4.1571
1982-10-01,1982-11-01,ME4 BM4,5.4055
1982-10-01,1982-11-01,ME4 BM5,7.2869
1982-10-01,1982-11-01,BIG LoBM,7.2384
1982-10-01,1982-11-01,ME5 BM2,4.0667
1982-10-01,1982-11-01,ME5 BM3,1.2836
1982-10-01,1982-11-01,ME5 BM4,2.4452
1982-10-01,1982-11-01,BIG HiBM,3.2999
1982-11-01,1982-12-01,SMALL LoBM,2.5193
1982-11-01,1982-12-01,ME1 BM2,2.1087
1982-11-01,1982-12-01,ME1 BM3,1.8575
1982-11-01,1982-12-01,ME1 BM4,1.9788
1982-11-01,1982-12-01,SMALL HiBM,2.3348
1982-11-01,1982-12-01,ME2 BM1,-0.3143
1982-11-01,1982-12-01,ME2 BM2,2.227
1982-11-01,1982-12-01,ME2 BM3,1.3549
1982-11-01,1982-12-01,ME2 BM4,-0.1425
1982-11-01,1982-12-01,ME2 BM5,0.8306
1982-11-01,1982-12-01,ME3 BM1,0.6052
1982-11-01,1982-12-01,ME3 BM2,0.6648
1982-11-01,1982-12-01,ME3 BM3,-1.1525
1982-11-01,1982-12-01,ME3 BM4,0.2958
1982-11-01,1982-12-01,ME3 BM5,2.1521
1982-11-01,1982-12-01,ME4 BM1,1.0654
1982-11-01,1982-12-01,ME4 BM2,0.137
1982-11-01,1982-12-01,ME4 BM3,2.1151
1982-11-01,1982-12-01,ME4 BM4,0.3567
1982-11-01,1982-12-01,ME4 BM5,2.6497
1982-11-01,1982-12-01,BIG LoBM,2.3232
1982-11-01,1982-12-01,ME5 BM2,-0.0068
1982-11-01,1982-12-01,ME5 BM3,1.1583
1982-11-01,1982-12-01,ME5 BM4,0.6979
1982-11-01,1982-12-01,BIG HiBM,3.9695
1982-12-01,1983-01-01,SMALL LoBM,13.3089
1982-12-01,1983-01-01,ME1 BM2,8.465
1982-12-01,1983-01-01,ME1 BM3,8.7573
1982-12-01,1983-01-01,ME1 BM4,8.9281
1982-12-01,1983-01-01,SMALL HiBM,7.52
1982-12-01,1983-01-01,ME2 BM1,8.2664
1982-12-01,1983-01-01,ME2 BM2,7.9883
1982-12-01,1983-01-01,ME2 BM3,3.6584
1982-12-01,1983-01-01,ME2 BM4,4.4554
1982-12-01,1983-01-01,ME2 BM5,4.739
1982-12-01,1983-01-01,ME3 BM1,6.4231
1982-12-01,1983-01-01,ME3 BM2,2.9615
1982-12-01,1983-01-01,ME3 BM3,4.056
1982-12-01,1983-01-01,ME3 BM4,3.1566
1982-12-01,1983-01-01,ME3 BM5,4.0268
1982-12-01,1983-01-01,ME4 BM1,4.8287
1982-12-01,1983-01-01,ME4 BM2,3.4708
1982-12-01,1983-01-01,ME4 BM3,2.7373
1982-12-01,1983-01-01,ME4 BM4,2.4294
1982-12-01,1983-01-01,ME4 BM5,2.0823
1982-12-01,1983-01-01,BIG LoBM,2.0276
1982-12-01,1983-01-01,ME5 BM2,3.071
1982-12-01,1983-01-01,ME5 BM3,3.8565
1982-12-01,1983-01-01,ME5 BM4,6.6297
1982-12-01,1983-01-01,BIG HiBM,1.6519
1983-01-01,1983-02-01,SMALL LoBM,3.0917
1983-01-01,1983-02-01,ME1 BM2,4.7233
1983-01-01,1983-02-01,ME1 BM3,7.9432
1983-01-01,1983-02-01,ME1 BM4,7.3348
1983-01-01,1983-02-01,SMALL HiBM,8.5616
1983-01-01,1983-02-01,ME2 BM1,4.9336
1983-01-01,1983-02-01,ME2 BM2,5.0789
1983-01-01,1983-02-01,ME2 BM3,8.0707
1983-01-01,1983-02-01,ME2 BM4,6.0707
1983-01-01,1983-02-01,ME2 BM5,5.2084
1983-01-01,1983-02-01,ME3 BM1,4.9404
1983-01-01,1983-02-01,ME3 BM2,4.7924
1983-01-01,1983-02-01,ME3 BM3,5.5535
1983-01-01,1983-02-01,ME3 BM4,4.0469
1983-01-01,1983-02-01,ME3 BM5,5.4393
1983-01-01,1983-02-01,ME4 BM1,4.7694
1983-01-01,1983-02-01,ME4 BM2,2.7769
1983-01-01,1983-02-01,ME4 BM3,3.2812
1983-01-01,1983-02-01,ME4 BM4,3.3764
1983-01-01,1983-02-01,ME4 BM5,4.4829
1983-01-01,1983-02-01,BIG LoBM,2.4502
1983-01-01,1983-02-01,ME5 BM2,3.9467
1983-01-01,1983-02-01,ME5 BM3,3.1055
1983-01-01,1983-02-01,ME5 BM4,0.5363
1983-01-01,1983-02-01,BIG HiBM,4.1145
1983-02-01,1983-03-01,SMALL LoBM,2.7513
1983-02-01,1983-03-01,ME1 BM2,5.5461
1983-02-01,1983-03-01,ME1 BM3,6.6481
1983-02-01,1983-03-01,ME1 BM4,4.6974
1983-02-01,1983-03-01,SMALL HiBM,7.4978
1983-02-01,1983-03-01,ME2 BM1,1.6646
1983-02-01,1983-03-01,ME2 BM2,4.0412
1983-02-01,1983-03-01,ME2 BM3,6.5271
1983-02-01,1983-03-01,ME2 BM4,7.0984
1983-02-01,1983-03-01,ME2 BM5,4.8409
1983-02-01,1983-03-01,ME3 BM1,2.211
1983-02-01,1983-03-01,ME3 BM2,6.5669
1983-02-01,1983-03-01,ME3 BM3,4.4167
1983-02-01,1983-03-01,ME3 BM4,7.526
1983-02-01,1983-03-01,ME3 BM5,4.8861
1983-02-01,1983-03-01,ME4 BM1,0.6344
1983-02-01,1983-03-01,ME4 BM2,2.6615
1983-02-01,1983-03-01,ME4 BM3,4.5155
1983-02-01,1983-03-01,ME4 BM4,5.5848
1983-02-01,1983-03-01,ME4 BM5,5.1553
1983-02-01,1983-03-01,BIG LoBM,3.3461
1983-02-01,1983-03-01,ME5 BM2,2.5152
1983-02-01,1983-03-01,ME5 BM3,4.0751
1983-02-01,1983-03-01,ME5 BM4,3.0387
1983-02-01,1983-03-01,BIG HiBM,3.5157
1983-03-01,1983-04-01,SMALL LoBM,7.1253
1983-03-01,1983-04-01,ME1 BM2,7.3557
1983-03-01,1983-04-01,ME1 BM3,8.8831
1983-03-01,1983-04-01,ME1 BM4,8.7505
1983-03-01,1983-04-01,SMALL HiBM,9.0312
1983-03-01,1983-04-01,ME2 BM1,8.3953
1983-03-01,1983-04-01,ME2 BM2,8.2039
1983-03-01,1983-04-01,ME2 BM3,8.7477
1983-03-01,1983-04-01,ME2 BM4,6.779
1983-03-01,1983-04-01,ME2 BM5,7.9482
1983-03-01,1983-04-01,ME3 BM1,6.8205
1983-03-01,1983-04-01,ME3 BM2,7.0212
1983-03-01,1983-04-01,ME3 BM3,7.1265
1983-03-01,1983-04-01,ME3 BM4,6.443
1983-03-01,1983-04-01,ME3 BM5,6.7791
1983-03-01,1983-04-01,ME4 BM1,4.9556
1983-03-01,1983-04-01,ME4 BM2,5.746
1983-03-01,1983-04-01,ME4 BM3,7.787
1983-03-01,1983-04-01,ME4 BM4,6.8398
1983-03-01,1983-04-01,ME4 BM5,6.2401
1983-03-01,1983-04-01,BIG LoBM,6.5801
1983-03-01,1983-04-01,ME5 BM2,6.1135
1983-03-01,1983-04-01,ME5 BM3,8.8831
1983-03-01,1983-04-01,ME5 BM4,8.4955
1983-03-01,1983-04-01,BIG HiBM,9.2648
1983-04-01,1983-05-01,SMALL LoBM,12.4084
1983-04-01,1983-05-01,ME1 BM2,10.2811
1983-04-01,1983-05-01,ME1 BM3,8.6553
1983-04-01,1983-05-01,ME1 BM4,8.7276
1983-04-01,1983-05-01,SMALL HiBM,7.6357
1983-04-01,1983-05-01,ME2 BM1,5.2038
1983-04-01,1983-05-01,ME2 BM2,6.142
1983-04-01,1983-05-01,ME2 BM3,5.3519
1983-04-01,1983-05-01,ME2 BM4,4.0295
1983-04-01,1983-05-01,ME2 BM5,5.0291
1983-04-01,1983-05-01,ME3 BM1,5.481
1983-04-01,1983-05-01,ME3 BM2,5.2123
1983-04-01,1983-05-01,ME3 BM3,2.8055
1983-04-01,1983-05-01,ME3 BM4,2.3754
1983-04-01,1983-05-01,ME3 BM5,0.8912
1983-04-01,1983-05-01,ME4 BM1,5.0232
1983-04-01,1983-05-01,ME4 BM2,5.5057
1983-04-01,1983-05-01,ME4 BM3,4.0164
1983-04-01,1983-05-01,ME4 BM4,1.9494
1983-04-01,1983-05-01,ME4 BM5,1.0394
1983-04-01,1983-05-01,BIG LoBM,-0.9136
1983-04-01,1983-05-01,ME5 BM2,-2.2518
1983-04-01,1983-05-01,ME5 BM3,-0.4316
1983-04-01,1983-05-01,ME5 BM4,-1.3259
1983-04-01,1983-05-01,BIG HiBM,-0.3715
1983-05-01,1983-06-01,SMALL LoBM,4.3555
1983-05-01,1983-06-01,ME1 BM2,6.7131
1983-05-01,1983-06-01,ME1 BM3,3.602
1983-05-01,1983-06-01,ME1 BM4,3.2099
1983-05-01,1983-06-01,SMALL HiBM,4.366
1983-05-01,1983-06-01,ME2 BM1,6.8921
1983-05-01,1983-06-01,ME2 BM2,5.4468
1983-05-01,1983-06-01,ME2 BM3,1.1766
1983-05-01,1983-06-01,ME2 BM4,3.5671
1983-05-01,1983-06-01,ME2 BM5,3.1283
1983-05-01,1983-06-01,ME3 BM1,5.0516
1983-05-01,1983-06-01,ME3 BM2,5.4279
1983-05-01,1983-06-01,ME3 BM3,4.7111
1983-05-01,1983-06-01,ME3 BM4,1.7467
1983-05-01,1983-06-01,ME3 BM5,1.1632
1983-05-01,1983-06-01,ME4 BM1,6.2651
1983-05-01,1983-06-01,ME4 BM2,4.725
1983-05-01,1983-06-01,ME4 BM3,3.7495
1983-05-01,1983-06-01,ME4 BM4,-0.8194
1983-05-01,1983-06-01,ME4 BM5,1.8657
1983-05-01,1983-06-01,BIG LoBM,5.8797
1983-05-01,1983-06-01,ME5 BM2,5.1813
1983-05-01,1983-06-01,ME5 BM3,2.8322
1983-05-01,1983-06-01,ME5 BM4,1.2674
1983-05-01,1983-06-01,BIG HiBM,2.0054
1983-06-01,1983-07-01,SMALL LoBM,-6.0782
1983-06-01,1983-07-01,ME1 BM2,-2.1867
1983-06-01,1983-07-01,ME1 BM3,-0.8798
1983-06-01,1983-07-01,ME1 BM4,0.7748
1983-06-01,1983-07-01,SMALL HiBM,0.7141
1983-06-01,1983-07-01,ME2 BM1,-7.2746
1983-06-01,1983-07-01,ME2 BM2,-4.5173
1983-06-01,1983-07-01,ME2 BM3,-0.9526
1983-06-01,1983-07-01,ME2 BM4,1.644
1983-06-01,1983-07-01,ME2 BM5,0.8908
1983-06-01,1983-07-01,ME3 BM1,-6.1485
1983-06-01,1983-07-01,ME3 BM2,-2.6697
1983-06-01,1983-07-01,ME3 BM3,2.6781
1983-06-01,1983-07-01,ME3 BM4,0.9625
1983-06-01,1983-07-01,ME3 BM5,0.6894
1983-06-01,1983-07-01,ME4 BM1,-4.5779
1983-06-01,1983-07-01,ME4 BM2,-3.3112
1983-06-01,1983-07-01,ME4 BM3,-4.7515
1983-06-01,1983-07-01,ME4 BM4,-0.8287
1983-06-01,1983-07-01,ME4 BM5,-0.5814
1983-06-01,1983-07-01,BIG LoBM,-4.8278
1983-06-01,1983-07-01,ME5 BM2,-6.0034
1983-06-01,1983-07-01,ME5 BM3,-3.6792
1983-06-01,1983-07-01,ME5 BM4,-0.1835
1983-06-01,1983-07-01,BIG HiBM,-2.1907
1983-07-01,1983-08-01,SMALL LoBM,-6.1243
1983-07-01,1983-08-01,ME1 BM2,-3.4281
1983-07-01,1983-08-01,ME1 BM3,-2.3934
1983-07-01,1983-08-01,ME1 BM4,-3.59
1983-07-01,1983-08-01,SMALL HiBM,-1.2468
1983-07-01,1983-08-01,ME2 BM1,-5.4497
1983-07-01,1983-08-01,ME2 BM2,-3.3674
1983-07-01,1983-08-01,ME2 BM3,-2.7319
1983-07-01,1983-08-01,ME2 BM4,-1.0735
1983-07-01,1983-08-01,ME2 BM5,0.7415
1983-07-01,1983-08-01,ME3 BM1,-3.9991
1983-07-01,1983-08-01,ME3 BM2,-4.0755
1983-07-01,1983-08-01,ME3 BM3,-1.5391
1983-07-01,1983-08-01,ME3 BM4,-0.8883
1983-07-01,1983-08-01,ME3 BM5,2.2023
1983-07-01,1983-08-01,ME4 BM1,-2.8669
1983-07-01,1983-08-01,ME4 BM2,-1.7711
1983-07-01,1983-08-01,ME4 BM3,0.074
1983-07-01,1983-08-01,ME4 BM4,2.4093
1983-07-01,1983-08-01,ME4 BM5,3.7039
1983-07-01,1983-08-01,BIG LoBM,-0.6268
1983-07-01,1983-08-01,ME5 BM2,-0.4394
1983-07-01,1983-08-01,ME5 BM3,0.2845
1983-07-01,1983-08-01,ME5 BM4,4.3008
1983-07-01,1983-08-01,BIG HiBM,6.6199
1983-08-01,1983-09-01,SMALL LoBM,-2.8339
1983-08-01,1983-09-01,ME1 BM2,0.1967
1983-08-01,1983-09-01,ME1 BM3,0.3794
1983-08-01,1983-09-01,ME1 BM4,1.7343
1983-08-01,1983-09-01,SMALL HiBM,1.7243
1983-08-01,1983-09-01,ME2 BM1,1.4112
1983-08-01,1983-09-01,ME2 BM2,1.4183
1983-08-01,1983-09-01,ME2 BM3,4.172
1983-08-01,1983-09-01,ME2 BM4,4.7694
1983-08-01,1983-09-01,ME2 BM5,3.6132
1983-08-01,1983-09-01,ME3 BM1,1.894
1983-08-01,1983-09-01,ME3 BM2,3.9276
1983-08-01,1983-09-01,ME3 BM3,2.7762
1983-08-01,1983-09-01,ME3 BM4,4.9193
1983-08-01,1983-09-01,ME3 BM5,6.7714
1983-08-01,1983-09-01,ME4 BM1,3.2242
1983-08-01,1983-09-01,ME4 BM2,1.9532
1983-08-01,1983-09-01,ME4 BM3,3.4846
1983-08-01,1983-09-01,ME4 BM4,2.5626
1983-08-01,1983-09-01,ME4 BM5,1.5046
1983-08-01,1983-09-01,BIG LoBM,2.8778
1983-08-01,1983-09-01,ME5 BM2,1.9135
1983-08-01,1983-09-01,ME5 BM3,1.9638
1983-08-01,1983-09-01,ME5 BM4,-1.1057
1983-08-01,1983-09-01,BIG HiBM,0.5797
1983-09-01,1983-10-01,SMALL LoBM,-10.4585
1983-09-01,1983-10-01,ME1 BM2,-6.0979
1983-09-01,1983-10-01,ME1 BM3,-5.245
1983-09-01,1983-10-01,ME1 BM4,-3.6527
1983-09-01,1983-10-01,SMALL HiBM,-2.8839
1983-09-01,1983-10-01,ME2 BM1,-10.0875
1983-09-01,1983-10-01,ME2 BM2,-7.3818
1983-09-01,1983-10-01,ME2 BM3,-3.936
1983-09-01,1983-10-01,ME2 BM4,-1.6923
1983-09-01,1983-10-01,ME2 BM5,-3.0981
1983-09-01,1983-10-01,ME3 BM1,-8.3996
1983-09-01,1983-10-01,ME3 BM2,-4.7496
1983-09-01,1983-10-01,ME3 BM3,-2.772
1983-09-01,1983-10-01,ME3 BM4,-0.7741
1983-09-01,1983-10-01,ME3 BM5,-1.5629
1983-09-01,1983-10-01,ME4 BM1,-7.3529
1983-09-01,1983-10-01,ME4 BM2,-1.909
1983-09-01,1983-10-01,ME4 BM3,-1.7504
1983-09-01,1983-10-01,ME4 BM4,-1.7538
1983-09-01,1983-10-01,ME4 BM5,-0.4027
1983-09-01,1983-10-01,BIG LoBM,-2.4514
1983-09-01,1983-10-01,ME5 BM2,-2.3683
1983-09-01,1983-10-01,ME5 BM3,-0.2647
1983-09-01,1983-10-01,ME5 BM4,-0.0122
1983-09-01,1983-10-01,BIG HiBM,-0.6785
1983-10-01,1983-11-01,SMALL LoBM,3.6777
1983-10-01,1983-11-01,ME1 BM2,3.545
1983-10-01,1983-11-01,ME1 BM3,3.4749
1983-10-01,1983-11-01,ME1 BM4,2.7067
1983-10-01,1983-11-01,SMALL HiBM,4.2102
1983-10-01,1983-11-01,ME2 BM1,5.8085
1983-10-01,1983-11-01,ME2 BM2,5.1286
1983-10-01,1983-11-01,ME2 BM3,4.851
1983-10-01,1983-11-01,ME2 BM4,5.2134
1983-10-01,1983-11-01,ME2 BM5,4.9959
1983-10-01,1983-11-01,ME3 BM1,6.4145
1983-10-01,1983-11-01,ME3 BM2,4.0797
1983-10-01,1983-11-01,ME3 BM3,4.6959
1983-10-01,1983-11-01,ME3 BM4,4.1354
1983-10-01,1983-11-01,ME3 BM5,3.9433
1983-10-01,1983-11-01,ME4 BM1,5.596
1983-10-01,1983-11-01,ME4 BM2,2.2469
1983-10-01,1983-11-01,ME4 BM3,5.0661
1983-10-01,1983-11-01,ME4 BM4,4.4372
1983-10-01,1983-11-01,ME4 BM5,3.8104
1983-10-01,1983-11-01,BIG LoBM,1.2175
1983-10-01,1983-11-01,ME5 BM2,3.3292
1983-10-01,1983-11-01,ME5 BM3,2.7903
1983-10-01,1983-11-01,ME5 BM4,1.6184
1983-10-01,1983-11-01,BIG HiBM,0.7164
1983-11-01,1983-12-01,SMALL LoBM,-5.0747
1983-11-01,1983-12-01,ME1 BM2,-1.1535
1983-11-01,1983-12-01,ME1 BM3,-0.7734
1983-11-01,1983-12-01,ME1 BM4,-0.3205
1983-11-01,1983-12-01,SMALL HiBM,0.7956
1983-11-01,1983-12-01,ME2 BM1,-3.1221
1983-11-01,1983-12-01,ME2 BM2,-1.1311
1983-11-01,1983-12-01,ME2 BM3,0.0926
1983-11-01,1983-12-01,ME2 BM4,-0.0184
1983-11-01,1983-12-01,ME2 BM5,0.2338
1983-11-01,1983-12-01,ME3 BM1,-3.2042
1983-11-01,1983-12-01,ME3 BM2,-1.2214
1983-11-01,1983-12-01,ME3 BM3,-0.4242
1983-11-01,1983-12-01,ME3 BM4,-1.0597
1983-11-01,1983-12-01,ME3 BM5,1.1591
1983-11-01,1983-12-01,ME4 BM1,-3.4077
1983-11-01,1983-12-01,ME4 BM2,-0.4784
1983-11-01,1983-12-01,ME4 BM3,-2.3526
1983-11-01,1983-12-01,ME4 BM4,-1.5483
1983-11-01,1983-12-01,ME4 BM5,-0.5417
1983-11-01,1983-12-01,BIG LoBM,-0.1228
1983-11-01,1983-12-01,ME5 BM2,0.0139
1983-11-01,1983-12-01,ME5 BM3,-2.216
1983-11-01,1983-12-01,ME5 BM4,-1.0524
1983-11-01,1983-12-01,BIG HiBM,0.4981
1983-12-01,1984-01-01,SMALL LoBM,-1.9223
1983-12-01,1984-01-01,ME1 BM2,-0.9381
1983-12-01,1984-01-01,ME1 BM3,0.5153
1983-12-01,1984-01-01,ME1 BM4,1.3567
1983-12-01,1984-01-01,SMALL HiBM,3.1213
1983-12-01,1984-01-01,ME2 BM1,-6.2534
1983-12-01,1984-01-01,ME2 BM2,-1.2965
1983-12-01,1984-01-01,ME2 BM3,-0.5547
1983-12-01,1984-01-01,ME2 BM4,0.123
1983-12-01,1984-01-01,ME2 BM5,3.6471
1983-12-01,1984-01-01,ME3 BM1,-6.9204
1983-12-01,1984-01-01,ME3 BM2,-4.4016
1983-12-01,1984-01-01,ME3 BM3,-2.1205
1983-12-01,1984-01-01,ME3 BM4,0.2858
1983-12-01,1984-01-01,ME3 BM5,-0.1004
1983-12-01,1984-01-01,ME4 BM1,-7.3965
1983-12-01,1984-01-01,ME4 BM2,-3.4325
1983-12-01,1984-01-01,ME4 BM3,-2.1144
1983-12-01,1984-01-01,ME4 BM4,-0.467
1983-12-01,1984-01-01,ME4 BM5,0.4714
1983-12-01,1984-01-01,BIG LoBM,-5.7405
1983-12-01,1984-01-01,ME5 BM2,-0.787
1983-12-01,1984-01-01,ME5 BM3,1.1459
1983-12-01,1984-01-01,ME5 BM4,1.6451
1983-12-01,1984-01-01,BIG HiBM,6.5189
1984-01-01,1984-02-01,SMALL LoBM,-7.4225
1984-01-01,1984-02-01,ME1 BM2,-6.7713
1984-01-01,1984-02-01,ME1 BM3,-5.1536
1984-01-01,1984-02-01,ME1 BM4,-4.2665
1984-01-01,1984-02-01,SMALL HiBM,-4.6513
1984-01-01,1984-02-01,ME2 BM1,-7.1185
1984-01-01,1984-02-01,ME2 BM2,-5.9782
1984-01-01,1984-02-01,ME2 BM3,-3.8943
1984-01-01,1984-02-01,ME2 BM4,-3.3498
1984-01-01,1984-02-01,ME2 BM5,-3.725
1984-01-01,1984-02-01,ME3 BM1,-6.8874
1984-01-01,1984-02-01,ME3 BM2,-7.138
1984-01-01,1984-02-01,ME3 BM3,-4.8362
1984-01-01,1984-02-01,ME3 BM4,-4.5992
1984-01-01,1984-02-01,ME3 BM5,-2.257
1984-01-01,1984-02-01,ME4 BM1,-5.4485
1984-01-01,1984-02-01,ME4 BM2,-6.2773
1984-01-01,1984-02-01,ME4 BM3,-5.5979
1984-01-01,1984-02-01,ME4 BM4,-3.1199
1984-01-01,1984-02-01,ME4 BM5,-4.7014
1984-01-01,1984-02-01,BIG LoBM,-3.7705
1984-01-01,1984-02-01,ME5 BM2,-6.0683
1984-01-01,1984-02-01,ME5 BM3,-4.1701
1984-01-01,1984-02-01,ME5 BM4,-2.5236
1984-01-01,1984-02-01,BIG HiBM,0.9154
1984-02-01,1984-03-01,SMALL LoBM,-0.9332
1984-02-01,1984-03-01,ME1 BM2,1.3433
1984-02-01,1984-03-01,ME1 BM3,0.5962
1984-02-01,1984-03-01,ME1 BM4,1.8606
1984-02-01,1984-03-01,SMALL HiBM,2.1599
1984-02-01,1984-03-01,ME2 BM1,-0.266
1984-02-01,1984-03-01,ME2 BM2,1.2349
1984-02-01,1984-03-01,ME2 BM3,1.1852
1984-02-01,1984-03-01,ME2 BM4,1.2525
1984-02-01,1984-03-01,ME2 BM5,2.116
1984-02-01,1984-03-01,ME3 BM1,0.6679
1984-02-01,1984-03-01,ME3 BM2,1.2665
1984-02-01,1984-03-01,ME3 BM3,2.1621
1984-02-01,1984-03-01,ME3 BM4,1.3268
1984-02-01,1984-03-01,ME3 BM5,3.2957
1984-02-01,1984-03-01,ME4 BM1,0.1669
1984-02-01,1984-03-01,ME4 BM2,1.6759
1984-02-01,1984-03-01,ME4 BM3,2.3937
1984-02-01,1984-03-01,ME4 BM4,1.7071
1984-02-01,1984-03-01,ME4 BM5,4.2472
1984-02-01,1984-03-01,BIG LoBM,1.7911
1984-02-01,1984-03-01,ME5 BM2,3.0839
1984-02-01,1984-03-01,ME5 BM3,0.1381
1984-02-01,1984-03-01,ME5 BM4,1.646
1984-02-01,1984-03-01,BIG HiBM,-1.2535
1984-03-01,1984-04-01,SMALL LoBM,-3.8483
1984-03-01,1984-04-01,ME1 BM2,-1.7586
1984-03-01,1984-04-01,ME1 BM3,-0.5434
1984-03-01,1984-04-01,ME1 BM4,-0.0188
1984-03-01,1984-04-01,SMALL HiBM,-0.9184
1984-03-01,1984-04-01,ME2 BM1,-1.2414
1984-03-01,1984-04-01,ME2 BM2,1.4881
1984-03-01,1984-04-01,ME2 BM3,0.6234
1984-03-01,1984-04-01,ME2 BM4,0.086
1984-03-01,1984-04-01,ME2 BM5,-1.1702
1984-03-01,1984-04-01,ME3 BM1,0.1943
1984-03-01,1984-04-01,ME3 BM2,0.9622
1984-03-01,1984-04-01,ME3 BM3,-0.22
1984-03-01,1984-04-01,ME3 BM4,-1.2553
1984-03-01,1984-04-01,ME3 BM5,0.1613
1984-03-01,1984-04-01,ME4 BM1,-1.4824
1984-03-01,1984-04-01,ME4 BM2,0.112
1984-03-01,1984-04-01,ME4 BM3,-0.4871
1984-03-01,1984-04-01,ME4 BM4,-2.3061
1984-03-01,1984-04-01,ME4 BM5,-1.8441
1984-03-01,1984-04-01,BIG LoBM,1.462
1984-03-01,1984-04-01,ME5 BM2,-0.6651
1984-03-01,1984-04-01,ME5 BM3,1.2532
1984-03-01,1984-04-01,ME5 BM4,1.6357
1984-03-01,1984-04-01,BIG HiBM,2.3354
1984-04-01,1984-05-01,SMALL LoBM,-6.1652
1984-04-01,1984-05-01,ME1 BM2,-4.2768
1984-04-01,1984-05-01,ME1 BM3,-5.2781
1984-04-01,1984-05-01,ME1 BM4,-3.3908
1984-04-01,1984-05-01,SMALL HiBM,-3.4884
1984-04-01,1984-05-01,ME2 BM1,-6.0136
1984-04-01,1984-05-01,ME2 BM2,-4.8236
1984-04-01,1984-05-01,ME2 BM3,-4.9956
1984-04-01,1984-05-01,ME2 BM4,-4.0822
1984-04-01,1984-05-01,ME2 BM5,-4.0421
1984-04-01,1984-05-01,ME3 BM1,-5.998
1984-04-01,1984-05-01,ME3 BM2,-5.52
1984-04-01,1984-05-01,ME3 BM3,-5.864
1984-04-01,1984-05-01,ME3 BM4,-3.9991
1984-04-01,1984-05-01,ME3 BM5,-6.6229
1984-04-01,1984-05-01,ME4 BM1,-3.9971
1984-04-01,1984-05-01,ME4 BM2,-4.1667
1984-04-01,1984-05-01,ME4 BM3,-6.0325
1984-04-01,1984-05-01,ME4 BM4,-5.3509
1984-04-01,1984-05-01,ME4 BM5,-7.5699
1984-04-01,1984-05-01,BIG LoBM,-5.212
1984-04-01,1984-05-01,ME5 BM2,-3.3411
1984-04-01,1984-05-01,ME5 BM3,-6.2987
1984-04-01,1984-05-01,ME5 BM4,-4.045
1984-04-01,1984-05-01,BIG HiBM,-6.2879
1984-05-01,1984-06-01,SMALL LoBM,1.3763
1984-05-01,1984-06-01,ME1 BM2,3.4405
1984-05-01,1984-06-01,ME1 BM3,2.1429
1984-05-01,1984-06-01,ME1 BM4,1.6227
1984-05-01,1984-06-01,SMALL HiBM,1.2213
1984-05-01,1984-06-01,ME2 BM1,4.0913
1984-05-01,1984-06-01,ME2 BM2,4.2527
1984-05-01,1984-06-01,ME2 BM3,1.9654
1984-05-01,1984-06-01,ME2 BM4,2.8045
1984-05-01,1984-06-01,ME2 BM5,1.0191
1984-05-01,1984-06-01,ME3 BM1,6.3658
1984-05-01,1984-06-01,ME3 BM2,5.2977
1984-05-01,1984-06-01,ME3 BM3,0.8053
1984-05-01,1984-06-01,ME3 BM4,1.5477
1984-05-01,1984-06-01,ME3 BM5,-0.376
1984-05-01,1984-06-01,ME4 BM1,5.9445
1984-05-01,1984-06-01,ME4 BM2,4.5353
1984-05-01,1984-06-01,ME4 BM3,1.7937
1984-05-01,1984-06-01,ME4 BM4,1.5424
1984-05-01,1984-06-01,ME4 BM5,2.5492
1984-05-01,1984-06-01,BIG LoBM,3.4855
1984-05-01,1984-06-01,ME5 BM2,5.3136
1984-05-01,1984-06-01,ME5 BM3,2.0284
1984-05-01,1984-06-01,ME5 BM4,-1.0171
1984-05-01,1984-06-01,BIG HiBM,4.7439
1984-06-01,1984-07-01,SMALL LoBM,-7.2116
1984-06-01,1984-07-01,ME1 BM2,-5.0641
1984-06-01,1984-07-01,ME1 BM3,-4.653
1984-06-01,1984-07-01,ME1 BM4,-1.8119
1984-06-01,1984-07-01,SMALL HiBM,-2.1716
1984-06-01,1984-07-01,ME2 BM1,-5.2851
1984-06-01,1984-07-01,ME2 BM2,-5.3894
1984-06-01,1984-07-01,ME2 BM3,-1.4898
1984-06-01,1984-07-01,ME2 BM4,-3.6035
1984-06-01,1984-07-01,ME2 BM5,-3.7826
1984-06-01,1984-07-01,ME3 BM1,-3.4704
1984-06-01,1984-07-01,ME3 BM2,-3.3443
1984-06-01,1984-07-01,ME3 BM3,-3.1188
1984-06-01,1984-07-01,ME3 BM4,-2.9375
1984-06-01,1984-07-01,ME3 BM5,-0.9739
1984-06-01,1984-07-01,ME4 BM1,-3.7639
1984-06-01,1984-07-01,ME4 BM2,-4.6827
1984-06-01,1984-07-01,ME4 BM3,-2.5166
1984-06-01,1984-07-01,ME4 BM4,-4.4684
1984-06-01,1984-07-01,ME4 BM5,-0.8606
1984-06-01,1984-07-01,BIG LoBM,0.3627
1984-06-01,1984-07-01,ME5 BM2,-1.5271
1984-06-01,1984-07-01,ME5 BM3,-0.003
1984-06-01,1984-07-01,ME5 BM4,-3.0188
1984-06-01,1984-07-01,BIG HiBM,-2.3084
1984-07-01,1984-08-01,SMALL LoBM,11.4334
1984-07-01,1984-08-01,ME1 BM2,11.7429
1984-07-01,1984-08-01,ME1 BM3,8.6934
1984-07-01,1984-08-01,ME1 BM4,6.7951
1984-07-01,1984-08-01,SMALL HiBM,8.7243
1984-07-01,1984-08-01,ME2 BM1,15.9092
1984-07-01,1984-08-01,ME2 BM2,10.552
1984-07-01,1984-08-01,ME2 BM3,9.9556
1984-07-01,1984-08-01,ME2 BM4,9.1424
1984-07-01,1984-08-01,ME2 BM5,10.394
1984-07-01,1984-08-01,ME3 BM1,15.4313
1984-07-01,1984-08-01,ME3 BM2,12.8551
1984-07-01,1984-08-01,ME3 BM3,10.8139
1984-07-01,1984-08-01,ME3 BM4,12.0645
1984-07-01,1984-08-01,ME3 BM5,9.4725
1984-07-01,1984-08-01,ME4 BM1,12.8418
1984-07-01,1984-08-01,ME4 BM2,13.2351
1984-07-01,1984-08-01,ME4 BM3,12.4291
1984-07-01,1984-08-01,ME4 BM4,11.4683
1984-07-01,1984-08-01,ME4 BM5,10.0304
1984-07-01,1984-08-01,BIG LoBM,10.6809
1984-07-01,1984-08-01,ME5 BM2,10.3348
1984-07-01,1984-08-01,ME5 BM3,10.0344
1984-07-01,1984-08-01,ME5 BM4,11.6498
1984-07-01,1984-08-01,BIG HiBM,12.5151
1984-08-01,1984-09-01,SMALL LoBM,-2.6131
1984-08-01,1984-09-01,ME1 BM2,-1.5669
1984-08-01,1984-09-01,ME1 BM3,0.4091
1984-08-01,1984-09-01,ME1 BM4,1.4747
1984-08-01,1984-09-01,SMALL HiBM,2.4417
1984-08-01,1984-09-01,ME2 BM1,-5.5642
1984-08-01,1984-09-01,ME2 BM2,0.3675
1984-08-01,1984-09-01,ME2 BM3,1.8485
1984-08-01,1984-09-01,ME2 BM4,1.453
1984-08-01,1984-09-01,ME2 BM5,3.2094
1984-08-01,1984-09-01,ME3 BM1,-3.8775
1984-08-01,1984-09-01,ME3 BM2,1.3614
1984-08-01,1984-09-01,ME3 BM3,1.6292
1984-08-01,1984-09-01,ME3 BM4,1.9914
1984-08-01,1984-09-01,ME3 BM5,3.6093
1984-08-01,1984-09-01,ME4 BM1,-1.6354
1984-08-01,1984-09-01,ME4 BM2,-1.2852
1984-08-01,1984-09-01,ME4 BM3,0.6653
1984-08-01,1984-09-01,ME4 BM4,1.4409
1984-08-01,1984-09-01,ME4 BM5,4.457
1984-08-01,1984-09-01,BIG LoBM,-2.7173
1984-08-01,1984-09-01,ME5 BM2,-1.5251
1984-08-01,1984-09-01,ME5 BM3,-0.5154
1984-08-01,1984-09-01,ME5 BM4,1.899
1984-08-01,1984-09-01,BIG HiBM,3.1276
1984-09-01,1984-10-01,SMALL LoBM,-3.9839
1984-09-01,1984-10-01,ME1 BM2,-1.3912
1984-09-01,1984-10-01,ME1 BM3,-2.1739
1984-09-01,1984-10-01,ME1 BM4,-1.563
1984-09-01,1984-10-01,SMALL HiBM,-1.4071
1984-09-01,1984-10-01,ME2 BM1,-2.9524
1984-09-01,1984-10-01,ME2 BM2,-1.5048
1984-09-01,1984-10-01,ME2 BM3,-0.1616
1984-09-01,1984-10-01,ME2 BM4,0.9621
1984-09-01,1984-10-01,ME2 BM5,0.7489
1984-09-01,1984-10-01,ME3 BM1,-1.6737
1984-09-01,1984-10-01,ME3 BM2,-0.3818
1984-09-01,1984-10-01,ME3 BM3,1.3672
1984-09-01,1984-10-01,ME3 BM4,-1.6574
1984-09-01,1984-10-01,ME3 BM5,2.1323
1984-09-01,1984-10-01,ME4 BM1,-0.3703
1984-09-01,1984-10-01,ME4 BM2,0.1328
1984-09-01,1984-10-01,ME4 BM3,0.6972
1984-09-01,1984-10-01,ME4 BM4,0.0613
1984-09-01,1984-10-01,ME4 BM5,1.7319
1984-09-01,1984-10-01,BIG LoBM,0.8735
1984-09-01,1984-10-01,ME5 BM2,2.6731
1984-09-01,1984-10-01,ME5 BM3,1.2607
1984-09-01,1984-10-01,ME5 BM4,-0.4424
1984-09-01,1984-10-01,BIG HiBM,-1.4979
1984-10-01,1984-11-01,SMALL LoBM,-5.6356
1984-10-01,1984-11-01,ME1 BM2,-3.9881
1984-10-01,1984-11-01,ME1 BM3,-1.3788
1984-10-01,1984-11-01,ME1 BM4,-1.3635
1984-10-01,1984-11-01,SMALL HiBM,-0.9926
1984-10-01,1984-11-01,ME2 BM1,-5.8522
1984-10-01,1984-11-01,ME2 BM2,-2.0495
1984-10-01,1984-11-01,ME2 BM3,-0.3163
1984-10-01,1984-11-01,ME2 BM4,-0.0488
1984-10-01,1984-11-01,ME2 BM5,1.2197
1984-10-01,1984-11-01,ME3 BM1,-3.8501
1984-10-01,1984-11-01,ME3 BM2,0.245
1984-10-01,1984-11-01,ME3 BM3,1.1333
1984-10-01,1984-11-01,ME3 BM4,1.6448
1984-10-01,1984-11-01,ME3 BM5,1.3936
1984-10-01,1984-11-01,ME4 BM1,-3.2829
1984-10-01,1984-11-01,ME4 BM2,-0.636
1984-10-01,1984-11-01,ME4 BM3,-1.0143
1984-10-01,1984-11-01,ME4 BM4,0.6548
1984-10-01,1984-11-01,ME4 BM5,1.9842
1984-10-01,1984-11-01,BIG LoBM,-2.4507
1984-10-01,1984-11-01,ME5 BM2,-0.9893
1984-10-01,1984-11-01,ME5 BM3,-1.6451
1984-10-01,1984-11-01,ME5 BM4,-0.7365
1984-10-01,1984-11-01,BIG HiBM,1.3551
1984-11-01,1984-12-01,SMALL LoBM,0.3578
1984-11-01,1984-12-01,ME1 BM2,0.9953
1984-11-01,1984-12-01,ME1 BM3,1.0399
1984-11-01,1984-12-01,ME1 BM4,0.477
1984-11-01,1984-12-01,SMALL HiBM,0.7621
1984-11-01,1984-12-01,ME2 BM1,2.1304
1984-11-01,1984-12-01,ME2 BM2,2.2349
1984-11-01,1984-12-01,ME2 BM3,1.7339
1984-11-01,1984-12-01,ME2 BM4,2.2501
1984-11-01,1984-12-01,ME2 BM5,2.5329
1984-11-01,1984-12-01,ME3 BM1,4.4428
1984-11-01,1984-12-01,ME3 BM2,3.5104
1984-11-01,1984-12-01,ME3 BM3,0.9204
1984-11-01,1984-12-01,ME3 BM4,1.3627
1984-11-01,1984-12-01,ME3 BM5,1.9159
1984-11-01,1984-12-01,ME4 BM1,3.2751
1984-11-01,1984-12-01,ME4 BM2,1.7239
1984-11-01,1984-12-01,ME4 BM3,2.2417
1984-11-01,1984-12-01,ME4 BM4,2.9788
1984-11-01,1984-12-01,ME4 BM5,3.4811
1984-11-01,1984-12-01,BIG LoBM,2.5979
1984-11-01,1984-12-01,ME5 BM2,2.3902
1984-11-01,1984-12-01,ME5 BM3,2.799
1984-11-01,1984-12-01,ME5 BM4,3.0818
1984-11-01,1984-12-01,BIG HiBM,1.358
1984-12-01,1985-01-01,SMALL LoBM,15.7035
1984-12-01,1985-01-01,ME1 BM2,15.0685
1984-12-01,1985-01-01,ME1 BM3,10.5991
1984-12-01,1985-01-01,ME1 BM4,10.0879
1984-12-01,1985-01-01,SMALL HiBM,8.4746
1984-12-01,1985-01-01,ME2 BM1,16.0494
1984-12-01,1985-01-01,ME2 BM2,12.8342
1984-12-01,1985-01-01,ME2 BM3,8.9653
1984-12-01,1985-01-01,ME2 BM4,9.6403
1984-12-01,1985-01-01,ME2 BM5,9.0607
1984-12-01,1985-01-01,ME3 BM1,13.7077
1984-12-01,1985-01-01,ME3 BM2,10.5137
1984-12-01,1985-01-01,ME3 BM3,9.6221
1984-12-01,1985-01-01,ME3 BM4,9.1077
1984-12-01,1985-01-01,ME3 BM5,8.1962
1984-12-01,1985-01-01,ME4 BM1,12.2266
1984-12-01,1985-01-01,ME4 BM2,12.6443
1984-12-01,1985-01-01,ME4 BM3,8.4302
1984-12-01,1985-01-01,ME4 BM4,8.0397
1984-12-01,1985-01-01,ME4 BM5,6.3004
1984-12-01,1985-01-01,BIG LoBM,9.6492
1984-12-01,1985-01-01,ME5 BM2,7.6952
1984-12-01,1985-01-01,ME5 BM3,7.5339
1984-12-01,1985-01-01,ME5 BM4,6.9001
1984-12-01,1985-01-01,BIG HiBM,4.4841
1985-01-01,1985-02-01,SMALL LoBM,3.8199
1985-01-01,1985-02-01,ME1 BM2,4.7299
1985-01-01,1985-02-01,ME1 BM3,3.369
1985-01-01,1985-02-01,ME1 BM4,2.7589
1985-01-01,1985-02-01,SMALL HiBM,3.818
1985-01-01,1985-02-01,ME2 BM1,2.8989
1985-01-01,1985-02-01,ME2 BM2,3.1936
1985-01-01,1985-02-01,ME2 BM3,2.4811
1985-01-01,1985-02-01,ME2 BM4,2.016
1985-01-01,1985-02-01,ME2 BM5,1.2259
1985-01-01,1985-02-01,ME3 BM1,2.1026
1985-01-01,1985-02-01,ME3 BM2,0.9171
1985-01-01,1985-02-01,ME3 BM3,1.1407
1985-01-01,1985-02-01,ME3 BM4,1.3996
1985-01-01,1985-02-01,ME3 BM5,-0.5712
1985-01-01,1985-02-01,ME4 BM1,2.6123
1985-01-01,1985-02-01,ME4 BM2,-0.8341
1985-01-01,1985-02-01,ME4 BM3,2.0002
1985-01-01,1985-02-01,ME4 BM4,2.49
1985-01-01,1985-02-01,ME4 BM5,1.1111
1985-01-01,1985-02-01,BIG LoBM,0.3417
1985-01-01,1985-02-01,ME5 BM2,2.469
1985-01-01,1985-02-01,ME5 BM3,1.5316
1985-01-01,1985-02-01,ME5 BM4,2.5124
1985-01-01,1985-02-01,BIG HiBM,2.7597
1985-02-01,1985-03-01,SMALL LoBM,-2.6482
1985-02-01,1985-03-01,ME1 BM2,-2.9405
1985-02-01,1985-03-01,ME1 BM3,-1.3539
1985-02-01,1985-03-01,ME1 BM4,-1.1512
1985-02-01,1985-03-01,SMALL HiBM,-0.4248
1985-02-01,1985-03-01,ME2 BM1,-4.5568
1985-02-01,1985-03-01,ME2 BM2,-3.4433
1985-02-01,1985-03-01,ME2 BM3,-0.7772
1985-02-01,1985-03-01,ME2 BM4,0.3918
1985-02-01,1985-03-01,ME2 BM5,3.01
1985-02-01,1985-03-01,ME3 BM1,-4.3142
1985-02-01,1985-03-01,ME3 BM2,-1.0716
1985-02-01,1985-03-01,ME3 BM3,-2.1977
1985-02-01,1985-03-01,ME3 BM4,0.5943
1985-02-01,1985-03-01,ME3 BM5,3.6181
1985-02-01,1985-03-01,ME4 BM1,-2.8412
1985-02-01,1985-03-01,ME4 BM2,-2.0947
1985-02-01,1985-03-01,ME4 BM3,0.1043
1985-02-01,1985-03-01,ME4 BM4,0.8024
1985-02-01,1985-03-01,ME4 BM5,4.6277
1985-02-01,1985-03-01,BIG LoBM,-1.6106
1985-02-01,1985-03-01,ME5 BM2,1.0331
1985-02-01,1985-03-01,ME5 BM3,-0.6786
1985-02-01,1985-03-01,ME5 BM4,1.0751
1985-02-01,1985-03-01,BIG HiBM,1.5803
1985-03-01,1985-04-01,SMALL LoBM,-2.2749
1985-03-01,1985-04-01,ME1 BM2,-1.6761
1985-03-01,1985-04-01,ME1 BM3,0.2735
1985-03-01,1985-04-01,ME1 BM4,0.497
1985-03-01,1985-04-01,SMALL HiBM,-0.7477
1985-03-01,1985-04-01,ME2 BM1,-3.1638
1985-03-01,1985-04-01,ME2 BM2,-1.2148
1985-03-01,1985-04-01,ME2 BM3,-0.3019
1985-03-01,1985-04-01,ME2 BM4,2.4846
1985-03-01,1985-04-01,ME2 BM5,0.6674
1985-03-01,1985-04-01,ME3 BM1,-1.2843
1985-03-01,1985-04-01,ME3 BM2,-1.7068
1985-03-01,1985-04-01,ME3 BM3,-0.312
1985-03-01,1985-04-01,ME3 BM4,2.7323
1985-03-01,1985-04-01,ME3 BM5,1.3762
1985-03-01,1985-04-01,ME4 BM1,-1.2714
1985-03-01,1985-04-01,ME4 BM2,-3.1145
1985-03-01,1985-04-01,ME4 BM3,0.5084
1985-03-01,1985-04-01,ME4 BM4,0.9454
1985-03-01,1985-04-01,ME4 BM5,0.8969
1985-03-01,1985-04-01,BIG LoBM,-1.7039
1985-03-01,1985-04-01,ME5 BM2,-2.3032
1985-03-01,1985-04-01,ME5 BM3,-1.2797
1985-03-01,1985-04-01,ME5 BM4,1.2474
1985-03-01,1985-04-01,BIG HiBM,2.9046
1985-04-01,1985-05-01,SMALL LoBM,2.5719
1985-04-01,1985-05-01,ME1 BM2,4.1281
1985-04-01,1985-05-01,ME1 BM3,3.6837
1985-04-01,1985-05-01,ME1 BM4,2.6072
1985-04-01,1985-05-01,SMALL HiBM,1.0915
1985-04-01,1985-05-01,ME2 BM1,3.9384
1985-04-01,1985-05-01,ME2 BM2,4.0044
1985-04-01,1985-05-01,ME2 BM3,3.1269
1985-04-01,1985-05-01,ME2 BM4,5.3817
1985-04-01,1985-05-01,ME2 BM5,2.9486
1985-04-01,1985-05-01,ME3 BM1,6.1684
1985-04-01,1985-05-01,ME3 BM2,5.4948
1985-04-01,1985-05-01,ME3 BM3,3.3015
1985-04-01,1985-05-01,ME3 BM4,4.3092
1985-04-01,1985-05-01,ME3 BM5,3.9404
1985-04-01,1985-05-01,ME4 BM1,6.6611
1985-04-01,1985-05-01,ME4 BM2,5.9056
1985-04-01,1985-05-01,ME4 BM3,5.519
1985-04-01,1985-05-01,ME4 BM4,4.2969
1985-04-01,1985-05-01,ME4 BM5,6.3053
1985-04-01,1985-05-01,BIG LoBM,5.8044
1985-04-01,1985-05-01,ME5 BM2,7.5565
1985-04-01,1985-05-01,ME5 BM3,8.6701
1985-04-01,1985-05-01,ME5 BM4,5.5579
1985-04-01,1985-05-01,BIG HiBM,4.5944
1985-05-01,1985-06-01,SMALL LoBM,0.4302
1985-05-01,1985-06-01,ME1 BM2,0.5559
1985-05-01,1985-06-01,ME1 BM3,1.0283
1985-05-01,1985-06-01,ME1 BM4,1.2352
1985-05-01,1985-06-01,SMALL HiBM,2.1224
1985-05-01,1985-06-01,ME2 BM1,0.8559
1985-05-01,1985-06-01,ME2 BM2,2.5048
1985-05-01,1985-06-01,ME2 BM3,2.4173
1985-05-01,1985-06-01,ME2 BM4,2.9172
1985-05-01,1985-06-01,ME2 BM5,3.5033
1985-05-01,1985-06-01,ME3 BM1,2.6341
1985-05-01,1985-06-01,ME3 BM2,1.9192
1985-05-01,1985-06-01,ME3 BM3,4.0222
1985-05-01,1985-06-01,ME3 BM4,2.4022
1985-05-01,1985-06-01,ME3 BM5,3.3666
1985-05-01,1985-06-01,ME4 BM1,1.9388
1985-05-01,1985-06-01,ME4 BM2,1.9044
1985-05-01,1985-06-01,ME4 BM3,2.27
1985-05-01,1985-06-01,ME4 BM4,3.5954
1985-05-01,1985-06-01,ME4 BM5,0.9125
1985-05-01,1985-06-01,BIG LoBM,0.6533
1985-05-01,1985-06-01,ME5 BM2,2.89
1985-05-01,1985-06-01,ME5 BM3,1.3836
1985-05-01,1985-06-01,ME5 BM4,0.3612
1985-05-01,1985-06-01,BIG HiBM,2.3318
1985-06-01,1985-07-01,SMALL LoBM,2.5607
1985-06-01,1985-07-01,ME1 BM2,2.7879
1985-06-01,1985-07-01,ME1 BM3,2.4289
1985-06-01,1985-07-01,ME1 BM4,1.5135
1985-06-01,1985-07-01,SMALL HiBM,2.1856
1985-06-01,1985-07-01,ME2 BM1,3.2306
1985-06-01,1985-07-01,ME2 BM2,3.4291
1985-06-01,1985-07-01,ME2 BM3,4.5804
1985-06-01,1985-07-01,ME2 BM4,0.0316
1985-06-01,1985-07-01,ME2 BM5,0.8853
1985-06-01,1985-07-01,ME3 BM1,1.2439
1985-06-01,1985-07-01,ME3 BM2,2.779
1985-06-01,1985-07-01,ME3 BM3,1.434
1985-06-01,1985-07-01,ME3 BM4,0.9912
1985-06-01,1985-07-01,ME3 BM5,1.8966
1985-06-01,1985-07-01,ME4 BM1,-0.564
1985-06-01,1985-07-01,ME4 BM2,0.39
1985-06-01,1985-07-01,ME4 BM3,1.1739
1985-06-01,1985-07-01,ME4 BM4,-2.1193
1985-06-01,1985-07-01,ME4 BM5,0.9037
1985-06-01,1985-07-01,BIG LoBM,0.6327
1985-06-01,1985-07-01,ME5 BM2,-0.4757
1985-06-01,1985-07-01,ME5 BM3,-1.6575
1985-06-01,1985-07-01,ME5 BM4,-1.5117
1985-06-01,1985-07-01,BIG HiBM,-2.3638
1985-07-01,1985-08-01,SMALL LoBM,-1.6569
1985-07-01,1985-08-01,ME1 BM2,-0.9916
1985-07-01,1985-08-01,ME1 BM3,-0.659
1985-07-01,1985-08-01,ME1 BM4,-0.0315
1985-07-01,1985-08-01,SMALL HiBM,-0.7205
1985-07-01,1985-08-01,ME2 BM1,-1.9543
1985-07-01,1985-08-01,ME2 BM2,-0.988
1985-07-01,1985-08-01,ME2 BM3,0.997
1985-07-01,1985-08-01,ME2 BM4,0.4032
1985-07-01,1985-08-01,ME2 BM5,0.3158
1985-07-01,1985-08-01,ME3 BM1,-2.4533
1985-07-01,1985-08-01,ME3 BM2,-0.819
1985-07-01,1985-08-01,ME3 BM3,-0.0235
1985-07-01,1985-08-01,ME3 BM4,-0.6991
1985-07-01,1985-08-01,ME3 BM5,0.5459
1985-07-01,1985-08-01,ME4 BM1,-1.8298
1985-07-01,1985-08-01,ME4 BM2,-0.2354
1985-07-01,1985-08-01,ME4 BM3,0.9979
1985-07-01,1985-08-01,ME4 BM4,0.3911
1985-07-01,1985-08-01,ME4 BM5,0.2453
1985-07-01,1985-08-01,BIG LoBM,-1.8467
1985-07-01,1985-08-01,ME5 BM2,-0.0007
1985-07-01,1985-08-01,ME5 BM3,-0.5404
1985-07-01,1985-08-01,ME5 BM4,0.3208
1985-07-01,1985-08-01,BIG HiBM,0.7733
1985-08-01,1985-09-01,SMALL LoBM,-8.0644
1985-08-01,1985-09-01,ME1 BM2,-5.8677
1985-08-01,1985-09-01,ME1 BM3,-4.9226
1985-08-01,1985-09-01,ME1 BM4,-4.0126
1985-08-01,1985-09-01,SMALL HiBM,-4.0769
1985-08-01,1985-09-01,ME2 BM1,-7.4361
1985-08-01,1985-09-01,ME2 BM2,-6.1973
1985-08-01,1985-09-01,ME2 BM3,-3.366
1985-08-01,1985-09-01,ME2 BM4,-3.522
1985-08-01,1985-09-01,ME2 BM5,-5.5253
1985-08-01,1985-09-01,ME3 BM1,-6.7727
1985-08-01,1985-09-01,ME3 BM2,-4.4135
1985-08-01,1985-09-01,ME3 BM3,-3.1657
1985-08-01,1985-09-01,ME3 BM4,-3.8648
1985-08-01,1985-09-01,ME3 BM5,-3.5374
1985-08-01,1985-09-01,ME4 BM1,-5.0436
1985-08-01,1985-09-01,ME4 BM2,-4.0714
1985-08-01,1985-09-01,ME4 BM3,-4.5928
1985-08-01,1985-09-01,ME4 BM4,-6.5046
1985-08-01,1985-09-01,ME4 BM5,-4.5968
1985-08-01,1985-09-01,BIG LoBM,-3.6542
1985-08-01,1985-09-01,ME5 BM2,-1.3081
1985-08-01,1985-09-01,ME5 BM3,-3.1397
1985-08-01,1985-09-01,ME5 BM4,-3.1344
1985-08-01,1985-09-01,BIG HiBM,-4.1367
1985-09-01,1985-10-01,SMALL LoBM,0.6786
1985-09-01,1985-10-01,ME1 BM2,1.9497
1985-09-01,1985-10-01,ME1 BM3,3.5702
1985-09-01,1985-10-01,ME1 BM4,3.2012
1985-09-01,1985-10-01,SMALL HiBM,1.8546
1985-09-01,1985-10-01,ME2 BM1,4.1113
1985-09-01,1985-10-01,ME2 BM2,3.6255
1985-09-01,1985-10-01,ME2 BM3,4.1396
1985-09-01,1985-10-01,ME2 BM4,5.7844
1985-09-01,1985-10-01,ME2 BM5,3.2777
1985-09-01,1985-10-01,ME3 BM1,3.9681
1985-09-01,1985-10-01,ME3 BM2,4.4385
1985-09-01,1985-10-01,ME3 BM3,4.3535
1985-09-01,1985-10-01,ME3 BM4,2.3098
1985-09-01,1985-10-01,ME3 BM5,3.3522
1985-09-01,1985-10-01,ME4 BM1,5.7234
1985-09-01,1985-10-01,ME4 BM2,5.3607
1985-09-01,1985-10-01,ME4 BM3,4.2588
1985-09-01,1985-10-01,ME4 BM4,5.5173
1985-09-01,1985-10-01,ME4 BM5,5.2327
1985-09-01,1985-10-01,BIG LoBM,3.7156
1985-09-01,1985-10-01,ME5 BM2,4.2181
1985-09-01,1985-10-01,ME5 BM3,4.8352
1985-09-01,1985-10-01,ME5 BM4,5.8386
1985-09-01,1985-10-01,BIG HiBM,6.4049
1985-10-01,1985-11-01,SMALL LoBM,5.4155
1985-10-01,1985-11-01,ME1 BM2,6.4722
1985-10-01,1985-11-01,ME1 BM3,6.3604
1985-10-01,1985-11-01,ME1 BM4,5.012
1985-10-01,1985-11-01,SMALL HiBM,4.5515
1985-10-01,1985-11-01,ME2 BM1,9.3635
1985-10-01,1985-11-01,ME2 BM2,7.2187
1985-10-01,1985-11-01,ME2 BM3,7.8192
1985-10-01,1985-11-01,ME2 BM4,6.912
1985-10-01,1985-11-01,ME2 BM5,6.7223
1985-10-01,1985-11-01,ME3 BM1,7.6452
1985-10-01,1985-11-01,ME3 BM2,7.5463
1985-10-01,1985-11-01,ME3 BM3,5.8051
1985-10-01,1985-11-01,ME3 BM4,6.3642
1985-10-01,1985-11-01,ME3 BM5,6.3681
1985-10-01,1985-11-01,ME4 BM1,8.7119
1985-10-01,1985-11-01,ME4 BM2,6.6973
1985-10-01,1985-11-01,ME4 BM3,8.3655
1985-10-01,1985-11-01,ME4 BM4,5.5119
1985-10-01,1985-11-01,ME4 BM5,5.0513
1985-10-01,1985-11-01,BIG LoBM,10.019
1985-10-01,1985-11-01,ME5 BM2,7.9823
1985-10-01,1985-11-01,ME5 BM3,7.8667
1985-10-01,1985-11-01,ME5 BM4,3.9867
1985-10-01,1985-11-01,BIG HiBM,4.7189
1985-11-01,1985-12-01,SMALL LoBM,3.5877
1985-11-01,1985-12-01,ME1 BM2,5.2765
1985-11-01,1985-12-01,ME1 BM3,4.1272
1985-11-01,1985-12-01,ME1 BM4,3.9742
1985-11-01,1985-12-01,SMALL HiBM,3.3359
1985-11-01,1985-12-01,ME2 BM1,5.1416
1985-11-01,1985-12-01,ME2 BM2,4.2424
1985-11-01,1985-12-01,ME2 BM3,5.3512
1985-11-01,1985-12-01,ME2 BM4,3.7701
1985-11-01,1985-12-01,ME2 BM5,0.292
1985-11-01,1985-12-01,ME3 BM1,5.5851
1985-11-01,1985-12-01,ME3 BM2,4.4749
1985-11-01,1985-12-01,ME3 BM3,2.5265
1985-11-01,1985-12-01,ME3 BM4,2.681
1985-11-01,1985-12-01,ME3 BM5,5.296
1985-11-01,1985-12-01,ME4 BM1,3.7185
1985-11-01,1985-12-01,ME4 BM2,4.1775
1985-11-01,1985-12-01,ME4 BM3,2.8359
1985-11-01,1985-12-01,ME4 BM4,4.9828
1985-11-01,1985-12-01,ME4 BM5,5.5329
1985-11-01,1985-12-01,BIG LoBM,6.8206
1985-11-01,1985-12-01,ME5 BM2,3.7154
1985-11-01,1985-12-01,ME5 BM3,4.929
1985-11-01,1985-12-01,ME5 BM4,2.9889
1985-11-01,1985-12-01,BIG HiBM,4.421
1985-12-01,1986-01-01,SMALL LoBM,3.8107
1985-12-01,1986-01-01,ME1 BM2,2.0436
1985-12-01,1986-01-01,ME1 BM3,2.5692
1985-12-01,1986-01-01,ME1 BM4,2.167
1985-12-01,1986-01-01,SMALL HiBM,3.122
1985-12-01,1986-01-01,ME2 BM1,1.022
1985-12-01,1986-01-01,ME2 BM2,2.1732
1985-12-01,1986-01-01,ME2 BM3,0.7398
1985-12-01,1986-01-01,ME2 BM4,0.2156
1985-12-01,1986-01-01,ME2 BM5,2.4772
1985-12-01,1986-01-01,ME3 BM1,1.7716
1985-12-01,1986-01-01,ME3 BM2,3.0872
1985-12-01,1986-01-01,ME3 BM3,1.6371
1985-12-01,1986-01-01,ME3 BM4,2.1478
1985-12-01,1986-01-01,ME3 BM5,2.6065
1985-12-01,1986-01-01,ME4 BM1,1.1351
1985-12-01,1986-01-01,ME4 BM2,0.5037
1985-12-01,1986-01-01,ME4 BM3,1.965
1985-12-01,1986-01-01,ME4 BM4,2.7291
1985-12-01,1986-01-01,ME4 BM5,3.48
1985-12-01,1986-01-01,BIG LoBM,0.4246
1985-12-01,1986-01-01,ME5 BM2,1.3219
1985-12-01,1986-01-01,ME5 BM3,1.7331
1985-12-01,1986-01-01,ME5 BM4,-1.3781
1985-12-01,1986-01-01,BIG HiBM,1.4209
1986-01-01,1986-02-01,SMALL LoBM,5.8456
1986-01-01,1986-02-01,ME1 BM2,6.4923
1986-01-01,1986-02-01,ME1 BM3,6.5104
1986-01-01,1986-02-01,ME1 BM4,7.8458
1986-01-01,1986-02-01,SMALL HiBM,5.4909
1986-01-01,1986-02-01,ME2 BM1,7.4547
1986-01-01,1986-02-01,ME2 BM2,7.1148
1986-01-01,1986-02-01,ME2 BM3,7.1068
1986-01-01,1986-02-01,ME2 BM4,9.274
1986-01-01,1986-02-01,ME2 BM5,5.0557
1986-01-01,1986-02-01,ME3 BM1,6.7664
1986-01-01,1986-02-01,ME3 BM2,9.5758
1986-01-01,1986-02-01,ME3 BM3,7.7429
1986-01-01,1986-02-01,ME3 BM4,7.1936
1986-01-01,1986-02-01,ME3 BM5,6.3926
1986-01-01,1986-02-01,ME4 BM1,7.8687
1986-01-01,1986-02-01,ME4 BM2,9.4778
1986-01-01,1986-02-01,ME4 BM3,7.0236
1986-01-01,1986-02-01,ME4 BM4,7.2683
1986-01-01,1986-02-01,ME4 BM5,7.5316
1986-01-01,1986-02-01,BIG LoBM,7.5733
1986-01-01,1986-02-01,ME5 BM2,10.0511
1986-01-01,1986-02-01,ME5 BM3,8.765
1986-01-01,1986-02-01,ME5 BM4,6.5332
1986-01-01,1986-02-01,BIG HiBM,7.2164
1986-02-01,1986-03-01,SMALL LoBM,4.6244
1986-02-01,1986-03-01,ME1 BM2,5.4281
1986-02-01,1986-03-01,ME1 BM3,5.0816
1986-02-01,1986-03-01,ME1 BM4,4.5244
1986-02-01,1986-03-01,SMALL HiBM,6.512
1986-02-01,1986-03-01,ME2 BM1,3.6535
1986-02-01,1986-03-01,ME2 BM2,5.1407
1986-02-01,1986-03-01,ME2 BM3,5.7927
1986-02-01,1986-03-01,ME2 BM4,5.0182
1986-02-01,1986-03-01,ME2 BM5,6.3238
1986-02-01,1986-03-01,ME3 BM1,4.9975
1986-02-01,1986-03-01,ME3 BM2,7.3619
1986-02-01,1986-03-01,ME3 BM3,5.0898
1986-02-01,1986-03-01,ME3 BM4,5.9102
1986-02-01,1986-03-01,ME3 BM5,5.3786
1986-02-01,1986-03-01,ME4 BM1,5.9696
1986-02-01,1986-03-01,ME4 BM2,5.3
1986-02-01,1986-03-01,ME4 BM3,5.8745
1986-02-01,1986-03-01,ME4 BM4,3.9722
1986-02-01,1986-03-01,ME4 BM5,4.9128
1986-02-01,1986-03-01,BIG LoBM,6.0032
1986-02-01,1986-03-01,ME5 BM2,7.2801
1986-02-01,1986-03-01,ME5 BM3,5.3412
1986-02-01,1986-03-01,ME5 BM4,4.7774
1986-02-01,1986-03-01,BIG HiBM,4.7372
1986-03-01,1986-04-01,SMALL LoBM,2.746
1986-03-01,1986-04-01,ME1 BM2,2.3361
1986-03-01,1986-04-01,ME1 BM3,0.8821
1986-03-01,1986-04-01,ME1 BM4,0.5291
1986-03-01,1986-04-01,SMALL HiBM,0.4177
1986-03-01,1986-04-01,ME2 BM1,2.3746
1986-03-01,1986-04-01,ME2 BM2,1.9488
1986-03-01,1986-04-01,ME2 BM3,-0.1073
1986-03-01,1986-04-01,ME2 BM4,1.0472
1986-03-01,1986-04-01,ME2 BM5,-1.5139
1986-03-01,1986-04-01,ME3 BM1,1.9919
1986-03-01,1986-04-01,ME3 BM2,2.3235
1986-03-01,1986-04-01,ME3 BM3,0.9502
1986-03-01,1986-04-01,ME3 BM4,1.1314
1986-03-01,1986-04-01,ME3 BM5,-1.1367
1986-03-01,1986-04-01,ME4 BM1,1.7791
1986-03-01,1986-04-01,ME4 BM2,-0.117
1986-03-01,1986-04-01,ME4 BM3,-1.0739
1986-03-01,1986-04-01,ME4 BM4,-2.3909
1986-03-01,1986-04-01,ME4 BM5,-4.7139
1986-03-01,1986-04-01,BIG LoBM,0.4383
1986-03-01,1986-04-01,ME5 BM2,-0.9615
1986-03-01,1986-04-01,ME5 BM3,-2.2038
1986-03-01,1986-04-01,ME5 BM4,-2.826
1986-03-01,1986-04-01,BIG HiBM,-2.7227
1986-04-01,1986-05-01,SMALL LoBM,4.1267
1986-04-01,1986-05-01,ME1 BM2,3.4979
1986-04-01,1986-05-01,ME1 BM3,4.5105
1986-04-01,1986-05-01,ME1 BM4,3.8415
1986-04-01,1986-05-01,SMALL HiBM,3.6893
1986-04-01,1986-05-01,ME2 BM1,3.2634
1986-04-01,1986-05-01,ME2 BM2,2.4009
1986-04-01,1986-05-01,ME2 BM3,5.571
1986-04-01,1986-05-01,ME2 BM4,4.4363
1986-04-01,1986-05-01,ME2 BM5,2.2869
1986-04-01,1986-05-01,ME3 BM1,5.9758
1986-04-01,1986-05-01,ME3 BM2,4.2292
1986-04-01,1986-05-01,ME3 BM3,6.0248
1986-04-01,1986-05-01,ME3 BM4,5.1761
1986-04-01,1986-05-01,ME3 BM5,3.4575
1986-04-01,1986-05-01,ME4 BM1,6.058
1986-04-01,1986-05-01,ME4 BM2,3.7986
1986-04-01,1986-05-01,ME4 BM3,5.7467
1986-04-01,1986-05-01,ME4 BM4,4.4165
1986-04-01,1986-05-01,ME4 BM5,4.3133
1986-04-01,1986-05-01,BIG LoBM,5.1848
1986-04-01,1986-05-01,ME5 BM2,6.2676
1986-04-01,1986-05-01,ME5 BM3,3.401
1986-04-01,1986-05-01,ME5 BM4,6.5845
1986-04-01,1986-05-01,BIG HiBM,5.5465
1986-05-01,1986-06-01,SMALL LoBM,0.163
1986-05-01,1986-06-01,ME1 BM2,-1.6258
1986-05-01,1986-06-01,ME1 BM3,0.1716
1986-05-01,1986-06-01,ME1 BM4,1.3759
1986-05-01,1986-06-01,SMALL HiBM,2.0652
1986-05-01,1986-06-01,ME2 BM1,0.6975
1986-05-01,1986-06-01,ME2 BM2,0.168
1986-05-01,1986-06-01,ME2 BM3,2.4061
1986-05-01,1986-06-01,ME2 BM4,1.8004
1986-05-01,1986-06-01,ME2 BM5,2.2872
1986-05-01,1986-06-01,ME3 BM1,1.2847
1986-05-01,1986-06-01,ME3 BM2,-0.7698
1986-05-01,1986-06-01,ME3 BM3,2.3084
1986-05-01,1986-06-01,ME3 BM4,0.6124
1986-05-01,1986-06-01,ME3 BM5,2.3214
1986-05-01,1986-06-01,ME4 BM1,1.7664
1986-05-01,1986-06-01,ME4 BM2,1.0228
1986-05-01,1986-06-01,ME4 BM3,0.0994
1986-05-01,1986-06-01,ME4 BM4,3.7787
1986-05-01,1986-06-01,ME4 BM5,1.2601
1986-05-01,1986-06-01,BIG LoBM,2.249
1986-05-01,1986-06-01,ME5 BM2,2.0837
1986-05-01,1986-06-01,ME5 BM3,1.05
1986-05-01,1986-06-01,ME5 BM4,0.6238
1986-05-01,1986-06-01,BIG HiBM,2.9181
1986-06-01,1986-07-01,SMALL LoBM,-10.1126
1986-06-01,1986-07-01,ME1 BM2,-8.5706
1986-06-01,1986-07-01,ME1 BM3,-8.396
1986-06-01,1986-07-01,ME1 BM4,-6.1577
1986-06-01,1986-07-01,SMALL HiBM,-8.7
1986-06-01,1986-07-01,ME2 BM1,-11.4024
1986-06-01,1986-07-01,ME2 BM2,-9.8122
1986-06-01,1986-07-01,ME2 BM3,-8.8791
1986-06-01,1986-07-01,ME2 BM4,-4.9591
1986-06-01,1986-07-01,ME2 BM5,-6.8577
1986-06-01,1986-07-01,ME3 BM1,-9.9697
1986-06-01,1986-07-01,ME3 BM2,-7.7158
1986-06-01,1986-07-01,ME3 BM3,-8.0166
1986-06-01,1986-07-01,ME3 BM4,-6.0447
1986-06-01,1986-07-01,ME3 BM5,-5.6213
1986-06-01,1986-07-01,ME4 BM1,-8.5716
1986-06-01,1986-07-01,ME4 BM2,-7.554
1986-06-01,1986-07-01,ME4 BM3,-6.9197
1986-06-01,1986-07-01,ME4 BM4,-4.7132
1986-06-01,1986-07-01,ME4 BM5,-4.4764
1986-06-01,1986-07-01,BIG LoBM,-7.148
1986-06-01,1986-07-01,ME5 BM2,-5.8547
1986-06-01,1986-07-01,ME5 BM3,-4.8748
1986-06-01,1986-07-01,ME5 BM4,-2.5072
1986-06-01,1986-07-01,BIG HiBM,-2.5713
1986-07-01,1986-08-01,SMALL LoBM,0.2984
1986-07-01,1986-08-01,ME1 BM2,0.5591
1986-07-01,1986-08-01,ME1 BM3,2.2655
1986-07-01,1986-08-01,ME1 BM4,1.8007
1986-07-01,1986-08-01,SMALL HiBM,1.7033
1986-07-01,1986-08-01,ME2 BM1,2.498
1986-07-01,1986-08-01,ME2 BM2,4.2329
1986-07-01,1986-08-01,ME2 BM3,4.2936
1986-07-01,1986-08-01,ME2 BM4,5.4715
1986-07-01,1986-08-01,ME2 BM5,4.5585
1986-07-01,1986-08-01,ME3 BM1,4.221
1986-07-01,1986-08-01,ME3 BM2,3.815
1986-07-01,1986-08-01,ME3 BM3,5.9252
1986-07-01,1986-08-01,ME3 BM4,7.3303
1986-07-01,1986-08-01,ME3 BM5,8.4808
1986-07-01,1986-08-01,ME4 BM1,4.2744
1986-07-01,1986-08-01,ME4 BM2,6.3162
1986-07-01,1986-08-01,ME4 BM3,7.2281
1986-07-01,1986-08-01,ME4 BM4,10.2022
1986-07-01,1986-08-01,ME4 BM5,9.5066
1986-07-01,1986-08-01,BIG LoBM,4.3237
1986-07-01,1986-08-01,ME5 BM2,6.5204
1986-07-01,1986-08-01,ME5 BM3,6.1206
1986-07-01,1986-08-01,ME5 BM4,10.3436
1986-07-01,1986-08-01,BIG HiBM,10.7372
1986-08-01,1986-09-01,SMALL LoBM,-8.1438
1986-08-01,1986-09-01,ME1 BM2,-6.2529
1986-08-01,1986-09-01,ME1 BM3,-5.2936
1986-08-01,1986-09-01,ME1 BM4,-4.4472
1986-08-01,1986-09-01,SMALL HiBM,-3.2748
1986-08-01,1986-09-01,ME2 BM1,-8.741
1986-08-01,1986-09-01,ME2 BM2,-5.7332
1986-08-01,1986-09-01,ME2 BM3,-4.8155
1986-08-01,1986-09-01,ME2 BM4,-2.4337
1986-08-01,1986-09-01,ME2 BM5,-5.6665
1986-08-01,1986-09-01,ME3 BM1,-7.9378
1986-08-01,1986-09-01,ME3 BM2,-7.5691
1986-08-01,1986-09-01,ME3 BM3,-4.321
1986-08-01,1986-09-01,ME3 BM4,-4.7908
1986-08-01,1986-09-01,ME3 BM5,-4.997
1986-08-01,1986-09-01,ME4 BM1,-9.2895
1986-08-01,1986-09-01,ME4 BM2,-6.2552
1986-08-01,1986-09-01,ME4 BM3,-7.6114
1986-08-01,1986-09-01,ME4 BM4,-6.7321
1986-08-01,1986-09-01,ME4 BM5,-6.0467
1986-08-01,1986-09-01,BIG LoBM,-10.4026
1986-08-01,1986-09-01,ME5 BM2,-10.9273
1986-08-01,1986-09-01,ME5 BM3,-7.5847
1986-08-01,1986-09-01,ME5 BM4,-7.9058
1986-08-01,1986-09-01,BIG HiBM,-6.4421
1986-09-01,1986-10-01,SMALL LoBM,1.923
1986-09-01,1986-10-01,ME1 BM2,2.8514
1986-09-01,1986-10-01,ME1 BM3,1.836
1986-09-01,1986-10-01,ME1 BM4,3.0977
1986-09-01,1986-10-01,SMALL HiBM,0.7873
1986-09-01,1986-10-01,ME2 BM1,6.4162
1986-09-01,1986-10-01,ME2 BM2,4.4562
1986-09-01,1986-10-01,ME2 BM3,3.1337
1986-09-01,1986-10-01,ME2 BM4,2.7999
1986-09-01,1986-10-01,ME2 BM5,1.515
1986-09-01,1986-10-01,ME3 BM1,5.7477
1986-09-01,1986-10-01,ME3 BM2,2.6385
1986-09-01,1986-10-01,ME3 BM3,1.2114
1986-09-01,1986-10-01,ME3 BM4,2.0401
1986-09-01,1986-10-01,ME3 BM5,2.6121
1986-09-01,1986-10-01,ME4 BM1,5.8207
1986-09-01,1986-10-01,ME4 BM2,6.6266
1986-09-01,1986-10-01,ME4 BM3,5.1319
1986-09-01,1986-10-01,ME4 BM4,5.8268
1986-09-01,1986-10-01,ME4 BM5,4.2395
1986-09-01,1986-10-01,BIG LoBM,4.9311
1986-09-01,1986-10-01,ME5 BM2,7.0161
1986-09-01,1986-10-01,ME5 BM3,6.7606
1986-09-01,1986-10-01,ME5 BM4,4.6103
1986-09-01,1986-10-01,BIG HiBM,5.9328
1986-10-01,1986-11-01,SMALL LoBM,-2.2803
1986-10-01,1986-11-01,ME1 BM2,0.2845
1986-10-01,1986-11-01,ME1 BM3,0.3274
1986-10-01,1986-11-01,ME1 BM4,0.408
1986-10-01,1986-11-01,SMALL HiBM,1.1878
1986-10-01,1986-11-01,ME2 BM1,0.2596
1986-10-01,1986-11-01,ME2 BM2,0.2887
1986-10-01,1986-11-01,ME2 BM3,-0.3569
1986-10-01,1986-11-01,ME2 BM4,-2.1447
1986-10-01,1986-11-01,ME2 BM5,0.001
1986-10-01,1986-11-01,ME3 BM1,-0.0021
1986-10-01,1986-11-01,ME3 BM2,0.353
1986-10-01,1986-11-01,ME3 BM3,-1.0799
1986-10-01,1986-11-01,ME3 BM4,1.2122
1986-10-01,1986-11-01,ME3 BM5,-0.4077
1986-10-01,1986-11-01,ME4 BM1,1.3001
1986-10-01,1986-11-01,ME4 BM2,1.1996
1986-10-01,1986-11-01,ME4 BM3,1.5137
1986-10-01,1986-11-01,ME4 BM4,-1.2459
1986-10-01,1986-11-01,ME4 BM5,1.2962
1986-10-01,1986-11-01,BIG LoBM,2.634
1986-10-01,1986-11-01,ME5 BM2,1.8538
1986-10-01,1986-11-01,ME5 BM3,2.7438
1986-10-01,1986-11-01,ME5 BM4,2.4865
1986-10-01,1986-11-01,BIG HiBM,1.7048
1986-11-01,1986-12-01,SMALL LoBM,-5.5711
1986-11-01,1986-12-01,ME1 BM2,-2.0968
1986-11-01,1986-12-01,ME1 BM3,-3.5863
1986-11-01,1986-12-01,ME1 BM4,-2.1616
1986-11-01,1986-12-01,SMALL HiBM,-3.2494
1986-11-01,1986-12-01,ME2 BM1,-3.1097
1986-11-01,1986-12-01,ME2 BM2,-1.6995
1986-11-01,1986-12-01,ME2 BM3,-3.3467
1986-11-01,1986-12-01,ME2 BM4,-2.947
1986-11-01,1986-12-01,ME2 BM5,0.8561
1986-11-01,1986-12-01,ME3 BM1,-2.5751
1986-11-01,1986-12-01,ME3 BM2,-1.6882
1986-11-01,1986-12-01,ME3 BM3,-3.8492
1986-11-01,1986-12-01,ME3 BM4,-2.0701
1986-11-01,1986-12-01,ME3 BM5,-0.5198
1986-11-01,1986-12-01,ME4 BM1,-4.4595
1986-11-01,1986-12-01,ME4 BM2,-3.3497
1986-11-01,1986-12-01,ME4 BM3,-2.8728
1986-11-01,1986-12-01,ME4 BM4,-2.6262
1986-11-01,1986-12-01,ME4 BM5,-3.354
1986-11-01,1986-12-01,BIG LoBM,-1.8012
1986-11-01,1986-12-01,ME5 BM2,-2.5306
1986-11-01,1986-12-01,ME5 BM3,-4.222
1986-11-01,1986-12-01,ME5 BM4,-2.826
1986-11-01,1986-12-01,BIG HiBM,-2.974
1986-12-01,1987-01-01,SMALL LoBM,10.9883
1986-12-01,1987-01-01,ME1 BM2,10.2204
1986-12-01,1987-01-01,ME1 BM3,10.5302
1986-12-01,1987-01-01,ME1 BM4,9.6776
1986-12-01,1987-01-01,SMALL HiBM,9.6077
1986-12-01,1987-01-01,ME2 BM1,13.565
1986-12-01,1987-01-01,ME2 BM2,12.4261
1986-12-01,1987-01-01,ME2 BM3,10.5102
1986-12-01,1987-01-01,ME2 BM4,9.5289
1986-12-01,1987-01-01,ME2 BM5,10.7428
1986-12-01,1987-01-01,ME3 BM1,14.1495
1986-12-01,1987-01-01,ME3 BM2,12.9934
1986-12-01,1987-01-01,ME3 BM3,8.7987
1986-12-01,1987-01-01,ME3 BM4,10.5088
1986-12-01,1987-01-01,ME3 BM5,10.1479
1986-12-01,1987-01-01,ME4 BM1,14.0593
1986-12-01,1987-01-01,ME4 BM2,12.2056
1986-12-01,1987-01-01,ME4 BM3,10.5908
1986-12-01,1987-01-01,ME4 BM4,12.3069
1986-12-01,1987-01-01,ME4 BM5,11.7106
1986-12-01,1987-01-01,BIG LoBM,13.5636
1986-12-01,1987-01-01,ME5 BM2,16.4911
1986-12-01,1987-01-01,ME5 BM3,11.5736
1986-12-01,1987-01-01,ME5 BM4,12.4854
1986-12-01,1987-01-01,BIG HiBM,11.9064
1987-01-01,1987-02-01,SMALL LoBM,10.4375
1987-01-01,1987-02-01,ME1 BM2,8.3574
1987-01-01,1987-02-01,ME1 BM3,6.9208
1987-01-01,1987-02-01,ME1 BM4,7.1948
1987-01-01,1987-02-01,SMALL HiBM,6.4314
1987-01-01,1987-02-01,ME2 BM1,9.7091
1987-01-01,1987-02-01,ME2 BM2,9.0711
1987-01-01,1987-02-01,ME2 BM3,6.3423
1987-01-01,1987-02-01,ME2 BM4,6.0329
1987-01-01,1987-02-01,ME2 BM5,5.5754
1987-01-01,1987-02-01,ME3 BM1,8.696
1987-01-01,1987-02-01,ME3 BM2,8.0112
1987-01-01,1987-02-01,ME3 BM3,5.2951
1987-01-01,1987-02-01,ME3 BM4,4.23
1987-01-01,1987-02-01,ME3 BM5,4.4821
1987-01-01,1987-02-01,ME4 BM1,6.9893
1987-01-01,1987-02-01,ME4 BM2,7.0086
1987-01-01,1987-02-01,ME4 BM3,6.6144
1987-01-01,1987-02-01,ME4 BM4,3.1993
1987-01-01,1987-02-01,ME4 BM5,2.6728
1987-01-01,1987-02-01,BIG LoBM,8.278
1987-01-01,1987-02-01,ME5 BM2,5.8675
1987-01-01,1987-02-01,ME5 BM3,2.9539
1987-01-01,1987-02-01,ME5 BM4,-0.4466
1987-01-01,1987-02-01,BIG HiBM,-1.0931
1987-02-01,1987-03-01,SMALL LoBM,1.6124
1987-02-01,1987-03-01,ME1 BM2,3.8669
1987-02-01,1987-03-01,ME1 BM3,1.9327
1987-02-01,1987-03-01,ME1 BM4,3.377
1987-02-01,1987-03-01,SMALL HiBM,4.5072
1987-02-01,1987-03-01,ME2 BM1,1.0898
1987-02-01,1987-03-01,ME2 BM2,3.0472
1987-02-01,1987-03-01,ME2 BM3,1.6395
1987-02-01,1987-03-01,ME2 BM4,2.7661
1987-02-01,1987-03-01,ME2 BM5,3.4826
1987-02-01,1987-03-01,ME3 BM1,0.463
1987-02-01,1987-03-01,ME3 BM2,1.3831
1987-02-01,1987-03-01,ME3 BM3,1.5997
1987-02-01,1987-03-01,ME3 BM4,2.614
1987-02-01,1987-03-01,ME3 BM5,3.2646
1987-02-01,1987-03-01,ME4 BM1,1.9699
1987-02-01,1987-03-01,ME4 BM2,1.4979
1987-02-01,1987-03-01,ME4 BM3,1.6694
1987-02-01,1987-03-01,ME4 BM4,1.8477
1987-02-01,1987-03-01,ME4 BM5,-1.3033
1987-02-01,1987-03-01,BIG LoBM,1.4406
1987-02-01,1987-03-01,ME5 BM2,2.2091
1987-02-01,1987-03-01,ME5 BM3,0.6335
1987-02-01,1987-03-01,ME5 BM4,2.9849
1987-02-01,1987-03-01,BIG HiBM,4.8029
1987-03-01,1987-04-01,SMALL LoBM,-2.3139
1987-03-01,1987-04-01,ME1 BM2,-2.3106
1987-03-01,1987-04-01,ME1 BM3,-2.3585
1987-03-01,1987-04-01,ME1 BM4,-0.5565
1987-03-01,1987-04-01,SMALL HiBM,-1.3276
1987-03-01,1987-04-01,ME2 BM1,-3.9445
1987-03-01,1987-04-01,ME2 BM2,-2.3954
1987-03-01,1987-04-01,ME2 BM3,-2.943
1987-03-01,1987-04-01,ME2 BM4,-4.2926
1987-03-01,1987-04-01,ME2 BM5,-4.7639
1987-03-01,1987-04-01,ME3 BM1,-2.1874
1987-03-01,1987-04-01,ME3 BM2,-2.1278
1987-03-01,1987-04-01,ME3 BM3,-4.5038
1987-03-01,1987-04-01,ME3 BM4,-1.8945
1987-03-01,1987-04-01,ME3 BM5,-2.7991
1987-03-01,1987-04-01,ME4 BM1,-3.587
1987-03-01,1987-04-01,ME4 BM2,-2.1752
1987-03-01,1987-04-01,ME4 BM3,-2.5078
1987-03-01,1987-04-01,ME4 BM4,-1.7911
1987-03-01,1987-04-01,ME4 BM5,-1.603
1987-03-01,1987-04-01,BIG LoBM,-1.2356
1987-03-01,1987-04-01,ME5 BM2,-1.1941
1987-03-01,1987-04-01,ME5 BM3,-2.0903
1987-03-01,1987-04-01,ME5 BM4,-0.7104
1987-03-01,1987-04-01,BIG HiBM,-0.4874
1987-04-01,1987-05-01,SMALL LoBM,-0.3297
1987-04-01,1987-05-01,ME1 BM2,-1.2772
1987-04-01,1987-05-01,ME1 BM3,-0.0697
1987-04-01,1987-05-01,ME1 BM4,0.5761
1987-04-01,1987-05-01,SMALL HiBM,3.2911
1987-04-01,1987-05-01,ME2 BM1,-0.8965
1987-04-01,1987-05-01,ME2 BM2,-0.0483
1987-04-01,1987-05-01,ME2 BM3,0.0494
1987-04-01,1987-05-01,ME2 BM4,0.2127
1987-04-01,1987-05-01,ME2 BM5,0.509
1987-04-01,1987-05-01,ME3 BM1,0.6846
1987-04-01,1987-05-01,ME3 BM2,0.4478
1987-04-01,1987-05-01,ME3 BM3,-0.8165
1987-04-01,1987-05-01,ME3 BM4,0.233
1987-04-01,1987-05-01,ME3 BM5,0.6177
1987-04-01,1987-05-01,ME4 BM1,1.9353
1987-04-01,1987-05-01,ME4 BM2,0.4393
1987-04-01,1987-05-01,ME4 BM3,-0.5094
1987-04-01,1987-05-01,ME4 BM4,-0.4917
1987-04-01,1987-05-01,ME4 BM5,0.7685
1987-04-01,1987-05-01,BIG LoBM,1.8663
1987-04-01,1987-05-01,ME5 BM2,-0.5502
1987-04-01,1987-05-01,ME5 BM3,-0.2477
1987-04-01,1987-05-01,ME5 BM4,0.7645
1987-04-01,1987-05-01,BIG HiBM,0.5314
1987-05-01,1987-06-01,SMALL LoBM,-0.158
1987-05-01,1987-06-01,ME1 BM2,1.461
1987-05-01,1987-06-01,ME1 BM3,3.0642
1987-05-01,1987-06-01,ME1 BM4,1.8911
1987-05-01,1987-06-01,SMALL HiBM,4.6099
1987-05-01,1987-06-01,ME2 BM1,1.7176
1987-05-01,1987-06-01,ME2 BM2,3.052
1987-05-01,1987-06-01,ME2 BM3,3.5293
1987-05-01,1987-06-01,ME2 BM4,2.2793
1987-05-01,1987-06-01,ME2 BM5,3.9962
1987-05-01,1987-06-01,ME3 BM1,2.3263
1987-05-01,1987-06-01,ME3 BM2,1.7362
1987-05-01,1987-06-01,ME3 BM3,5.7835
1987-05-01,1987-06-01,ME3 BM4,5.5561
1987-05-01,1987-06-01,ME3 BM5,2.4014
1987-05-01,1987-06-01,ME4 BM1,5.1005
1987-05-01,1987-06-01,ME4 BM2,3.1926
1987-05-01,1987-06-01,ME4 BM3,4.2241
1987-05-01,1987-06-01,ME4 BM4,4.1037
1987-05-01,1987-06-01,ME4 BM5,3.7693
1987-05-01,1987-06-01,BIG LoBM,4.6229
1987-05-01,1987-06-01,ME5 BM2,5.4155
1987-05-01,1987-06-01,ME5 BM3,6.1321
1987-05-01,1987-06-01,ME5 BM4,5.1447
1987-05-01,1987-06-01,BIG HiBM,5.1784
1987-06-01,1987-07-01,SMALL LoBM,1.5626
1987-06-01,1987-07-01,ME1 BM2,2.1386
1987-06-01,1987-07-01,ME1 BM3,1.9181
1987-06-01,1987-07-01,ME1 BM4,2.8919
1987-06-01,1987-07-01,SMALL HiBM,5.3957
1987-06-01,1987-07-01,ME2 BM1,2.2093
1987-06-01,1987-07-01,ME2 BM2,2.0171
1987-06-01,1987-07-01,ME2 BM3,3.7855
1987-06-01,1987-07-01,ME2 BM4,3.3783
1987-06-01,1987-07-01,ME2 BM5,5.9601
1987-06-01,1987-07-01,ME3 BM1,2.4698
1987-06-01,1987-07-01,ME3 BM2,4.4389
1987-06-01,1987-07-01,ME3 BM3,3.7879
1987-06-01,1987-07-01,ME3 BM4,3.5841
1987-06-01,1987-07-01,ME3 BM5,8.1446
1987-06-01,1987-07-01,ME4 BM1,4.1565
1987-06-01,1987-07-01,ME4 BM2,4.8846
1987-06-01,1987-07-01,ME4 BM3,4.8302
1987-06-01,1987-07-01,ME4 BM4,4.0216
1987-06-01,1987-07-01,ME4 BM5,4.9189
1987-06-01,1987-07-01,BIG LoBM,5.9149
1987-06-01,1987-07-01,ME5 BM2,3.1686
1987-06-01,1987-07-01,ME5 BM3,6.1699
1987-06-01,1987-07-01,ME5 BM4,2.6668
1987-06-01,1987-07-01,BIG HiBM,3.0083
1987-07-01,1987-08-01,SMALL LoBM,0.8083
1987-07-01,1987-08-01,ME1 BM2,2.0692
1987-07-01,1987-08-01,ME1 BM3,2.7462
1987-07-01,1987-08-01,ME1 BM4,2.4512
1987-07-01,1987-08-01,SMALL HiBM,0.7235
1987-07-01,1987-08-01,ME2 BM1,2.5468
1987-07-01,1987-08-01,ME2 BM2,3.7878
1987-07-01,1987-08-01,ME2 BM3,3.9453
1987-07-01,1987-08-01,ME2 BM4,2.5175
1987-07-01,1987-08-01,ME2 BM5,4.0289
1987-07-01,1987-08-01,ME3 BM1,3.8336
1987-07-01,1987-08-01,ME3 BM2,3.4177
1987-07-01,1987-08-01,ME3 BM3,4.7693
1987-07-01,1987-08-01,ME3 BM4,3.5691
1987-07-01,1987-08-01,ME3 BM5,0.5426
1987-07-01,1987-08-01,ME4 BM1,4.663
1987-07-01,1987-08-01,ME4 BM2,4.0799
1987-07-01,1987-08-01,ME4 BM3,3.8091
1987-07-01,1987-08-01,ME4 BM4,3.829
1987-07-01,1987-08-01,ME4 BM5,1.638
1987-07-01,1987-08-01,BIG LoBM,4.9457
1987-07-01,1987-08-01,ME5 BM2,5.2966
1987-07-01,1987-08-01,ME5 BM3,3.4716
1987-07-01,1987-08-01,ME5 BM4,4.6284
1987-07-01,1987-08-01,BIG HiBM,2.5956
1987-08-01,1987-09-01,SMALL LoBM,-2.7683
1987-08-01,1987-09-01,ME1 BM2,-0.247
1987-08-01,1987-09-01,ME1 BM3,-1.1236
1987-08-01,1987-09-01,ME1 BM4,-0.4473
1987-08-01,1987-09-01,SMALL HiBM,-1.0095
1987-08-01,1987-09-01,ME2 BM1,-1.9769
1987-08-01,1987-09-01,ME2 BM2,-2.4959
1987-08-01,1987-09-01,ME2 BM3,-0.6447
1987-08-01,1987-09-01,ME2 BM4,-0.6564
1987-08-01,1987-09-01,ME2 BM5,-2.5741
1987-08-01,1987-09-01,ME3 BM1,-3.2842
1987-08-01,1987-09-01,ME3 BM2,-2.2382
1987-08-01,1987-09-01,ME3 BM3,-2.2879
1987-08-01,1987-09-01,ME3 BM4,-2.3724
1987-08-01,1987-09-01,ME3 BM5,-1.0337
1987-08-01,1987-09-01,ME4 BM1,-1.8861
1987-08-01,1987-09-01,ME4 BM2,-1.3662
1987-08-01,1987-09-01,ME4 BM3,-1.9006
1987-08-01,1987-09-01,ME4 BM4,-1.5909
1987-08-01,1987-09-01,ME4 BM5,-0.1554
1987-08-01,1987-09-01,BIG LoBM,-2.2247
1987-08-01,1987-09-01,ME5 BM2,-4.0473
1987-08-01,1987-09-01,ME5 BM3,-0.227
1987-08-01,1987-09-01,ME5 BM4,-2.1032
1987-08-01,1987-09-01,BIG HiBM,-2.6789
1987-09-01,1987-10-01,SMALL LoBM,-34.1653
1987-09-01,1987-10-01,ME1 BM2,-30.6779
1987-09-01,1987-10-01,ME1 BM3,-28.593
1987-09-01,1987-10-01,ME1 BM4,-28.3583
1987-09-01,1987-10-01,SMALL HiBM,-28.4843
1987-09-01,1987-10-01,ME2 BM1,-32.4849
1987-09-01,1987-10-01,ME2 BM2,-31.9413
1987-09-01,1987-10-01,ME2 BM3,-28.6601
1987-09-01,1987-10-01,ME2 BM4,-24.6616
1987-09-01,1987-10-01,ME2 BM5,-29.2541
1987-09-01,1987-10-01,ME3 BM1,-29.6956
1987-09-01,1987-10-01,ME3 BM2,-28.4764
1987-09-01,1987-10-01,ME3 BM3,-24.9113
1987-09-01,1987-10-01,ME3 BM4,-22.4597
1987-09-01,1987-10-01,ME3 BM5,-27.0598
1987-09-01,1987-10-01,ME4 BM1,-25.5471
1987-09-01,1987-10-01,ME4 BM2,-28.6858
1987-09-01,1987-10-01,ME4 BM3,-24.0245
1987-09-01,1987-10-01,ME4 BM4,-18.4999
1987-09-01,1987-10-01,ME4 BM5,-23.468
1987-09-01,1987-10-01,BIG LoBM,-21.6513
1987-09-01,1987-10-01,ME5 BM2,-22.4499
1987-09-01,1987-10-01,ME5 BM3,-22.0284
1987-09-01,1987-10-01,ME5 BM4,-15.4467
1987-09-01,1987-10-01,BIG HiBM,-18.7014
1987-10-01,1987-11-01,SMALL LoBM,-8.3473
1987-10-01,1987-11-01,ME1 BM2,-4.9019
1987-10-01,1987-11-01,ME1 BM3,-4.8335
1987-10-01,1987-11-01,ME1 BM4,-4.4222
1987-10-01,1987-11-01,SMALL HiBM,-3.6106
1987-10-01,1987-11-01,ME2 BM1,-7.1902
1987-10-01,1987-11-01,ME2 BM2,-5.3777
1987-10-01,1987-11-01,ME2 BM3,-3.6533
1987-10-01,1987-11-01,ME2 BM4,-3.2558
1987-10-01,1987-11-01,ME2 BM5,-2.9023
1987-10-01,1987-11-01,ME3 BM1,-6.8475
1987-10-01,1987-11-01,ME3 BM2,-2.4483
1987-10-01,1987-11-01,ME3 BM3,-2.7821
1987-10-01,1987-11-01,ME3 BM4,-3.0749
1987-10-01,1987-11-01,ME3 BM5,-4.2514
1987-10-01,1987-11-01,ME4 BM1,-6.4134
1987-10-01,1987-11-01,ME4 BM2,-6.3661
1987-10-01,1987-11-01,ME4 BM3,-5.9722
1987-10-01,1987-11-01,ME4 BM4,-4.3853
1987-10-01,1987-11-01,ME4 BM5,-2.4112
1987-10-01,1987-11-01,BIG LoBM,-9.6122
1987-10-01,1987-11-01,ME5 BM2,-8.3866
1987-10-01,1987-11-01,ME5 BM3,-8.266
1987-10-01,1987-11-01,ME5 BM4,-7.7546
1987-10-01,1987-11-01,BIG HiBM,-7.2662
1987-11-01,1987-12-01,SMALL LoBM,2.7267
1987-11-01,1987-12-01,ME1 BM2,5.3592
1987-11-01,1987-12-01,ME1 BM3,5.4135
1987-11-01,1987-12-01,ME1 BM4,4.826
1987-11-01,1987-12-01,SMALL HiBM,3.4174
1987-11-01,1987-12-01,ME2 BM1,11.8082
1987-11-01,1987-12-01,ME2 BM2,9.3387
1987-11-01,1987-12-01,ME2 BM3,6.7582
1987-11-01,1987-12-01,ME2 BM4,7.2973
1987-11-01,1987-12-01,ME2 BM5,5.0938
1987-11-01,1987-12-01,ME3 BM1,12.3088
1987-11-01,1987-12-01,ME3 BM2,9.666
1987-11-01,1987-12-01,ME3 BM3,6.2682
1987-11-01,1987-12-01,ME3 BM4,4.8318
1987-11-01,1987-12-01,ME3 BM5,6.6058
1987-11-01,1987-12-01,ME4 BM1,13.0231
1987-11-01,1987-12-01,ME4 BM2,10.831
1987-11-01,1987-12-01,ME4 BM3,9.1547
1987-11-01,1987-12-01,ME4 BM4,3.9267
1987-11-01,1987-12-01,ME4 BM5,3.9424
1987-11-01,1987-12-01,BIG LoBM,8.3148
1987-11-01,1987-12-01,ME5 BM2,7.4149
1987-11-01,1987-12-01,ME5 BM3,8.031
1987-11-01,1987-12-01,ME5 BM4,3.2887
1987-11-01,1987-12-01,BIG HiBM,6.2951
1987-12-01,1988-01-01,SMALL LoBM,6.0319
1987-12-01,1988-01-01,ME1 BM2,6.964
1987-12-01,1988-01-01,ME1 BM3,4.4944
1987-12-01,1988-01-01,ME1 BM4,4.9831
1987-12-01,1988-01-01,SMALL HiBM,6.2216
1987-12-01,1988-01-01,ME2 BM1,1.8609
1987-12-01,1988-01-01,ME2 BM2,3.3566
1987-12-01,1988-01-01,ME2 BM3,5.1187
1987-12-01,1988-01-01,ME2 BM4,4.114
1987-12-01,1988-01-01,ME2 BM5,6.5378
1987-12-01,1988-01-01,ME3 BM1,1.2671
1987-12-01,1988-01-01,ME3 BM2,3.5603
1987-12-01,1988-01-01,ME3 BM3,3.8789
1987-12-01,1988-01-01,ME3 BM4,7.5263
1987-12-01,1988-01-01,ME3 BM5,6.4408
1987-12-01,1988-01-01,ME4 BM1,0.0532
1987-12-01,1988-01-01,ME4 BM2,4.6896
1987-12-01,1988-01-01,ME4 BM3,4.9726
1987-12-01,1988-01-01,ME4 BM4,5.4078
1987-12-01,1988-01-01,ME4 BM5,4.8429
1987-12-01,1988-01-01,BIG LoBM,2.2403
1987-12-01,1988-01-01,ME5 BM2,1.5523
1987-12-01,1988-01-01,ME5 BM3,5.1184
1987-12-01,1988-01-01,ME5 BM4,9.046
1987-12-01,1988-01-01,BIG HiBM,8.7797
1988-01-01,1988-02-01,SMALL LoBM,6.0389
1988-01-01,1988-02-01,ME1 BM2,7.4426
1988-01-01,1988-02-01,ME1 BM3,7.6647
1988-01-01,1988-02-01,ME1 BM4,7.6149
1988-01-01,1988-02-01,SMALL HiBM,7.5975
1988-01-01,1988-02-01,ME2 BM1,8.6803
1988-01-01,1988-02-01,ME2 BM2,12.2428
1988-01-01,1988-02-01,ME2 BM3,8.0576
1988-01-01,1988-02-01,ME2 BM4,8.8604
1988-01-01,1988-02-01,ME2 BM5,8.3993
1988-01-01,1988-02-01,ME3 BM1,8.6843
1988-01-01,1988-02-01,ME3 BM2,7.8625
1988-01-01,1988-02-01,ME3 BM3,7.0395
1988-01-01,1988-02-01,ME3 BM4,7.2114
1988-01-01,1988-02-01,ME3 BM5,6.4883
1988-01-01,1988-02-01,ME4 BM1,8.5938
1988-01-01,1988-02-01,ME4 BM2,9.4131
1988-01-01,1988-02-01,ME4 BM3,6.379
1988-01-01,1988-02-01,ME4 BM4,4.742
1988-01-01,1988-02-01,ME4 BM5,6.2162
1988-01-01,1988-02-01,BIG LoBM,4.5771
1988-01-01,1988-02-01,ME5 BM2,5.4937
1988-01-01,1988-02-01,ME5 BM3,4.7217
1988-01-01,1988-02-01,ME5 BM4,1.8113
1988-01-01,1988-02-01,BIG HiBM,3.0609
1988-02-01,1988-03-01,SMALL LoBM,4.3074
1988-02-01,1988-03-01,ME1 BM2,5.3649
1988-02-01,1988-03-01,ME1 BM3,6.1687
1988-02-01,1988-03-01,ME1 BM4,5.1527
1988-02-01,1988-03-01,SMALL HiBM,4.74
1988-02-01,1988-03-01,ME2 BM1,2.0709
1988-02-01,1988-03-01,ME2 BM2,6.8687
1988-02-01,1988-03-01,ME2 BM3,4.101
1988-02-01,1988-03-01,ME2 BM4,2.9425
1988-02-01,1988-03-01,ME2 BM5,4.4914
1988-02-01,1988-03-01,ME3 BM1,2.7698
1988-02-01,1988-03-01,ME3 BM2,1.0257
1988-02-01,1988-03-01,ME3 BM3,1.1929
1988-02-01,1988-03-01,ME3 BM4,-0.0344
1988-02-01,1988-03-01,ME3 BM5,1.2587
1988-02-01,1988-03-01,ME4 BM1,-0.9663
1988-02-01,1988-03-01,ME4 BM2,1.4049
1988-02-01,1988-03-01,ME4 BM3,-0.0317
1988-02-01,1988-03-01,ME4 BM4,-0.2832
1988-02-01,1988-03-01,ME4 BM5,3.4565
1988-02-01,1988-03-01,BIG LoBM,-4.5994
1988-02-01,1988-03-01,ME5 BM2,-4.2419
1988-02-01,1988-03-01,ME5 BM3,-3.9845
1988-02-01,1988-03-01,ME5 BM4,-3.8124
1988-02-01,1988-03-01,BIG HiBM,-0.3902
1988-03-01,1988-04-01,SMALL LoBM,0.9058
1988-03-01,1988-04-01,ME1 BM2,1.2214
1988-03-01,1988-04-01,ME1 BM3,2.6531
1988-03-01,1988-04-01,ME1 BM4,0.9377
1988-03-01,1988-04-01,SMALL HiBM,3.8302
1988-03-01,1988-04-01,ME2 BM1,2.164
1988-03-01,1988-04-01,ME2 BM2,4.6141
1988-03-01,1988-04-01,ME2 BM3,2.6543
1988-03-01,1988-04-01,ME2 BM4,2.1204
1988-03-01,1988-04-01,ME2 BM5,2.1064
1988-03-01,1988-04-01,ME3 BM1,-0.8144
1988-03-01,1988-04-01,ME3 BM2,0.2356
1988-03-01,1988-04-01,ME3 BM3,1.9123
1988-03-01,1988-04-01,ME3 BM4,0.4455
1988-03-01,1988-04-01,ME3 BM5,2.3526
1988-03-01,1988-04-01,ME4 BM1,-0.2338
1988-03-01,1988-04-01,ME4 BM2,0.6536
1988-03-01,1988-04-01,ME4 BM3,1.8558
1988-03-01,1988-04-01,ME4 BM4,-0.6418
1988-03-01,1988-04-01,ME4 BM5,0.7152
1988-03-01,1988-04-01,BIG LoBM,-0.7468
1988-03-01,1988-04-01,ME5 BM2,1.1248
1988-03-01,1988-04-01,ME5 BM3,1.1106
1988-03-01,1988-04-01,ME5 BM4,2.4639
1988-03-01,1988-04-01,BIG HiBM,2.0338
1988-04-01,1988-05-01,SMALL LoBM,-3.624
1988-04-01,1988-05-01,ME1 BM2,-1.9474
1988-04-01,1988-05-01,ME1 BM3,-1.1539
1988-04-01,1988-05-01,ME1 BM4,-1.6696
1988-04-01,1988-05-01,SMALL HiBM,-0.8722
1988-04-01,1988-05-01,ME2 BM1,-4.4324
1988-04-01,1988-05-01,ME2 BM2,-2.3332
1988-04-01,1988-05-01,ME2 BM3,-2.5817
1988-04-01,1988-05-01,ME2 BM4,-1.038
1988-04-01,1988-05-01,ME2 BM5,-0.5019
1988-04-01,1988-05-01,ME3 BM1,-0.6991
1988-04-01,1988-05-01,ME3 BM2,-1.755
1988-04-01,1988-05-01,ME3 BM3,-1.0654
1988-04-01,1988-05-01,ME3 BM4,1.4008
1988-04-01,1988-05-01,ME3 BM5,0.8733
1988-04-01,1988-05-01,ME4 BM1,-1.1265
1988-04-01,1988-05-01,ME4 BM2,-0.6642
1988-04-01,1988-05-01,ME4 BM3,-0.4235
1988-04-01,1988-05-01,ME4 BM4,2.2826
1988-04-01,1988-05-01,ME4 BM5,1.2137
1988-04-01,1988-05-01,BIG LoBM,0.1123
1988-04-01,1988-05-01,ME5 BM2,0.2983
1988-04-01,1988-05-01,ME5 BM3,-0.2657
1988-04-01,1988-05-01,ME5 BM4,2.5255
1988-04-01,1988-05-01,BIG HiBM,2.0945
1988-05-01,1988-06-01,SMALL LoBM,6.4487
1988-05-01,1988-06-01,ME1 BM2,6.7027
1988-05-01,1988-06-01,ME1 BM3,5.9327
1988-05-01,1988-06-01,ME1 BM4,6.2989
1988-05-01,1988-06-01,SMALL HiBM,4.7497
1988-05-01,1988-06-01,ME2 BM1,7.3027
1988-05-01,1988-06-01,ME2 BM2,11.0642
1988-05-01,1988-06-01,ME2 BM3,8.0147
1988-05-01,1988-06-01,ME2 BM4,5.5461
1988-05-01,1988-06-01,ME2 BM5,8.4565
1988-05-01,1988-06-01,ME3 BM1,7.003
1988-05-01,1988-06-01,ME3 BM2,7.5026
1988-05-01,1988-06-01,ME3 BM3,6.5443
1988-05-01,1988-06-01,ME3 BM4,5.9777
1988-05-01,1988-06-01,ME3 BM5,4.9836
1988-05-01,1988-06-01,ME4 BM1,7.5049
1988-05-01,1988-06-01,ME4 BM2,6.4045
1988-05-01,1988-06-01,ME4 BM3,6.4769
1988-05-01,1988-06-01,ME4 BM4,3.9721
1988-05-01,1988-06-01,ME4 BM5,8.3846
1988-05-01,1988-06-01,BIG LoBM,4.1727
1988-05-01,1988-06-01,ME5 BM2,7.0585
1988-05-01,1988-06-01,ME5 BM3,5.5746
1988-05-01,1988-06-01,ME5 BM4,3.0829
1988-05-01,1988-06-01,BIG HiBM,3.0081
1988-06-01,1988-07-01,SMALL LoBM,-0.9258
1988-06-01,1988-07-01,ME1 BM2,-0.6494
1988-06-01,1988-07-01,ME1 BM3,-0.7159
1988-06-01,1988-07-01,ME1 BM4,1.1099
1988-06-01,1988-07-01,SMALL HiBM,-1.1529
1988-06-01,1988-07-01,ME2 BM1,-2.7348
1988-06-01,1988-07-01,ME2 BM2,-2.1949
1988-06-01,1988-07-01,ME2 BM3,-0.0077
1988-06-01,1988-07-01,ME2 BM4,0.3975
1988-06-01,1988-07-01,ME2 BM5,0.9014
1988-06-01,1988-07-01,ME3 BM1,-4.1304
1988-06-01,1988-07-01,ME3 BM2,-2.0656
1988-06-01,1988-07-01,ME3 BM3,-1.6738
1988-06-01,1988-07-01,ME3 BM4,0.1009
1988-06-01,1988-07-01,ME3 BM5,-0.3676
1988-06-01,1988-07-01,ME4 BM1,-3.1556
1988-06-01,1988-07-01,ME4 BM2,-3.1814
1988-06-01,1988-07-01,ME4 BM3,-0.727
1988-06-01,1988-07-01,ME4 BM4,0.0681
1988-06-01,1988-07-01,ME4 BM5,0.2879
1988-06-01,1988-07-01,BIG LoBM,-0.9992
1988-06-01,1988-07-01,ME5 BM2,-0.8908
1988-06-01,1988-07-01,ME5 BM3,0.4092
1988-06-01,1988-07-01,ME5 BM4,0.0383
1988-06-01,1988-07-01,BIG HiBM,0.8872
1988-07-01,1988-08-01,SMALL LoBM,-4.0758
1988-07-01,1988-08-01,ME1 BM2,-2.5584
1988-07-01,1988-08-01,ME1 BM3,-1.0319
1988-07-01,1988-08-01,ME1 BM4,-1.4882
1988-07-01,1988-08-01,SMALL HiBM,-2.0143
1988-07-01,1988-08-01,ME2 BM1,-4.2831
1988-07-01,1988-08-01,ME2 BM2,-4.2993
1988-07-01,1988-08-01,ME2 BM3,-2.0233
1988-07-01,1988-08-01,ME2 BM4,-0.8056
1988-07-01,1988-08-01,ME2 BM5,-0.7618
1988-07-01,1988-08-01,ME3 BM1,-4.0776
1988-07-01,1988-08-01,ME3 BM2,-2.634
1988-07-01,1988-08-01,ME3 BM3,-2.1773
1988-07-01,1988-08-01,ME3 BM4,0.1235
1988-07-01,1988-08-01,ME3 BM5,-1.0016
1988-07-01,1988-08-01,ME4 BM1,-3.6067
1988-07-01,1988-08-01,ME4 BM2,-3.1034
1988-07-01,1988-08-01,ME4 BM3,-1.1772
1988-07-01,1988-08-01,ME4 BM4,0.1727
1988-07-01,1988-08-01,ME4 BM5,1.357
1988-07-01,1988-08-01,BIG LoBM,-2.8421
1988-07-01,1988-08-01,ME5 BM2,-5.174
1988-07-01,1988-08-01,ME5 BM3,-2.4979
1988-07-01,1988-08-01,ME5 BM4,-1.3521
1988-07-01,1988-08-01,BIG HiBM,-3.1746
1988-08-01,1988-09-01,SMALL LoBM,0.9328
1988-08-01,1988-09-01,ME1 BM2,3.2451
1988-08-01,1988-09-01,ME1 BM3,2.4683
1988-08-01,1988-09-01,ME1 BM4,1.9477
1988-08-01,1988-09-01,SMALL HiBM,2.5737
1988-08-01,1988-09-01,ME2 BM1,2.8166
1988-08-01,1988-09-01,ME2 BM2,2.7753
1988-08-01,1988-09-01,ME2 BM3,2.8129
1988-08-01,1988-09-01,ME2 BM4,2.9447
1988-08-01,1988-09-01,ME2 BM5,2.759
1988-08-01,1988-09-01,ME3 BM1,3.6286
1988-08-01,1988-09-01,ME3 BM2,2.2917
1988-08-01,1988-09-01,ME3 BM3,2.732
1988-08-01,1988-09-01,ME3 BM4,1.5187
1988-08-01,1988-09-01,ME3 BM5,3.0535
1988-08-01,1988-09-01,ME4 BM1,4.5687
1988-08-01,1988-09-01,ME4 BM2,1.5545
1988-08-01,1988-09-01,ME4 BM3,3.9021
1988-08-01,1988-09-01,ME4 BM4,1.9898
1988-08-01,1988-09-01,ME4 BM5,4.602
1988-08-01,1988-09-01,BIG LoBM,5.7496
1988-08-01,1988-09-01,ME5 BM2,5.4294
1988-08-01,1988-09-01,ME5 BM3,2.026
1988-08-01,1988-09-01,ME5 BM4,4.073
1988-08-01,1988-09-01,BIG HiBM,4.0313
1988-09-01,1988-10-01,SMALL LoBM,-3.016
1988-09-01,1988-10-01,ME1 BM2,-1.9232
1988-09-01,1988-10-01,ME1 BM3,-1.0456
1988-09-01,1988-10-01,ME1 BM4,-2.3548
1988-09-01,1988-10-01,SMALL HiBM,-0.8135
1988-09-01,1988-10-01,ME2 BM1,-2.2288
1988-09-01,1988-10-01,ME2 BM2,-0.4616
1988-09-01,1988-10-01,ME2 BM3,0.3767
1988-09-01,1988-10-01,ME2 BM4,0.1704
1988-09-01,1988-10-01,ME2 BM5,-0.5586
1988-09-01,1988-10-01,ME3 BM1,-1.6776
1988-09-01,1988-10-01,ME3 BM2,0.1696
1988-09-01,1988-10-01,ME3 BM3,0.8225
1988-09-01,1988-10-01,ME3 BM4,0.8423
1988-09-01,1988-10-01,ME3 BM5,2.508
1988-09-01,1988-10-01,ME4 BM1,-1.3426
1988-09-01,1988-10-01,ME4 BM2,0.701
1988-09-01,1988-10-01,ME4 BM3,0.849
1988-09-01,1988-10-01,ME4 BM4,1.052
1988-09-01,1988-10-01,ME4 BM5,2.573
1988-09-01,1988-10-01,BIG LoBM,1.8429
1988-09-01,1988-10-01,ME5 BM2,5.5025
1988-09-01,1988-10-01,ME5 BM3,1.6125
1988-09-01,1988-10-01,ME5 BM4,2.4157
1988-09-01,1988-10-01,BIG HiBM,4.1992
1988-10-01,1988-11-01,SMALL LoBM,-4.8943
1988-10-01,1988-11-01,ME1 BM2,-4.5507
1988-10-01,1988-11-01,ME1 BM3,-3.3379
1988-10-01,1988-11-01,ME1 BM4,-3.3825
1988-10-01,1988-11-01,SMALL HiBM,-4.2408
1988-10-01,1988-11-01,ME2 BM1,-4.0432
1988-10-01,1988-11-01,ME2 BM2,-3.2929
1988-10-01,1988-11-01,ME2 BM3,-1.7315
1988-10-01,1988-11-01,ME2 BM4,-3.1106
1988-10-01,1988-11-01,ME2 BM5,-2.1062
1988-10-01,1988-11-01,ME3 BM1,-2.8965
1988-10-01,1988-11-01,ME3 BM2,-2.6854
1988-10-01,1988-11-01,ME3 BM3,-3.8188
1988-10-01,1988-11-01,ME3 BM4,-0.9052
1988-10-01,1988-11-01,ME3 BM5,-1.4685
1988-10-01,1988-11-01,ME4 BM1,-1.6687
1988-10-01,1988-11-01,ME4 BM2,-2.3842
1988-10-01,1988-11-01,ME4 BM3,-3.4775
1988-10-01,1988-11-01,ME4 BM4,-1.6541
1988-10-01,1988-11-01,ME4 BM5,-1.13
1988-10-01,1988-11-01,BIG LoBM,-1.8879
1988-10-01,1988-11-01,ME5 BM2,-1.0499
1988-10-01,1988-11-01,ME5 BM3,-1.8589
1988-10-01,1988-11-01,ME5 BM4,-0.5035
1988-10-01,1988-11-01,BIG HiBM,0.3435
1988-11-01,1988-12-01,SMALL LoBM,1.7273
1988-11-01,1988-12-01,ME1 BM2,4.4822
1988-11-01,1988-12-01,ME1 BM3,3.174
1988-11-01,1988-12-01,ME1 BM4,4.8186
1988-11-01,1988-12-01,SMALL HiBM,2.5059
1988-11-01,1988-12-01,ME2 BM1,5.2121
1988-11-01,1988-12-01,ME2 BM2,4.3598
1988-11-01,1988-12-01,ME2 BM3,3.9917
1988-11-01,1988-12-01,ME2 BM4,4.5223
1988-11-01,1988-12-01,ME2 BM5,2.6211
1988-11-01,1988-12-01,ME3 BM1,4.3665
1988-11-01,1988-12-01,ME3 BM2,3.9613
1988-11-01,1988-12-01,ME3 BM3,3.2119
1988-11-01,1988-12-01,ME3 BM4,2.4593
1988-11-01,1988-12-01,ME3 BM5,2.6713
1988-11-01,1988-12-01,ME4 BM1,3.1319
1988-11-01,1988-12-01,ME4 BM2,3.2848
1988-11-01,1988-12-01,ME4 BM3,1.5395
1988-11-01,1988-12-01,ME4 BM4,2.0763
1988-11-01,1988-12-01,ME4 BM5,-0.7267
1988-11-01,1988-12-01,BIG LoBM,2.603
1988-11-01,1988-12-01,ME5 BM2,2.0635
1988-11-01,1988-12-01,ME5 BM3,1.8137
1988-11-01,1988-12-01,ME5 BM4,0.5443
1988-11-01,1988-12-01,BIG HiBM,0.0206
1988-12-01,1989-01-01,SMALL LoBM,5.06
1988-12-01,1989-01-01,ME1 BM2,5.8583
1988-12-01,1989-01-01,ME1 BM3,4.517
1988-12-01,1989-01-01,ME1 BM4,4.4993
1988-12-01,1989-01-01,SMALL HiBM,5.4504
1988-12-01,1989-01-01,ME2 BM1,3.8418
1988-12-01,1989-01-01,ME2 BM2,4.8665
1988-12-01,1989-01-01,ME2 BM3,4.7611
1988-12-01,1989-01-01,ME2 BM4,3.6069
1988-12-01,1989-01-01,ME2 BM5,7.2897
1988-12-01,1989-01-01,ME3 BM1,4.7654
1988-12-01,1989-01-01,ME3 BM2,5.3077
1988-12-01,1989-01-01,ME3 BM3,5.0838
1988-12-01,1989-01-01,ME3 BM4,4.0832
1988-12-01,1989-01-01,ME3 BM5,5.3175
1988-12-01,1989-01-01,ME4 BM1,4.8454
1988-12-01,1989-01-01,ME4 BM2,5.5691
1988-12-01,1989-01-01,ME4 BM3,5.8523
1988-12-01,1989-01-01,ME4 BM4,5.6769
1988-12-01,1989-01-01,ME4 BM5,8.5102
1988-12-01,1989-01-01,BIG LoBM,7.7253
1988-12-01,1989-01-01,ME5 BM2,6.8098
1988-12-01,1989-01-01,ME5 BM3,6.5596
1988-12-01,1989-01-01,ME5 BM4,6.3987
1988-12-01,1989-01-01,BIG HiBM,8.218
1989-01-01,1989-02-01,SMALL LoBM,-1.0525
1989-01-01,1989-02-01,ME1 BM2,0.052
1989-01-01,1989-02-01,ME1 BM3,0.8456
1989-01-01,1989-02-01,ME1 BM4,1.4252
1989-01-01,1989-02-01,SMALL HiBM,1.6319
1989-01-01,1989-02-01,ME2 BM1,1.0417
1989-01-01,1989-02-01,ME2 BM2,1.7417
1989-01-01,1989-02-01,ME2 BM3,1.4444
1989-01-01,1989-02-01,ME2 BM4,0.9793
1989-01-01,1989-02-01,ME2 BM5,1.5749
1989-01-01,1989-02-01,ME3 BM1,0.1172
1989-01-01,1989-02-01,ME3 BM2,0.6549
1989-01-01,1989-02-01,ME3 BM3,0.1769
1989-01-01,1989-02-01,ME3 BM4,1.4549
1989-01-01,1989-02-01,ME3 BM5,0.1895
1989-01-01,1989-02-01,ME4 BM1,-0.3302
1989-01-01,1989-02-01,ME4 BM2,0.0073
1989-01-01,1989-02-01,ME4 BM3,-0.9874
1989-01-01,1989-02-01,ME4 BM4,0.3369
1989-01-01,1989-02-01,ME4 BM5,1.3955
1989-01-01,1989-02-01,BIG LoBM,-3.0898
1989-01-01,1989-02-01,ME5 BM2,-2.7628
1989-01-01,1989-02-01,ME5 BM3,-2.6185
1989-01-01,1989-02-01,ME5 BM4,-1.6959
1989-01-01,1989-02-01,BIG HiBM,-2.5674
1989-02-01,1989-03-01,SMALL LoBM,1.1495
1989-02-01,1989-03-01,ME1 BM2,3.1448
1989-02-01,1989-03-01,ME1 BM3,4.7995
1989-02-01,1989-03-01,ME1 BM4,2.4302
1989-02-01,1989-03-01,SMALL HiBM,2.9296
1989-02-01,1989-03-01,ME2 BM1,1.6641
1989-02-01,1989-03-01,ME2 BM2,2.1112
1989-02-01,1989-03-01,ME2 BM3,2.4172
1989-02-01,1989-03-01,ME2 BM4,1.5859
1989-02-01,1989-03-01,ME2 BM5,3.2846
1989-02-01,1989-03-01,ME3 BM1,2.3214
1989-02-01,1989-03-01,ME3 BM2,1.6123
1989-02-01,1989-03-01,ME3 BM3,1.44
1989-02-01,1989-03-01,ME3 BM4,3.2012
1989-02-01,1989-03-01,ME3 BM5,2.7228
1989-02-01,1989-03-01,ME4 BM1,-0.2526
1989-02-01,1989-03-01,ME4 BM2,1.7889
1989-02-01,1989-03-01,ME4 BM3,3.1438
1989-02-01,1989-03-01,ME4 BM4,0.6397
1989-02-01,1989-03-01,ME4 BM5,3.4532
1989-02-01,1989-03-01,BIG LoBM,2.9154
1989-02-01,1989-03-01,ME5 BM2,0.5425
1989-02-01,1989-03-01,ME5 BM3,3.9884
1989-02-01,1989-03-01,ME5 BM4,2.716
1989-02-01,1989-03-01,BIG HiBM,1.1432
1989-03-01,1989-04-01,SMALL LoBM,2.6714
1989-03-01,1989-04-01,ME1 BM2,3.1799
1989-03-01,1989-04-01,ME1 BM3,3.8454
1989-03-01,1989-04-01,ME1 BM4,2.7358
1989-03-01,1989-04-01,SMALL HiBM,2.7565
1989-03-01,1989-04-01,ME2 BM1,4.7283
1989-03-01,1989-04-01,ME2 BM2,4.8171
1989-03-01,1989-04-01,ME2 BM3,5.0011
1989-03-01,1989-04-01,ME2 BM4,2.6521
1989-03-01,1989-04-01,ME2 BM5,5.3366
1989-03-01,1989-04-01,ME3 BM1,5.5725
1989-03-01,1989-04-01,ME3 BM2,3.979
1989-03-01,1989-04-01,ME3 BM3,4.6457
1989-03-01,1989-04-01,ME3 BM4,3.9762
1989-03-01,1989-04-01,ME3 BM5,3.8186
1989-03-01,1989-04-01,ME4 BM1,6.2484
1989-03-01,1989-04-01,ME4 BM2,5.3007
1989-03-01,1989-04-01,ME4 BM3,4.0954
1989-03-01,1989-04-01,ME4 BM4,5.4453
1989-03-01,1989-04-01,ME4 BM5,5.5708
1989-03-01,1989-04-01,BIG LoBM,6.1189
1989-03-01,1989-04-01,ME5 BM2,5.1362
1989-03-01,1989-04-01,ME5 BM3,4.9834
1989-03-01,1989-04-01,ME5 BM4,4.431
1989-03-01,1989-04-01,BIG HiBM,3.6392
1989-04-01,1989-05-01,SMALL LoBM,2.6471
1989-04-01,1989-05-01,ME1 BM2,5.8114
1989-04-01,1989-05-01,ME1 BM3,2.4411
1989-04-01,1989-05-01,ME1 BM4,3.5171
1989-04-01,1989-05-01,SMALL HiBM,3.501
1989-04-01,1989-05-01,ME2 BM1,5.0522
1989-04-01,1989-05-01,ME2 BM2,2.2762
1989-04-01,1989-05-01,ME2 BM3,4.4724
1989-04-01,1989-05-01,ME2 BM4,3.6722
1989-04-01,1989-05-01,ME2 BM5,3.6668
1989-04-01,1989-05-01,ME3 BM1,5.7885
1989-04-01,1989-05-01,ME3 BM2,4.578
1989-04-01,1989-05-01,ME3 BM3,3.8154
1989-04-01,1989-05-01,ME3 BM4,4.0874
1989-04-01,1989-05-01,ME3 BM5,4.0017
1989-04-01,1989-05-01,ME4 BM1,4.5729
1989-04-01,1989-05-01,ME4 BM2,2.866
1989-04-01,1989-05-01,ME4 BM3,3.4186
1989-04-01,1989-05-01,ME4 BM4,4.0004
1989-04-01,1989-05-01,ME4 BM5,5.9809
1989-04-01,1989-05-01,BIG LoBM,4.72
1989-04-01,1989-05-01,ME5 BM2,2.8686
1989-04-01,1989-05-01,ME5 BM3,4.4969
1989-04-01,1989-05-01,ME5 BM4,4.3522
1989-04-01,1989-05-01,BIG HiBM,3.288
1989-05-01,1989-06-01,SMALL LoBM,-3.3378
1989-05-01,1989-06-01,ME1 BM2,-1.6977
1989-05-01,1989-06-01,ME1 BM3,-2.5781
1989-05-01,1989-06-01,ME1 BM4,0.7772
1989-05-01,1989-06-01,SMALL HiBM,0.558
1989-05-01,1989-06-01,ME2 BM1,-4.535
1989-05-01,1989-06-01,ME2 BM2,-1.389
1989-05-01,1989-06-01,ME2 BM3,-0.7673
1989-05-01,1989-06-01,ME2 BM4,-0.5293
1989-05-01,1989-06-01,ME2 BM5,-1.7878
1989-05-01,1989-06-01,ME3 BM1,-3.317
1989-05-01,1989-06-01,ME3 BM2,-1.5074
1989-05-01,1989-06-01,ME3 BM3,-1.2679
1989-05-01,1989-06-01,ME3 BM4,0.3389
1989-05-01,1989-06-01,ME3 BM5,2.1948
1989-05-01,1989-06-01,ME4 BM1,-1.939
1989-05-01,1989-06-01,ME4 BM2,-1.5341
1989-05-01,1989-06-01,ME4 BM3,0.2037
1989-05-01,1989-06-01,ME4 BM4,2.085
1989-05-01,1989-06-01,ME4 BM5,3.2801
1989-05-01,1989-06-01,BIG LoBM,-0.6685
1989-05-01,1989-06-01,ME5 BM2,-0.2562
1989-05-01,1989-06-01,ME5 BM3,-1.3384
1989-05-01,1989-06-01,ME5 BM4,-0.5833
1989-05-01,1989-06-01,BIG HiBM,0.8856
1989-06-01,1989-07-01,SMALL LoBM,2.7303
1989-06-01,1989-07-01,ME1 BM2,4.7316
1989-06-01,1989-07-01,ME1 BM3,2.3852
1989-06-01,1989-07-01,ME1 BM4,3.1269
1989-06-01,1989-07-01,SMALL HiBM,1.6378
1989-06-01,1989-07-01,ME2 BM1,5.4497
1989-06-01,1989-07-01,ME2 BM2,4.9911
1989-06-01,1989-07-01,ME2 BM3,3.2952
1989-06-01,1989-07-01,ME2 BM4,3.9166
1989-06-01,1989-07-01,ME2 BM5,3.0958
1989-06-01,1989-07-01,ME3 BM1,5.2991
1989-06-01,1989-07-01,ME3 BM2,4.8594
1989-06-01,1989-07-01,ME3 BM3,3.1931
1989-06-01,1989-07-01,ME3 BM4,5.0084
1989-06-01,1989-07-01,ME3 BM5,3.3036
1989-06-01,1989-07-01,ME4 BM1,8.4678
1989-06-01,1989-07-01,ME4 BM2,8.5664
1989-06-01,1989-07-01,ME4 BM3,6.254
1989-06-01,1989-07-01,ME4 BM4,5.9907
1989-06-01,1989-07-01,ME4 BM5,6.5102
1989-06-01,1989-07-01,BIG LoBM,11.5393
1989-06-01,1989-07-01,ME5 BM2,9.5053
1989-06-01,1989-07-01,ME5 BM3,6.7601
1989-06-01,1989-07-01,ME5 BM4,7.8162
1989-06-01,1989-07-01,BIG HiBM,6.6859
1989-07-01,1989-08-01,SMALL LoBM,2.301
1989-07-01,1989-08-01,ME1 BM2,0.0727
1989-07-01,1989-08-01,ME1 BM3,0.6723
1989-07-01,1989-08-01,ME1 BM4,2.3962
1989-07-01,1989-08-01,SMALL HiBM,1.6911
1989-07-01,1989-08-01,ME2 BM1,3.2104
1989-07-01,1989-08-01,ME2 BM2,2.8811
1989-07-01,1989-08-01,ME2 BM3,3.4793
1989-07-01,1989-08-01,ME2 BM4,3.6675
1989-07-01,1989-08-01,ME2 BM5,2.5917
1989-07-01,1989-08-01,ME3 BM1,3.0971
1989-07-01,1989-08-01,ME3 BM2,2.6965
1989-07-01,1989-08-01,ME3 BM3,5.1412
1989-07-01,1989-08-01,ME3 BM4,3.0851
1989-07-01,1989-08-01,ME3 BM5,2.1543
1989-07-01,1989-08-01,ME4 BM1,3.6325
1989-07-01,1989-08-01,ME4 BM2,4.0138
1989-07-01,1989-08-01,ME4 BM3,3.4869
1989-07-01,1989-08-01,ME4 BM4,3.6029
1989-07-01,1989-08-01,ME4 BM5,1.2493
1989-07-01,1989-08-01,BIG LoBM,-0.1183
1989-07-01,1989-08-01,ME5 BM2,2.2847
1989-07-01,1989-08-01,ME5 BM3,2.9732
1989-07-01,1989-08-01,ME5 BM4,1.6656
1989-07-01,1989-08-01,BIG HiBM,2.9557
1989-08-01,1989-09-01,SMALL LoBM,1.1873
1989-08-01,1989-09-01,ME1 BM2,-0.5997
1989-08-01,1989-09-01,ME1 BM3,-0.2909
1989-08-01,1989-09-01,ME1 BM4,0.5229
1989-08-01,1989-09-01,SMALL HiBM,-0.5128
1989-08-01,1989-09-01,ME2 BM1,2.3389
1989-08-01,1989-09-01,ME2 BM2,0.204
1989-08-01,1989-09-01,ME2 BM3,0.6788
1989-08-01,1989-09-01,ME2 BM4,0.7897
1989-08-01,1989-09-01,ME2 BM5,-1.0011
1989-08-01,1989-09-01,ME3 BM1,1.5016
1989-08-01,1989-09-01,ME3 BM2,-1.53
1989-08-01,1989-09-01,ME3 BM3,-1.3321
1989-08-01,1989-09-01,ME3 BM4,-0.2413
1989-08-01,1989-09-01,ME3 BM5,-0.8467
1989-08-01,1989-09-01,ME4 BM1,0.342
1989-08-01,1989-09-01,ME4 BM2,-3.13
1989-08-01,1989-09-01,ME4 BM3,-3.4447
1989-08-01,1989-09-01,ME4 BM4,-0.7724
1989-08-01,1989-09-01,ME4 BM5,0.6437
1989-08-01,1989-09-01,BIG LoBM,1.0341
1989-08-01,1989-09-01,ME5 BM2,-0.8629
1989-08-01,1989-09-01,ME5 BM3,0.1395
1989-08-01,1989-09-01,ME5 BM4,0.7301
1989-08-01,1989-09-01,BIG HiBM,-0.5604
1989-09-01,1989-10-01,SMALL LoBM,-5.0704
1989-09-01,1989-10-01,ME1 BM2,-5.5676
1989-09-01,1989-10-01,ME1 BM3,-4.9729
1989-09-01,1989-10-01,ME1 BM4,-4.5247
1989-09-01,1989-10-01,SMALL HiBM,-6.6495
1989-09-01,1989-10-01,ME2 BM1,-5.1608
1989-09-01,1989-10-01,ME2 BM2,-6.8204
1989-09-01,1989-10-01,ME2 BM3,-4.9482
1989-09-01,1989-10-01,ME2 BM4,-5.677
1989-09-01,1989-10-01,ME2 BM5,-7.8125
1989-09-01,1989-10-01,ME3 BM1,-3.7174
1989-09-01,1989-10-01,ME3 BM2,-5.9358
1989-09-01,1989-10-01,ME3 BM3,-6.4486
1989-09-01,1989-10-01,ME3 BM4,-4.8897
1989-09-01,1989-10-01,ME3 BM5,-5.2281
1989-09-01,1989-10-01,ME4 BM1,-2.8216
1989-09-01,1989-10-01,ME4 BM2,-4.273
1989-09-01,1989-10-01,ME4 BM3,-6.9545
1989-09-01,1989-10-01,ME4 BM4,-3.0998
1989-09-01,1989-10-01,ME4 BM5,-4.4764
1989-09-01,1989-10-01,BIG LoBM,0.173
1989-09-01,1989-10-01,ME5 BM2,-3.497
1989-09-01,1989-10-01,ME5 BM3,-2.7171
1989-09-01,1989-10-01,ME5 BM4,-3.2296
1989-09-01,1989-10-01,BIG HiBM,-0.2334
1989-10-01,1989-11-01,SMALL LoBM,-0.5721
1989-10-01,1989-11-01,ME1 BM2,0.0017
1989-10-01,1989-11-01,ME1 BM3,-0.6324
1989-10-01,1989-11-01,ME1 BM4,-0.2423
1989-10-01,1989-11-01,SMALL HiBM,-0.97
1989-10-01,1989-11-01,ME2 BM1,0.3239
1989-10-01,1989-11-01,ME2 BM2,1.4825
1989-10-01,1989-11-01,ME2 BM3,0.7141
1989-10-01,1989-11-01,ME2 BM4,1.6892
1989-10-01,1989-11-01,ME2 BM5,-0.8631
1989-10-01,1989-11-01,ME3 BM1,1.6033
1989-10-01,1989-11-01,ME3 BM2,2.2806
1989-10-01,1989-11-01,ME3 BM3,-0.2544
1989-10-01,1989-11-01,ME3 BM4,0.935
1989-10-01,1989-11-01,ME3 BM5,2.536
1989-10-01,1989-11-01,ME4 BM1,2.3154
1989-10-01,1989-11-01,ME4 BM2,1.8662
1989-10-01,1989-11-01,ME4 BM3,0.3847
1989-10-01,1989-11-01,ME4 BM4,0.6694
1989-10-01,1989-11-01,ME4 BM5,0.6934
1989-10-01,1989-11-01,BIG LoBM,1.9133
1989-10-01,1989-11-01,ME5 BM2,2.4143
1989-10-01,1989-11-01,ME5 BM3,2.7205
1989-10-01,1989-11-01,ME5 BM4,1.232
1989-10-01,1989-11-01,BIG HiBM,0.8203
1989-11-01,1989-12-01,SMALL LoBM,-0.6367
1989-11-01,1989-12-01,ME1 BM2,-1.008
1989-11-01,1989-12-01,ME1 BM3,-1.0589
1989-11-01,1989-12-01,ME1 BM4,-0.8125
1989-11-01,1989-12-01,SMALL HiBM,-1.6903
1989-11-01,1989-12-01,ME2 BM1,1.0025
1989-11-01,1989-12-01,ME2 BM2,-0.1258
1989-11-01,1989-12-01,ME2 BM3,0.8811
1989-11-01,1989-12-01,ME2 BM4,0.7154
1989-11-01,1989-12-01,ME2 BM5,0.3244
1989-11-01,1989-12-01,ME3 BM1,0.3608
1989-11-01,1989-12-01,ME3 BM2,0.507
1989-11-01,1989-12-01,ME3 BM3,-1.4869
1989-11-01,1989-12-01,ME3 BM4,1.9106
1989-11-01,1989-12-01,ME3 BM5,0.2735
1989-11-01,1989-12-01,ME4 BM1,2.5303
1989-11-01,1989-12-01,ME4 BM2,2.0303
1989-11-01,1989-12-01,ME4 BM3,1.5839
1989-11-01,1989-12-01,ME4 BM4,1.3222
1989-11-01,1989-12-01,ME4 BM5,2.1198
1989-11-01,1989-12-01,BIG LoBM,0.6937
1989-11-01,1989-12-01,ME5 BM2,1.0035
1989-11-01,1989-12-01,ME5 BM3,4.5545
1989-11-01,1989-12-01,ME5 BM4,4.8918
1989-11-01,1989-12-01,BIG HiBM,1.0475
1989-12-01,1990-01-01,SMALL LoBM,-8.2364
1989-12-01,1990-01-01,ME1 BM2,-7.398
1989-12-01,1990-01-01,ME1 BM3,-5.1087
1989-12-01,1990-01-01,ME1 BM4,-6.6322
1989-12-01,1990-01-01,SMALL HiBM,-6.3022
1989-12-01,1990-01-01,ME2 BM1,-9.1557
1989-12-01,1990-01-01,ME2 BM2,-9.6597
1989-12-01,1990-01-01,ME2 BM3,-7.1938
1989-12-01,1990-01-01,ME2 BM4,-7.5154
1989-12-01,1990-01-01,ME2 BM5,-9.0147
1989-12-01,1990-01-01,ME3 BM1,-9.633
1989-12-01,1990-01-01,ME3 BM2,-9.2108
1989-12-01,1990-01-01,ME3 BM3,-7.97
1989-12-01,1990-01-01,ME3 BM4,-6.5611
1989-12-01,1990-01-01,ME3 BM5,-7.696
1989-12-01,1990-01-01,ME4 BM1,-7.0273
1989-12-01,1990-01-01,ME4 BM2,-5.3589
1989-12-01,1990-01-01,ME4 BM3,-8.5868
1989-12-01,1990-01-01,ME4 BM4,-8.5147
1989-12-01,1990-01-01,ME4 BM5,-9.9603
1989-12-01,1990-01-01,BIG LoBM,-7.6333
1989-12-01,1990-01-01,ME5 BM2,-5.7648
1989-12-01,1990-01-01,ME5 BM3,-7.1512
1989-12-01,1990-01-01,ME5 BM4,-7.3211
1989-12-01,1990-01-01,BIG HiBM,-5.8932
1990-01-01,1990-02-01,SMALL LoBM,1.9141
1990-01-01,1990-02-01,ME1 BM2,2.0787
1990-01-01,1990-02-01,ME1 BM3,1.1086
1990-01-01,1990-02-01,ME1 BM4,3.4487
1990-01-01,1990-02-01,SMALL HiBM,1.5145
1990-01-01,1990-02-01,ME2 BM1,3.3179
1990-01-01,1990-02-01,ME2 BM2,3.6562
1990-01-01,1990-02-01,ME2 BM3,2.8742
1990-01-01,1990-02-01,ME2 BM4,3.3203
1990-01-01,1990-02-01,ME2 BM5,2.3794
1990-01-01,1990-02-01,ME3 BM1,3.2731
1990-01-01,1990-02-01,ME3 BM2,3.5761
1990-01-01,1990-02-01,ME3 BM3,2.2408
1990-01-01,1990-02-01,ME3 BM4,1.2576
1990-01-01,1990-02-01,ME3 BM5,3.1374
1990-01-01,1990-02-01,ME4 BM1,1.6269
1990-01-01,1990-02-01,ME4 BM2,1.5777
1990-01-01,1990-02-01,ME4 BM3,1.4873
1990-01-01,1990-02-01,ME4 BM4,1.8295
1990-01-01,1990-02-01,ME4 BM5,3.5317
1990-01-01,1990-02-01,BIG LoBM,-0.0828
1990-01-01,1990-02-01,ME5 BM2,1.7983
1990-01-01,1990-02-01,ME5 BM3,2.3749
1990-01-01,1990-02-01,ME5 BM4,1.4147
1990-01-01,1990-02-01,BIG HiBM,2.0563
1990-02-01,1990-03-01,SMALL LoBM,4.2963
1990-02-01,1990-03-01,ME1 BM2,2.2911
1990-02-01,1990-03-01,ME1 BM3,2.4861
1990-02-01,1990-03-01,ME1 BM4,3.7168
1990-02-01,1990-03-01,SMALL HiBM,1.3778
1990-02-01,1990-03-01,ME2 BM1,4.6401
1990-02-01,1990-03-01,ME2 BM2,4.766
1990-02-01,1990-03-01,ME2 BM3,4.9896
1990-02-01,1990-03-01,ME2 BM4,3.1619
1990-02-01,1990-03-01,ME2 BM5,1.5408
1990-02-01,1990-03-01,ME3 BM1,5.1161
1990-02-01,1990-03-01,ME3 BM2,2.7948
1990-02-01,1990-03-01,ME3 BM3,3.0016
1990-02-01,1990-03-01,ME3 BM4,1.0625
1990-02-01,1990-03-01,ME3 BM5,-0.1866
1990-02-01,1990-03-01,ME4 BM1,3.7276
1990-02-01,1990-03-01,ME4 BM2,4.3154
1990-02-01,1990-03-01,ME4 BM3,1.9621
1990-02-01,1990-03-01,ME4 BM4,1.9239
1990-02-01,1990-03-01,ME4 BM5,-0.4494
1990-02-01,1990-03-01,BIG LoBM,3.8536
1990-02-01,1990-03-01,ME5 BM2,3.8098
1990-02-01,1990-03-01,ME5 BM3,0.4402
1990-02-01,1990-03-01,ME5 BM4,0.5368
1990-02-01,1990-03-01,BIG HiBM,1.2023
1990-03-01,1990-04-01,SMALL LoBM,-2.4945
1990-03-01,1990-04-01,ME1 BM2,-2.6502
1990-03-01,1990-04-01,ME1 BM3,-1.8765
1990-03-01,1990-04-01,ME1 BM4,-2.5562
1990-03-01,1990-04-01,SMALL HiBM,-3.5554
1990-03-01,1990-04-01,ME2 BM1,-4.0346
1990-03-01,1990-04-01,ME2 BM2,-3.5767
1990-03-01,1990-04-01,ME2 BM3,-1.9634
1990-03-01,1990-04-01,ME2 BM4,-3.0309
1990-03-01,1990-04-01,ME2 BM5,-5.5878
1990-03-01,1990-04-01,ME3 BM1,-2.3507
1990-03-01,1990-04-01,ME3 BM2,-1.8241
1990-03-01,1990-04-01,ME3 BM3,-3.4562
1990-03-01,1990-04-01,ME3 BM4,-5.3848
1990-03-01,1990-04-01,ME3 BM5,-5.9545
1990-03-01,1990-04-01,ME4 BM1,-2.8151
1990-03-01,1990-04-01,ME4 BM2,-4.173
1990-03-01,1990-04-01,ME4 BM3,-5.8558
1990-03-01,1990-04-01,ME4 BM4,-5.4795
1990-03-01,1990-04-01,ME4 BM5,-5.941
1990-03-01,1990-04-01,BIG LoBM,0.402
1990-03-01,1990-04-01,ME5 BM2,-1.3307
1990-03-01,1990-04-01,ME5 BM3,-3.7774
1990-03-01,1990-04-01,ME5 BM4,-4.1593
1990-03-01,1990-04-01,BIG HiBM,-4.1409
1990-04-01,1990-05-01,SMALL LoBM,8.5047
1990-04-01,1990-05-01,ME1 BM2,6.4747
1990-04-01,1990-05-01,ME1 BM3,5.9255
1990-04-01,1990-05-01,ME1 BM4,4.1918
1990-04-01,1990-05-01,SMALL HiBM,3.674
1990-04-01,1990-05-01,ME2 BM1,10.6511
1990-04-01,1990-05-01,ME2 BM2,8.7681
1990-04-01,1990-05-01,ME2 BM3,5.5877
1990-04-01,1990-05-01,ME2 BM4,5.5192
1990-04-01,1990-05-01,ME2 BM5,3.6412
1990-04-01,1990-05-01,ME3 BM1,9.3967
1990-04-01,1990-05-01,ME3 BM2,8.8237
1990-04-01,1990-05-01,ME3 BM3,7.5443
1990-04-01,1990-05-01,ME3 BM4,4.5683
1990-04-01,1990-05-01,ME3 BM5,6.4514
1990-04-01,1990-05-01,ME4 BM1,11.0156
1990-04-01,1990-05-01,ME4 BM2,7.8249
1990-04-01,1990-05-01,ME4 BM3,10.2134
1990-04-01,1990-05-01,ME4 BM4,7.4323
1990-04-01,1990-05-01,ME4 BM5,8.6495
1990-04-01,1990-05-01,BIG LoBM,11.6552
1990-04-01,1990-05-01,ME5 BM2,11.1217
1990-04-01,1990-05-01,ME5 BM3,7.7203
1990-04-01,1990-05-01,ME5 BM4,6.4604
1990-04-01,1990-05-01,BIG HiBM,7.6916
1990-05-01,1990-06-01,SMALL LoBM,1.0482
1990-05-01,1990-06-01,ME1 BM2,1.9821
1990-05-01,1990-06-01,ME1 BM3,2.6986
1990-05-01,1990-06-01,ME1 BM4,0.3864
1990-05-01,1990-06-01,SMALL HiBM,-0.3098
1990-05-01,1990-06-01,ME2 BM1,0.1356
1990-05-01,1990-06-01,ME2 BM2,0.8545
1990-05-01,1990-06-01,ME2 BM3,-1.0585
1990-05-01,1990-06-01,ME2 BM4,0.0984
1990-05-01,1990-06-01,ME2 BM5,-0.6113
1990-05-01,1990-06-01,ME3 BM1,1.9148
1990-05-01,1990-06-01,ME3 BM2,0.4718
1990-05-01,1990-06-01,ME3 BM3,-0.4066
1990-05-01,1990-06-01,ME3 BM4,-1.5806
1990-05-01,1990-06-01,ME3 BM5,-0.6125
1990-05-01,1990-06-01,ME4 BM1,0.5701
1990-05-01,1990-06-01,ME4 BM2,-1.7862
1990-05-01,1990-06-01,ME4 BM3,-1.9148
1990-05-01,1990-06-01,ME4 BM4,-1.7995
1990-05-01,1990-06-01,ME4 BM5,-0.0235
1990-05-01,1990-06-01,BIG LoBM,3.4341
1990-05-01,1990-06-01,ME5 BM2,-2.1376
1990-05-01,1990-06-01,ME5 BM3,-2.3266
1990-05-01,1990-06-01,ME5 BM4,-3.4862
1990-05-01,1990-06-01,BIG HiBM,-0.3006
1990-06-01,1990-07-01,SMALL LoBM,-4.744
1990-06-01,1990-07-01,ME1 BM2,-5.0232
1990-06-01,1990-07-01,ME1 BM3,-3.4949
1990-06-01,1990-07-01,ME1 BM4,-3.0361
1990-06-01,1990-07-01,SMALL HiBM,-4.5499
1990-06-01,1990-07-01,ME2 BM1,-5.4578
1990-06-01,1990-07-01,ME2 BM2,-3.8577
1990-06-01,1990-07-01,ME2 BM3,-4.4573
1990-06-01,1990-07-01,ME2 BM4,-2.5719
1990-06-01,1990-07-01,ME2 BM5,-4.6045
1990-06-01,1990-07-01,ME3 BM1,-4.513
1990-06-01,1990-07-01,ME3 BM2,-1.4347
1990-06-01,1990-07-01,ME3 BM3,-3.2212
1990-06-01,1990-07-01,ME3 BM4,-4.8545
1990-06-01,1990-07-01,ME3 BM5,-4.2532
1990-06-01,1990-07-01,ME4 BM1,-2.3518
1990-06-01,1990-07-01,ME4 BM2,-0.8425
1990-06-01,1990-07-01,ME4 BM3,-4.2729
1990-06-01,1990-07-01,ME4 BM4,-2.2639
1990-06-01,1990-07-01,ME4 BM5,-2.8179
1990-06-01,1990-07-01,BIG LoBM,-0.8405
1990-06-01,1990-07-01,ME5 BM2,-1.4978
1990-06-01,1990-07-01,ME5 BM3,2.1151
1990-06-01,1990-07-01,ME5 BM4,-1.4011
1990-06-01,1990-07-01,BIG HiBM,-2.0358
1990-07-01,1990-08-01,SMALL LoBM,-16.2887
1990-07-01,1990-08-01,ME1 BM2,-14.7542
1990-07-01,1990-08-01,ME1 BM3,-12.6509
1990-07-01,1990-08-01,ME1 BM4,-11.055
1990-07-01,1990-08-01,SMALL HiBM,-12.2331
1990-07-01,1990-08-01,ME2 BM1,-14.5432
1990-07-01,1990-08-01,ME2 BM2,-13.4333
1990-07-01,1990-08-01,ME2 BM3,-12.5463
1990-07-01,1990-08-01,ME2 BM4,-10.446
1990-07-01,1990-08-01,ME2 BM5,-11.1668
1990-07-01,1990-08-01,ME3 BM1,-13.8314
1990-07-01,1990-08-01,ME3 BM2,-13.398
1990-07-01,1990-08-01,ME3 BM3,-10.8023
1990-07-01,1990-08-01,ME3 BM4,-8.9066
1990-07-01,1990-08-01,ME3 BM5,-9.8377
1990-07-01,1990-08-01,ME4 BM1,-9.4743
1990-07-01,1990-08-01,ME4 BM2,-10.8971
1990-07-01,1990-08-01,ME4 BM3,-11.0439
1990-07-01,1990-08-01,ME4 BM4,-9.4744
1990-07-01,1990-08-01,ME4 BM5,-10.555
1990-07-01,1990-08-01,BIG LoBM,-8.6877
1990-07-01,1990-08-01,ME5 BM2,-10.1201
1990-07-01,1990-08-01,ME5 BM3,-6.6029
1990-07-01,1990-08-01,ME5 BM4,-9.5419
1990-07-01,1990-08-01,BIG HiBM,-10.5943
1990-08-01,1990-09-01,SMALL LoBM,-10.5087
1990-08-01,1990-09-01,ME1 BM2,-9.2336
1990-08-01,1990-09-01,ME1 BM3,-8.1034
1990-08-01,1990-09-01,ME1 BM4,-6.9004
1990-08-01,1990-09-01,SMALL HiBM,-8.6792
1990-08-01,1990-09-01,ME2 BM1,-9.8345
1990-08-01,1990-09-01,ME2 BM2,-9.0022
1990-08-01,1990-09-01,ME2 BM3,-8.7623
1990-08-01,1990-09-01,ME2 BM4,-6.9499
1990-08-01,1990-09-01,ME2 BM5,-8.5706
1990-08-01,1990-09-01,ME3 BM1,-9.4358
1990-08-01,1990-09-01,ME3 BM2,-7.1756
1990-08-01,1990-09-01,ME3 BM3,-6.7005
1990-08-01,1990-09-01,ME3 BM4,-8.1735
1990-08-01,1990-09-01,ME3 BM5,-8.18
1990-08-01,1990-09-01,ME4 BM1,-5.8495
1990-08-01,1990-09-01,ME4 BM2,-6.2793
1990-08-01,1990-09-01,ME4 BM3,-9.7384
1990-08-01,1990-09-01,ME4 BM4,-6.5355
1990-08-01,1990-09-01,ME4 BM5,-7.9525
1990-08-01,1990-09-01,BIG LoBM,-5.2159
1990-08-01,1990-09-01,ME5 BM2,-5.252
1990-08-01,1990-09-01,ME5 BM3,-1.515
1990-08-01,1990-09-01,ME5 BM4,-6.6357
1990-08-01,1990-09-01,BIG HiBM,-7.4339
1990-09-01,1990-10-01,SMALL LoBM,-6.6088
1990-09-01,1990-10-01,ME1 BM2,-6.65
1990-09-01,1990-10-01,ME1 BM3,-6.3207
1990-09-01,1990-10-01,ME1 BM4,-5.5214
1990-09-01,1990-10-01,SMALL HiBM,-7.2871
1990-09-01,1990-10-01,ME2 BM1,-6.3134
1990-09-01,1990-10-01,ME2 BM2,-5.2704
1990-09-01,1990-10-01,ME2 BM3,-4.3569
1990-09-01,1990-10-01,ME2 BM4,-4.1345
1990-09-01,1990-10-01,ME2 BM5,-7.5258
1990-09-01,1990-10-01,ME3 BM1,-5.0715
1990-09-01,1990-10-01,ME3 BM2,-4.9835
1990-09-01,1990-10-01,ME3 BM3,-4.1651
1990-09-01,1990-10-01,ME3 BM4,-2.5149
1990-09-01,1990-10-01,ME3 BM5,-4.8608
1990-09-01,1990-10-01,ME4 BM1,-0.6855
1990-09-01,1990-10-01,ME4 BM2,-3.3469
1990-09-01,1990-10-01,ME4 BM3,-7.3204
1990-09-01,1990-10-01,ME4 BM4,-1.2545
1990-09-01,1990-10-01,ME4 BM5,-2.3798
1990-09-01,1990-10-01,BIG LoBM,1.5293
1990-09-01,1990-10-01,ME5 BM2,-1.631
1990-09-01,1990-10-01,ME5 BM3,-0.972
1990-09-01,1990-10-01,ME5 BM4,0.432
1990-09-01,1990-10-01,BIG HiBM,0.9095
1990-10-01,1990-11-01,SMALL LoBM,3.5051
1990-10-01,1990-11-01,ME1 BM2,5.7029
1990-10-01,1990-11-01,ME1 BM3,4.0641
1990-10-01,1990-11-01,ME1 BM4,2.939
1990-10-01,1990-11-01,SMALL HiBM,1.6237
1990-10-01,1990-11-01,ME2 BM1,11.8491
1990-10-01,1990-11-01,ME2 BM2,6.1617
1990-10-01,1990-11-01,ME2 BM3,6.9913
1990-10-01,1990-11-01,ME2 BM4,6.9106
1990-10-01,1990-11-01,ME2 BM5,4.2688
1990-10-01,1990-11-01,ME3 BM1,10.9549
1990-10-01,1990-11-01,ME3 BM2,9.2039
1990-10-01,1990-11-01,ME3 BM3,7.7201
1990-10-01,1990-11-01,ME3 BM4,7.7843
1990-10-01,1990-11-01,ME3 BM5,7.0843
1990-10-01,1990-11-01,ME4 BM1,9.1257
1990-10-01,1990-11-01,ME4 BM2,7.8959
1990-10-01,1990-11-01,ME4 BM3,11.2655
1990-10-01,1990-11-01,ME4 BM4,9.1462
1990-10-01,1990-11-01,ME4 BM5,5.9001
1990-10-01,1990-11-01,BIG LoBM,6.4113
1990-10-01,1990-11-01,ME5 BM2,7.7426
1990-10-01,1990-11-01,ME5 BM3,5.9444
1990-10-01,1990-11-01,ME5 BM4,6.2304
1990-10-01,1990-11-01,BIG HiBM,4.3625
1990-11-01,1990-12-01,SMALL LoBM,0.3483
1990-11-01,1990-12-01,ME1 BM2,-0.1947
1990-11-01,1990-12-01,ME1 BM3,0.0694
1990-11-01,1990-12-01,ME1 BM4,2.2842
1990-11-01,1990-12-01,SMALL HiBM,0.3384
1990-11-01,1990-12-01,ME2 BM1,4.2667
1990-11-01,1990-12-01,ME2 BM2,5.8604
1990-11-01,1990-12-01,ME2 BM3,4.3178
1990-11-01,1990-12-01,ME2 BM4,4.0177
1990-11-01,1990-12-01,ME2 BM5,3.8772
1990-11-01,1990-12-01,ME3 BM1,6.7485
1990-11-01,1990-12-01,ME3 BM2,4.3869
1990-11-01,1990-12-01,ME3 BM3,3.6469
1990-11-01,1990-12-01,ME3 BM4,3.8469
1990-11-01,1990-12-01,ME3 BM5,3.301
1990-11-01,1990-12-01,ME4 BM1,3.9669
1990-11-01,1990-12-01,ME4 BM2,3.866
1990-11-01,1990-12-01,ME4 BM3,4.8848
1990-11-01,1990-12-01,ME4 BM4,4.417
1990-11-01,1990-12-01,ME4 BM5,3.3653
1990-11-01,1990-12-01,BIG LoBM,3.3358
1990-11-01,1990-12-01,ME5 BM2,3.7003
1990-11-01,1990-12-01,ME5 BM3,1.6735
1990-11-01,1990-12-01,ME5 BM4,2.3972
1990-11-01,1990-12-01,BIG HiBM,0.8096
1990-12-01,1991-01-01,SMALL LoBM,7.8057
1990-12-01,1991-01-01,ME1 BM2,7.1576
1990-12-01,1991-01-01,ME1 BM3,10.7585
1990-12-01,1991-01-01,ME1 BM4,8.8886
1990-12-01,1991-01-01,SMALL HiBM,11.1865
1990-12-01,1991-01-01,ME2 BM1,10.0161
1990-12-01,1991-01-01,ME2 BM2,6.6071
1990-12-01,1991-01-01,ME2 BM3,7.2899
1990-12-01,1991-01-01,ME2 BM4,6.3987
1990-12-01,1991-01-01,ME2 BM5,8.938
1990-12-01,1991-01-01,ME3 BM1,9.2578
1990-12-01,1991-01-01,ME3 BM2,9.1605
1990-12-01,1991-01-01,ME3 BM3,7.0495
1990-12-01,1991-01-01,ME3 BM4,7.9457
1990-12-01,1991-01-01,ME3 BM5,3.6878
1990-12-01,1991-01-01,ME4 BM1,8.401
1990-12-01,1991-01-01,ME4 BM2,4.0079
1990-12-01,1991-01-01,ME4 BM3,7.8052
1990-12-01,1991-01-01,ME4 BM4,4.3646
1990-12-01,1991-01-01,ME4 BM5,5.4534
1990-12-01,1991-01-01,BIG LoBM,5.1921
1990-12-01,1991-01-01,ME5 BM2,5.8633
1990-12-01,1991-01-01,ME5 BM3,1.9126
1990-12-01,1991-01-01,ME5 BM4,6.0378
1990-12-01,1991-01-01,BIG HiBM,3.9829
1991-01-01,1991-02-01,SMALL LoBM,14.4542
1991-01-01,1991-02-01,ME1 BM2,12.0217
1991-01-01,1991-02-01,ME1 BM3,13.7227
1991-01-01,1991-02-01,ME1 BM4,12.2548
1991-01-01,1991-02-01,SMALL HiBM,11.6923
1991-01-01,1991-02-01,ME2 BM1,11.9072
1991-01-01,1991-02-01,ME2 BM2,10.2468
1991-01-01,1991-02-01,ME2 BM3,10.0669
1991-01-01,1991-02-01,ME2 BM4,8.3063
1991-01-01,1991-02-01,ME2 BM5,13.9236
1991-01-01,1991-02-01,ME3 BM1,9.4827
1991-01-01,1991-02-01,ME3 BM2,10.6321
1991-01-01,1991-02-01,ME3 BM3,8.5083
1991-01-01,1991-02-01,ME3 BM4,8.3987
1991-01-01,1991-02-01,ME3 BM5,8.5387
1991-01-01,1991-02-01,ME4 BM1,8.6841
1991-01-01,1991-02-01,ME4 BM2,9.3691
1991-01-01,1991-02-01,ME4 BM3,8.7872
1991-01-01,1991-02-01,ME4 BM4,7.4544
1991-01-01,1991-02-01,ME4 BM5,6.6159
1991-01-01,1991-02-01,BIG LoBM,8.2108
1991-01-01,1991-02-01,ME5 BM2,6.8529
1991-01-01,1991-02-01,ME5 BM3,5.1308
1991-01-01,1991-02-01,ME5 BM4,6.0836
1991-01-01,1991-02-01,BIG HiBM,7.9712
1991-02-01,1991-03-01,SMALL LoBM,10.31
1991-02-01,1991-03-01,ME1 BM2,8.6407
1991-02-01,1991-03-01,ME1 BM3,7.9126
1991-02-01,1991-03-01,ME1 BM4,6.6892
1991-02-01,1991-03-01,SMALL HiBM,7.7665
1991-02-01,1991-03-01,ME2 BM1,7.687
1991-02-01,1991-03-01,ME2 BM2,5.2332
1991-02-01,1991-03-01,ME2 BM3,5.836
1991-02-01,1991-03-01,ME2 BM4,6.1972
1991-02-01,1991-03-01,ME2 BM5,6.0611
1991-02-01,1991-03-01,ME3 BM1,7.7138
1991-02-01,1991-03-01,ME3 BM2,2.8027
1991-02-01,1991-03-01,ME3 BM3,2.221
1991-02-01,1991-03-01,ME3 BM4,4.6938
1991-02-01,1991-03-01,ME3 BM5,6.0055
1991-02-01,1991-03-01,ME4 BM1,5.0691
1991-02-01,1991-03-01,ME4 BM2,4.0302
1991-02-01,1991-03-01,ME4 BM3,3.3706
1991-02-01,1991-03-01,ME4 BM4,3.6764
1991-02-01,1991-03-01,ME4 BM5,2.9516
1991-02-01,1991-03-01,BIG LoBM,4.5463
1991-02-01,1991-03-01,ME5 BM2,1.8986
1991-02-01,1991-03-01,ME5 BM3,0.3316
1991-02-01,1991-03-01,ME5 BM4,1.7511
1991-02-01,1991-03-01,BIG HiBM,1.1991
1991-03-01,1991-04-01,SMALL LoBM,0.9448
1991-03-01,1991-04-01,ME1 BM2,1.1322
1991-03-01,1991-04-01,ME1 BM3,1.1807
1991-03-01,1991-04-01,ME1 BM4,0.6363
1991-03-01,1991-04-01,SMALL HiBM,0.5057
1991-03-01,1991-04-01,ME2 BM1,-1.5741
1991-03-01,1991-04-01,ME2 BM2,0.891
1991-03-01,1991-04-01,ME2 BM3,0.7901
1991-03-01,1991-04-01,ME2 BM4,1.8309
1991-03-01,1991-04-01,ME2 BM5,1.8442
1991-03-01,1991-04-01,ME3 BM1,-2.7533
1991-03-01,1991-04-01,ME3 BM2,-0.6682
1991-03-01,1991-04-01,ME3 BM3,2.9513
1991-03-01,1991-04-01,ME3 BM4,2.4705
1991-03-01,1991-04-01,ME3 BM5,1.3928
1991-03-01,1991-04-01,ME4 BM1,-0.9926
1991-03-01,1991-04-01,ME4 BM2,0.5598
1991-03-01,1991-04-01,ME4 BM3,3.2814
1991-03-01,1991-04-01,ME4 BM4,1.6899
1991-03-01,1991-04-01,ME4 BM5,-0.503
1991-03-01,1991-04-01,BIG LoBM,0.0224
1991-03-01,1991-04-01,ME5 BM2,-0.0013
1991-03-01,1991-04-01,ME5 BM3,0.0539
1991-03-01,1991-04-01,ME5 BM4,1.6328
1991-03-01,1991-04-01,BIG HiBM,-0.1752
1991-04-01,1991-05-01,SMALL LoBM,2.7906
1991-04-01,1991-05-01,ME1 BM2,3.7681
1991-04-01,1991-05-01,ME1 BM3,4.7025
1991-04-01,1991-05-01,ME1 BM4,3.3565
1991-04-01,1991-05-01,SMALL HiBM,3.6783
1991-04-01,1991-05-01,ME2 BM1,5.4506
1991-04-01,1991-05-01,ME2 BM2,2.8178
1991-04-01,1991-05-01,ME2 BM3,5.8653
1991-04-01,1991-05-01,ME2 BM4,3.3293
1991-04-01,1991-05-01,ME2 BM5,3.3963
1991-04-01,1991-05-01,ME3 BM1,3.662
1991-04-01,1991-05-01,ME3 BM2,6.6735
1991-04-01,1991-05-01,ME3 BM3,4.8303
1991-04-01,1991-05-01,ME3 BM4,4.4189
1991-04-01,1991-05-01,ME3 BM5,0.2327
1991-04-01,1991-05-01,ME4 BM1,6.5656
1991-04-01,1991-05-01,ME4 BM2,3.093
1991-04-01,1991-05-01,ME4 BM3,5.8425
1991-04-01,1991-05-01,ME4 BM4,4.6354
1991-04-01,1991-05-01,ME4 BM5,5.1447
1991-04-01,1991-05-01,BIG LoBM,3.9851
1991-04-01,1991-05-01,ME5 BM2,5.3044
1991-04-01,1991-05-01,ME5 BM3,1.6741
1991-04-01,1991-05-01,ME5 BM4,4.2921
1991-04-01,1991-05-01,BIG HiBM,6.9352
1991-05-01,1991-06-01,SMALL LoBM,-7.0325
1991-05-01,1991-06-01,ME1 BM2,-3.7166
1991-05-01,1991-06-01,ME1 BM3,-4.0787
1991-05-01,1991-06-01,ME1 BM4,-3.993
1991-05-01,1991-06-01,SMALL HiBM,-3.7856
1991-05-01,1991-06-01,ME2 BM1,-5.2412
1991-05-01,1991-06-01,ME2 BM2,-4.9026
1991-05-01,1991-06-01,ME2 BM3,-3.0775
1991-05-01,1991-06-01,ME2 BM4,-2.896
1991-05-01,1991-06-01,ME2 BM5,-5.7986
1991-05-01,1991-06-01,ME3 BM1,-4.7483
1991-05-01,1991-06-01,ME3 BM2,-4.5536
1991-05-01,1991-06-01,ME3 BM3,-3.5446
1991-05-01,1991-06-01,ME3 BM4,-2.1288
1991-05-01,1991-06-01,ME3 BM5,-4.6015
1991-05-01,1991-06-01,ME4 BM1,-5.2851
1991-05-01,1991-06-01,ME4 BM2,-4.2499
1991-05-01,1991-06-01,ME4 BM3,-5.8854
1991-05-01,1991-06-01,ME4 BM4,-3.4027
1991-05-01,1991-06-01,ME4 BM5,-3.7764
1991-05-01,1991-06-01,BIG LoBM,-4.4108
1991-05-01,1991-06-01,ME5 BM2,-5.6538
1991-05-01,1991-06-01,ME5 BM3,-3.657
1991-05-01,1991-06-01,ME5 BM4,-5.1337
1991-05-01,1991-06-01,BIG HiBM,-3.9656
1991-06-01,1991-07-01,SMALL LoBM,2.8254
1991-06-01,1991-07-01,ME1 BM2,3.9835
1991-06-01,1991-07-01,ME1 BM3,2.3152
1991-06-01,1991-07-01,ME1 BM4,3.3888
1991-06-01,1991-07-01,SMALL HiBM,2.4734
1991-06-01,1991-07-01,ME2 BM1,4.147
1991-06-01,1991-07-01,ME2 BM2,3.5989
1991-06-01,1991-07-01,ME2 BM3,2.9707
1991-06-01,1991-07-01,ME2 BM4,3.9178
1991-06-01,1991-07-01,ME2 BM5,2.0584
1991-06-01,1991-07-01,ME3 BM1,6.1781
1991-06-01,1991-07-01,ME3 BM2,4.0888
1991-06-01,1991-07-01,ME3 BM3,3.6808
1991-06-01,1991-07-01,ME3 BM4,2.6795
1991-06-01,1991-07-01,ME3 BM5,7.3737
1991-06-01,1991-07-01,ME4 BM1,5.973
1991-06-01,1991-07-01,ME4 BM2,3.7002
1991-06-01,1991-07-01,ME4 BM3,2.9366
1991-06-01,1991-07-01,ME4 BM4,4.2601
1991-06-01,1991-07-01,ME4 BM5,7.3379
1991-06-01,1991-07-01,BIG LoBM,6.2278
1991-06-01,1991-07-01,ME5 BM2,3.2834
1991-06-01,1991-07-01,ME5 BM3,4.8694
1991-06-01,1991-07-01,ME5 BM4,4.6764
1991-06-01,1991-07-01,BIG HiBM,0.8156
1991-07-01,1991-08-01,SMALL LoBM,3.7308
1991-07-01,1991-08-01,ME1 BM2,4.8966
1991-07-01,1991-08-01,ME1 BM3,3.373
1991-07-01,1991-08-01,ME1 BM4,0.8023
1991-07-01,1991-08-01,SMALL HiBM,2.7947
1991-07-01,1991-08-01,ME2 BM1,3.9935
1991-07-01,1991-08-01,ME2 BM2,3.44
1991-07-01,1991-08-01,ME2 BM3,3.6917
1991-07-01,1991-08-01,ME2 BM4,3.2984
1991-07-01,1991-08-01,ME2 BM5,3.7402
1991-07-01,1991-08-01,ME3 BM1,5.5215
1991-07-01,1991-08-01,ME3 BM2,4.1826
1991-07-01,1991-08-01,ME3 BM3,2.5662
1991-07-01,1991-08-01,ME3 BM4,4.109
1991-07-01,1991-08-01,ME3 BM5,6.2111
1991-07-01,1991-08-01,ME4 BM1,1.5777
1991-07-01,1991-08-01,ME4 BM2,1.9912
1991-07-01,1991-08-01,ME4 BM3,3.253
1991-07-01,1991-08-01,ME4 BM4,2.6905
1991-07-01,1991-08-01,ME4 BM5,3.1127
1991-07-01,1991-08-01,BIG LoBM,4.3134
1991-07-01,1991-08-01,ME5 BM2,0.6985
1991-07-01,1991-08-01,ME5 BM3,2.6552
1991-07-01,1991-08-01,ME5 BM4,1.4422
1991-07-01,1991-08-01,BIG HiBM,1.7597
1991-08-01,1991-09-01,SMALL LoBM,4.429
1991-08-01,1991-09-01,ME1 BM2,2.5734
1991-08-01,1991-09-01,ME1 BM3,0.2002
1991-08-01,1991-09-01,ME1 BM4,0.2863
1991-08-01,1991-09-01,SMALL HiBM,-1.5098
1991-08-01,1991-09-01,ME2 BM1,0.5632
1991-08-01,1991-09-01,ME2 BM2,0.817
1991-08-01,1991-09-01,ME2 BM3,1.9587
1991-08-01,1991-09-01,ME2 BM4,0.9642
1991-08-01,1991-09-01,ME2 BM5,-1.6265
1991-08-01,1991-09-01,ME3 BM1,0.1174
1991-08-01,1991-09-01,ME3 BM2,-0.4497
1991-08-01,1991-09-01,ME3 BM3,-0.767
1991-08-01,1991-09-01,ME3 BM4,0.7386
1991-08-01,1991-09-01,ME3 BM5,-3.7204
1991-08-01,1991-09-01,ME4 BM1,-0.3266
1991-08-01,1991-09-01,ME4 BM2,-1.7414
1991-08-01,1991-09-01,ME4 BM3,-0.8519
1991-08-01,1991-09-01,ME4 BM4,-0.0298
1991-08-01,1991-09-01,ME4 BM5,-1.2317
1991-08-01,1991-09-01,BIG LoBM,-2.2206
1991-08-01,1991-09-01,ME5 BM2,-1.0818
1991-08-01,1991-09-01,ME5 BM3,-0.9837
1991-08-01,1991-09-01,ME5 BM4,0.5243
1991-08-01,1991-09-01,BIG HiBM,-3.8306
1991-09-01,1991-10-01,SMALL LoBM,6.5752
1991-09-01,1991-10-01,ME1 BM2,4.1495
1991-09-01,1991-10-01,ME1 BM3,1.8624
1991-09-01,1991-10-01,ME1 BM4,3.8383
1991-09-01,1991-10-01,SMALL HiBM,1.2713
1991-09-01,1991-10-01,ME2 BM1,2.3274
1991-09-01,1991-10-01,ME2 BM2,1.4029
1991-09-01,1991-10-01,ME2 BM3,3.4099
1991-09-01,1991-10-01,ME2 BM4,0.5585
1991-09-01,1991-10-01,ME2 BM5,1.3106
1991-09-01,1991-10-01,ME3 BM1,2.7666
1991-09-01,1991-10-01,ME3 BM2,1.0275
1991-09-01,1991-10-01,ME3 BM3,1.6324
1991-09-01,1991-10-01,ME3 BM4,2.9463
1991-09-01,1991-10-01,ME3 BM5,3.6073
1991-09-01,1991-10-01,ME4 BM1,2.5246
1991-09-01,1991-10-01,ME4 BM2,0.6612
1991-09-01,1991-10-01,ME4 BM3,1.2885
1991-09-01,1991-10-01,ME4 BM4,2.3167
1991-09-01,1991-10-01,ME4 BM5,2.8539
1991-09-01,1991-10-01,BIG LoBM,1.5326
1991-09-01,1991-10-01,ME5 BM2,0.9423
1991-09-01,1991-10-01,ME5 BM3,1.9451
1991-09-01,1991-10-01,ME5 BM4,3.2662
1991-09-01,1991-10-01,BIG HiBM,0.5042
1991-10-01,1991-11-01,SMALL LoBM,-1.862
1991-10-01,1991-11-01,ME1 BM2,-3.2117
1991-10-01,1991-11-01,ME1 BM3,-4.1558
1991-10-01,1991-11-01,ME1 BM4,-3.2872
1991-10-01,1991-11-01,SMALL HiBM,-2.5995
1991-10-01,1991-11-01,ME2 BM1,-4.7841
1991-10-01,1991-11-01,ME2 BM2,-6.533
1991-10-01,1991-11-01,ME2 BM3,-2.8905
1991-10-01,1991-11-01,ME2 BM4,-5.1594
1991-10-01,1991-11-01,ME2 BM5,-6.8733
1991-10-01,1991-11-01,ME3 BM1,-3.6135
1991-10-01,1991-11-01,ME3 BM2,-4.8361
1991-10-01,1991-11-01,ME3 BM3,-3.9739
1991-10-01,1991-11-01,ME3 BM4,-5.0869
1991-10-01,1991-11-01,ME3 BM5,-5.7616
1991-10-01,1991-11-01,ME4 BM1,-2.3044
1991-10-01,1991-11-01,ME4 BM2,-4.8734
1991-10-01,1991-11-01,ME4 BM3,-3.9613
1991-10-01,1991-11-01,ME4 BM4,-3.1107
1991-10-01,1991-11-01,ME4 BM5,-6.1249
1991-10-01,1991-11-01,BIG LoBM,-1.0874
1991-10-01,1991-11-01,ME5 BM2,-5.5812
1991-10-01,1991-11-01,ME5 BM3,-5.5566
1991-10-01,1991-11-01,ME5 BM4,-3.7402
1991-10-01,1991-11-01,BIG HiBM,-8.3335
1991-11-01,1991-12-01,SMALL LoBM,6.597
1991-11-01,1991-12-01,ME1 BM2,3.6013
1991-11-01,1991-12-01,ME1 BM3,5.3221
1991-11-01,1991-12-01,ME1 BM4,4.4472
1991-11-01,1991-12-01,SMALL HiBM,4.6512
1991-11-01,1991-12-01,ME2 BM1,11.4488
1991-11-01,1991-12-01,ME2 BM2,6.893
1991-11-01,1991-12-01,ME2 BM3,5.4201
1991-11-01,1991-12-01,ME2 BM4,5.7123
1991-11-01,1991-12-01,ME2 BM5,7.9763
1991-11-01,1991-12-01,ME3 BM1,14.5303
1991-11-01,1991-12-01,ME3 BM2,10.7565
1991-11-01,1991-12-01,ME3 BM3,7.6348
1991-11-01,1991-12-01,ME3 BM4,10.0206
1991-11-01,1991-12-01,ME3 BM5,11.1812
1991-11-01,1991-12-01,ME4 BM1,13.1353
1991-11-01,1991-12-01,ME4 BM2,8.7769
1991-11-01,1991-12-01,ME4 BM3,10.5845
1991-11-01,1991-12-01,ME4 BM4,8.5771
1991-11-01,1991-12-01,ME4 BM5,10.5556
1991-11-01,1991-12-01,BIG LoBM,15.2806
1991-11-01,1991-12-01,ME5 BM2,9.319
1991-11-01,1991-12-01,ME5 BM3,8.3699
1991-11-01,1991-12-01,ME5 BM4,6.9295
1991-11-01,1991-12-01,BIG HiBM,12.8873
1991-12-01,1992-01-01,SMALL LoBM,14.6152
1991-12-01,1992-01-01,ME1 BM2,15.7778
1991-12-01,1992-01-01,ME1 BM3,8.4346
1991-12-01,1992-01-01,ME1 BM4,13.1233
1991-12-01,1992-01-01,SMALL HiBM,16.4436
1991-12-01,1992-01-01,ME2 BM1,8.3609
1991-12-01,1992-01-01,ME2 BM2,4.6291
1991-12-01,1992-01-01,ME2 BM3,6.4057
1991-12-01,1992-01-01,ME2 BM4,7.563
1991-12-01,1992-01-01,ME2 BM5,9.6096
1991-12-01,1992-01-01,ME3 BM1,1.4375
1991-12-01,1992-01-01,ME3 BM2,4.8664
1991-12-01,1992-01-01,ME3 BM3,5.1179
1991-12-01,1992-01-01,ME3 BM4,5.4583
1991-12-01,1992-01-01,ME3 BM5,9.2936
1991-12-01,1992-01-01,ME4 BM1,-0.2445
1991-12-01,1992-01-01,ME4 BM2,2.0355
1991-12-01,1992-01-01,ME4 BM3,0.9462
1991-12-01,1992-01-01,ME4 BM4,0.6766
1991-12-01,1992-01-01,ME4 BM5,6.4133
1991-12-01,1992-01-01,BIG LoBM,-3.1649
1991-12-01,1992-01-01,ME5 BM2,-2.1749
1991-12-01,1992-01-01,ME5 BM3,-2.4602
1991-12-01,1992-01-01,ME5 BM4,0.0055
1991-12-01,1992-01-01,BIG HiBM,6.7472
1992-01-01,1992-02-01,SMALL LoBM,-0.1673
1992-01-01,1992-02-01,ME1 BM2,4.8854
1992-01-01,1992-02-01,ME1 BM3,3.5013
1992-01-01,1992-02-01,ME1 BM4,5.1405
1992-01-01,1992-02-01,SMALL HiBM,9.8197
1992-01-01,1992-02-01,ME2 BM1,0.201
1992-01-01,1992-02-01,ME2 BM2,2.424
1992-01-01,1992-02-01,ME2 BM3,1.6468
1992-01-01,1992-02-01,ME2 BM4,4.5002
1992-01-01,1992-02-01,ME2 BM5,6.5827
1992-01-01,1992-02-01,ME3 BM1,0.1846
1992-01-01,1992-02-01,ME3 BM2,2.6203
1992-01-01,1992-02-01,ME3 BM3,3.6045
1992-01-01,1992-02-01,ME3 BM4,2.9095
1992-01-01,1992-02-01,ME3 BM5,8.8406
1992-01-01,1992-02-01,ME4 BM1,-0.5662
1992-01-01,1992-02-01,ME4 BM2,2.9899
1992-01-01,1992-02-01,ME4 BM3,3.0985
1992-01-01,1992-02-01,ME4 BM4,2.1931
1992-01-01,1992-02-01,ME4 BM5,5.1887
1992-01-01,1992-02-01,BIG LoBM,0.219
1992-01-01,1992-02-01,ME5 BM2,-0.53
1992-01-01,1992-02-01,ME5 BM3,1.9293
1992-01-01,1992-02-01,ME5 BM4,4.2776
1992-01-01,1992-02-01,BIG HiBM,10.113
1992-02-01,1992-03-01,SMALL LoBM,-6.5173
1992-02-01,1992-03-01,ME1 BM2,-5.6816
1992-02-01,1992-03-01,ME1 BM3,-2.5284
1992-02-01,1992-03-01,ME1 BM4,-0.0759
1992-02-01,1992-03-01,SMALL HiBM,-1.0318
1992-02-01,1992-03-01,ME2 BM1,-7.8096
1992-02-01,1992-03-01,ME2 BM2,-2.5028
1992-02-01,1992-03-01,ME2 BM3,-1.6914
1992-02-01,1992-03-01,ME2 BM4,-0.5092
1992-02-01,1992-03-01,ME2 BM5,-1.0899
1992-02-01,1992-03-01,ME3 BM1,-5.0371
1992-02-01,1992-03-01,ME3 BM2,-2.2246
1992-02-01,1992-03-01,ME3 BM3,-0.4367
1992-02-01,1992-03-01,ME3 BM4,0.0646
1992-02-01,1992-03-01,ME3 BM5,-1.4159
1992-02-01,1992-03-01,ME4 BM1,-5.6904
1992-02-01,1992-03-01,ME4 BM2,-0.7501
1992-02-01,1992-03-01,ME4 BM3,-3.2421
1992-02-01,1992-03-01,ME4 BM4,-0.691
1992-02-01,1992-03-01,ME4 BM5,-2.0735
1992-02-01,1992-03-01,BIG LoBM,-2.9247
1992-02-01,1992-03-01,ME5 BM2,-1.6789
1992-02-01,1992-03-01,ME5 BM3,0.1304
1992-02-01,1992-03-01,ME5 BM4,-1.5142
1992-02-01,1992-03-01,BIG HiBM,0.7934
1992-03-01,1992-04-01,SMALL LoBM,-10.019
1992-03-01,1992-04-01,ME1 BM2,-3.8246
1992-03-01,1992-04-01,ME1 BM3,-4.9386
1992-03-01,1992-04-01,ME1 BM4,-4.6018
1992-03-01,1992-04-01,SMALL HiBM,-2.7764
1992-03-01,1992-04-01,ME2 BM1,-6.5099
1992-03-01,1992-04-01,ME2 BM2,-3.4255
1992-03-01,1992-04-01,ME2 BM3,-2.5885
1992-03-01,1992-04-01,ME2 BM4,-2.5509
1992-03-01,1992-04-01,ME2 BM5,0.5295
1992-03-01,1992-04-01,ME3 BM1,-5.1689
1992-03-01,1992-04-01,ME3 BM2,-1.5338
1992-03-01,1992-04-01,ME3 BM3,-1.1468
1992-03-01,1992-04-01,ME3 BM4,0.5039
1992-03-01,1992-04-01,ME3 BM5,2.5582
1992-03-01,1992-04-01,ME4 BM1,-1.9988
1992-03-01,1992-04-01,ME4 BM2,0.9842
1992-03-01,1992-04-01,ME4 BM3,2.238
1992-03-01,1992-04-01,ME4 BM4,2.8668
1992-03-01,1992-04-01,ME4 BM5,4.0872
1992-03-01,1992-04-01,BIG LoBM,-0.154
1992-03-01,1992-04-01,ME5 BM2,5.3015
1992-03-01,1992-04-01,ME5 BM3,5.4825
1992-03-01,1992-04-01,ME5 BM4,3.2809
1992-03-01,1992-04-01,BIG HiBM,7.4908
1992-04-01,1992-05-01,SMALL LoBM,-1.4895
1992-04-01,1992-05-01,ME1 BM2,-0.2773
1992-04-01,1992-05-01,ME1 BM3,0.2121
1992-04-01,1992-05-01,ME1 BM4,-1.3393
1992-04-01,1992-05-01,SMALL HiBM,1.6116
1992-04-01,1992-05-01,ME2 BM1,-0.185
1992-04-01,1992-05-01,ME2 BM2,0.2964
1992-04-01,1992-05-01,ME2 BM3,1.8657
1992-04-01,1992-05-01,ME2 BM4,0.7003
1992-04-01,1992-05-01,ME2 BM5,4.0301
1992-04-01,1992-05-01,ME3 BM1,-0.3736
1992-04-01,1992-05-01,ME3 BM2,-0.9256
1992-04-01,1992-05-01,ME3 BM3,1.8656
1992-04-01,1992-05-01,ME3 BM4,0.8393
1992-04-01,1992-05-01,ME3 BM5,2.5156
1992-04-01,1992-05-01,ME4 BM1,0.1799
1992-04-01,1992-05-01,ME4 BM2,1.3737
1992-04-01,1992-05-01,ME4 BM3,1.2849
1992-04-01,1992-05-01,ME4 BM4,0.653
1992-04-01,1992-05-01,ME4 BM5,-0.1736
1992-04-01,1992-05-01,BIG LoBM,1.2365
1992-04-01,1992-05-01,ME5 BM2,0.413
1992-04-01,1992-05-01,ME5 BM3,-0.0843
1992-04-01,1992-05-01,ME5 BM4,0.0866
1992-04-01,1992-05-01,BIG HiBM,-0.0015
1992-05-01,1992-06-01,SMALL LoBM,-8.9872
1992-05-01,1992-06-01,ME1 BM2,-5.2859
1992-05-01,1992-06-01,ME1 BM3,-5.1876
1992-05-01,1992-06-01,ME1 BM4,-4.8404
1992-05-01,1992-06-01,SMALL HiBM,-4.4549
1992-05-01,1992-06-01,ME2 BM1,-5.3545
1992-05-01,1992-06-01,ME2 BM2,-6.048
1992-05-01,1992-06-01,ME2 BM3,-2.5548
1992-05-01,1992-06-01,ME2 BM4,-3.3243
1992-05-01,1992-06-01,ME2 BM5,-0.8611
1992-05-01,1992-06-01,ME3 BM1,-4.6266
1992-05-01,1992-06-01,ME3 BM2,-3.9542
1992-05-01,1992-06-01,ME3 BM3,-2.5129
1992-05-01,1992-06-01,ME3 BM4,-1.3848
1992-05-01,1992-06-01,ME3 BM5,0.6266
1992-05-01,1992-06-01,ME4 BM1,-1.7715
1992-05-01,1992-06-01,ME4 BM2,-4.047
1992-05-01,1992-06-01,ME4 BM3,-1.9682
1992-05-01,1992-06-01,ME4 BM4,0.2738
1992-05-01,1992-06-01,ME4 BM5,-0.2195
1992-05-01,1992-06-01,BIG LoBM,-3.0457
1992-05-01,1992-06-01,ME5 BM2,0.0109
1992-05-01,1992-06-01,ME5 BM3,-2.2535
1992-05-01,1992-06-01,ME5 BM4,0.4128
1992-05-01,1992-06-01,BIG HiBM,0.7537
1992-06-01,1992-07-01,SMALL LoBM,0.7307
1992-06-01,1992-07-01,ME1 BM2,1.4122
1992-06-01,1992-07-01,ME1 BM3,1.5704
1992-06-01,1992-07-01,ME1 BM4,2.966
1992-06-01,1992-07-01,SMALL HiBM,2.784
1992-06-01,1992-07-01,ME2 BM1,2.7434
1992-06-01,1992-07-01,ME2 BM2,4.4085
1992-06-01,1992-07-01,ME2 BM3,3.0897
1992-06-01,1992-07-01,ME2 BM4,4.2553
1992-06-01,1992-07-01,ME2 BM5,2.7801
1992-06-01,1992-07-01,ME3 BM1,4.6122
1992-06-01,1992-07-01,ME3 BM2,4.7099
1992-06-01,1992-07-01,ME3 BM3,3.9094
1992-06-01,1992-07-01,ME3 BM4,5.22
1992-06-01,1992-07-01,ME3 BM5,4.2807
1992-06-01,1992-07-01,ME4 BM1,5.2039
1992-06-01,1992-07-01,ME4 BM2,4.0047
1992-06-01,1992-07-01,ME4 BM3,3.7097
1992-06-01,1992-07-01,ME4 BM4,4.2296
1992-06-01,1992-07-01,ME4 BM5,2.057
1992-06-01,1992-07-01,BIG LoBM,4.9198
1992-06-01,1992-07-01,ME5 BM2,3.5172
1992-06-01,1992-07-01,ME5 BM3,4.0144
1992-06-01,1992-07-01,ME5 BM4,4.7464
1992-06-01,1992-07-01,BIG HiBM,-0.2819
1992-07-01,1992-08-01,SMALL LoBM,-4.5544
1992-07-01,1992-08-01,ME1 BM2,-3.1567
1992-07-01,1992-08-01,ME1 BM3,-0.8878
1992-07-01,1992-08-01,ME1 BM4,-1.7266
1992-07-01,1992-08-01,SMALL HiBM,-3.4169
1992-07-01,1992-08-01,ME2 BM1,-3.9161
1992-07-01,1992-08-01,ME2 BM2,-3.3886
1992-07-01,1992-08-01,ME2 BM3,-0.797
1992-07-01,1992-08-01,ME2 BM4,-0.2073
1992-07-01,1992-08-01,ME2 BM5,-3.6401
1992-07-01,1992-08-01,ME3 BM1,-4.2061
1992-07-01,1992-08-01,ME3 BM2,-2.4857
1992-07-01,1992-08-01,ME3 BM3,-2.1342
1992-07-01,1992-08-01,ME3 BM4,-1.1573
1992-07-01,1992-08-01,ME3 BM5,-2.9319
1992-07-01,1992-08-01,ME4 BM1,-1.2634
1992-07-01,1992-08-01,ME4 BM2,-2.5954
1992-07-01,1992-08-01,ME4 BM3,-2.3159
1992-07-01,1992-08-01,ME4 BM4,-1.58
1992-07-01,1992-08-01,ME4 BM5,-4.4219
1992-07-01,1992-08-01,BIG LoBM,-0.5825
1992-07-01,1992-08-01,ME5 BM2,-3.0083
1992-07-01,1992-08-01,ME5 BM3,-1.2507
1992-07-01,1992-08-01,ME5 BM4,-3.175
1992-07-01,1992-08-01,BIG HiBM,-8.3802
1992-08-01,1992-09-01,SMALL LoBM,0.2962
1992-08-01,1992-09-01,ME1 BM2,1.5372
1992-08-01,1992-09-01,ME1 BM3,1.83
1992-08-01,1992-09-01,ME1 BM4,2.2765
1992-08-01,1992-09-01,SMALL HiBM,1.3107
1992-08-01,1992-09-01,ME2 BM1,1.5557
1992-08-01,1992-09-01,ME2 BM2,1.8221
1992-08-01,1992-09-01,ME2 BM3,4.2257
1992-08-01,1992-09-01,ME2 BM4,2.3461
1992-08-01,1992-09-01,ME2 BM5,1.8333
1992-08-01,1992-09-01,ME3 BM1,3.0697
1992-08-01,1992-09-01,ME3 BM2,2.6344
1992-08-01,1992-09-01,ME3 BM3,1.4937
1992-08-01,1992-09-01,ME3 BM4,0.5658
1992-08-01,1992-09-01,ME3 BM5,1.8407
1992-08-01,1992-09-01,ME4 BM1,0.9265
1992-08-01,1992-09-01,ME4 BM2,3.4423
1992-08-01,1992-09-01,ME4 BM3,1.9533
1992-08-01,1992-09-01,ME4 BM4,1.104
1992-08-01,1992-09-01,ME4 BM5,0.1628
1992-08-01,1992-09-01,BIG LoBM,0.7961
1992-08-01,1992-09-01,ME5 BM2,3.3326
1992-08-01,1992-09-01,ME5 BM3,0.5488
1992-08-01,1992-09-01,ME5 BM4,1.1058
1992-08-01,1992-09-01,BIG HiBM,0.1762
1992-09-01,1992-10-01,SMALL LoBM,2.5383
1992-09-01,1992-10-01,ME1 BM2,1.8944
1992-09-01,1992-10-01,ME1 BM3,2.5688
1992-09-01,1992-10-01,ME1 BM4,2.0581
1992-09-01,1992-10-01,SMALL HiBM,1.4988
1992-09-01,1992-10-01,ME2 BM1,4.9675
1992-09-01,1992-10-01,ME2 BM2,4.232
1992-09-01,1992-10-01,ME2 BM3,2.316
1992-09-01,1992-10-01,ME2 BM4,1.1994
1992-09-01,1992-10-01,ME2 BM5,3.2857
1992-09-01,1992-10-01,ME3 BM1,5.6471
1992-09-01,1992-10-01,ME3 BM2,4.0142
1992-09-01,1992-10-01,ME3 BM3,1.8302
1992-09-01,1992-10-01,ME3 BM4,2.4325
1992-09-01,1992-10-01,ME3 BM5,1.4696
1992-09-01,1992-10-01,ME4 BM1,4.7768
1992-09-01,1992-10-01,ME4 BM2,0.9736
1992-09-01,1992-10-01,ME4 BM3,1.1405
1992-09-01,1992-10-01,ME4 BM4,2.109
1992-09-01,1992-10-01,ME4 BM5,4.747
1992-09-01,1992-10-01,BIG LoBM,2.0576
1992-09-01,1992-10-01,ME5 BM2,1.4373
1992-09-01,1992-10-01,ME5 BM3,-2.5493
1992-09-01,1992-10-01,ME5 BM4,0.1828
1992-09-01,1992-10-01,BIG HiBM,0.0328
1992-10-01,1992-11-01,SMALL LoBM,10.6494
1992-10-01,1992-11-01,ME1 BM2,11.0948
1992-10-01,1992-11-01,ME1 BM3,8.2551
1992-10-01,1992-11-01,ME1 BM4,8.0868
1992-10-01,1992-11-01,SMALL HiBM,7.8462
1992-10-01,1992-11-01,ME2 BM1,9.2061
1992-10-01,1992-11-01,ME2 BM2,8.2522
1992-10-01,1992-11-01,ME2 BM3,6.3671
1992-10-01,1992-11-01,ME2 BM4,4.7711
1992-10-01,1992-11-01,ME2 BM5,7.0207
1992-10-01,1992-11-01,ME3 BM1,9.3925
1992-10-01,1992-11-01,ME3 BM2,6.5907
1992-10-01,1992-11-01,ME3 BM3,6.1603
1992-10-01,1992-11-01,ME3 BM4,5.0041
1992-10-01,1992-11-01,ME3 BM5,4.126
1992-10-01,1992-11-01,ME4 BM1,7.0465
1992-10-01,1992-11-01,ME4 BM2,4.8608
1992-10-01,1992-11-01,ME4 BM3,4.1267
1992-10-01,1992-11-01,ME4 BM4,2.9252
1992-10-01,1992-11-01,ME4 BM5,3.8265
1992-10-01,1992-11-01,BIG LoBM,3.6768
1992-10-01,1992-11-01,ME5 BM2,4.9988
1992-10-01,1992-11-01,ME5 BM3,1.0653
1992-10-01,1992-11-01,ME5 BM4,2.9428
1992-10-01,1992-11-01,BIG HiBM,8.3543
1992-11-01,1992-12-01,SMALL LoBM,1.63
1992-11-01,1992-12-01,ME1 BM2,3.1959
1992-11-01,1992-12-01,ME1 BM3,5.0501
1992-11-01,1992-12-01,ME1 BM4,4.4694
1992-11-01,1992-12-01,SMALL HiBM,5.022
1992-11-01,1992-12-01,ME2 BM1,1.6088
1992-11-01,1992-12-01,ME2 BM2,2.5187
1992-11-01,1992-12-01,ME2 BM3,3.2855
1992-11-01,1992-12-01,ME2 BM4,6.3621
1992-11-01,1992-12-01,ME2 BM5,4.8926
1992-11-01,1992-12-01,ME3 BM1,3.7539
1992-11-01,1992-12-01,ME3 BM2,4.9656
1992-11-01,1992-12-01,ME3 BM3,2.8912
1992-11-01,1992-12-01,ME3 BM4,3.7981
1992-11-01,1992-12-01,ME3 BM5,5.0137
1992-11-01,1992-12-01,ME4 BM1,1.2262
1992-11-01,1992-12-01,ME4 BM2,2.671
1992-11-01,1992-12-01,ME4 BM3,3.6452
1992-11-01,1992-12-01,ME4 BM4,4.1335
1992-11-01,1992-12-01,ME4 BM5,4.5833
1992-11-01,1992-12-01,BIG LoBM,-0.7044
1992-11-01,1992-12-01,ME5 BM2,3.4563
1992-11-01,1992-12-01,ME5 BM3,1.0783
1992-11-01,1992-12-01,ME5 BM4,3.0
1992-11-01,1992-12-01,BIG HiBM,3.0076
1992-12-01,1993-01-01,SMALL LoBM,2.8961
1992-12-01,1993-01-01,ME1 BM2,5.1035
1992-12-01,1993-01-01,ME1 BM3,4.3131
1992-12-01,1993-01-01,ME1 BM4,5.6017
1992-12-01,1993-01-01,SMALL HiBM,7.9548
1992-12-01,1993-01-01,ME2 BM1,-0.6437
1992-12-01,1993-01-01,ME2 BM2,3.0377
1992-12-01,1993-01-01,ME2 BM3,4.4064
1992-12-01,1993-01-01,ME2 BM4,4.5692
1992-12-01,1993-01-01,ME2 BM5,8.1658
1992-12-01,1993-01-01,ME3 BM1,-2.4126
1992-12-01,1993-01-01,ME3 BM2,4.2971
1992-12-01,1993-01-01,ME3 BM3,3.9783
1992-12-01,1993-01-01,ME3 BM4,3.4117
1992-12-01,1993-01-01,ME3 BM5,3.6656
1992-12-01,1993-01-01,ME4 BM1,1.1725
1992-12-01,1993-01-01,ME4 BM2,1.7824
1992-12-01,1993-01-01,ME4 BM3,3.0735
1992-12-01,1993-01-01,ME4 BM4,2.6367
1992-12-01,1993-01-01,ME4 BM5,4.6934
1992-12-01,1993-01-01,BIG LoBM,-2.4217
1992-12-01,1993-01-01,ME5 BM2,1.1224
1992-12-01,1993-01-01,ME5 BM3,0.8972
1992-12-01,1993-01-01,ME5 BM4,3.3609
1992-12-01,1993-01-01,BIG HiBM,8.9824
1993-01-01,1993-02-01,SMALL LoBM,-7.4897
1993-01-01,1993-02-01,ME1 BM2,-5.2289
1993-01-01,1993-02-01,ME1 BM3,-2.0913
1993-01-01,1993-02-01,ME1 BM4,-0.8218
1993-01-01,1993-02-01,SMALL HiBM,0.7861
1993-01-01,1993-02-01,ME2 BM1,-8.1521
1993-01-01,1993-02-01,ME2 BM2,-4.3087
1993-01-01,1993-02-01,ME2 BM3,-0.579
1993-01-01,1993-02-01,ME2 BM4,2.6372
1993-01-01,1993-02-01,ME2 BM5,1.6493
1993-01-01,1993-02-01,ME3 BM1,-7.8607
1993-01-01,1993-02-01,ME3 BM2,0.0149
1993-01-01,1993-02-01,ME3 BM3,1.2312
1993-01-01,1993-02-01,ME3 BM4,0.6963
1993-01-01,1993-02-01,ME3 BM5,3.0075
1993-01-01,1993-02-01,ME4 BM1,-5.078
1993-01-01,1993-02-01,ME4 BM2,1.4612
1993-01-01,1993-02-01,ME4 BM3,1.5923
1993-01-01,1993-02-01,ME4 BM4,3.1469
1993-01-01,1993-02-01,ME4 BM5,1.8688
1993-01-01,1993-02-01,BIG LoBM,-3.0749
1993-01-01,1993-02-01,ME5 BM2,2.1066
1993-01-01,1993-02-01,ME5 BM3,5.0582
1993-01-01,1993-02-01,ME5 BM4,4.6791
1993-01-01,1993-02-01,BIG HiBM,2.1197
1993-02-01,1993-03-01,SMALL LoBM,1.0175
1993-02-01,1993-03-01,ME1 BM2,1.7524
1993-02-01,1993-03-01,ME1 BM3,3.151
1993-02-01,1993-03-01,ME1 BM4,2.5465
1993-02-01,1993-03-01,SMALL HiBM,4.9945
1993-02-01,1993-03-01,ME2 BM1,0.6452
1993-02-01,1993-03-01,ME2 BM2,2.6206
1993-02-01,1993-03-01,ME2 BM3,4.193
1993-02-01,1993-03-01,ME2 BM4,2.4847
1993-02-01,1993-03-01,ME2 BM5,4.0651
1993-02-01,1993-03-01,ME3 BM1,4.9378
1993-02-01,1993-03-01,ME3 BM2,3.1568
1993-02-01,1993-03-01,ME3 BM3,3.2351
1993-02-01,1993-03-01,ME3 BM4,3.6273
1993-02-01,1993-03-01,ME3 BM5,5.8088
1993-02-01,1993-03-01,ME4 BM1,2.5558
1993-02-01,1993-03-01,ME4 BM2,5.0139
1993-02-01,1993-03-01,ME4 BM3,4.3812
1993-02-01,1993-03-01,ME4 BM4,3.6598
1993-02-01,1993-03-01,ME4 BM5,1.8443
1993-02-01,1993-03-01,BIG LoBM,0.7033
1993-02-01,1993-03-01,ME5 BM2,3.5955
1993-02-01,1993-03-01,ME5 BM3,2.7976
1993-02-01,1993-03-01,ME5 BM4,1.3939
1993-02-01,1993-03-01,BIG HiBM,3.503
1993-03-01,1993-04-01,SMALL LoBM,-4.1364
1993-03-01,1993-04-01,ME1 BM2,-3.7081
1993-03-01,1993-04-01,ME1 BM3,-3.2312
1993-03-01,1993-04-01,ME1 BM4,-2.1084
1993-03-01,1993-04-01,SMALL HiBM,-1.2174
1993-03-01,1993-04-01,ME2 BM1,-2.9153
1993-03-01,1993-04-01,ME2 BM2,-3.1626
1993-03-01,1993-04-01,ME2 BM3,-1.9825
1993-03-01,1993-04-01,ME2 BM4,-2.3013
1993-03-01,1993-04-01,ME2 BM5,-4.0077
1993-03-01,1993-04-01,ME3 BM1,-4.9751
1993-03-01,1993-04-01,ME3 BM2,-2.244
1993-03-01,1993-04-01,ME3 BM3,-2.5086
1993-03-01,1993-04-01,ME3 BM4,-1.7062
1993-03-01,1993-04-01,ME3 BM5,-1.7197
1993-03-01,1993-04-01,ME4 BM1,-5.0092
1993-03-01,1993-04-01,ME4 BM2,-2.4847
1993-03-01,1993-04-01,ME4 BM3,-1.9225
1993-03-01,1993-04-01,ME4 BM4,-1.7794
1993-03-01,1993-04-01,ME4 BM5,-1.4016
1993-03-01,1993-04-01,BIG LoBM,-6.003
1993-03-01,1993-04-01,ME5 BM2,-2.1786
1993-03-01,1993-04-01,ME5 BM3,-0.2769
1993-03-01,1993-04-01,ME5 BM4,-1.4901
1993-03-01,1993-04-01,BIG HiBM,0.8501
1993-04-01,1993-05-01,SMALL LoBM,5.8706
1993-04-01,1993-05-01,ME1 BM2,4.4424
1993-04-01,1993-05-01,ME1 BM3,3.9022
1993-04-01,1993-05-01,ME1 BM4,2.9393
1993-04-01,1993-05-01,SMALL HiBM,4.5345
1993-04-01,1993-05-01,ME2 BM1,6.963
1993-04-01,1993-05-01,ME2 BM2,4.3192
1993-04-01,1993-05-01,ME2 BM3,3.451
1993-04-01,1993-05-01,ME2 BM4,1.9864
1993-04-01,1993-05-01,ME2 BM5,4.3785
1993-04-01,1993-05-01,ME3 BM1,7.9872
1993-04-01,1993-05-01,ME3 BM2,5.8203
1993-04-01,1993-05-01,ME3 BM3,3.8702
1993-04-01,1993-05-01,ME3 BM4,2.2228
1993-04-01,1993-05-01,ME3 BM5,2.2347
1993-04-01,1993-05-01,ME4 BM1,6.811
1993-04-01,1993-05-01,ME4 BM2,3.8494
1993-04-01,1993-05-01,ME4 BM3,2.3395
1993-04-01,1993-05-01,ME4 BM4,1.1039
1993-04-01,1993-05-01,ME4 BM5,2.9602
1993-04-01,1993-05-01,BIG LoBM,3.1481
1993-04-01,1993-05-01,ME5 BM2,4.4805
1993-04-01,1993-05-01,ME5 BM3,1.6212
1993-04-01,1993-05-01,ME5 BM4,1.2471
1993-04-01,1993-05-01,BIG HiBM,-0.3731
1993-05-01,1993-06-01,SMALL LoBM,-1.4588
1993-05-01,1993-06-01,ME1 BM2,-0.2599
1993-05-01,1993-06-01,ME1 BM3,0.5189
1993-05-01,1993-06-01,ME1 BM4,-0.8256
1993-05-01,1993-06-01,SMALL HiBM,1.9068
1993-05-01,1993-06-01,ME2 BM1,-0.7154
1993-05-01,1993-06-01,ME2 BM2,0.7525
1993-05-01,1993-06-01,ME2 BM3,0.2805
1993-05-01,1993-06-01,ME2 BM4,0.6866
1993-05-01,1993-06-01,ME2 BM5,2.3964
1993-05-01,1993-06-01,ME3 BM1,-0.6566
1993-05-01,1993-06-01,ME3 BM2,0.2527
1993-05-01,1993-06-01,ME3 BM3,1.2154
1993-05-01,1993-06-01,ME3 BM4,2.6077
1993-05-01,1993-06-01,ME3 BM5,0.9614
1993-05-01,1993-06-01,ME4 BM1,0.7597
1993-05-01,1993-06-01,ME4 BM2,0.6141
1993-05-01,1993-06-01,ME4 BM3,1.9582
1993-05-01,1993-06-01,ME4 BM4,1.2359
1993-05-01,1993-06-01,ME4 BM5,3.8689
1993-05-01,1993-06-01,BIG LoBM,-2.4597
1993-05-01,1993-06-01,ME5 BM2,1.0699
1993-05-01,1993-06-01,ME5 BM3,1.0732
1993-05-01,1993-06-01,ME5 BM4,2.7614
1993-05-01,1993-06-01,BIG HiBM,4.7147
1993-06-01,1993-07-01,SMALL LoBM,-1.5013
1993-06-01,1993-07-01,ME1 BM2,-0.3534
1993-06-01,1993-07-01,ME1 BM3,1.0043
1993-06-01,1993-07-01,ME1 BM4,1.7241
1993-06-01,1993-07-01,SMALL HiBM,2.8918
1993-06-01,1993-07-01,ME2 BM1,0.2393
1993-06-01,1993-07-01,ME2 BM2,-0.2404
1993-06-01,1993-07-01,ME2 BM3,1.7534
1993-06-01,1993-07-01,ME2 BM4,1.8135
1993-06-01,1993-07-01,ME2 BM5,2.7439
1993-06-01,1993-07-01,ME3 BM1,-0.6897
1993-06-01,1993-07-01,ME3 BM2,0.0043
1993-06-01,1993-07-01,ME3 BM3,0.8978
1993-06-01,1993-07-01,ME3 BM4,2.6182
1993-06-01,1993-07-01,ME3 BM5,-0.4783
1993-06-01,1993-07-01,ME4 BM1,-3.2526
1993-06-01,1993-07-01,ME4 BM2,1.7044
1993-06-01,1993-07-01,ME4 BM3,1.1582
1993-06-01,1993-07-01,ME4 BM4,2.3379
1993-06-01,1993-07-01,ME4 BM5,1.3856
1993-06-01,1993-07-01,BIG LoBM,-3.1481
1993-06-01,1993-07-01,ME5 BM2,-0.1798
1993-06-01,1993-07-01,ME5 BM3,2.0331
1993-06-01,1993-07-01,ME5 BM4,1.563
1993-06-01,1993-07-01,BIG HiBM,-0.1321
1993-07-01,1993-08-01,SMALL LoBM,3.69
1993-07-01,1993-08-01,ME1 BM2,5.4045
1993-07-01,1993-08-01,ME1 BM3,3.5657
1993-07-01,1993-08-01,ME1 BM4,4.2158
1993-07-01,1993-08-01,SMALL HiBM,3.0829
1993-07-01,1993-08-01,ME2 BM1,3.3529
1993-07-01,1993-08-01,ME2 BM2,6.0206
1993-07-01,1993-08-01,ME2 BM3,4.9966
1993-07-01,1993-08-01,ME2 BM4,5.1592
1993-07-01,1993-08-01,ME2 BM5,3.4092
1993-07-01,1993-08-01,ME3 BM1,4.0541
1993-07-01,1993-08-01,ME3 BM2,4.9154
1993-07-01,1993-08-01,ME3 BM3,3.8229
1993-07-01,1993-08-01,ME3 BM4,3.2431
1993-07-01,1993-08-01,ME3 BM5,2.3413
1993-07-01,1993-08-01,ME4 BM1,6.0174
1993-07-01,1993-08-01,ME4 BM2,4.1395
1993-07-01,1993-08-01,ME4 BM3,4.5248
1993-07-01,1993-08-01,ME4 BM4,3.8232
1993-07-01,1993-08-01,ME4 BM5,5.0046
1993-07-01,1993-08-01,BIG LoBM,3.5413
1993-07-01,1993-08-01,ME5 BM2,2.6308
1993-07-01,1993-08-01,ME5 BM3,4.0657
1993-07-01,1993-08-01,ME5 BM4,4.1455
1993-07-01,1993-08-01,BIG HiBM,4.017
1993-08-01,1993-09-01,SMALL LoBM,2.3166
1993-08-01,1993-09-01,ME1 BM2,2.1835
1993-08-01,1993-09-01,ME1 BM3,3.2019
1993-08-01,1993-09-01,ME1 BM4,2.9272
1993-08-01,1993-09-01,SMALL HiBM,3.0529
1993-08-01,1993-09-01,ME2 BM1,3.6932
1993-08-01,1993-09-01,ME2 BM2,3.6296
1993-08-01,1993-09-01,ME2 BM3,2.6797
1993-08-01,1993-09-01,ME2 BM4,2.2549
1993-08-01,1993-09-01,ME2 BM5,2.4328
1993-08-01,1993-09-01,ME3 BM1,4.1171
1993-08-01,1993-09-01,ME3 BM2,1.0854
1993-08-01,1993-09-01,ME3 BM3,1.1661
1993-08-01,1993-09-01,ME3 BM4,1.2163
1993-08-01,1993-09-01,ME3 BM5,0.3364
1993-08-01,1993-09-01,ME4 BM1,0.6374
1993-08-01,1993-09-01,ME4 BM2,1.3501
1993-08-01,1993-09-01,ME4 BM3,0.8382
1993-08-01,1993-09-01,ME4 BM4,-0.9653
1993-08-01,1993-09-01,ME4 BM5,-0.8491
1993-08-01,1993-09-01,BIG LoBM,-1.3055
1993-08-01,1993-09-01,ME5 BM2,-1.6148
1993-08-01,1993-09-01,ME5 BM3,0.2194
1993-08-01,1993-09-01,ME5 BM4,1.4351
1993-08-01,1993-09-01,BIG HiBM,-0.4495
1993-09-01,1993-10-01,SMALL LoBM,5.4357
1993-09-01,1993-10-01,ME1 BM2,4.3121
1993-09-01,1993-10-01,ME1 BM3,4.7227
1993-09-01,1993-10-01,ME1 BM4,4.6769
1993-09-01,1993-10-01,SMALL HiBM,4.2507
1993-09-01,1993-10-01,ME2 BM1,3.9966
1993-09-01,1993-10-01,ME2 BM2,2.0403
1993-09-01,1993-10-01,ME2 BM3,1.6697
1993-09-01,1993-10-01,ME2 BM4,0.8216
1993-09-01,1993-10-01,ME2 BM5,0.6391
1993-09-01,1993-10-01,ME3 BM1,2.3762
1993-09-01,1993-10-01,ME3 BM2,-1.0497
1993-09-01,1993-10-01,ME3 BM3,0.2685
1993-09-01,1993-10-01,ME3 BM4,-0.1622
1993-09-01,1993-10-01,ME3 BM5,3.1162
1993-09-01,1993-10-01,ME4 BM1,3.3845
1993-09-01,1993-10-01,ME4 BM2,0.6957
1993-09-01,1993-10-01,ME4 BM3,0.1949
1993-09-01,1993-10-01,ME4 BM4,-0.681
1993-09-01,1993-10-01,ME4 BM5,-2.2274
1993-09-01,1993-10-01,BIG LoBM,4.719
1993-09-01,1993-10-01,ME5 BM2,1.3893
1993-09-01,1993-10-01,ME5 BM3,-0.744
1993-09-01,1993-10-01,ME5 BM4,-0.4909
1993-09-01,1993-10-01,BIG HiBM,-0.4869
1993-10-01,1993-11-01,SMALL LoBM,-3.9975
1993-10-01,1993-11-01,ME1 BM2,-3.0763
1993-10-01,1993-11-01,ME1 BM3,-1.8477
1993-10-01,1993-11-01,ME1 BM4,-2.1243
1993-10-01,1993-11-01,SMALL HiBM,-1.7173
1993-10-01,1993-11-01,ME2 BM1,-3.2105
1993-10-01,1993-11-01,ME2 BM2,-2.3387
1993-10-01,1993-11-01,ME2 BM3,-2.3673
1993-10-01,1993-11-01,ME2 BM4,-4.1451
1993-10-01,1993-11-01,ME2 BM5,-4.3574
1993-10-01,1993-11-01,ME3 BM1,-2.5438
1993-10-01,1993-11-01,ME3 BM2,-1.9417
1993-10-01,1993-11-01,ME3 BM3,-3.1973
1993-10-01,1993-11-01,ME3 BM4,-3.5452
1993-10-01,1993-11-01,ME3 BM5,-0.4362
1993-10-01,1993-11-01,ME4 BM1,-2.3487
1993-10-01,1993-11-01,ME4 BM2,-2.4718
1993-10-01,1993-11-01,ME4 BM3,-2.248
1993-10-01,1993-11-01,ME4 BM4,-2.5811
1993-10-01,1993-11-01,ME4 BM5,-4.987
1993-10-01,1993-11-01,BIG LoBM,1.8852
1993-10-01,1993-11-01,ME5 BM2,-1.9822
1993-10-01,1993-11-01,ME5 BM3,-2.1602
1993-10-01,1993-11-01,ME5 BM4,-3.9287
1993-10-01,1993-11-01,BIG HiBM,0.707
1993-11-01,1993-12-01,SMALL LoBM,0.818
1993-11-01,1993-12-01,ME1 BM2,0.3909
1993-11-01,1993-12-01,ME1 BM3,1.9232
1993-11-01,1993-12-01,ME1 BM4,1.2319
1993-11-01,1993-12-01,SMALL HiBM,1.0429
1993-11-01,1993-12-01,ME2 BM1,2.2317
1993-11-01,1993-12-01,ME2 BM2,4.4544
1993-11-01,1993-12-01,ME2 BM3,4.538
1993-11-01,1993-12-01,ME2 BM4,1.8034
1993-11-01,1993-12-01,ME2 BM5,3.8085
1993-11-01,1993-12-01,ME3 BM1,3.7118
1993-11-01,1993-12-01,ME3 BM2,6.2907
1993-11-01,1993-12-01,ME3 BM3,5.2086
1993-11-01,1993-12-01,ME3 BM4,5.0855
1993-11-01,1993-12-01,ME3 BM5,2.2353
1993-11-01,1993-12-01,ME4 BM1,4.2124
1993-11-01,1993-12-01,ME4 BM2,6.394
1993-11-01,1993-12-01,ME4 BM3,4.0523
1993-11-01,1993-12-01,ME4 BM4,2.8444
1993-11-01,1993-12-01,ME4 BM5,2.6347
1993-11-01,1993-12-01,BIG LoBM,0.2342
1993-11-01,1993-12-01,ME5 BM2,2.2266
1993-11-01,1993-12-01,ME5 BM3,0.8351
1993-11-01,1993-12-01,ME5 BM4,1.2346
1993-11-01,1993-12-01,BIG HiBM,1.7944
1993-12-01,1994-01-01,SMALL LoBM,2.607
1993-12-01,1994-01-01,ME1 BM2,6.3154
1993-12-01,1994-01-01,ME1 BM3,5.5552
1993-12-01,1994-01-01,ME1 BM4,4.7982
1993-12-01,1994-01-01,SMALL HiBM,5.8043
1993-12-01,1994-01-01,ME2 BM1,1.3069
1993-12-01,1994-01-01,ME2 BM2,1.8425
1993-12-01,1994-01-01,ME2 BM3,2.1841
1993-12-01,1994-01-01,ME2 BM4,2.6419
1993-12-01,1994-01-01,ME2 BM5,4.9746
1993-12-01,1994-01-01,ME3 BM1,1.7448
1993-12-01,1994-01-01,ME3 BM2,2.1527
1993-12-01,1994-01-01,ME3 BM3,1.3877
1993-12-01,1994-01-01,ME3 BM4,3.2224
1993-12-01,1994-01-01,ME3 BM5,6.1967
1993-12-01,1994-01-01,ME4 BM1,2.4014
1993-12-01,1994-01-01,ME4 BM2,3.2401
1993-12-01,1994-01-01,ME4 BM3,5.1023
1993-12-01,1994-01-01,ME4 BM4,3.1792
1993-12-01,1994-01-01,ME4 BM5,2.0139
1993-12-01,1994-01-01,BIG LoBM,1.6584
1993-12-01,1994-01-01,ME5 BM2,4.7973
1993-12-01,1994-01-01,ME5 BM3,4.1719
1993-12-01,1994-01-01,ME5 BM4,2.9785
1993-12-01,1994-01-01,BIG HiBM,2.7417
1994-01-01,1994-02-01,SMALL LoBM,-3.018
1994-01-01,1994-02-01,ME1 BM2,0.7361
1994-01-01,1994-02-01,ME1 BM3,0.5191
1994-01-01,1994-02-01,ME1 BM4,0.0405
1994-01-01,1994-02-01,SMALL HiBM,-0.1318
1994-01-01,1994-02-01,ME2 BM1,-0.6764
1994-01-01,1994-02-01,ME2 BM2,0.5305
1994-01-01,1994-02-01,ME2 BM3,-0.0126
1994-01-01,1994-02-01,ME2 BM4,-1.9337
1994-01-01,1994-02-01,ME2 BM5,-1.177
1994-01-01,1994-02-01,ME3 BM1,-0.6454
1994-01-01,1994-02-01,ME3 BM2,1.5471
1994-01-01,1994-02-01,ME3 BM3,0.6305
1994-01-01,1994-02-01,ME3 BM4,-1.2379
1994-01-01,1994-02-01,ME3 BM5,-1.2079
1994-01-01,1994-02-01,ME4 BM1,-1.4497
1994-01-01,1994-02-01,ME4 BM2,0.3034
1994-01-01,1994-02-01,ME4 BM3,-1.1945
1994-01-01,1994-02-01,ME4 BM4,-2.5922
1994-01-01,1994-02-01,ME4 BM5,-4.9971
1994-01-01,1994-02-01,BIG LoBM,-1.8142
1994-01-01,1994-02-01,ME5 BM2,-2.0506
1994-01-01,1994-02-01,ME5 BM3,-3.46
1994-01-01,1994-02-01,ME5 BM4,-5.3522
1994-01-01,1994-02-01,BIG HiBM,-4.9714
1994-02-01,1994-03-01,SMALL LoBM,-7.8223
1994-02-01,1994-03-01,ME1 BM2,-5.0397
1994-02-01,1994-03-01,ME1 BM3,-4.8156
1994-02-01,1994-03-01,ME1 BM4,-4.4727
1994-02-01,1994-03-01,SMALL HiBM,-2.8962
1994-02-01,1994-03-01,ME2 BM1,-6.9881
1994-02-01,1994-03-01,ME2 BM2,-5.5084
1994-02-01,1994-03-01,ME2 BM3,-5.2712
1994-02-01,1994-03-01,ME2 BM4,-4.1516
1994-02-01,1994-03-01,ME2 BM5,-5.2543
1994-02-01,1994-03-01,ME3 BM1,-5.7541
1994-02-01,1994-03-01,ME3 BM2,-4.8236
1994-02-01,1994-03-01,ME3 BM3,-4.4077
1994-02-01,1994-03-01,ME3 BM4,-4.2602
1994-02-01,1994-03-01,ME3 BM5,-5.0328
1994-02-01,1994-03-01,ME4 BM1,-6.0571
1994-02-01,1994-03-01,ME4 BM2,-5.0019
1994-02-01,1994-03-01,ME4 BM3,-5.0069
1994-02-01,1994-03-01,ME4 BM4,-2.9652
1994-02-01,1994-03-01,ME4 BM5,-0.892
1994-02-01,1994-03-01,BIG LoBM,-4.8018
1994-02-01,1994-03-01,ME5 BM2,-3.9477
1994-02-01,1994-03-01,ME5 BM3,-3.2658
1994-02-01,1994-03-01,ME5 BM4,-4.1055
1994-02-01,1994-03-01,BIG HiBM,-3.9693
1994-03-01,1994-04-01,SMALL LoBM,-3.94
1994-03-01,1994-04-01,ME1 BM2,-0.0468
1994-03-01,1994-04-01,ME1 BM3,-1.4881
1994-03-01,1994-04-01,ME1 BM4,-1.0298
1994-03-01,1994-04-01,SMALL HiBM,0.6945
1994-03-01,1994-04-01,ME2 BM1,-1.2484
1994-03-01,1994-04-01,ME2 BM2,0.8723
1994-03-01,1994-04-01,ME2 BM3,1.3669
1994-03-01,1994-04-01,ME2 BM4,1.9439
1994-03-01,1994-04-01,ME2 BM5,1.999
1994-03-01,1994-04-01,ME3 BM1,-1.256
1994-03-01,1994-04-01,ME3 BM2,2.0202
1994-03-01,1994-04-01,ME3 BM3,1.0288
1994-03-01,1994-04-01,ME3 BM4,0.7568
1994-03-01,1994-04-01,ME3 BM5,1.1053
1994-03-01,1994-04-01,ME4 BM1,-0.2404
1994-03-01,1994-04-01,ME4 BM2,0.6469
1994-03-01,1994-04-01,ME4 BM3,0.9734
1994-03-01,1994-04-01,ME4 BM4,1.7894
1994-03-01,1994-04-01,ME4 BM5,1.9827
1994-03-01,1994-04-01,BIG LoBM,1.2047
1994-03-01,1994-04-01,ME5 BM2,0.2474
1994-03-01,1994-04-01,ME5 BM3,2.1911
1994-03-01,1994-04-01,ME5 BM4,1.634
1994-03-01,1994-04-01,BIG HiBM,2.1477
1994-04-01,1994-05-01,SMALL LoBM,-2.6765
1994-04-01,1994-05-01,ME1 BM2,-2.1146
1994-04-01,1994-05-01,ME1 BM3,-1.2904
1994-04-01,1994-05-01,ME1 BM4,0.0672
1994-04-01,1994-05-01,SMALL HiBM,-0.3854
1994-04-01,1994-05-01,ME2 BM1,-2.2296
1994-04-01,1994-05-01,ME2 BM2,-2.4493
1994-04-01,1994-05-01,ME2 BM3,-1.0869
1994-04-01,1994-05-01,ME2 BM4,-0.3918
1994-04-01,1994-05-01,ME2 BM5,1.3874
1994-04-01,1994-05-01,ME3 BM1,-2.1408
1994-04-01,1994-05-01,ME3 BM2,-1.2966
1994-04-01,1994-05-01,ME3 BM3,0.5874
1994-04-01,1994-05-01,ME3 BM4,-0.8161
1994-04-01,1994-05-01,ME3 BM5,0.2875
1994-04-01,1994-05-01,ME4 BM1,-0.3433
1994-04-01,1994-05-01,ME4 BM2,-0.484
1994-04-01,1994-05-01,ME4 BM3,1.2881
1994-04-01,1994-05-01,ME4 BM4,-1.0884
1994-04-01,1994-05-01,ME4 BM5,-2.0707
1994-04-01,1994-05-01,BIG LoBM,1.0712
1994-04-01,1994-05-01,ME5 BM2,2.7206
1994-04-01,1994-05-01,ME5 BM3,2.7188
1994-04-01,1994-05-01,ME5 BM4,0.0321
1994-04-01,1994-05-01,BIG HiBM,3.4329
1994-05-01,1994-06-01,SMALL LoBM,-6.4925
1994-05-01,1994-06-01,ME1 BM2,-4.6988
1994-05-01,1994-06-01,ME1 BM3,-4.4526
1994-05-01,1994-06-01,ME1 BM4,-2.1829
1994-05-01,1994-06-01,SMALL HiBM,-2.0227
1994-05-01,1994-06-01,ME2 BM1,-5.9041
1994-05-01,1994-06-01,ME2 BM2,-3.301
1994-05-01,1994-06-01,ME2 BM3,-0.2964
1994-05-01,1994-06-01,ME2 BM4,-1.8745
1994-05-01,1994-06-01,ME2 BM5,-0.7989
1994-05-01,1994-06-01,ME3 BM1,-4.1696
1994-05-01,1994-06-01,ME3 BM2,-3.0334
1994-05-01,1994-06-01,ME3 BM3,0.293
1994-05-01,1994-06-01,ME3 BM4,-1.6271
1994-05-01,1994-06-01,ME3 BM5,-1.8119
1994-05-01,1994-06-01,ME4 BM1,-4.9857
1994-05-01,1994-06-01,ME4 BM2,-1.8355
1994-05-01,1994-06-01,ME4 BM3,-3.3433
1994-05-01,1994-06-01,ME4 BM4,-1.9067
1994-05-01,1994-06-01,ME4 BM5,-3.309
1994-05-01,1994-06-01,BIG LoBM,-2.8656
1994-05-01,1994-06-01,ME5 BM2,-2.646
1994-05-01,1994-06-01,ME5 BM3,-2.1865
1994-05-01,1994-06-01,ME5 BM4,-1.3329
1994-05-01,1994-06-01,BIG HiBM,-3.745
1994-06-01,1994-07-01,SMALL LoBM,0.1886
1994-06-01,1994-07-01,ME1 BM2,0.1976
1994-06-01,1994-07-01,ME1 BM3,-0.7816
1994-06-01,1994-07-01,ME1 BM4,0.9688
1994-06-01,1994-07-01,SMALL HiBM,1.1544
1994-06-01,1994-07-01,ME2 BM1,2.2703
1994-06-01,1994-07-01,ME2 BM2,2.1695
1994-06-01,1994-07-01,ME2 BM3,1.836
1994-06-01,1994-07-01,ME2 BM4,2.5888
1994-06-01,1994-07-01,ME2 BM5,2.3234
1994-06-01,1994-07-01,ME3 BM1,3.2613
1994-06-01,1994-07-01,ME3 BM2,1.766
1994-06-01,1994-07-01,ME3 BM3,0.7727
1994-06-01,1994-07-01,ME3 BM4,3.7644
1994-06-01,1994-07-01,ME3 BM5,3.5881
1994-06-01,1994-07-01,ME4 BM1,2.3857
1994-06-01,1994-07-01,ME4 BM2,3.9097
1994-06-01,1994-07-01,ME4 BM3,3.2214
1994-06-01,1994-07-01,ME4 BM4,4.9195
1994-06-01,1994-07-01,ME4 BM5,3.9122
1994-06-01,1994-07-01,BIG LoBM,3.0956
1994-06-01,1994-07-01,ME5 BM2,2.9083
1994-06-01,1994-07-01,ME5 BM3,4.3448
1994-06-01,1994-07-01,ME5 BM4,3.8701
1994-06-01,1994-07-01,BIG HiBM,1.4054
1994-07-01,1994-08-01,SMALL LoBM,3.8151
1994-07-01,1994-08-01,ME1 BM2,4.1132
1994-07-01,1994-08-01,ME1 BM3,5.1216
1994-07-01,1994-08-01,ME1 BM4,2.5715
1994-07-01,1994-08-01,SMALL HiBM,2.8197
1994-07-01,1994-08-01,ME2 BM1,9.7018
1994-07-01,1994-08-01,ME2 BM2,6.117
1994-07-01,1994-08-01,ME2 BM3,4.1083
1994-07-01,1994-08-01,ME2 BM4,4.247
1994-07-01,1994-08-01,ME2 BM5,4.6721
1994-07-01,1994-08-01,ME3 BM1,9.724
1994-07-01,1994-08-01,ME3 BM2,5.0644
1994-07-01,1994-08-01,ME3 BM3,4.4459
1994-07-01,1994-08-01,ME3 BM4,2.7935
1994-07-01,1994-08-01,ME3 BM5,5.2206
1994-07-01,1994-08-01,ME4 BM1,7.8567
1994-07-01,1994-08-01,ME4 BM2,4.8163
1994-07-01,1994-08-01,ME4 BM3,2.9864
1994-07-01,1994-08-01,ME4 BM4,3.1779
1994-07-01,1994-08-01,ME4 BM5,4.4922
1994-07-01,1994-08-01,BIG LoBM,5.2737
1994-07-01,1994-08-01,ME5 BM2,3.4613
1994-07-01,1994-08-01,ME5 BM3,1.8741
1994-07-01,1994-08-01,ME5 BM4,3.8469
1994-07-01,1994-08-01,BIG HiBM,3.3881
1994-08-01,1994-09-01,SMALL LoBM,0.9049
1994-08-01,1994-09-01,ME1 BM2,1.9547
1994-08-01,1994-09-01,ME1 BM3,0.7736
1994-08-01,1994-09-01,ME1 BM4,2.7458
1994-08-01,1994-09-01,SMALL HiBM,0.8228
1994-08-01,1994-09-01,ME2 BM1,0.1258
1994-08-01,1994-09-01,ME2 BM2,0.8275
1994-08-01,1994-09-01,ME2 BM3,-1.361
1994-08-01,1994-09-01,ME2 BM4,0.9622
1994-08-01,1994-09-01,ME2 BM5,-1.4799
1994-08-01,1994-09-01,ME3 BM1,0.6511
1994-08-01,1994-09-01,ME3 BM2,-1.3503
1994-08-01,1994-09-01,ME3 BM3,-1.9842
1994-08-01,1994-09-01,ME3 BM4,-1.6756
1994-08-01,1994-09-01,ME3 BM5,-1.0856
1994-08-01,1994-09-01,ME4 BM1,-0.7909
1994-08-01,1994-09-01,ME4 BM2,-1.8783
1994-08-01,1994-09-01,ME4 BM3,-2.7472
1994-08-01,1994-09-01,ME4 BM4,-3.3104
1994-08-01,1994-09-01,ME4 BM5,-2.5419
1994-08-01,1994-09-01,BIG LoBM,-1.2027
1994-08-01,1994-09-01,ME5 BM2,-3.475
1994-08-01,1994-09-01,ME5 BM3,-2.3454
1994-08-01,1994-09-01,ME5 BM4,-4.0922
1994-08-01,1994-09-01,BIG HiBM,-6.2262
1994-09-01,1994-10-01,SMALL LoBM,-0.7415
1994-09-01,1994-10-01,ME1 BM2,0.9649
1994-09-01,1994-10-01,ME1 BM3,-0.229
1994-09-01,1994-10-01,ME1 BM4,1.2103
1994-09-01,1994-10-01,SMALL HiBM,0.2307
1994-09-01,1994-10-01,ME2 BM1,1.876
1994-09-01,1994-10-01,ME2 BM2,-0.0061
1994-09-01,1994-10-01,ME2 BM3,-0.2938
1994-09-01,1994-10-01,ME2 BM4,-0.4526
1994-09-01,1994-10-01,ME2 BM5,-3.8106
1994-09-01,1994-10-01,ME3 BM1,3.4383
1994-09-01,1994-10-01,ME3 BM2,-0.7247
1994-09-01,1994-10-01,ME3 BM3,-0.0341
1994-09-01,1994-10-01,ME3 BM4,-0.6216
1994-09-01,1994-10-01,ME3 BM5,-2.6596
1994-09-01,1994-10-01,ME4 BM1,0.5655
1994-09-01,1994-10-01,ME4 BM2,1.3723
1994-09-01,1994-10-01,ME4 BM3,1.041
1994-09-01,1994-10-01,ME4 BM4,-0.7358
1994-09-01,1994-10-01,ME4 BM5,-1.9807
1994-09-01,1994-10-01,BIG LoBM,2.3942
1994-09-01,1994-10-01,ME5 BM2,2.3585
1994-09-01,1994-10-01,ME5 BM3,3.3545
1994-09-01,1994-10-01,ME5 BM4,1.7499
1994-09-01,1994-10-01,BIG HiBM,2.5049
1994-10-01,1994-11-01,SMALL LoBM,-4.4831
1994-10-01,1994-11-01,ME1 BM2,-3.2212
1994-10-01,1994-11-01,ME1 BM3,-2.7394
1994-10-01,1994-11-01,ME1 BM4,-3.1991
1994-10-01,1994-11-01,SMALL HiBM,-3.1054
1994-10-01,1994-11-01,ME2 BM1,-3.0003
1994-10-01,1994-11-01,ME2 BM2,-3.7119
1994-10-01,1994-11-01,ME2 BM3,-3.8838
1994-10-01,1994-11-01,ME2 BM4,-3.8378
1994-10-01,1994-11-01,ME2 BM5,-4.9873
1994-10-01,1994-11-01,ME3 BM1,-5.427
1994-10-01,1994-11-01,ME3 BM2,-4.3481
1994-10-01,1994-11-01,ME3 BM3,-4.5543
1994-10-01,1994-11-01,ME3 BM4,-2.9053
1994-10-01,1994-11-01,ME3 BM5,-5.0912
1994-10-01,1994-11-01,ME4 BM1,-4.0557
1994-10-01,1994-11-01,ME4 BM2,-3.7161
1994-10-01,1994-11-01,ME4 BM3,-4.0225
1994-10-01,1994-11-01,ME4 BM4,-3.9729
1994-10-01,1994-11-01,ME4 BM5,-5.4087
1994-10-01,1994-11-01,BIG LoBM,-2.0818
1994-10-01,1994-11-01,ME5 BM2,-5.176
1994-10-01,1994-11-01,ME5 BM3,-2.7346
1994-10-01,1994-11-01,ME5 BM4,-5.0928
1994-10-01,1994-11-01,BIG HiBM,-2.7375
1994-11-01,1994-12-01,SMALL LoBM,-2.7502
1994-11-01,1994-12-01,ME1 BM2,-0.8949
1994-11-01,1994-12-01,ME1 BM3,-0.2672
1994-11-01,1994-12-01,ME1 BM4,0.0808
1994-11-01,1994-12-01,SMALL HiBM,-0.1363
1994-11-01,1994-12-01,ME2 BM1,1.6996
1994-11-01,1994-12-01,ME2 BM2,2.0336
1994-11-01,1994-12-01,ME2 BM3,2.5898
1994-11-01,1994-12-01,ME2 BM4,2.5628
1994-11-01,1994-12-01,ME2 BM5,1.055
1994-11-01,1994-12-01,ME3 BM1,1.7545
1994-11-01,1994-12-01,ME3 BM2,3.1198
1994-11-01,1994-12-01,ME3 BM3,2.0369
1994-11-01,1994-12-01,ME3 BM4,2.5405
1994-11-01,1994-12-01,ME3 BM5,4.5287
1994-11-01,1994-12-01,ME4 BM1,2.0471
1994-11-01,1994-12-01,ME4 BM2,1.1875
1994-11-01,1994-12-01,ME4 BM3,0.0008
1994-11-01,1994-12-01,ME4 BM4,0.9441
1994-11-01,1994-12-01,ME4 BM5,1.1911
1994-11-01,1994-12-01,BIG LoBM,1.6066
1994-11-01,1994-12-01,ME5 BM2,1.0769
1994-11-01,1994-12-01,ME5 BM3,1.1418
1994-11-01,1994-12-01,ME5 BM4,1.1139
1994-11-01,1994-12-01,BIG HiBM,0.1702
1994-12-01,1995-01-01,SMALL LoBM,1.1066
1994-12-01,1995-01-01,ME1 BM2,2.3207
1994-12-01,1995-01-01,ME1 BM3,3.1918
1994-12-01,1995-01-01,ME1 BM4,2.2938
1994-12-01,1995-01-01,SMALL HiBM,2.2048
1994-12-01,1995-01-01,ME2 BM1,-1.9907
1994-12-01,1995-01-01,ME2 BM2,-0.9191
1994-12-01,1995-01-01,ME2 BM3,-0.0897
1994-12-01,1995-01-01,ME2 BM4,-0.4292
1994-12-01,1995-01-01,ME2 BM5,0.2609
1994-12-01,1995-01-01,ME3 BM1,-1.3823
1994-12-01,1995-01-01,ME3 BM2,-2.3879
1994-12-01,1995-01-01,ME3 BM3,-0.5406
1994-12-01,1995-01-01,ME3 BM4,-0.0285
1994-12-01,1995-01-01,ME3 BM5,0.5912
1994-12-01,1995-01-01,ME4 BM1,-0.1406
1994-12-01,1995-01-01,ME4 BM2,1.2516
1994-12-01,1995-01-01,ME4 BM3,0.9635
1994-12-01,1995-01-01,ME4 BM4,3.9371
1994-12-01,1995-01-01,ME4 BM5,4.6626
1994-12-01,1995-01-01,BIG LoBM,2.7691
1994-12-01,1995-01-01,ME5 BM2,1.6709
1994-12-01,1995-01-01,ME5 BM3,3.5451
1994-12-01,1995-01-01,ME5 BM4,4.3476
1994-12-01,1995-01-01,BIG HiBM,6.4907
1995-01-01,1995-02-01,SMALL LoBM,2.4426
1995-01-01,1995-02-01,ME1 BM2,3.8224
1995-01-01,1995-02-01,ME1 BM3,1.9633
1995-01-01,1995-02-01,ME1 BM4,2.2163
1995-01-01,1995-02-01,SMALL HiBM,3.2976
1995-01-01,1995-02-01,ME2 BM1,3.4811
1995-01-01,1995-02-01,ME2 BM2,4.5122
1995-01-01,1995-02-01,ME2 BM3,3.4208
1995-01-01,1995-02-01,ME2 BM4,2.8009
1995-01-01,1995-02-01,ME2 BM5,5.9165
1995-01-01,1995-02-01,ME3 BM1,5.4058
1995-01-01,1995-02-01,ME3 BM2,5.6934
1995-01-01,1995-02-01,ME3 BM3,4.1939
1995-01-01,1995-02-01,ME3 BM4,4.8395
1995-01-01,1995-02-01,ME3 BM5,5.2637
1995-01-01,1995-02-01,ME4 BM1,4.3862
1995-01-01,1995-02-01,ME4 BM2,4.7534
1995-01-01,1995-02-01,ME4 BM3,5.0538
1995-01-01,1995-02-01,ME4 BM4,4.0774
1995-01-01,1995-02-01,ME4 BM5,4.8349
1995-01-01,1995-02-01,BIG LoBM,3.5546
1995-01-01,1995-02-01,ME5 BM2,4.6831
1995-01-01,1995-02-01,ME5 BM3,2.9146
1995-01-01,1995-02-01,ME5 BM4,3.6047
1995-01-01,1995-02-01,BIG HiBM,7.5757
1995-02-01,1995-03-01,SMALL LoBM,0.7663
1995-02-01,1995-03-01,ME1 BM2,1.5807
1995-02-01,1995-03-01,ME1 BM3,1.2794
1995-02-01,1995-03-01,ME1 BM4,1.0865
1995-02-01,1995-03-01,SMALL HiBM,0.8022
1995-02-01,1995-03-01,ME2 BM1,4.5577
1995-02-01,1995-03-01,ME2 BM2,1.1513
1995-02-01,1995-03-01,ME2 BM3,2.7385
1995-02-01,1995-03-01,ME2 BM4,1.9727
1995-02-01,1995-03-01,ME2 BM5,1.9184
1995-02-01,1995-03-01,ME3 BM1,3.6868
1995-02-01,1995-03-01,ME3 BM2,2.2508
1995-02-01,1995-03-01,ME3 BM3,1.768
1995-02-01,1995-03-01,ME3 BM4,0.2144
1995-02-01,1995-03-01,ME3 BM5,1.0854
1995-02-01,1995-03-01,ME4 BM1,3.1749
1995-02-01,1995-03-01,ME4 BM2,3.4356
1995-02-01,1995-03-01,ME4 BM3,2.6236
1995-02-01,1995-03-01,ME4 BM4,1.44
1995-02-01,1995-03-01,ME4 BM5,0.6306
1995-02-01,1995-03-01,BIG LoBM,2.7306
1995-02-01,1995-03-01,ME5 BM2,3.9251
1995-02-01,1995-03-01,ME5 BM3,3.5669
1995-02-01,1995-03-01,ME5 BM4,0.4744
1995-02-01,1995-03-01,BIG HiBM,1.1671
1995-03-01,1995-04-01,SMALL LoBM,1.5341
1995-03-01,1995-04-01,ME1 BM2,2.902
1995-03-01,1995-04-01,ME1 BM3,3.3299
1995-03-01,1995-04-01,ME1 BM4,2.242
1995-03-01,1995-04-01,SMALL HiBM,3.9593
1995-03-01,1995-04-01,ME2 BM1,0.028
1995-03-01,1995-04-01,ME2 BM2,1.5667
1995-03-01,1995-04-01,ME2 BM3,3.482
1995-03-01,1995-04-01,ME2 BM4,2.0994
1995-03-01,1995-04-01,ME2 BM5,3.5311
1995-03-01,1995-04-01,ME3 BM1,-0.1142
1995-03-01,1995-04-01,ME3 BM2,1.6927
1995-03-01,1995-04-01,ME3 BM3,1.9755
1995-03-01,1995-04-01,ME3 BM4,3.6249
1995-03-01,1995-04-01,ME3 BM5,2.0355
1995-03-01,1995-04-01,ME4 BM1,0.3855
1995-03-01,1995-04-01,ME4 BM2,2.1425
1995-03-01,1995-04-01,ME4 BM3,3.6995
1995-03-01,1995-04-01,ME4 BM4,1.0515
1995-03-01,1995-04-01,ME4 BM5,3.7429
1995-03-01,1995-04-01,BIG LoBM,2.7238
1995-03-01,1995-04-01,ME5 BM2,3.3025
1995-03-01,1995-04-01,ME5 BM3,2.6925
1995-03-01,1995-04-01,ME5 BM4,2.3646
1995-03-01,1995-04-01,BIG HiBM,5.9711
1995-04-01,1995-05-01,SMALL LoBM,1.5282
1995-04-01,1995-05-01,ME1 BM2,2.1927
1995-04-01,1995-05-01,ME1 BM3,1.8735
1995-04-01,1995-05-01,ME1 BM4,1.3174
1995-04-01,1995-05-01,SMALL HiBM,3.178
1995-04-01,1995-05-01,ME2 BM1,1.1852
1995-04-01,1995-05-01,ME2 BM2,1.2379
1995-04-01,1995-05-01,ME2 BM3,1.6527
1995-04-01,1995-05-01,ME2 BM4,2.7263
1995-04-01,1995-05-01,ME2 BM5,2.5762
1995-04-01,1995-05-01,ME3 BM1,2.0959
1995-04-01,1995-05-01,ME3 BM2,-0.6547
1995-04-01,1995-05-01,ME3 BM3,1.8199
1995-04-01,1995-05-01,ME3 BM4,3.0288
1995-04-01,1995-05-01,ME3 BM5,2.9881
1995-04-01,1995-05-01,ME4 BM1,1.9239
1995-04-01,1995-05-01,ME4 BM2,1.5788
1995-04-01,1995-05-01,ME4 BM3,2.3845
1995-04-01,1995-05-01,ME4 BM4,3.4552
1995-04-01,1995-05-01,ME4 BM5,5.0637
1995-04-01,1995-05-01,BIG LoBM,3.8495
1995-04-01,1995-05-01,ME5 BM2,2.9118
1995-04-01,1995-05-01,ME5 BM3,4.3852
1995-04-01,1995-05-01,ME5 BM4,6.298
1995-04-01,1995-05-01,BIG HiBM,6.1654
1995-05-01,1995-06-01,SMALL LoBM,7.9438
1995-05-01,1995-06-01,ME1 BM2,6.848
1995-05-01,1995-06-01,ME1 BM3,7.0659
1995-05-01,1995-06-01,ME1 BM4,5.0279
1995-05-01,1995-06-01,SMALL HiBM,5.2106
1995-05-01,1995-06-01,ME2 BM1,9.8801
1995-05-01,1995-06-01,ME2 BM2,4.3654
1995-05-01,1995-06-01,ME2 BM3,4.5974
1995-05-01,1995-06-01,ME2 BM4,4.0402
1995-05-01,1995-06-01,ME2 BM5,4.7797
1995-05-01,1995-06-01,ME3 BM1,6.5418
1995-05-01,1995-06-01,ME3 BM2,3.1684
1995-05-01,1995-06-01,ME3 BM3,3.0868
1995-05-01,1995-06-01,ME3 BM4,3.1611
1995-05-01,1995-06-01,ME3 BM5,2.1738
1995-05-01,1995-06-01,ME4 BM1,6.652
1995-05-01,1995-06-01,ME4 BM2,3.2704
1995-05-01,1995-06-01,ME4 BM3,2.6504
1995-05-01,1995-06-01,ME4 BM4,2.5183
1995-05-01,1995-06-01,ME4 BM5,2.813
1995-05-01,1995-06-01,BIG LoBM,3.3656
1995-05-01,1995-06-01,ME5 BM2,2.611
1995-05-01,1995-06-01,ME5 BM3,0.1066
1995-05-01,1995-06-01,ME5 BM4,1.5432
1995-05-01,1995-06-01,BIG HiBM,1.5827
1995-06-01,1995-07-01,SMALL LoBM,7.3039
1995-06-01,1995-07-01,ME1 BM2,6.8396
1995-06-01,1995-07-01,ME1 BM3,5.1186
1995-06-01,1995-07-01,ME1 BM4,4.9206
1995-06-01,1995-07-01,SMALL HiBM,4.9766
1995-06-01,1995-07-01,ME2 BM1,9.1515
1995-06-01,1995-07-01,ME2 BM2,6.5003
1995-06-01,1995-07-01,ME2 BM3,3.9287
1995-06-01,1995-07-01,ME2 BM4,5.1152
1995-06-01,1995-07-01,ME2 BM5,5.0085
1995-06-01,1995-07-01,ME3 BM1,8.1297
1995-06-01,1995-07-01,ME3 BM2,4.902
1995-06-01,1995-07-01,ME3 BM3,4.5039
1995-06-01,1995-07-01,ME3 BM4,3.7661
1995-06-01,1995-07-01,ME3 BM5,4.4946
1995-06-01,1995-07-01,ME4 BM1,8.0306
1995-06-01,1995-07-01,ME4 BM2,4.5953
1995-06-01,1995-07-01,ME4 BM3,3.9598
1995-06-01,1995-07-01,ME4 BM4,4.3292
1995-06-01,1995-07-01,ME4 BM5,3.6226
1995-06-01,1995-07-01,BIG LoBM,2.9956
1995-06-01,1995-07-01,ME5 BM2,3.927
1995-06-01,1995-07-01,ME5 BM3,4.0559
1995-06-01,1995-07-01,ME5 BM4,2.7344
1995-06-01,1995-07-01,BIG HiBM,3.4017
1995-07-01,1995-08-01,SMALL LoBM,4.1365
1995-07-01,1995-08-01,ME1 BM2,4.7315
1995-07-01,1995-08-01,ME1 BM3,4.316
1995-07-01,1995-08-01,ME1 BM4,3.7293
1995-07-01,1995-08-01,SMALL HiBM,4.1467
1995-07-01,1995-08-01,ME2 BM1,0.7324
1995-07-01,1995-08-01,ME2 BM2,1.8049
1995-07-01,1995-08-01,ME2 BM3,0.7284
1995-07-01,1995-08-01,ME2 BM4,3.5914
1995-07-01,1995-08-01,ME2 BM5,3.4319
1995-07-01,1995-08-01,ME3 BM1,0.5037
1995-07-01,1995-08-01,ME3 BM2,2.1315
1995-07-01,1995-08-01,ME3 BM3,1.0503
1995-07-01,1995-08-01,ME3 BM4,4.2464
1995-07-01,1995-08-01,ME3 BM5,3.0852
1995-07-01,1995-08-01,ME4 BM1,0.1026
1995-07-01,1995-08-01,ME4 BM2,0.8228
1995-07-01,1995-08-01,ME4 BM3,2.5051
1995-07-01,1995-08-01,ME4 BM4,2.2636
1995-07-01,1995-08-01,ME4 BM5,4.4378
1995-07-01,1995-08-01,BIG LoBM,0.0734
1995-07-01,1995-08-01,ME5 BM2,0.3728
1995-07-01,1995-08-01,ME5 BM3,0.1906
1995-07-01,1995-08-01,ME5 BM4,2.7056
1995-07-01,1995-08-01,BIG HiBM,4.3724
1995-08-01,1995-09-01,SMALL LoBM,3.4452
1995-08-01,1995-09-01,ME1 BM2,2.8168
1995-08-01,1995-09-01,ME1 BM3,2.032
1995-08-01,1995-09-01,ME1 BM4,1.8791
1995-08-01,1995-09-01,SMALL HiBM,2.4809
1995-08-01,1995-09-01,ME2 BM1,2.2334
1995-08-01,1995-09-01,ME2 BM2,1.3852
1995-08-01,1995-09-01,ME2 BM3,1.9855
1995-08-01,1995-09-01,ME2 BM4,2.9535
1995-08-01,1995-09-01,ME2 BM5,0.5578
1995-08-01,1995-09-01,ME3 BM1,2.1605
1995-08-01,1995-09-01,ME3 BM2,1.109
1995-08-01,1995-09-01,ME3 BM3,1.5493
1995-08-01,1995-09-01,ME3 BM4,1.973
1995-08-01,1995-09-01,ME3 BM5,1.0291
1995-08-01,1995-09-01,ME4 BM1,3.5126
1995-08-01,1995-09-01,ME4 BM2,2.0675
1995-08-01,1995-09-01,ME4 BM3,1.3504
1995-08-01,1995-09-01,ME4 BM4,2.0219
1995-08-01,1995-09-01,ME4 BM5,3.483
1995-08-01,1995-09-01,BIG LoBM,5.5287
1995-08-01,1995-09-01,ME5 BM2,2.5077
1995-08-01,1995-09-01,ME5 BM3,3.527
1995-08-01,1995-09-01,ME5 BM4,4.7456
1995-08-01,1995-09-01,BIG HiBM,7.1058
1995-09-01,1995-10-01,SMALL LoBM,-6.331
1995-09-01,1995-10-01,ME1 BM2,-5.7492
1995-09-01,1995-10-01,ME1 BM3,-4.8701
1995-09-01,1995-10-01,ME1 BM4,-3.6498
1995-09-01,1995-10-01,SMALL HiBM,-2.7689
1995-09-01,1995-10-01,ME2 BM1,-6.9038
1995-09-01,1995-10-01,ME2 BM2,-6.7688
1995-09-01,1995-10-01,ME2 BM3,-5.4622
1995-09-01,1995-10-01,ME2 BM4,-4.9389
1995-09-01,1995-10-01,ME2 BM5,-5.0729
1995-09-01,1995-10-01,ME3 BM1,-2.7349
1995-09-01,1995-10-01,ME3 BM2,-3.8311
1995-09-01,1995-10-01,ME3 BM3,-2.64
1995-09-01,1995-10-01,ME3 BM4,-3.1487
1995-09-01,1995-10-01,ME3 BM5,-2.7795
1995-09-01,1995-10-01,ME4 BM1,-1.8081
1995-09-01,1995-10-01,ME4 BM2,-4.318
1995-09-01,1995-10-01,ME4 BM3,-2.2673
1995-09-01,1995-10-01,ME4 BM4,-0.8721
1995-09-01,1995-10-01,ME4 BM5,-1.1196
1995-09-01,1995-10-01,BIG LoBM,0.3605
1995-09-01,1995-10-01,ME5 BM2,0.7558
1995-09-01,1995-10-01,ME5 BM3,0.7892
1995-09-01,1995-10-01,ME5 BM4,-3.1983
1995-09-01,1995-10-01,BIG HiBM,-3.3851
1995-10-01,1995-11-01,SMALL LoBM,2.1326
1995-10-01,1995-11-01,ME1 BM2,2.4955
1995-10-01,1995-11-01,ME1 BM3,0.7402
1995-10-01,1995-11-01,ME1 BM4,2.3183
1995-10-01,1995-11-01,SMALL HiBM,1.5341
1995-10-01,1995-11-01,ME2 BM1,4.9358
1995-10-01,1995-11-01,ME2 BM2,4.9635
1995-10-01,1995-11-01,ME2 BM3,3.8818
1995-10-01,1995-11-01,ME2 BM4,4.626
1995-10-01,1995-11-01,ME2 BM5,5.9429
1995-10-01,1995-11-01,ME3 BM1,6.3371
1995-10-01,1995-11-01,ME3 BM2,3.5027
1995-10-01,1995-11-01,ME3 BM3,3.8072
1995-10-01,1995-11-01,ME3 BM4,4.778
1995-10-01,1995-11-01,ME3 BM5,5.1378
1995-10-01,1995-11-01,ME4 BM1,4.306
1995-10-01,1995-11-01,ME4 BM2,4.9393
1995-10-01,1995-11-01,ME4 BM3,3.9843
1995-10-01,1995-11-01,ME4 BM4,4.7279
1995-10-01,1995-11-01,ME4 BM5,4.6705
1995-10-01,1995-11-01,BIG LoBM,4.8716
1995-10-01,1995-11-01,ME5 BM2,2.0393
1995-10-01,1995-11-01,ME5 BM3,4.8947
1995-10-01,1995-11-01,ME5 BM4,4.9509
1995-10-01,1995-11-01,BIG HiBM,5.3539
1995-11-01,1995-12-01,SMALL LoBM,2.4222
1995-11-01,1995-12-01,ME1 BM2,2.9216
1995-11-01,1995-12-01,ME1 BM3,1.7045
1995-11-01,1995-12-01,ME1 BM4,1.3309
1995-11-01,1995-12-01,SMALL HiBM,1.4631
1995-11-01,1995-12-01,ME2 BM1,2.8807
1995-11-01,1995-12-01,ME2 BM2,2.2128
1995-11-01,1995-12-01,ME2 BM3,3.4155
1995-11-01,1995-12-01,ME2 BM4,3.2689
1995-11-01,1995-12-01,ME2 BM5,3.3367
1995-11-01,1995-12-01,ME3 BM1,1.2257
1995-11-01,1995-12-01,ME3 BM2,1.8338
1995-11-01,1995-12-01,ME3 BM3,2.8956
1995-11-01,1995-12-01,ME3 BM4,3.2865
1995-11-01,1995-12-01,ME3 BM5,1.4297
1995-11-01,1995-12-01,ME4 BM1,-1.4858
1995-11-01,1995-12-01,ME4 BM2,0.642
1995-11-01,1995-12-01,ME4 BM3,1.2253
1995-11-01,1995-12-01,ME4 BM4,0.2472
1995-11-01,1995-12-01,ME4 BM5,0.4044
1995-11-01,1995-12-01,BIG LoBM,1.1885
1995-11-01,1995-12-01,ME5 BM2,0.9499
1995-11-01,1995-12-01,ME5 BM3,3.8817
1995-11-01,1995-12-01,ME5 BM4,0.9966
1995-11-01,1995-12-01,BIG HiBM,1.4852
1995-12-01,1996-01-01,SMALL LoBM,1.5372
1995-12-01,1996-01-01,ME1 BM2,0.4245
1995-12-01,1996-01-01,ME1 BM3,1.3865
1995-12-01,1996-01-01,ME1 BM4,1.4805
1995-12-01,1996-01-01,SMALL HiBM,0.8087
1995-12-01,1996-01-01,ME2 BM1,-0.1563
1995-12-01,1996-01-01,ME2 BM2,-1.2629
1995-12-01,1996-01-01,ME2 BM3,0.6593
1995-12-01,1996-01-01,ME2 BM4,-0.862
1995-12-01,1996-01-01,ME2 BM5,0.3891
1995-12-01,1996-01-01,ME3 BM1,-1.6753
1995-12-01,1996-01-01,ME3 BM2,0.3971
1995-12-01,1996-01-01,ME3 BM3,-0.1328
1995-12-01,1996-01-01,ME3 BM4,1.0032
1995-12-01,1996-01-01,ME3 BM5,0.8012
1995-12-01,1996-01-01,ME4 BM1,1.63
1995-12-01,1996-01-01,ME4 BM2,2.1328
1995-12-01,1996-01-01,ME4 BM3,1.6493
1995-12-01,1996-01-01,ME4 BM4,2.1008
1995-12-01,1996-01-01,ME4 BM5,1.2085
1995-12-01,1996-01-01,BIG LoBM,3.9699
1995-12-01,1996-01-01,ME5 BM2,2.5867
1995-12-01,1996-01-01,ME5 BM3,3.3743
1995-12-01,1996-01-01,ME5 BM4,2.9295
1995-12-01,1996-01-01,BIG HiBM,4.3258
1996-01-01,1996-02-01,SMALL LoBM,3.884
1996-01-01,1996-02-01,ME1 BM2,1.0917
1996-01-01,1996-02-01,ME1 BM3,3.8552
1996-01-01,1996-02-01,ME1 BM4,1.8964
1996-01-01,1996-02-01,SMALL HiBM,3.4915
1996-01-01,1996-02-01,ME2 BM1,5.432
1996-01-01,1996-02-01,ME2 BM2,5.7169
1996-01-01,1996-02-01,ME2 BM3,2.072
1996-01-01,1996-02-01,ME2 BM4,1.9514
1996-01-01,1996-02-01,ME2 BM5,1.3205
1996-01-01,1996-02-01,ME3 BM1,4.6929
1996-01-01,1996-02-01,ME3 BM2,4.0005
1996-01-01,1996-02-01,ME3 BM3,2.1663
1996-01-01,1996-02-01,ME3 BM4,2.5577
1996-01-01,1996-02-01,ME3 BM5,1.6162
1996-01-01,1996-02-01,ME4 BM1,5.4292
1996-01-01,1996-02-01,ME4 BM2,1.0876
1996-01-01,1996-02-01,ME4 BM3,0.4878
1996-01-01,1996-02-01,ME4 BM4,1.6553
1996-01-01,1996-02-01,ME4 BM5,-0.8796
1996-01-01,1996-02-01,BIG LoBM,0.5819
1996-01-01,1996-02-01,ME5 BM2,3.0463
1996-01-01,1996-02-01,ME5 BM3,1.4961
1996-01-01,1996-02-01,ME5 BM4,0.6027
1996-01-01,1996-02-01,BIG HiBM,2.9718
1996-02-01,1996-03-01,SMALL LoBM,2.7839
1996-02-01,1996-03-01,ME1 BM2,3.7828
1996-02-01,1996-03-01,ME1 BM3,3.1612
1996-02-01,1996-03-01,ME1 BM4,4.0984
1996-02-01,1996-03-01,SMALL HiBM,1.9836
1996-02-01,1996-03-01,ME2 BM1,1.9559
1996-02-01,1996-03-01,ME2 BM2,3.2139
1996-02-01,1996-03-01,ME2 BM3,0.9729
1996-02-01,1996-03-01,ME2 BM4,1.8474
1996-02-01,1996-03-01,ME2 BM5,3.9309
1996-02-01,1996-03-01,ME3 BM1,2.9344
1996-02-01,1996-03-01,ME3 BM2,1.0438
1996-02-01,1996-03-01,ME3 BM3,3.3547
1996-02-01,1996-03-01,ME3 BM4,3.2145
1996-02-01,1996-03-01,ME3 BM5,1.9585
1996-02-01,1996-03-01,ME4 BM1,1.2142
1996-02-01,1996-03-01,ME4 BM2,0.8591
1996-02-01,1996-03-01,ME4 BM3,3.0354
1996-02-01,1996-03-01,ME4 BM4,0.7508
1996-02-01,1996-03-01,ME4 BM5,2.1938
1996-02-01,1996-03-01,BIG LoBM,-0.056
1996-02-01,1996-03-01,ME5 BM2,2.1681
1996-02-01,1996-03-01,ME5 BM3,0.9239
1996-02-01,1996-03-01,ME5 BM4,1.7778
1996-02-01,1996-03-01,BIG HiBM,1.3612
1996-03-01,1996-04-01,SMALL LoBM,8.4767
1996-03-01,1996-04-01,ME1 BM2,9.7516
1996-03-01,1996-04-01,ME1 BM3,8.582
1996-03-01,1996-04-01,ME1 BM4,6.0244
1996-03-01,1996-04-01,SMALL HiBM,5.6875
1996-03-01,1996-04-01,ME2 BM1,10.1676
1996-03-01,1996-04-01,ME2 BM2,9.132
1996-03-01,1996-04-01,ME2 BM3,2.5194
1996-03-01,1996-04-01,ME2 BM4,4.2759
1996-03-01,1996-04-01,ME2 BM5,6.4714
1996-03-01,1996-04-01,ME3 BM1,5.7558
1996-03-01,1996-04-01,ME3 BM2,4.6473
1996-03-01,1996-04-01,ME3 BM3,1.9961
1996-03-01,1996-04-01,ME3 BM4,1.2811
1996-03-01,1996-04-01,ME3 BM5,1.5941
1996-03-01,1996-04-01,ME4 BM1,6.3757
1996-03-01,1996-04-01,ME4 BM2,4.1554
1996-03-01,1996-04-01,ME4 BM3,3.8187
1996-03-01,1996-04-01,ME4 BM4,-0.2391
1996-03-01,1996-04-01,ME4 BM5,-1.8678
1996-03-01,1996-04-01,BIG LoBM,1.2794
1996-03-01,1996-04-01,ME5 BM2,3.2201
1996-03-01,1996-04-01,ME5 BM3,1.2419
1996-03-01,1996-04-01,ME5 BM4,-0.4336
1996-03-01,1996-04-01,BIG HiBM,-1.4111
1996-04-01,1996-05-01,SMALL LoBM,8.5706
1996-04-01,1996-05-01,ME1 BM2,6.733
1996-04-01,1996-05-01,ME1 BM3,7.8494
1996-04-01,1996-05-01,ME1 BM4,6.3869
1996-04-01,1996-05-01,SMALL HiBM,5.756
1996-04-01,1996-05-01,ME2 BM1,6.0885
1996-04-01,1996-05-01,ME2 BM2,4.4222
1996-04-01,1996-05-01,ME2 BM3,4.2858
1996-04-01,1996-05-01,ME2 BM4,4.8327
1996-04-01,1996-05-01,ME2 BM5,7.5531
1996-04-01,1996-05-01,ME3 BM1,2.7932
1996-04-01,1996-05-01,ME3 BM2,3.798
1996-04-01,1996-05-01,ME3 BM3,2.0889
1996-04-01,1996-05-01,ME3 BM4,1.3399
1996-04-01,1996-05-01,ME3 BM5,1.16
1996-04-01,1996-05-01,ME4 BM1,2.8479
1996-04-01,1996-05-01,ME4 BM2,0.367
1996-04-01,1996-05-01,ME4 BM3,0.4325
1996-04-01,1996-05-01,ME4 BM4,1.2663
1996-04-01,1996-05-01,ME4 BM5,1.6087
1996-04-01,1996-05-01,BIG LoBM,3.8805
1996-04-01,1996-05-01,ME5 BM2,1.3666
1996-04-01,1996-05-01,ME5 BM3,0.6942
1996-04-01,1996-05-01,ME5 BM4,2.9746
1996-04-01,1996-05-01,BIG HiBM,2.2019
1996-05-01,1996-06-01,SMALL LoBM,-7.7182
1996-05-01,1996-06-01,ME1 BM2,-5.6378
1996-05-01,1996-06-01,ME1 BM3,-5.1479
1996-05-01,1996-06-01,ME1 BM4,-2.5406
1996-05-01,1996-06-01,SMALL HiBM,-2.8788
1996-05-01,1996-06-01,ME2 BM1,-6.8762
1996-05-01,1996-06-01,ME2 BM2,-3.7919
1996-05-01,1996-06-01,ME2 BM3,-2.5147
1996-05-01,1996-06-01,ME2 BM4,-0.8418
1996-05-01,1996-06-01,ME2 BM5,-5.525
1996-05-01,1996-06-01,ME3 BM1,-7.3219
1996-05-01,1996-06-01,ME3 BM2,-2.7506
1996-05-01,1996-06-01,ME3 BM3,-1.0405
1996-05-01,1996-06-01,ME3 BM4,-0.4011
1996-05-01,1996-06-01,ME3 BM5,0.1441
1996-05-01,1996-06-01,ME4 BM1,-4.3311
1996-05-01,1996-06-01,ME4 BM2,-1.62
1996-05-01,1996-06-01,ME4 BM3,-1.0941
1996-05-01,1996-06-01,ME4 BM4,0.3979
1996-05-01,1996-06-01,ME4 BM5,2.1837
1996-05-01,1996-06-01,BIG LoBM,1.4484
1996-05-01,1996-06-01,ME5 BM2,-0.9236
1996-05-01,1996-06-01,ME5 BM3,0.151
1996-05-01,1996-06-01,ME5 BM4,-0.8803
1996-05-01,1996-06-01,BIG HiBM,0.7029
1996-06-01,1996-07-01,SMALL LoBM,-15.0268
1996-06-01,1996-07-01,ME1 BM2,-9.5945
1996-06-01,1996-07-01,ME1 BM3,-8.7007
1996-06-01,1996-07-01,ME1 BM4,-4.4839
1996-06-01,1996-07-01,SMALL HiBM,-5.5244
1996-06-01,1996-07-01,ME2 BM1,-15.0373
1996-06-01,1996-07-01,ME2 BM2,-9.9011
1996-06-01,1996-07-01,ME2 BM3,-7.9752
1996-06-01,1996-07-01,ME2 BM4,-5.5876
1996-06-01,1996-07-01,ME2 BM5,-5.2929
1996-06-01,1996-07-01,ME3 BM1,-11.5166
1996-06-01,1996-07-01,ME3 BM2,-7.6491
1996-06-01,1996-07-01,ME3 BM3,-6.1167
1996-06-01,1996-07-01,ME3 BM4,-4.9005
1996-06-01,1996-07-01,ME3 BM5,-6.2475
1996-06-01,1996-07-01,ME4 BM1,-8.9282
1996-06-01,1996-07-01,ME4 BM2,-5.3981
1996-06-01,1996-07-01,ME4 BM3,-4.8763
1996-06-01,1996-07-01,ME4 BM4,-4.136
1996-06-01,1996-07-01,ME4 BM5,-4.693
1996-06-01,1996-07-01,BIG LoBM,-5.0134
1996-06-01,1996-07-01,ME5 BM2,-4.7917
1996-06-01,1996-07-01,ME5 BM3,-2.8778
1996-06-01,1996-07-01,ME5 BM4,-3.3778
1996-06-01,1996-07-01,BIG HiBM,-4.6591
1996-07-01,1996-08-01,SMALL LoBM,4.6142
1996-07-01,1996-08-01,ME1 BM2,5.1199
1996-07-01,1996-08-01,ME1 BM3,4.2664
1996-07-01,1996-08-01,ME1 BM4,3.8688
1996-07-01,1996-08-01,SMALL HiBM,3.8458
1996-07-01,1996-08-01,ME2 BM1,7.8202
1996-07-01,1996-08-01,ME2 BM2,5.8252
1996-07-01,1996-08-01,ME2 BM3,4.1503
1996-07-01,1996-08-01,ME2 BM4,4.6538
1996-07-01,1996-08-01,ME2 BM5,4.7894
1996-07-01,1996-08-01,ME3 BM1,8.1959
1996-07-01,1996-08-01,ME3 BM2,5.745
1996-07-01,1996-08-01,ME3 BM3,6.1643
1996-07-01,1996-08-01,ME3 BM4,6.5235
1996-07-01,1996-08-01,ME3 BM5,4.5265
1996-07-01,1996-08-01,ME4 BM1,5.5745
1996-07-01,1996-08-01,ME4 BM2,5.2136
1996-07-01,1996-08-01,ME4 BM3,5.9182
1996-07-01,1996-08-01,ME4 BM4,4.921
1996-07-01,1996-08-01,ME4 BM5,4.0874
1996-07-01,1996-08-01,BIG LoBM,1.2676
1996-07-01,1996-08-01,ME5 BM2,3.0132
1996-07-01,1996-08-01,ME5 BM3,4.0983
1996-07-01,1996-08-01,ME5 BM4,2.1366
1996-07-01,1996-08-01,BIG HiBM,2.9697
1996-08-01,1996-09-01,SMALL LoBM,2.357
1996-08-01,1996-09-01,ME1 BM2,3.9618
1996-08-01,1996-09-01,ME1 BM3,1.6003
1996-08-01,1996-09-01,ME1 BM4,3.4826
1996-08-01,1996-09-01,SMALL HiBM,2.6321
1996-08-01,1996-09-01,ME2 BM1,5.9541
1996-08-01,1996-09-01,ME2 BM2,2.9557
1996-08-01,1996-09-01,ME2 BM3,2.1465
1996-08-01,1996-09-01,ME2 BM4,3.8281
1996-08-01,1996-09-01,ME2 BM5,3.9749
1996-08-01,1996-09-01,ME3 BM1,8.0249
1996-08-01,1996-09-01,ME3 BM2,4.0824
1996-08-01,1996-09-01,ME3 BM3,3.2526
1996-08-01,1996-09-01,ME3 BM4,3.261
1996-08-01,1996-09-01,ME3 BM5,1.6496
1996-08-01,1996-09-01,ME4 BM1,5.6734
1996-08-01,1996-09-01,ME4 BM2,5.3899
1996-08-01,1996-09-01,ME4 BM3,2.5427
1996-08-01,1996-09-01,ME4 BM4,4.2309
1996-08-01,1996-09-01,ME4 BM5,3.47
1996-08-01,1996-09-01,BIG LoBM,7.2707
1996-08-01,1996-09-01,ME5 BM2,4.4769
1996-08-01,1996-09-01,ME5 BM3,3.6416
1996-08-01,1996-09-01,ME5 BM4,3.4251
1996-08-01,1996-09-01,BIG HiBM,4.9684
1996-09-01,1996-10-01,SMALL LoBM,-5.6168
1996-09-01,1996-10-01,ME1 BM2,-2.7036
1996-09-01,1996-10-01,ME1 BM3,-1.4503
1996-09-01,1996-10-01,ME1 BM4,1.1103
1996-09-01,1996-10-01,SMALL HiBM,0.9281
1996-09-01,1996-10-01,ME2 BM1,-5.3953
1996-09-01,1996-10-01,ME2 BM2,-1.4541
1996-09-01,1996-10-01,ME2 BM3,0.1544
1996-09-01,1996-10-01,ME2 BM4,1.9823
1996-09-01,1996-10-01,ME2 BM5,1.1143
1996-09-01,1996-10-01,ME3 BM1,-6.5755
1996-09-01,1996-10-01,ME3 BM2,-2.4682
1996-09-01,1996-10-01,ME3 BM3,0.2317
1996-09-01,1996-10-01,ME3 BM4,1.1203
1996-09-01,1996-10-01,ME3 BM5,1.5057
1996-09-01,1996-10-01,ME4 BM1,-3.9237
1996-09-01,1996-10-01,ME4 BM2,0.8279
1996-09-01,1996-10-01,ME4 BM3,2.2644
1996-09-01,1996-10-01,ME4 BM4,2.9812
1996-09-01,1996-10-01,ME4 BM5,3.3906
1996-09-01,1996-10-01,BIG LoBM,1.6608
1996-09-01,1996-10-01,ME5 BM2,1.1424
1996-09-01,1996-10-01,ME5 BM3,5.6155
1996-09-01,1996-10-01,ME5 BM4,5.5768
1996-09-01,1996-10-01,BIG HiBM,4.6019
1996-10-01,1996-11-01,SMALL LoBM,-0.5979
1996-10-01,1996-11-01,ME1 BM2,1.8958
1996-10-01,1996-11-01,ME1 BM3,3.2591
1996-10-01,1996-11-01,ME1 BM4,4.2677
1996-10-01,1996-11-01,SMALL HiBM,4.2846
1996-10-01,1996-11-01,ME2 BM1,1.1139
1996-10-01,1996-11-01,ME2 BM2,3.8452
1996-10-01,1996-11-01,ME2 BM3,4.4282
1996-10-01,1996-11-01,ME2 BM4,4.518
1996-10-01,1996-11-01,ME2 BM5,3.8162
1996-10-01,1996-11-01,ME3 BM1,1.534
1996-10-01,1996-11-01,ME3 BM2,5.8615
1996-10-01,1996-11-01,ME3 BM3,6.2766
1996-10-01,1996-11-01,ME3 BM4,7.0593
1996-10-01,1996-11-01,ME3 BM5,3.9764
1996-10-01,1996-11-01,ME4 BM1,5.4239
1996-10-01,1996-11-01,ME4 BM2,5.4299
1996-10-01,1996-11-01,ME4 BM3,5.6379
1996-10-01,1996-11-01,ME4 BM4,6.7179
1996-10-01,1996-11-01,ME4 BM5,8.2978
1996-10-01,1996-11-01,BIG LoBM,7.4883
1996-10-01,1996-11-01,ME5 BM2,7.2096
1996-10-01,1996-11-01,ME5 BM3,8.2519
1996-10-01,1996-11-01,ME5 BM4,8.6856
1996-10-01,1996-11-01,BIG HiBM,6.6994
1996-11-01,1996-12-01,SMALL LoBM,-0.2233
1996-11-01,1996-12-01,ME1 BM2,0.5883
1996-11-01,1996-12-01,ME1 BM3,2.4377
1996-11-01,1996-12-01,ME1 BM4,2.4391
1996-11-01,1996-12-01,SMALL HiBM,1.7083
1996-11-01,1996-12-01,ME2 BM1,1.7008
1996-11-01,1996-12-01,ME2 BM2,2.0787
1996-11-01,1996-12-01,ME2 BM3,3.2079
1996-11-01,1996-12-01,ME2 BM4,3.2868
1996-11-01,1996-12-01,ME2 BM5,2.0619
1996-11-01,1996-12-01,ME3 BM1,-0.3039
1996-11-01,1996-12-01,ME3 BM2,0.641
1996-11-01,1996-12-01,ME3 BM3,1.7918
1996-11-01,1996-12-01,ME3 BM4,0.8803
1996-11-01,1996-12-01,ME3 BM5,2.1837
1996-11-01,1996-12-01,ME4 BM1,-2.0728
1996-11-01,1996-12-01,ME4 BM2,0.4265
1996-11-01,1996-12-01,ME4 BM3,-0.5627
1996-11-01,1996-12-01,ME4 BM4,-0.0103
1996-11-01,1996-12-01,ME4 BM5,1.9939
1996-11-01,1996-12-01,BIG LoBM,-2.0095
1996-11-01,1996-12-01,ME5 BM2,-0.4781
1996-11-01,1996-12-01,ME5 BM3,-2.5623
1996-11-01,1996-12-01,ME5 BM4,-2.6242
1996-11-01,1996-12-01,BIG HiBM,-1.2617
1996-12-01,1997-01-01,SMALL LoBM,6.3435
1996-12-01,1997-01-01,ME1 BM2,4.6521
1996-12-01,1997-01-01,ME1 BM3,6.7731
1996-12-01,1997-01-01,ME1 BM4,4.8322
1996-12-01,1997-01-01,SMALL HiBM,4.0728
1996-12-01,1997-01-01,ME2 BM1,4.0518
1996-12-01,1997-01-01,ME2 BM2,2.7263
1996-12-01,1997-01-01,ME2 BM3,1.9268
1996-12-01,1997-01-01,ME2 BM4,0.923
1996-12-01,1997-01-01,ME2 BM5,1.7805
1996-12-01,1997-01-01,ME3 BM1,0.2157
1996-12-01,1997-01-01,ME3 BM2,3.9509
1996-12-01,1997-01-01,ME3 BM3,0.6116
1996-12-01,1997-01-01,ME3 BM4,2.9493
1996-12-01,1997-01-01,ME3 BM5,4.753
1996-12-01,1997-01-01,ME4 BM1,2.1594
1996-12-01,1997-01-01,ME4 BM2,3.6778
1996-12-01,1997-01-01,ME4 BM3,4.3217
1996-12-01,1997-01-01,ME4 BM4,1.9251
1996-12-01,1997-01-01,ME4 BM5,5.0162
1996-12-01,1997-01-01,BIG LoBM,7.6782
1996-12-01,1997-01-01,ME5 BM2,5.0839
1996-12-01,1997-01-01,ME5 BM3,4.9721
1996-12-01,1997-01-01,ME5 BM4,5.3784
1996-12-01,1997-01-01,BIG HiBM,4.0137
1997-01-01,1997-02-01,SMALL LoBM,-5.9053
1997-01-01,1997-02-01,ME1 BM2,-5.2302
1997-01-01,1997-02-01,ME1 BM3,-2.4687
1997-01-01,1997-02-01,ME1 BM4,0.7713
1997-01-01,1997-02-01,SMALL HiBM,0.6873
1997-01-01,1997-02-01,ME2 BM1,-8.9478
1997-01-01,1997-02-01,ME2 BM2,-2.8415
1997-01-01,1997-02-01,ME2 BM3,-0.6668
1997-01-01,1997-02-01,ME2 BM4,0.612
1997-01-01,1997-02-01,ME2 BM5,2.658
1997-01-01,1997-02-01,ME3 BM1,-6.3634
1997-01-01,1997-02-01,ME3 BM2,-1.7301
1997-01-01,1997-02-01,ME3 BM3,0.4085
1997-01-01,1997-02-01,ME3 BM4,1.5337
1997-01-01,1997-02-01,ME3 BM5,2.0282
1997-01-01,1997-02-01,ME4 BM1,-3.7422
1997-01-01,1997-02-01,ME4 BM2,1.1339
1997-01-01,1997-02-01,ME4 BM3,0.078
1997-01-01,1997-02-01,ME4 BM4,2.4983
1997-01-01,1997-02-01,ME4 BM5,3.7466
1997-01-01,1997-02-01,BIG LoBM,0.8133
1997-01-01,1997-02-01,ME5 BM2,-1.5718
1997-01-01,1997-02-01,ME5 BM3,-0.066
1997-01-01,1997-02-01,ME5 BM4,3.0265
1997-01-01,1997-02-01,BIG HiBM,4.9558
1997-02-01,1997-03-01,SMALL LoBM,-9.6115
1997-02-01,1997-03-01,ME1 BM2,-6.2062
1997-02-01,1997-03-01,ME1 BM3,-3.9635
1997-02-01,1997-03-01,ME1 BM4,-2.5576
1997-02-01,1997-03-01,SMALL HiBM,-1.8929
1997-02-01,1997-03-01,ME2 BM1,-9.4067
1997-02-01,1997-03-01,ME2 BM2,-5.7741
1997-02-01,1997-03-01,ME2 BM3,-2.7941
1997-02-01,1997-03-01,ME2 BM4,-2.4792
1997-02-01,1997-03-01,ME2 BM5,-1.4728
1997-02-01,1997-03-01,ME3 BM1,-7.9605
1997-02-01,1997-03-01,ME3 BM2,-3.6046
1997-02-01,1997-03-01,ME3 BM3,-3.5423
1997-02-01,1997-03-01,ME3 BM4,-2.7462
1997-02-01,1997-03-01,ME3 BM5,-2.0353
1997-02-01,1997-03-01,ME4 BM1,-7.4527
1997-02-01,1997-03-01,ME4 BM2,-3.6609
1997-02-01,1997-03-01,ME4 BM3,-3.1804
1997-02-01,1997-03-01,ME4 BM4,-4.5199
1997-02-01,1997-03-01,ME4 BM5,-3.6789
1997-02-01,1997-03-01,BIG LoBM,-5.4917
1997-02-01,1997-03-01,ME5 BM2,-0.9056
1997-02-01,1997-03-01,ME5 BM3,-3.925
1997-02-01,1997-03-01,ME5 BM4,-5.8009
1997-02-01,1997-03-01,BIG HiBM,-5.6178
1997-03-01,1997-04-01,SMALL LoBM,-5.1354
1997-03-01,1997-04-01,ME1 BM2,-3.951
1997-03-01,1997-04-01,ME1 BM3,-3.3753
1997-03-01,1997-04-01,ME1 BM4,-1.4213
1997-03-01,1997-04-01,SMALL HiBM,-2.5178
1997-03-01,1997-04-01,ME2 BM1,-4.3795
1997-03-01,1997-04-01,ME2 BM2,-0.2387
1997-03-01,1997-04-01,ME2 BM3,-0.1463
1997-03-01,1997-04-01,ME2 BM4,1.8826
1997-03-01,1997-04-01,ME2 BM5,0.0871
1997-03-01,1997-04-01,ME3 BM1,-1.2362
1997-03-01,1997-04-01,ME3 BM2,2.4743
1997-03-01,1997-04-01,ME3 BM3,3.9179
1997-03-01,1997-04-01,ME3 BM4,3.2648
1997-03-01,1997-04-01,ME3 BM5,1.28
1997-03-01,1997-04-01,ME4 BM1,2.061
1997-03-01,1997-04-01,ME4 BM2,2.4583
1997-03-01,1997-04-01,ME4 BM3,1.9888
1997-03-01,1997-04-01,ME4 BM4,3.0713
1997-03-01,1997-04-01,ME4 BM5,1.983
1997-03-01,1997-04-01,BIG LoBM,7.961
1997-03-01,1997-04-01,ME5 BM2,2.4821
1997-03-01,1997-04-01,ME5 BM3,6.229
1997-03-01,1997-04-01,ME5 BM4,4.9844
1997-03-01,1997-04-01,BIG HiBM,1.3764
1997-04-01,1997-05-01,SMALL LoBM,12.5753
1997-04-01,1997-05-01,ME1 BM2,11.1792
1997-04-01,1997-05-01,ME1 BM3,11.0515
1997-04-01,1997-05-01,ME1 BM4,8.4541
1997-04-01,1997-05-01,SMALL HiBM,7.9802
1997-04-01,1997-05-01,ME2 BM1,17.0976
1997-04-01,1997-05-01,ME2 BM2,14.764
1997-04-01,1997-05-01,ME2 BM3,9.8434
1997-04-01,1997-05-01,ME2 BM4,9.1649
1997-04-01,1997-05-01,ME2 BM5,8.5523
1997-04-01,1997-05-01,ME3 BM1,15.169
1997-04-01,1997-05-01,ME3 BM2,10.4701
1997-04-01,1997-05-01,ME3 BM3,7.8365
1997-04-01,1997-05-01,ME3 BM4,6.9501
1997-04-01,1997-05-01,ME3 BM5,7.0456
1997-04-01,1997-05-01,ME4 BM1,9.696
1997-04-01,1997-05-01,ME4 BM2,7.4311
1997-04-01,1997-05-01,ME4 BM3,5.5854
1997-04-01,1997-05-01,ME4 BM4,7.1565
1997-04-01,1997-05-01,ME4 BM5,6.9965
1997-04-01,1997-05-01,BIG LoBM,6.1198
1997-04-01,1997-05-01,ME5 BM2,7.1483
1997-04-01,1997-05-01,ME5 BM3,6.0522
1997-04-01,1997-05-01,ME5 BM4,4.3475
1997-04-01,1997-05-01,BIG HiBM,6.5452
1997-05-01,1997-06-01,SMALL LoBM,3.9427
1997-05-01,1997-06-01,ME1 BM2,4.6884
1997-05-01,1997-06-01,ME1 BM3,5.8493
1997-05-01,1997-06-01,ME1 BM4,7.1977
1997-05-01,1997-06-01,SMALL HiBM,7.3816
1997-05-01,1997-06-01,ME2 BM1,2.7462
1997-05-01,1997-06-01,ME2 BM2,5.7003
1997-05-01,1997-06-01,ME2 BM3,5.887
1997-05-01,1997-06-01,ME2 BM4,5.4893
1997-05-01,1997-06-01,ME2 BM5,6.7854
1997-05-01,1997-06-01,ME3 BM1,4.2445
1997-05-01,1997-06-01,ME3 BM2,3.5419
1997-05-01,1997-06-01,ME3 BM3,5.1382
1997-05-01,1997-06-01,ME3 BM4,5.4152
1997-05-01,1997-06-01,ME3 BM5,5.2207
1997-05-01,1997-06-01,ME4 BM1,2.2359
1997-05-01,1997-06-01,ME4 BM2,3.7825
1997-05-01,1997-06-01,ME4 BM3,5.1076
1997-05-01,1997-06-01,ME4 BM4,2.5849
1997-05-01,1997-06-01,ME4 BM5,4.3212
1997-05-01,1997-06-01,BIG LoBM,4.7141
1997-05-01,1997-06-01,ME5 BM2,2.7025
1997-05-01,1997-06-01,ME5 BM3,5.1081
1997-05-01,1997-06-01,ME5 BM4,4.3558
1997-05-01,1997-06-01,BIG HiBM,4.0599
1997-06-01,1997-07-01,SMALL LoBM,3.5717
1997-06-01,1997-07-01,ME1 BM2,5.1456
1997-06-01,1997-07-01,ME1 BM3,6.0325
1997-06-01,1997-07-01,ME1 BM4,6.208
1997-06-01,1997-07-01,SMALL HiBM,5.6416
1997-06-01,1997-07-01,ME2 BM1,5.5802
1997-06-01,1997-07-01,ME2 BM2,5.1004
1997-06-01,1997-07-01,ME2 BM3,4.0456
1997-06-01,1997-07-01,ME2 BM4,4.7587
1997-06-01,1997-07-01,ME2 BM5,5.3787
1997-06-01,1997-07-01,ME3 BM1,4.8166
1997-06-01,1997-07-01,ME3 BM2,7.4068
1997-06-01,1997-07-01,ME3 BM3,6.751
1997-06-01,1997-07-01,ME3 BM4,5.3713
1997-06-01,1997-07-01,ME3 BM5,6.0176
1997-06-01,1997-07-01,ME4 BM1,7.0897
1997-06-01,1997-07-01,ME4 BM2,6.6717
1997-06-01,1997-07-01,ME4 BM3,6.4601
1997-06-01,1997-07-01,ME4 BM4,7.6941
1997-06-01,1997-07-01,ME4 BM5,5.6572
1997-06-01,1997-07-01,BIG LoBM,7.5638
1997-06-01,1997-07-01,ME5 BM2,8.9245
1997-06-01,1997-07-01,ME5 BM3,10.8379
1997-06-01,1997-07-01,ME5 BM4,6.406
1997-06-01,1997-07-01,BIG HiBM,8.094
1997-07-01,1997-08-01,SMALL LoBM,5.5477
1997-07-01,1997-08-01,ME1 BM2,4.9008
1997-07-01,1997-08-01,ME1 BM3,3.7275
1997-07-01,1997-08-01,ME1 BM4,3.4262
1997-07-01,1997-08-01,SMALL HiBM,4.2396
1997-07-01,1997-08-01,ME2 BM1,3.4467
1997-07-01,1997-08-01,ME2 BM2,2.8362
1997-07-01,1997-08-01,ME2 BM3,3.8276
1997-07-01,1997-08-01,ME2 BM4,1.9056
1997-07-01,1997-08-01,ME2 BM5,3.7029
1997-07-01,1997-08-01,ME3 BM1,2.185
1997-07-01,1997-08-01,ME3 BM2,2.6539
1997-07-01,1997-08-01,ME3 BM3,1.5283
1997-07-01,1997-08-01,ME3 BM4,0.3166
1997-07-01,1997-08-01,ME3 BM5,1.0715
1997-07-01,1997-08-01,ME4 BM1,0.2686
1997-07-01,1997-08-01,ME4 BM2,0.1618
1997-07-01,1997-08-01,ME4 BM3,0.5377
1997-07-01,1997-08-01,ME4 BM4,-0.953
1997-07-01,1997-08-01,ME4 BM5,0.3958
1997-07-01,1997-08-01,BIG LoBM,-7.0409
1997-07-01,1997-08-01,ME5 BM2,-3.3292
1997-07-01,1997-08-01,ME5 BM3,-5.0063
1997-07-01,1997-08-01,ME5 BM4,-4.5033
1997-07-01,1997-08-01,BIG HiBM,-5.5263
1997-08-01,1997-09-01,SMALL LoBM,10.3088
1997-08-01,1997-09-01,ME1 BM2,9.8094
1997-08-01,1997-09-01,ME1 BM3,9.5662
1997-08-01,1997-09-01,ME1 BM4,7.6611
1997-08-01,1997-09-01,SMALL HiBM,9.0164
1997-08-01,1997-09-01,ME2 BM1,7.4865
1997-08-01,1997-09-01,ME2 BM2,8.0169
1997-08-01,1997-09-01,ME2 BM3,7.0803
1997-08-01,1997-09-01,ME2 BM4,7.7591
1997-08-01,1997-09-01,ME2 BM5,7.2951
1997-08-01,1997-09-01,ME3 BM1,6.9736
1997-08-01,1997-09-01,ME3 BM2,6.6324
1997-08-01,1997-09-01,ME3 BM3,6.9892
1997-08-01,1997-09-01,ME3 BM4,6.9914
1997-08-01,1997-09-01,ME3 BM5,7.1006
1997-08-01,1997-09-01,ME4 BM1,5.2558
1997-08-01,1997-09-01,ME4 BM2,5.5387
1997-08-01,1997-09-01,ME4 BM3,5.4359
1997-08-01,1997-09-01,ME4 BM4,5.7445
1997-08-01,1997-09-01,ME4 BM5,4.0544
1997-08-01,1997-09-01,BIG LoBM,4.8886
1997-08-01,1997-09-01,ME5 BM2,5.3265
1997-08-01,1997-09-01,ME5 BM3,6.6187
1997-08-01,1997-09-01,ME5 BM4,6.1953
1997-08-01,1997-09-01,BIG HiBM,7.259
1997-09-01,1997-10-01,SMALL LoBM,-5.7394
1997-09-01,1997-10-01,ME1 BM2,-3.6608
1997-09-01,1997-10-01,ME1 BM3,-4.1294
1997-09-01,1997-10-01,ME1 BM4,-0.6695
1997-09-01,1997-10-01,SMALL HiBM,-1.1798
1997-09-01,1997-10-01,ME2 BM1,-5.9971
1997-09-01,1997-10-01,ME2 BM2,-4.969
1997-09-01,1997-10-01,ME2 BM3,-4.583
1997-09-01,1997-10-01,ME2 BM4,-3.0073
1997-09-01,1997-10-01,ME2 BM5,-2.5379
1997-09-01,1997-10-01,ME3 BM1,-6.4834
1997-09-01,1997-10-01,ME3 BM2,-3.1606
1997-09-01,1997-10-01,ME3 BM3,-3.8528
1997-09-01,1997-10-01,ME3 BM4,-2.5055
1997-09-01,1997-10-01,ME3 BM5,-3.1279
1997-09-01,1997-10-01,ME4 BM1,-6.4723
1997-09-01,1997-10-01,ME4 BM2,-6.1046
1997-09-01,1997-10-01,ME4 BM3,-2.7762
1997-09-01,1997-10-01,ME4 BM4,-4.4773
1997-09-01,1997-10-01,ME4 BM5,-4.6168
1997-09-01,1997-10-01,BIG LoBM,-2.682
1997-09-01,1997-10-01,ME5 BM2,-3.9278
1997-09-01,1997-10-01,ME5 BM3,-3.3616
1997-09-01,1997-10-01,ME5 BM4,-1.0036
1997-09-01,1997-10-01,BIG HiBM,-3.362
1997-10-01,1997-11-01,SMALL LoBM,-3.2921
1997-10-01,1997-11-01,ME1 BM2,-3.4337
1997-10-01,1997-11-01,ME1 BM3,-2.5593
1997-10-01,1997-11-01,ME1 BM4,-0.1337
1997-10-01,1997-11-01,SMALL HiBM,-0.2713
1997-10-01,1997-11-01,ME2 BM1,-3.4046
1997-10-01,1997-11-01,ME2 BM2,-2.6622
1997-10-01,1997-11-01,ME2 BM3,-0.4717
1997-10-01,1997-11-01,ME2 BM4,-0.2376
1997-10-01,1997-11-01,ME2 BM5,-0.1303
1997-10-01,1997-11-01,ME3 BM1,-3.3494
1997-10-01,1997-11-01,ME3 BM2,-1.915
1997-10-01,1997-11-01,ME3 BM3,0.8965
1997-10-01,1997-11-01,ME3 BM4,2.6116
1997-10-01,1997-11-01,ME3 BM5,1.5835
1997-10-01,1997-11-01,ME4 BM1,0.8277
1997-10-01,1997-11-01,ME4 BM2,-0.0036
1997-10-01,1997-11-01,ME4 BM3,4.2811
1997-10-01,1997-11-01,ME4 BM4,3.1772
1997-10-01,1997-11-01,ME4 BM5,3.4937
1997-10-01,1997-11-01,BIG LoBM,5.6435
1997-10-01,1997-11-01,ME5 BM2,4.2439
1997-10-01,1997-11-01,ME5 BM3,2.4544
1997-10-01,1997-11-01,ME5 BM4,4.9062
1997-10-01,1997-11-01,BIG HiBM,3.914
1997-11-01,1997-12-01,SMALL LoBM,-5.8452
1997-11-01,1997-12-01,ME1 BM2,-2.9415
1997-11-01,1997-12-01,ME1 BM3,-2.0779
1997-11-01,1997-12-01,ME1 BM4,0.7169
1997-11-01,1997-12-01,SMALL HiBM,1.3904
1997-11-01,1997-12-01,ME2 BM1,-1.1289
1997-11-01,1997-12-01,ME2 BM2,-1.6687
1997-11-01,1997-12-01,ME2 BM3,1.2746
1997-11-01,1997-12-01,ME2 BM4,3.9791
1997-11-01,1997-12-01,ME2 BM5,2.1872
1997-11-01,1997-12-01,ME3 BM1,0.895
1997-11-01,1997-12-01,ME3 BM2,0.0398
1997-11-01,1997-12-01,ME3 BM3,2.3805
1997-11-01,1997-12-01,ME3 BM4,4.5816
1997-11-01,1997-12-01,ME3 BM5,3.2218
1997-11-01,1997-12-01,ME4 BM1,-1.6443
1997-11-01,1997-12-01,ME4 BM2,2.0434
1997-11-01,1997-12-01,ME4 BM3,2.8993
1997-11-01,1997-12-01,ME4 BM4,5.8884
1997-11-01,1997-12-01,ME4 BM5,1.1587
1997-11-01,1997-12-01,BIG LoBM,1.3247
1997-11-01,1997-12-01,ME5 BM2,1.8266
1997-11-01,1997-12-01,ME5 BM3,3.3844
1997-11-01,1997-12-01,ME5 BM4,4.6645
1997-11-01,1997-12-01,BIG HiBM,3.0148
1997-12-01,1998-01-01,SMALL LoBM,0.2811
1997-12-01,1998-01-01,ME1 BM2,-0.8501
1997-12-01,1998-01-01,ME1 BM3,-1.5376
1997-12-01,1998-01-01,ME1 BM4,-0.5395
1997-12-01,1998-01-01,SMALL HiBM,-0.7748
1997-12-01,1998-01-01,ME2 BM1,0.369
1997-12-01,1998-01-01,ME2 BM2,-1.896
1997-12-01,1998-01-01,ME2 BM3,-1.7854
1997-12-01,1998-01-01,ME2 BM4,-2.0938
1997-12-01,1998-01-01,ME2 BM5,-1.9421
1997-12-01,1998-01-01,ME3 BM1,-0.7351
1997-12-01,1998-01-01,ME3 BM2,-0.7536
1997-12-01,1998-01-01,ME3 BM3,-1.8069
1997-12-01,1998-01-01,ME3 BM4,-4.4544
1997-12-01,1998-01-01,ME3 BM5,1.6617
1997-12-01,1998-01-01,ME4 BM1,-1.3139
1997-12-01,1998-01-01,ME4 BM2,-0.5191
1997-12-01,1998-01-01,ME4 BM3,-1.9475
1997-12-01,1998-01-01,ME4 BM4,-1.8648
1997-12-01,1998-01-01,ME4 BM5,1.252
1997-12-01,1998-01-01,BIG LoBM,3.6527
1997-12-01,1998-01-01,ME5 BM2,-0.5316
1997-12-01,1998-01-01,ME5 BM3,-3.2445
1997-12-01,1998-01-01,ME5 BM4,-0.0477
1997-12-01,1998-01-01,BIG HiBM,0.4601
1998-01-01,1998-02-01,SMALL LoBM,6.3703
1998-01-01,1998-02-01,ME1 BM2,6.8942
1998-01-01,1998-02-01,ME1 BM3,5.539
1998-01-01,1998-02-01,ME1 BM4,5.1309
1998-01-01,1998-02-01,SMALL HiBM,6.5111
1998-01-01,1998-02-01,ME2 BM1,8.8039
1998-01-01,1998-02-01,ME2 BM2,8.5681
1998-01-01,1998-02-01,ME2 BM3,9.2554
1998-01-01,1998-02-01,ME2 BM4,6.3909
1998-01-01,1998-02-01,ME2 BM5,7.3892
1998-01-01,1998-02-01,ME3 BM1,9.1868
1998-01-01,1998-02-01,ME3 BM2,9.7263
1998-01-01,1998-02-01,ME3 BM3,6.8571
1998-01-01,1998-02-01,ME3 BM4,7.6439
1998-01-01,1998-02-01,ME3 BM5,8.7373
1998-01-01,1998-02-01,ME4 BM1,9.4368
1998-01-01,1998-02-01,ME4 BM2,7.6912
1998-01-01,1998-02-01,ME4 BM3,7.0468
1998-01-01,1998-02-01,ME4 BM4,6.1042
1998-01-01,1998-02-01,ME4 BM5,6.1586
1998-01-01,1998-02-01,BIG LoBM,6.8024
1998-01-01,1998-02-01,ME5 BM2,7.1108
1998-01-01,1998-02-01,ME5 BM3,9.6327
1998-01-01,1998-02-01,ME5 BM4,7.3372
1998-01-01,1998-02-01,BIG HiBM,7.3356
1998-02-01,1998-03-01,SMALL LoBM,4.498
1998-02-01,1998-03-01,ME1 BM2,6.2291
1998-02-01,1998-03-01,ME1 BM3,4.9267
1998-02-01,1998-03-01,ME1 BM4,4.6324
1998-02-01,1998-03-01,SMALL HiBM,5.0095
1998-02-01,1998-03-01,ME2 BM1,4.4599
1998-02-01,1998-03-01,ME2 BM2,6.3908
1998-02-01,1998-03-01,ME2 BM3,2.932
1998-02-01,1998-03-01,ME2 BM4,3.9485
1998-02-01,1998-03-01,ME2 BM5,4.7846
1998-02-01,1998-03-01,ME3 BM1,4.4484
1998-02-01,1998-03-01,ME3 BM2,2.9969
1998-02-01,1998-03-01,ME3 BM3,5.2889
1998-02-01,1998-03-01,ME3 BM4,3.6656
1998-02-01,1998-03-01,ME3 BM5,5.7973
1998-02-01,1998-03-01,ME4 BM1,3.6659
1998-02-01,1998-03-01,ME4 BM2,5.083
1998-02-01,1998-03-01,ME4 BM3,5.0766
1998-02-01,1998-03-01,ME4 BM4,4.4256
1998-02-01,1998-03-01,ME4 BM5,7.6845
1998-02-01,1998-03-01,BIG LoBM,5.202
1998-02-01,1998-03-01,ME5 BM2,3.7078
1998-02-01,1998-03-01,ME5 BM3,5.576
1998-02-01,1998-03-01,ME5 BM4,8.5147
1998-02-01,1998-03-01,BIG HiBM,7.137
1998-03-01,1998-04-01,SMALL LoBM,2.427
1998-03-01,1998-04-01,ME1 BM2,2.5934
1998-03-01,1998-04-01,ME1 BM3,3.6147
1998-03-01,1998-04-01,ME1 BM4,2.1101
1998-03-01,1998-04-01,SMALL HiBM,2.7965
1998-03-01,1998-04-01,ME2 BM1,-0.0312
1998-03-01,1998-04-01,ME2 BM2,1.3164
1998-03-01,1998-04-01,ME2 BM3,0.7106
1998-03-01,1998-04-01,ME2 BM4,2.2295
1998-03-01,1998-04-01,ME2 BM5,1.9969
1998-03-01,1998-04-01,ME3 BM1,1.4045
1998-03-01,1998-04-01,ME3 BM2,0.201
1998-03-01,1998-04-01,ME3 BM3,0.214
1998-03-01,1998-04-01,ME3 BM4,0.2384
1998-03-01,1998-04-01,ME3 BM5,0.8291
1998-03-01,1998-04-01,ME4 BM1,0.1282
1998-03-01,1998-04-01,ME4 BM2,-0.0905
1998-03-01,1998-04-01,ME4 BM3,0.0101
1998-03-01,1998-04-01,ME4 BM4,0.8332
1998-03-01,1998-04-01,ME4 BM5,0.4889
1998-03-01,1998-04-01,BIG LoBM,1.0083
1998-03-01,1998-04-01,ME5 BM2,2.2497
1998-03-01,1998-04-01,ME5 BM3,1.1698
1998-03-01,1998-04-01,ME5 BM4,2.5616
1998-03-01,1998-04-01,BIG HiBM,-0.7286
1998-04-01,1998-05-01,SMALL LoBM,-6.8772
1998-04-01,1998-05-01,ME1 BM2,-6.3633
1998-04-01,1998-05-01,ME1 BM3,-3.9968
1998-04-01,1998-05-01,ME1 BM4,-3.2426
1998-04-01,1998-05-01,SMALL HiBM,-2.295
1998-04-01,1998-05-01,ME2 BM1,-9.0415
1998-04-01,1998-05-01,ME2 BM2,-6.279
1998-04-01,1998-05-01,ME2 BM3,-4.9332
1998-04-01,1998-05-01,ME2 BM4,-3.524
1998-04-01,1998-05-01,ME2 BM5,-2.6161
1998-04-01,1998-05-01,ME3 BM1,-7.6855
1998-04-01,1998-05-01,ME3 BM2,-6.1601
1998-04-01,1998-05-01,ME3 BM3,-5.0858
1998-04-01,1998-05-01,ME3 BM4,-4.5405
1998-04-01,1998-05-01,ME3 BM5,-2.4247
1998-04-01,1998-05-01,ME4 BM1,-4.9775
1998-04-01,1998-05-01,ME4 BM2,-2.9617
1998-04-01,1998-05-01,ME4 BM3,-3.3501
1998-04-01,1998-05-01,ME4 BM4,-3.0109
1998-04-01,1998-05-01,ME4 BM5,-3.5852
1998-04-01,1998-05-01,BIG LoBM,-2.3004
1998-04-01,1998-05-01,ME5 BM2,-1.5006
1998-04-01,1998-05-01,ME5 BM3,-1.7026
1998-04-01,1998-05-01,ME5 BM4,0.7039
1998-04-01,1998-05-01,BIG HiBM,-1.2857
1998-05-01,1998-06-01,SMALL LoBM,-0.2835
1998-05-01,1998-06-01,ME1 BM2,1.1143
1998-05-01,1998-06-01,ME1 BM3,-2.7902
1998-05-01,1998-06-01,ME1 BM4,-0.3996
1998-05-01,1998-06-01,SMALL HiBM,-1.1504
1998-05-01,1998-06-01,ME2 BM1,1.9822
1998-05-01,1998-06-01,ME2 BM2,-2.2654
1998-05-01,1998-06-01,ME2 BM3,0.239
1998-05-01,1998-06-01,ME2 BM4,-1.0254
1998-05-01,1998-06-01,ME2 BM5,0.196
1998-05-01,1998-06-01,ME3 BM1,3.749
1998-05-01,1998-06-01,ME3 BM2,-2.0198
1998-05-01,1998-06-01,ME3 BM3,-0.8256
1998-05-01,1998-06-01,ME3 BM4,-0.0635
1998-05-01,1998-06-01,ME3 BM5,0.2391
1998-05-01,1998-06-01,ME4 BM1,1.309
1998-05-01,1998-06-01,ME4 BM2,-0.5833
1998-05-01,1998-06-01,ME4 BM3,0.1763
1998-05-01,1998-06-01,ME4 BM4,1.6135
1998-05-01,1998-06-01,ME4 BM5,0.8176
1998-05-01,1998-06-01,BIG LoBM,7.0709
1998-05-01,1998-06-01,ME5 BM2,1.5923
1998-05-01,1998-06-01,ME5 BM3,2.3963
1998-05-01,1998-06-01,ME5 BM4,5.1279
1998-05-01,1998-06-01,BIG HiBM,0.7498
1998-06-01,1998-07-01,SMALL LoBM,-7.5859
1998-06-01,1998-07-01,ME1 BM2,-7.1925
1998-06-01,1998-07-01,ME1 BM3,-5.8063
1998-06-01,1998-07-01,ME1 BM4,-6.2948
1998-06-01,1998-07-01,SMALL HiBM,-5.5081
1998-06-01,1998-07-01,ME2 BM1,-7.7371
1998-06-01,1998-07-01,ME2 BM2,-7.4267
1998-06-01,1998-07-01,ME2 BM3,-7.7664
1998-06-01,1998-07-01,ME2 BM4,-9.106
1998-06-01,1998-07-01,ME2 BM5,-7.0759
1998-06-01,1998-07-01,ME3 BM1,-7.9056
1998-06-01,1998-07-01,ME3 BM2,-7.5142
1998-06-01,1998-07-01,ME3 BM3,-7.8014
1998-06-01,1998-07-01,ME3 BM4,-8.0478
1998-06-01,1998-07-01,ME3 BM5,-8.7004
1998-06-01,1998-07-01,ME4 BM1,-6.0963
1998-06-01,1998-07-01,ME4 BM2,-4.6096
1998-06-01,1998-07-01,ME4 BM3,-5.7131
1998-06-01,1998-07-01,ME4 BM4,-5.3829
1998-06-01,1998-07-01,ME4 BM5,-4.0827
1998-06-01,1998-07-01,BIG LoBM,0.4594
1998-06-01,1998-07-01,ME5 BM2,-2.4637
1998-06-01,1998-07-01,ME5 BM3,-1.3102
1998-06-01,1998-07-01,ME5 BM4,-2.8549
1998-06-01,1998-07-01,BIG HiBM,-2.4939
1998-07-01,1998-08-01,SMALL LoBM,-28.0082
1998-07-01,1998-08-01,ME1 BM2,-21.4465
1998-07-01,1998-08-01,ME1 BM3,-20.2997
1998-07-01,1998-08-01,ME1 BM4,-19.1488
1998-07-01,1998-08-01,SMALL HiBM,-18.4778
1998-07-01,1998-08-01,ME2 BM1,-25.3329
1998-07-01,1998-08-01,ME2 BM2,-20.3631
1998-07-01,1998-08-01,ME2 BM3,-17.6399
1998-07-01,1998-08-01,ME2 BM4,-16.0338
1998-07-01,1998-08-01,ME2 BM5,-18.6318
1998-07-01,1998-08-01,ME3 BM1,-22.8458
1998-07-01,1998-08-01,ME3 BM2,-21.6437
1998-07-01,1998-08-01,ME3 BM3,-17.6077
1998-07-01,1998-08-01,ME3 BM4,-16.2959
1998-07-01,1998-08-01,ME3 BM5,-18.486
1998-07-01,1998-08-01,ME4 BM1,-19.8122
1998-07-01,1998-08-01,ME4 BM2,-18.6923
1998-07-01,1998-08-01,ME4 BM3,-18.2094
1998-07-01,1998-08-01,ME4 BM4,-11.8864
1998-07-01,1998-08-01,ME4 BM5,-12.6622
1998-07-01,1998-08-01,BIG LoBM,-12.9642
1998-07-01,1998-08-01,ME5 BM2,-16.9683
1998-07-01,1998-08-01,ME5 BM3,-17.7298
1998-07-01,1998-08-01,ME5 BM4,-15.5614
1998-07-01,1998-08-01,BIG HiBM,-12.573
1998-08-01,1998-09-01,SMALL LoBM,7.1655
1998-08-01,1998-09-01,ME1 BM2,3.467
1998-08-01,1998-09-01,ME1 BM3,3.6392
1998-08-01,1998-09-01,ME1 BM4,3.5826
1998-08-01,1998-09-01,SMALL HiBM,1.5481
1998-08-01,1998-09-01,ME2 BM1,12.6676
1998-08-01,1998-09-01,ME2 BM2,8.2
1998-08-01,1998-09-01,ME2 BM3,5.1632
1998-08-01,1998-09-01,ME2 BM4,4.3544
1998-08-01,1998-09-01,ME2 BM5,5.7215
1998-08-01,1998-09-01,ME3 BM1,11.4165
1998-08-01,1998-09-01,ME3 BM2,5.3139
1998-08-01,1998-09-01,ME3 BM3,8.3701
1998-08-01,1998-09-01,ME3 BM4,4.9229
1998-08-01,1998-09-01,ME3 BM5,2.5943
1998-08-01,1998-09-01,ME4 BM1,5.6566
1998-08-01,1998-09-01,ME4 BM2,7.136
1998-08-01,1998-09-01,ME4 BM3,6.7253
1998-08-01,1998-09-01,ME4 BM4,6.1295
1998-08-01,1998-09-01,ME4 BM5,6.1219
1998-08-01,1998-09-01,BIG LoBM,8.541
1998-08-01,1998-09-01,ME5 BM2,3.8726
1998-08-01,1998-09-01,ME5 BM3,2.8947
1998-08-01,1998-09-01,ME5 BM4,3.9459
1998-08-01,1998-09-01,BIG HiBM,9.7833
1998-09-01,1998-10-01,SMALL LoBM,3.3522
1998-09-01,1998-10-01,ME1 BM2,3.3009
1998-09-01,1998-10-01,ME1 BM3,1.1229
1998-09-01,1998-10-01,ME1 BM4,2.9131
1998-09-01,1998-10-01,SMALL HiBM,1.0943
1998-09-01,1998-10-01,ME2 BM1,5.3631
1998-09-01,1998-10-01,ME2 BM2,5.7304
1998-09-01,1998-10-01,ME2 BM3,3.6437
1998-09-01,1998-10-01,ME2 BM4,3.0366
1998-09-01,1998-10-01,ME2 BM5,2.0131
1998-09-01,1998-10-01,ME3 BM1,3.8993
1998-09-01,1998-10-01,ME3 BM2,6.4832
1998-09-01,1998-10-01,ME3 BM3,4.9172
1998-09-01,1998-10-01,ME3 BM4,3.5178
1998-09-01,1998-10-01,ME3 BM5,3.974
1998-09-01,1998-10-01,ME4 BM1,8.6532
1998-09-01,1998-10-01,ME4 BM2,9.293
1998-09-01,1998-10-01,ME4 BM3,6.4653
1998-09-01,1998-10-01,ME4 BM4,4.4913
1998-09-01,1998-10-01,ME4 BM5,3.4023
1998-09-01,1998-10-01,BIG LoBM,7.8418
1998-09-01,1998-10-01,ME5 BM2,7.8835
1998-09-01,1998-10-01,ME5 BM3,8.5849
1998-09-01,1998-10-01,ME5 BM4,8.2828
1998-09-01,1998-10-01,BIG HiBM,3.2383
1998-10-01,1998-11-01,SMALL LoBM,10.6173
1998-10-01,1998-11-01,ME1 BM2,8.474
1998-10-01,1998-11-01,ME1 BM3,6.1135
1998-10-01,1998-11-01,ME1 BM4,6.3256
1998-10-01,1998-11-01,SMALL HiBM,8.7453
1998-10-01,1998-11-01,ME2 BM1,9.1106
1998-10-01,1998-11-01,ME2 BM2,7.2129
1998-10-01,1998-11-01,ME2 BM3,3.9767
1998-10-01,1998-11-01,ME2 BM4,3.8339
1998-10-01,1998-11-01,ME2 BM5,6.388
1998-10-01,1998-11-01,ME3 BM1,9.3349
1998-10-01,1998-11-01,ME3 BM2,6.6211
1998-10-01,1998-11-01,ME3 BM3,2.7638
1998-10-01,1998-11-01,ME3 BM4,2.9953
1998-10-01,1998-11-01,ME3 BM5,3.0578
1998-10-01,1998-11-01,ME4 BM1,7.6243
1998-10-01,1998-11-01,ME4 BM2,2.2458
1998-10-01,1998-11-01,ME4 BM3,4.274
1998-10-01,1998-11-01,ME4 BM4,2.8283
1998-10-01,1998-11-01,ME4 BM5,4.3471
1998-10-01,1998-11-01,BIG LoBM,7.3633
1998-10-01,1998-11-01,ME5 BM2,6.0792
1998-10-01,1998-11-01,ME5 BM3,5.5577
1998-10-01,1998-11-01,ME5 BM4,4.9483
1998-10-01,1998-11-01,BIG HiBM,4.8269
1998-11-01,1998-12-01,SMALL LoBM,5.1491
1998-11-01,1998-12-01,ME1 BM2,1.2849
1998-11-01,1998-12-01,ME1 BM3,2.83
1998-11-01,1998-12-01,ME1 BM4,1.7251
1998-11-01,1998-12-01,SMALL HiBM,1.2221
1998-11-01,1998-12-01,ME2 BM1,7.1462
1998-11-01,1998-12-01,ME2 BM2,5.483
1998-11-01,1998-12-01,ME2 BM3,3.267
1998-11-01,1998-12-01,ME2 BM4,4.331
1998-11-01,1998-12-01,ME2 BM5,5.019
1998-11-01,1998-12-01,ME3 BM1,11.3118
1998-11-01,1998-12-01,ME3 BM2,8.1807
1998-11-01,1998-12-01,ME3 BM3,3.6953
1998-11-01,1998-12-01,ME3 BM4,4.5749
1998-11-01,1998-12-01,ME3 BM5,3.0915
1998-11-01,1998-12-01,ME4 BM1,10.2468
1998-11-01,1998-12-01,ME4 BM2,5.3732
1998-11-01,1998-12-01,ME4 BM3,3.7241
1998-11-01,1998-12-01,ME4 BM4,3.3138
1998-11-01,1998-12-01,ME4 BM5,2.3602
1998-11-01,1998-12-01,BIG LoBM,8.895
1998-11-01,1998-12-01,ME5 BM2,2.3436
1998-11-01,1998-12-01,ME5 BM3,2.7919
1998-11-01,1998-12-01,ME5 BM4,2.8904
1998-11-01,1998-12-01,BIG HiBM,5.0262
1998-12-01,1999-01-01,SMALL LoBM,7.7109
1998-12-01,1999-01-01,ME1 BM2,5.9439
1998-12-01,1999-01-01,ME1 BM3,4.9
1998-12-01,1999-01-01,ME1 BM4,4.054
1998-12-01,1999-01-01,SMALL HiBM,4.1225
1998-12-01,1999-01-01,ME2 BM1,6.3769
1998-12-01,1999-01-01,ME2 BM2,0.7878
1998-12-01,1999-01-01,ME2 BM3,-1.8899
1998-12-01,1999-01-01,ME2 BM4,-2.7141
1998-12-01,1999-01-01,ME2 BM5,0.7931
1998-12-01,1999-01-01,ME3 BM1,4.8925
1998-12-01,1999-01-01,ME3 BM2,0.5128
1998-12-01,1999-01-01,ME3 BM3,-1.3816
1998-12-01,1999-01-01,ME3 BM4,-2.031
1998-12-01,1999-01-01,ME3 BM5,-1.1328
1998-12-01,1999-01-01,ME4 BM1,1.5983
1998-12-01,1999-01-01,ME4 BM2,-3.5244
1998-12-01,1999-01-01,ME4 BM3,-1.7025
1998-12-01,1999-01-01,ME4 BM4,-3.6214
1998-12-01,1999-01-01,ME4 BM5,-2.3012
1998-12-01,1999-01-01,BIG LoBM,5.9903
1998-12-01,1999-01-01,ME5 BM2,1.4312
1998-12-01,1999-01-01,ME5 BM3,2.1379
1998-12-01,1999-01-01,ME5 BM4,1.5761
1998-12-01,1999-01-01,BIG HiBM,0.179
1999-01-01,1999-02-01,SMALL LoBM,-7.8133
1999-01-01,1999-02-01,ME1 BM2,-8.2238
1999-01-01,1999-02-01,ME1 BM3,-6.2125
1999-01-01,1999-02-01,ME1 BM4,-5.5715
1999-01-01,1999-02-01,SMALL HiBM,-5.6767
1999-01-01,1999-02-01,ME2 BM1,-9.243
1999-01-01,1999-02-01,ME2 BM2,-9.5678
1999-01-01,1999-02-01,ME2 BM3,-7.4702
1999-01-01,1999-02-01,ME2 BM4,-7.8764
1999-01-01,1999-02-01,ME2 BM5,-10.7683
1999-01-01,1999-02-01,ME3 BM1,-8.7896
1999-01-01,1999-02-01,ME3 BM2,-8.8518
1999-01-01,1999-02-01,ME3 BM3,-6.3094
1999-01-01,1999-02-01,ME3 BM4,-5.731
1999-01-01,1999-02-01,ME3 BM5,-6.3109
1999-01-01,1999-02-01,ME4 BM1,-5.6196
1999-01-01,1999-02-01,ME4 BM2,-4.6623
1999-01-01,1999-02-01,ME4 BM3,-3.2416
1999-01-01,1999-02-01,ME4 BM4,-4.4571
1999-01-01,1999-02-01,ME4 BM5,-1.6659
1999-01-01,1999-02-01,BIG LoBM,-4.714
1999-01-01,1999-02-01,ME5 BM2,-0.7197
1999-01-01,1999-02-01,ME5 BM3,-0.0101
1999-01-01,1999-02-01,ME5 BM4,-0.8285
1999-01-01,1999-02-01,BIG HiBM,-1.2803
1999-02-01,1999-03-01,SMALL LoBM,-1.9733
1999-02-01,1999-03-01,ME1 BM2,-7.3071
1999-02-01,1999-03-01,ME1 BM3,-1.0347
1999-02-01,1999-03-01,ME1 BM4,-3.7621
1999-02-01,1999-03-01,SMALL HiBM,-2.8415
1999-02-01,1999-03-01,ME2 BM1,0.0336
1999-02-01,1999-03-01,ME2 BM2,0.7617
1999-02-01,1999-03-01,ME2 BM3,0.1439
1999-02-01,1999-03-01,ME2 BM4,0.0371
1999-02-01,1999-03-01,ME2 BM5,-3.801
1999-02-01,1999-03-01,ME3 BM1,4.9731
1999-02-01,1999-03-01,ME3 BM2,1.9864
1999-02-01,1999-03-01,ME3 BM3,2.1041
1999-02-01,1999-03-01,ME3 BM4,-0.8469
1999-02-01,1999-03-01,ME3 BM5,-0.0555
1999-02-01,1999-03-01,ME4 BM1,3.8377
1999-02-01,1999-03-01,ME4 BM2,4.0674
1999-02-01,1999-03-01,ME4 BM3,1.7482
1999-02-01,1999-03-01,ME4 BM4,0.4561
1999-02-01,1999-03-01,ME4 BM5,-0.3585
1999-02-01,1999-03-01,BIG LoBM,4.3966
1999-02-01,1999-03-01,ME5 BM2,3.1082
1999-02-01,1999-03-01,ME5 BM3,4.5239
1999-02-01,1999-03-01,ME5 BM4,3.4152
1999-02-01,1999-03-01,BIG HiBM,2.143
1999-03-01,1999-04-01,SMALL LoBM,7.6532
1999-03-01,1999-04-01,ME1 BM2,9.3996
1999-03-01,1999-04-01,ME1 BM3,12.8698
1999-03-01,1999-04-01,ME1 BM4,11.3551
1999-03-01,1999-04-01,SMALL HiBM,8.5678
1999-03-01,1999-04-01,ME2 BM1,10.8472
1999-03-01,1999-04-01,ME2 BM2,10.8167
1999-03-01,1999-04-01,ME2 BM3,7.0932
1999-03-01,1999-04-01,ME2 BM4,8.5053
1999-03-01,1999-04-01,ME2 BM5,7.3751
1999-03-01,1999-04-01,ME3 BM1,7.6051
1999-03-01,1999-04-01,ME3 BM2,12.6215
1999-03-01,1999-04-01,ME3 BM3,8.9613
1999-03-01,1999-04-01,ME3 BM4,11.1381
1999-03-01,1999-04-01,ME3 BM5,8.3828
1999-03-01,1999-04-01,ME4 BM1,5.9276
1999-03-01,1999-04-01,ME4 BM2,11.6423
1999-03-01,1999-04-01,ME4 BM3,7.7879
1999-03-01,1999-04-01,ME4 BM4,11.7397
1999-03-01,1999-04-01,ME4 BM5,8.8819
1999-03-01,1999-04-01,BIG LoBM,0.7752
1999-03-01,1999-04-01,ME5 BM2,8.7991
1999-03-01,1999-04-01,ME5 BM3,7.4213
1999-03-01,1999-04-01,ME5 BM4,6.0063
1999-03-01,1999-04-01,BIG HiBM,2.4029
1999-04-01,1999-05-01,SMALL LoBM,1.8583
1999-04-01,1999-05-01,ME1 BM2,3.6293
1999-04-01,1999-05-01,ME1 BM3,2.154
1999-04-01,1999-05-01,ME1 BM4,2.1296
1999-04-01,1999-05-01,SMALL HiBM,4.1159
1999-04-01,1999-05-01,ME2 BM1,0.7631
1999-04-01,1999-05-01,ME2 BM2,0.3397
1999-04-01,1999-05-01,ME2 BM3,2.8526
1999-04-01,1999-05-01,ME2 BM4,4.3345
1999-04-01,1999-05-01,ME2 BM5,3.6375
1999-04-01,1999-05-01,ME3 BM1,-0.5371
1999-04-01,1999-05-01,ME3 BM2,-0.027
1999-04-01,1999-05-01,ME3 BM3,0.6953
1999-04-01,1999-05-01,ME3 BM4,2.0915
1999-04-01,1999-05-01,ME3 BM5,2.6517
1999-04-01,1999-05-01,ME4 BM1,2.4519
1999-04-01,1999-05-01,ME4 BM2,-0.5995
1999-04-01,1999-05-01,ME4 BM3,1.6168
1999-04-01,1999-05-01,ME4 BM4,1.9439
1999-04-01,1999-05-01,ME4 BM5,1.7045
1999-04-01,1999-05-01,BIG LoBM,-3.2823
1999-04-01,1999-05-01,ME5 BM2,-1.5303
1999-04-01,1999-05-01,ME5 BM3,-2.1162
1999-04-01,1999-05-01,ME5 BM4,-0.7082
1999-04-01,1999-05-01,BIG HiBM,2.8338
1999-05-01,1999-06-01,SMALL LoBM,6.6715
1999-05-01,1999-06-01,ME1 BM2,7.9625
1999-05-01,1999-06-01,ME1 BM3,8.952
1999-05-01,1999-06-01,ME1 BM4,5.3379
1999-05-01,1999-06-01,SMALL HiBM,6.0453
1999-05-01,1999-06-01,ME2 BM1,8.1664
1999-05-01,1999-06-01,ME2 BM2,7.3692
1999-05-01,1999-06-01,ME2 BM3,6.8805
1999-05-01,1999-06-01,ME2 BM4,4.5634
1999-05-01,1999-06-01,ME2 BM5,6.8845
1999-05-01,1999-06-01,ME3 BM1,4.8144
1999-05-01,1999-06-01,ME3 BM2,5.8553
1999-05-01,1999-06-01,ME3 BM3,2.9305
1999-05-01,1999-06-01,ME3 BM4,1.3596
1999-05-01,1999-06-01,ME3 BM5,6.7572
1999-05-01,1999-06-01,ME4 BM1,7.302
1999-05-01,1999-06-01,ME4 BM2,7.8419
1999-05-01,1999-06-01,ME4 BM3,2.8294
1999-05-01,1999-06-01,ME4 BM4,3.8785
1999-05-01,1999-06-01,ME4 BM5,3.4497
1999-05-01,1999-06-01,BIG LoBM,7.0009
1999-05-01,1999-06-01,ME5 BM2,2.9543
1999-05-01,1999-06-01,ME5 BM3,2.7508
1999-05-01,1999-06-01,ME5 BM4,0.0619
1999-05-01,1999-06-01,BIG HiBM,-0.0298
1999-06-01,1999-07-01,SMALL LoBM,1.0507
1999-06-01,1999-07-01,ME1 BM2,2.3705
1999-06-01,1999-07-01,ME1 BM3,1.6269
1999-06-01,1999-07-01,ME1 BM4,1.2623
1999-06-01,1999-07-01,SMALL HiBM,1.607
1999-06-01,1999-07-01,ME2 BM1,-1.4758
1999-06-01,1999-07-01,ME2 BM2,-0.7413
1999-06-01,1999-07-01,ME2 BM3,-0.9573
1999-06-01,1999-07-01,ME2 BM4,-1.8155
1999-06-01,1999-07-01,ME2 BM5,-3.8119
1999-06-01,1999-07-01,ME3 BM1,-2.8492
1999-06-01,1999-07-01,ME3 BM2,-1.9328
1999-06-01,1999-07-01,ME3 BM3,-2.4252
1999-06-01,1999-07-01,ME3 BM4,-1.3291
1999-06-01,1999-07-01,ME3 BM5,-1.7922
1999-06-01,1999-07-01,ME4 BM1,-2.7957
1999-06-01,1999-07-01,ME4 BM2,-1.6829
1999-06-01,1999-07-01,ME4 BM3,-1.8132
1999-06-01,1999-07-01,ME4 BM4,-1.318
1999-06-01,1999-07-01,ME4 BM5,-0.8346
1999-06-01,1999-07-01,BIG LoBM,-2.9149
1999-06-01,1999-07-01,ME5 BM2,-4.2428
1999-06-01,1999-07-01,ME5 BM3,-5.1048
1999-06-01,1999-07-01,ME5 BM4,-2.3602
1999-06-01,1999-07-01,BIG HiBM,-8.5048
1999-07-01,1999-08-01,SMALL LoBM,-3.2226
1999-07-01,1999-08-01,ME1 BM2,-2.0401
1999-07-01,1999-08-01,ME1 BM3,-1.8473
1999-07-01,1999-08-01,ME1 BM4,-1.6801
1999-07-01,1999-08-01,SMALL HiBM,-3.5713
1999-07-01,1999-08-01,ME2 BM1,-2.6624
1999-07-01,1999-08-01,ME2 BM2,-4.0605
1999-07-01,1999-08-01,ME2 BM3,-4.8549
1999-07-01,1999-08-01,ME2 BM4,-2.8026
1999-07-01,1999-08-01,ME2 BM5,-4.2716
1999-07-01,1999-08-01,ME3 BM1,-1.9745
1999-07-01,1999-08-01,ME3 BM2,-5.7351
1999-07-01,1999-08-01,ME3 BM3,-3.76
1999-07-01,1999-08-01,ME3 BM4,-3.7408
1999-07-01,1999-08-01,ME3 BM5,-0.6892
1999-07-01,1999-08-01,ME4 BM1,-1.2839
1999-07-01,1999-08-01,ME4 BM2,-4.7798
1999-07-01,1999-08-01,ME4 BM3,-2.3753
1999-07-01,1999-08-01,ME4 BM4,-2.4255
1999-07-01,1999-08-01,ME4 BM5,-7.0817
1999-07-01,1999-08-01,BIG LoBM,0.6106
1999-07-01,1999-08-01,ME5 BM2,-2.4147
1999-07-01,1999-08-01,ME5 BM3,-3.1383
1999-07-01,1999-08-01,ME5 BM4,-4.303
1999-07-01,1999-08-01,BIG HiBM,-1.3872
1999-08-01,1999-09-01,SMALL LoBM,1.5148
1999-08-01,1999-09-01,ME1 BM2,-0.3306
1999-08-01,1999-09-01,ME1 BM3,-1.0068
1999-08-01,1999-09-01,ME1 BM4,-2.0449
1999-08-01,1999-09-01,SMALL HiBM,-3.9838
1999-08-01,1999-09-01,ME2 BM1,-0.5153
1999-08-01,1999-09-01,ME2 BM2,1.5546
1999-08-01,1999-09-01,ME2 BM3,-0.8158
1999-08-01,1999-09-01,ME2 BM4,-2.103
1999-08-01,1999-09-01,ME2 BM5,-1.6716
1999-08-01,1999-09-01,ME3 BM1,4.0326
1999-08-01,1999-09-01,ME3 BM2,1.0195
1999-08-01,1999-09-01,ME3 BM3,-2.3999
1999-08-01,1999-09-01,ME3 BM4,-3.2351
1999-08-01,1999-09-01,ME3 BM5,-1.4122
1999-08-01,1999-09-01,ME4 BM1,1.5252
1999-08-01,1999-09-01,ME4 BM2,-3.8664
1999-08-01,1999-09-01,ME4 BM3,-3.1081
1999-08-01,1999-09-01,ME4 BM4,-4.9345
1999-08-01,1999-09-01,ME4 BM5,-1.9893
1999-08-01,1999-09-01,BIG LoBM,-2.0485
1999-08-01,1999-09-01,ME5 BM2,-3.4914
1999-08-01,1999-09-01,ME5 BM3,-6.4751
1999-08-01,1999-09-01,ME5 BM4,-8.7351
1999-08-01,1999-09-01,BIG HiBM,-7.2226
1999-09-01,1999-10-01,SMALL LoBM,-0.4232
1999-09-01,1999-10-01,ME1 BM2,-0.5587
1999-09-01,1999-10-01,ME1 BM3,-0.7879
1999-09-01,1999-10-01,ME1 BM4,-0.9417
1999-09-01,1999-10-01,SMALL HiBM,-2.6362
1999-09-01,1999-10-01,ME2 BM1,2.6246
1999-09-01,1999-10-01,ME2 BM2,-0.783
1999-09-01,1999-10-01,ME2 BM3,-1.3653
1999-09-01,1999-10-01,ME2 BM4,-1.0162
1999-09-01,1999-10-01,ME2 BM5,-5.1693
1999-09-01,1999-10-01,ME3 BM1,2.1887
1999-09-01,1999-10-01,ME3 BM2,0.4127
1999-09-01,1999-10-01,ME3 BM3,-0.8013
1999-09-01,1999-10-01,ME3 BM4,-1.6899
1999-09-01,1999-10-01,ME3 BM5,0.411
1999-09-01,1999-10-01,ME4 BM1,7.6038
1999-09-01,1999-10-01,ME4 BM2,1.3461
1999-09-01,1999-10-01,ME4 BM3,2.0173
1999-09-01,1999-10-01,ME4 BM4,4.5005
1999-09-01,1999-10-01,ME4 BM5,4.3143
1999-09-01,1999-10-01,BIG LoBM,6.2344
1999-09-01,1999-10-01,ME5 BM2,10.3044
1999-09-01,1999-10-01,ME5 BM3,7.7932
1999-09-01,1999-10-01,ME5 BM4,4.8393
1999-09-01,1999-10-01,BIG HiBM,7.5978
1999-10-01,1999-11-01,SMALL LoBM,19.1233
1999-10-01,1999-11-01,ME1 BM2,12.7881
1999-10-01,1999-11-01,ME1 BM3,9.6911
1999-10-01,1999-11-01,ME1 BM4,7.6282
1999-10-01,1999-11-01,SMALL HiBM,6.6471
1999-10-01,1999-11-01,ME2 BM1,11.9728
1999-10-01,1999-11-01,ME2 BM2,9.3801
1999-10-01,1999-11-01,ME2 BM3,4.6558
1999-10-01,1999-11-01,ME2 BM4,3.3819
1999-10-01,1999-11-01,ME2 BM5,2.9098
1999-10-01,1999-11-01,ME3 BM1,11.6859
1999-10-01,1999-11-01,ME3 BM2,7.5588
1999-10-01,1999-11-01,ME3 BM3,-1.0217
1999-10-01,1999-11-01,ME3 BM4,0.0441
1999-10-01,1999-11-01,ME3 BM5,-0.0857
1999-10-01,1999-11-01,ME4 BM1,11.7715
1999-10-01,1999-11-01,ME4 BM2,-0.2444
1999-10-01,1999-11-01,ME4 BM3,-1.2821
1999-10-01,1999-11-01,ME4 BM4,0.4921
1999-10-01,1999-11-01,ME4 BM5,3.7278
1999-10-01,1999-11-01,BIG LoBM,4.1169
1999-10-01,1999-11-01,ME5 BM2,0.1272
1999-10-01,1999-11-01,ME5 BM3,-3.3956
1999-10-01,1999-11-01,ME5 BM4,-4.9858
1999-10-01,1999-11-01,BIG HiBM,1.3106
1999-11-01,1999-12-01,SMALL LoBM,24.3643
1999-11-01,1999-12-01,ME1 BM2,26.3654
1999-11-01,1999-12-01,ME1 BM3,7.7241
1999-11-01,1999-12-01,ME1 BM4,12.4526
1999-11-01,1999-12-01,SMALL HiBM,7.4093
1999-11-01,1999-12-01,ME2 BM1,17.2589
1999-11-01,1999-12-01,ME2 BM2,12.0092
1999-11-01,1999-12-01,ME2 BM3,4.4278
1999-11-01,1999-12-01,ME2 BM4,4.1638
1999-11-01,1999-12-01,ME2 BM5,6.5232
1999-11-01,1999-12-01,ME3 BM1,15.1592
1999-11-01,1999-12-01,ME3 BM2,9.4857
1999-11-01,1999-12-01,ME3 BM3,0.1991
1999-11-01,1999-12-01,ME3 BM4,4.3969
1999-11-01,1999-12-01,ME3 BM5,3.4057
1999-11-01,1999-12-01,ME4 BM1,21.021
1999-11-01,1999-12-01,ME4 BM2,5.1343
1999-11-01,1999-12-01,ME4 BM3,0.7335
1999-11-01,1999-12-01,ME4 BM4,6.9516
1999-11-01,1999-12-01,ME4 BM5,3.4741
1999-11-01,1999-12-01,BIG LoBM,7.6911
1999-11-01,1999-12-01,ME5 BM2,4.5591
1999-11-01,1999-12-01,ME5 BM3,-0.5868
1999-11-01,1999-12-01,ME5 BM4,0.9016
1999-11-01,1999-12-01,BIG HiBM,0.1876
1999-12-01,2000-01-01,SMALL LoBM,9.6769
1999-12-01,2000-01-01,ME1 BM2,6.2783
1999-12-01,2000-01-01,ME1 BM3,4.5476
1999-12-01,2000-01-01,ME1 BM4,3.5375
1999-12-01,2000-01-01,SMALL HiBM,4.6712
1999-12-01,2000-01-01,ME2 BM1,0.7449
1999-12-01,2000-01-01,ME2 BM2,-2.4222
1999-12-01,2000-01-01,ME2 BM3,-2.6019
1999-12-01,2000-01-01,ME2 BM4,0.5586
1999-12-01,2000-01-01,ME2 BM5,-3.0117
1999-12-01,2000-01-01,ME3 BM1,-3.2054
1999-12-01,2000-01-01,ME3 BM2,-4.5073
1999-12-01,2000-01-01,ME3 BM3,-1.29
1999-12-01,2000-01-01,ME3 BM4,-4.6082
1999-12-01,2000-01-01,ME3 BM5,-5.7061
1999-12-01,2000-01-01,ME4 BM1,-3.9348
1999-12-01,2000-01-01,ME4 BM2,-2.9107
1999-12-01,2000-01-01,ME4 BM3,-4.0189
1999-12-01,2000-01-01,ME4 BM4,-4.0847
1999-12-01,2000-01-01,ME4 BM5,-8.9771
1999-12-01,2000-01-01,BIG LoBM,-4.7773
1999-12-01,2000-01-01,ME5 BM2,-4.0986
1999-12-01,2000-01-01,ME5 BM3,-5.2714
1999-12-01,2000-01-01,ME5 BM4,-6.0366
1999-12-01,2000-01-01,BIG HiBM,-5.8602
2000-01-01,2000-02-01,SMALL LoBM,36.3894
2000-01-01,2000-02-01,ME1 BM2,43.5163
2000-01-01,2000-02-01,ME1 BM3,20.4192
2000-01-01,2000-02-01,ME1 BM4,26.0642
2000-01-01,2000-02-01,SMALL HiBM,14.8022
2000-01-01,2000-02-01,ME2 BM1,30.6694
2000-01-01,2000-02-01,ME2 BM2,19.35
2000-01-01,2000-02-01,ME2 BM3,3.6528
2000-01-01,2000-02-01,ME2 BM4,9.1831
2000-01-01,2000-02-01,ME2 BM5,14.3012
2000-01-01,2000-02-01,ME3 BM1,22.6034
2000-01-01,2000-02-01,ME3 BM2,13.2867
2000-01-01,2000-02-01,ME3 BM3,0.8411
2000-01-01,2000-02-01,ME3 BM4,0.431
2000-01-01,2000-02-01,ME3 BM5,-1.3241
2000-01-01,2000-02-01,ME4 BM1,25.8131
2000-01-01,2000-02-01,ME4 BM2,1.164
2000-01-01,2000-02-01,ME4 BM3,-2.3353
2000-01-01,2000-02-01,ME4 BM4,2.9549
2000-01-01,2000-02-01,ME4 BM5,-3.2163
2000-01-01,2000-02-01,BIG LoBM,0.3456
2000-01-01,2000-02-01,ME5 BM2,-5.5942
2000-01-01,2000-02-01,ME5 BM3,-7.9083
2000-01-01,2000-02-01,ME5 BM4,-9.7946
2000-01-01,2000-02-01,BIG HiBM,-8.1586
2000-02-01,2000-03-01,SMALL LoBM,-13.7256
2000-02-01,2000-03-01,ME1 BM2,-19.2332
2000-02-01,2000-03-01,ME1 BM3,-7.9198
2000-02-01,2000-03-01,ME1 BM4,-7.464
2000-02-01,2000-03-01,SMALL HiBM,-2.5031
2000-02-01,2000-03-01,ME2 BM1,-13.7064
2000-02-01,2000-03-01,ME2 BM2,-6.2464
2000-02-01,2000-03-01,ME2 BM3,0.6149
2000-02-01,2000-03-01,ME2 BM4,-0.5188
2000-02-01,2000-03-01,ME2 BM5,-2.6817
2000-02-01,2000-03-01,ME3 BM1,-12.7794
2000-02-01,2000-03-01,ME3 BM2,-1.7508
2000-02-01,2000-03-01,ME3 BM3,10.756
2000-02-01,2000-03-01,ME3 BM4,6.003
2000-02-01,2000-03-01,ME3 BM5,13.4854
2000-02-01,2000-03-01,ME4 BM1,-2.9819
2000-02-01,2000-03-01,ME4 BM2,12.3506
2000-02-01,2000-03-01,ME4 BM3,14.4446
2000-02-01,2000-03-01,ME4 BM4,10.2665
2000-02-01,2000-03-01,ME4 BM5,12.7271
2000-02-01,2000-03-01,BIG LoBM,9.2029
2000-02-01,2000-03-01,ME5 BM2,11.4515
2000-02-01,2000-03-01,ME5 BM3,10.1183
2000-02-01,2000-03-01,ME5 BM4,16.826
2000-02-01,2000-03-01,BIG HiBM,18.0651
2000-03-01,2000-04-01,SMALL LoBM,-22.8439
2000-03-01,2000-04-01,ME1 BM2,-18.3731
2000-03-01,2000-04-01,ME1 BM3,-10.1195
2000-03-01,2000-04-01,ME1 BM4,-10.921
2000-03-01,2000-04-01,SMALL HiBM,-9.7758
2000-03-01,2000-04-01,ME2 BM1,-13.1391
2000-03-01,2000-04-01,ME2 BM2,-8.7097
2000-03-01,2000-04-01,ME2 BM3,-6.027
2000-03-01,2000-04-01,ME2 BM4,-1.6197
2000-03-01,2000-04-01,ME2 BM5,-2.5337
2000-03-01,2000-04-01,ME3 BM1,-10.027
2000-03-01,2000-04-01,ME3 BM2,-0.5184
2000-03-01,2000-04-01,ME3 BM3,-1.3608
2000-03-01,2000-04-01,ME3 BM4,2.8685
2000-03-01,2000-04-01,ME3 BM5,0.2572
2000-03-01,2000-04-01,ME4 BM1,-6.9406
2000-03-01,2000-04-01,ME4 BM2,-3.7791
2000-03-01,2000-04-01,ME4 BM3,2.5734
2000-03-01,2000-04-01,ME4 BM4,0.9181
2000-03-01,2000-04-01,ME4 BM5,1.3364
2000-03-01,2000-04-01,BIG LoBM,-4.142
2000-03-01,2000-04-01,ME5 BM2,-2.7682
2000-03-01,2000-04-01,ME5 BM3,0.5635
2000-03-01,2000-04-01,ME5 BM4,1.1705
2000-03-01,2000-04-01,BIG HiBM,-4.1783
2000-04-01,2000-05-01,SMALL LoBM,-14.1056
2000-04-01,2000-05-01,ME1 BM2,-9.2606
2000-04-01,2000-05-01,ME1 BM3,-5.7789
2000-04-01,2000-05-01,ME1 BM4,-7.4446
2000-04-01,2000-05-01,SMALL HiBM,-7.0063
2000-04-01,2000-05-01,ME2 BM1,-9.6602
2000-04-01,2000-05-01,ME2 BM2,-5.6171
2000-04-01,2000-05-01,ME2 BM3,-5.5292
2000-04-01,2000-05-01,ME2 BM4,-6.7414
2000-04-01,2000-05-01,ME2 BM5,-1.4492
2000-04-01,2000-05-01,ME3 BM1,-5.2282
2000-04-01,2000-05-01,ME3 BM2,-2.8517
2000-04-01,2000-05-01,ME3 BM3,-1.9899
2000-04-01,2000-05-01,ME3 BM4,-0.4384
2000-04-01,2000-05-01,ME3 BM5,2.8168
2000-04-01,2000-05-01,ME4 BM1,-7.9225
2000-04-01,2000-05-01,ME4 BM2,-0.6041
2000-04-01,2000-05-01,ME4 BM3,-0.2629
2000-04-01,2000-05-01,ME4 BM4,-1.6176
2000-04-01,2000-05-01,ME4 BM5,1.2712
2000-04-01,2000-05-01,BIG LoBM,-3.5181
2000-04-01,2000-05-01,ME5 BM2,-1.4494
2000-04-01,2000-05-01,ME5 BM3,4.9516
2000-04-01,2000-05-01,ME5 BM4,1.3225
2000-04-01,2000-05-01,BIG HiBM,6.8187
2000-05-01,2000-06-01,SMALL LoBM,27.9663
2000-05-01,2000-06-01,ME1 BM2,28.884
2000-05-01,2000-06-01,ME1 BM3,17.4954
2000-05-01,2000-06-01,ME1 BM4,19.0034
2000-05-01,2000-06-01,SMALL HiBM,10.095
2000-05-01,2000-06-01,ME2 BM1,14.632
2000-05-01,2000-06-01,ME2 BM2,11.736
2000-05-01,2000-06-01,ME2 BM3,3.3475
2000-05-01,2000-06-01,ME2 BM4,4.4161
2000-05-01,2000-06-01,ME2 BM5,9.7251
2000-05-01,2000-06-01,ME3 BM1,14.7506
2000-05-01,2000-06-01,ME3 BM2,2.5846
2000-05-01,2000-06-01,ME3 BM3,0.8589
2000-05-01,2000-06-01,ME3 BM4,-0.8552
2000-05-01,2000-06-01,ME3 BM5,2.0647
2000-05-01,2000-06-01,ME4 BM1,10.7586
2000-05-01,2000-06-01,ME4 BM2,3.107
2000-05-01,2000-06-01,ME4 BM3,-3.8498
2000-05-01,2000-06-01,ME4 BM4,-2.9175
2000-05-01,2000-06-01,ME4 BM5,-4.4611
2000-05-01,2000-06-01,BIG LoBM,5.5181
2000-05-01,2000-06-01,ME5 BM2,-4.611
2000-05-01,2000-06-01,ME5 BM3,-6.348
2000-05-01,2000-06-01,ME5 BM4,-6.9055
2000-05-01,2000-06-01,BIG HiBM,-4.8573
2000-06-01,2000-07-01,SMALL LoBM,-8.7124
2000-06-01,2000-07-01,ME1 BM2,-1.2359
2000-06-01,2000-07-01,ME1 BM3,0.715
2000-06-01,2000-07-01,ME1 BM4,1.215
2000-06-01,2000-07-01,SMALL HiBM,1.3435
2000-06-01,2000-07-01,ME2 BM1,-7.1668
2000-06-01,2000-07-01,ME2 BM2,-1.6778
2000-06-01,2000-07-01,ME2 BM3,1.4883
2000-06-01,2000-07-01,ME2 BM4,1.3103
2000-06-01,2000-07-01,ME2 BM5,0.8479
2000-06-01,2000-07-01,ME3 BM1,-9.6714
2000-06-01,2000-07-01,ME3 BM2,-1.0217
2000-06-01,2000-07-01,ME3 BM3,4.2789
2000-06-01,2000-07-01,ME3 BM4,2.273
2000-06-01,2000-07-01,ME3 BM5,7.1622
2000-06-01,2000-07-01,ME4 BM1,-6.8306
2000-06-01,2000-07-01,ME4 BM2,-1.0743
2000-06-01,2000-07-01,ME4 BM3,2.9162
2000-06-01,2000-07-01,ME4 BM4,1.8218
2000-06-01,2000-07-01,ME4 BM5,1.851
2000-06-01,2000-07-01,BIG LoBM,-2.9311
2000-06-01,2000-07-01,ME5 BM2,0.5374
2000-06-01,2000-07-01,ME5 BM3,4.4215
2000-06-01,2000-07-01,ME5 BM4,6.3138
2000-06-01,2000-07-01,BIG HiBM,2.3143
2000-07-01,2000-08-01,SMALL LoBM,9.1654
2000-07-01,2000-08-01,ME1 BM2,8.4639
2000-07-01,2000-08-01,ME1 BM3,4.0065
2000-07-01,2000-08-01,ME1 BM4,5.5057
2000-07-01,2000-08-01,SMALL HiBM,5.2617
2000-07-01,2000-08-01,ME2 BM1,8.228
2000-07-01,2000-08-01,ME2 BM2,4.6861
2000-07-01,2000-08-01,ME2 BM3,3.9881
2000-07-01,2000-08-01,ME2 BM4,6.3581
2000-07-01,2000-08-01,ME2 BM5,6.8451
2000-07-01,2000-08-01,ME3 BM1,8.4664
2000-07-01,2000-08-01,ME3 BM2,10.2512
2000-07-01,2000-08-01,ME3 BM3,6.3428
2000-07-01,2000-08-01,ME3 BM4,6.93
2000-07-01,2000-08-01,ME3 BM5,7.1473
2000-07-01,2000-08-01,ME4 BM1,13.7074
2000-07-01,2000-08-01,ME4 BM2,6.0951
2000-07-01,2000-08-01,ME4 BM3,6.4216
2000-07-01,2000-08-01,ME4 BM4,7.2257
2000-07-01,2000-08-01,ME4 BM5,6.746
2000-07-01,2000-08-01,BIG LoBM,7.3452
2000-07-01,2000-08-01,ME5 BM2,6.7094
2000-07-01,2000-08-01,ME5 BM3,8.5976
2000-07-01,2000-08-01,ME5 BM4,6.4489
2000-07-01,2000-08-01,BIG HiBM,5.698
2000-08-01,2000-09-01,SMALL LoBM,-10.5713
2000-08-01,2000-09-01,ME1 BM2,-0.8189
2000-08-01,2000-09-01,ME1 BM3,-3.2559
2000-08-01,2000-09-01,ME1 BM4,-0.296
2000-08-01,2000-09-01,SMALL HiBM,-0.5701
2000-08-01,2000-09-01,ME2 BM1,-4.1264
2000-08-01,2000-09-01,ME2 BM2,-4.2481
2000-08-01,2000-09-01,ME2 BM3,-0.03
2000-08-01,2000-09-01,ME2 BM4,-1.548
2000-08-01,2000-09-01,ME2 BM5,-2.085
2000-08-01,2000-09-01,ME3 BM1,-10.1711
2000-08-01,2000-09-01,ME3 BM2,-3.0626
2000-08-01,2000-09-01,ME3 BM3,-0.4376
2000-08-01,2000-09-01,ME3 BM4,2.8041
2000-08-01,2000-09-01,ME3 BM5,1.8549
2000-08-01,2000-09-01,ME4 BM1,-9.2772
2000-08-01,2000-09-01,ME4 BM2,-0.8682
2000-08-01,2000-09-01,ME4 BM3,-0.295
2000-08-01,2000-09-01,ME4 BM4,2.0396
2000-08-01,2000-09-01,ME4 BM5,-0.692
2000-08-01,2000-09-01,BIG LoBM,-6.122
2000-08-01,2000-09-01,ME5 BM2,-2.5081
2000-08-01,2000-09-01,ME5 BM3,1.3128
2000-08-01,2000-09-01,ME5 BM4,9.2925
2000-08-01,2000-09-01,BIG HiBM,-1.6395
2000-09-01,2000-10-01,SMALL LoBM,-11.8089
2000-09-01,2000-10-01,ME1 BM2,-10.5198
2000-09-01,2000-10-01,ME1 BM3,-3.5014
2000-09-01,2000-10-01,ME1 BM4,-4.9233
2000-09-01,2000-10-01,SMALL HiBM,-4.6176
2000-09-01,2000-10-01,ME2 BM1,-9.2616
2000-09-01,2000-10-01,ME2 BM2,-0.4513
2000-09-01,2000-10-01,ME2 BM3,-0.5415
2000-09-01,2000-10-01,ME2 BM4,-0.5834
2000-09-01,2000-10-01,ME2 BM5,-1.5994
2000-09-01,2000-10-01,ME3 BM1,-10.4741
2000-09-01,2000-10-01,ME3 BM2,-1.9043
2000-09-01,2000-10-01,ME3 BM3,0.4614
2000-09-01,2000-10-01,ME3 BM4,-0.8876
2000-09-01,2000-10-01,ME3 BM5,2.4558
2000-09-01,2000-10-01,ME4 BM1,-6.0979
2000-09-01,2000-10-01,ME4 BM2,2.1322
2000-09-01,2000-10-01,ME4 BM3,2.1497
2000-09-01,2000-10-01,ME4 BM4,-2.133
2000-09-01,2000-10-01,ME4 BM5,4.0013
2000-09-01,2000-10-01,BIG LoBM,-2.0254
2000-09-01,2000-10-01,ME5 BM2,2.3415
2000-09-01,2000-10-01,ME5 BM3,-3.8984
2000-09-01,2000-10-01,ME5 BM4,1.9002
2000-09-01,2000-10-01,BIG HiBM,3.3945
2000-10-01,2000-11-01,SMALL LoBM,-20.6747
2000-10-01,2000-11-01,ME1 BM2,-12.5742
2000-10-01,2000-11-01,ME1 BM3,-6.2007
2000-10-01,2000-11-01,ME1 BM4,-4.9886
2000-10-01,2000-11-01,SMALL HiBM,-4.5568
2000-10-01,2000-11-01,ME2 BM1,-18.0237
2000-10-01,2000-11-01,ME2 BM2,-6.7961
2000-10-01,2000-11-01,ME2 BM3,-2.493
2000-10-01,2000-11-01,ME2 BM4,-5.0189
2000-10-01,2000-11-01,ME2 BM5,-2.7432
2000-10-01,2000-11-01,ME3 BM1,-20.279
2000-10-01,2000-11-01,ME3 BM2,-6.5313
2000-10-01,2000-11-01,ME3 BM3,-5.389
2000-10-01,2000-11-01,ME3 BM4,-0.5644
2000-10-01,2000-11-01,ME3 BM5,1.5496
2000-10-01,2000-11-01,ME4 BM1,-18.6519
2000-10-01,2000-11-01,ME4 BM2,-2.0506
2000-10-01,2000-11-01,ME4 BM3,0.7984
2000-10-01,2000-11-01,ME4 BM4,1.356
2000-10-01,2000-11-01,ME4 BM5,0.9209
2000-10-01,2000-11-01,BIG LoBM,-10.518
2000-10-01,2000-11-01,ME5 BM2,-6.3597
2000-10-01,2000-11-01,ME5 BM3,-7.8455
2000-10-01,2000-11-01,ME5 BM4,-0.2688
2000-10-01,2000-11-01,BIG HiBM,0.1051
2000-11-01,2000-12-01,SMALL LoBM,-9.5677
2000-11-01,2000-12-01,ME1 BM2,1.1548
2000-11-01,2000-12-01,ME1 BM3,0.6186
2000-11-01,2000-12-01,ME1 BM4,3.2512
2000-11-01,2000-12-01,SMALL HiBM,2.7546
2000-11-01,2000-12-01,ME2 BM1,-0.2993
2000-11-01,2000-12-01,ME2 BM2,6.4078
2000-11-01,2000-12-01,ME2 BM3,11.8595
2000-11-01,2000-12-01,ME2 BM4,10.6931
2000-11-01,2000-12-01,ME2 BM5,12.3947
2000-11-01,2000-12-01,ME3 BM1,2.0186
2000-11-01,2000-12-01,ME3 BM2,14.1458
2000-11-01,2000-12-01,ME3 BM3,10.4046
2000-11-01,2000-12-01,ME3 BM4,13.0153
2000-11-01,2000-12-01,ME3 BM5,11.1663
2000-11-01,2000-12-01,ME4 BM1,3.9877
2000-11-01,2000-12-01,ME4 BM2,8.379
2000-11-01,2000-12-01,ME4 BM3,11.7532
2000-11-01,2000-12-01,ME4 BM4,13.2408
2000-11-01,2000-12-01,ME4 BM5,11.3009
2000-11-01,2000-12-01,BIG LoBM,-1.5072
2000-11-01,2000-12-01,ME5 BM2,8.677
2000-11-01,2000-12-01,ME5 BM3,5.627
2000-11-01,2000-12-01,ME5 BM4,7.7186
2000-11-01,2000-12-01,BIG HiBM,0.8439
2000-12-01,2001-01-01,SMALL LoBM,26.9306
2000-12-01,2001-01-01,ME1 BM2,17.8155
2000-12-01,2001-01-01,ME1 BM3,12.7366
2000-12-01,2001-01-01,ME1 BM4,12.2423
2000-12-01,2001-01-01,SMALL HiBM,12.8175
2000-12-01,2001-01-01,ME2 BM1,14.1418
2000-12-01,2001-01-01,ME2 BM2,7.9144
2000-12-01,2001-01-01,ME2 BM3,4.4498
2000-12-01,2001-01-01,ME2 BM4,6.273
2000-12-01,2001-01-01,ME2 BM5,5.3773
2000-12-01,2001-01-01,ME3 BM1,13.0553
2000-12-01,2001-01-01,ME3 BM2,2.8221
2000-12-01,2001-01-01,ME3 BM3,0.308
2000-12-01,2001-01-01,ME3 BM4,-1.199
2000-12-01,2001-01-01,ME3 BM5,2.9444
2000-12-01,2001-01-01,ME4 BM1,7.2883
2000-12-01,2001-01-01,ME4 BM2,1.8321
2000-12-01,2001-01-01,ME4 BM3,-0.458
2000-12-01,2001-01-01,ME4 BM4,-3.5086
2000-12-01,2001-01-01,ME4 BM5,6.7914
2000-12-01,2001-01-01,BIG LoBM,3.4497
2000-12-01,2001-01-01,ME5 BM2,2.461
2000-12-01,2001-01-01,ME5 BM3,8.1442
2000-12-01,2001-01-01,ME5 BM4,-4.7259
2000-12-01,2001-01-01,BIG HiBM,2.7202
2001-01-01,2001-02-01,SMALL LoBM,-13.0241
2001-01-01,2001-02-01,ME1 BM2,-10.2034
2001-01-01,2001-02-01,ME1 BM3,-2.4399
2001-01-01,2001-02-01,ME1 BM4,0.4225
2001-01-01,2001-02-01,SMALL HiBM,-0.2205
2001-01-01,2001-02-01,ME2 BM1,-13.8644
2001-01-01,2001-02-01,ME2 BM2,-2.2707
2001-01-01,2001-02-01,ME2 BM3,-0.4169
2001-01-01,2001-02-01,ME2 BM4,-2.9142
2001-01-01,2001-02-01,ME2 BM5,1.587
2001-01-01,2001-02-01,ME3 BM1,-17.1088
2001-01-01,2001-02-01,ME3 BM2,-4.0548
2001-01-01,2001-02-01,ME3 BM3,-0.9424
2001-01-01,2001-02-01,ME3 BM4,1.691
2001-01-01,2001-02-01,ME3 BM5,-0.8219
2001-01-01,2001-02-01,ME4 BM1,-15.0653
2001-01-01,2001-02-01,ME4 BM2,-2.4815
2001-01-01,2001-02-01,ME4 BM3,-0.1639
2001-01-01,2001-02-01,ME4 BM4,0.2041
2001-01-01,2001-02-01,ME4 BM5,1.8777
2001-01-01,2001-02-01,BIG LoBM,-11.9579
2001-01-01,2001-02-01,ME5 BM2,-2.2713
2001-01-01,2001-02-01,ME5 BM3,-2.7394
2001-01-01,2001-02-01,ME5 BM4,3.0697
2001-01-01,2001-02-01,BIG HiBM,2.394
2001-02-01,2001-03-01,SMALL LoBM,-12.619
2001-02-01,2001-03-01,ME1 BM2,-1.2275
2001-02-01,2001-03-01,ME1 BM3,-1.442
2001-02-01,2001-03-01,ME1 BM4,0.042
2001-02-01,2001-03-01,SMALL HiBM,-1.74
2001-02-01,2001-03-01,ME2 BM1,-5.6509
2001-02-01,2001-03-01,ME2 BM2,-0.7892
2001-02-01,2001-03-01,ME2 BM3,-1.403
2001-02-01,2001-03-01,ME2 BM4,-1.9499
2001-02-01,2001-03-01,ME2 BM5,-1.4336
2001-02-01,2001-03-01,ME3 BM1,-11.6676
2001-02-01,2001-03-01,ME3 BM2,-5.2587
2001-02-01,2001-03-01,ME3 BM3,-3.1091
2001-02-01,2001-03-01,ME3 BM4,-2.7894
2001-02-01,2001-03-01,ME3 BM5,-1.238
2001-02-01,2001-03-01,ME4 BM1,-12.0928
2001-02-01,2001-03-01,ME4 BM2,-3.5862
2001-02-01,2001-03-01,ME4 BM3,-1.1957
2001-02-01,2001-03-01,ME4 BM4,-1.2359
2001-02-01,2001-03-01,ME4 BM5,0.025
2001-02-01,2001-03-01,BIG LoBM,-8.5851
2001-02-01,2001-03-01,ME5 BM2,-2.1693
2001-02-01,2001-03-01,ME5 BM3,-0.5281
2001-02-01,2001-03-01,ME5 BM4,-3.0648
2001-02-01,2001-03-01,BIG HiBM,-2.6416
2001-03-01,2001-04-01,SMALL LoBM,9.7283
2001-03-01,2001-04-01,ME1 BM2,6.722
2001-03-01,2001-04-01,ME1 BM3,3.6769
2001-03-01,2001-04-01,ME1 BM4,4.4497
2001-03-01,2001-04-01,SMALL HiBM,5.2348
2001-03-01,2001-04-01,ME2 BM1,10.6753
2001-03-01,2001-04-01,ME2 BM2,5.0559
2001-03-01,2001-04-01,ME2 BM3,6.9088
2001-03-01,2001-04-01,ME2 BM4,4.3249
2001-03-01,2001-04-01,ME2 BM5,4.9961
2001-03-01,2001-04-01,ME3 BM1,11.1608
2001-03-01,2001-04-01,ME3 BM2,9.0333
2001-03-01,2001-04-01,ME3 BM3,6.463
2001-03-01,2001-04-01,ME3 BM4,6.0472
2001-03-01,2001-04-01,ME3 BM5,3.5782
2001-03-01,2001-04-01,ME4 BM1,16.6329
2001-03-01,2001-04-01,ME4 BM2,7.3343
2001-03-01,2001-04-01,ME4 BM3,5.6962
2001-03-01,2001-04-01,ME4 BM4,8.2164
2001-03-01,2001-04-01,ME4 BM5,7.8239
2001-03-01,2001-04-01,BIG LoBM,9.078
2001-03-01,2001-04-01,ME5 BM2,5.2047
2001-03-01,2001-04-01,ME5 BM3,3.9808
2001-03-01,2001-04-01,ME5 BM4,2.1893
2001-03-01,2001-04-01,BIG HiBM,7.4823
2001-04-01,2001-05-01,SMALL LoBM,12.5495
2001-04-01,2001-05-01,ME1 BM2,11.1912
2001-04-01,2001-05-01,ME1 BM3,10.1998
2001-04-01,2001-05-01,ME1 BM4,11.4022
2001-04-01,2001-05-01,SMALL HiBM,10.1568
2001-04-01,2001-05-01,ME2 BM1,1.792
2001-04-01,2001-05-01,ME2 BM2,4.3984
2001-04-01,2001-05-01,ME2 BM3,2.6948
2001-04-01,2001-05-01,ME2 BM4,4.1699
2001-04-01,2001-05-01,ME2 BM5,5.7344
2001-04-01,2001-05-01,ME3 BM1,4.9488
2001-04-01,2001-05-01,ME3 BM2,-0.4465
2001-04-01,2001-05-01,ME3 BM3,2.9729
2001-04-01,2001-05-01,ME3 BM4,1.365
2001-04-01,2001-05-01,ME3 BM5,1.7927
2001-04-01,2001-05-01,ME4 BM1,3.699
2001-04-01,2001-05-01,ME4 BM2,4.2317
2001-04-01,2001-05-01,ME4 BM3,3.3427
2001-04-01,2001-05-01,ME4 BM4,0.584
2001-04-01,2001-05-01,ME4 BM5,4.6293
2001-04-01,2001-05-01,BIG LoBM,0.0023
2001-04-01,2001-05-01,ME5 BM2,1.2131
2001-04-01,2001-05-01,ME5 BM3,2.2493
2001-04-01,2001-05-01,ME5 BM4,4.243
2001-04-01,2001-05-01,BIG HiBM,5.6346
2001-05-01,2001-06-01,SMALL LoBM,2.1968
2001-05-01,2001-06-01,ME1 BM2,2.3167
2001-05-01,2001-06-01,ME1 BM3,4.5062
2001-05-01,2001-06-01,ME1 BM4,2.9495
2001-05-01,2001-06-01,SMALL HiBM,0.9251
2001-05-01,2001-06-01,ME2 BM1,7.4005
2001-05-01,2001-06-01,ME2 BM2,10.5039
2001-05-01,2001-06-01,ME2 BM3,6.2201
2001-05-01,2001-06-01,ME2 BM4,6.4141
2001-05-01,2001-06-01,ME2 BM5,4.8194
2001-05-01,2001-06-01,ME3 BM1,5.3886
2001-05-01,2001-06-01,ME3 BM2,-1.1473
2001-05-01,2001-06-01,ME3 BM3,1.2487
2001-05-01,2001-06-01,ME3 BM4,0.3512
2001-05-01,2001-06-01,ME3 BM5,0.9318
2001-05-01,2001-06-01,ME4 BM1,3.4385
2001-05-01,2001-06-01,ME4 BM2,-1.4121
2001-05-01,2001-06-01,ME4 BM3,-0.8
2001-05-01,2001-06-01,ME4 BM4,-3.6356
2001-05-01,2001-06-01,ME4 BM5,2.8229
2001-05-01,2001-06-01,BIG LoBM,-2.2046
2001-05-01,2001-06-01,ME5 BM2,-3.3402
2001-05-01,2001-06-01,ME5 BM3,-0.2263
2001-05-01,2001-06-01,ME5 BM4,-2.2471
2001-05-01,2001-06-01,BIG HiBM,-2.6916
2001-06-01,2001-07-01,SMALL LoBM,-8.8912
2001-06-01,2001-07-01,ME1 BM2,-7.1735
2001-06-01,2001-07-01,ME1 BM3,-4.2023
2001-06-01,2001-07-01,ME1 BM4,0.3115
2001-06-01,2001-07-01,SMALL HiBM,-0.09
2001-06-01,2001-07-01,ME2 BM1,-10.6589
2001-06-01,2001-07-01,ME2 BM2,-7.716
2001-06-01,2001-07-01,ME2 BM3,-5.8554
2001-06-01,2001-07-01,ME2 BM4,-3.5423
2001-06-01,2001-07-01,ME2 BM5,-4.1476
2001-06-01,2001-07-01,ME3 BM1,-9.3397
2001-06-01,2001-07-01,ME3 BM2,-4.5873
2001-06-01,2001-07-01,ME3 BM3,-2.1657
2001-06-01,2001-07-01,ME3 BM4,-0.0439
2001-06-01,2001-07-01,ME3 BM5,-0.8323
2001-06-01,2001-07-01,ME4 BM1,-4.5009
2001-06-01,2001-07-01,ME4 BM2,-1.1072
2001-06-01,2001-07-01,ME4 BM3,-0.6761
2001-06-01,2001-07-01,ME4 BM4,1.8403
2001-06-01,2001-07-01,ME4 BM5,-0.877
2001-06-01,2001-07-01,BIG LoBM,-1.5494
2001-06-01,2001-07-01,ME5 BM2,-0.0265
2001-06-01,2001-07-01,ME5 BM3,-1.5055
2001-06-01,2001-07-01,ME5 BM4,-4.9584
2001-06-01,2001-07-01,BIG HiBM,7.3672
2001-07-01,2001-08-01,SMALL LoBM,-8.9329
2001-07-01,2001-08-01,ME1 BM2,-5.5911
2001-07-01,2001-08-01,ME1 BM3,-3.2609
2001-07-01,2001-08-01,ME1 BM4,-1.6129
2001-07-01,2001-08-01,SMALL HiBM,-0.982
2001-07-01,2001-08-01,ME2 BM1,-10.1375
2001-07-01,2001-08-01,ME2 BM2,-4.0032
2001-07-01,2001-08-01,ME2 BM3,-3.0626
2001-07-01,2001-08-01,ME2 BM4,-1.4785
2001-07-01,2001-08-01,ME2 BM5,-1.0713
2001-07-01,2001-08-01,ME3 BM1,-7.3881
2001-07-01,2001-08-01,ME3 BM2,-2.8999
2001-07-01,2001-08-01,ME3 BM3,-2.6527
2001-07-01,2001-08-01,ME3 BM4,-2.155
2001-07-01,2001-08-01,ME3 BM5,-0.2298
2001-07-01,2001-08-01,ME4 BM1,-6.9222
2001-07-01,2001-08-01,ME4 BM2,-4.2902
2001-07-01,2001-08-01,ME4 BM3,-3.6253
2001-07-01,2001-08-01,ME4 BM4,-1.4447
2001-07-01,2001-08-01,ME4 BM5,-9.1105
2001-07-01,2001-08-01,BIG LoBM,-7.2436
2001-07-01,2001-08-01,ME5 BM2,-4.0512
2001-07-01,2001-08-01,ME5 BM3,-2.8724
2001-07-01,2001-08-01,ME5 BM4,-7.4135
2001-07-01,2001-08-01,BIG HiBM,-8.3494
2001-08-01,2001-09-01,SMALL LoBM,-16.518
2001-08-01,2001-09-01,ME1 BM2,-15.3929
2001-08-01,2001-09-01,ME1 BM3,-9.9558
2001-08-01,2001-09-01,ME1 BM4,-9.9388
2001-08-01,2001-09-01,SMALL HiBM,-12.7199
2001-08-01,2001-09-01,ME2 BM1,-18.7831
2001-08-01,2001-09-01,ME2 BM2,-15.6037
2001-08-01,2001-09-01,ME2 BM3,-12.7404
2001-08-01,2001-09-01,ME2 BM4,-14.953
2001-08-01,2001-09-01,ME2 BM5,-16.3664
2001-08-01,2001-09-01,ME3 BM1,-15.7718
2001-08-01,2001-09-01,ME3 BM2,-13.3501
2001-08-01,2001-09-01,ME3 BM3,-11.3828
2001-08-01,2001-09-01,ME3 BM4,-13.7872
2001-08-01,2001-09-01,ME3 BM5,-18.6918
2001-08-01,2001-09-01,ME4 BM1,-15.9272
2001-08-01,2001-09-01,ME4 BM2,-13.1156
2001-08-01,2001-09-01,ME4 BM3,-10.3235
2001-08-01,2001-09-01,ME4 BM4,-14.175
2001-08-01,2001-09-01,ME4 BM5,-15.0187
2001-08-01,2001-09-01,BIG LoBM,-7.1597
2001-08-01,2001-09-01,ME5 BM2,-10.9104
2001-08-01,2001-09-01,ME5 BM3,-7.1166
2001-08-01,2001-09-01,ME5 BM4,-11.1288
2001-08-01,2001-09-01,BIG HiBM,1.6444
2001-09-01,2001-10-01,SMALL LoBM,8.7881
2001-09-01,2001-10-01,ME1 BM2,8.0519
2001-09-01,2001-10-01,ME1 BM3,5.8754
2001-09-01,2001-10-01,ME1 BM4,5.1421
2001-09-01,2001-10-01,SMALL HiBM,4.564
2001-09-01,2001-10-01,ME2 BM1,11.3391
2001-09-01,2001-10-01,ME2 BM2,8.5983
2001-09-01,2001-10-01,ME2 BM3,6.0412
2001-09-01,2001-10-01,ME2 BM4,3.0102
2001-09-01,2001-10-01,ME2 BM5,5.1245
2001-09-01,2001-10-01,ME3 BM1,13.3861
2001-09-01,2001-10-01,ME3 BM2,6.3806
2001-09-01,2001-10-01,ME3 BM3,3.5851
2001-09-01,2001-10-01,ME3 BM4,5.1308
2001-09-01,2001-10-01,ME3 BM5,8.7705
2001-09-01,2001-10-01,ME4 BM1,8.1624
2001-09-01,2001-10-01,ME4 BM2,4.1212
2001-09-01,2001-10-01,ME4 BM3,1.45
2001-09-01,2001-10-01,ME4 BM4,3.4732
2001-09-01,2001-10-01,ME4 BM5,1.9894
2001-09-01,2001-10-01,BIG LoBM,3.2924
2001-09-01,2001-10-01,ME5 BM2,-0.2382
2001-09-01,2001-10-01,ME5 BM3,-1.8928
2001-09-01,2001-10-01,ME5 BM4,1.8246
2001-09-01,2001-10-01,BIG HiBM,-14.6383
2001-10-01,2001-11-01,SMALL LoBM,6.1341
2001-10-01,2001-11-01,ME1 BM2,10.8947
2001-10-01,2001-11-01,ME1 BM3,5.2262
2001-10-01,2001-11-01,ME1 BM4,5.6071
2001-10-01,2001-11-01,SMALL HiBM,6.624
2001-10-01,2001-11-01,ME2 BM1,10.2446
2001-10-01,2001-11-01,ME2 BM2,8.0769
2001-10-01,2001-11-01,ME2 BM3,6.6291
2001-10-01,2001-11-01,ME2 BM4,9.319
2001-10-01,2001-11-01,ME2 BM5,12.2289
2001-10-01,2001-11-01,ME3 BM1,9.6718
2001-10-01,2001-11-01,ME3 BM2,6.0428
2001-10-01,2001-11-01,ME3 BM3,6.0702
2001-10-01,2001-11-01,ME3 BM4,9.7016
2001-10-01,2001-11-01,ME3 BM5,13.0402
2001-10-01,2001-11-01,ME4 BM1,10.2928
2001-10-01,2001-11-01,ME4 BM2,8.6412
2001-10-01,2001-11-01,ME4 BM3,6.7882
2001-10-01,2001-11-01,ME4 BM4,10.2501
2001-10-01,2001-11-01,ME4 BM5,8.4701
2001-10-01,2001-11-01,BIG LoBM,7.5761
2001-10-01,2001-11-01,ME5 BM2,8.4115
2001-10-01,2001-11-01,ME5 BM3,4.7295
2001-10-01,2001-11-01,ME5 BM4,11.0388
2001-10-01,2001-11-01,BIG HiBM,11.2876
2001-11-01,2001-12-01,SMALL LoBM,12.9067
2001-11-01,2001-12-01,ME1 BM2,6.0814
2001-11-01,2001-12-01,ME1 BM3,5.9284
2001-11-01,2001-12-01,ME1 BM4,5.5907
2001-11-01,2001-12-01,SMALL HiBM,7.2941
2001-11-01,2001-12-01,ME2 BM1,8.0633
2001-11-01,2001-12-01,ME2 BM2,5.6778
2001-11-01,2001-12-01,ME2 BM3,6.5976
2001-11-01,2001-12-01,ME2 BM4,7.8599
2001-11-01,2001-12-01,ME2 BM5,7.2899
2001-11-01,2001-12-01,ME3 BM1,5.8098
2001-11-01,2001-12-01,ME3 BM2,5.9806
2001-11-01,2001-12-01,ME3 BM3,7.5042
2001-11-01,2001-12-01,ME3 BM4,5.5123
2001-11-01,2001-12-01,ME3 BM5,4.9722
2001-11-01,2001-12-01,ME4 BM1,3.7621
2001-11-01,2001-12-01,ME4 BM2,5.2351
2001-11-01,2001-12-01,ME4 BM3,4.9409
2001-11-01,2001-12-01,ME4 BM4,6.7045
2001-11-01,2001-12-01,ME4 BM5,3.3574
2001-11-01,2001-12-01,BIG LoBM,0.0156
2001-11-01,2001-12-01,ME5 BM2,2.6181
2001-11-01,2001-12-01,ME5 BM3,3.639
2001-11-01,2001-12-01,ME5 BM4,0.4628
2001-11-01,2001-12-01,BIG HiBM,1.3083
2001-12-01,2002-01-01,SMALL LoBM,-7.075
2001-12-01,2002-01-01,ME1 BM2,-1.4658
2001-12-01,2002-01-01,ME1 BM3,2.394
2001-12-01,2002-01-01,ME1 BM4,3.3651
2001-12-01,2002-01-01,SMALL HiBM,5.0065
2001-12-01,2002-01-01,ME2 BM1,-6.3238
2001-12-01,2002-01-01,ME2 BM2,-2.7077
2001-12-01,2002-01-01,ME2 BM3,-0.1681
2001-12-01,2002-01-01,ME2 BM4,1.368
2001-12-01,2002-01-01,ME2 BM5,1.1993
2001-12-01,2002-01-01,ME3 BM1,-5.2391
2001-12-01,2002-01-01,ME3 BM2,-2.0268
2001-12-01,2002-01-01,ME3 BM3,-0.651
2001-12-01,2002-01-01,ME3 BM4,2.3277
2001-12-01,2002-01-01,ME3 BM5,5.0925
2001-12-01,2002-01-01,ME4 BM1,-4.0455
2001-12-01,2002-01-01,ME4 BM2,-0.1288
2001-12-01,2002-01-01,ME4 BM3,1.2509
2001-12-01,2002-01-01,ME4 BM4,2.2548
2001-12-01,2002-01-01,ME4 BM5,-3.5551
2001-12-01,2002-01-01,BIG LoBM,-0.8249
2001-12-01,2002-01-01,ME5 BM2,-2.3102
2001-12-01,2002-01-01,ME5 BM3,-0.535
2001-12-01,2002-01-01,ME5 BM4,-1.6307
2001-12-01,2002-01-01,BIG HiBM,-9.1876
2002-01-01,2002-02-01,SMALL LoBM,-10.5138
2002-01-01,2002-02-01,ME1 BM2,-5.8868
2002-01-01,2002-02-01,ME1 BM3,-4.4184
2002-01-01,2002-02-01,ME1 BM4,-1.2831
2002-01-01,2002-02-01,SMALL HiBM,-3.1928
2002-01-01,2002-02-01,ME2 BM1,-9.6917
2002-01-01,2002-02-01,ME2 BM2,-4.386
2002-01-01,2002-02-01,ME2 BM3,-1.3407
2002-01-01,2002-02-01,ME2 BM4,0.6299
2002-01-01,2002-02-01,ME2 BM5,-0.059
2002-01-01,2002-02-01,ME3 BM1,-7.2562
2002-01-01,2002-02-01,ME3 BM2,-0.5797
2002-01-01,2002-02-01,ME3 BM3,0.2394
2002-01-01,2002-02-01,ME3 BM4,-0.4002
2002-01-01,2002-02-01,ME3 BM5,4.2774
2002-01-01,2002-02-01,ME4 BM1,-4.1225
2002-01-01,2002-02-01,ME4 BM2,0.8152
2002-01-01,2002-02-01,ME4 BM3,2.5651
2002-01-01,2002-02-01,ME4 BM4,-3.9155
2002-01-01,2002-02-01,ME4 BM5,2.2289
2002-01-01,2002-02-01,BIG LoBM,-2.6238
2002-01-01,2002-02-01,ME5 BM2,0.5167
2002-01-01,2002-02-01,ME5 BM3,0.439
2002-01-01,2002-02-01,ME5 BM4,-3.477
2002-01-01,2002-02-01,BIG HiBM,-12.7631
2002-02-01,2002-03-01,SMALL LoBM,5.8754
2002-02-01,2002-03-01,ME1 BM2,7.4958
2002-02-01,2002-03-01,ME1 BM3,8.4881
2002-02-01,2002-03-01,ME1 BM4,8.3398
2002-02-01,2002-03-01,SMALL HiBM,9.2047
2002-02-01,2002-03-01,ME2 BM1,8.7968
2002-02-01,2002-03-01,ME2 BM2,9.2597
2002-02-01,2002-03-01,ME2 BM3,7.3777
2002-02-01,2002-03-01,ME2 BM4,8.0938
2002-02-01,2002-03-01,ME2 BM5,11.3512
2002-02-01,2002-03-01,ME3 BM1,8.7845
2002-02-01,2002-03-01,ME3 BM2,6.7229
2002-02-01,2002-03-01,ME3 BM3,6.8379
2002-02-01,2002-03-01,ME3 BM4,7.6227
2002-02-01,2002-03-01,ME3 BM5,9.0625
2002-02-01,2002-03-01,ME4 BM1,6.5413
2002-02-01,2002-03-01,ME4 BM2,6.9889
2002-02-01,2002-03-01,ME4 BM3,5.8282
2002-02-01,2002-03-01,ME4 BM4,5.1272
2002-02-01,2002-03-01,ME4 BM5,8.2385
2002-02-01,2002-03-01,BIG LoBM,2.9742
2002-02-01,2002-03-01,ME5 BM2,6.0731
2002-02-01,2002-03-01,ME5 BM3,3.547
2002-02-01,2002-03-01,ME5 BM4,8.8511
2002-02-01,2002-03-01,BIG HiBM,0.1129
2002-03-01,2002-04-01,SMALL LoBM,-9.7734
2002-03-01,2002-04-01,ME1 BM2,-0.5012
2002-03-01,2002-04-01,ME1 BM3,1.9475
2002-03-01,2002-04-01,ME1 BM4,3.6425
2002-03-01,2002-04-01,SMALL HiBM,5.0299
2002-03-01,2002-04-01,ME2 BM1,-4.7881
2002-03-01,2002-04-01,ME2 BM2,0.3821
2002-03-01,2002-04-01,ME2 BM3,3.653
2002-03-01,2002-04-01,ME2 BM4,3.9059
2002-03-01,2002-04-01,ME2 BM5,4.9079
2002-03-01,2002-04-01,ME3 BM1,-5.2157
2002-03-01,2002-04-01,ME3 BM2,0.9084
2002-03-01,2002-04-01,ME3 BM3,2.2681
2002-03-01,2002-04-01,ME3 BM4,0.8938
2002-03-01,2002-04-01,ME3 BM5,0.648
2002-03-01,2002-04-01,ME4 BM1,-2.9949
2002-03-01,2002-04-01,ME4 BM2,0.2977
2002-03-01,2002-04-01,ME4 BM3,-0.2623
2002-03-01,2002-04-01,ME4 BM4,-1.8168
2002-03-01,2002-04-01,ME4 BM5,1.2585
2002-03-01,2002-04-01,BIG LoBM,-7.9868
2002-03-01,2002-04-01,ME5 BM2,-2.9175
2002-03-01,2002-04-01,ME5 BM3,0.9584
2002-03-01,2002-04-01,ME5 BM4,-2.3226
2002-03-01,2002-04-01,BIG HiBM,-22.1463
2002-04-01,2002-05-01,SMALL LoBM,-6.6419
2002-04-01,2002-05-01,ME1 BM2,-5.9566
2002-04-01,2002-05-01,ME1 BM3,-3.1989
2002-04-01,2002-05-01,ME1 BM4,1.3963
2002-04-01,2002-05-01,SMALL HiBM,0.2191
2002-04-01,2002-05-01,ME2 BM1,-7.9253
2002-04-01,2002-05-01,ME2 BM2,-4.1695
2002-04-01,2002-05-01,ME2 BM3,-4.7178
2002-04-01,2002-05-01,ME2 BM4,-3.2493
2002-04-01,2002-05-01,ME2 BM5,-6.6234
2002-04-01,2002-05-01,ME3 BM1,-6.0349
2002-04-01,2002-05-01,ME3 BM2,-2.816
2002-04-01,2002-05-01,ME3 BM3,-4.0691
2002-04-01,2002-05-01,ME3 BM4,-2.8034
2002-04-01,2002-05-01,ME3 BM5,-2.0043
2002-04-01,2002-05-01,ME4 BM1,-2.8427
2002-04-01,2002-05-01,ME4 BM2,-0.4965
2002-04-01,2002-05-01,ME4 BM3,-0.9422
2002-04-01,2002-05-01,ME4 BM4,-1.0271
2002-04-01,2002-05-01,ME4 BM5,0.2946
2002-04-01,2002-05-01,BIG LoBM,-1.3287
2002-04-01,2002-05-01,ME5 BM2,0.4547
2002-04-01,2002-05-01,ME5 BM3,0.6388
2002-04-01,2002-05-01,ME5 BM4,1.0067
2002-04-01,2002-05-01,BIG HiBM,-7.7069
2002-05-01,2002-06-01,SMALL LoBM,-8.2517
2002-05-01,2002-06-01,ME1 BM2,-7.8868
2002-05-01,2002-06-01,ME1 BM3,-0.8805
2002-05-01,2002-06-01,ME1 BM4,1.0262
2002-05-01,2002-06-01,SMALL HiBM,-1.0668
2002-05-01,2002-06-01,ME2 BM1,-7.768
2002-05-01,2002-06-01,ME2 BM2,-4.1778
2002-05-01,2002-06-01,ME2 BM3,-2.8398
2002-05-01,2002-06-01,ME2 BM4,-1.6905
2002-05-01,2002-06-01,ME2 BM5,-3.2267
2002-05-01,2002-06-01,ME3 BM1,-7.6693
2002-05-01,2002-06-01,ME3 BM2,-7.6311
2002-05-01,2002-06-01,ME3 BM3,-4.9573
2002-05-01,2002-06-01,ME3 BM4,-5.1996
2002-05-01,2002-06-01,ME3 BM5,-5.9517
2002-05-01,2002-06-01,ME4 BM1,-9.6599
2002-05-01,2002-06-01,ME4 BM2,-7.0091
2002-05-01,2002-06-01,ME4 BM3,-7.1645
2002-05-01,2002-06-01,ME4 BM4,-5.8566
2002-05-01,2002-06-01,ME4 BM5,-9.0717
2002-05-01,2002-06-01,BIG LoBM,-7.579
2002-05-01,2002-06-01,ME5 BM2,-4.7192
2002-05-01,2002-06-01,ME5 BM3,-6.7928
2002-05-01,2002-06-01,ME5 BM4,-10.0278
2002-05-01,2002-06-01,BIG HiBM,-11.4479
2002-06-01,2002-07-01,SMALL LoBM,-19.4801
2002-06-01,2002-07-01,ME1 BM2,-15.4944
2002-06-01,2002-07-01,ME1 BM3,-14.9596
2002-06-01,2002-07-01,ME1 BM4,-11.5038
2002-06-01,2002-07-01,SMALL HiBM,-12.0413
2002-06-01,2002-07-01,ME2 BM1,-15.2408
2002-06-01,2002-07-01,ME2 BM2,-16.6356
2002-06-01,2002-07-01,ME2 BM3,-14.0787
2002-06-01,2002-07-01,ME2 BM4,-15.3421
2002-06-01,2002-07-01,ME2 BM5,-18.2952
2002-06-01,2002-07-01,ME3 BM1,-9.7756
2002-06-01,2002-07-01,ME3 BM2,-8.856
2002-06-01,2002-07-01,ME3 BM3,-11.8637
2002-06-01,2002-07-01,ME3 BM4,-12.1979
2002-06-01,2002-07-01,ME3 BM5,-17.4632
2002-06-01,2002-07-01,ME4 BM1,-9.7826
2002-06-01,2002-07-01,ME4 BM2,-8.745
2002-06-01,2002-07-01,ME4 BM3,-9.3073
2002-06-01,2002-07-01,ME4 BM4,-12.2942
2002-06-01,2002-07-01,ME4 BM5,-18.2454
2002-06-01,2002-07-01,BIG LoBM,-5.4848
2002-06-01,2002-07-01,ME5 BM2,-10.2541
2002-06-01,2002-07-01,ME5 BM3,-7.1703
2002-06-01,2002-07-01,ME5 BM4,-10.4472
2002-06-01,2002-07-01,BIG HiBM,-14.6754
2002-07-01,2002-08-01,SMALL LoBM,-0.1373
2002-07-01,2002-08-01,ME1 BM2,-0.389
2002-07-01,2002-08-01,ME1 BM3,-2.6218
2002-07-01,2002-08-01,ME1 BM4,-0.822
2002-07-01,2002-08-01,SMALL HiBM,-1.7606
2002-07-01,2002-08-01,ME2 BM1,0.7889
2002-07-01,2002-08-01,ME2 BM2,0.1804
2002-07-01,2002-08-01,ME2 BM3,-0.3748
2002-07-01,2002-08-01,ME2 BM4,1.1205
2002-07-01,2002-08-01,ME2 BM5,-1.3532
2002-07-01,2002-08-01,ME3 BM1,0.896
2002-07-01,2002-08-01,ME3 BM2,-0.6331
2002-07-01,2002-08-01,ME3 BM3,2.6949
2002-07-01,2002-08-01,ME3 BM4,1.5092
2002-07-01,2002-08-01,ME3 BM5,2.283
2002-07-01,2002-08-01,ME4 BM1,-1.2651
2002-07-01,2002-08-01,ME4 BM2,-0.1311
2002-07-01,2002-08-01,ME4 BM3,1.6597
2002-07-01,2002-08-01,ME4 BM4,-0.0158
2002-07-01,2002-08-01,ME4 BM5,6.6553
2002-07-01,2002-08-01,BIG LoBM,-0.1306
2002-07-01,2002-08-01,ME5 BM2,0.924
2002-07-01,2002-08-01,ME5 BM3,1.7436
2002-07-01,2002-08-01,ME5 BM4,5.3081
2002-07-01,2002-08-01,BIG HiBM,8.3212
2002-08-01,2002-09-01,SMALL LoBM,-10.6479
2002-08-01,2002-09-01,ME1 BM2,-8.4026
2002-08-01,2002-09-01,ME1 BM3,-7.7767
2002-08-01,2002-09-01,ME1 BM4,-7.0067
2002-08-01,2002-09-01,SMALL HiBM,-6.8021
2002-08-01,2002-09-01,ME2 BM1,-8.0444
2002-08-01,2002-09-01,ME2 BM2,-6.478
2002-08-01,2002-09-01,ME2 BM3,-5.8699
2002-08-01,2002-09-01,ME2 BM4,-7.3145
2002-08-01,2002-09-01,ME2 BM5,-9.3199
2002-08-01,2002-09-01,ME3 BM1,-7.6242
2002-08-01,2002-09-01,ME3 BM2,-8.543
2002-08-01,2002-09-01,ME3 BM3,-9.5149
2002-08-01,2002-09-01,ME3 BM4,-7.8643
2002-08-01,2002-09-01,ME3 BM5,-9.0527
2002-08-01,2002-09-01,ME4 BM1,-9.0325
2002-08-01,2002-09-01,ME4 BM2,-8.5386
2002-08-01,2002-09-01,ME4 BM3,-11.8308
2002-08-01,2002-09-01,ME4 BM4,-10.8312
2002-08-01,2002-09-01,ME4 BM5,-21.7424
2002-08-01,2002-09-01,BIG LoBM,-10.8651
2002-08-01,2002-09-01,ME5 BM2,-11.2524
2002-08-01,2002-09-01,ME5 BM3,-9.2718
2002-08-01,2002-09-01,ME5 BM4,-8.571
2002-08-01,2002-09-01,BIG HiBM,-6.1953
2002-09-01,2002-10-01,SMALL LoBM,5.817
2002-09-01,2002-10-01,ME1 BM2,4.5233
2002-09-01,2002-10-01,ME1 BM3,2.7008
2002-09-01,2002-10-01,ME1 BM4,2.0311
2002-09-01,2002-10-01,SMALL HiBM,1.5206
2002-09-01,2002-10-01,ME2 BM1,10.2258
2002-09-01,2002-10-01,ME2 BM2,2.5326
2002-09-01,2002-10-01,ME2 BM3,4.1139
2002-09-01,2002-10-01,ME2 BM4,1.5574
2002-09-01,2002-10-01,ME2 BM5,-1.3809
2002-09-01,2002-10-01,ME3 BM1,7.3502
2002-09-01,2002-10-01,ME3 BM2,2.6928
2002-09-01,2002-10-01,ME3 BM3,5.4365
2002-09-01,2002-10-01,ME3 BM4,3.3524
2002-09-01,2002-10-01,ME3 BM5,1.1012
2002-09-01,2002-10-01,ME4 BM1,7.0125
2002-09-01,2002-10-01,ME4 BM2,4.717
2002-09-01,2002-10-01,ME4 BM3,3.8342
2002-09-01,2002-10-01,ME4 BM4,3.3606
2002-09-01,2002-10-01,ME4 BM5,4.7484
2002-09-01,2002-10-01,BIG LoBM,10.3647
2002-09-01,2002-10-01,ME5 BM2,6.9862
2002-09-01,2002-10-01,ME5 BM3,4.6846
2002-09-01,2002-10-01,ME5 BM4,5.9407
2002-09-01,2002-10-01,BIG HiBM,14.1328
2002-10-01,2002-11-01,SMALL LoBM,17.8132
2002-10-01,2002-11-01,ME1 BM2,12.6759
2002-10-01,2002-11-01,ME1 BM3,10.2545
2002-10-01,2002-11-01,ME1 BM4,8.4982
2002-10-01,2002-11-01,SMALL HiBM,9.2358
2002-10-01,2002-11-01,ME2 BM1,13.2245
2002-10-01,2002-11-01,ME2 BM2,10.9837
2002-10-01,2002-11-01,ME2 BM3,7.5702
2002-10-01,2002-11-01,ME2 BM4,6.0261
2002-10-01,2002-11-01,ME2 BM5,8.8661
2002-10-01,2002-11-01,ME3 BM1,9.2486
2002-10-01,2002-11-01,ME3 BM2,7.4397
2002-10-01,2002-11-01,ME3 BM3,6.5921
2002-10-01,2002-11-01,ME3 BM4,5.5016
2002-10-01,2002-11-01,ME3 BM5,11.6523
2002-10-01,2002-11-01,ME4 BM1,10.5488
2002-10-01,2002-11-01,ME4 BM2,7.668
2002-10-01,2002-11-01,ME4 BM3,7.5461
2002-10-01,2002-11-01,ME4 BM4,6.9125
2002-10-01,2002-11-01,ME4 BM5,17.8959
2002-10-01,2002-11-01,BIG LoBM,4.9571
2002-10-01,2002-11-01,ME5 BM2,6.0858
2002-10-01,2002-11-01,ME5 BM3,4.4747
2002-10-01,2002-11-01,ME5 BM4,6.3004
2002-10-01,2002-11-01,BIG HiBM,7.0504
2002-11-01,2002-12-01,SMALL LoBM,-9.7727
2002-11-01,2002-12-01,ME1 BM2,-5.7195
2002-11-01,2002-12-01,ME1 BM3,-5.2049
2002-11-01,2002-12-01,ME1 BM4,-2.6016
2002-11-01,2002-12-01,SMALL HiBM,-2.6696
2002-11-01,2002-12-01,ME2 BM1,-10.2207
2002-11-01,2002-12-01,ME2 BM2,-7.2347
2002-11-01,2002-12-01,ME2 BM3,-4.4497
2002-11-01,2002-12-01,ME2 BM4,-3.6509
2002-11-01,2002-12-01,ME2 BM5,-3.6961
2002-11-01,2002-12-01,ME3 BM1,-7.3219
2002-11-01,2002-12-01,ME3 BM2,-4.4062
2002-11-01,2002-12-01,ME3 BM3,-2.7423
2002-11-01,2002-12-01,ME3 BM4,-3.8423
2002-11-01,2002-12-01,ME3 BM5,-6.7699
2002-11-01,2002-12-01,ME4 BM1,-6.9156
2002-11-01,2002-12-01,ME4 BM2,-5.0934
2002-11-01,2002-12-01,ME4 BM3,-2.5357
2002-11-01,2002-12-01,ME4 BM4,-3.2326
2002-11-01,2002-12-01,ME4 BM5,-3.6938
2002-11-01,2002-12-01,BIG LoBM,-6.2427
2002-11-01,2002-12-01,ME5 BM2,-6.2005
2002-11-01,2002-12-01,ME5 BM3,-3.3383
2002-11-01,2002-12-01,ME5 BM4,-3.795
2002-11-01,2002-12-01,BIG HiBM,-9.7391
2002-12-01,2003-01-01,SMALL LoBM,-0.5622
2002-12-01,2003-01-01,ME1 BM2,-0.2725
2002-12-01,2003-01-01,ME1 BM3,-2.3745
2002-12-01,2003-01-01,ME1 BM4,-0.5188
2002-12-01,2003-01-01,SMALL HiBM,0.2386
2002-12-01,2003-01-01,ME2 BM1,-3.265
2002-12-01,2003-01-01,ME2 BM2,-3.1171
2002-12-01,2003-01-01,ME2 BM3,-3.383
2002-12-01,2003-01-01,ME2 BM4,-1.563
2002-12-01,2003-01-01,ME2 BM5,-2.5606
2002-12-01,2003-01-01,ME3 BM1,-1.4682
2002-12-01,2003-01-01,ME3 BM2,-4.0779
2002-12-01,2003-01-01,ME3 BM3,-3.3372
2002-12-01,2003-01-01,ME3 BM4,-3.7907
2002-12-01,2003-01-01,ME3 BM5,-2.6272
2002-12-01,2003-01-01,ME4 BM1,-1.1388
2002-12-01,2003-01-01,ME4 BM2,-3.4326
2002-12-01,2003-01-01,ME4 BM3,-0.54
2002-12-01,2003-01-01,ME4 BM4,-2.4763
2002-12-01,2003-01-01,ME4 BM5,-5.0986
2002-12-01,2003-01-01,BIG LoBM,-2.8215
2002-12-01,2003-01-01,ME5 BM2,-2.7116
2002-12-01,2003-01-01,ME5 BM3,-1.1602
2002-12-01,2003-01-01,ME5 BM4,-5.1275
2002-12-01,2003-01-01,BIG HiBM,-5.5856
2003-01-01,2003-02-01,SMALL LoBM,-6.1117
2003-01-01,2003-02-01,ME1 BM2,-3.0991
2003-01-01,2003-02-01,ME1 BM3,-2.4659
2003-01-01,2003-02-01,ME1 BM4,-1.5253
2003-01-01,2003-02-01,SMALL HiBM,-2.1487
2003-01-01,2003-02-01,ME2 BM1,-2.6315
2003-01-01,2003-02-01,ME2 BM2,-1.6521
2003-01-01,2003-02-01,ME2 BM3,-2.129
2003-01-01,2003-02-01,ME2 BM4,-2.6905
2003-01-01,2003-02-01,ME2 BM5,-5.7044
2003-01-01,2003-02-01,ME3 BM1,-4.101
2003-01-01,2003-02-01,ME3 BM2,-1.0161
2003-01-01,2003-02-01,ME3 BM3,-2.2273
2003-01-01,2003-02-01,ME3 BM4,-3.9383
2003-01-01,2003-02-01,ME3 BM5,-2.686
2003-01-01,2003-02-01,ME4 BM1,-2.8041
2003-01-01,2003-02-01,ME4 BM2,-1.5505
2003-01-01,2003-02-01,ME4 BM3,-2.1187
2003-01-01,2003-02-01,ME4 BM4,-1.7034
2003-01-01,2003-02-01,ME4 BM5,-5.5579
2003-01-01,2003-02-01,BIG LoBM,-1.0793
2003-01-01,2003-02-01,ME5 BM2,-2.7413
2003-01-01,2003-02-01,ME5 BM3,-2.4215
2003-01-01,2003-02-01,ME5 BM4,-3.4365
2003-01-01,2003-02-01,BIG HiBM,-4.9207
2003-02-01,2003-03-01,SMALL LoBM,2.4135
2003-02-01,2003-03-01,ME1 BM2,1.1616
2003-02-01,2003-03-01,ME1 BM3,0.5948
2003-02-01,2003-03-01,ME1 BM4,2.1077
2003-02-01,2003-03-01,SMALL HiBM,0.0167
2003-02-01,2003-03-01,ME2 BM1,2.2765
2003-02-01,2003-03-01,ME2 BM2,1.3701
2003-02-01,2003-03-01,ME2 BM3,0.5046
2003-02-01,2003-03-01,ME2 BM4,1.4793
2003-02-01,2003-03-01,ME2 BM5,-0.3584
2003-02-01,2003-03-01,ME3 BM1,2.8826
2003-02-01,2003-03-01,ME3 BM2,0.8287
2003-02-01,2003-03-01,ME3 BM3,-0.1472
2003-02-01,2003-03-01,ME3 BM4,-0.4419
2003-02-01,2003-03-01,ME3 BM5,3.6281
2003-02-01,2003-03-01,ME4 BM1,1.5294
2003-02-01,2003-03-01,ME4 BM2,-0.4751
2003-02-01,2003-03-01,ME4 BM3,0.413
2003-02-01,2003-03-01,ME4 BM4,2.2464
2003-02-01,2003-03-01,ME4 BM5,-4.4943
2003-02-01,2003-03-01,BIG LoBM,1.7086
2003-02-01,2003-03-01,ME5 BM2,0.4975
2003-02-01,2003-03-01,ME5 BM3,0.8505
2003-02-01,2003-03-01,ME5 BM4,-0.643
2003-02-01,2003-03-01,BIG HiBM,-2.9494
2003-03-01,2003-04-01,SMALL LoBM,12.0014
2003-03-01,2003-04-01,ME1 BM2,10.7894
2003-03-01,2003-04-01,ME1 BM3,8.376
2003-03-01,2003-04-01,ME1 BM4,7.64
2003-03-01,2003-04-01,SMALL HiBM,9.6398
2003-03-01,2003-04-01,ME2 BM1,10.9871
2003-03-01,2003-04-01,ME2 BM2,9.4528
2003-03-01,2003-04-01,ME2 BM3,9.2121
2003-03-01,2003-04-01,ME2 BM4,9.5519
2003-03-01,2003-04-01,ME2 BM5,10.1564
2003-03-01,2003-04-01,ME3 BM1,8.3325
2003-03-01,2003-04-01,ME3 BM2,8.0211
2003-03-01,2003-04-01,ME3 BM3,10.7673
2003-03-01,2003-04-01,ME3 BM4,11.6398
2003-03-01,2003-04-01,ME3 BM5,10.163
2003-03-01,2003-04-01,ME4 BM1,8.7045
2003-03-01,2003-04-01,ME4 BM2,7.0186
2003-03-01,2003-04-01,ME4 BM3,9.2793
2003-03-01,2003-04-01,ME4 BM4,8.55
2003-03-01,2003-04-01,ME4 BM5,9.0993
2003-03-01,2003-04-01,BIG LoBM,7.3132
2003-03-01,2003-04-01,ME5 BM2,9.5945
2003-03-01,2003-04-01,ME5 BM3,8.8043
2003-03-01,2003-04-01,ME5 BM4,8.8223
2003-03-01,2003-04-01,BIG HiBM,14.8181
2003-04-01,2003-05-01,SMALL LoBM,19.5403
2003-04-01,2003-05-01,ME1 BM2,15.5143
2003-04-01,2003-05-01,ME1 BM3,11.1925
2003-04-01,2003-05-01,ME1 BM4,10.7619
2003-04-01,2003-05-01,SMALL HiBM,11.2877
2003-04-01,2003-05-01,ME2 BM1,13.0253
2003-04-01,2003-05-01,ME2 BM2,9.4653
2003-04-01,2003-05-01,ME2 BM3,11.2696
2003-04-01,2003-05-01,ME2 BM4,10.0993
2003-04-01,2003-05-01,ME2 BM5,11.3989
2003-04-01,2003-05-01,ME3 BM1,8.5535
2003-04-01,2003-05-01,ME3 BM2,8.956
2003-04-01,2003-05-01,ME3 BM3,9.6751
2003-04-01,2003-05-01,ME3 BM4,9.4753
2003-04-01,2003-05-01,ME3 BM5,9.2535
2003-04-01,2003-05-01,ME4 BM1,9.7616
2003-04-01,2003-05-01,ME4 BM2,10.5836
2003-04-01,2003-05-01,ME4 BM3,8.2129
2003-04-01,2003-05-01,ME4 BM4,10.0833
2003-04-01,2003-05-01,ME4 BM5,9.953
2003-04-01,2003-05-01,BIG LoBM,4.2374
2003-04-01,2003-05-01,ME5 BM2,6.561
2003-04-01,2003-05-01,ME5 BM3,6.7839
2003-04-01,2003-05-01,ME5 BM4,6.706
2003-04-01,2003-05-01,BIG HiBM,7.8462
2003-05-01,2003-06-01,SMALL LoBM,7.5443
2003-05-01,2003-06-01,ME1 BM2,4.0502
2003-05-01,2003-06-01,ME1 BM3,4.8092
2003-05-01,2003-06-01,ME1 BM4,4.4223
2003-05-01,2003-06-01,SMALL HiBM,5.6135
2003-05-01,2003-06-01,ME2 BM1,1.8821
2003-05-01,2003-06-01,ME2 BM2,0.7016
2003-05-01,2003-06-01,ME2 BM3,1.3522
2003-05-01,2003-06-01,ME2 BM4,2.0796
2003-05-01,2003-06-01,ME2 BM5,3.4328
2003-05-01,2003-06-01,ME3 BM1,2.5887
2003-05-01,2003-06-01,ME3 BM2,1.6741
2003-05-01,2003-06-01,ME3 BM3,0.4807
2003-05-01,2003-06-01,ME3 BM4,1.1966
2003-05-01,2003-06-01,ME3 BM5,2.0494
2003-05-01,2003-06-01,ME4 BM1,1.7426
2003-05-01,2003-06-01,ME4 BM2,0.8825
2003-05-01,2003-06-01,ME4 BM3,0.2105
2003-05-01,2003-06-01,ME4 BM4,-0.6117
2003-05-01,2003-06-01,ME4 BM5,7.1292
2003-05-01,2003-06-01,BIG LoBM,1.0081
2003-05-01,2003-06-01,ME5 BM2,2.4522
2003-05-01,2003-06-01,ME5 BM3,1.9197
2003-05-01,2003-06-01,ME5 BM4,-0.7965
2003-05-01,2003-06-01,BIG HiBM,3.6635
2003-06-01,2003-07-01,SMALL LoBM,8.5891
2003-06-01,2003-07-01,ME1 BM2,8.4226
2003-06-01,2003-07-01,ME1 BM3,8.4676
2003-06-01,2003-07-01,ME1 BM4,8.7621
2003-06-01,2003-07-01,SMALL HiBM,8.1457
2003-06-01,2003-07-01,ME2 BM1,8.8314
2003-06-01,2003-07-01,ME2 BM2,5.3636
2003-06-01,2003-07-01,ME2 BM3,5.9201
2003-06-01,2003-07-01,ME2 BM4,6.6316
2003-06-01,2003-07-01,ME2 BM5,7.7585
2003-06-01,2003-07-01,ME3 BM1,7.4419
2003-06-01,2003-07-01,ME3 BM2,4.6915
2003-06-01,2003-07-01,ME3 BM3,1.326
2003-06-01,2003-07-01,ME3 BM4,4.4423
2003-06-01,2003-07-01,ME3 BM5,2.445
2003-06-01,2003-07-01,ME4 BM1,4.0276
2003-06-01,2003-07-01,ME4 BM2,3.4307
2003-06-01,2003-07-01,ME4 BM3,3.0997
2003-06-01,2003-07-01,ME4 BM4,5.0101
2003-06-01,2003-07-01,ME4 BM5,2.0426
2003-06-01,2003-07-01,BIG LoBM,0.6261
2003-06-01,2003-07-01,ME5 BM2,5.4221
2003-06-01,2003-07-01,ME5 BM3,1.8459
2003-06-01,2003-07-01,ME5 BM4,-0.4287
2003-06-01,2003-07-01,BIG HiBM,1.6269
2003-07-01,2003-08-01,SMALL LoBM,4.415
2003-07-01,2003-08-01,ME1 BM2,4.9655
2003-07-01,2003-08-01,ME1 BM3,3.5157
2003-07-01,2003-08-01,ME1 BM4,4.5771
2003-07-01,2003-08-01,SMALL HiBM,6.3445
2003-07-01,2003-08-01,ME2 BM1,4.0049
2003-07-01,2003-08-01,ME2 BM2,3.2021
2003-07-01,2003-08-01,ME2 BM3,5.4158
2003-07-01,2003-08-01,ME2 BM4,4.94
2003-07-01,2003-08-01,ME2 BM5,6.0007
2003-07-01,2003-08-01,ME3 BM1,3.988
2003-07-01,2003-08-01,ME3 BM2,4.1336
2003-07-01,2003-08-01,ME3 BM3,4.8732
2003-07-01,2003-08-01,ME3 BM4,7.3852
2003-07-01,2003-08-01,ME3 BM5,7.785
2003-07-01,2003-08-01,ME4 BM1,4.6646
2003-07-01,2003-08-01,ME4 BM2,3.6863
2003-07-01,2003-08-01,ME4 BM3,4.1118
2003-07-01,2003-08-01,ME4 BM4,4.8947
2003-07-01,2003-08-01,ME4 BM5,9.3991
2003-07-01,2003-08-01,BIG LoBM,1.5688
2003-07-01,2003-08-01,ME5 BM2,1.4238
2003-07-01,2003-08-01,ME5 BM3,2.0364
2003-07-01,2003-08-01,ME5 BM4,2.4463
2003-07-01,2003-08-01,BIG HiBM,1.3199
2003-08-01,2003-09-01,SMALL LoBM,3.5252
2003-08-01,2003-09-01,ME1 BM2,0.3826
2003-08-01,2003-09-01,ME1 BM3,-0.1279
2003-08-01,2003-09-01,ME1 BM4,2.0958
2003-08-01,2003-09-01,SMALL HiBM,4.8728
2003-08-01,2003-09-01,ME2 BM1,-2.1029
2003-08-01,2003-09-01,ME2 BM2,-2.1288
2003-08-01,2003-09-01,ME2 BM3,-2.5999
2003-08-01,2003-09-01,ME2 BM4,-3.9153
2003-08-01,2003-09-01,ME2 BM5,-0.797
2003-08-01,2003-09-01,ME3 BM1,-1.9724
2003-08-01,2003-09-01,ME3 BM2,-3.3181
2003-08-01,2003-09-01,ME3 BM3,-2.2443
2003-08-01,2003-09-01,ME3 BM4,-1.1999
2003-08-01,2003-09-01,ME3 BM5,-0.7238
2003-08-01,2003-09-01,ME4 BM1,-1.5221
2003-08-01,2003-09-01,ME4 BM2,-2.5541
2003-08-01,2003-09-01,ME4 BM3,-0.7614
2003-08-01,2003-09-01,ME4 BM4,-1.1526
2003-08-01,2003-09-01,ME4 BM5,0.3164
2003-08-01,2003-09-01,BIG LoBM,-0.8861
2003-08-01,2003-09-01,ME5 BM2,-1.0859
2003-08-01,2003-09-01,ME5 BM3,-1.1063
2003-08-01,2003-09-01,ME5 BM4,-2.2194
2003-08-01,2003-09-01,BIG HiBM,-4.5547
2003-09-01,2003-10-01,SMALL LoBM,5.7436
2003-09-01,2003-10-01,ME1 BM2,8.6748
2003-09-01,2003-10-01,ME1 BM3,7.7462
2003-09-01,2003-10-01,ME1 BM4,10.4933
2003-09-01,2003-10-01,SMALL HiBM,11.5739
2003-09-01,2003-10-01,ME2 BM1,8.2458
2003-09-01,2003-10-01,ME2 BM2,8.3877
2003-09-01,2003-10-01,ME2 BM3,6.7381
2003-09-01,2003-10-01,ME2 BM4,10.1946
2003-09-01,2003-10-01,ME2 BM5,10.827
2003-09-01,2003-10-01,ME3 BM1,9.0372
2003-09-01,2003-10-01,ME3 BM2,6.6626
2003-09-01,2003-10-01,ME3 BM3,5.875
2003-09-01,2003-10-01,ME3 BM4,10.9696
2003-09-01,2003-10-01,ME3 BM5,12.6033
2003-09-01,2003-10-01,ME4 BM1,7.6299
2003-09-01,2003-10-01,ME4 BM2,7.8367
2003-09-01,2003-10-01,ME4 BM3,7.2008
2003-09-01,2003-10-01,ME4 BM4,9.653
2003-09-01,2003-10-01,ME4 BM5,8.2152
2003-09-01,2003-10-01,BIG LoBM,3.4965
2003-09-01,2003-10-01,ME5 BM2,8.9015
2003-09-01,2003-10-01,ME5 BM3,8.0569
2003-09-01,2003-10-01,ME5 BM4,6.2939
2003-09-01,2003-10-01,BIG HiBM,2.7794
2003-10-01,2003-11-01,SMALL LoBM,2.7926
2003-10-01,2003-11-01,ME1 BM2,3.0925
2003-10-01,2003-11-01,ME1 BM3,5.1873
2003-10-01,2003-11-01,ME1 BM4,3.8191
2003-10-01,2003-11-01,SMALL HiBM,6.6921
2003-10-01,2003-11-01,ME2 BM1,2.527
2003-10-01,2003-11-01,ME2 BM2,3.716
2003-10-01,2003-11-01,ME2 BM3,2.8398
2003-10-01,2003-11-01,ME2 BM4,3.7117
2003-10-01,2003-11-01,ME2 BM5,3.7003
2003-10-01,2003-11-01,ME3 BM1,3.789
2003-10-01,2003-11-01,ME3 BM2,3.1442
2003-10-01,2003-11-01,ME3 BM3,2.2151
2003-10-01,2003-11-01,ME3 BM4,4.9327
2003-10-01,2003-11-01,ME3 BM5,2.4979
2003-10-01,2003-11-01,ME4 BM1,1.2944
2003-10-01,2003-11-01,ME4 BM2,3.1911
2003-10-01,2003-11-01,ME4 BM3,3.748
2003-10-01,2003-11-01,ME4 BM4,3.446
2003-10-01,2003-11-01,ME4 BM5,4.5095
2003-10-01,2003-11-01,BIG LoBM,0.7864
2003-10-01,2003-11-01,ME5 BM2,0.4556
2003-10-01,2003-11-01,ME5 BM3,2.0796
2003-10-01,2003-11-01,ME5 BM4,0.3011
2003-10-01,2003-11-01,BIG HiBM,3.2305
2003-11-01,2003-12-01,SMALL LoBM,0.2425
2003-11-01,2003-12-01,ME1 BM2,2.7945
2003-11-01,2003-12-01,ME1 BM3,3.1163
2003-11-01,2003-12-01,ME1 BM4,1.4894
2003-11-01,2003-12-01,SMALL HiBM,3.6811
2003-11-01,2003-12-01,ME2 BM1,2.11
2003-11-01,2003-12-01,ME2 BM2,1.9354
2003-11-01,2003-12-01,ME2 BM3,3.2533
2003-11-01,2003-12-01,ME2 BM4,2.5821
2003-11-01,2003-12-01,ME2 BM5,2.7189
2003-11-01,2003-12-01,ME3 BM1,-0.7229
2003-11-01,2003-12-01,ME3 BM2,2.6069
2003-11-01,2003-12-01,ME3 BM3,4.3983
2003-11-01,2003-12-01,ME3 BM4,2.2282
2003-11-01,2003-12-01,ME3 BM5,5.6274
2003-11-01,2003-12-01,ME4 BM1,1.1245
2003-11-01,2003-12-01,ME4 BM2,3.4578
2003-11-01,2003-12-01,ME4 BM3,2.305
2003-11-01,2003-12-01,ME4 BM4,4.9589
2003-11-01,2003-12-01,ME4 BM5,3.1094
2003-11-01,2003-12-01,BIG LoBM,5.3222
2003-11-01,2003-12-01,ME5 BM2,4.6391
2003-11-01,2003-12-01,ME5 BM3,3.7022
2003-11-01,2003-12-01,ME5 BM4,6.2784
2003-11-01,2003-12-01,BIG HiBM,4.791
2003-12-01,2004-01-01,SMALL LoBM,6.1711
2003-12-01,2004-01-01,ME1 BM2,5.3493
2003-12-01,2004-01-01,ME1 BM3,5.542
2003-12-01,2004-01-01,ME1 BM4,6.1121
2003-12-01,2004-01-01,SMALL HiBM,8.7408
2003-12-01,2004-01-01,ME2 BM1,3.5949
2003-12-01,2004-01-01,ME2 BM2,3.6949
2003-12-01,2004-01-01,ME2 BM3,3.3439
2003-12-01,2004-01-01,ME2 BM4,3.3978
2003-12-01,2004-01-01,ME2 BM5,7.8983
2003-12-01,2004-01-01,ME3 BM1,3.3152
2003-12-01,2004-01-01,ME3 BM2,2.2147
2003-12-01,2004-01-01,ME3 BM3,1.4739
2003-12-01,2004-01-01,ME3 BM4,4.4263
2003-12-01,2004-01-01,ME3 BM5,5.8024
2003-12-01,2004-01-01,ME4 BM1,2.3066
2003-12-01,2004-01-01,ME4 BM2,1.0851
2003-12-01,2004-01-01,ME4 BM3,4.3906
2003-12-01,2004-01-01,ME4 BM4,2.7168
2003-12-01,2004-01-01,ME4 BM5,5.1804
2003-12-01,2004-01-01,BIG LoBM,1.7302
2003-12-01,2004-01-01,ME5 BM2,0.1054
2003-12-01,2004-01-01,ME5 BM3,3.5595
2003-12-01,2004-01-01,ME5 BM4,1.6579
2003-12-01,2004-01-01,BIG HiBM,6.8544
2004-01-01,2004-02-01,SMALL LoBM,-0.2305
2004-01-01,2004-02-01,ME1 BM2,0.0336
2004-01-01,2004-02-01,ME1 BM3,0.2677
2004-01-01,2004-02-01,ME1 BM4,0.8821
2004-01-01,2004-02-01,SMALL HiBM,0.2501
2004-01-01,2004-02-01,ME2 BM1,1.0034
2004-01-01,2004-02-01,ME2 BM2,2.2155
2004-01-01,2004-02-01,ME2 BM3,0.5882
2004-01-01,2004-02-01,ME2 BM4,0.1338
2004-01-01,2004-02-01,ME2 BM5,-0.1282
2004-01-01,2004-02-01,ME3 BM1,-0.0882
2004-01-01,2004-02-01,ME3 BM2,2.9163
2004-01-01,2004-02-01,ME3 BM3,2.9662
2004-01-01,2004-02-01,ME3 BM4,1.9845
2004-01-01,2004-02-01,ME3 BM5,1.3099
2004-01-01,2004-02-01,ME4 BM1,2.513
2004-01-01,2004-02-01,ME4 BM2,1.5082
2004-01-01,2004-02-01,ME4 BM3,2.8646
2004-01-01,2004-02-01,ME4 BM4,3.8072
2004-01-01,2004-02-01,ME4 BM5,0.7018
2004-01-01,2004-02-01,BIG LoBM,1.1317
2004-01-01,2004-02-01,ME5 BM2,1.1005
2004-01-01,2004-02-01,ME5 BM3,2.7377
2004-01-01,2004-02-01,ME5 BM4,0.8379
2004-01-01,2004-02-01,BIG HiBM,5.4939
2004-02-01,2004-03-01,SMALL LoBM,-1.4206
2004-02-01,2004-03-01,ME1 BM2,-0.7523
2004-02-01,2004-03-01,ME1 BM3,-0.6561
2004-02-01,2004-03-01,ME1 BM4,0.7081
2004-02-01,2004-03-01,SMALL HiBM,-0.7902
2004-02-01,2004-03-01,ME2 BM1,2.4472
2004-02-01,2004-03-01,ME2 BM2,1.1406
2004-02-01,2004-03-01,ME2 BM3,0.2892
2004-02-01,2004-03-01,ME2 BM4,0.6013
2004-02-01,2004-03-01,ME2 BM5,1.6855
2004-02-01,2004-03-01,ME3 BM1,1.8318
2004-02-01,2004-03-01,ME3 BM2,1.5493
2004-02-01,2004-03-01,ME3 BM3,-0.0079
2004-02-01,2004-03-01,ME3 BM4,0.3301
2004-02-01,2004-03-01,ME3 BM5,0.8752
2004-02-01,2004-03-01,ME4 BM1,0.1173
2004-02-01,2004-03-01,ME4 BM2,-0.5389
2004-02-01,2004-03-01,ME4 BM3,0.3999
2004-02-01,2004-03-01,ME4 BM4,-0.729
2004-02-01,2004-03-01,ME4 BM5,-0.9554
2004-02-01,2004-03-01,BIG LoBM,-2.1442
2004-02-01,2004-03-01,ME5 BM2,-1.1262
2004-02-01,2004-03-01,ME5 BM3,-1.2199
2004-02-01,2004-03-01,ME5 BM4,-0.5689
2004-02-01,2004-03-01,BIG HiBM,-1.0886
2004-03-01,2004-04-01,SMALL LoBM,-4.1156
2004-03-01,2004-04-01,ME1 BM2,-4.7547
2004-03-01,2004-04-01,ME1 BM3,-3.8623
2004-03-01,2004-04-01,ME1 BM4,-3.9612
2004-03-01,2004-04-01,SMALL HiBM,-6.2631
2004-03-01,2004-04-01,ME2 BM1,-3.9925
2004-03-01,2004-04-01,ME2 BM2,-4.333
2004-03-01,2004-04-01,ME2 BM3,-2.3942
2004-03-01,2004-04-01,ME2 BM4,-4.3111
2004-03-01,2004-04-01,ME2 BM5,-8.3564
2004-03-01,2004-04-01,ME3 BM1,-2.0799
2004-03-01,2004-04-01,ME3 BM2,-2.0316
2004-03-01,2004-04-01,ME3 BM3,-2.7009
2004-03-01,2004-04-01,ME3 BM4,-6.2377
2004-03-01,2004-04-01,ME3 BM5,-6.4709
2004-03-01,2004-04-01,ME4 BM1,-1.6954
2004-03-01,2004-04-01,ME4 BM2,-3.9621
2004-03-01,2004-04-01,ME4 BM3,-4.4326
2004-03-01,2004-04-01,ME4 BM4,-2.9504
2004-03-01,2004-04-01,ME4 BM5,-3.1859
2004-03-01,2004-04-01,BIG LoBM,0.6777
2004-03-01,2004-04-01,ME5 BM2,-3.1226
2004-03-01,2004-04-01,ME5 BM3,-4.4391
2004-03-01,2004-04-01,ME5 BM4,-2.3556
2004-03-01,2004-04-01,BIG HiBM,-1.7671
2004-04-01,2004-05-01,SMALL LoBM,-1.9415
2004-04-01,2004-05-01,ME1 BM2,-0.5408
2004-04-01,2004-05-01,ME1 BM3,-0.202
2004-04-01,2004-05-01,ME1 BM4,-0.6881
2004-04-01,2004-05-01,SMALL HiBM,0.6262
2004-04-01,2004-05-01,ME2 BM1,1.031
2004-04-01,2004-05-01,ME2 BM2,2.0528
2004-04-01,2004-05-01,ME2 BM3,1.215
2004-04-01,2004-05-01,ME2 BM4,1.7126
2004-04-01,2004-05-01,ME2 BM5,2.317
2004-04-01,2004-05-01,ME3 BM1,1.5702
2004-04-01,2004-05-01,ME3 BM2,2.0349
2004-04-01,2004-05-01,ME3 BM3,1.7678
2004-04-01,2004-05-01,ME3 BM4,1.6523
2004-04-01,2004-05-01,ME3 BM5,1.542
2004-04-01,2004-05-01,ME4 BM1,1.3069
2004-04-01,2004-05-01,ME4 BM2,2.212
2004-04-01,2004-05-01,ME4 BM3,2.2825
2004-04-01,2004-05-01,ME4 BM4,1.7929
2004-04-01,2004-05-01,ME4 BM5,4.1238
2004-04-01,2004-05-01,BIG LoBM,0.8196
2004-04-01,2004-05-01,ME5 BM2,2.0017
2004-04-01,2004-05-01,ME5 BM3,1.1705
2004-04-01,2004-05-01,ME5 BM4,0.1021
2004-04-01,2004-05-01,BIG HiBM,1.2395
2004-05-01,2004-06-01,SMALL LoBM,0.7177
2004-05-01,2004-06-01,ME1 BM2,4.5148
2004-05-01,2004-06-01,ME1 BM3,4.3384
2004-05-01,2004-06-01,ME1 BM4,3.5753
2004-05-01,2004-06-01,SMALL HiBM,4.0143
2004-05-01,2004-06-01,ME2 BM1,3.651
2004-05-01,2004-06-01,ME2 BM2,5.1496
2004-05-01,2004-06-01,ME2 BM3,5.7328
2004-05-01,2004-06-01,ME2 BM4,5.3438
2004-05-01,2004-06-01,ME2 BM5,7.6229
2004-05-01,2004-06-01,ME3 BM1,2.0134
2004-05-01,2004-06-01,ME3 BM2,4.5572
2004-05-01,2004-06-01,ME3 BM3,2.4953
2004-05-01,2004-06-01,ME3 BM4,1.3599
2004-05-01,2004-06-01,ME3 BM5,3.8917
2004-05-01,2004-06-01,ME4 BM1,1.1975
2004-05-01,2004-06-01,ME4 BM2,3.2312
2004-05-01,2004-06-01,ME4 BM3,1.9338
2004-05-01,2004-06-01,ME4 BM4,3.383
2004-05-01,2004-06-01,ME4 BM5,4.2538
2004-05-01,2004-06-01,BIG LoBM,1.8121
2004-05-01,2004-06-01,ME5 BM2,0.6889
2004-05-01,2004-06-01,ME5 BM3,0.4304
2004-05-01,2004-06-01,ME5 BM4,2.9127
2004-05-01,2004-06-01,BIG HiBM,2.2546
2004-06-01,2004-07-01,SMALL LoBM,-12.7477
2004-06-01,2004-07-01,ME1 BM2,-7.335
2004-06-01,2004-07-01,ME1 BM3,-7.2123
2004-06-01,2004-07-01,ME1 BM4,-5.5515
2004-06-01,2004-07-01,SMALL HiBM,-4.394
2004-06-01,2004-07-01,ME2 BM1,-8.6108
2004-06-01,2004-07-01,ME2 BM2,-8.6744
2004-06-01,2004-07-01,ME2 BM3,-4.8954
2004-06-01,2004-07-01,ME2 BM4,-5.2924
2004-06-01,2004-07-01,ME2 BM5,-4.516
2004-06-01,2004-07-01,ME3 BM1,-9.122
2004-06-01,2004-07-01,ME3 BM2,-5.711
2004-06-01,2004-07-01,ME3 BM3,-3.6465
2004-06-01,2004-07-01,ME3 BM4,-3.4099
2004-06-01,2004-07-01,ME3 BM5,-3.71
2004-06-01,2004-07-01,ME4 BM1,-6.7241
2004-06-01,2004-07-01,ME4 BM2,-5.0581
2004-06-01,2004-07-01,ME4 BM3,-3.4783
2004-06-01,2004-07-01,ME4 BM4,-5.5648
2004-06-01,2004-07-01,ME4 BM5,-3.4968
2004-06-01,2004-07-01,BIG LoBM,-4.9003
2004-06-01,2004-07-01,ME5 BM2,-0.6372
2004-06-01,2004-07-01,ME5 BM3,-1.6015
2004-06-01,2004-07-01,ME5 BM4,-2.805
2004-06-01,2004-07-01,BIG HiBM,-0.891
2004-07-01,2004-08-01,SMALL LoBM,-1.7682
2004-07-01,2004-08-01,ME1 BM2,-0.3012
2004-07-01,2004-08-01,ME1 BM3,-0.9774
2004-07-01,2004-08-01,ME1 BM4,-1.4562
2004-07-01,2004-08-01,SMALL HiBM,-1.783
2004-07-01,2004-08-01,ME2 BM1,-4.6554
2004-07-01,2004-08-01,ME2 BM2,-1.5615
2004-07-01,2004-08-01,ME2 BM3,-0.5476
2004-07-01,2004-08-01,ME2 BM4,0.8433
2004-07-01,2004-08-01,ME2 BM5,1.0527
2004-07-01,2004-08-01,ME3 BM1,-2.819
2004-07-01,2004-08-01,ME3 BM2,-0.4198
2004-07-01,2004-08-01,ME3 BM3,0.3747
2004-07-01,2004-08-01,ME3 BM4,1.0498
2004-07-01,2004-08-01,ME3 BM5,-2.1999
2004-07-01,2004-08-01,ME4 BM1,-0.817
2004-07-01,2004-08-01,ME4 BM2,-1.2317
2004-07-01,2004-08-01,ME4 BM3,0.3457
2004-07-01,2004-08-01,ME4 BM4,0.3941
2004-07-01,2004-08-01,ME4 BM5,0.7682
2004-07-01,2004-08-01,BIG LoBM,-0.2658
2004-07-01,2004-08-01,ME5 BM2,1.4963
2004-07-01,2004-08-01,ME5 BM3,1.268
2004-07-01,2004-08-01,ME5 BM4,0.9963
2004-07-01,2004-08-01,BIG HiBM,-0.1083
2004-08-01,2004-09-01,SMALL LoBM,4.7611
2004-08-01,2004-09-01,ME1 BM2,4.8783
2004-08-01,2004-09-01,ME1 BM3,4.5352
2004-08-01,2004-09-01,ME1 BM4,4.9058
2004-08-01,2004-09-01,SMALL HiBM,3.692
2004-08-01,2004-09-01,ME2 BM1,8.0857
2004-08-01,2004-09-01,ME2 BM2,6.2614
2004-08-01,2004-09-01,ME2 BM3,5.6014
2004-08-01,2004-09-01,ME2 BM4,3.9344
2004-08-01,2004-09-01,ME2 BM5,3.7159
2004-08-01,2004-09-01,ME3 BM1,4.1849
2004-08-01,2004-09-01,ME3 BM2,4.1571
2004-08-01,2004-09-01,ME3 BM3,3.758
2004-08-01,2004-09-01,ME3 BM4,2.8896
2004-08-01,2004-09-01,ME3 BM5,4.8861
2004-08-01,2004-09-01,ME4 BM1,3.0858
2004-08-01,2004-09-01,ME4 BM2,3.057
2004-08-01,2004-09-01,ME4 BM3,5.1261
2004-08-01,2004-09-01,ME4 BM4,3.1347
2004-08-01,2004-09-01,ME4 BM5,2.3898
2004-08-01,2004-09-01,BIG LoBM,0.1398
2004-08-01,2004-09-01,ME5 BM2,1.2459
2004-08-01,2004-09-01,ME5 BM3,2.4442
2004-08-01,2004-09-01,ME5 BM4,1.8358
2004-08-01,2004-09-01,BIG HiBM,3.6059
2004-09-01,2004-10-01,SMALL LoBM,1.7057
2004-09-01,2004-10-01,ME1 BM2,2.4034
2004-09-01,2004-10-01,ME1 BM3,2.5669
2004-09-01,2004-10-01,ME1 BM4,1.2825
2004-09-01,2004-10-01,SMALL HiBM,0.4364
2004-09-01,2004-10-01,ME2 BM1,3.3909
2004-09-01,2004-10-01,ME2 BM2,3.0829
2004-09-01,2004-10-01,ME2 BM3,1.1189
2004-09-01,2004-10-01,ME2 BM4,0.853
2004-09-01,2004-10-01,ME2 BM5,2.3106
2004-09-01,2004-10-01,ME3 BM1,1.5865
2004-09-01,2004-10-01,ME3 BM2,3.573
2004-09-01,2004-10-01,ME3 BM3,2.3354
2004-09-01,2004-10-01,ME3 BM4,0.0218
2004-09-01,2004-10-01,ME3 BM5,2.3197
2004-09-01,2004-10-01,ME4 BM1,3.2467
2004-09-01,2004-10-01,ME4 BM2,2.8977
2004-09-01,2004-10-01,ME4 BM3,2.1364
2004-09-01,2004-10-01,ME4 BM4,1.7625
2004-09-01,2004-10-01,ME4 BM5,-0.5441
2004-09-01,2004-10-01,BIG LoBM,1.3629
2004-09-01,2004-10-01,ME5 BM2,0.6077
2004-09-01,2004-10-01,ME5 BM3,2.7675
2004-09-01,2004-10-01,ME5 BM4,0.6215
2004-09-01,2004-10-01,BIG HiBM,2.5479
2004-10-01,2004-11-01,SMALL LoBM,10.7598
2004-10-01,2004-11-01,ME1 BM2,8.6444
2004-10-01,2004-11-01,ME1 BM3,8.688
2004-10-01,2004-11-01,ME1 BM4,7.9837
2004-10-01,2004-11-01,SMALL HiBM,8.7571
2004-10-01,2004-11-01,ME2 BM1,7.204
2004-10-01,2004-11-01,ME2 BM2,9.4274
2004-10-01,2004-11-01,ME2 BM3,9.4765
2004-10-01,2004-11-01,ME2 BM4,9.1776
2004-10-01,2004-11-01,ME2 BM5,9.6158
2004-10-01,2004-11-01,ME3 BM1,7.0181
2004-10-01,2004-11-01,ME3 BM2,5.7565
2004-10-01,2004-11-01,ME3 BM3,7.9859
2004-10-01,2004-11-01,ME3 BM4,6.2985
2004-10-01,2004-11-01,ME3 BM5,9.4864
2004-10-01,2004-11-01,ME4 BM1,5.7641
2004-10-01,2004-11-01,ME4 BM2,7.3675
2004-10-01,2004-11-01,ME4 BM3,6.7527
2004-10-01,2004-11-01,ME4 BM4,6.8522
2004-10-01,2004-11-01,ME4 BM5,7.6987
2004-10-01,2004-11-01,BIG LoBM,3.0976
2004-10-01,2004-11-01,ME5 BM2,4.2539
2004-10-01,2004-11-01,ME5 BM3,5.2173
2004-10-01,2004-11-01,ME5 BM4,3.649
2004-10-01,2004-11-01,BIG HiBM,6.0568
2004-11-01,2004-12-01,SMALL LoBM,5.1335
2004-11-01,2004-12-01,ME1 BM2,4.6153
2004-11-01,2004-12-01,ME1 BM3,4.4043
2004-11-01,2004-12-01,ME1 BM4,2.9818
2004-11-01,2004-12-01,SMALL HiBM,5.7606
2004-11-01,2004-12-01,ME2 BM1,3.6587
2004-11-01,2004-12-01,ME2 BM2,3.6132
2004-11-01,2004-12-01,ME2 BM3,2.3643
2004-11-01,2004-12-01,ME2 BM4,2.4728
2004-11-01,2004-12-01,ME2 BM5,3.201
2004-11-01,2004-12-01,ME3 BM1,5.405
2004-11-01,2004-12-01,ME3 BM2,3.3627
2004-11-01,2004-12-01,ME3 BM3,2.1644
2004-11-01,2004-12-01,ME3 BM4,1.9101
2004-11-01,2004-12-01,ME3 BM5,2.6288
2004-11-01,2004-12-01,ME4 BM1,4.4139
2004-11-01,2004-12-01,ME4 BM2,4.1702
2004-11-01,2004-12-01,ME4 BM3,4.2087
2004-11-01,2004-12-01,ME4 BM4,4.0389
2004-11-01,2004-12-01,ME4 BM5,3.6715
2004-11-01,2004-12-01,BIG LoBM,3.7549
2004-11-01,2004-12-01,ME5 BM2,2.3639
2004-11-01,2004-12-01,ME5 BM3,2.4883
2004-11-01,2004-12-01,ME5 BM4,5.5069
2004-11-01,2004-12-01,BIG HiBM,2.7737
2004-12-01,2005-01-01,SMALL LoBM,-6.0829
2004-12-01,2005-01-01,ME1 BM2,-4.3526
2004-12-01,2005-01-01,ME1 BM3,-4.2344
2004-12-01,2005-01-01,ME1 BM4,-3.341
2004-12-01,2005-01-01,SMALL HiBM,-1.2652
2004-12-01,2005-01-01,ME2 BM1,-5.4753
2004-12-01,2005-01-01,ME2 BM2,-4.2211
2004-12-01,2005-01-01,ME2 BM3,-2.1563
2004-12-01,2005-01-01,ME2 BM4,-2.7738
2004-12-01,2005-01-01,ME2 BM5,-2.8424
2004-12-01,2005-01-01,ME3 BM1,-3.4137
2004-12-01,2005-01-01,ME3 BM2,-3.957
2004-12-01,2005-01-01,ME3 BM3,-3.7222
2004-12-01,2005-01-01,ME3 BM4,-0.2737
2004-12-01,2005-01-01,ME3 BM5,-2.8703
2004-12-01,2005-01-01,ME4 BM1,-3.0284
2004-12-01,2005-01-01,ME4 BM2,-3.5636
2004-12-01,2005-01-01,ME4 BM3,-2.6435
2004-12-01,2005-01-01,ME4 BM4,-1.9331
2004-12-01,2005-01-01,ME4 BM5,-2.5934
2004-12-01,2005-01-01,BIG LoBM,-3.0397
2004-12-01,2005-01-01,ME5 BM2,-1.9596
2004-12-01,2005-01-01,ME5 BM3,-1.1508
2004-12-01,2005-01-01,ME5 BM4,-1.9184
2004-12-01,2005-01-01,BIG HiBM,0.3743
2005-01-01,2005-02-01,SMALL LoBM,-1.2593
2005-01-01,2005-02-01,ME1 BM2,0.0042
2005-01-01,2005-02-01,ME1 BM3,-0.2707
2005-01-01,2005-02-01,ME1 BM4,0.7485
2005-01-01,2005-02-01,SMALL HiBM,3.0388
2005-01-01,2005-02-01,ME2 BM1,2.6049
2005-01-01,2005-02-01,ME2 BM2,1.9304
2005-01-01,2005-02-01,ME2 BM3,3.6189
2005-01-01,2005-02-01,ME2 BM4,3.2901
2005-01-01,2005-02-01,ME2 BM5,1.9104
2005-01-01,2005-02-01,ME3 BM1,1.0554
2005-01-01,2005-02-01,ME3 BM2,2.2888
2005-01-01,2005-02-01,ME3 BM3,2.8345
2005-01-01,2005-02-01,ME3 BM4,1.669
2005-01-01,2005-02-01,ME3 BM5,4.0613
2005-01-01,2005-02-01,ME4 BM1,2.1747
2005-01-01,2005-02-01,ME4 BM2,2.3317
2005-01-01,2005-02-01,ME4 BM3,3.7497
2005-01-01,2005-02-01,ME4 BM4,2.623
2005-01-01,2005-02-01,ME4 BM5,3.1614
2005-01-01,2005-02-01,BIG LoBM,0.9443
2005-01-01,2005-02-01,ME5 BM2,4.4574
2005-01-01,2005-02-01,ME5 BM3,2.2981
2005-01-01,2005-02-01,ME5 BM4,0.719
2005-01-01,2005-02-01,BIG HiBM,4.8745
2005-02-01,2005-03-01,SMALL LoBM,-6.1515
2005-02-01,2005-03-01,ME1 BM2,-2.3013
2005-02-01,2005-03-01,ME1 BM3,-3.1318
2005-02-01,2005-03-01,ME1 BM4,-2.8362
2005-02-01,2005-03-01,SMALL HiBM,-2.7136
2005-02-01,2005-03-01,ME2 BM1,-4.1894
2005-02-01,2005-03-01,ME2 BM2,-2.4231
2005-02-01,2005-03-01,ME2 BM3,-2.6622
2005-02-01,2005-03-01,ME2 BM4,-0.477
2005-02-01,2005-03-01,ME2 BM5,-0.3155
2005-02-01,2005-03-01,ME3 BM1,-1.7385
2005-02-01,2005-03-01,ME3 BM2,-2.1607
2005-02-01,2005-03-01,ME3 BM3,-2.3049
2005-02-01,2005-03-01,ME3 BM4,-2.394
2005-02-01,2005-03-01,ME3 BM5,-0.9626
2005-02-01,2005-03-01,ME4 BM1,-1.9634
2005-02-01,2005-03-01,ME4 BM2,-0.9139
2005-02-01,2005-03-01,ME4 BM3,0.1085
2005-02-01,2005-03-01,ME4 BM4,-1.217
2005-02-01,2005-03-01,ME4 BM5,-0.9866
2005-02-01,2005-03-01,BIG LoBM,-1.1065
2005-02-01,2005-03-01,ME5 BM2,-3.8896
2005-02-01,2005-03-01,ME5 BM3,-0.6996
2005-02-01,2005-03-01,ME5 BM4,-0.145
2005-02-01,2005-03-01,BIG HiBM,-0.3397
2005-03-01,2005-04-01,SMALL LoBM,-6.0809
2005-03-01,2005-04-01,ME1 BM2,-6.2852
2005-03-01,2005-04-01,ME1 BM3,-5.6095
2005-03-01,2005-04-01,ME1 BM4,-6.2631
2005-03-01,2005-04-01,SMALL HiBM,-6.1546
2005-03-01,2005-04-01,ME2 BM1,-7.698
2005-03-01,2005-04-01,ME2 BM2,-6.1401
2005-03-01,2005-04-01,ME2 BM3,-6.2841
2005-03-01,2005-04-01,ME2 BM4,-6.1171
2005-03-01,2005-04-01,ME2 BM5,-4.9499
2005-03-01,2005-04-01,ME3 BM1,-5.1444
2005-03-01,2005-04-01,ME3 BM2,-4.5614
2005-03-01,2005-04-01,ME3 BM3,-5.2523
2005-03-01,2005-04-01,ME3 BM4,-4.2431
2005-03-01,2005-04-01,ME3 BM5,-4.8389
2005-03-01,2005-04-01,ME4 BM1,-4.1227
2005-03-01,2005-04-01,ME4 BM2,-4.4648
2005-03-01,2005-04-01,ME4 BM3,-4.7964
2005-03-01,2005-04-01,ME4 BM4,-3.0435
2005-03-01,2005-04-01,ME4 BM5,-1.9362
2005-03-01,2005-04-01,BIG LoBM,-1.1429
2005-03-01,2005-04-01,ME5 BM2,-1.8884
2005-03-01,2005-04-01,ME5 BM3,-2.6892
2005-03-01,2005-04-01,ME5 BM4,-1.1919
2005-03-01,2005-04-01,BIG HiBM,-2.6223
2005-04-01,2005-05-01,SMALL LoBM,6.8352
2005-04-01,2005-05-01,ME1 BM2,6.6383
2005-04-01,2005-05-01,ME1 BM3,5.168
2005-04-01,2005-05-01,ME1 BM4,4.1377
2005-04-01,2005-05-01,SMALL HiBM,4.7744
2005-04-01,2005-05-01,ME2 BM1,9.2765
2005-04-01,2005-05-01,ME2 BM2,8.1476
2005-04-01,2005-05-01,ME2 BM3,7.3545
2005-04-01,2005-05-01,ME2 BM4,5.5201
2005-04-01,2005-05-01,ME2 BM5,7.0837
2005-04-01,2005-05-01,ME3 BM1,6.213
2005-04-01,2005-05-01,ME3 BM2,6.1437
2005-04-01,2005-05-01,ME3 BM3,5.4294
2005-04-01,2005-05-01,ME3 BM4,4.3135
2005-04-01,2005-05-01,ME3 BM5,7.0889
2005-04-01,2005-05-01,ME4 BM1,6.0761
2005-04-01,2005-05-01,ME4 BM2,6.1465
2005-04-01,2005-05-01,ME4 BM3,4.5914
2005-04-01,2005-05-01,ME4 BM4,6.1746
2005-04-01,2005-05-01,ME4 BM5,5.3844
2005-04-01,2005-05-01,BIG LoBM,3.8695
2005-04-01,2005-05-01,ME5 BM2,2.0884
2005-04-01,2005-05-01,ME5 BM3,1.9763
2005-04-01,2005-05-01,ME5 BM4,2.5259
2005-04-01,2005-05-01,BIG HiBM,4.2173
2005-05-01,2005-06-01,SMALL LoBM,4.0605
2005-05-01,2005-06-01,ME1 BM2,3.8465
2005-05-01,2005-06-01,ME1 BM3,3.6357
2005-05-01,2005-06-01,ME1 BM4,4.433
2005-05-01,2005-06-01,SMALL HiBM,5.46
2005-05-01,2005-06-01,ME2 BM1,2.0816
2005-05-01,2005-06-01,ME2 BM2,4.2964
2005-05-01,2005-06-01,ME2 BM3,4.1257
2005-05-01,2005-06-01,ME2 BM4,4.3139
2005-05-01,2005-06-01,ME2 BM5,5.3116
2005-05-01,2005-06-01,ME3 BM1,1.7145
2005-05-01,2005-06-01,ME3 BM2,2.8144
2005-05-01,2005-06-01,ME3 BM3,2.7063
2005-05-01,2005-06-01,ME3 BM4,4.1182
2005-05-01,2005-06-01,ME3 BM5,3.7036
2005-05-01,2005-06-01,ME4 BM1,1.1638
2005-05-01,2005-06-01,ME4 BM2,2.4174
2005-05-01,2005-06-01,ME4 BM3,3.6138
2005-05-01,2005-06-01,ME4 BM4,4.4086
2005-05-01,2005-06-01,ME4 BM5,3.1262
2005-05-01,2005-06-01,BIG LoBM,-1.6382
2005-05-01,2005-06-01,ME5 BM2,1.1376
2005-05-01,2005-06-01,ME5 BM3,2.1385
2005-05-01,2005-06-01,ME5 BM4,1.3843
2005-05-01,2005-06-01,BIG HiBM,3.2833
2005-06-01,2005-07-01,SMALL LoBM,7.5029
2005-06-01,2005-07-01,ME1 BM2,8.2304
2005-06-01,2005-07-01,ME1 BM3,6.7144
2005-06-01,2005-07-01,ME1 BM4,6.7527
2005-06-01,2005-07-01,SMALL HiBM,6.8305
2005-06-01,2005-07-01,ME2 BM1,7.3091
2005-06-01,2005-07-01,ME2 BM2,6.6324
2005-06-01,2005-07-01,ME2 BM3,7.8346
2005-06-01,2005-07-01,ME2 BM4,5.9883
2005-06-01,2005-07-01,ME2 BM5,5.5394
2005-06-01,2005-07-01,ME3 BM1,4.8272
2005-06-01,2005-07-01,ME3 BM2,6.5473
2005-06-01,2005-07-01,ME3 BM3,6.0204
2005-06-01,2005-07-01,ME3 BM4,5.738
2005-06-01,2005-07-01,ME3 BM5,3.4987
2005-06-01,2005-07-01,ME4 BM1,6.1929
2005-06-01,2005-07-01,ME4 BM2,5.3732
2005-06-01,2005-07-01,ME4 BM3,5.1743
2005-06-01,2005-07-01,ME4 BM4,5.6587
2005-06-01,2005-07-01,ME4 BM5,4.2093
2005-06-01,2005-07-01,BIG LoBM,4.5205
2005-06-01,2005-07-01,ME5 BM2,3.2195
2005-06-01,2005-07-01,ME5 BM3,1.9177
2005-06-01,2005-07-01,ME5 BM4,2.4423
2005-06-01,2005-07-01,BIG HiBM,4.1912
2005-07-01,2005-08-01,SMALL LoBM,-2.8379
2005-07-01,2005-08-01,ME1 BM2,-0.7941
2005-07-01,2005-08-01,ME1 BM3,-1.1655
2005-07-01,2005-08-01,ME1 BM4,-1.0736
2005-07-01,2005-08-01,SMALL HiBM,-0.5257
2005-07-01,2005-08-01,ME2 BM1,-2.1775
2005-07-01,2005-08-01,ME2 BM2,-1.4341
2005-07-01,2005-08-01,ME2 BM3,-1.1084
2005-07-01,2005-08-01,ME2 BM4,-2.218
2005-07-01,2005-08-01,ME2 BM5,-1.6476
2005-07-01,2005-08-01,ME3 BM1,-2.4703
2005-07-01,2005-08-01,ME3 BM2,-0.775
2005-07-01,2005-08-01,ME3 BM3,-0.8828
2005-07-01,2005-08-01,ME3 BM4,-1.0373
2005-07-01,2005-08-01,ME3 BM5,-1.0382
2005-07-01,2005-08-01,ME4 BM1,-2.2283
2005-07-01,2005-08-01,ME4 BM2,0.0355
2005-07-01,2005-08-01,ME4 BM3,0.3252
2005-07-01,2005-08-01,ME4 BM4,1.6249
2005-07-01,2005-08-01,ME4 BM5,-1.7582
2005-07-01,2005-08-01,BIG LoBM,-1.491
2005-07-01,2005-08-01,ME5 BM2,-1.095
2005-07-01,2005-08-01,ME5 BM3,-0.2886
2005-07-01,2005-08-01,ME5 BM4,0.5429
2005-07-01,2005-08-01,BIG HiBM,-0.1655
2005-08-01,2005-09-01,SMALL LoBM,1.1286
2005-08-01,2005-09-01,ME1 BM2,1.8018
2005-08-01,2005-09-01,ME1 BM3,0.4171
2005-08-01,2005-09-01,ME1 BM4,1.0545
2005-08-01,2005-09-01,SMALL HiBM,-0.736
2005-08-01,2005-09-01,ME2 BM1,-0.0556
2005-08-01,2005-09-01,ME2 BM2,1.6798
2005-08-01,2005-09-01,ME2 BM3,1.0717
2005-08-01,2005-09-01,ME2 BM4,-0.6558
2005-08-01,2005-09-01,ME2 BM5,1.3446
2005-08-01,2005-09-01,ME3 BM1,-0.5922
2005-08-01,2005-09-01,ME3 BM2,2.279
2005-08-01,2005-09-01,ME3 BM3,1.2168
2005-08-01,2005-09-01,ME3 BM4,-0.5179
2005-08-01,2005-09-01,ME3 BM5,0.76
2005-08-01,2005-09-01,ME4 BM1,0.3279
2005-08-01,2005-09-01,ME4 BM2,0.5007
2005-08-01,2005-09-01,ME4 BM3,1.5753
2005-08-01,2005-09-01,ME4 BM4,2.9628
2005-08-01,2005-09-01,ME4 BM5,2.2153
2005-08-01,2005-09-01,BIG LoBM,-0.3467
2005-08-01,2005-09-01,ME5 BM2,1.1629
2005-08-01,2005-09-01,ME5 BM3,2.2896
2005-08-01,2005-09-01,ME5 BM4,0.9441
2005-08-01,2005-09-01,BIG HiBM,2.2612
2005-09-01,2005-10-01,SMALL LoBM,-3.6311
2005-09-01,2005-10-01,ME1 BM2,-3.9575
2005-09-01,2005-10-01,ME1 BM3,-2.4892
2005-09-01,2005-10-01,ME1 BM4,-2.3914
2005-09-01,2005-10-01,SMALL HiBM,-2.065
2005-09-01,2005-10-01,ME2 BM1,-3.8487
2005-09-01,2005-10-01,ME2 BM2,-2.0127
2005-09-01,2005-10-01,ME2 BM3,-2.7971
2005-09-01,2005-10-01,ME2 BM4,-3.5634
2005-09-01,2005-10-01,ME2 BM5,-2.0798
2005-09-01,2005-10-01,ME3 BM1,-3.0863
2005-09-01,2005-10-01,ME3 BM2,-4.3903
2005-09-01,2005-10-01,ME3 BM3,-2.045
2005-09-01,2005-10-01,ME3 BM4,-3.7951
2005-09-01,2005-10-01,ME3 BM5,-3.2405
2005-09-01,2005-10-01,ME4 BM1,-1.0379
2005-09-01,2005-10-01,ME4 BM2,-3.4318
2005-09-01,2005-10-01,ME4 BM3,-2.5524
2005-09-01,2005-10-01,ME4 BM4,-4.426
2005-09-01,2005-10-01,ME4 BM5,-3.0124
2005-09-01,2005-10-01,BIG LoBM,-0.1062
2005-09-01,2005-10-01,ME5 BM2,-3.3763
2005-09-01,2005-10-01,ME5 BM3,-1.7075
2005-09-01,2005-10-01,ME5 BM4,-1.0057
2005-09-01,2005-10-01,BIG HiBM,-1.0033
2005-10-01,2005-11-01,SMALL LoBM,5.1521
2005-10-01,2005-11-01,ME1 BM2,4.0093
2005-10-01,2005-11-01,ME1 BM3,4.641
2005-10-01,2005-11-01,ME1 BM4,4.2299
2005-10-01,2005-11-01,SMALL HiBM,3.8215
2005-10-01,2005-11-01,ME2 BM1,5.1733
2005-10-01,2005-11-01,ME2 BM2,4.6025
2005-10-01,2005-11-01,ME2 BM3,4.8676
2005-10-01,2005-11-01,ME2 BM4,5.2392
2005-10-01,2005-11-01,ME2 BM5,4.2441
2005-10-01,2005-11-01,ME3 BM1,7.0846
2005-10-01,2005-11-01,ME3 BM2,6.5966
2005-10-01,2005-11-01,ME3 BM3,3.9608
2005-10-01,2005-11-01,ME3 BM4,4.5723
2005-10-01,2005-11-01,ME3 BM5,1.5152
2005-10-01,2005-11-01,ME4 BM1,5.0293
2005-10-01,2005-11-01,ME4 BM2,4.765
2005-10-01,2005-11-01,ME4 BM3,3.6399
2005-10-01,2005-11-01,ME4 BM4,4.0781
2005-10-01,2005-11-01,ME4 BM5,4.0803
2005-10-01,2005-11-01,BIG LoBM,3.6202
2005-10-01,2005-11-01,ME5 BM2,4.1767
2005-10-01,2005-11-01,ME5 BM3,3.6952
2005-10-01,2005-11-01,ME5 BM4,3.3008
2005-10-01,2005-11-01,BIG HiBM,2.4187
2005-11-01,2005-12-01,SMALL LoBM,-0.2964
2005-11-01,2005-12-01,ME1 BM2,0.1906
2005-11-01,2005-12-01,ME1 BM3,-0.354
2005-11-01,2005-12-01,ME1 BM4,-0.1623
2005-11-01,2005-12-01,SMALL HiBM,0.8534
2005-11-01,2005-12-01,ME2 BM1,0.2661
2005-11-01,2005-12-01,ME2 BM2,-0.811
2005-11-01,2005-12-01,ME2 BM3,-0.3283
2005-11-01,2005-12-01,ME2 BM4,-0.6639
2005-11-01,2005-12-01,ME2 BM5,-0.8912
2005-11-01,2005-12-01,ME3 BM1,0.9571
2005-11-01,2005-12-01,ME3 BM2,0.5299
2005-11-01,2005-12-01,ME3 BM3,0.3385
2005-11-01,2005-12-01,ME3 BM4,0.4646
2005-11-01,2005-12-01,ME3 BM5,-0.7614
2005-11-01,2005-12-01,ME4 BM1,0.2886
2005-11-01,2005-12-01,ME4 BM2,1.6101
2005-11-01,2005-12-01,ME4 BM3,2.0014
2005-11-01,2005-12-01,ME4 BM4,1.7346
2005-11-01,2005-12-01,ME4 BM5,0.6206
2005-11-01,2005-12-01,BIG LoBM,-0.7783
2005-11-01,2005-12-01,ME5 BM2,-0.1557
2005-11-01,2005-12-01,ME5 BM3,1.0564
2005-11-01,2005-12-01,ME5 BM4,0.8047
2005-11-01,2005-12-01,BIG HiBM,-0.4829
2005-12-01,2006-01-01,SMALL LoBM,11.8557
2005-12-01,2006-01-01,ME1 BM2,9.142
2005-12-01,2006-01-01,ME1 BM3,8.3354
2005-12-01,2006-01-01,ME1 BM4,8.326
2005-12-01,2006-01-01,SMALL HiBM,8.5155
2005-12-01,2006-01-01,ME2 BM1,7.4154
2005-12-01,2006-01-01,ME2 BM2,9.3307
2005-12-01,2006-01-01,ME2 BM3,9.6336
2005-12-01,2006-01-01,ME2 BM4,9.5733
2005-12-01,2006-01-01,ME2 BM5,7.4513
2005-12-01,2006-01-01,ME3 BM1,6.0338
2005-12-01,2006-01-01,ME3 BM2,7.9971
2005-12-01,2006-01-01,ME3 BM3,7.5303
2005-12-01,2006-01-01,ME3 BM4,6.4627
2005-12-01,2006-01-01,ME3 BM5,6.0167
2005-12-01,2006-01-01,ME4 BM1,4.8967
2005-12-01,2006-01-01,ME4 BM2,5.2107
2005-12-01,2006-01-01,ME4 BM3,5.0467
2005-12-01,2006-01-01,ME4 BM4,4.0274
2005-12-01,2006-01-01,ME4 BM5,3.9708
2005-12-01,2006-01-01,BIG LoBM,0.9438
2005-12-01,2006-01-01,ME5 BM2,3.2507
2005-12-01,2006-01-01,ME5 BM3,2.3163
2005-12-01,2006-01-01,ME5 BM4,3.7818
2005-12-01,2006-01-01,BIG HiBM,3.6752
2006-01-01,2006-02-01,SMALL LoBM,-0.4702
2006-01-01,2006-02-01,ME1 BM2,0.5552
2006-01-01,2006-02-01,ME1 BM3,0.4613
2006-01-01,2006-02-01,ME1 BM4,-0.6983
2006-01-01,2006-02-01,SMALL HiBM,0.0018
2006-01-01,2006-02-01,ME2 BM1,-0.2083
2006-01-01,2006-02-01,ME2 BM2,-0.4839
2006-01-01,2006-02-01,ME2 BM3,-0.5973
2006-01-01,2006-02-01,ME2 BM4,-0.5658
2006-01-01,2006-02-01,ME2 BM5,-0.544
2006-01-01,2006-02-01,ME3 BM1,0.3179
2006-01-01,2006-02-01,ME3 BM2,-1.2197
2006-01-01,2006-02-01,ME3 BM3,-0.2501
2006-01-01,2006-02-01,ME3 BM4,-2.4164
2006-01-01,2006-02-01,ME3 BM5,-0.5179
2006-01-01,2006-02-01,ME4 BM1,0.512
2006-01-01,2006-02-01,ME4 BM2,-0.029
2006-01-01,2006-02-01,ME4 BM3,-0.8721
2006-01-01,2006-02-01,ME4 BM4,-1.7219
2006-01-01,2006-02-01,ME4 BM5,1.7797
2006-01-01,2006-02-01,BIG LoBM,0.0273
2006-01-01,2006-02-01,ME5 BM2,0.3678
2006-01-01,2006-02-01,ME5 BM3,0.4989
2006-01-01,2006-02-01,ME5 BM4,0.5894
2006-01-01,2006-02-01,BIG HiBM,-0.9413
2006-02-01,2006-03-01,SMALL LoBM,3.9184
2006-02-01,2006-03-01,ME1 BM2,4.6883
2006-02-01,2006-03-01,ME1 BM3,4.7858
2006-02-01,2006-03-01,ME1 BM4,5.285
2006-02-01,2006-03-01,SMALL HiBM,6.7277
2006-02-01,2006-03-01,ME2 BM1,3.178
2006-02-01,2006-03-01,ME2 BM2,4.8496
2006-02-01,2006-03-01,ME2 BM3,7.2848
2006-02-01,2006-03-01,ME2 BM4,4.1136
2006-02-01,2006-03-01,ME2 BM5,4.6131
2006-02-01,2006-03-01,ME3 BM1,4.8134
2006-02-01,2006-03-01,ME3 BM2,4.3853
2006-02-01,2006-03-01,ME3 BM3,3.0855
2006-02-01,2006-03-01,ME3 BM4,2.0267
2006-02-01,2006-03-01,ME3 BM5,1.8523
2006-02-01,2006-03-01,ME4 BM1,3.2044
2006-02-01,2006-03-01,ME4 BM2,2.3422
2006-02-01,2006-03-01,ME4 BM3,3.182
2006-02-01,2006-03-01,ME4 BM4,2.3497
2006-02-01,2006-03-01,ME4 BM5,2.0725
2006-02-01,2006-03-01,BIG LoBM,0.7307
2006-02-01,2006-03-01,ME5 BM2,2.1372
2006-02-01,2006-03-01,ME5 BM3,1.4528
2006-02-01,2006-03-01,ME5 BM4,0.8499
2006-02-01,2006-03-01,BIG HiBM,0.8793
2006-03-01,2006-04-01,SMALL LoBM,-0.921
2006-03-01,2006-04-01,ME1 BM2,-1.4898
2006-03-01,2006-04-01,ME1 BM3,-0.6398
2006-03-01,2006-04-01,ME1 BM4,1.0327
2006-03-01,2006-04-01,SMALL HiBM,1.4334
2006-03-01,2006-04-01,ME2 BM1,-0.4429
2006-03-01,2006-04-01,ME2 BM2,1.9252
2006-03-01,2006-04-01,ME2 BM3,2.1519
2006-03-01,2006-04-01,ME2 BM4,-0.1088
2006-03-01,2006-04-01,ME2 BM5,1.1347
2006-03-01,2006-04-01,ME3 BM1,-1.0052
2006-03-01,2006-04-01,ME3 BM2,-0.5174
2006-03-01,2006-04-01,ME3 BM3,1.7618
2006-03-01,2006-04-01,ME3 BM4,1.1781
2006-03-01,2006-04-01,ME3 BM5,1.3206
2006-03-01,2006-04-01,ME4 BM1,0.7399
2006-03-01,2006-04-01,ME4 BM2,1.1305
2006-03-01,2006-04-01,ME4 BM3,0.7961
2006-03-01,2006-04-01,ME4 BM4,1.7405
2006-03-01,2006-04-01,ME4 BM5,3.533
2006-03-01,2006-04-01,BIG LoBM,-0.5825
2006-03-01,2006-04-01,ME5 BM2,1.7665
2006-03-01,2006-04-01,ME5 BM3,1.7536
2006-03-01,2006-04-01,ME5 BM4,2.942
2006-03-01,2006-04-01,BIG HiBM,5.0951
2006-04-01,2006-05-01,SMALL LoBM,-9.5515
2006-04-01,2006-05-01,ME1 BM2,-5.9064
2006-04-01,2006-05-01,ME1 BM3,-4.7868
2006-04-01,2006-05-01,ME1 BM4,-4.2537
2006-04-01,2006-05-01,SMALL HiBM,-3.9337
2006-04-01,2006-05-01,ME2 BM1,-6.1171
2006-04-01,2006-05-01,ME2 BM2,-6.5188
2006-04-01,2006-05-01,ME2 BM3,-3.9992
2006-04-01,2006-05-01,ME2 BM4,-5.0654
2006-04-01,2006-05-01,ME2 BM5,-3.2497
2006-04-01,2006-05-01,ME3 BM1,-6.2006
2006-04-01,2006-05-01,ME3 BM2,-5.2156
2006-04-01,2006-05-01,ME3 BM3,-3.5924
2006-04-01,2006-05-01,ME3 BM4,-3.191
2006-04-01,2006-05-01,ME3 BM5,-2.5718
2006-04-01,2006-05-01,ME4 BM1,-4.932
2006-04-01,2006-05-01,ME4 BM2,-3.4504
2006-04-01,2006-05-01,ME4 BM3,-2.4711
2006-04-01,2006-05-01,ME4 BM4,-3.6394
2006-04-01,2006-05-01,ME4 BM5,-2.778
2006-04-01,2006-05-01,BIG LoBM,-2.7227
2006-04-01,2006-05-01,ME5 BM2,-2.9675
2006-04-01,2006-05-01,ME5 BM3,-2.2011
2006-04-01,2006-05-01,ME5 BM4,-1.3628
2006-04-01,2006-05-01,BIG HiBM,-2.4997
2006-05-01,2006-06-01,SMALL LoBM,-0.9939
2006-05-01,2006-06-01,ME1 BM2,-0.3598
2006-05-01,2006-06-01,ME1 BM3,-1.5192
2006-05-01,2006-06-01,ME1 BM4,0.0593
2006-05-01,2006-06-01,SMALL HiBM,-0.4645
2006-05-01,2006-06-01,ME2 BM1,0.1384
2006-05-01,2006-06-01,ME2 BM2,1.3343
2006-05-01,2006-06-01,ME2 BM3,-0.0319
2006-05-01,2006-06-01,ME2 BM4,0.7217
2006-05-01,2006-06-01,ME2 BM5,-0.3659
2006-05-01,2006-06-01,ME3 BM1,-0.7441
2006-05-01,2006-06-01,ME3 BM2,-0.4328
2006-05-01,2006-06-01,ME3 BM3,-0.5104
2006-05-01,2006-06-01,ME3 BM4,-0.7146
2006-05-01,2006-06-01,ME3 BM5,-0.0778
2006-05-01,2006-06-01,ME4 BM1,-0.0496
2006-05-01,2006-06-01,ME4 BM2,-2.3552
2006-05-01,2006-06-01,ME4 BM3,-0.3773
2006-05-01,2006-06-01,ME4 BM4,0.5227
2006-05-01,2006-06-01,ME4 BM5,-0.8926
2006-05-01,2006-06-01,BIG LoBM,0.291
2006-05-01,2006-06-01,ME5 BM2,-0.628
2006-05-01,2006-06-01,ME5 BM3,0.9864
2006-05-01,2006-06-01,ME5 BM4,0.126
2006-05-01,2006-06-01,BIG HiBM,1.3364
2006-06-01,2006-07-01,SMALL LoBM,-5.8865
2006-06-01,2006-07-01,ME1 BM2,-3.7399
2006-06-01,2006-07-01,ME1 BM3,-3.3577
2006-06-01,2006-07-01,ME1 BM4,-2.0751
2006-06-01,2006-07-01,SMALL HiBM,-2.5019
2006-06-01,2006-07-01,ME2 BM1,-5.0777
2006-06-01,2006-07-01,ME2 BM2,-4.814
2006-06-01,2006-07-01,ME2 BM3,-3.4523
2006-06-01,2006-07-01,ME2 BM4,-1.3025
2006-06-01,2006-07-01,ME2 BM5,-3.214
2006-06-01,2006-07-01,ME3 BM1,-6.4619
2006-06-01,2006-07-01,ME3 BM2,-3.23
2006-06-01,2006-07-01,ME3 BM3,-3.9623
2006-06-01,2006-07-01,ME3 BM4,-1.6192
2006-06-01,2006-07-01,ME3 BM5,-1.229
2006-06-01,2006-07-01,ME4 BM1,-4.4598
2006-06-01,2006-07-01,ME4 BM2,-2.8851
2006-06-01,2006-07-01,ME4 BM3,-2.9215
2006-06-01,2006-07-01,ME4 BM4,-4.0199
2006-06-01,2006-07-01,ME4 BM5,-1.0046
2006-06-01,2006-07-01,BIG LoBM,-0.9385
2006-06-01,2006-07-01,ME5 BM2,1.3494
2006-06-01,2006-07-01,ME5 BM3,2.1818
2006-06-01,2006-07-01,ME5 BM4,2.2309
2006-06-01,2006-07-01,BIG HiBM,2.6582
2006-07-01,2006-08-01,SMALL LoBM,3.4115
2006-07-01,2006-08-01,ME1 BM2,2.3743
2006-07-01,2006-08-01,ME1 BM3,3.2119
2006-07-01,2006-08-01,ME1 BM4,2.1837
2006-07-01,2006-08-01,SMALL HiBM,2.8731
2006-07-01,2006-08-01,ME2 BM1,3.1598
2006-07-01,2006-08-01,ME2 BM2,2.7686
2006-07-01,2006-08-01,ME2 BM3,3.4465
2006-07-01,2006-08-01,ME2 BM4,2.9574
2006-07-01,2006-08-01,ME2 BM5,1.7435
2006-07-01,2006-08-01,ME3 BM1,2.6367
2006-07-01,2006-08-01,ME3 BM2,1.9183
2006-07-01,2006-08-01,ME3 BM3,2.0352
2006-07-01,2006-08-01,ME3 BM4,2.9543
2006-07-01,2006-08-01,ME3 BM5,2.776
2006-07-01,2006-08-01,ME4 BM1,1.4088
2006-07-01,2006-08-01,ME4 BM2,3.3922
2006-07-01,2006-08-01,ME4 BM3,1.1556
2006-07-01,2006-08-01,ME4 BM4,3.2156
2006-07-01,2006-08-01,ME4 BM5,2.6633
2006-07-01,2006-08-01,BIG LoBM,3.7309
2006-07-01,2006-08-01,ME5 BM2,2.6884
2006-07-01,2006-08-01,ME5 BM3,2.03
2006-07-01,2006-08-01,ME5 BM4,0.1135
2006-07-01,2006-08-01,BIG HiBM,0.0149
2006-08-01,2006-09-01,SMALL LoBM,-0.0407
2006-08-01,2006-09-01,ME1 BM2,0.2562
2006-08-01,2006-09-01,ME1 BM3,0.0635
2006-08-01,2006-09-01,ME1 BM4,0.3739
2006-08-01,2006-09-01,SMALL HiBM,2.151
2006-08-01,2006-09-01,ME2 BM1,0.2434
2006-08-01,2006-09-01,ME2 BM2,1.3895
2006-08-01,2006-09-01,ME2 BM3,1.1682
2006-08-01,2006-09-01,ME2 BM4,2.0376
2006-08-01,2006-09-01,ME2 BM5,0.9915
2006-08-01,2006-09-01,ME3 BM1,1.5864
2006-08-01,2006-09-01,ME3 BM2,0.4524
2006-08-01,2006-09-01,ME3 BM3,1.8769
2006-08-01,2006-09-01,ME3 BM4,0.609
2006-08-01,2006-09-01,ME3 BM5,0.4705
2006-08-01,2006-09-01,ME4 BM1,2.0066
2006-08-01,2006-09-01,ME4 BM2,2.4218
2006-08-01,2006-09-01,ME4 BM3,0.9874
2006-08-01,2006-09-01,ME4 BM4,1.8639
2006-08-01,2006-09-01,ME4 BM5,0.7684
2006-08-01,2006-09-01,BIG LoBM,2.428
2006-08-01,2006-09-01,ME5 BM2,2.8403
2006-08-01,2006-09-01,ME5 BM3,2.1738
2006-08-01,2006-09-01,ME5 BM4,2.186
2006-08-01,2006-09-01,BIG HiBM,4.369
2006-09-01,2006-10-01,SMALL LoBM,7.0895
2006-09-01,2006-10-01,ME1 BM2,6.1505
2006-09-01,2006-10-01,ME1 BM3,6.0783
2006-09-01,2006-10-01,ME1 BM4,4.9319
2006-09-01,2006-10-01,SMALL HiBM,4.9718
2006-09-01,2006-10-01,ME2 BM1,6.4378
2006-09-01,2006-10-01,ME2 BM2,5.6235
2006-09-01,2006-10-01,ME2 BM3,4.5238
2006-09-01,2006-10-01,ME2 BM4,4.4848
2006-09-01,2006-10-01,ME2 BM5,5.2177
2006-09-01,2006-10-01,ME3 BM1,5.6682
2006-09-01,2006-10-01,ME3 BM2,4.7896
2006-09-01,2006-10-01,ME3 BM3,3.5406
2006-09-01,2006-10-01,ME3 BM4,3.5367
2006-09-01,2006-10-01,ME3 BM5,5.433
2006-09-01,2006-10-01,ME4 BM1,3.8924
2006-09-01,2006-10-01,ME4 BM2,4.7542
2006-09-01,2006-10-01,ME4 BM3,2.9579
2006-09-01,2006-10-01,ME4 BM4,3.8185
2006-09-01,2006-10-01,ME4 BM5,2.5981
2006-09-01,2006-10-01,BIG LoBM,3.5298
2006-09-01,2006-10-01,ME5 BM2,1.8247
2006-09-01,2006-10-01,ME5 BM3,3.2205
2006-09-01,2006-10-01,ME5 BM4,4.0586
2006-09-01,2006-10-01,BIG HiBM,4.4972
2006-10-01,2006-11-01,SMALL LoBM,0.9289
2006-10-01,2006-11-01,ME1 BM2,3.4991
2006-10-01,2006-11-01,ME1 BM3,1.6328
2006-10-01,2006-11-01,ME1 BM4,1.884
2006-10-01,2006-11-01,SMALL HiBM,2.5955
2006-10-01,2006-11-01,ME2 BM1,1.9603
2006-10-01,2006-11-01,ME2 BM2,2.8331
2006-10-01,2006-11-01,ME2 BM3,2.188
2006-10-01,2006-11-01,ME2 BM4,3.394
2006-10-01,2006-11-01,ME2 BM5,2.3048
2006-10-01,2006-11-01,ME3 BM1,3.5174
2006-10-01,2006-11-01,ME3 BM2,4.1745
2006-10-01,2006-11-01,ME3 BM3,3.8578
2006-10-01,2006-11-01,ME3 BM4,3.6102
2006-10-01,2006-11-01,ME3 BM5,3.9455
2006-10-01,2006-11-01,ME4 BM1,3.7338
2006-10-01,2006-11-01,ME4 BM2,3.4832
2006-10-01,2006-11-01,ME4 BM3,3.612
2006-10-01,2006-11-01,ME4 BM4,2.7247
2006-10-01,2006-11-01,ME4 BM5,4.4071
2006-10-01,2006-11-01,BIG LoBM,1.2083
2006-10-01,2006-11-01,ME5 BM2,2.6382
2006-10-01,2006-11-01,ME5 BM3,1.8522
2006-10-01,2006-11-01,ME5 BM4,2.0365
2006-10-01,2006-11-01,BIG HiBM,0.0382
2006-11-01,2006-12-01,SMALL LoBM,0.6886
2006-11-01,2006-12-01,ME1 BM2,0.2156
2006-11-01,2006-12-01,ME1 BM3,1.5081
2006-11-01,2006-12-01,ME1 BM4,2.3143
2006-11-01,2006-12-01,SMALL HiBM,3.4569
2006-11-01,2006-12-01,ME2 BM1,-1.8265
2006-11-01,2006-12-01,ME2 BM2,-1.0859
2006-11-01,2006-12-01,ME2 BM3,0.8729
2006-11-01,2006-12-01,ME2 BM4,0.1546
2006-11-01,2006-12-01,ME2 BM5,2.0493
2006-11-01,2006-12-01,ME3 BM1,-0.8272
2006-11-01,2006-12-01,ME3 BM2,-0.2382
2006-11-01,2006-12-01,ME3 BM3,0.9067
2006-11-01,2006-12-01,ME3 BM4,0.784
2006-11-01,2006-12-01,ME3 BM5,1.128
2006-11-01,2006-12-01,ME4 BM1,-1.1043
2006-11-01,2006-12-01,ME4 BM2,0.1949
2006-11-01,2006-12-01,ME4 BM3,0.0288
2006-11-01,2006-12-01,ME4 BM4,1.7219
2006-11-01,2006-12-01,ME4 BM5,2.5019
2006-11-01,2006-12-01,BIG LoBM,0.1577
2006-11-01,2006-12-01,ME5 BM2,1.2685
2006-11-01,2006-12-01,ME5 BM3,3.2355
2006-11-01,2006-12-01,ME5 BM4,2.6546
2006-11-01,2006-12-01,BIG HiBM,3.0808
2006-12-01,2007-01-01,SMALL LoBM,1.3796
2006-12-01,2007-01-01,ME1 BM2,0.4728
2006-12-01,2007-01-01,ME1 BM3,0.0984
2006-12-01,2007-01-01,ME1 BM4,0.2396
2006-12-01,2007-01-01,SMALL HiBM,2.9493
2006-12-01,2007-01-01,ME2 BM1,2.319
2006-12-01,2007-01-01,ME2 BM2,1.0471
2006-12-01,2007-01-01,ME2 BM3,0.7215
2006-12-01,2007-01-01,ME2 BM4,0.9406
2006-12-01,2007-01-01,ME2 BM5,2.7101
2006-12-01,2007-01-01,ME3 BM1,4.6482
2006-12-01,2007-01-01,ME3 BM2,2.3301
2006-12-01,2007-01-01,ME3 BM3,1.9307
2006-12-01,2007-01-01,ME3 BM4,3.4255
2006-12-01,2007-01-01,ME3 BM5,1.2427
2006-12-01,2007-01-01,ME4 BM1,4.6404
2006-12-01,2007-01-01,ME4 BM2,3.2273
2006-12-01,2007-01-01,ME4 BM3,2.2439
2006-12-01,2007-01-01,ME4 BM4,2.1239
2006-12-01,2007-01-01,ME4 BM5,1.1959
2006-12-01,2007-01-01,BIG LoBM,2.2586
2006-12-01,2007-01-01,ME5 BM2,0.7131
2006-12-01,2007-01-01,ME5 BM3,1.2906
2006-12-01,2007-01-01,ME5 BM4,0.7813
2006-12-01,2007-01-01,BIG HiBM,2.5574
2007-01-01,2007-02-01,SMALL LoBM,-0.6501
2007-01-01,2007-02-01,ME1 BM2,-0.629
2007-01-01,2007-02-01,ME1 BM3,-0.8602
2007-01-01,2007-02-01,ME1 BM4,-0.6708
2007-01-01,2007-02-01,SMALL HiBM,-0.0268
2007-01-01,2007-02-01,ME2 BM1,-1.0168
2007-01-01,2007-02-01,ME2 BM2,-0.2942
2007-01-01,2007-02-01,ME2 BM3,0.1147
2007-01-01,2007-02-01,ME2 BM4,-1.5732
2007-01-01,2007-02-01,ME2 BM5,0.0879
2007-01-01,2007-02-01,ME3 BM1,0.5184
2007-01-01,2007-02-01,ME3 BM2,0.453
2007-01-01,2007-02-01,ME3 BM3,1.6631
2007-01-01,2007-02-01,ME3 BM4,0.0379
2007-01-01,2007-02-01,ME3 BM5,1.1195
2007-01-01,2007-02-01,ME4 BM1,-0.4016
2007-01-01,2007-02-01,ME4 BM2,0.2075
2007-01-01,2007-02-01,ME4 BM3,0.5564
2007-01-01,2007-02-01,ME4 BM4,0.7302
2007-01-01,2007-02-01,ME4 BM5,0.2801
2007-01-01,2007-02-01,BIG LoBM,-2.4329
2007-01-01,2007-02-01,ME5 BM2,-1.3161
2007-01-01,2007-02-01,ME5 BM3,-3.2032
2007-01-01,2007-02-01,ME5 BM4,-1.0866
2007-01-01,2007-02-01,BIG HiBM,-3.0794
2007-02-01,2007-03-01,SMALL LoBM,0.3647
2007-02-01,2007-03-01,ME1 BM2,0.0718
2007-02-01,2007-03-01,ME1 BM3,1.0521
2007-02-01,2007-03-01,ME1 BM4,1.361
2007-02-01,2007-03-01,SMALL HiBM,0.4389
2007-02-01,2007-03-01,ME2 BM1,1.0635
2007-02-01,2007-03-01,ME2 BM2,1.1379
2007-02-01,2007-03-01,ME2 BM3,0.5814
2007-02-01,2007-03-01,ME2 BM4,0.7581
2007-02-01,2007-03-01,ME2 BM5,-0.7317
2007-02-01,2007-03-01,ME3 BM1,2.9306
2007-02-01,2007-03-01,ME3 BM2,2.6014
2007-02-01,2007-03-01,ME3 BM3,1.5326
2007-02-01,2007-03-01,ME3 BM4,0.7283
2007-02-01,2007-03-01,ME3 BM5,1.0747
2007-02-01,2007-03-01,ME4 BM1,1.131
2007-02-01,2007-03-01,ME4 BM2,0.9914
2007-02-01,2007-03-01,ME4 BM3,0.8914
2007-02-01,2007-03-01,ME4 BM4,-0.1419
2007-02-01,2007-03-01,ME4 BM5,3.0396
2007-02-01,2007-03-01,BIG LoBM,0.6906
2007-02-01,2007-03-01,ME5 BM2,1.163
2007-02-01,2007-03-01,ME5 BM3,2.2347
2007-02-01,2007-03-01,ME5 BM4,1.1999
2007-02-01,2007-03-01,BIG HiBM,-0.1501
2007-03-01,2007-04-01,SMALL LoBM,3.363
2007-03-01,2007-04-01,ME1 BM2,0.885
2007-03-01,2007-04-01,ME1 BM3,0.0955
2007-03-01,2007-04-01,ME1 BM4,0.1827
2007-03-01,2007-04-01,SMALL HiBM,1.3643
2007-03-01,2007-04-01,ME2 BM1,2.3757
2007-03-01,2007-04-01,ME2 BM2,2.5654
2007-03-01,2007-04-01,ME2 BM3,1.9523
2007-03-01,2007-04-01,ME2 BM4,0.5849
2007-03-01,2007-04-01,ME2 BM5,1.7665
2007-03-01,2007-04-01,ME3 BM1,4.2568
2007-03-01,2007-04-01,ME3 BM2,3.7299
2007-03-01,2007-04-01,ME3 BM3,4.5358
2007-03-01,2007-04-01,ME3 BM4,2.4707
2007-03-01,2007-04-01,ME3 BM5,2.0706
2007-03-01,2007-04-01,ME4 BM1,4.2359
2007-03-01,2007-04-01,ME4 BM2,4.858
2007-03-01,2007-04-01,ME4 BM3,4.8988
2007-03-01,2007-04-01,ME4 BM4,3.8608
2007-03-01,2007-04-01,ME4 BM5,2.626
2007-03-01,2007-04-01,BIG LoBM,5.4791
2007-03-01,2007-04-01,ME5 BM2,3.8498
2007-03-01,2007-04-01,ME5 BM3,3.881
2007-03-01,2007-04-01,ME5 BM4,2.4857
2007-03-01,2007-04-01,BIG HiBM,4.8554
2007-04-01,2007-05-01,SMALL LoBM,2.1628
2007-04-01,2007-05-01,ME1 BM2,3.4545
2007-04-01,2007-05-01,ME1 BM3,2.1827
2007-04-01,2007-05-01,ME1 BM4,3.3169
2007-04-01,2007-05-01,SMALL HiBM,2.5807
2007-04-01,2007-05-01,ME2 BM1,3.482
2007-04-01,2007-05-01,ME2 BM2,4.2523
2007-04-01,2007-05-01,ME2 BM3,4.2293
2007-04-01,2007-05-01,ME2 BM4,1.7216
2007-04-01,2007-05-01,ME2 BM5,3.6892
2007-04-01,2007-05-01,ME3 BM1,7.145
2007-04-01,2007-05-01,ME3 BM2,5.1647
2007-04-01,2007-05-01,ME3 BM3,5.0959
2007-04-01,2007-05-01,ME3 BM4,4.2643
2007-04-01,2007-05-01,ME3 BM5,3.4217
2007-04-01,2007-05-01,ME4 BM1,4.5587
2007-04-01,2007-05-01,ME4 BM2,3.1881
2007-04-01,2007-05-01,ME4 BM3,5.2125
2007-04-01,2007-05-01,ME4 BM4,4.8647
2007-04-01,2007-05-01,ME4 BM5,2.3304
2007-04-01,2007-05-01,BIG LoBM,2.7964
2007-04-01,2007-05-01,ME5 BM2,4.1678
2007-04-01,2007-05-01,ME5 BM3,4.2462
2007-04-01,2007-05-01,ME5 BM4,3.0832
2007-04-01,2007-05-01,BIG HiBM,2.7065
2007-05-01,2007-06-01,SMALL LoBM,0.2738
2007-05-01,2007-06-01,ME1 BM2,-0.3076
2007-05-01,2007-06-01,ME1 BM3,-0.9003
2007-05-01,2007-06-01,ME1 BM4,-0.4502
2007-05-01,2007-06-01,SMALL HiBM,-0.1621
2007-05-01,2007-06-01,ME2 BM1,-1.3692
2007-05-01,2007-06-01,ME2 BM2,-2.0517
2007-05-01,2007-06-01,ME2 BM3,-1.1586
2007-05-01,2007-06-01,ME2 BM4,-2.3383
2007-05-01,2007-06-01,ME2 BM5,-1.7643
2007-05-01,2007-06-01,ME3 BM1,-1.0384
2007-05-01,2007-06-01,ME3 BM2,-0.2103
2007-05-01,2007-06-01,ME3 BM3,-0.4462
2007-05-01,2007-06-01,ME3 BM4,-1.3803
2007-05-01,2007-06-01,ME3 BM5,-3.3656
2007-05-01,2007-06-01,ME4 BM1,-1.156
2007-05-01,2007-06-01,ME4 BM2,-1.5924
2007-05-01,2007-06-01,ME4 BM3,-2.3176
2007-05-01,2007-06-01,ME4 BM4,-3.562
2007-05-01,2007-06-01,ME4 BM5,-1.8148
2007-05-01,2007-06-01,BIG LoBM,-1.7073
2007-05-01,2007-06-01,ME5 BM2,-0.2044
2007-05-01,2007-06-01,ME5 BM3,-2.1382
2007-05-01,2007-06-01,ME5 BM4,-2.738
2007-05-01,2007-06-01,BIG HiBM,-2.0557
2007-06-01,2007-07-01,SMALL LoBM,-5.5413
2007-06-01,2007-07-01,ME1 BM2,-6.91
2007-06-01,2007-07-01,ME1 BM3,-6.3068
2007-06-01,2007-07-01,ME1 BM4,-6.7971
2007-06-01,2007-07-01,SMALL HiBM,-8.3893
2007-06-01,2007-07-01,ME2 BM1,-4.3843
2007-06-01,2007-07-01,ME2 BM2,-6.1311
2007-06-01,2007-07-01,ME2 BM3,-4.8532
2007-06-01,2007-07-01,ME2 BM4,-7.693
2007-06-01,2007-07-01,ME2 BM5,-9.0772
2007-06-01,2007-07-01,ME3 BM1,-3.1935
2007-06-01,2007-07-01,ME3 BM2,-3.1742
2007-06-01,2007-07-01,ME3 BM3,-5.3065
2007-06-01,2007-07-01,ME3 BM4,-6.4856
2007-06-01,2007-07-01,ME3 BM5,-6.4476
2007-06-01,2007-07-01,ME4 BM1,-3.2367
2007-06-01,2007-07-01,ME4 BM2,-3.5916
2007-06-01,2007-07-01,ME4 BM3,-4.2989
2007-06-01,2007-07-01,ME4 BM4,-5.4623
2007-06-01,2007-07-01,ME4 BM5,-8.3187
2007-06-01,2007-07-01,BIG LoBM,-0.9565
2007-06-01,2007-07-01,ME5 BM2,-1.5015
2007-06-01,2007-07-01,ME5 BM3,-4.2621
2007-06-01,2007-07-01,ME5 BM4,-5.4972
2007-06-01,2007-07-01,BIG HiBM,-4.9102
2007-07-01,2007-08-01,SMALL LoBM,0.9707
2007-07-01,2007-08-01,ME1 BM2,1.1167
2007-07-01,2007-08-01,ME1 BM3,1.286
2007-07-01,2007-08-01,ME1 BM4,1.2776
2007-07-01,2007-08-01,SMALL HiBM,-3.2134
2007-07-01,2007-08-01,ME2 BM1,2.597
2007-07-01,2007-08-01,ME2 BM2,2.5257
2007-07-01,2007-08-01,ME2 BM3,2.6936
2007-07-01,2007-08-01,ME2 BM4,3.3795
2007-07-01,2007-08-01,ME2 BM5,-0.659
2007-07-01,2007-08-01,ME3 BM1,-0.6059
2007-07-01,2007-08-01,ME3 BM2,2.8093
2007-07-01,2007-08-01,ME3 BM3,0.3892
2007-07-01,2007-08-01,ME3 BM4,0.1118
2007-07-01,2007-08-01,ME3 BM5,-2.359
2007-07-01,2007-08-01,ME4 BM1,1.3021
2007-07-01,2007-08-01,ME4 BM2,0.9963
2007-07-01,2007-08-01,ME4 BM3,-1.6869
2007-07-01,2007-08-01,ME4 BM4,-1.0648
2007-07-01,2007-08-01,ME4 BM5,-1.526
2007-07-01,2007-08-01,BIG LoBM,1.8554
2007-07-01,2007-08-01,ME5 BM2,2.198
2007-07-01,2007-08-01,ME5 BM3,1.8442
2007-07-01,2007-08-01,ME5 BM4,1.9048
2007-07-01,2007-08-01,BIG HiBM,0.0733
2007-08-01,2007-09-01,SMALL LoBM,2.1203
2007-08-01,2007-09-01,ME1 BM2,2.8104
2007-08-01,2007-09-01,ME1 BM3,0.4133
2007-08-01,2007-09-01,ME1 BM4,0.7159
2007-08-01,2007-09-01,SMALL HiBM,-1.1713
2007-08-01,2007-09-01,ME2 BM1,3.1486
2007-08-01,2007-09-01,ME2 BM2,0.8128
2007-08-01,2007-09-01,ME2 BM3,0.6363
2007-08-01,2007-09-01,ME2 BM4,0.6524
2007-08-01,2007-09-01,ME2 BM5,-0.0774
2007-08-01,2007-09-01,ME3 BM1,3.5971
2007-08-01,2007-09-01,ME3 BM2,3.3693
2007-08-01,2007-09-01,ME3 BM3,1.3965
2007-08-01,2007-09-01,ME3 BM4,1.731
2007-08-01,2007-09-01,ME3 BM5,1.4138
2007-08-01,2007-09-01,ME4 BM1,3.7665
2007-08-01,2007-09-01,ME4 BM2,3.1243
2007-08-01,2007-09-01,ME4 BM3,1.0645
2007-08-01,2007-09-01,ME4 BM4,1.3279
2007-08-01,2007-09-01,ME4 BM5,0.4549
2007-08-01,2007-09-01,BIG LoBM,5.2746
2007-08-01,2007-09-01,ME5 BM2,3.4378
2007-08-01,2007-09-01,ME5 BM3,2.9494
2007-08-01,2007-09-01,ME5 BM4,2.3347
2007-08-01,2007-09-01,BIG HiBM,4.2087
