Date,RealizationDate,Portfolio,RealizedNextReturn,actual_label,xgb_signature_prob,xgb_garch_prob,xgb_combined_prob,cnn_signature_prob,cnn_garch_prob,cnn_combined_prob,ensemble_signature_prob,ensemble_garch_prob,ensemble_combined_prob
2011-06-01,2011-07-01,SMALL LoBM,-4.9333,0,0.50958705,0.49400297,0.53338087,0.49749482,0.4730914,0.5043643,0.49930868,0.47727373,0.5043643
2011-06-01,2011-07-01,ME1 BM2,-2.9923,0,0.4753483,0.4797775,0.5105751,0.495642,0.47288114,0.5030296,0.49259794,0.47426042,0.5030296
2011-06-01,2011-07-01,ME1 BM3,-3.0743,0,0.5334158,0.26297995,0.38101497,0.49592566,0.47693065,0.5112991,0.5015492,0.43414053,0.5112991
2011-06-01,2011-07-01,ME1 BM4,-1.4691,1,0.5237964,0.3994204,0.52386385,0.4955879,0.47975618,0.50446105,0.49981916,0.46368903,0.50446105
2011-06-01,2011-07-01,SMALL HiBM,-1.4047,1,0.49405062,0.4625544,0.5230997,0.5000142,0.48813012,0.5097438,0.49911967,0.48301497,0.5097438
2011-06-01,2011-07-01,ME2 BM1,-3.4371,0,0.5439169,0.255832,0.43140802,0.4948659,0.46390837,0.5067899,0.50222355,0.4222931,0.5067899
2011-06-01,2011-07-01,ME2 BM2,-3.7209,0,0.5247221,0.2382961,0.41388297,0.49508578,0.46716097,0.50811803,0.49953124,0.421388,0.50811803
2011-06-01,2011-07-01,ME2 BM3,-4.9105,0,0.47869483,0.48548186,0.480341,0.49558654,0.47415218,0.50907576,0.4930528,0.47641814,0.50907576
2011-06-01,2011-07-01,ME2 BM4,-3.2256,0,0.4744002,0.5326058,0.5115403,0.49669138,0.47389865,0.50216436,0.4933477,0.48564008,0.50216436
2011-06-01,2011-07-01,ME2 BM5,-5.167,0,0.5738883,0.4828663,0.5536134,0.50162697,0.47339013,0.5043185,0.5124662,0.47528538,0.5043185
2011-06-01,2011-07-01,ME3 BM1,-4.9343,0,0.5363962,0.3582285,0.48237792,0.4948432,0.4787221,0.51130646,0.50107616,0.4546234,0.51130646
2011-06-01,2011-07-01,ME3 BM2,-3.6994,0,0.55891067,0.54127836,0.56301403,0.49571216,0.47659394,0.5126132,0.5051919,0.48953083,0.5126132
2011-06-01,2011-07-01,ME3 BM3,-3.3623,0,0.4875601,0.44064873,0.5090913,0.49528968,0.4721557,0.50607276,0.49413025,0.46585432,0.50607276
2011-06-01,2011-07-01,ME3 BM4,-5.324,0,0.5222211,0.47200486,0.55556965,0.49434674,0.48379615,0.50580716,0.4985279,0.4814379,0.50580716
2011-06-01,2011-07-01,ME3 BM5,-3.5764,0,0.54357797,0.23298337,0.32930142,0.49984625,0.46145838,0.5087036,0.506406,0.41576338,0.5087036
2011-06-01,2011-07-01,ME4 BM1,-3.9889,0,0.5100639,0.28134,0.3914528,0.4956814,0.46689874,0.5054768,0.4978388,0.429787,0.5054768
2011-06-01,2011-07-01,ME4 BM2,-3.646,0,0.5095546,0.4472348,0.43052557,0.49562046,0.47805607,0.51351666,0.4977106,0.47189182,0.51351666
2011-06-01,2011-07-01,ME4 BM3,-3.3224,0,0.4945944,0.3155203,0.3437865,0.4953126,0.46980807,0.5090914,0.49520487,0.43895054,0.5090914
2011-06-01,2011-07-01,ME4 BM4,-1.7885,1,0.50630397,0.24317372,0.34123003,0.4958614,0.46343407,0.5055332,0.49742782,0.419382,0.5055332
2011-06-01,2011-07-01,ME4 BM5,-3.4433,0,0.50707793,0.48150584,0.44508585,0.4997512,0.4837267,0.5089373,0.5008502,0.48328254,0.5089373
2011-06-01,2011-07-01,BIG LoBM,0.1239,1,0.48389232,0.50794977,0.49469113,0.49600726,0.47799602,0.5058019,0.49419004,0.48398677,0.5058019
2011-06-01,2011-07-01,ME5 BM2,-2.0235,0,0.51859367,0.5484375,0.55930215,0.49548033,0.47947627,0.5066167,0.49894732,0.49326852,0.5066167
2011-06-01,2011-07-01,ME5 BM3,-1.7168,1,0.48613244,0.4216966,0.4500686,0.4956933,0.48358643,0.5096215,0.49425918,0.47120848,0.5096215
2011-06-01,2011-07-01,ME5 BM4,-4.1342,0,0.5223909,0.3822723,0.48719367,0.49498674,0.49430493,0.51736104,0.4990974,0.4718984,0.51736104
2011-06-01,2011-07-01,BIG HiBM,-5.1126,0,0.49693415,0.562339,0.55650604,0.49629295,0.4702127,0.50488704,0.49638915,0.48863795,0.50488704
2011-07-01,2011-08-01,SMALL LoBM,-11.8243,0,0.5665569,0.4864289,0.53385395,0.50075424,0.484554,0.4974343,0.51062465,0.48492897,0.4974343
2011-07-01,2011-08-01,ME1 BM2,-12.1116,0,0.5579552,0.47290006,0.506536,0.5026499,0.48429534,0.49996725,0.51094574,0.4820163,0.49996725
2011-07-01,2011-08-01,ME1 BM3,-9.0732,0,0.53121334,0.43411154,0.5412057,0.49979448,0.48085752,0.49278527,0.5045073,0.47150832,0.49278527
2011-07-01,2011-08-01,ME1 BM4,-10.5176,0,0.5446465,0.3751617,0.46818873,0.5007875,0.48702556,0.4908332,0.50736636,0.4646528,0.4908332
2011-07-01,2011-08-01,SMALL HiBM,-9.531,0,0.47129044,0.53273714,0.541554,0.50164557,0.47729102,0.50195026,0.4970923,0.48838025,0.50195026
2011-07-01,2011-08-01,ME2 BM1,-9.2844,0,0.49959823,0.37237713,0.49214965,0.5025438,0.48189384,0.48953727,0.502102,0.4599905,0.48953727
2011-07-01,2011-08-01,ME2 BM2,-8.2556,0,0.4717828,0.42820877,0.478619,0.50000477,0.4801914,0.49020183,0.4957715,0.46979487,0.49020183
2011-07-01,2011-08-01,ME2 BM3,-10.4032,0,0.48385692,0.44503638,0.4886536,0.5023751,0.47746065,0.49491334,0.49959743,0.47097582,0.49491334
2011-07-01,2011-08-01,ME2 BM4,-8.1471,0,0.48063454,0.47774208,0.53732455,0.50126624,0.48686212,0.49744472,0.4981715,0.48503813,0.49744472
2011-07-01,2011-08-01,ME2 BM5,-11.0346,0,0.4948928,0.48851588,0.53524935,0.5017363,0.47668886,0.50079626,0.5007098,0.47905427,0.50079626
2011-07-01,2011-08-01,ME3 BM1,-7.991,0,0.50218576,0.45604548,0.5089198,0.5026915,0.475813,0.49510136,0.50261563,0.4718595,0.49510136
2011-07-01,2011-08-01,ME3 BM2,-8.1946,0,0.5365207,0.40980682,0.50212806,0.5009483,0.4776527,0.4922696,0.5062842,0.46408352,0.4922696
2011-07-01,2011-08-01,ME3 BM3,-7.9722,0,0.47293985,0.391526,0.47011784,0.5033829,0.4835695,0.4965445,0.49881646,0.46516082,0.4965445
2011-07-01,2011-08-01,ME3 BM4,-9.4373,0,0.4857576,0.34280118,0.49907404,0.49986944,0.47849777,0.49415734,0.49775267,0.45135847,0.49415734
2011-07-01,2011-08-01,ME3 BM5,-8.4218,0,0.45899585,0.4334698,0.48004732,0.5000495,0.47419983,0.49464953,0.49389145,0.46605384,0.49464953
2011-07-01,2011-08-01,ME4 BM1,-7.436,0,0.49814203,0.4307425,0.45219374,0.5012562,0.47657517,0.49968964,0.5007891,0.46740863,0.49968964
2011-07-01,2011-08-01,ME4 BM2,-8.3858,0,0.47811392,0.48747885,0.48203924,0.50218594,0.47392192,0.49697486,0.49857515,0.4766333,0.49697486
2011-07-01,2011-08-01,ME4 BM3,-8.0045,0,0.45725408,0.47508973,0.49094635,0.4999635,0.47437188,0.49528828,0.4935571,0.47451544,0.49528828
2011-07-01,2011-08-01,ME4 BM4,-6.8622,1,0.45670804,0.41383985,0.44256935,0.50045574,0.46944353,0.49928033,0.4938936,0.4583228,0.49928033
2011-07-01,2011-08-01,ME4 BM5,-6.3685,1,0.4799525,0.5376283,0.5395666,0.50091386,0.48227486,0.49554047,0.49776965,0.49334556,0.49554047
2011-07-01,2011-08-01,BIG LoBM,-3.8511,1,0.43822977,0.50633705,0.4648968,0.5005774,0.47456428,0.4963624,0.49122527,0.48091882,0.4963624
2011-07-01,2011-08-01,ME5 BM2,-4.5763,1,0.39831772,0.4820875,0.4391968,0.5029345,0.46502277,0.49904954,0.487242,0.4684357,0.49904954
2011-07-01,2011-08-01,ME5 BM3,-7.0731,0,0.4484837,0.5404982,0.46683025,0.5011629,0.46959513,0.5030675,0.49326104,0.48377576,0.5030675
2011-07-01,2011-08-01,ME5 BM4,-2.9801,1,0.44085166,0.48372746,0.49204123,0.50083,0.4831864,0.5038953,0.49183327,0.4832946,0.5038953
2011-07-01,2011-08-01,BIG HiBM,-11.8385,0,0.4447452,0.50130403,0.49758285,0.50247544,0.46990532,0.5018766,0.49381593,0.47618508,0.5018766
2011-08-01,2011-09-01,SMALL LoBM,-11.3437,0,0.5740584,0.4727024,0.51913655,0.49354365,0.47514716,0.49542442,0.5056209,0.47465822,0.49542442
2011-08-01,2011-09-01,ME1 BM2,-12.581,0,0.5108901,0.4729246,0.48004022,0.49354056,0.48152265,0.5069195,0.49614298,0.47980303,0.5069195
2011-08-01,2011-09-01,ME1 BM3,-10.7317,0,0.5112205,0.35658953,0.40729576,0.4929371,0.47954223,0.5084799,0.49567962,0.4549517,0.5084799
2011-08-01,2011-09-01,ME1 BM4,-10.5716,0,0.5349906,0.4503084,0.5041757,0.49605763,0.4745972,0.49901712,0.5018976,0.46973944,0.49901712
2011-08-01,2011-09-01,SMALL HiBM,-10.1536,0,0.5338038,0.5009184,0.5434417,0.49643844,0.48961627,0.50901794,0.50204325,0.49187672,0.50901794
2011-08-01,2011-09-01,ME2 BM1,-10.2796,0,0.4880822,0.4305178,0.5180922,0.49141362,0.47614565,0.5033035,0.49091393,0.4670201,0.5033035
2011-08-01,2011-09-01,ME2 BM2,-11.4609,0,0.5588981,0.4011773,0.46332958,0.49117497,0.47961333,0.5040873,0.5013335,0.46392614,0.5040873
2011-08-01,2011-09-01,ME2 BM3,-12.7355,0,0.5072487,0.3620928,0.4243979,0.49112427,0.47547504,0.5099976,0.49354297,0.4527986,0.5099976
2011-08-01,2011-09-01,ME2 BM4,-9.2441,0,0.5365799,0.5210713,0.5696021,0.4920763,0.49702376,0.50304055,0.49875185,0.50183326,0.50304055
2011-08-01,2011-09-01,ME2 BM5,-11.3221,0,0.57485074,0.48843357,0.6061609,0.49249983,0.48716187,0.4992701,0.5048525,0.4874162,0.4992701
2011-08-01,2011-09-01,ME3 BM1,-10.4608,0,0.49817386,0.42514825,0.47568887,0.49164027,0.4728667,0.51100844,0.49262032,0.46332303,0.51100844
2011-08-01,2011-09-01,ME3 BM2,-11.6631,0,0.5193134,0.48186874,0.53666866,0.49168676,0.47722402,0.5054139,0.49583077,0.478153,0.5054139
2011-08-01,2011-09-01,ME3 BM3,-13.1372,0,0.4942061,0.4703265,0.4848133,0.49181765,0.48022267,0.5030894,0.49217594,0.47824344,0.5030894
2011-08-01,2011-09-01,ME3 BM4,-11.1256,0,0.49504858,0.42083105,0.4563414,0.4911385,0.47713834,0.4981788,0.491725,0.46587688,0.4981788
2011-08-01,2011-09-01,ME3 BM5,-10.5349,0,0.49984545,0.468648,0.5408905,0.49061683,0.47770673,0.49935642,0.49200112,0.475895,0.49935642
2011-08-01,2011-09-01,ME4 BM1,-8.9058,0,0.5554383,0.29165047,0.43663508,0.49116534,0.47009015,0.50865924,0.5008063,0.43440223,0.50865924
2011-08-01,2011-09-01,ME4 BM2,-11.4653,0,0.48350564,0.49254864,0.4938555,0.49009526,0.47722462,0.5080781,0.48910683,0.48028943,0.5080781
2011-08-01,2011-09-01,ME4 BM3,-11.3337,0,0.503221,0.41572043,0.5093051,0.4909448,0.47575673,0.50049627,0.49278623,0.4637495,0.50049627
2011-08-01,2011-09-01,ME4 BM4,-7.7588,1,0.5351332,0.56671894,0.5398625,0.49125502,0.5001877,0.50837404,0.49783677,0.51349396,0.50837404
2011-08-01,2011-09-01,ME4 BM5,-9.4945,0,0.54363996,0.47572762,0.5667705,0.492395,0.49659696,0.5062543,0.5000818,0.4924231,0.5062543
2011-08-01,2011-09-01,BIG LoBM,-6.3278,1,0.4410172,0.49171975,0.48194635,0.4915309,0.48089355,0.50450456,0.48395383,0.4830588,0.50450456
2011-08-01,2011-09-01,ME5 BM2,-5.0141,1,0.48456448,0.46352127,0.43736827,0.4907661,0.4641989,0.5039357,0.4898359,0.46406338,0.5039357
2011-08-01,2011-09-01,ME5 BM3,-6.9989,1,0.4237696,0.53533983,0.43752554,0.491797,0.5005988,0.5071426,0.4815929,0.507547,0.5071426
2011-08-01,2011-09-01,ME5 BM4,-5.4114,1,0.48270023,0.55977565,0.53376967,0.4909899,0.49499542,0.5063015,0.48974645,0.50795144,0.5063015
2011-08-01,2011-09-01,BIG HiBM,-14.118,0,0.5515407,0.48445067,0.55805904,0.49380526,0.47410163,0.50230765,0.5024656,0.47617143,0.50230765
2011-09-01,2011-10-01,SMALL LoBM,12.2337,0,0.5595611,0.46091288,0.46773404,0.5030441,0.4653128,0.5146913,0.5115217,0.46443284,0.5146913
2011-09-01,2011-10-01,ME1 BM2,15.0652,0,0.5385709,0.5487463,0.36844596,0.5033322,0.4595481,0.510532,0.508618,0.47738773,0.510532
2011-09-01,2011-10-01,ME1 BM3,13.8886,0,0.5275137,0.39378673,0.37615603,0.49925685,0.46576592,0.50769687,0.5034954,0.4513701,0.50769687
2011-09-01,2011-10-01,ME1 BM4,14.9749,0,0.48114875,0.42830348,0.4603796,0.5019108,0.4803983,0.5071491,0.49879652,0.46997935,0.5071491
2011-09-01,2011-10-01,SMALL HiBM,10.0677,0,0.51725876,0.4082175,0.49144566,0.5016646,0.47953123,0.51041436,0.5040037,0.4652685,0.51041436
2011-09-01,2011-10-01,ME2 BM1,17.5737,1,0.50500536,0.3981228,0.33023065,0.49789143,0.4537739,0.50855255,0.49895853,0.44264367,0.50855255
2011-09-01,2011-10-01,ME2 BM2,14.3594,0,0.48748925,0.35623506,0.36291584,0.4957823,0.45684302,0.51087713,0.49453834,0.43672144,0.51087713
2011-09-01,2011-10-01,ME2 BM3,16.0812,1,0.5428116,0.45423508,0.31609705,0.50265247,0.4572143,0.5102991,0.50867635,0.45661846,0.5102991
2011-09-01,2011-10-01,ME2 BM4,14.8289,0,0.50236726,0.45190492,0.48278725,0.49946797,0.47990787,0.5099962,0.49990287,0.4743073,0.5099962
2011-09-01,2011-10-01,ME2 BM5,13.6056,0,0.49397027,0.4728632,0.5202767,0.5025592,0.48350692,0.5052325,0.5012709,0.48137817,0.5052325
2011-09-01,2011-10-01,ME3 BM1,14.294,0,0.46237066,0.36528283,0.314695,0.49798605,0.46020728,0.5109341,0.49264377,0.4412224,0.5109341
2011-09-01,2011-10-01,ME3 BM2,16.1065,1,0.47146758,0.34532169,0.38228285,0.49670792,0.4608466,0.51184785,0.4929219,0.43774164,0.51184785
2011-09-01,2011-10-01,ME3 BM3,16.6945,1,0.49577862,0.38645294,0.36741155,0.4979297,0.46964732,0.50854105,0.49760705,0.45300844,0.50854105
2011-09-01,2011-10-01,ME3 BM4,16.1717,1,0.48730093,0.42268342,0.37161735,0.5013554,0.4680972,0.51259446,0.49924725,0.45901448,0.51259446
2011-09-01,2011-10-01,ME3 BM5,11.5536,0,0.49061638,0.3087492,0.3201181,0.49941984,0.46670797,0.5078945,0.49809933,0.43511623,0.5078945
2011-09-01,2011-10-01,ME4 BM1,13.9237,0,0.47042593,0.42711845,0.43389982,0.4960921,0.46102005,0.50898516,0.4922422,0.45423973,0.50898516
2011-09-01,2011-10-01,ME4 BM2,15.5339,0,0.49737445,0.43304008,0.33284158,0.5019665,0.4605737,0.5093911,0.5012777,0.45506698,0.5093911
2011-09-01,2011-10-01,ME4 BM3,14.3341,0,0.48945862,0.3661206,0.32135627,0.5005811,0.4647855,0.50777256,0.49891272,0.44505253,0.50777256
2011-09-01,2011-10-01,ME4 BM4,11.2772,0,0.52465403,0.522353,0.5164136,0.50380814,0.47966728,0.5154027,0.50693506,0.48820445,0.5154027
2011-09-01,2011-10-01,ME4 BM5,12.3059,0,0.5470523,0.46178302,0.4880515,0.4957226,0.4954946,0.50267494,0.5034221,0.4887523,0.50267494
2011-09-01,2011-10-01,BIG LoBM,9.4196,0,0.40901712,0.5338535,0.38099018,0.49774134,0.4677195,0.5019227,0.48443273,0.4809463,0.5019227
2011-09-01,2011-10-01,ME5 BM2,10.4354,0,0.5042595,0.5951519,0.54735225,0.5007565,0.48815763,0.514885,0.501282,0.5095565,0.514885
2011-09-01,2011-10-01,ME5 BM3,12.4483,0,0.5317928,0.5384754,0.5114339,0.5040635,0.47824448,0.5164875,0.50822294,0.49029067,0.5164875
2011-09-01,2011-10-01,ME5 BM4,8.6051,0,0.5338255,0.48836747,0.5494999,0.4970203,0.48740038,0.5046398,0.50254107,0.48759383,0.5046398
2011-09-01,2011-10-01,BIG HiBM,15.1525,0,0.56656873,0.506916,0.49133754,0.5007638,0.48284057,0.50798535,0.51063454,0.48765567,0.50798535
2011-10-01,2011-11-01,SMALL LoBM,-2.0772,0,0.5744186,0.1528526,0.41737407,0.49744612,0.45982137,0.5186304,0.508992,0.3984276,0.5186304
2011-10-01,2011-11-01,ME1 BM2,-1.1675,0,0.49783888,0.17232732,0.37293428,0.49726975,0.44988012,0.5161432,0.49735513,0.39436957,0.5161432
2011-10-01,2011-11-01,ME1 BM3,-2.6821,0,0.49967763,0.4346246,0.45833817,0.496745,0.4737009,0.51484764,0.4971849,0.46588564,0.51484764
2011-10-01,2011-11-01,ME1 BM4,-1.4768,0,0.5759675,0.5842252,0.5182402,0.49706337,0.48139414,0.504735,0.50889903,0.50196034,0.504735
2011-10-01,2011-11-01,SMALL HiBM,-0.1963,0,0.4602431,0.46673605,0.43979862,0.49783763,0.4819845,0.5179038,0.49219847,0.47893482,0.5179038
2011-10-01,2011-11-01,ME2 BM1,0.342,0,0.46349025,0.24338798,0.3295957,0.49821252,0.46410552,0.51824033,0.4930042,0.41996202,0.51824033
2011-10-01,2011-11-01,ME2 BM2,-1.6883,0,0.52140284,0.38343537,0.4002585,0.49797484,0.46645212,0.5191724,0.50148904,0.44984877,0.5191724
2011-10-01,2011-11-01,ME2 BM3,0.2779,0,0.52921975,0.1693421,0.30909526,0.49720743,0.44830078,0.5138942,0.5020093,0.39250907,0.5138942
2011-10-01,2011-11-01,ME2 BM4,1.5134,1,0.5301754,0.53481805,0.52987766,0.49780428,0.48065528,0.50745517,0.50266,0.49148783,0.50745517
2011-10-01,2011-11-01,ME2 BM5,0.0913,0,0.537194,0.27646205,0.4150918,0.4970667,0.46936578,0.5170646,0.50308585,0.43078503,0.5170646
2011-10-01,2011-11-01,ME3 BM1,-1.8784,0,0.476555,0.26433873,0.31651053,0.49829203,0.46215943,0.51618576,0.49503148,0.4225953,0.51618576
2011-10-01,2011-11-01,ME3 BM2,0.9009,0,0.54643553,0.32329857,0.37403405,0.49603194,0.4633211,0.5176758,0.5035925,0.4353166,0.5176758
2011-10-01,2011-11-01,ME3 BM3,-0.8284,0,0.49138257,0.4082887,0.38516554,0.4979859,0.46491474,0.51712096,0.4969954,0.45358953,0.51712096
2011-10-01,2011-11-01,ME3 BM4,0.9012,0,0.50427,0.42582622,0.4130704,0.49793577,0.47326106,0.5127454,0.49888593,0.46377409,0.5127454
2011-10-01,2011-11-01,ME3 BM5,0.3615,0,0.4471745,0.38142616,0.38505018,0.4979098,0.46860123,0.51901364,0.49029952,0.45116624,0.51901364
2011-10-01,2011-11-01,ME4 BM1,-0.5757,0,0.4984758,0.31574818,0.36743587,0.498002,0.46575034,0.513965,0.49807307,0.43574992,0.513965
2011-10-01,2011-11-01,ME4 BM2,-0.2771,0,0.4828972,0.2552761,0.30611148,0.4982119,0.4541944,0.5117668,0.4959147,0.41441074,0.5117668
2011-10-01,2011-11-01,ME4 BM3,1.1431,1,0.4874692,0.24172595,0.28633162,0.49801794,0.4636408,0.5145724,0.49643564,0.41925782,0.5145724
2011-10-01,2011-11-01,ME4 BM4,1.465,1,0.4587068,0.39073426,0.405584,0.4981118,0.4731692,0.51608485,0.4922011,0.4566822,0.51608485
2011-10-01,2011-11-01,ME4 BM5,-1.5215,0,0.5171857,0.44104373,0.45632297,0.49652252,0.47920865,0.5241354,0.49962202,0.47157568,0.5241354
2011-10-01,2011-11-01,BIG LoBM,-0.4044,0,0.39906263,0.3353679,0.3019394,0.49881288,0.47667646,0.5102602,0.48385036,0.44841477,0.5102602
2011-10-01,2011-11-01,ME5 BM2,1.1316,1,0.42033958,0.52013254,0.42019203,0.49979538,0.50297207,0.52328575,0.487877,0.50640416,0.52328575
2011-10-01,2011-11-01,ME5 BM3,0.5245,0,0.4322531,0.44333822,0.4142043,0.49829134,0.47862437,0.5147712,0.48838562,0.47156715,0.5147712
2011-10-01,2011-11-01,ME5 BM4,1.0213,1,0.39580926,0.515632,0.45154724,0.4993523,0.49997047,0.5235104,0.48382086,0.5031028,0.5235104
2011-10-01,2011-11-01,BIG HiBM,-6.5387,0,0.5316711,0.43335003,0.49281874,0.49441612,0.47449213,0.51270294,0.5000044,0.4662637,0.51270294
2011-11-01,2011-12-01,SMALL LoBM,-0.5028,0,0.47172555,0.54878336,0.47677684,0.46917778,0.49033535,0.52250004,0.46955997,0.50202495,0.52250004
2011-11-01,2011-12-01,ME1 BM2,2.0578,1,0.42576057,0.22754917,0.32462555,0.4695839,0.44270054,0.528649,0.4630104,0.39967027,0.528649
2011-11-01,2011-12-01,ME1 BM3,0.924,0,0.41739497,0.27418858,0.27987677,0.46930942,0.45014846,0.5302687,0.46152228,0.41495648,0.5302687
2011-11-01,2011-12-01,ME1 BM4,1.7433,1,0.4521017,0.4609991,0.4141298,0.4718889,0.48439038,0.52763855,0.46892083,0.47971213,0.52763855
2011-11-01,2011-12-01,SMALL HiBM,1.2724,0,0.4676581,0.5140914,0.46451214,0.46605155,0.49151245,0.50794375,0.46629256,0.49602824,0.50794375
2011-11-01,2011-12-01,ME2 BM1,-0.8895,0,0.44594762,0.22500728,0.31194752,0.47169423,0.44398457,0.5286579,0.46783227,0.4001891,0.5286579
2011-11-01,2011-12-01,ME2 BM2,0.6387,0,0.44104394,0.2106337,0.32175523,0.46535408,0.45063266,0.53154147,0.4617076,0.4026329,0.53154147
2011-11-01,2011-12-01,ME2 BM3,0.8561,0,0.40539262,0.21504492,0.32870135,0.46846557,0.43822515,0.526835,0.45900464,0.3935891,0.526835
2011-11-01,2011-12-01,ME2 BM4,0.7376,0,0.43768507,0.38137394,0.37374574,0.4686407,0.46768892,0.53147435,0.46399736,0.45042592,0.53147435
2011-11-01,2011-12-01,ME2 BM5,1.1148,0,0.4089617,0.44089746,0.39861128,0.46818843,0.48492593,0.5232922,0.45930445,0.47612023,0.5232922
2011-11-01,2011-12-01,ME3 BM1,-2.6971,0,0.4444678,0.22446689,0.30277416,0.46488395,0.45131952,0.53125876,0.46182156,0.405949,0.53125876
2011-11-01,2011-12-01,ME3 BM2,-0.0499,0,0.43133223,0.27389935,0.32138094,0.46939293,0.44483048,0.52940524,0.4636838,0.41064423,0.52940524
2011-11-01,2011-12-01,ME3 BM3,1.1556,0,0.44881505,0.23744191,0.34091398,0.46973294,0.44098398,0.5280895,0.46659526,0.4002756,0.5280895
2011-11-01,2011-12-01,ME3 BM4,1.1439,0,0.43268895,0.28857937,0.3502589,0.46930924,0.45544937,0.5307724,0.46381623,0.42207536,0.5307724
2011-11-01,2011-12-01,ME3 BM5,1.5763,0,0.46717077,0.31404027,0.35254642,0.46384975,0.46126255,0.5327636,0.4643479,0.43181813,0.5327636
2011-11-01,2011-12-01,ME4 BM1,-2.3002,0,0.41383183,0.25142387,0.29102197,0.46590123,0.45122725,0.53114617,0.45809084,0.41126657,0.53114617
2011-11-01,2011-12-01,ME4 BM2,0.6895,0,0.4287148,0.17808351,0.28154734,0.4662933,0.4405637,0.5278121,0.46065652,0.38806766,0.5278121
2011-11-01,2011-12-01,ME4 BM3,-0.4372,0,0.44505686,0.20335822,0.32962903,0.46593216,0.44829455,0.53142244,0.46280086,0.39930728,0.53142244
2011-11-01,2011-12-01,ME4 BM4,3.628,1,0.5261979,0.3449669,0.43731824,0.46258906,0.46589655,0.53238624,0.4721304,0.44171062,0.53238624
2011-11-01,2011-12-01,ME4 BM5,-0.4931,0,0.42679504,0.51617074,0.49636588,0.4657181,0.47997484,0.524142,0.45987964,0.48721403,0.524142
2011-11-01,2011-12-01,BIG LoBM,-0.526,0,0.49269474,0.5663617,0.47871253,0.4621576,0.48143345,0.5267705,0.4667382,0.4984191,0.5267705
2011-11-01,2011-12-01,ME5 BM2,1.2321,0,0.49186143,0.5131508,0.46047422,0.46397522,0.49028194,0.5233791,0.4681582,0.49485573,0.5233791
2011-11-01,2011-12-01,ME5 BM3,2.94,1,0.52681637,0.4270194,0.43360442,0.46494538,0.45912403,0.5314683,0.47422606,0.45270312,0.5314683
2011-11-01,2011-12-01,ME5 BM4,2.7323,1,0.5194232,0.5798976,0.54978377,0.46411765,0.49701646,0.5077901,0.47241348,0.51359266,0.5077901
2011-11-01,2011-12-01,BIG HiBM,0.9487,0,0.4376767,0.34399188,0.4297832,0.47108343,0.47036865,0.5268789,0.46607244,0.44509333,0.5268789
2011-12-01,2012-01-01,SMALL LoBM,12.1449,1,0.45372763,0.48164612,0.4603695,0.49761423,0.48563388,0.5049559,0.49103126,0.48483634,0.5049559
2011-12-01,2012-01-01,ME1 BM2,8.1143,0,0.46306077,0.3993026,0.42229754,0.4993145,0.49459657,0.50048983,0.49387643,0.47553778,0.50048983
2011-12-01,2012-01-01,ME1 BM3,7.8993,0,0.44803867,0.4386346,0.46976408,0.49739894,0.4859517,0.49994197,0.48999494,0.4764883,0.49994197
2011-12-01,2012-01-01,ME1 BM4,7.0982,0,0.49828246,0.39825493,0.46340364,0.49741998,0.48678458,0.4979163,0.49754938,0.46907866,0.4979163
2011-12-01,2012-01-01,SMALL HiBM,7.7104,0,0.43321168,0.48938447,0.45522708,0.49905887,0.49824342,0.49677098,0.48918182,0.49647164,0.49677098
2011-12-01,2012-01-01,ME2 BM1,8.0041,0,0.43408144,0.2364309,0.35822812,0.4990202,0.46120137,0.52087337,0.4892794,0.41624728,0.52087337
2011-12-01,2012-01-01,ME2 BM2,5.6448,0,0.4502471,0.5302572,0.5240231,0.49874628,0.48629236,0.4962907,0.4914714,0.49508533,0.4962907
2011-12-01,2012-01-01,ME2 BM3,8.2065,1,0.43786138,0.4580467,0.43415296,0.49992606,0.48136508,0.511434,0.49061638,0.47670144,0.511434
2011-12-01,2012-01-01,ME2 BM4,5.5908,0,0.39728016,0.6623047,0.6263267,0.4993009,0.48634338,0.502412,0.48399782,0.52153563,0.502412
2011-12-01,2012-01-01,ME2 BM5,4.936,0,0.47726932,0.49131677,0.487456,0.4986242,0.48963833,0.5048295,0.495421,0.48997402,0.5048295
2011-12-01,2012-01-01,ME3 BM1,9.0415,1,0.43459067,0.4431173,0.47578678,0.4993469,0.48491558,0.49887413,0.4896335,0.47655594,0.49887413
2011-12-01,2012-01-01,ME3 BM2,4.9619,0,0.44076186,0.43708855,0.45762718,0.50012517,0.48366222,0.5075668,0.49122068,0.4743475,0.5075668
2011-12-01,2012-01-01,ME3 BM3,6.8383,0,0.50232995,0.46615776,0.4724387,0.49898943,0.48239693,0.51018834,0.4994905,0.4791491,0.51018834
2011-12-01,2012-01-01,ME3 BM4,5.5395,0,0.5110646,0.29067227,0.4171359,0.50012845,0.47366038,0.5157079,0.5017689,0.43706277,0.5157079
2011-12-01,2012-01-01,ME3 BM5,3.6519,0,0.38839796,0.467974,0.46275428,0.5004437,0.48887616,0.49843758,0.48363686,0.48469573,0.49843758
2011-12-01,2012-01-01,ME4 BM1,9.2528,1,0.46124086,0.2880069,0.36346027,0.49966303,0.47179323,0.51634836,0.4938997,0.43503597,0.51634836
2011-12-01,2012-01-01,ME4 BM2,6.2044,0,0.38176465,0.2745113,0.31573337,0.4997908,0.4657267,0.51795167,0.4820869,0.42748362,0.51795167
2011-12-01,2012-01-01,ME4 BM3,4.8935,0,0.41687128,0.4770078,0.4865481,0.50055695,0.48280928,0.50777256,0.48800412,0.48164898,0.50777256
2011-12-01,2012-01-01,ME4 BM4,2.1561,0,0.48841882,0.53035855,0.5890628,0.5008986,0.48551106,0.4958598,0.49902666,0.49448058,0.4958598
2011-12-01,2012-01-01,ME4 BM5,4.1817,0,0.35403702,0.34263203,0.33286437,0.49760368,0.47871143,0.51134413,0.4760687,0.45149556,0.51134413
2011-12-01,2012-01-01,BIG LoBM,7.0544,0,0.48942205,0.5445894,0.55715686,0.50078773,0.47836876,0.49855134,0.4990829,0.4916129,0.49855134
2011-12-01,2012-01-01,ME5 BM2,2.3622,0,0.43047872,0.58748734,0.6126335,0.49921247,0.4818202,0.49433687,0.48890245,0.50295365,0.49433687
2011-12-01,2012-01-01,ME5 BM3,2.6981,0,0.47349945,0.49874964,0.54778963,0.49908108,0.48415607,0.49536273,0.49524385,0.4870748,0.49536273
2011-12-01,2012-01-01,ME5 BM4,1.4304,0,0.49093017,0.43015188,0.472982,0.49810964,0.4868566,0.496262,0.4970327,0.47551566,0.496262
2011-12-01,2012-01-01,BIG HiBM,10.026,1,0.47080538,0.39794374,0.4473762,0.4960489,0.47959155,0.5176344,0.4922624,0.463262,0.5176344
2012-01-01,2012-02-01,SMALL LoBM,1.2353,0,0.4336568,0.43881157,0.4530575,0.49989533,0.49271202,0.48068845,0.48995957,0.48193195,0.48068845
2012-01-01,2012-02-01,ME1 BM2,1.2187,0,0.48786905,0.40617976,0.4402304,0.49866077,0.4904594,0.48467633,0.49704206,0.4736035,0.48467633
2012-01-01,2012-02-01,ME1 BM3,0.9339,0,0.46948785,0.40654796,0.44144443,0.4968985,0.49388975,0.48079875,0.4927869,0.4764214,0.48079875
2012-01-01,2012-02-01,ME1 BM4,1.0775,0,0.46562392,0.29855847,0.38467273,0.4964275,0.48987526,0.48253652,0.49180698,0.4516119,0.48253652
2012-01-01,2012-02-01,SMALL HiBM,2.6771,0,0.4916254,0.364524,0.30360463,0.499195,0.48290086,0.48377207,0.4980596,0.45922548,0.48377207
2012-01-01,2012-02-01,ME2 BM1,4.4889,0,0.46382698,0.571335,0.5002194,0.50031173,0.48238072,0.48890647,0.49483904,0.5001716,0.48890647
2012-01-01,2012-02-01,ME2 BM2,3.9106,0,0.42983654,0.52232975,0.47473052,0.49849007,0.49313205,0.47730857,0.48819205,0.4989716,0.47730857
2012-01-01,2012-02-01,ME2 BM3,1.4221,0,0.45232838,0.60195893,0.48345158,0.4999414,0.48499432,0.4942123,0.49279946,0.5083872,0.4942123
2012-01-01,2012-02-01,ME2 BM4,2.6594,0,0.46157038,0.43891397,0.47930738,0.49808493,0.49332377,0.47929582,0.49260777,0.4824418,0.47929582
2012-01-01,2012-02-01,ME2 BM5,4.5164,0,0.45778275,0.35979256,0.4584472,0.49753967,0.49291912,0.48510122,0.49157614,0.4662938,0.48510122
2012-01-01,2012-02-01,ME3 BM1,4.51,0,0.4710541,0.47835186,0.50322527,0.5048164,0.48857242,0.47776687,0.49975207,0.4865283,0.47776687
2012-01-01,2012-02-01,ME3 BM2,3.083,0,0.48971394,0.41293925,0.47547773,0.5013404,0.4899754,0.48028475,0.49959645,0.4745682,0.48028475
2012-01-01,2012-02-01,ME3 BM3,3.5826,0,0.46038207,0.512628,0.5152961,0.50033146,0.48767433,0.48945042,0.49433908,0.49266505,0.48945042
2012-01-01,2012-02-01,ME3 BM4,3.8613,0,0.4678948,0.45046192,0.4996919,0.49956614,0.4907175,0.48717162,0.49481547,0.4826664,0.48717162
2012-01-01,2012-02-01,ME3 BM5,4.9291,1,0.46124837,0.453162,0.48941544,0.49883115,0.49145776,0.4796747,0.49319375,0.48379862,0.4796747
2012-01-01,2012-02-01,ME4 BM1,4.6935,0,0.4627208,0.3318282,0.43691576,0.5037324,0.48530984,0.48271704,0.49758065,0.4546135,0.48271704
2012-01-01,2012-02-01,ME4 BM2,4.7028,0,0.46049368,0.49650082,0.49280253,0.50195986,0.4869952,0.49136037,0.49573997,0.48889634,0.49136037
2012-01-01,2012-02-01,ME4 BM3,4.2602,0,0.472291,0.41547474,0.47448143,0.5026741,0.49003175,0.48517257,0.49811667,0.47512037,0.48517257
2012-01-01,2012-02-01,ME4 BM4,3.6808,0,0.44616705,0.5214873,0.49424705,0.49879065,0.48549622,0.48006874,0.49089712,0.49269444,0.48006874
2012-01-01,2012-02-01,ME4 BM5,6.0121,1,0.44513282,0.46118864,0.44437665,0.49897233,0.48978633,0.48487148,0.4908964,0.4840668,0.48487148
2012-01-01,2012-02-01,BIG LoBM,5.1883,1,0.42758295,0.57614666,0.4994149,0.50219786,0.47445053,0.48895526,0.49100566,0.49478978,0.48895526
2012-01-01,2012-02-01,ME5 BM2,3.0301,0,0.4803487,0.59007865,0.63618624,0.4987522,0.48040587,0.4805169,0.49599168,0.50234044,0.4805169
2012-01-01,2012-02-01,ME5 BM3,3.5837,0,0.48926055,0.48061055,0.5118917,0.49573264,0.4872833,0.47885513,0.49476182,0.48594874,0.47885513
2012-01-01,2012-02-01,ME5 BM4,4.9164,1,0.4539622,0.5050501,0.43497682,0.4950755,0.48446423,0.48467004,0.48890853,0.48858142,0.48467004
2012-01-01,2012-02-01,BIG HiBM,6.6916,1,0.5675868,0.555485,0.57147855,0.4944828,0.4873091,0.5013324,0.5054484,0.50094426,0.5013324
2012-02-01,2012-03-01,SMALL LoBM,2.057,0,0.56094164,0.5345613,0.5564129,0.4790097,0.44408602,0.5270407,0.4912995,0.46218106,0.5270407
2012-02-01,2012-03-01,ME1 BM2,3.9082,1,0.5114492,0.5225863,0.4936924,0.47726873,0.48551685,0.51422787,0.4823958,0.49293074,0.51422787
2012-02-01,2012-03-01,ME1 BM3,3.5728,0,0.50001657,0.39692348,0.48398846,0.47711182,0.48452294,0.51376605,0.48054755,0.46700305,0.51376605
2012-02-01,2012-03-01,ME1 BM4,3.4477,0,0.5142522,0.33792973,0.4461741,0.4771322,0.48503956,0.5080788,0.4827002,0.4556176,0.5080788
2012-02-01,2012-03-01,SMALL HiBM,4.9301,1,0.440115,0.34180078,0.39308774,0.4770633,0.48279738,0.50428534,0.47152108,0.45459807,0.50428534
2012-02-01,2012-03-01,ME2 BM1,1.7772,0,0.5534089,0.543866,0.5529011,0.47669098,0.47879723,0.5208635,0.4881987,0.49181098,0.5208635
2012-02-01,2012-03-01,ME2 BM2,1.7709,0,0.48779672,0.46081054,0.4900845,0.48409718,0.48781827,0.5078727,0.4846521,0.48241672,0.5078727
2012-02-01,2012-03-01,ME2 BM3,2.659,0,0.5218293,0.45751768,0.4950885,0.4768235,0.47915003,0.52093774,0.4835744,0.47482356,0.52093774
2012-02-01,2012-03-01,ME2 BM4,3.4056,0,0.5260342,0.4230846,0.49563614,0.47804263,0.48652893,0.5076088,0.48524138,0.4738401,0.5076088
2012-02-01,2012-03-01,ME2 BM5,2.6767,0,0.53330004,0.46129194,0.5180824,0.47849965,0.48700586,0.5082514,0.48671973,0.48186308,0.5082514
2012-02-01,2012-03-01,ME3 BM1,1.3503,0,0.48952198,0.48008338,0.46658862,0.4781442,0.48738548,0.51414984,0.4798509,0.48592508,0.51414984
2012-02-01,2012-03-01,ME3 BM2,2.0567,0,0.4711688,0.50850546,0.50582755,0.48220128,0.48415977,0.5133306,0.4805464,0.48902893,0.5133306
2012-02-01,2012-03-01,ME3 BM3,1.5292,0,0.49059722,0.5624851,0.5294635,0.47691527,0.48165664,0.51997495,0.47896758,0.49782234,0.51997495
2012-02-01,2012-03-01,ME3 BM4,1.9435,0,0.54103106,0.54884934,0.5620485,0.4779543,0.48565856,0.51170886,0.48741585,0.49829674,0.51170886
2012-02-01,2012-03-01,ME3 BM5,-0.2284,0,0.5088552,0.4214997,0.47877216,0.48090988,0.49042985,0.49896416,0.4851017,0.47664383,0.49896416
2012-02-01,2012-03-01,ME4 BM1,3.9058,1,0.5090015,0.4324223,0.47655013,0.4773411,0.47874177,0.5216319,0.48209018,0.4694779,0.5216319
2012-02-01,2012-03-01,ME4 BM2,0.3619,0,0.5009558,0.4384063,0.50281185,0.4759764,0.4802379,0.5173723,0.47972333,0.47187158,0.5173723
2012-02-01,2012-03-01,ME4 BM3,0.6311,0,0.46576455,0.41701078,0.46953672,0.477272,0.48302653,0.5118154,0.4755459,0.4698234,0.5118154
2012-02-01,2012-03-01,ME4 BM4,2.0911,0,0.48826024,0.47353327,0.530646,0.48559842,0.483661,0.48693684,0.4859977,0.48163545,0.48693684
2012-02-01,2012-03-01,ME4 BM5,1.4174,0,0.51545817,0.37708557,0.41607863,0.47609696,0.48298755,0.50734866,0.48200116,0.4618072,0.50734866
2012-02-01,2012-03-01,BIG LoBM,4.0357,1,0.50287676,0.538434,0.5284888,0.47671202,0.48351294,0.5026033,0.48063675,0.49449718,0.5026033
2012-02-01,2012-03-01,ME5 BM2,2.2789,0,0.45858943,0.44342622,0.48464864,0.48106965,0.48280826,0.48837394,0.47769764,0.47493187,0.48837394
2012-02-01,2012-03-01,ME5 BM3,1.1104,0,0.5170295,0.4855316,0.5373286,0.48298192,0.48695624,0.49070767,0.48808908,0.48667133,0.49070767
2012-02-01,2012-03-01,ME5 BM4,3.3159,0,0.5310725,0.5486742,0.52244455,0.48261046,0.47968763,0.4900305,0.4898798,0.49348497,0.4900305
2012-02-01,2012-03-01,BIG HiBM,7.7521,1,0.5523815,0.5282075,0.5453902,0.47761163,0.48217648,0.5231956,0.4888271,0.49138272,0.5231956
2012-03-01,2012-04-01,SMALL LoBM,-4.1183,0,0.48854598,0.44908905,0.5266383,0.49671233,0.46479246,0.48398447,0.4954874,0.4616518,0.48398447
2012-03-01,2012-04-01,ME1 BM2,-1.8464,0,0.49810997,0.39960837,0.56697696,0.49715716,0.48980954,0.4827755,0.4973001,0.47176933,0.4827755
2012-03-01,2012-04-01,ME1 BM3,-1.9343,0,0.49676993,0.37434664,0.5351765,0.49375278,0.49178302,0.48048592,0.49420536,0.46829575,0.48048592
2012-03-01,2012-04-01,ME1 BM4,-1.441,0,0.5114932,0.4025849,0.48863384,0.49369982,0.48914254,0.48031038,0.49636886,0.47183102,0.48031038
2012-03-01,2012-04-01,SMALL HiBM,-0.3293,0,0.5027231,0.54013985,0.56867343,0.49209765,0.4839521,0.48574552,0.49369147,0.49518967,0.48574552
2012-03-01,2012-04-01,ME2 BM1,0.0443,1,0.49298558,0.5039233,0.49555013,0.4910931,0.48604673,0.4945985,0.491377,0.48962206,0.4945985
2012-03-01,2012-04-01,ME2 BM2,-1.5968,0,0.5085432,0.43837243,0.48722753,0.4928743,0.4919216,0.48712024,0.49522465,0.48121178,0.48712024
2012-03-01,2012-04-01,ME2 BM3,-2.6291,0,0.48395216,0.5150038,0.49956295,0.49610958,0.48834473,0.48872867,0.49428597,0.49367654,0.48872867
2012-03-01,2012-04-01,ME2 BM4,-2.0161,0,0.48438787,0.42082265,0.49042243,0.49101946,0.493757,0.48474318,0.49002475,0.47917014,0.48474318
2012-03-01,2012-04-01,ME2 BM5,-1.8882,0,0.498536,0.37815255,0.47246262,0.490901,0.48911902,0.49324155,0.49204627,0.46692574,0.49324155
2012-03-01,2012-04-01,ME3 BM1,-2.3314,0,0.49479413,0.5400504,0.544266,0.49384668,0.48939157,0.48487374,0.4939888,0.49952334,0.48487374
2012-03-01,2012-04-01,ME3 BM2,-0.7216,0,0.46717924,0.44741452,0.4888105,0.49349663,0.48585963,0.49420273,0.48954904,0.4781706,0.49420273
2012-03-01,2012-04-01,ME3 BM3,-1.4251,0,0.48924926,0.52213323,0.5013765,0.4932695,0.48766482,0.4928337,0.49266648,0.4945585,0.4928337
2012-03-01,2012-04-01,ME3 BM4,-0.8918,0,0.4997493,0.5221763,0.5290414,0.49009782,0.4883628,0.49274617,0.49154556,0.4951255,0.49274617
2012-03-01,2012-04-01,ME3 BM5,0.0557,1,0.51073104,0.40519267,0.48050785,0.49117792,0.48805514,0.49390855,0.49411088,0.47148266,0.49390855
2012-03-01,2012-04-01,ME4 BM1,-0.5096,0,0.48556846,0.48688704,0.5428198,0.49048436,0.49113622,0.4846989,0.489747,0.4902864,0.4846989
2012-03-01,2012-04-01,ME4 BM2,-0.3126,0,0.51090163,0.44622934,0.45289695,0.4917918,0.4866953,0.4945601,0.4946583,0.4786021,0.4945601
2012-03-01,2012-04-01,ME4 BM3,-0.5028,0,0.49608144,0.3971948,0.45788115,0.49164224,0.48749182,0.4954378,0.49230814,0.4694324,0.4954378
2012-03-01,2012-04-01,ME4 BM4,1.6006,1,0.46541342,0.49783823,0.48256707,0.49086854,0.48699507,0.4813663,0.4870503,0.48916373,0.4813663
2012-03-01,2012-04-01,ME4 BM5,-2.9131,0,0.47012195,0.37075683,0.40425456,0.49094304,0.48006758,0.50731903,0.48781988,0.45820543,0.50731903
2012-03-01,2012-04-01,BIG LoBM,0.0178,1,0.49625364,0.3496171,0.42779246,0.49214214,0.48404923,0.48463905,0.49275887,0.45716283,0.48463905
2012-03-01,2012-04-01,ME5 BM2,-0.7075,0,0.46156034,0.44673073,0.46327627,0.4920271,0.4832046,0.4872772,0.4874571,0.47590983,0.4872772
2012-03-01,2012-04-01,ME5 BM3,-0.6957,0,0.46842682,0.51473725,0.48470947,0.48917595,0.48484078,0.4890449,0.4860636,0.49082008,0.4890449
2012-03-01,2012-04-01,ME5 BM4,-0.2408,1,0.46863994,0.48420888,0.48679054,0.48859653,0.48810422,0.49235266,0.48560306,0.48732516,0.49235266
2012-03-01,2012-04-01,BIG HiBM,-4.2516,0,0.54288536,0.58253145,0.5098321,0.48959762,0.49946123,0.5081495,0.49759078,0.5160753,0.5081495
2012-04-01,2012-05-01,SMALL LoBM,-8.6383,0,0.47583783,0.48677787,0.5366891,0.4909053,0.4736871,0.49187922,0.4886452,0.47630528,0.49187922
2012-04-01,2012-05-01,ME1 BM2,-5.911,0,0.44640976,0.38652164,0.45925206,0.48971918,0.48810452,0.4863664,0.48322278,0.46778795,0.4863664
2012-04-01,2012-05-01,ME1 BM3,-7.0873,0,0.47565937,0.40992054,0.4933996,0.48887646,0.4885475,0.4823477,0.48689392,0.4728221,0.4823477
2012-04-01,2012-05-01,ME1 BM4,-8.0224,0,0.48008308,0.4645916,0.5364651,0.48871216,0.48585665,0.48167998,0.48741782,0.48160362,0.48167998
2012-04-01,2012-05-01,SMALL HiBM,-4.6279,1,0.51789856,0.37550345,0.48097774,0.4923392,0.48564166,0.49068484,0.4961731,0.46361402,0.49068484
2012-04-01,2012-05-01,ME2 BM1,-5.453,0,0.44903442,0.45152283,0.509309,0.4932369,0.48924837,0.48555955,0.48660654,0.48170328,0.48555955
2012-04-01,2012-05-01,ME2 BM2,-5.0095,1,0.45891327,0.42724237,0.4856452,0.49108902,0.49415323,0.4809394,0.48626265,0.48077106,0.4809394
2012-04-01,2012-05-01,ME2 BM3,-7.6694,0,0.45648193,0.46301082,0.4851154,0.48902628,0.48786372,0.48615354,0.48414466,0.48289314,0.48615354
2012-04-01,2012-05-01,ME2 BM4,-5.2704,1,0.46239635,0.4056193,0.470253,0.488139,0.4925161,0.48312473,0.4842776,0.47513676,0.48312473
2012-04-01,2012-05-01,ME2 BM5,-7.1468,0,0.47777048,0.40251923,0.46739462,0.48933014,0.49322894,0.48283717,0.4875962,0.47508702,0.48283717
2012-04-01,2012-05-01,ME3 BM1,-7.7928,0,0.50460225,0.50823724,0.5247531,0.49504992,0.49301684,0.48144522,0.4964828,0.4960609,0.48144522
2012-04-01,2012-05-01,ME3 BM2,-6.2108,0,0.45904428,0.40039945,0.47941977,0.49359873,0.48743108,0.49034715,0.4884156,0.47002476,0.49034715
2012-04-01,2012-05-01,ME3 BM3,-8.0209,0,0.47040996,0.46462163,0.53225404,0.49474025,0.49007192,0.48633283,0.49109071,0.48498186,0.48633283
2012-04-01,2012-05-01,ME3 BM4,-6.1267,0,0.46078387,0.42985758,0.49909666,0.49029216,0.49144793,0.48428145,0.48586592,0.47912985,0.48428145
2012-04-01,2012-05-01,ME3 BM5,-6.3859,0,0.45363408,0.44029334,0.48964712,0.49609396,0.49052238,0.4788114,0.489725,0.4804766,0.4788114
2012-04-01,2012-05-01,ME4 BM1,-6.5094,0,0.44069785,0.49038854,0.51423156,0.48981154,0.4927229,0.48011887,0.4824445,0.49225605,0.48011887
2012-04-01,2012-05-01,ME4 BM2,-8.6643,0,0.466846,0.4254431,0.49089006,0.49427745,0.49192575,0.48080918,0.49016276,0.47862923,0.48080918
2012-04-01,2012-05-01,ME4 BM3,-8.8132,0,0.4788075,0.5947445,0.627057,0.49479982,0.49286163,0.4821441,0.49240097,0.5132382,0.4821441
2012-04-01,2012-05-01,ME4 BM4,-6.3058,0,0.4398136,0.49061376,0.51733315,0.49267924,0.48403773,0.47713825,0.48474944,0.48535293,0.47713825
2012-04-01,2012-05-01,ME4 BM5,-5.4899,0,0.44625697,0.4597739,0.48860198,0.4914386,0.4918362,0.4771509,0.48466137,0.48542374,0.4771509
2012-04-01,2012-05-01,BIG LoBM,-6.3941,0,0.44708368,0.34365067,0.4368217,0.49126157,0.4790355,0.48472282,0.4846349,0.45195854,0.48472282
2012-04-01,2012-05-01,ME5 BM2,-4.8227,1,0.45780215,0.45261252,0.48620963,0.4917136,0.48176515,0.48013297,0.48662692,0.47593462,0.48013297
2012-04-01,2012-05-01,ME5 BM3,-5.3137,0,0.44640777,0.5611748,0.5670408,0.4922598,0.4870268,0.47931948,0.48538202,0.50185645,0.47931948
2012-04-01,2012-05-01,ME5 BM4,-2.4193,1,0.45346162,0.44111058,0.47426823,0.48872563,0.47943285,0.48042175,0.48343605,0.4717684,0.48042175
2012-04-01,2012-05-01,BIG HiBM,-12.8714,0,0.4961784,0.5014121,0.51715577,0.49301863,0.5076689,0.5022341,0.4934926,0.5064176,0.5022341
2012-05-01,2012-06-01,SMALL LoBM,7.4554,1,0.48243064,0.48163596,0.515965,0.50502807,0.47325274,0.49996975,0.5016385,0.4749294,0.49996975
2012-05-01,2012-06-01,ME1 BM2,7.0179,1,0.45432156,0.43840253,0.45193073,0.5008484,0.48937458,0.48729777,0.49386942,0.4791802,0.48729777
2012-05-01,2012-06-01,ME1 BM3,5.6322,1,0.4849217,0.3814848,0.49151662,0.50061464,0.48707667,0.4888189,0.4982607,0.4659583,0.4888189
2012-05-01,2012-06-01,ME1 BM4,5.4769,0,0.50582385,0.30336118,0.4450462,0.5025225,0.48807073,0.48681155,0.5030178,0.4511288,0.48681155
2012-05-01,2012-06-01,SMALL HiBM,5.2535,0,0.48547342,0.33899933,0.3965758,0.50019825,0.4932871,0.4984662,0.49798954,0.46242955,0.4984662
2012-05-01,2012-06-01,ME2 BM1,6.8983,1,0.46238136,0.54935133,0.50099045,0.49994972,0.4887609,0.48135033,0.4943145,0.500879,0.48135033
2012-05-01,2012-06-01,ME2 BM2,5.0196,0,0.45293295,0.4073096,0.44864845,0.49997798,0.49009115,0.48498955,0.49292123,0.47353482,0.48498955
2012-05-01,2012-06-01,ME2 BM3,3.8503,0,0.45034587,0.545675,0.5077095,0.50215054,0.4883668,0.48238903,0.49437985,0.49982846,0.48238903
2012-05-01,2012-06-01,ME2 BM4,3.6548,0,0.46176445,0.4089193,0.48005754,0.49963343,0.48841608,0.48348182,0.4939531,0.47251672,0.48348182
2012-05-01,2012-06-01,ME2 BM5,4.6036,0,0.43312606,0.41553164,0.4460835,0.49887836,0.4904079,0.4837436,0.48901552,0.47543266,0.4837436
2012-05-01,2012-06-01,ME3 BM1,5.3322,0,0.49495357,0.50066906,0.53426135,0.50156426,0.49007607,0.48572296,0.5005727,0.49219465,0.48572296
2012-05-01,2012-06-01,ME3 BM2,3.5606,0,0.47787413,0.47740036,0.45565417,0.49933892,0.4862624,0.485153,0.4961192,0.48449,0.485153
2012-05-01,2012-06-01,ME3 BM3,1.9762,0,0.46515638,0.5637557,0.48839682,0.4997369,0.48913556,0.48326063,0.49454984,0.5040596,0.48326063
2012-05-01,2012-06-01,ME3 BM4,2.3047,0,0.48272222,0.49625835,0.49302045,0.5004348,0.49005443,0.48180175,0.49777794,0.49129522,0.48180175
2012-05-01,2012-06-01,ME3 BM5,3.9863,0,0.4790546,0.50605893,0.5369912,0.49934936,0.48937038,0.48972985,0.49630517,0.4927081,0.48972985
2012-05-01,2012-06-01,ME4 BM1,0.8557,0,0.45143837,0.4984485,0.52122927,0.5001998,0.48930895,0.48682502,0.4928856,0.49113685,0.48682502
2012-05-01,2012-06-01,ME4 BM2,1.8332,0,0.4591469,0.39051685,0.44048357,0.49997792,0.49150068,0.48204777,0.49385327,0.4713039,0.48204777
2012-05-01,2012-06-01,ME4 BM3,3.9208,0,0.4661242,0.37964806,0.46809015,0.49970534,0.4921905,0.4853976,0.4946682,0.46968204,0.4853976
2012-05-01,2012-06-01,ME4 BM4,2.4392,0,0.42281127,0.4947518,0.45620915,0.50012183,0.48443323,0.4821268,0.48852527,0.48649696,0.4821268
2012-05-01,2012-06-01,ME4 BM5,3.4698,0,0.5038668,0.44697767,0.46526644,0.5030114,0.48745933,0.4888771,0.50313973,0.47936302,0.4888771
2012-05-01,2012-06-01,BIG LoBM,2.8088,0,0.47055033,0.30068684,0.40605268,0.49999133,0.4694802,0.49470428,0.4955752,0.43572152,0.49470428
2012-05-01,2012-06-01,ME5 BM2,4.2192,0,0.40857938,0.46317255,0.46928698,0.49841934,0.48278624,0.48781294,0.48494336,0.47886354,0.48781294
2012-05-01,2012-06-01,ME5 BM3,5.4172,0,0.47576907,0.45782968,0.4748451,0.49915427,0.4848768,0.48383403,0.4956465,0.4794674,0.48383403
2012-05-01,2012-06-01,ME5 BM4,5.1008,0,0.43683058,0.4491367,0.5055364,0.49864724,0.4798657,0.4943492,0.48937476,0.4737199,0.4943492
2012-05-01,2012-06-01,BIG HiBM,5.6085,1,0.5129091,0.3957298,0.48447403,0.50201595,0.48974872,0.48555082,0.50364995,0.47094494,0.48555082
2012-06-01,2012-07-01,SMALL LoBM,-2.0999,0,0.5610993,0.5037525,0.58768857,0.5052282,0.4656127,0.4960649,0.51360893,0.47324067,0.4960649
2012-06-01,2012-07-01,ME1 BM2,0.9975,1,0.48253196,0.45395136,0.46118864,0.5059742,0.485268,0.49271393,0.50245786,0.47900468,0.49271393
2012-06-01,2012-07-01,ME1 BM3,-3.3138,0,0.51818854,0.4540847,0.53160846,0.5054736,0.48275745,0.49376556,0.50738084,0.47702292,0.49376556
2012-06-01,2012-07-01,ME1 BM4,-1.7659,0,0.46538007,0.5081083,0.43890762,0.5043324,0.48059136,0.49470907,0.4984896,0.48609474,0.49470907
2012-06-01,2012-07-01,SMALL HiBM,-2.2102,0,0.50221354,0.44765267,0.46862057,0.50784516,0.49077415,0.49917403,0.50700045,0.48214987,0.49917403
2012-06-01,2012-07-01,ME2 BM1,-3.9127,0,0.4882383,0.5705751,0.5173896,0.5057242,0.48105207,0.49575278,0.50310135,0.49895668,0.49575278
2012-06-01,2012-07-01,ME2 BM2,-0.4999,0,0.4517439,0.4113604,0.45769542,0.50642604,0.48560762,0.49390548,0.49822372,0.4707582,0.49390548
2012-06-01,2012-07-01,ME2 BM3,-0.7852,0,0.4484328,0.55739546,0.5232102,0.5050435,0.4824405,0.49815297,0.4965519,0.49743152,0.49815297
2012-06-01,2012-07-01,ME2 BM4,-1.0227,0,0.46231452,0.41746604,0.45713952,0.5056417,0.482483,0.4945697,0.49914262,0.46947962,0.4945697
2012-06-01,2012-07-01,ME2 BM5,-0.9613,0,0.46761864,0.42090002,0.42472458,0.5052973,0.48435095,0.49650067,0.49964553,0.47166076,0.49650067
2012-06-01,2012-07-01,ME3 BM1,-2.6468,0,0.5039696,0.49518803,0.50490844,0.5050266,0.4739258,0.49753982,0.50486803,0.47817826,0.49753982
2012-06-01,2012-07-01,ME3 BM2,-0.3034,0,0.51273435,0.49927685,0.4904022,0.5068208,0.47927362,0.49837658,0.50770783,0.48327425,0.49837658
2012-06-01,2012-07-01,ME3 BM3,-1.3357,0,0.5628464,0.53549516,0.53624284,0.5053662,0.48034573,0.49982643,0.51398826,0.49137563,0.49982643
2012-06-01,2012-07-01,ME3 BM4,0.4514,0,0.46375057,0.52134806,0.48936445,0.50546384,0.48185042,0.4957964,0.49920687,0.48974997,0.4957964
2012-06-01,2012-07-01,ME3 BM5,-3.7815,0,0.5675803,0.4774645,0.5206649,0.50712913,0.48107833,0.4956868,0.51619685,0.48035556,0.4956868
2012-06-01,2012-07-01,ME4 BM1,-2.126,0,0.46826866,0.51843655,0.51728326,0.5054792,0.47902814,0.49840975,0.49989766,0.48690984,0.49840975
2012-06-01,2012-07-01,ME4 BM2,0.1576,0,0.49003664,0.48726115,0.44210938,0.5044526,0.48178568,0.4987718,0.5022902,0.48288077,0.4987718
2012-06-01,2012-07-01,ME4 BM3,0.4596,0,0.5416014,0.5067519,0.46972623,0.5056696,0.48038396,0.4991328,0.5110594,0.48565757,0.4991328
2012-06-01,2012-07-01,ME4 BM4,0.2218,0,0.46548203,0.5312263,0.5156465,0.5059527,0.47439206,0.4945664,0.49988213,0.4857589,0.4945664
2012-06-01,2012-07-01,ME4 BM5,-1.1339,0,0.50579447,0.43109784,0.46294624,0.50650454,0.4835047,0.49565563,0.5063981,0.47302336,0.49565563
2012-06-01,2012-07-01,BIG LoBM,1.3732,1,0.53107756,0.46968064,0.5578295,0.50616324,0.49816108,0.5071672,0.5099004,0.49246502,0.5071672
2012-06-01,2012-07-01,ME5 BM2,2.505,1,0.48415136,0.47814682,0.4248589,0.5050155,0.46975267,0.50201935,0.5018859,0.4714315,0.50201935
2012-06-01,2012-07-01,ME5 BM3,1.408,1,0.5070479,0.4404291,0.46299037,0.50507367,0.4763202,0.49517304,0.5053698,0.469142,0.49517304
2012-06-01,2012-07-01,ME5 BM4,1.1006,1,0.4823566,0.46450138,0.5442232,0.506023,0.4747075,0.49299848,0.50247306,0.4726663,0.49299848
2012-06-01,2012-07-01,BIG HiBM,-1.7322,0,0.54029906,0.506832,0.53265357,0.49880317,0.48114336,0.50239754,0.5050276,0.4862811,0.50239754
2012-07-01,2012-08-01,SMALL LoBM,2.6657,0,0.5397036,0.44607002,0.5603138,0.48581418,0.47030884,0.49205795,0.49389762,0.46546108,0.49205795
2012-07-01,2012-08-01,ME1 BM2,0.4943,0,0.4729277,0.4014829,0.44422668,0.4828299,0.49328387,0.49330652,0.48134458,0.47492367,0.49330652
2012-07-01,2012-08-01,ME1 BM3,3.9644,0,0.45877886,0.42584836,0.44029012,0.48167652,0.49054927,0.4839214,0.4782419,0.4776091,0.4839214
2012-07-01,2012-08-01,ME1 BM4,2.7338,0,0.4667902,0.4994055,0.543102,0.48107702,0.5027578,0.4837702,0.478934,0.50208735,0.4837702
2012-07-01,2012-08-01,SMALL HiBM,3.3079,0,0.45306692,0.45489126,0.5009721,0.48042047,0.48514718,0.49155283,0.47631747,0.47909603,0.49155283
2012-07-01,2012-08-01,ME2 BM1,1.8351,0,0.49501666,0.5475379,0.5198579,0.48070788,0.48571703,0.49996784,0.4828542,0.4980812,0.49996784
2012-07-01,2012-08-01,ME2 BM2,2.3952,0,0.47144857,0.49086305,0.47972336,0.47945845,0.4903196,0.48696768,0.478257,0.4904283,0.48696768
2012-07-01,2012-08-01,ME2 BM3,2.8523,0,0.46642172,0.5726797,0.4989214,0.48030645,0.492033,0.4898989,0.47822374,0.5081624,0.4898989
2012-07-01,2012-08-01,ME2 BM4,3.2465,0,0.42836258,0.41872543,0.4383864,0.47839057,0.49123022,0.48316,0.4708864,0.47672927,0.48316
2012-07-01,2012-08-01,ME2 BM5,4.3852,1,0.47757474,0.48933464,0.4769442,0.47933397,0.4890254,0.486907,0.47907013,0.48908725,0.486907
2012-07-01,2012-08-01,ME3 BM1,5.1324,1,0.49073488,0.5029655,0.48537692,0.48080269,0.46715426,0.48523965,0.48229253,0.47431654,0.48523965
2012-07-01,2012-08-01,ME3 BM2,3.5245,0,0.437747,0.51082176,0.47181392,0.47957978,0.4879847,0.49036282,0.47330487,0.4925521,0.49036282
2012-07-01,2012-08-01,ME3 BM3,4.6121,1,0.44887245,0.4092453,0.42346868,0.48056388,0.49144736,0.48682812,0.47581017,0.47500697,0.48682812
2012-07-01,2012-08-01,ME3 BM4,4.2119,0,0.4241295,0.5069909,0.45483562,0.48517093,0.48869702,0.4894639,0.47601473,0.49235582,0.4894639
2012-07-01,2012-08-01,ME3 BM5,3.495,0,0.45361266,0.40269238,0.4322612,0.4792272,0.49166676,0.4805651,0.475385,0.4738719,0.4805651
2012-07-01,2012-08-01,ME4 BM1,4.2001,0,0.4266823,0.49067724,0.49404237,0.48535833,0.4681711,0.4945328,0.47655696,0.4726723,0.4945328
2012-07-01,2012-08-01,ME4 BM2,3.8785,0,0.41632655,0.36488613,0.442582,0.48120177,0.4899285,0.48296854,0.4714705,0.46492004,0.48296854
2012-07-01,2012-08-01,ME4 BM3,2.5858,0,0.41315255,0.41274264,0.38301474,0.47972104,0.48957783,0.48578882,0.46973577,0.4742108,0.48578882
2012-07-01,2012-08-01,ME4 BM4,3.6481,0,0.44900742,0.4267013,0.47301054,0.47761703,0.48786882,0.48650992,0.4733256,0.47563532,0.48650992
2012-07-01,2012-08-01,ME4 BM5,6.3422,1,0.45258662,0.4622926,0.44359308,0.4782134,0.49319875,0.4812198,0.4743694,0.4870175,0.4812198
2012-07-01,2012-08-01,BIG LoBM,2.0822,0,0.4888864,0.44116825,0.46989506,0.47878078,0.50204366,0.50410616,0.48029664,0.48986858,0.50410616
2012-07-01,2012-08-01,ME5 BM2,2.5384,0,0.3877242,0.5145897,0.48529667,0.4760647,0.4858992,0.48506963,0.46281365,0.49163732,0.48506963
2012-07-01,2012-08-01,ME5 BM3,1.5463,0,0.4501386,0.5095912,0.5093392,0.47940397,0.4896523,0.48345855,0.47501418,0.4936401,0.48345855
2012-07-01,2012-08-01,ME5 BM4,0.539,0,0.4419302,0.4379371,0.4564793,0.48078367,0.48483008,0.48064926,0.47495568,0.4754515,0.48064926
2012-07-01,2012-08-01,BIG HiBM,6.445,1,0.49774966,0.5062652,0.54471976,0.48133925,0.48203707,0.49415043,0.48380083,0.4868827,0.49415043
2012-08-01,2012-09-01,SMALL LoBM,4.5721,0,0.48790687,0.50952154,0.53351307,0.49983096,0.46318823,0.49783966,0.49804237,0.4724549,0.49783966
2012-08-01,2012-09-01,ME1 BM2,5.6121,1,0.5354991,0.47906366,0.50678724,0.49910888,0.48423758,0.5116639,0.50456744,0.48320282,0.5116639
2012-08-01,2012-09-01,ME1 BM3,4.2545,0,0.5229737,0.42535022,0.5324064,0.49803606,0.47902015,0.49837902,0.5017767,0.46828616,0.49837902
2012-08-01,2012-09-01,ME1 BM4,4.6007,1,0.53134114,0.4601719,0.5238726,0.49826095,0.47707486,0.5096209,0.503223,0.47369426,0.5096209
2012-08-01,2012-09-01,SMALL HiBM,4.5853,1,0.42650515,0.4843078,0.5122783,0.4978542,0.474828,0.49928066,0.48715186,0.47672397,0.49928066
2012-08-01,2012-09-01,ME2 BM1,4.8735,1,0.52887416,0.46010417,0.5247936,0.49757248,0.4687821,0.5078842,0.5022677,0.46704653,0.5078842
2012-08-01,2012-09-01,ME2 BM2,3.5214,0,0.46217686,0.35354304,0.44529188,0.49753645,0.4890925,0.50497997,0.4922325,0.4619826,0.50497997
2012-08-01,2012-09-01,ME2 BM3,3.3649,0,0.5251742,0.5100333,0.49782765,0.4976225,0.47532704,0.5119623,0.50175524,0.4822683,0.5119623
2012-08-01,2012-09-01,ME2 BM4,4.0298,0,0.46225205,0.4088876,0.46987262,0.49779174,0.47588387,0.5098965,0.49246082,0.46248463,0.5098965
2012-08-01,2012-09-01,ME2 BM5,4.0098,0,0.5042799,0.4870251,0.48581886,0.49762043,0.49184316,0.5060817,0.49861938,0.49087957,0.5060817
2012-08-01,2012-09-01,ME3 BM1,2.9193,0,0.5259065,0.4918998,0.5281658,0.49774495,0.47635847,0.4957675,0.5019692,0.47946677,0.4957675
2012-08-01,2012-09-01,ME3 BM2,1.6791,0,0.40740702,0.43739045,0.4593592,0.49742907,0.49031267,0.5068475,0.4839258,0.47972825,0.5068475
2012-08-01,2012-09-01,ME3 BM3,1.5771,0,0.4911187,0.5149249,0.49348676,0.49774987,0.4898888,0.50604224,0.49675518,0.494896,0.50604224
2012-08-01,2012-09-01,ME3 BM4,3.1368,0,0.4618421,0.5160026,0.45115265,0.49744117,0.47438368,0.5142118,0.4921013,0.48270747,0.5142118
2012-08-01,2012-09-01,ME3 BM5,3.8869,0,0.4875954,0.42637914,0.46059835,0.4978521,0.48621756,0.50178796,0.4963136,0.47424987,0.50178796
2012-08-01,2012-09-01,ME4 BM1,1.7469,0,0.46761087,0.45613256,0.4629072,0.49794003,0.47281656,0.4972079,0.49339068,0.46947977,0.4972079
2012-08-01,2012-09-01,ME4 BM2,1.839,0,0.4345415,0.51813745,0.4941678,0.49734202,0.4918585,0.50769776,0.48792195,0.49711433,0.50769776
2012-08-01,2012-09-01,ME4 BM3,2.4552,0,0.3536598,0.44353613,0.37874883,0.4964734,0.49217707,0.5072931,0.47505137,0.4824489,0.5072931
2012-08-01,2012-09-01,ME4 BM4,2.4032,0,0.38640597,0.39535064,0.37434086,0.49760953,0.4855771,0.5032986,0.48092902,0.4675318,0.5032986
2012-08-01,2012-09-01,ME4 BM5,3.3558,0,0.42585838,0.4605533,0.46912438,0.49754065,0.48881638,0.50156426,0.48678833,0.48316377,0.50156426
2012-08-01,2012-09-01,BIG LoBM,1.7873,0,0.44741175,0.45530102,0.4617973,0.4983786,0.47425228,0.5073408,0.4907336,0.47046202,0.5073408
2012-08-01,2012-09-01,ME5 BM2,2.5854,0,0.39300904,0.5351327,0.45278835,0.49836832,0.48375762,0.50158167,0.48256442,0.49403265,0.50158167
2012-08-01,2012-09-01,ME5 BM3,3.5857,0,0.42310002,0.46560365,0.48285717,0.49763563,0.4884046,0.50225097,0.4864553,0.4838444,0.50225097
2012-08-01,2012-09-01,ME5 BM4,3.2924,0,0.4411384,0.5941889,0.5241618,0.49819955,0.47408947,0.50572324,0.48964038,0.4981094,0.50572324
2012-08-01,2012-09-01,BIG HiBM,5.4383,1,0.56435513,0.46022755,0.53306276,0.4983147,0.46087387,0.5070256,0.5082208,0.46074462,0.5070256
2012-09-01,2012-10-01,SMALL LoBM,-5.0157,0,0.5494321,0.50037694,0.5584583,0.4901311,0.47432792,0.4987193,0.4990263,0.47953773,0.4987193
2012-09-01,2012-10-01,ME1 BM2,-4.9578,0,0.5571224,0.44678253,0.5636197,0.48809195,0.49038517,0.5095635,0.49844652,0.48166466,0.5095635
2012-09-01,2012-10-01,ME1 BM3,-3.7223,0,0.45764998,0.44019687,0.46198544,0.48757005,0.48862746,0.50705916,0.48308206,0.47894135,0.50705916
2012-09-01,2012-10-01,ME1 BM4,-3.2182,0,0.43265927,0.4067296,0.43304217,0.486266,0.49184164,0.50830877,0.478225,0.47481924,0.50830877
2012-09-01,2012-10-01,SMALL HiBM,-1.31,0,0.42485192,0.45236585,0.38840076,0.48833388,0.4846025,0.51154214,0.4788116,0.4781552,0.51154214
2012-09-01,2012-10-01,ME2 BM1,-5.4922,0,0.5639437,0.5146389,0.5561091,0.48705888,0.4898526,0.5117444,0.4985916,0.49480987,0.5117444
2012-09-01,2012-10-01,ME2 BM2,-1.9242,0,0.54029375,0.43816373,0.55510443,0.48716792,0.49346954,0.50974107,0.4951368,0.48240837,0.50974107
2012-09-01,2012-10-01,ME2 BM3,-1.2179,0,0.50178635,0.43254215,0.4828012,0.4885079,0.4882662,0.51654625,0.49049968,0.47712138,0.51654625
2012-09-01,2012-10-01,ME2 BM4,-1.5287,0,0.47306594,0.36318308,0.46873024,0.48563725,0.48957837,0.51277316,0.48375157,0.46429932,0.51277316
2012-09-01,2012-10-01,ME2 BM5,-1.1499,0,0.5273595,0.42046204,0.5037677,0.48971117,0.48803043,0.51592433,0.4953584,0.47451675,0.51592433
2012-09-01,2012-10-01,ME3 BM1,-3.899,0,0.44052067,0.49314684,0.47551194,0.48998165,0.490641,0.51088595,0.4825625,0.49114215,0.51088595
2012-09-01,2012-10-01,ME3 BM2,0.373,1,0.5496802,0.4227499,0.53363776,0.48839697,0.48195577,0.5237758,0.49758947,0.47011462,0.5237758
2012-09-01,2012-10-01,ME3 BM3,-0.4359,0,0.48731273,0.4883446,0.44804424,0.48967484,0.48667088,0.52131945,0.48932052,0.48700562,0.52131945
2012-09-01,2012-10-01,ME3 BM4,1.0094,1,0.50916106,0.48862037,0.54293203,0.48805285,0.47854924,0.52490425,0.4912191,0.4805635,0.52490425
2012-09-01,2012-10-01,ME3 BM5,-0.2073,0,0.5397471,0.40437695,0.44404465,0.48906904,0.4893986,0.51049894,0.49667075,0.4723943,0.51049894
2012-09-01,2012-10-01,ME4 BM1,-1.2341,0,0.425102,0.4209568,0.46767762,0.48741546,0.4697633,0.5045933,0.47806847,0.460002,0.5045933
2012-09-01,2012-10-01,ME4 BM2,0.1537,0,0.48907566,0.48778588,0.49152642,0.48887148,0.48930505,0.5145037,0.48890215,0.48900124,0.5145037
2012-09-01,2012-10-01,ME4 BM3,-0.5801,0,0.5449958,0.4320486,0.52558213,0.48927185,0.49188027,0.5122919,0.49763048,0.47991395,0.5122919
2012-09-01,2012-10-01,ME4 BM4,0.2642,1,0.39744347,0.44459307,0.3741781,0.48570824,0.4830702,0.5072708,0.47246855,0.4753748,0.5072708
2012-09-01,2012-10-01,ME4 BM5,1.5562,1,0.47013614,0.49702847,0.4646314,0.4895602,0.48802236,0.5142146,0.4866466,0.4898236,0.5142146
2012-09-01,2012-10-01,BIG LoBM,-3.3013,0,0.40331227,0.57832015,0.54017043,0.4858195,0.47936565,0.5108098,0.47344342,0.49915656,0.5108098
2012-09-01,2012-10-01,ME5 BM2,-1.4005,0,0.38792363,0.4932241,0.42445242,0.48408028,0.4767715,0.51348233,0.46965683,0.48006204,0.51348233
2012-09-01,2012-10-01,ME5 BM3,-2.592,0,0.49609393,0.54851675,0.5672299,0.48426342,0.48553592,0.5127051,0.48603803,0.4981321,0.5127051
2012-09-01,2012-10-01,ME5 BM4,-0.383,0,0.4553509,0.54383844,0.54391104,0.48394495,0.4756554,0.50975084,0.47965586,0.48929203,0.50975084
2012-09-01,2012-10-01,BIG HiBM,3.3179,1,0.51801044,0.5283636,0.55059177,0.49116552,0.4721452,0.50429964,0.49519226,0.48338887,0.50429964
2012-10-01,2012-11-01,SMALL LoBM,0.086,0,0.56447184,0.45488164,0.61420506,0.49049956,0.473461,0.4980935,0.5015954,0.46974513,0.4980935
2012-10-01,2012-11-01,ME1 BM2,1.1317,0,0.5910596,0.48055118,0.569359,0.49021515,0.47444773,0.5072284,0.5053418,0.47566843,0.5072284
2012-10-01,2012-11-01,ME1 BM3,0.688,0,0.5422528,0.48880845,0.5721712,0.48932558,0.47105646,0.5043509,0.49726468,0.47460687,0.5043509
2012-10-01,2012-11-01,ME1 BM4,-0.1937,0,0.5664324,0.49958295,0.57470655,0.48946252,0.47242424,0.5066502,0.50100803,0.47785598,0.5066502
2012-10-01,2012-11-01,SMALL HiBM,1.1906,0,0.5650314,0.45110002,0.5988458,0.4904106,0.49396405,0.51492214,0.5016037,0.48539126,0.51492214
2012-10-01,2012-11-01,ME2 BM1,-0.4389,0,0.5130325,0.4594853,0.47960973,0.490017,0.4727973,0.5091989,0.49346933,0.4701349,0.5091989
2012-10-01,2012-11-01,ME2 BM2,-0.2859,0,0.5755284,0.5240477,0.6424748,0.48897147,0.49261752,0.5138339,0.50195503,0.49890357,0.5138339
2012-10-01,2012-11-01,ME2 BM3,1.031,0,0.46760312,0.46145776,0.45102915,0.48907048,0.47732496,0.5094158,0.4858504,0.47415155,0.5094158
2012-10-01,2012-11-01,ME2 BM4,0.5451,0,0.51466227,0.45369706,0.56744426,0.48933268,0.49106884,0.51423544,0.4931321,0.48359448,0.51423544
2012-10-01,2012-11-01,ME2 BM5,2.2333,0,0.52700335,0.46456698,0.5197861,0.48962593,0.49101588,0.51601994,0.49523255,0.4857261,0.51601994
2012-10-01,2012-11-01,ME3 BM1,2.8835,1,0.50001085,0.42103314,0.48008588,0.48923716,0.4721065,0.5036799,0.49085322,0.46189183,0.5036799
2012-10-01,2012-11-01,ME3 BM2,2.6373,1,0.4454872,0.40330032,0.3570308,0.48830715,0.5061722,0.5184537,0.48188418,0.48559782,0.5184537
2012-10-01,2012-11-01,ME3 BM3,2.5113,1,0.4328555,0.4374888,0.37765673,0.48797116,0.48985878,0.51321507,0.4797038,0.4793848,0.51321507
2012-10-01,2012-11-01,ME3 BM4,2.0912,0,0.4317071,0.43201944,0.35668847,0.48828998,0.49616095,0.5156634,0.47980255,0.48333263,0.5156634
2012-10-01,2012-11-01,ME3 BM5,-0.1656,0,0.48476085,0.4636207,0.51747507,0.49038482,0.49146196,0.5157906,0.48954123,0.48589373,0.5157906
2012-10-01,2012-11-01,ME4 BM1,3.005,1,0.4371088,0.455794,0.38321197,0.48889726,0.48155287,0.5103352,0.48112902,0.47640112,0.5103352
2012-10-01,2012-11-01,ME4 BM2,2.851,1,0.43425933,0.52565825,0.48614916,0.48850384,0.4873957,0.5132757,0.48036718,0.49504822,0.5132757
2012-10-01,2012-11-01,ME4 BM3,-0.0505,0,0.42199618,0.55476856,0.39938217,0.48965615,0.4947994,0.51706773,0.47950715,0.50679326,0.51706773
2012-10-01,2012-11-01,ME4 BM4,1.0858,0,0.43393,0.49108988,0.36943063,0.48884112,0.48693174,0.5193522,0.48060444,0.4877634,0.5193522
2012-10-01,2012-11-01,ME4 BM5,0.5712,0,0.5192418,0.5554416,0.61420506,0.48861507,0.4767563,0.5078442,0.4932091,0.4924934,0.5078442
2012-10-01,2012-11-01,BIG LoBM,1.218,0,0.479395,0.54830325,0.5028781,0.49192557,0.48608786,0.51208806,0.490046,0.49853095,0.51208806
2012-10-01,2012-11-01,ME5 BM2,0.5135,0,0.4714605,0.50760126,0.5253654,0.48982996,0.4809542,0.51876634,0.48707455,0.4862836,0.51876634
2012-10-01,2012-11-01,ME5 BM3,-0.1378,0,0.5420272,0.5344015,0.5629569,0.48988888,0.48101565,0.5182028,0.49770963,0.49169284,0.5182028
2012-10-01,2012-11-01,ME5 BM4,-0.2926,0,0.54210687,0.52853507,0.6080308,0.49149328,0.47826904,0.51730216,0.49908534,0.48832226,0.51730216
2012-10-01,2012-11-01,BIG HiBM,-1.5414,0,0.54236424,0.51015174,0.5804205,0.4890783,0.48911142,0.50522894,0.49707124,0.4933195,0.50522894
2012-11-01,2012-12-01,SMALL LoBM,0.2639,0,0.6298632,0.595996,0.64232624,0.5025444,0.49788687,0.5013724,0.52164227,0.5175087,0.5013724
2012-11-01,2012-12-01,ME1 BM2,3.3582,0,0.5977935,0.49245393,0.60331184,0.5033808,0.50749195,0.504893,0.5175427,0.50448436,0.504893
2012-11-01,2012-12-01,ME1 BM3,4.3236,1,0.4709136,0.5104237,0.54835427,0.50264436,0.51108396,0.50701666,0.49788478,0.51095194,0.50701666
2012-11-01,2012-12-01,ME1 BM4,4.5318,1,0.5058267,0.52049404,0.54772633,0.5035825,0.5150554,0.50753534,0.5039191,0.51614314,0.50753534
2012-11-01,2012-12-01,SMALL HiBM,4.3839,1,0.44649932,0.5323366,0.51197785,0.5041034,0.51917654,0.50730264,0.49546283,0.52180856,0.50730264
2012-11-01,2012-12-01,ME2 BM1,3.5808,0,0.5884344,0.5146485,0.59269845,0.5039431,0.4799454,0.49956703,0.5166168,0.48688602,0.49956703
2012-11-01,2012-12-01,ME2 BM2,3.3975,0,0.52537423,0.46803322,0.5039535,0.50333834,0.5203316,0.50953364,0.5066438,0.50987196,0.50953364
2012-11-01,2012-12-01,ME2 BM3,3.0134,0,0.51038754,0.51903045,0.53517425,0.50490284,0.5216259,0.5080004,0.50572556,0.5211068,0.5080004
2012-11-01,2012-12-01,ME2 BM4,3.792,0,0.46364683,0.45416808,0.4635155,0.506048,0.52057123,0.50820136,0.49968785,0.5072906,0.50820136
2012-11-01,2012-12-01,ME2 BM5,5.1677,1,0.4544533,0.49760598,0.503891,0.5043702,0.5214907,0.5077453,0.49688268,0.51671374,0.5077453
2012-11-01,2012-12-01,ME3 BM1,2.3782,0,0.51603353,0.44497433,0.5526961,0.50302243,0.5073571,0.5065042,0.5049741,0.49488056,0.5065042
2012-11-01,2012-12-01,ME3 BM2,3.7883,0,0.43216038,0.47252288,0.4313514,0.50607735,0.5185833,0.50628924,0.4949898,0.5093712,0.50628924
2012-11-01,2012-12-01,ME3 BM3,2.3897,0,0.45384294,0.5136545,0.4979442,0.5047797,0.5196421,0.50748205,0.49713922,0.5184446,0.50748205
2012-11-01,2012-12-01,ME3 BM4,2.8549,0,0.44329628,0.4800957,0.4325487,0.5059761,0.51639277,0.5049769,0.4965741,0.50913334,0.5049769
2012-11-01,2012-12-01,ME3 BM5,3.6393,0,0.5018591,0.5550842,0.52599305,0.50538576,0.48220217,0.5018059,0.50485677,0.49677858,0.5018059
2012-11-01,2012-12-01,ME4 BM1,2.0756,0,0.4029821,0.53886324,0.4232807,0.5054733,0.4795123,0.50489855,0.49009964,0.4913825,0.50489855
2012-11-01,2012-12-01,ME4 BM2,2.323,0,0.44398817,0.5230094,0.46782976,0.505914,0.5165487,0.50635195,0.49662513,0.51784086,0.50635195
2012-11-01,2012-12-01,ME4 BM3,2.8551,0,0.42152634,0.54908735,0.48122475,0.5065819,0.52200985,0.5074567,0.4938236,0.52742535,0.5074567
2012-11-01,2012-12-01,ME4 BM4,3.8898,0,0.39831254,0.52837235,0.41711608,0.50621104,0.52190864,0.5071769,0.4900263,0.5232014,0.5071769
2012-11-01,2012-12-01,ME4 BM5,3.4605,0,0.49976015,0.48100573,0.5032815,0.5048189,0.5090569,0.5025053,0.50406015,0.5034467,0.5025053
2012-11-01,2012-12-01,BIG LoBM,-0.9557,0,0.48804232,0.6163835,0.52476484,0.5053859,0.5167247,0.5094868,0.5027844,0.53665644,0.5094868
2012-11-01,2012-12-01,ME5 BM2,0.3057,0,0.45649907,0.47243112,0.46249473,0.5056335,0.5181167,0.50849366,0.49826333,0.5089796,0.50849366
2012-11-01,2012-12-01,ME5 BM3,1.5409,0,0.5117014,0.5257671,0.500165,0.504963,0.51465356,0.5086045,0.50597376,0.5168763,0.5086045
2012-11-01,2012-12-01,ME5 BM4,2.3104,0,0.4961022,0.4151468,0.4950065,0.50495934,0.51893723,0.5085579,0.5036308,0.49817914,0.5085579
2012-11-01,2012-12-01,BIG HiBM,7.2489,1,0.46916804,0.5188399,0.50114244,0.50618726,0.47776195,0.49200916,0.50063443,0.48597756,0.49200916
2012-12-01,2013-01-01,SMALL LoBM,6.5747,0,0.5481023,0.46712872,0.5909025,0.5061859,0.47160655,0.5009569,0.51247334,0.470711,0.5009569
2012-12-01,2013-01-01,ME1 BM2,4.9321,0,0.5179736,0.50078857,0.53799826,0.50714326,0.51299864,0.504851,0.50876784,0.51055664,0.504851
2012-12-01,2013-01-01,ME1 BM3,5.5631,0,0.4941456,0.48106834,0.52025324,0.5051197,0.5109804,0.5055171,0.5034736,0.504998,0.5055171
2012-12-01,2013-01-01,ME1 BM4,5.6109,0,0.45738602,0.48992708,0.52221435,0.50802296,0.5177591,0.5076401,0.5004274,0.5121927,0.5076401
2012-12-01,2013-01-01,SMALL HiBM,5.5677,0,0.46534187,0.5663679,0.49337798,0.5052036,0.48825142,0.50232345,0.49922436,0.5038747,0.50232345
2012-12-01,2013-01-01,ME2 BM1,7.391,1,0.54302126,0.47570336,0.5319824,0.50687766,0.5177767,0.5065861,0.51229924,0.50936204,0.5065861
2012-12-01,2013-01-01,ME2 BM2,5.7957,0,0.5264163,0.44088984,0.47172698,0.5072826,0.52274567,0.50838506,0.5101527,0.5063745,0.50838506
2012-12-01,2013-01-01,ME2 BM3,7.5427,1,0.49935508,0.5692745,0.6123842,0.5052252,0.4828104,0.50222427,0.5043447,0.50010324,0.50222427
2012-12-01,2013-01-01,ME2 BM4,6.6609,0,0.463723,0.21790019,0.33569282,0.504738,0.5177,0.50726354,0.49858576,0.45774004,0.50726354
2012-12-01,2013-01-01,ME2 BM5,5.1371,0,0.4552824,0.5502331,0.5205047,0.5033326,0.5076935,0.50363755,0.4961251,0.5162015,0.50363755
2012-12-01,2013-01-01,ME3 BM1,5.2756,0,0.48279247,0.4548231,0.52711093,0.5053803,0.47324386,0.49841976,0.5019921,0.4695597,0.49841976
2012-12-01,2013-01-01,ME3 BM2,6.488,0,0.48471949,0.44833702,0.47764638,0.50312334,0.50320065,0.50272095,0.5003628,0.49222794,0.50272095
2012-12-01,2013-01-01,ME3 BM3,6.2127,0,0.46492675,0.5007103,0.49444678,0.50363827,0.5045248,0.503,0.49783155,0.5037619,0.503
2012-12-01,2013-01-01,ME3 BM4,7.1309,0,0.44366372,0.50609446,0.4913017,0.5032027,0.5053173,0.50419015,0.49427184,0.5054727,0.50419015
2012-12-01,2013-01-01,ME3 BM5,7.6621,1,0.45831078,0.53291714,0.5194935,0.5073041,0.5206318,0.5081917,0.4999551,0.5230889,0.5081917
2012-12-01,2013-01-01,ME4 BM1,7.2488,0,0.4052019,0.48770842,0.47025827,0.5059592,0.47762603,0.49962422,0.49084562,0.4796425,0.49962422
2012-12-01,2013-01-01,ME4 BM2,6.5956,0,0.42833653,0.49753228,0.47140646,0.5041907,0.5051484,0.5029363,0.49281257,0.5036252,0.5029363
2012-12-01,2013-01-01,ME4 BM3,6.6681,0,0.44620094,0.4371643,0.4518097,0.5067302,0.51543254,0.50763535,0.49765083,0.4997789,0.50763535
2012-12-01,2013-01-01,ME4 BM4,8.3211,1,0.42569727,0.35089514,0.41325092,0.5087281,0.5146976,0.50612605,0.49627346,0.4819371,0.50612605
2012-12-01,2013-01-01,ME4 BM5,9.1309,1,0.4777028,0.28694528,0.3814281,0.5059971,0.51898664,0.5067284,0.501753,0.47257838,0.5067284
2012-12-01,2013-01-01,BIG LoBM,3.6126,0,0.45004845,0.60832924,0.5417443,0.50613,0.48765844,0.5021321,0.49771777,0.5117926,0.5021321
2012-12-01,2013-01-01,ME5 BM2,5.8335,0,0.44135192,0.5146449,0.4672687,0.50500566,0.51808494,0.50751436,0.49545762,0.5173969,0.50751436
2012-12-01,2013-01-01,ME5 BM3,5.6,0,0.46827322,0.5133573,0.4824505,0.50941837,0.52280635,0.5079098,0.5032466,0.5209165,0.5079098
2012-12-01,2013-01-01,ME5 BM4,6.7356,0,0.47723544,0.5846079,0.5292117,0.50842655,0.5210905,0.5083904,0.5037479,0.533794,0.5083904
2012-12-01,2013-01-01,BIG HiBM,7.3615,0,0.5260507,0.51821935,0.5807699,0.5084838,0.47763008,0.50172985,0.5111189,0.48574793,0.50172985
2013-01-01,2013-02-01,SMALL LoBM,-1.9645,0,0.507334,0.51774496,0.46980047,0.5032471,0.47671652,0.5032836,0.5038601,0.48492223,0.5032836
2013-01-01,2013-02-01,ME1 BM2,0.6075,0,0.5221442,0.5914061,0.6469482,0.49871403,0.5013397,0.50868905,0.50222856,0.519353,0.50868905
2013-01-01,2013-02-01,ME1 BM3,-0.0344,0,0.52654296,0.46395075,0.58108765,0.49801815,0.5023649,0.50843084,0.50229686,0.49468207,0.50843084
2013-01-01,2013-02-01,ME1 BM4,1.7514,0,0.4893163,0.5439142,0.6007294,0.4975553,0.5029579,0.50881946,0.49631947,0.51114917,0.50881946
2013-01-01,2013-02-01,SMALL HiBM,1.5188,0,0.53068465,0.46815854,0.5460076,0.4967295,0.48756844,0.49972636,0.50182277,0.48368648,0.49972636
2013-01-01,2013-02-01,ME2 BM1,0.9567,0,0.53892785,0.49700245,0.60438436,0.49921596,0.5020208,0.5087368,0.5051727,0.5010171,0.5087368
2013-01-01,2013-02-01,ME2 BM2,1.1367,0,0.51577795,0.45078027,0.51550007,0.4960882,0.49879676,0.50870097,0.49904168,0.48919347,0.50870097
2013-01-01,2013-02-01,ME2 BM3,0.9336,0,0.5280641,0.54826814,0.5672628,0.49841648,0.48057726,0.5030509,0.50286365,0.49411544,0.5030509
2013-01-01,2013-02-01,ME2 BM4,1.857,0,0.51909107,0.41632247,0.49680805,0.49549317,0.49988145,0.50801104,0.49903288,0.48316967,0.50801104
2013-01-01,2013-02-01,ME2 BM5,0.7071,0,0.50380707,0.47296706,0.54719,0.49530378,0.50169265,0.50556326,0.4965793,0.49594754,0.50556326
2013-01-01,2013-02-01,ME3 BM1,0.4269,0,0.5104221,0.50800514,0.60652125,0.49898577,0.47286174,0.50106156,0.50070125,0.47989044,0.50106156
2013-01-01,2013-02-01,ME3 BM2,1.2721,0,0.47404417,0.53297573,0.4876323,0.49559855,0.49969378,0.5067365,0.49236542,0.50635016,0.5067365
2013-01-01,2013-02-01,ME3 BM3,0.487,0,0.5045946,0.56510645,0.54635674,0.49676564,0.4819825,0.503389,0.49794,0.49860728,0.503389
2013-01-01,2013-02-01,ME3 BM4,2.6138,1,0.43557724,0.48325834,0.51303977,0.49535692,0.4894337,0.50101686,0.48638996,0.48819864,0.50101686
2013-01-01,2013-02-01,ME3 BM5,1.9255,1,0.48537612,0.457073,0.47493178,0.49600992,0.50396895,0.5063486,0.49441487,0.49458978,0.5063486
2013-01-01,2013-02-01,ME4 BM1,0.5247,0,0.45067784,0.5354336,0.4898339,0.4971546,0.48891628,0.506024,0.4901831,0.49821976,0.506024
2013-01-01,2013-02-01,ME4 BM2,1.1008,0,0.49570644,0.5855346,0.5503367,0.49654114,0.4824253,0.50322974,0.49641594,0.50304717,0.50322974
2013-01-01,2013-02-01,ME4 BM3,1.6982,0,0.45179033,0.56419176,0.5052557,0.49655414,0.5022489,0.50852007,0.48983958,0.5146375,0.50852007
2013-01-01,2013-02-01,ME4 BM4,1.1717,0,0.4059549,0.34925082,0.42509803,0.49415416,0.5041878,0.50470996,0.48092428,0.47320044,0.50470996
2013-01-01,2013-02-01,ME4 BM5,2.618,1,0.47502634,0.51868844,0.5172277,0.4951091,0.48440433,0.4978814,0.49209672,0.49126115,0.4978814
2013-01-01,2013-02-01,BIG LoBM,1.1784,0,0.4031044,0.5612886,0.44955364,0.49702576,0.50028193,0.50857866,0.48293757,0.51248324,0.50857866
2013-01-01,2013-02-01,ME5 BM2,1.2274,0,0.46697623,0.2853103,0.3777425,0.49534115,0.51956403,0.5109148,0.49108642,0.4727133,0.5109148
2013-01-01,2013-02-01,ME5 BM3,1.9792,1,0.4554521,0.45673466,0.46338445,0.49578255,0.50638896,0.5082937,0.489733,0.4964581,0.5082937
2013-01-01,2013-02-01,ME5 BM4,2.2329,1,0.4582236,0.5561203,0.49709833,0.4953641,0.49828494,0.49843007,0.48979303,0.50985205,0.49843007
2013-01-01,2013-02-01,BIG HiBM,0.6953,0,0.51849985,0.53764063,0.58060884,0.5000485,0.4796583,0.49158478,0.50281626,0.49125478,0.49158478
2013-02-01,2013-03-01,SMALL LoBM,7.7941,1,0.5016223,0.4716625,0.52253306,0.49097502,0.4928533,0.50165,0.49257213,0.48861516,0.50165
2013-02-01,2013-03-01,ME1 BM2,5.7277,1,0.48688388,0.47864622,0.5416239,0.49251667,0.50288236,0.5014514,0.49167177,0.49803513,0.5014514
2013-02-01,2013-03-01,ME1 BM3,5.1135,0,0.49793568,0.46007377,0.56388205,0.49155962,0.5006586,0.50232565,0.49251604,0.4925416,0.50232565
2013-02-01,2013-03-01,ME1 BM4,4.1721,0,0.49088466,0.49423844,0.55219615,0.4923448,0.5009927,0.50302064,0.4921258,0.49964187,0.50302064
2013-02-01,2013-03-01,SMALL HiBM,4.401,0,0.46277195,0.34156877,0.4220719,0.49076173,0.50199175,0.50178385,0.48656327,0.46990716,0.50178385
2013-02-01,2013-03-01,ME2 BM1,5.2075,0,0.48129335,0.5000706,0.54254633,0.48914674,0.49589217,0.503167,0.48796874,0.49672785,0.503167
2013-02-01,2013-03-01,ME2 BM2,5.236,0,0.5100583,0.3673772,0.44097772,0.48968634,0.50247085,0.5042806,0.49274212,0.47545213,0.5042806
2013-02-01,2013-03-01,ME2 BM3,3.992,0,0.4697997,0.57912236,0.56737036,0.49074197,0.5000582,0.50457525,0.48760062,0.51587105,0.50457525
2013-02-01,2013-03-01,ME2 BM4,4.3381,0,0.5106728,0.45131373,0.54560226,0.49001098,0.50116944,0.50376153,0.49311024,0.4911983,0.50376153
2013-02-01,2013-03-01,ME2 BM5,4.8275,0,0.47848135,0.46543935,0.51679665,0.48995176,0.5016769,0.5019431,0.48823118,0.4944294,0.5019431
2013-02-01,2013-03-01,ME3 BM1,4.4385,0,0.51233715,0.4835559,0.5333004,0.4883663,0.50187594,0.50366443,0.49196196,0.49821195,0.50366443
2013-02-01,2013-03-01,ME3 BM2,4.5204,0,0.50873756,0.40604842,0.4851249,0.48986855,0.500527,0.50355947,0.4926989,0.4816313,0.50355947
2013-02-01,2013-03-01,ME3 BM3,5.2829,1,0.49000505,0.48658744,0.4645111,0.48812944,0.5024239,0.5058267,0.48841077,0.4992566,0.5058267
2013-02-01,2013-03-01,ME3 BM4,3.6034,0,0.48209733,0.27965438,0.39132074,0.48879418,0.49850082,0.5046069,0.4877897,0.45473155,0.5046069
2013-02-01,2013-03-01,ME3 BM5,5.1462,0,0.5225497,0.5023755,0.56248206,0.4886981,0.5002705,0.50576675,0.49377584,0.5006915,0.50576675
2013-02-01,2013-03-01,ME4 BM1,3.6184,0,0.4699535,0.5105263,0.5182937,0.4872567,0.50062454,0.5066031,0.48466122,0.5026049,0.5066031
2013-02-01,2013-03-01,ME4 BM2,4.0834,0,0.4691484,0.5067702,0.50878555,0.48806462,0.50193393,0.5063651,0.4852272,0.5029012,0.5063651
2013-02-01,2013-03-01,ME4 BM3,4.2198,0,0.47108904,0.47919327,0.48933333,0.48916227,0.50186807,0.5064648,0.4864513,0.49733314,0.5064648
2013-02-01,2013-03-01,ME4 BM4,5.5273,1,0.47277075,0.56195456,0.537286,0.48857272,0.49722493,0.5048313,0.48620242,0.5101709,0.5048313
2013-02-01,2013-03-01,ME4 BM5,6.2938,1,0.4752102,0.5377925,0.5790372,0.48746642,0.49603054,0.5049049,0.485628,0.50438297,0.5049049
2013-02-01,2013-03-01,BIG LoBM,3.9569,0,0.41064972,0.48275325,0.42550465,0.49256048,0.4837705,0.49830008,0.48027387,0.48356703,0.49830008
2013-02-01,2013-03-01,ME5 BM2,3.293,0,0.4242265,0.5814873,0.47331622,0.49009344,0.500324,0.5047143,0.4802134,0.5165567,0.5047143
2013-02-01,2013-03-01,ME5 BM3,3.6318,0,0.5010027,0.33554646,0.41108865,0.49019074,0.50306845,0.50454485,0.4918126,0.46956405,0.50454485
2013-02-01,2013-03-01,ME5 BM4,4.8642,0,0.504682,0.5819463,0.525796,0.48984206,0.4949192,0.5054788,0.49206808,0.51232463,0.5054788
2013-02-01,2013-03-01,BIG HiBM,3.3327,0,0.43304518,0.45659322,0.4436938,0.49017185,0.47189337,0.519004,0.48160288,0.46883333,0.519004
2013-03-01,2013-04-01,SMALL LoBM,0.4011,0,0.5481384,0.42778876,0.5413651,0.5065018,0.47682402,0.50562537,0.5127473,0.46701697,0.50562537
2013-03-01,2013-04-01,ME1 BM2,-0.5768,0,0.50493413,0.50198203,0.57493603,0.5058001,0.48290953,0.50437677,0.50567025,0.48672402,0.50437677
2013-03-01,2013-04-01,ME1 BM3,-0.9859,0,0.5386548,0.51666963,0.57646525,0.5054012,0.48332188,0.5054103,0.51038927,0.48999143,0.5054103
2013-03-01,2013-04-01,ME1 BM4,-0.7784,0,0.4745495,0.4923345,0.5479368,0.50390244,0.47725466,0.5027461,0.4994995,0.48027062,0.5027461
2013-03-01,2013-04-01,SMALL HiBM,0.5791,0,0.4981312,0.4517339,0.45913604,0.5050332,0.49176624,0.50308865,0.5039979,0.4837598,0.50308865
2013-03-01,2013-04-01,ME2 BM1,-0.909,0,0.5400175,0.5106564,0.5426015,0.50375164,0.50939727,0.5063085,0.5091915,0.5096491,0.5063085
2013-03-01,2013-04-01,ME2 BM2,-1.9797,0,0.51809585,0.5021613,0.50258327,0.50344783,0.509981,0.50671935,0.50564504,0.50841707,0.50671935
2013-03-01,2013-04-01,ME2 BM3,-1.2725,0,0.48463315,0.52496827,0.46339542,0.5034356,0.48606914,0.5041286,0.50061524,0.49384898,0.5041286
2013-03-01,2013-04-01,ME2 BM4,-1.2785,0,0.51196533,0.42018968,0.45424712,0.5032137,0.48838043,0.5021472,0.5045265,0.4747423,0.5021472
2013-03-01,2013-04-01,ME2 BM5,1.5704,0,0.5146441,0.50345683,0.5503027,0.50318533,0.48823842,0.50466967,0.50490415,0.49128214,0.50466967
2013-03-01,2013-04-01,ME3 BM1,-1.9029,0,0.5518644,0.4681598,0.56820273,0.50289845,0.4817102,0.5040527,0.51024336,0.47900012,0.5040527
2013-03-01,2013-04-01,ME3 BM2,0.1505,0,0.5212163,0.47715276,0.5144976,0.5026089,0.49515083,0.5034665,0.5054,0.49155122,0.5034665
2013-03-01,2013-04-01,ME3 BM3,-0.7109,0,0.4628161,0.46614784,0.49222878,0.5021654,0.49014172,0.5050039,0.496263,0.48534295,0.5050039
2013-03-01,2013-04-01,ME3 BM4,-0.8356,0,0.47808295,0.4992324,0.5083133,0.50345016,0.48891395,0.50062656,0.4996451,0.49097764,0.50062656
2013-03-01,2013-04-01,ME3 BM5,-1.775,0,0.49380213,0.4192776,0.485208,0.5044031,0.50625926,0.50524104,0.502813,0.48886293,0.50524104
2013-03-01,2013-04-01,ME4 BM1,1.1011,0,0.4445689,0.5066692,0.50173026,0.50393033,0.4912308,0.50598884,0.49502614,0.4943185,0.50598884
2013-03-01,2013-04-01,ME4 BM2,1.1205,0,0.4763826,0.60055566,0.5147057,0.50326335,0.48820263,0.50386727,0.49923125,0.5106732,0.50386727
2013-03-01,2013-04-01,ME4 BM3,-0.6672,0,0.4873147,0.5040272,0.50603634,0.50421596,0.48290694,0.5024543,0.5016808,0.487131,0.5024543
2013-03-01,2013-04-01,ME4 BM4,1.9277,1,0.43238682,0.42567584,0.4850058,0.5027795,0.51494104,0.50850976,0.49222058,0.497088,0.50850976
2013-03-01,2013-04-01,ME4 BM5,0.904,0,0.5208333,0.502397,0.5654378,0.50389767,0.50316364,0.5041441,0.506438,0.50301033,0.5041441
2013-03-01,2013-04-01,BIG LoBM,2.303,1,0.41189244,0.5230244,0.52963555,0.50440884,0.4966143,0.5034405,0.4905314,0.5018963,0.5034405
2013-03-01,2013-04-01,ME5 BM2,1.3019,0,0.4226481,0.5724932,0.452191,0.5030864,0.50891495,0.5072749,0.49102068,0.5216306,0.5072749
2013-03-01,2013-04-01,ME5 BM3,1.8478,1,0.4794253,0.4524754,0.47923812,0.504233,0.50385356,0.50497067,0.5005119,0.49357793,0.50497067
2013-03-01,2013-04-01,ME5 BM4,1.635,1,0.47620857,0.42449942,0.47989002,0.5035194,0.5001769,0.504756,0.4994228,0.48504144,0.504756
2013-03-01,2013-04-01,BIG HiBM,2.7605,1,0.45890334,0.48445144,0.500512,0.5068821,0.47717643,0.5022914,0.49968526,0.47863144,0.5022914
2013-04-01,2013-05-01,SMALL LoBM,7.7388,1,0.45135972,0.5256936,0.5825683,0.500172,0.4787756,0.49780688,0.49285018,0.4881592,0.49780688
2013-04-01,2013-05-01,ME1 BM2,4.6231,0,0.48220167,0.4752446,0.5205231,0.49845624,0.4846293,0.49844554,0.49601805,0.48275238,0.49844554
2013-04-01,2013-05-01,ME1 BM3,3.5717,0,0.48747998,0.48371378,0.52077544,0.4976483,0.47820154,0.4993346,0.49612305,0.479304,0.4993346
2013-04-01,2013-05-01,ME1 BM4,6.5535,1,0.45297948,0.49212632,0.4982207,0.49837393,0.47816494,0.50053364,0.49156475,0.48095724,0.50053364
2013-04-01,2013-05-01,SMALL HiBM,4.2678,0,0.50863093,0.47563472,0.50962055,0.49716204,0.48927763,0.49766055,0.4988824,0.48654908,0.49766055
2013-04-01,2013-05-01,ME2 BM1,5.3385,0,0.50309926,0.45212764,0.5413629,0.49653554,0.50940007,0.49384388,0.4975201,0.49794558,0.49384388
2013-04-01,2013-05-01,ME2 BM2,4.5862,0,0.47069585,0.40802115,0.43630603,0.49835932,0.48830795,0.4990406,0.49420983,0.4722506,0.4990406
2013-04-01,2013-05-01,ME2 BM3,5.6779,0,0.44741935,0.4646205,0.49168304,0.5022845,0.48208603,0.5007681,0.4940548,0.47859293,0.5007681
2013-04-01,2013-05-01,ME2 BM4,4.6122,0,0.46337432,0.45832214,0.47126985,0.50092745,0.48745796,0.49914396,0.4952945,0.4816308,0.49914396
2013-04-01,2013-05-01,ME2 BM5,7.8774,1,0.5016987,0.4667798,0.5375537,0.49977547,0.48386335,0.5000001,0.50006396,0.48044664,0.5000001
2013-04-01,2013-05-01,ME3 BM1,3.0211,0,0.49251986,0.4573138,0.53002393,0.498222,0.4764485,0.50092983,0.4973667,0.47262156,0.50092983
2013-04-01,2013-05-01,ME3 BM2,5.8934,1,0.46701264,0.4688763,0.47164372,0.49732596,0.4875532,0.4992968,0.492779,0.48381785,0.4992968
2013-04-01,2013-05-01,ME3 BM3,4.1347,0,0.41311702,0.46367505,0.41736656,0.49595594,0.48495856,0.50171125,0.4835301,0.48070186,0.50171125
2013-04-01,2013-05-01,ME3 BM4,5.0238,0,0.44835743,0.5530053,0.485251,0.49968016,0.4909406,0.49990308,0.49198177,0.50335354,0.49990308
2013-04-01,2013-05-01,ME3 BM5,3.9285,0,0.44959283,0.49098304,0.48393467,0.49593243,0.48528028,0.49903125,0.48898152,0.4864208,0.49903125
2013-04-01,2013-05-01,ME4 BM1,4.1705,0,0.4424972,0.47636816,0.44543943,0.49478838,0.4822894,0.50010204,0.48694474,0.48110518,0.50010204
2013-04-01,2013-05-01,ME4 BM2,3.1459,0,0.42342088,0.3854687,0.4403336,0.49481073,0.48527798,0.50117254,0.48410225,0.46531615,0.50117254
2013-04-01,2013-05-01,ME4 BM3,1.5315,0,0.46297556,0.4512509,0.4703997,0.496374,0.4834776,0.5012094,0.49136424,0.47703227,0.5012094
2013-04-01,2013-05-01,ME4 BM4,3.5833,0,0.45562652,0.4326493,0.42397687,0.49452528,0.4895562,0.4976146,0.4886905,0.4781748,0.4976146
2013-04-01,2013-05-01,ME4 BM5,4.5173,0,0.4869691,0.5455473,0.5251936,0.5036569,0.48870623,0.49758047,0.50115377,0.50007445,0.49758047
2013-04-01,2013-05-01,BIG LoBM,1.2043,0,0.46990928,0.46734244,0.4694189,0.4937911,0.48288414,0.5007882,0.49020883,0.47977582,0.5007882
2013-04-01,2013-05-01,ME5 BM2,2.557,0,0.45535251,0.52166104,0.46164432,0.498534,0.48978576,0.4989645,0.4920568,0.49616084,0.4989645
2013-04-01,2013-05-01,ME5 BM3,1.3823,0,0.4460128,0.4658702,0.4684131,0.49830285,0.48778355,0.49899876,0.49045935,0.48340088,0.49899876
2013-04-01,2013-05-01,ME5 BM4,3.3372,0,0.46207076,0.4271027,0.4489562,0.49778977,0.49356788,0.50238454,0.49243194,0.48027486,0.50238454
2013-04-01,2013-05-01,BIG HiBM,8.9338,1,0.5667125,0.48271102,0.58934057,0.5055805,0.46982455,0.50009024,0.5147503,0.47240186,0.50009024
2013-05-01,2013-06-01,SMALL LoBM,-1.0192,0,0.54086816,0.51613003,0.5667291,0.49722025,0.4840847,0.5089499,0.50376743,0.49049377,0.5089499
2013-05-01,2013-06-01,ME1 BM2,-0.6152,0,0.62578046,0.52728474,0.6386363,0.49738047,0.49996877,0.5109595,0.5166405,0.505432,0.5109595
2013-05-01,2013-06-01,ME1 BM3,1.7794,1,0.5989924,0.5525157,0.6318219,0.49741417,0.50230116,0.5112293,0.5126509,0.51234406,0.5112293
2013-05-01,2013-06-01,ME1 BM4,1.0997,1,0.5605728,0.5055936,0.5907684,0.49743912,0.5115865,0.51385146,0.5069092,0.5103879,0.51385146
2013-05-01,2013-06-01,SMALL HiBM,0.3103,1,0.49939954,0.52197915,0.5076555,0.4974541,0.51658666,0.5117701,0.49774593,0.51766515,0.5117701
2013-05-01,2013-06-01,ME2 BM1,1.8782,1,0.6061008,0.48847008,0.5922302,0.49753857,0.48491088,0.5091318,0.5138229,0.4856227,0.5091318
2013-05-01,2013-06-01,ME2 BM2,-0.1974,0,0.58078516,0.2602621,0.44771162,0.4979552,0.5017123,0.51953894,0.51037973,0.45342228,0.51953894
2013-05-01,2013-06-01,ME2 BM3,-0.3761,0,0.5267257,0.43502048,0.53202677,0.49757785,0.51340485,0.5152396,0.50195,0.497728,0.5152396
2013-05-01,2013-06-01,ME2 BM4,-0.8545,0,0.5414705,0.5304907,0.52981436,0.49751115,0.5039935,0.5122629,0.5041051,0.50929296,0.5122629
2013-05-01,2013-06-01,ME2 BM5,-1.0906,0,0.51215744,0.53312135,0.49118295,0.49742222,0.5114801,0.51480293,0.4996325,0.51580834,0.51480293
2013-05-01,2013-06-01,ME3 BM1,-0.4871,0,0.5768944,0.5386174,0.6141796,0.49731484,0.5062326,0.51172125,0.5092518,0.5127096,0.51172125
2013-05-01,2013-06-01,ME3 BM2,-0.9808,0,0.47604477,0.57091695,0.50983864,0.497482,0.5167646,0.5166179,0.49426642,0.52759504,0.5166179
2013-05-01,2013-06-01,ME3 BM3,-1.5247,0,0.50987005,0.48301375,0.5100146,0.4972977,0.51652694,0.5166931,0.49918357,0.50982434,0.5166931
2013-05-01,2013-06-01,ME3 BM4,-0.7612,0,0.47245693,0.53235644,0.45470613,0.4974757,0.50765777,0.51675344,0.49372292,0.5125975,0.51675344
2013-05-01,2013-06-01,ME3 BM5,-0.1758,0,0.5399848,0.5191526,0.6164081,0.49794054,0.49878898,0.51141167,0.5042472,0.50286174,0.51141167
2013-05-01,2013-06-01,ME4 BM1,-2.0416,0,0.44597235,0.47468916,0.43539628,0.4982406,0.5109305,0.51166904,0.49040037,0.50368226,0.51166904
2013-05-01,2013-06-01,ME4 BM2,-2.51,0,0.48381266,0.5173521,0.47740346,0.49798253,0.5099726,0.51870507,0.49585706,0.5114485,0.51870507
2013-05-01,2013-06-01,ME4 BM3,-1.2367,0,0.502088,0.43958676,0.5290785,0.4973232,0.51826245,0.51933634,0.49803793,0.5025273,0.51933634
2013-05-01,2013-06-01,ME4 BM4,-1.5531,0,0.48036346,0.4515225,0.41089103,0.49791083,0.48612928,0.51893306,0.49527872,0.47920793,0.51893306
2013-05-01,2013-06-01,ME4 BM5,-1.2432,0,0.47344637,0.5410973,0.4955812,0.4973337,0.5016878,0.5123218,0.49375063,0.5095697,0.5123218
2013-05-01,2013-06-01,BIG LoBM,-2.3098,0,0.41099522,0.45801446,0.39431223,0.49854943,0.5024375,0.5110511,0.48541632,0.49355286,0.5110511
2013-05-01,2013-06-01,ME5 BM2,-0.3357,0,0.44299743,0.38451055,0.4230571,0.4980341,0.5100255,0.5130631,0.4897786,0.48492253,0.5130631
2013-05-01,2013-06-01,ME5 BM3,0.1531,1,0.42075866,0.4975829,0.41078418,0.49787402,0.5069984,0.5114049,0.48630673,0.50511533,0.5114049
2013-05-01,2013-06-01,ME5 BM4,-0.3341,0,0.45047,0.37775606,0.4441215,0.49890232,0.49754003,0.51683706,0.4916375,0.47358325,0.51683706
2013-05-01,2013-06-01,BIG HiBM,-2.8837,0,0.5034328,0.4137417,0.45646822,0.49978465,0.4989084,0.51620126,0.5003319,0.4818751,0.51620126
2013-06-01,2013-07-01,SMALL LoBM,6.9319,0,0.49289837,0.50710636,0.5296815,0.49178246,0.49533546,0.5046546,0.49194986,0.49768963,0.5046546
2013-06-01,2013-07-01,ME1 BM2,10.555,1,0.5035797,0.5434529,0.517308,0.49233723,0.4969261,0.5023381,0.49402362,0.5062315,0.5023381
2013-06-01,2013-07-01,ME1 BM3,7.3033,0,0.47410345,0.4787133,0.48820877,0.48953038,0.4878636,0.49656385,0.48721635,0.48603356,0.49656385
2013-06-01,2013-07-01,ME1 BM4,8.9501,1,0.47119492,0.3792263,0.42424104,0.48703057,0.49766785,0.5025868,0.48465523,0.47397956,0.5025868
2013-06-01,2013-07-01,SMALL HiBM,7.4394,0,0.45014563,0.4113326,0.40537578,0.48696932,0.48864454,0.49440995,0.4814458,0.47318214,0.49440995
2013-06-01,2013-07-01,ME2 BM1,6.9894,0,0.49923506,0.43672147,0.5234291,0.49266636,0.48465472,0.4950116,0.4936517,0.47506806,0.4950116
2013-06-01,2013-07-01,ME2 BM2,6.3373,0,0.46454692,0.442255,0.46670032,0.48761892,0.49519837,0.4938611,0.48415813,0.4846097,0.4938611
2013-06-01,2013-07-01,ME2 BM3,6.385,0,0.49843648,0.43036246,0.48249277,0.4849569,0.5084854,0.4910455,0.48697883,0.49286082,0.4910455
2013-06-01,2013-07-01,ME2 BM4,7.0166,0,0.47809368,0.428965,0.47842258,0.48465738,0.4971862,0.49251133,0.48367286,0.48354197,0.49251133
2013-06-01,2013-07-01,ME2 BM5,8.093,1,0.4739711,0.5242418,0.49701822,0.48578307,0.4929218,0.5012191,0.4840113,0.4991858,0.5012191
2013-06-01,2013-07-01,ME3 BM1,8.2928,1,0.48237953,0.51283365,0.54353195,0.48875606,0.48915568,0.49787194,0.4877996,0.4938913,0.49787194
2013-06-01,2013-07-01,ME3 BM2,7.6337,0,0.46215194,0.4077868,0.3930774,0.4838982,0.5070293,0.48987663,0.48063627,0.4871808,0.48987663
2013-06-01,2013-07-01,ME3 BM3,5.7981,0,0.46652675,0.48097035,0.4474655,0.4838681,0.49606356,0.49911585,0.48126692,0.4930449,0.49911585
2013-06-01,2013-07-01,ME3 BM4,7.738,0,0.44807377,0.48868874,0.44946617,0.48409852,0.50385666,0.489368,0.47869483,0.5008231,0.489368
2013-06-01,2013-07-01,ME3 BM5,9.0022,1,0.49952403,0.4724755,0.46309415,0.48678082,0.48866522,0.49555647,0.4886923,0.48542726,0.49555647
2013-06-01,2013-07-01,ME4 BM1,8.0176,0,0.4413285,0.48125413,0.44596884,0.48362893,0.4947137,0.4987088,0.47728387,0.4920218,0.4987088
2013-06-01,2013-07-01,ME4 BM2,4.6352,0,0.4802508,0.40700525,0.5125756,0.48495236,0.48905984,0.49980494,0.48424715,0.47264892,0.49980494
2013-06-01,2013-07-01,ME4 BM3,6.5184,0,0.47115222,0.5575748,0.4572192,0.4910445,0.510617,0.50103545,0.48806068,0.52000856,0.50103545
2013-06-01,2013-07-01,ME4 BM4,7.9794,0,0.49525768,0.4475747,0.47874072,0.48600376,0.49313042,0.49969417,0.48739183,0.48401928,0.49969417
2013-06-01,2013-07-01,ME4 BM5,5.0203,0,0.4696618,0.2789299,0.3422244,0.4853389,0.49291644,0.50001013,0.48298734,0.45011914,0.50001013
2013-06-01,2013-07-01,BIG LoBM,5.9978,0,0.4644926,0.35072356,0.32286322,0.48776674,0.5088501,0.5058105,0.48427564,0.4772248,0.5058105
2013-06-01,2013-07-01,ME5 BM2,4.2681,0,0.44764063,0.26060802,0.33870572,0.4881398,0.49121052,0.5021719,0.48206493,0.44509003,0.5021719
2013-06-01,2013-07-01,ME5 BM3,4.6444,0,0.48303857,0.4762503,0.47170377,0.49284887,0.50455517,0.5054134,0.49137735,0.4988942,0.5054134
2013-06-01,2013-07-01,ME5 BM4,4.6924,0,0.46261147,0.4213169,0.4469416,0.4898224,0.4880496,0.501886,0.48574078,0.47470307,0.501886
2013-06-01,2013-07-01,BIG HiBM,7.1844,0,0.49291658,0.43926468,0.48479322,0.48669666,0.4935094,0.50074536,0.48762965,0.48266047,0.50074536
2013-07-01,2013-08-01,SMALL LoBM,-2.3217,0,0.46831244,0.49948484,0.4931607,0.49941134,0.48102626,0.5085113,0.49474654,0.484718,0.5085113
2013-07-01,2013-08-01,ME1 BM2,-2.536,0,0.42443758,0.5063376,0.43347773,0.5038032,0.5204513,0.51249266,0.49189836,0.51762855,0.51249266
2013-07-01,2013-08-01,ME1 BM3,-2.3048,0,0.470189,0.5831832,0.53590953,0.5023334,0.495672,0.50487405,0.49751177,0.51317424,0.50487405
2013-07-01,2013-08-01,ME1 BM4,-3.7353,0,0.46078256,0.5069738,0.45256743,0.5015745,0.51501,0.5116931,0.49545574,0.51340276,0.5116931
2013-07-01,2013-08-01,SMALL HiBM,-3.1512,0,0.472444,0.47442427,0.43825918,0.5008743,0.517237,0.5072402,0.49660975,0.50867444,0.5072402
2013-07-01,2013-08-01,ME2 BM1,-0.5681,1,0.51435125,0.5056833,0.45356172,0.50212836,0.48345178,0.5054977,0.5039618,0.48789808,0.5054977
2013-07-01,2013-08-01,ME2 BM2,-0.6886,1,0.4208651,0.5211489,0.4780314,0.50269455,0.51122004,0.508466,0.49042016,0.5132058,0.508466
2013-07-01,2013-08-01,ME2 BM3,-3.1632,0,0.46688277,0.4783963,0.44167918,0.5016981,0.5098734,0.5084356,0.4964758,0.503578,0.5084356
2013-07-01,2013-08-01,ME2 BM4,-3.944,0,0.4887337,0.4978166,0.4531724,0.50156474,0.5102221,0.50856423,0.4996401,0.507741,0.50856423
2013-07-01,2013-08-01,ME2 BM5,-3.6975,0,0.5111988,0.54492706,0.5170019,0.49811995,0.5057715,0.50797415,0.5000818,0.5136026,0.50797415
2013-07-01,2013-08-01,ME3 BM1,-1.6534,1,0.5040914,0.55730104,0.48651296,0.5009129,0.5046616,0.50824064,0.5013897,0.5151895,0.50824064
2013-07-01,2013-08-01,ME3 BM2,-2.024,0,0.47876793,0.45327652,0.48405832,0.50120807,0.50948083,0.50840944,0.49784207,0.49823996,0.50840944
2013-07-01,2013-08-01,ME3 BM3,-3.4983,0,0.4737699,0.5134387,0.5023003,0.5008968,0.50823635,0.5079115,0.49682778,0.5092768,0.5079115
2013-07-01,2013-08-01,ME3 BM4,-4.6876,0,0.5004274,0.4981639,0.5014723,0.50158906,0.5103719,0.50903726,0.50141484,0.50793034,0.50903726
2013-07-01,2013-08-01,ME3 BM5,-3.8865,0,0.58627105,0.47975552,0.4833727,0.49992016,0.5118773,0.5143356,0.5128728,0.50545293,0.5143356
2013-07-01,2013-08-01,ME4 BM1,-1.6955,1,0.5374764,0.49450275,0.5300648,0.49896723,0.49700284,0.5140834,0.50474364,0.49650285,0.5140834
2013-07-01,2013-08-01,ME4 BM2,-2.0919,0,0.50217265,0.51365685,0.5512938,0.50216305,0.50130194,0.50715464,0.5021645,0.5037729,0.50715464
2013-07-01,2013-08-01,ME4 BM3,-3.1385,0,0.40444756,0.50946724,0.5131543,0.5036313,0.5134828,0.5096477,0.48875374,0.5126797,0.5096477
2013-07-01,2013-08-01,ME4 BM4,-2.4045,0,0.47883797,0.48225856,0.5131018,0.50220484,0.5045763,0.5083033,0.49869984,0.5001128,0.5083033
2013-07-01,2013-08-01,ME4 BM5,-4.3789,0,0.5475889,0.43303347,0.49678642,0.49920937,0.4942344,0.5136752,0.5064663,0.4819942,0.5136752
2013-07-01,2013-08-01,BIG LoBM,-1.4845,1,0.44047552,0.40474707,0.4133471,0.5046518,0.503414,0.5158284,0.49502537,0.4836806,0.5158284
2013-07-01,2013-08-01,ME5 BM2,-2.5292,0,0.41276595,0.40815106,0.38778064,0.50592196,0.5122408,0.5137408,0.49194857,0.4914229,0.5137408
2013-07-01,2013-08-01,ME5 BM3,-3.5744,0,0.47182888,0.4788806,0.5048607,0.5048661,0.5196491,0.51362824,0.49991053,0.5114954,0.51362824
2013-07-01,2013-08-01,ME5 BM4,-3.6714,0,0.4095802,0.43702075,0.44037527,0.50335073,0.5190228,0.5100317,0.48928517,0.5026224,0.5100317
2013-07-01,2013-08-01,BIG HiBM,-4.5134,0,0.5209593,0.43407142,0.5239714,0.49387848,0.49229875,0.5119885,0.49794063,0.4806533,0.5119885
2013-08-01,2013-09-01,SMALL LoBM,7.2942,1,0.47815153,0.5365698,0.5094312,0.4825253,0.49367243,0.5002391,0.48186922,0.5022519,0.5002391
2013-08-01,2013-09-01,ME1 BM2,7.5884,1,0.5518052,0.54333436,0.5822379,0.48613375,0.49397862,0.5021806,0.4959845,0.5038498,0.5021806
2013-08-01,2013-09-01,ME1 BM3,7.1963,1,0.47404537,0.3794202,0.41832644,0.48410934,0.49643403,0.5016248,0.48259974,0.47303128,0.5016248
2013-08-01,2013-09-01,ME1 BM4,6.9327,1,0.45632094,0.5886425,0.5165534,0.48427618,0.49230132,0.5010413,0.48008293,0.51156956,0.5010413
2013-08-01,2013-09-01,SMALL HiBM,5.8445,0,0.46960708,0.60150373,0.49299097,0.48272976,0.49232385,0.5011529,0.48076138,0.51415986,0.5011529
2013-08-01,2013-09-01,ME2 BM1,6.8252,0,0.44504035,0.48259795,0.40865213,0.48388156,0.49425358,0.49068555,0.47805542,0.49192247,0.49068555
2013-08-01,2013-09-01,ME2 BM2,6.1363,0,0.45805126,0.46167964,0.37603262,0.48292714,0.51332116,0.4923532,0.47919577,0.50299287,0.4923532
2013-08-01,2013-09-01,ME2 BM3,7.5391,1,0.47707346,0.4924984,0.4259525,0.48209655,0.5145526,0.4921129,0.4813431,0.51014173,0.4921129
2013-08-01,2013-09-01,ME2 BM4,6.0436,0,0.4386105,0.51501036,0.40173995,0.4828746,0.51828945,0.4930989,0.476235,0.5176337,0.4930989
2013-08-01,2013-09-01,ME2 BM5,5.5432,0,0.48812568,0.46899155,0.4272562,0.48143992,0.49397045,0.4971297,0.4824428,0.4889747,0.4971297
2013-08-01,2013-09-01,ME3 BM1,5.7374,0,0.5123874,0.41520476,0.5218016,0.48467845,0.4964479,0.5030768,0.4888348,0.48019928,0.5030768
2013-08-01,2013-09-01,ME3 BM2,5.8356,0,0.43106583,0.2972157,0.36054033,0.4821715,0.4936829,0.49174973,0.47450566,0.45438945,0.49174973
2013-08-01,2013-09-01,ME3 BM3,5.8569,0,0.47111693,0.4422097,0.4317841,0.48223713,0.51221174,0.49212933,0.4805691,0.49821132,0.49212933
2013-08-01,2013-09-01,ME3 BM4,5.5928,0,0.4389213,0.41519302,0.37631512,0.48272026,0.5223111,0.4921955,0.47615042,0.5008875,0.4921955
2013-08-01,2013-09-01,ME3 BM5,4.2874,0,0.4623657,0.5001739,0.4739874,0.48545885,0.53013456,0.49747404,0.4819949,0.52414244,0.49747404
2013-08-01,2013-09-01,ME4 BM1,5.5387,0,0.48168167,0.49434766,0.49471655,0.4833408,0.52570796,0.49491712,0.48309192,0.5194359,0.49491712
2013-08-01,2013-09-01,ME4 BM2,5.7379,0,0.4455651,0.40544647,0.38193056,0.4833943,0.5055964,0.49106768,0.47771993,0.4855664,0.49106768
2013-08-01,2013-09-01,ME4 BM3,5.1904,0,0.45604566,0.5347821,0.49532658,0.48372284,0.5226316,0.49371108,0.47957128,0.5250617,0.49371108
2013-08-01,2013-09-01,ME4 BM4,5.6465,0,0.44497573,0.42936638,0.374002,0.48377222,0.5270537,0.4952589,0.47795275,0.50751626,0.4952589
2013-08-01,2013-09-01,ME4 BM5,3.3946,0,0.42647448,0.5284286,0.41617203,0.49041292,0.4988495,0.49365667,0.48082215,0.50476533,0.49365667
2013-08-01,2013-09-01,BIG LoBM,4.3089,0,0.49919164,0.63899034,0.56845856,0.48260656,0.49869198,0.50429726,0.48509434,0.52675164,0.50429726
2013-08-01,2013-09-01,ME5 BM2,2.6355,0,0.4550424,0.42628583,0.32269216,0.48318905,0.4943592,0.5019844,0.47896707,0.48074454,0.5019844
2013-08-01,2013-09-01,ME5 BM3,2.5945,0,0.44352368,0.4159351,0.36422724,0.4837689,0.4925827,0.49211174,0.47773215,0.4772532,0.49211174
2013-08-01,2013-09-01,ME5 BM4,2.5619,0,0.50828534,0.37784627,0.4461604,0.48684707,0.49377894,0.500613,0.49006283,0.47059244,0.500613
2013-08-01,2013-09-01,BIG HiBM,2.2688,0,0.48469272,0.54397774,0.48036706,0.48227665,0.5044367,0.49325326,0.48263907,0.5123449,0.49325326
2013-09-01,2013-10-01,SMALL LoBM,-0.739,0,0.46221435,0.33638167,0.42212898,0.509101,0.5097809,0.5152073,0.502068,0.47510105,0.5152073
2013-09-01,2013-10-01,ME1 BM2,0.7764,0,0.49199122,0.5173251,0.5503773,0.50876313,0.50845414,0.5131211,0.5062474,0.51022834,0.5131211
2013-09-01,2013-10-01,ME1 BM3,2.1975,0,0.4630794,0.25983986,0.4109543,0.5093114,0.5047761,0.51572466,0.50237656,0.45578888,0.51572466
2013-09-01,2013-10-01,ME1 BM4,4.0429,0,0.42900363,0.5071363,0.4241187,0.50738823,0.4914836,0.5126945,0.49563056,0.49461415,0.5126945
2013-09-01,2013-10-01,SMALL HiBM,2.87,0,0.43875438,0.38554493,0.3877516,0.50800294,0.47390828,0.50597423,0.49761567,0.45623562,0.50597423
2013-09-01,2013-10-01,ME2 BM1,0.6633,0,0.49432418,0.57350665,0.5132416,0.5112145,0.49249226,0.5071353,0.508681,0.5086951,0.5071353
2013-09-01,2013-10-01,ME2 BM2,1.5231,0,0.51826763,0.5132445,0.52506167,0.511423,0.50372183,0.50990885,0.5124497,0.5056264,0.50990885
2013-09-01,2013-10-01,ME2 BM3,1.2683,0,0.44336286,0.5552345,0.53109473,0.5084237,0.49411798,0.5111923,0.49866456,0.5063413,0.5111923
2013-09-01,2013-10-01,ME2 BM4,3.8146,0,0.48357704,0.5206144,0.4749057,0.50767183,0.47603065,0.51103926,0.50405765,0.4849474,0.51103926
2013-09-01,2013-10-01,ME2 BM5,4.2497,0,0.44782558,0.37029248,0.3768874,0.5060657,0.4880434,0.5092039,0.4973297,0.46449322,0.5092039
2013-09-01,2013-10-01,ME3 BM1,3.3835,0,0.4910055,0.53909826,0.5363379,0.51052606,0.5163752,0.5148835,0.507598,0.5209198,0.5148835
2013-09-01,2013-10-01,ME3 BM2,3.4728,0,0.49628142,0.32543084,0.44527316,0.50883776,0.48611635,0.50899005,0.5069543,0.45397925,0.50899005
2013-09-01,2013-10-01,ME3 BM3,3.7265,0,0.5070169,0.48461747,0.48668703,0.5080595,0.48758,0.50860846,0.5079031,0.4869875,0.50860846
2013-09-01,2013-10-01,ME3 BM4,4.2349,0,0.47296214,0.32867992,0.39953712,0.50585985,0.47255608,0.50322735,0.5009252,0.44378087,0.50322735
2013-09-01,2013-10-01,ME3 BM5,5.5606,1,0.50886,0.458642,0.48347074,0.5072863,0.48499903,0.50888,0.5075224,0.47972763,0.50888
2013-09-01,2013-10-01,ME4 BM1,2.1451,0,0.4893284,0.5717179,0.537122,0.5100069,0.49701905,0.511559,0.50690514,0.51195884,0.511559
2013-09-01,2013-10-01,ME4 BM2,3.6554,0,0.4766651,0.44961938,0.50077325,0.5098547,0.5043005,0.5119597,0.50487626,0.49336427,0.5119597
2013-09-01,2013-10-01,ME4 BM3,2.806,0,0.53820336,0.42421255,0.4611893,0.5089818,0.49660325,0.51240444,0.5133651,0.4821251,0.51240444
2013-09-01,2013-10-01,ME4 BM4,4.6422,1,0.5430039,0.48819098,0.5669328,0.5084412,0.49330065,0.5119033,0.5136256,0.49227872,0.5119033
2013-09-01,2013-10-01,ME4 BM5,6.1959,1,0.5256969,0.44391677,0.5049886,0.5059751,0.49762776,0.5110024,0.5089334,0.48688558,0.5110024
2013-09-01,2013-10-01,BIG LoBM,4.8861,1,0.4979727,0.47409046,0.4747403,0.51089656,0.52069414,0.5166881,0.508958,0.5113734,0.5166881
2013-09-01,2013-10-01,ME5 BM2,4.3822,0,0.44758138,0.4679913,0.48721984,0.5096674,0.4984178,0.5184822,0.5003545,0.49233252,0.5184822
2013-09-01,2013-10-01,ME5 BM3,5.4352,1,0.45687884,0.52291673,0.48052728,0.50851667,0.49197045,0.51848793,0.500771,0.4981597,0.51848793
2013-09-01,2013-10-01,ME5 BM4,3.2953,0,0.46229932,0.5365572,0.5131219,0.5078834,0.49837956,0.5111563,0.5010458,0.5060151,0.5111563
2013-09-01,2013-10-01,BIG HiBM,3.7175,0,0.465014,0.39775816,0.4724962,0.50488335,0.47742134,0.51022327,0.49890295,0.46148872,0.51022327
2013-10-01,2013-11-01,SMALL LoBM,7.7434,1,0.44521958,0.4909713,0.4980979,0.48983508,0.4971525,0.50473243,0.4831428,0.49591628,0.50473243
2013-10-01,2013-11-01,ME1 BM2,5.3439,0,0.464253,0.46172404,0.46937296,0.49001977,0.48497662,0.4997385,0.48615476,0.48032612,0.4997385
2013-10-01,2013-11-01,ME1 BM3,5.7074,0,0.5195322,0.4569323,0.5318202,0.4887361,0.49570385,0.5054109,0.4933555,0.48794955,0.5054109
2013-10-01,2013-11-01,ME1 BM4,7.1859,1,0.43025762,0.38207966,0.41375414,0.48808172,0.48288175,0.4924861,0.47940814,0.46272135,0.4924861
2013-10-01,2013-11-01,SMALL HiBM,4.9367,0,0.46895978,0.39071366,0.4071582,0.48677883,0.47964153,0.4877616,0.48410597,0.46185595,0.4877616
2013-10-01,2013-11-01,ME2 BM1,6.4781,1,0.43376836,0.44968927,0.36738598,0.4911076,0.4898209,0.49643105,0.48250675,0.4817946,0.49643105
2013-10-01,2013-11-01,ME2 BM2,3.6126,0,0.48567653,0.31545693,0.3593453,0.48824266,0.4955666,0.49351785,0.48785776,0.4595447,0.49351785
2013-10-01,2013-11-01,ME2 BM3,3.311,0,0.4992576,0.4416658,0.46203697,0.48947304,0.49651793,0.4910014,0.49094075,0.4855475,0.4910014
2013-10-01,2013-11-01,ME2 BM4,2.8899,0,0.46193346,0.47069195,0.45873323,0.4881104,0.48518625,0.4950144,0.48418385,0.48228738,0.4950144
2013-10-01,2013-11-01,ME2 BM5,5.7144,1,0.42502493,0.47210655,0.44238868,0.48485824,0.4795185,0.4867972,0.47588325,0.4780361,0.4867972
2013-10-01,2013-11-01,ME3 BM1,2.7704,0,0.46720573,0.5837643,0.5473672,0.48822066,0.49835363,0.50397116,0.48506844,0.5154358,0.50397116
2013-10-01,2013-11-01,ME3 BM2,3.2757,0,0.46069762,0.38211787,0.36856535,0.4865605,0.47327867,0.4913678,0.48268107,0.45504653,0.4913678
2013-10-01,2013-11-01,ME3 BM3,3.7207,0,0.47850725,0.50719786,0.4840118,0.48779204,0.49224946,0.48739037,0.48639935,0.49523914,0.48739037
2013-10-01,2013-11-01,ME3 BM4,2.5847,0,0.45560202,0.41138017,0.4225426,0.48806787,0.48037714,0.48515064,0.483198,0.46657777,0.48515064
2013-10-01,2013-11-01,ME3 BM5,3.9181,0,0.47760454,0.5861143,0.5202882,0.48718637,0.48376867,0.49289215,0.48574913,0.50423783,0.49289215
2013-10-01,2013-11-01,ME4 BM1,2.2359,0,0.44400695,0.51194066,0.44355598,0.48647875,0.49478585,0.50034165,0.480108,0.49821684,0.50034165
2013-10-01,2013-11-01,ME4 BM2,2.3322,0,0.43296328,0.4265943,0.42342073,0.48750573,0.5113435,0.4929697,0.4793244,0.49439365,0.4929697
2013-10-01,2013-11-01,ME4 BM3,0.8498,0,0.4558529,0.5264206,0.43470317,0.48876163,0.49670425,0.49289563,0.48382536,0.5026475,0.49289563
2013-10-01,2013-11-01,ME4 BM4,-0.4431,0,0.44511902,0.4940398,0.45256943,0.487661,0.49566874,0.49265862,0.48127973,0.49534297,0.49265862
2013-10-01,2013-11-01,ME4 BM5,3.7551,0,0.48821017,0.57468736,0.5206491,0.48932403,0.48458552,0.49519265,0.48915696,0.5026059,0.49519265
2013-10-01,2013-11-01,BIG LoBM,3.1878,0,0.43756017,0.5835458,0.48430142,0.4868004,0.49480787,0.5038612,0.4794144,0.5125555,0.5038612
2013-10-01,2013-11-01,ME5 BM2,3.5527,0,0.47006878,0.33643422,0.3637152,0.48536867,0.49458683,0.50254554,0.4830737,0.4629563,0.50254554
2013-10-01,2013-11-01,ME5 BM3,1.6052,0,0.4779454,0.5213348,0.5239264,0.48633206,0.49374807,0.50313956,0.48507407,0.49926543,0.50313956
2013-10-01,2013-11-01,ME5 BM4,1.9314,0,0.50129527,0.523875,0.47220704,0.48658976,0.5008536,0.50243473,0.4887956,0.5054579,0.50243473
2013-10-01,2013-11-01,BIG HiBM,6.2891,1,0.50106275,0.5490664,0.5557361,0.49443877,0.47303846,0.49764577,0.49543238,0.48824406,0.49764577
2013-11-01,2013-12-01,SMALL LoBM,1.6088,0,0.5316689,0.5209197,0.6159694,0.5075248,0.4869923,0.49957594,0.5111464,0.49377778,0.49957594
2013-11-01,2013-12-01,ME1 BM2,3.6044,1,0.53564006,0.47612143,0.5438526,0.5073277,0.4725203,0.4947255,0.51157457,0.47324052,0.4947255
2013-11-01,2013-12-01,ME1 BM3,2.509,0,0.5244081,0.5264944,0.5739787,0.50654,0.5135337,0.50182384,0.50922024,0.51612586,0.50182384
2013-11-01,2013-12-01,ME1 BM4,1.2559,0,0.52911586,0.44371465,0.52276474,0.50749135,0.46929315,0.49206394,0.51073503,0.46417746,0.49206394
2013-11-01,2013-12-01,SMALL HiBM,1.501,0,0.5142485,0.44158977,0.537203,0.50683695,0.45866498,0.49320385,0.5079487,0.45524997,0.49320385
2013-11-01,2013-12-01,ME2 BM1,2.8395,0,0.5728141,0.43404442,0.5931076,0.50681055,0.5059906,0.5001863,0.5167111,0.4916014,0.5001863
2013-11-01,2013-12-01,ME2 BM2,0.3287,0,0.5553307,0.52855873,0.572312,0.5064196,0.501791,0.49889767,0.5137563,0.5071446,0.49889767
2013-11-01,2013-12-01,ME2 BM3,3.5485,0,0.49172568,0.62059796,0.5806727,0.50716114,0.48842505,0.49918056,0.50484586,0.5148596,0.49918056
2013-11-01,2013-12-01,ME2 BM4,1.8065,0,0.4561733,0.60887957,0.5605328,0.5074062,0.48962256,0.4949882,0.4997213,0.513474,0.4949882
2013-11-01,2013-12-01,ME2 BM5,0.8336,0,0.5050952,0.5011383,0.5005451,0.5071572,0.47742006,0.48961648,0.5068479,0.48216373,0.48961648
2013-11-01,2013-12-01,ME3 BM1,1.6469,0,0.45325178,0.57961565,0.47140804,0.50746626,0.49322408,0.49554566,0.4993341,0.5105024,0.49554566
2013-11-01,2013-12-01,ME3 BM2,3.8949,1,0.48487246,0.3857687,0.43630004,0.5074687,0.45671824,0.49338505,0.5040793,0.44252834,0.49338505
2013-11-01,2013-12-01,ME3 BM3,2.9865,0,0.42246523,0.59239656,0.49065185,0.5071907,0.49384826,0.4946625,0.4944819,0.5135579,0.4946625
2013-11-01,2013-12-01,ME3 BM4,3.6152,1,0.48445883,0.35559532,0.46645153,0.5076169,0.47030813,0.4886365,0.5041432,0.44736558,0.4886365
2013-11-01,2013-12-01,ME3 BM5,2.3866,0,0.47802815,0.51633215,0.50792545,0.509295,0.48860562,0.49352005,0.504605,0.49415094,0.49352005
2013-11-01,2013-12-01,ME4 BM1,3.1418,0,0.4607978,0.6126914,0.5684554,0.50883746,0.48426706,0.49950323,0.50163156,0.50995195,0.49950323
2013-11-01,2013-12-01,ME4 BM2,3.5541,1,0.43459138,0.560176,0.5277038,0.5070281,0.49799773,0.49420747,0.4961626,0.5104334,0.49420747
2013-11-01,2013-12-01,ME4 BM3,2.8176,0,0.5265105,0.5457143,0.55703247,0.5074003,0.4860768,0.49563628,0.5102668,0.49800432,0.49563628
2013-11-01,2013-12-01,ME4 BM4,3.2868,0,0.45900595,0.50652176,0.48953882,0.5077723,0.50053614,0.49859336,0.5004574,0.5017333,0.49859336
2013-11-01,2013-12-01,ME4 BM5,3.4234,0,0.45049685,0.45946133,0.4812299,0.5092587,0.49347377,0.49313837,0.5004444,0.4866713,0.49313837
2013-11-01,2013-12-01,BIG LoBM,2.593,0,0.44295615,0.3981159,0.42816252,0.5070014,0.48391944,0.49574417,0.49739462,0.46675876,0.49574417
2013-11-01,2013-12-01,ME5 BM2,2.3791,0,0.4554525,0.45831025,0.48304945,0.5081135,0.4961882,0.4994111,0.50021434,0.48861262,0.4994111
2013-11-01,2013-12-01,ME5 BM3,3.5924,1,0.42623645,0.3924053,0.444389,0.5089785,0.51059353,0.49335846,0.4965672,0.48695588,0.49335846
2013-11-01,2013-12-01,ME5 BM4,2.3356,0,0.5020569,0.46335036,0.5153098,0.50796556,0.4951102,0.49936652,0.5070793,0.48875827,0.49936652
2013-11-01,2013-12-01,BIG HiBM,1.8527,0,0.48745817,0.46066934,0.54801387,0.5078076,0.501723,0.4997821,0.5047552,0.49351227,0.4997821
2013-12-01,2014-01-01,SMALL LoBM,3.2675,1,0.44240028,0.47693834,0.42503703,0.49203098,0.49334937,0.49205756,0.48458636,0.49006718,0.49205756
2013-12-01,2014-01-01,ME1 BM2,-2.4428,0,0.4525256,0.3702214,0.45554996,0.4947434,0.4761437,0.4909646,0.48841074,0.45495924,0.4909646
2013-12-01,2014-01-01,ME1 BM3,-2.2922,0,0.46628422,0.4125163,0.41485372,0.495262,0.49896494,0.4986102,0.49091536,0.4816752,0.4986102
2013-12-01,2014-01-01,ME1 BM4,-3.596,0,0.43448153,0.40147445,0.40457302,0.49384427,0.4860451,0.49450687,0.48493987,0.469131,0.49450687
2013-12-01,2014-01-01,SMALL HiBM,-3.1752,0,0.46190786,0.24543853,0.28708637,0.49705765,0.47274515,0.49260855,0.49178517,0.42728382,0.49260855
2013-12-01,2014-01-01,ME2 BM1,0.1207,1,0.3748966,0.45730385,0.4008568,0.49377996,0.50404644,0.4930881,0.47594744,0.49469793,0.4930881
2013-12-01,2014-01-01,ME2 BM2,-2.1841,1,0.45957127,0.4703614,0.46304366,0.49815667,0.4969439,0.5014622,0.49236888,0.4916274,0.5014622
2013-12-01,2014-01-01,ME2 BM3,-5.261,0,0.5208228,0.48582348,0.5266222,0.4975813,0.5021678,0.5024406,0.5010676,0.49889895,0.5024406
2013-12-01,2014-01-01,ME2 BM4,-3.9542,0,0.51035357,0.5143375,0.60664576,0.500463,0.5047998,0.5027463,0.5019466,0.5067073,0.5027463
2013-12-01,2014-01-01,ME2 BM5,-6.2469,0,0.42021325,0.4873446,0.4520129,0.4962661,0.4796551,0.48758355,0.48485819,0.48119298,0.48758355
2013-12-01,2014-01-01,ME3 BM1,-0.3567,1,0.43899977,0.45906603,0.39201197,0.4975759,0.504408,0.50332713,0.4887895,0.4953396,0.50332713
2013-12-01,2014-01-01,ME3 BM2,-2.9986,0,0.5150678,0.37775055,0.3317898,0.49903652,0.4553926,0.49716705,0.50144124,0.4398642,0.49716705
2013-12-01,2014-01-01,ME3 BM3,-4.1643,0,0.45307922,0.57939565,0.46583667,0.4957373,0.5008366,0.50113827,0.48933864,0.51654845,0.50113827
2013-12-01,2014-01-01,ME3 BM4,-2.6369,0,0.48318183,0.4821731,0.43982363,0.4984027,0.4618061,0.49537015,0.4961196,0.4658795,0.49537015
2013-12-01,2014-01-01,ME3 BM5,-2.2983,0,0.44966942,0.5160629,0.49649718,0.49871397,0.5012908,0.50209415,0.49135733,0.5042452,0.50209415
2013-12-01,2014-01-01,ME4 BM1,-2.5783,0,0.4863674,0.5495312,0.49461108,0.4974351,0.45994666,0.50209385,0.49577498,0.47786358,0.50209385
2013-12-01,2014-01-01,ME4 BM2,-3.3434,0,0.50770944,0.47658733,0.44157958,0.4973455,0.5051572,0.5039381,0.49890012,0.49944323,0.5039381
2013-12-01,2014-01-01,ME4 BM3,-0.8152,1,0.49086028,0.49371454,0.50516903,0.5020142,0.5187636,0.5066952,0.5003411,0.51375383,0.5066952
2013-12-01,2014-01-01,ME4 BM4,-5.059,0,0.5287027,0.51248163,0.5337389,0.5051758,0.5082358,0.50733715,0.50870484,0.50908494,0.50733715
2013-12-01,2014-01-01,ME4 BM5,-3.0156,0,0.45064262,0.45373502,0.44712326,0.4981446,0.49957177,0.5027905,0.49101934,0.49040443,0.5027905
2013-12-01,2014-01-01,BIG LoBM,-4.0348,0,0.48674285,0.44135508,0.41356587,0.49463767,0.46738696,0.499382,0.49345344,0.46218058,0.499382
2013-12-01,2014-01-01,ME5 BM2,-2.5045,0,0.4834446,0.35066718,0.43511572,0.49326247,0.4908004,0.5017135,0.49178982,0.46277377,0.5017135
2013-12-01,2014-01-01,ME5 BM3,-3.5102,0,0.52157366,0.5125434,0.50956243,0.49791637,0.5054165,0.50192815,0.50146496,0.5068419,0.50192815
2013-12-01,2014-01-01,ME5 BM4,-4.4332,0,0.46335158,0.53790796,0.485525,0.49840504,0.50902605,0.5053258,0.49314705,0.51480246,0.5053258
2013-12-01,2014-01-01,BIG HiBM,-4.1117,0,0.4636143,0.51453704,0.43405348,0.50007904,0.4975217,0.4993472,0.49460933,0.50092477,0.4993472
2014-01-01,2014-02-01,SMALL LoBM,4.6905,0,0.4536837,0.46049625,0.4371209,0.502473,0.47739154,0.5033443,0.49515462,0.4740125,0.5033443
2014-01-01,2014-02-01,ME1 BM2,4.0772,0,0.4943342,0.46677554,0.5522563,0.5026444,0.46627918,0.49305394,0.5013979,0.46637848,0.49305394
2014-01-01,2014-02-01,ME1 BM3,3.9063,0,0.49840823,0.4601138,0.43897727,0.5025455,0.5081085,0.50496274,0.5019249,0.4985096,0.50496274
2014-01-01,2014-02-01,ME1 BM4,5.8009,0,0.45007744,0.46446127,0.5042757,0.50247365,0.47173578,0.50246,0.49461424,0.4702809,0.50246
2014-01-01,2014-02-01,SMALL HiBM,4.5226,0,0.47654802,0.29800528,0.38200733,0.5026424,0.4610242,0.49860635,0.49872825,0.42842042,0.49860635
2014-01-01,2014-02-01,ME2 BM1,4.8235,0,0.42240688,0.52967006,0.44486687,0.50273645,0.5052086,0.5059796,0.490687,0.5101009,0.5059796
2014-01-01,2014-02-01,ME2 BM2,3.1074,0,0.47628146,0.48306882,0.49028134,0.50274086,0.51392424,0.5072247,0.49877197,0.50775313,0.5072247
2014-01-01,2014-02-01,ME2 BM3,6.0029,1,0.48903117,0.4041006,0.49352464,0.50237775,0.47249088,0.49241284,0.50037575,0.45881283,0.49241284
2014-01-01,2014-02-01,ME2 BM4,5.0177,0,0.4898975,0.39915866,0.4734785,0.5031743,0.469581,0.4961195,0.5011828,0.45549655,0.4961195
2014-01-01,2014-02-01,ME2 BM5,4.0957,0,0.46824756,0.4831838,0.49548173,0.5023065,0.47357404,0.49678165,0.4971977,0.47549602,0.49678165
2014-01-01,2014-02-01,ME3 BM1,6.6358,1,0.4653616,0.34279293,0.3970547,0.50313234,0.46260566,0.49726394,0.49746674,0.4386431,0.49726394
2014-01-01,2014-02-01,ME3 BM2,4.5408,0,0.47272238,0.4104789,0.3797712,0.50156903,0.4698575,0.49350482,0.49724206,0.4579818,0.49350482
2014-01-01,2014-02-01,ME3 BM3,4.5552,0,0.52477133,0.30773073,0.4716452,0.5021461,0.465939,0.49492893,0.5055399,0.43429735,0.49492893
2014-01-01,2014-02-01,ME3 BM4,6.9644,1,0.50458634,0.47153872,0.5412272,0.50242645,0.47828668,0.48835298,0.50275046,0.47693712,0.48835298
2014-01-01,2014-02-01,ME3 BM5,4.1514,0,0.46991396,0.5434694,0.50594026,0.5038591,0.47170565,0.4980351,0.49876738,0.4860584,0.4980351
2014-01-01,2014-02-01,ME4 BM1,5.9804,1,0.48581305,0.46170992,0.46341696,0.5026299,0.47126192,0.49275526,0.50010735,0.46935153,0.49275526
2014-01-01,2014-02-01,ME4 BM2,6.279,1,0.48383883,0.524709,0.54294354,0.501757,0.4901727,0.5026759,0.49906933,0.49707997,0.5026759
2014-01-01,2014-02-01,ME4 BM3,4.8088,0,0.4628172,0.50808257,0.5142407,0.5032106,0.45948824,0.49502307,0.4971516,0.4692071,0.49502307
2014-01-01,2014-02-01,ME4 BM4,5.4186,0,0.49424693,0.4969741,0.47052658,0.50329006,0.46717423,0.5027409,0.50193363,0.47313422,0.5027409
2014-01-01,2014-02-01,ME4 BM5,5.4397,0,0.5306567,0.5656617,0.50460094,0.503309,0.49472508,0.5063472,0.5074112,0.5089124,0.5063472
2014-01-01,2014-02-01,BIG LoBM,5.1051,0,0.48484075,0.551435,0.6121531,0.5029899,0.4506229,0.49472132,0.5002675,0.47078532,0.49472132
2014-01-01,2014-02-01,ME5 BM2,5.1728,0,0.48617375,0.29512966,0.5600754,0.5022671,0.4926499,0.5049499,0.49985313,0.4531459,0.5049499
2014-01-01,2014-02-01,ME5 BM3,2.9857,0,0.46036777,0.428404,0.4557021,0.5021118,0.4928257,0.5025618,0.4958502,0.47994137,0.5025618
2014-01-01,2014-02-01,ME5 BM4,4.258,0,0.47879133,0.558024,0.50228333,0.5029907,0.4960541,0.5052866,0.49936083,0.50844806,0.5052866
2014-01-01,2014-02-01,BIG HiBM,2.4437,0,0.47409764,0.49775198,0.49388367,0.502115,0.4881275,0.50389296,0.49791244,0.4900524,0.50389296
2014-02-01,2014-03-01,SMALL LoBM,-4.3988,0,0.44789377,0.33969668,0.5364856,0.50713354,0.46584567,0.5040761,0.4982476,0.4406159,0.5040761
2014-02-01,2014-03-01,ME1 BM2,0.7966,0,0.49831656,0.5910633,0.5581023,0.5074134,0.50659597,0.5097585,0.50604886,0.5234894,0.5097585
2014-02-01,2014-03-01,ME1 BM3,0.3539,0,0.4362086,0.53029567,0.52065456,0.5075331,0.50369596,0.511446,0.49683443,0.5090159,0.511446
2014-02-01,2014-03-01,ME1 BM4,0.8661,0,0.50257456,0.4921739,0.5089782,0.5068556,0.49973565,0.506671,0.5062135,0.4982233,0.506671
2014-02-01,2014-03-01,SMALL HiBM,1.3924,0,0.5244709,0.5251488,0.50830245,0.5081136,0.49554673,0.50736773,0.51056725,0.5014671,0.50736773
2014-02-01,2014-03-01,ME2 BM1,-4.1372,0,0.46723354,0.49237588,0.44839153,0.5093105,0.5111257,0.51227874,0.50299895,0.5073757,0.51227874
2014-02-01,2014-03-01,ME2 BM2,0.0844,0,0.4944588,0.5113457,0.46519136,0.50968003,0.5067445,0.5120864,0.5073969,0.50766474,0.5120864
2014-02-01,2014-03-01,ME2 BM3,1.4743,0,0.4947143,0.46713808,0.4547089,0.50593257,0.49112436,0.50642574,0.5042498,0.4863271,0.50642574
2014-02-01,2014-03-01,ME2 BM4,1.1256,0,0.50196475,0.51311886,0.519785,0.5083257,0.5059041,0.511441,0.50737154,0.50734705,0.511441
2014-02-01,2014-03-01,ME2 BM5,2.5457,1,0.46770933,0.40991968,0.44213706,0.5036927,0.5019452,0.50603175,0.4982952,0.48354012,0.50603175
2014-02-01,2014-03-01,ME3 BM1,-4.6875,0,0.46001026,0.4467492,0.47318348,0.5102112,0.5182524,0.51232624,0.5026811,0.5039517,0.51232624
2014-02-01,2014-03-01,ME3 BM2,-0.0162,0,0.4679932,0.4561421,0.4618862,0.5073036,0.46416,0.5027095,0.501407,0.46255642,0.5027095
2014-02-01,2014-03-01,ME3 BM3,0.605,0,0.49634784,0.56065464,0.49922657,0.5071008,0.4929423,0.50683284,0.50548786,0.50648475,0.50683284
2014-02-01,2014-03-01,ME3 BM4,1.3672,0,0.46887454,0.55666125,0.5458416,0.51002777,0.46873513,0.50028527,0.5038548,0.48632038,0.50028527
2014-02-01,2014-03-01,ME3 BM5,1.917,0,0.43393064,0.53873587,0.5164582,0.5098329,0.5108341,0.51103556,0.4984476,0.51641446,0.51103556
2014-02-01,2014-03-01,ME4 BM1,-2.2404,0,0.5024394,0.35041195,0.44019428,0.5079932,0.46923953,0.500167,0.5071602,0.44547403,0.500167
2014-02-01,2014-03-01,ME4 BM2,-0.47,0,0.5101148,0.4856296,0.45694485,0.5083132,0.49894723,0.5077912,0.5085834,0.4962837,0.5077912
2014-02-01,2014-03-01,ME4 BM3,0.209,0,0.46518683,0.25445133,0.3804498,0.5114981,0.44851348,0.5031754,0.5045514,0.40970105,0.5031754
2014-02-01,2014-03-01,ME4 BM4,1.964,0,0.5250943,0.4796671,0.45704383,0.5057041,0.4932413,0.50708544,0.50861263,0.4905265,0.50708544
2014-02-01,2014-03-01,ME4 BM5,5.1469,1,0.4679027,0.5501132,0.48856127,0.50899065,0.4935354,0.50826144,0.50282747,0.504851,0.50826144
2014-02-01,2014-03-01,BIG LoBM,-1.4273,0,0.49180323,0.48522192,0.4394325,0.5075519,0.49747258,0.50781786,0.5051896,0.49502245,0.50781786
2014-02-01,2014-03-01,ME5 BM2,0.4986,0,0.45878914,0.352748,0.40914398,0.50946087,0.50356036,0.508301,0.50186014,0.4733979,0.508301
2014-02-01,2014-03-01,ME5 BM3,2.2111,1,0.4914014,0.3946745,0.35545778,0.5093962,0.49862117,0.5085388,0.506697,0.47783184,0.5085388
2014-02-01,2014-03-01,ME5 BM4,3.8416,1,0.4621467,0.5150197,0.45253125,0.50823706,0.4968212,0.5074482,0.5013235,0.5004609,0.5074482
2014-02-01,2014-03-01,BIG HiBM,3.5796,1,0.47383082,0.48319247,0.49809107,0.50464046,0.504337,0.5096077,0.500019,0.5001081,0.5096077
2014-03-01,2014-04-01,SMALL LoBM,-8.5952,0,0.44373998,0.45449504,0.4384707,0.4957807,0.4759043,0.48888308,0.48797458,0.47162247,0.48888308
2014-03-01,2014-04-01,ME1 BM2,-6.5028,0,0.4570203,0.43953314,0.4707093,0.49618062,0.5010985,0.5021008,0.49030662,0.48878545,0.5021008
2014-03-01,2014-04-01,ME1 BM3,-5.379,0,0.4758746,0.46781614,0.4671006,0.49509782,0.49866617,0.5017805,0.49221432,0.49249616,0.5017805
2014-03-01,2014-04-01,ME1 BM4,-3.3099,0,0.49884135,0.5412941,0.5179404,0.48952585,0.4955177,0.5000466,0.4909232,0.504673,0.5000466
2014-03-01,2014-04-01,SMALL HiBM,-4.2455,0,0.4655545,0.5054925,0.50199014,0.49133083,0.5022862,0.50144184,0.4874644,0.5029275,0.50144184
2014-03-01,2014-04-01,ME2 BM1,-6.7967,0,0.47642183,0.48091224,0.43767738,0.49194494,0.49435362,0.50095063,0.48961648,0.49166536,0.50095063
2014-03-01,2014-04-01,ME2 BM2,-3.3685,0,0.46843648,0.5079342,0.4756304,0.4957235,0.48954898,0.49859813,0.49163043,0.49322605,0.49859813
2014-03-01,2014-04-01,ME2 BM3,-3.0005,0,0.5122335,0.53968567,0.5525951,0.4898499,0.48833507,0.4930558,0.49320745,0.4986052,0.4930558
2014-03-01,2014-04-01,ME2 BM4,-1.8995,0,0.5047982,0.49830317,0.52046746,0.4908288,0.50089145,0.5023138,0.4929242,0.50037384,0.5023138
2014-03-01,2014-04-01,ME2 BM5,-1.9624,0,0.47525382,0.5308824,0.5193234,0.4921666,0.49844974,0.5020417,0.48962972,0.5049363,0.5020417
2014-03-01,2014-04-01,ME3 BM1,-5.681,0,0.48818278,0.32247645,0.40575734,0.49128586,0.4982948,0.5010787,0.4908204,0.46313113,0.5010787
2014-03-01,2014-04-01,ME3 BM2,-1.5937,0,0.49389353,0.49221057,0.47611308,0.49198207,0.50161886,0.50190544,0.49226883,0.4997372,0.50190544
2014-03-01,2014-04-01,ME3 BM3,-2.0868,0,0.49491468,0.4985392,0.49562582,0.49359167,0.50175065,0.5025078,0.49379012,0.5011084,0.5025078
2014-03-01,2014-04-01,ME3 BM4,-1.4688,0,0.51277953,0.5132905,0.5345564,0.4913776,0.48236975,0.48412588,0.4945879,0.48855394,0.48412588
2014-03-01,2014-04-01,ME3 BM5,-3.1019,0,0.44140285,0.46942678,0.45891905,0.49487007,0.5010208,0.50249684,0.48685002,0.494702,0.50249684
2014-03-01,2014-04-01,ME4 BM1,-3.0452,0,0.46774605,0.3841559,0.4378689,0.48978585,0.48081675,0.48264888,0.48647988,0.4614846,0.48264888
2014-03-01,2014-04-01,ME4 BM2,-0.9478,0,0.47065637,0.47838607,0.45968834,0.49059796,0.5068028,0.49257854,0.48760673,0.50111943,0.49257854
2014-03-01,2014-04-01,ME4 BM3,0.1289,1,0.4909197,0.32725975,0.38670895,0.4917291,0.4736888,0.4875589,0.49160773,0.444403,0.4875589
2014-03-01,2014-04-01,ME4 BM4,0.1196,1,0.5201253,0.47503388,0.48880926,0.49359348,0.48602197,0.4947616,0.49757326,0.48382437,0.4947616
2014-03-01,2014-04-01,ME4 BM5,-0.5501,0,0.52159506,0.48595333,0.4926248,0.4944198,0.50115776,0.50211537,0.49849612,0.49811688,0.50211537
2014-03-01,2014-04-01,BIG LoBM,1.5398,1,0.49375576,0.5375438,0.5004534,0.4903677,0.49752653,0.49498436,0.49087593,0.50553,0.49498436
2014-03-01,2014-04-01,ME5 BM2,-0.0731,0,0.46649155,0.36403057,0.44092864,0.48926666,0.51141274,0.49411,0.48585042,0.4819363,0.49411
2014-03-01,2014-04-01,ME5 BM3,1.4137,1,0.4632867,0.49398935,0.47511423,0.49436638,0.4903882,0.49836177,0.48970443,0.49110848,0.49836177
2014-03-01,2014-04-01,ME5 BM4,1.925,1,0.52006,0.44506702,0.4640482,0.49320698,0.48941922,0.4963428,0.49723494,0.48054877,0.4963428
2014-03-01,2014-04-01,BIG HiBM,-2.1791,0,0.4124357,0.45134944,0.42643896,0.49354514,0.50466037,0.50494397,0.48137873,0.4939982,0.50494397
2014-04-01,2014-05-01,SMALL LoBM,-2.7099,0,0.5175399,0.49569297,0.57220614,0.4995741,0.49363405,0.50490654,0.50226897,0.49404582,0.50490654
2014-04-01,2014-05-01,ME1 BM2,-0.742,0,0.42676088,0.5019165,0.48297566,0.50070894,0.51934123,0.50689054,0.48961675,0.51585627,0.50689054
2014-04-01,2014-05-01,ME1 BM3,-0.6314,0,0.4318616,0.44747242,0.45560464,0.5004343,0.518195,0.5082775,0.4901484,0.5040505,0.5082775
2014-04-01,2014-05-01,ME1 BM4,-0.585,0,0.40570202,0.563203,0.4272746,0.50049865,0.51631695,0.5063431,0.48627916,0.5256942,0.5063431
2014-04-01,2014-05-01,SMALL HiBM,-0.3132,0,0.3906098,0.49312556,0.44470653,0.5016711,0.5157299,0.50626636,0.4850119,0.511209,0.50626636
2014-04-01,2014-05-01,ME2 BM1,-0.4401,0,0.47277316,0.53443265,0.5804185,0.4993599,0.49605644,0.50033545,0.4953719,0.50373167,0.50033545
2014-04-01,2014-05-01,ME2 BM2,0.2627,0,0.4564277,0.5335264,0.48968166,0.50095075,0.5057963,0.5012584,0.49427232,0.51134235,0.5012584
2014-04-01,2014-05-01,ME2 BM3,1.466,0,0.43206733,0.51145756,0.4404941,0.50267303,0.51243293,0.5052402,0.49208218,0.51223785,0.5052402
2014-04-01,2014-05-01,ME2 BM4,-0.5565,0,0.44110563,0.44480595,0.37391865,0.5023222,0.5144264,0.5062051,0.49313974,0.50050235,0.5062051
2014-04-01,2014-05-01,ME2 BM5,-0.3647,0,0.38745964,0.53198427,0.45282704,0.50183105,0.5038806,0.5018244,0.48467535,0.50950134,0.5018244
2014-04-01,2014-05-01,ME3 BM1,1.2433,0,0.5262245,0.45922193,0.49887475,0.49963662,0.4732374,0.50447273,0.5036248,0.4704343,0.50447273
2014-04-01,2014-05-01,ME3 BM2,0.4539,0,0.46249947,0.50552434,0.53194034,0.50133264,0.5172241,0.50853837,0.4955077,0.5148841,0.50853837
2014-04-01,2014-05-01,ME3 BM3,2.5203,1,0.39522347,0.5207808,0.44898263,0.50149167,0.5204711,0.5070368,0.48555145,0.520533,0.5070368
2014-04-01,2014-05-01,ME3 BM4,0.594,0,0.46308228,0.42090347,0.45573825,0.50188506,0.46474335,0.49856433,0.49606466,0.45597535,0.49856433
2014-04-01,2014-05-01,ME3 BM5,1.7474,0,0.45986363,0.526224,0.49609047,0.50343364,0.48664802,0.5001709,0.49689817,0.49456325,0.5001709
2014-04-01,2014-05-01,ME4 BM1,2.7405,1,0.3832401,0.4526101,0.48167688,0.5022569,0.4710468,0.49718073,0.48440439,0.46735948,0.49718073
2014-04-01,2014-05-01,ME4 BM2,1.6332,0,0.43725136,0.5420998,0.5148616,0.50246084,0.51905274,0.5084305,0.49267942,0.52366215,0.5084305
2014-04-01,2014-05-01,ME4 BM3,3.3027,1,0.40568382,0.3450916,0.26832202,0.50137424,0.451549,0.5000415,0.4870207,0.43025753,0.5000415
2014-04-01,2014-05-01,ME4 BM4,1.1566,0,0.4069379,0.37887597,0.38220778,0.50286186,0.50832677,0.5040585,0.4884733,0.48243663,0.5040585
2014-04-01,2014-05-01,ME4 BM5,1.6349,0,0.4361904,0.5350246,0.49139047,0.50143224,0.5013563,0.50154275,0.49164596,0.50808996,0.50154275
2014-04-01,2014-05-01,BIG LoBM,3.1845,1,0.39903048,0.5400922,0.49458787,0.5037106,0.4953238,0.5029325,0.48800862,0.50427747,0.5029325
2014-04-01,2014-05-01,ME5 BM2,1.5127,0,0.38491684,0.44817868,0.39881927,0.5024413,0.5107047,0.50306076,0.48481265,0.4981995,0.50306076
2014-04-01,2014-05-01,ME5 BM3,2.3498,1,0.43166846,0.56106097,0.43827966,0.50254905,0.5059093,0.50386035,0.49191695,0.51693964,0.50386035
2014-04-01,2014-05-01,ME5 BM4,1.8439,0,0.42533278,0.49327204,0.4332631,0.5006151,0.50438344,0.5011529,0.48932278,0.50216115,0.5011529
2014-04-01,2014-05-01,BIG HiBM,1.2388,0,0.41980907,0.5420999,0.46988538,0.50123584,0.47912586,0.49427572,0.48902184,0.49172068,0.49427572
2014-05-01,2014-06-01,SMALL LoBM,5.6882,0,0.49078274,0.4498925,0.5049567,0.49826267,0.47482556,0.50105107,0.4971407,0.46983898,0.50105107
2014-05-01,2014-06-01,ME1 BM2,10.1586,1,0.4799156,0.46544442,0.51115847,0.50027585,0.48981556,0.50948495,0.49722183,0.48494136,0.50948495
2014-05-01,2014-06-01,ME1 BM3,3.581,0,0.47647125,0.4538173,0.5089262,0.500015,0.4921359,0.5108681,0.49648345,0.48447222,0.5108681
2014-05-01,2014-06-01,ME1 BM4,4.1741,0,0.47696063,0.5687717,0.5072555,0.49935585,0.5010822,0.5101744,0.4959966,0.5146201,0.5101744
2014-05-01,2014-06-01,SMALL HiBM,3.8144,0,0.45685872,0.44206482,0.42919198,0.4993789,0.5011692,0.5125036,0.49300086,0.48934835,0.5125036
2014-05-01,2014-06-01,ME2 BM1,7.526,1,0.46379018,0.35817426,0.46003553,0.49963337,0.47666666,0.5003628,0.4942569,0.45296818,0.5003628
2014-05-01,2014-06-01,ME2 BM2,6.5626,1,0.47163808,0.2600722,0.29938772,0.49994758,0.50118357,0.514908,0.49570116,0.4529613,0.514908
2014-05-01,2014-06-01,ME2 BM3,5.7216,0,0.4524679,0.56937355,0.5218083,0.499479,0.51174617,0.51166034,0.49242735,0.5232717,0.51166034
2014-05-01,2014-06-01,ME2 BM4,4.9122,0,0.43063873,0.52415323,0.4668836,0.49965182,0.5165503,0.5140835,0.48929986,0.5180709,0.5140835
2014-05-01,2014-06-01,ME2 BM5,5.8045,1,0.42678615,0.49172315,0.4972584,0.50165665,0.48224258,0.5032455,0.4904261,0.4841387,0.5032455
2014-05-01,2014-06-01,ME3 BM1,6.2082,1,0.529615,0.5414142,0.5107492,0.4994364,0.4781631,0.50405586,0.50396323,0.49081331,0.50405586
2014-05-01,2014-06-01,ME3 BM2,5.3507,0,0.43019333,0.54785407,0.47547394,0.5006279,0.4962461,0.50609267,0.4900627,0.5065677,0.50609267
2014-05-01,2014-06-01,ME3 BM3,3.7615,0,0.46670517,0.5160456,0.48528448,0.5000727,0.5174666,0.51472664,0.4950676,0.5171824,0.51472664
2014-05-01,2014-06-01,ME3 BM4,4.965,0,0.44814938,0.42963403,0.46471655,0.4996067,0.46035954,0.5030019,0.49188814,0.45421445,0.5030019
2014-05-01,2014-06-01,ME3 BM5,5.0388,0,0.42429888,0.50559616,0.4606404,0.5000582,0.50607705,0.5139484,0.48869428,0.5059809,0.5139484
2014-05-01,2014-06-01,ME4 BM1,4.5285,0,0.466062,0.48490667,0.48295313,0.4997861,0.4741543,0.5013732,0.49472752,0.4763048,0.5013732
2014-05-01,2014-06-01,ME4 BM2,3.7798,0,0.4502164,0.4474707,0.47131237,0.50042045,0.5204465,0.5145909,0.49288988,0.5058513,0.5145909
2014-05-01,2014-06-01,ME4 BM3,3.9543,0,0.4855557,0.37780946,0.30243817,0.50223553,0.45201117,0.5044514,0.49973357,0.43717086,0.5044514
2014-05-01,2014-06-01,ME4 BM4,3.9478,0,0.44197598,0.44753706,0.44871545,0.5014415,0.5206293,0.5128451,0.49252167,0.50601083,0.5128451
2014-05-01,2014-06-01,ME4 BM5,3.625,0,0.43595988,0.4169202,0.45415795,0.500963,0.51668125,0.5151849,0.49121252,0.49672905,0.5151849
2014-05-01,2014-06-01,BIG LoBM,1.1359,0,0.40970802,0.4792291,0.3405334,0.5033097,0.5109174,0.5103979,0.4892695,0.5045798,0.5103979
2014-05-01,2014-06-01,ME5 BM2,1.2916,0,0.40377584,0.537648,0.42595422,0.50195813,0.5230398,0.5150604,0.48723078,0.52596146,0.5150604
2014-05-01,2014-06-01,ME5 BM3,2.564,0,0.46150804,0.56615144,0.4158802,0.5042635,0.512036,0.51183546,0.4978502,0.5228591,0.51183546
2014-05-01,2014-06-01,ME5 BM4,3.2655,0,0.43758696,0.4473499,0.41101575,0.50499606,0.50727236,0.5091787,0.49488473,0.4952879,0.5091787
2014-05-01,2014-06-01,BIG HiBM,3.4557,0,0.3905728,0.49065816,0.45545736,0.50284696,0.48896757,0.50267994,0.48600584,0.48930568,0.50267994
2014-06-01,2014-07-01,SMALL LoBM,-9.2607,0,0.5546806,0.5193296,0.5776204,0.5062976,0.472591,0.5015092,0.51355505,0.48193875,0.5015092
2014-06-01,2014-07-01,ME1 BM2,-7.5266,0,0.51041627,0.50334877,0.54643047,0.50479686,0.47724724,0.50339794,0.5056398,0.48246753,0.50339794
2014-06-01,2014-07-01,ME1 BM3,-6.5266,0,0.4874226,0.46904758,0.5127844,0.5056361,0.5207094,0.5058142,0.5029041,0.51037705,0.5058142
2014-06-01,2014-07-01,ME1 BM4,-4.3079,0,0.48507968,0.5094768,0.5573868,0.5066035,0.47958446,0.5018492,0.50337493,0.48556292,0.5018492
2014-06-01,2014-07-01,SMALL HiBM,-4.9873,0,0.4978817,0.5152437,0.4970128,0.5048841,0.48928586,0.50384736,0.5038338,0.49447742,0.50384736
2014-06-01,2014-07-01,ME2 BM1,-5.0242,0,0.50334483,0.53008187,0.5585886,0.50492316,0.47676656,0.5026792,0.5046864,0.48742962,0.5026792
2014-06-01,2014-07-01,ME2 BM2,-6.6461,0,0.49067274,0.50058085,0.43892995,0.50311625,0.49955565,0.5028627,0.50124973,0.4997607,0.5028627
2014-06-01,2014-07-01,ME2 BM3,-5.4496,0,0.46163794,0.44454905,0.3911882,0.5010929,0.5106982,0.50390387,0.49517468,0.49746838,0.50390387
2014-06-01,2014-07-01,ME2 BM4,-6.2596,0,0.48875475,0.5408839,0.5491606,0.5042801,0.49301755,0.5039294,0.50195134,0.50259084,0.5039294
2014-06-01,2014-07-01,ME2 BM5,-5.848,0,0.49999505,0.48704365,0.53112155,0.5037714,0.4830437,0.5038575,0.503205,0.4838437,0.5038575
2014-06-01,2014-07-01,ME3 BM1,-5.4705,0,0.5288513,0.4451958,0.46872133,0.5004442,0.51115286,0.50383985,0.50470525,0.49796146,0.50383985
2014-06-01,2014-07-01,ME3 BM2,-5.4971,0,0.47718507,0.5272676,0.47829798,0.50275254,0.4963118,0.50307405,0.49891743,0.502503,0.50307405
2014-06-01,2014-07-01,ME3 BM3,-6.12,0,0.44918138,0.54424554,0.5058866,0.5006218,0.48263317,0.49900573,0.49290574,0.49495566,0.49900573
2014-06-01,2014-07-01,ME3 BM4,-6.4442,0,0.4528416,0.46127364,0.44476265,0.5026612,0.4656459,0.5009128,0.4951883,0.46477145,0.5009128
2014-06-01,2014-07-01,ME3 BM5,-4.2765,0,0.46721292,0.55147123,0.518066,0.50143766,0.4877157,0.5009352,0.49630398,0.5004668,0.5009352
2014-06-01,2014-07-01,ME4 BM1,-2.3915,1,0.4653714,0.5452692,0.5155595,0.5006135,0.5008323,0.50200915,0.4953272,0.50971967,0.50200915
2014-06-01,2014-07-01,ME4 BM2,-4.4172,0,0.48522916,0.4446362,0.50184965,0.50154614,0.50503767,0.5065229,0.4990986,0.49295738,0.5065229
2014-06-01,2014-07-01,ME4 BM3,-3.1894,0,0.42855301,0.38992035,0.35604402,0.50093806,0.4675367,0.4913134,0.49008033,0.45201343,0.4913134
2014-06-01,2014-07-01,ME4 BM4,-3.7503,0,0.4655476,0.57799846,0.5520185,0.50182927,0.48626417,0.50182045,0.49638703,0.504611,0.50182045
2014-06-01,2014-07-01,ME4 BM5,-3.8087,0,0.43102732,0.49957216,0.4851712,0.50148904,0.48972487,0.5015578,0.4909198,0.49169433,0.5015578
2014-06-01,2014-07-01,BIG LoBM,-1.6618,1,0.44091883,0.5143578,0.48463634,0.50150806,0.49588597,0.5025853,0.4924197,0.49958035,0.5025853
2014-06-01,2014-07-01,ME5 BM2,-0.8785,1,0.44430998,0.5641312,0.36177018,0.5012969,0.50644803,0.504861,0.49274886,0.5179847,0.504861
2014-06-01,2014-07-01,ME5 BM3,-0.4256,1,0.39715275,0.45773193,0.4003278,0.50201964,0.49329698,0.49850664,0.48628962,0.48618397,0.49850664
2014-06-01,2014-07-01,ME5 BM4,-2.716,0,0.46679887,0.50818616,0.46126556,0.50179183,0.50410277,0.5039781,0.4965429,0.50491947,0.5039781
2014-06-01,2014-07-01,BIG HiBM,-1.4254,1,0.4816412,0.5990962,0.57868457,0.50232875,0.48779258,0.5025168,0.49922565,0.51005334,0.5025168
2014-07-01,2014-08-01,SMALL LoBM,2.9355,0,0.4739882,0.48904395,0.5021862,0.48813388,0.49162862,0.50074387,0.48601204,0.4911117,0.50074387
2014-07-01,2014-08-01,ME1 BM2,4.6341,0,0.43262035,0.4752982,0.53218293,0.4871243,0.49203983,0.51048577,0.4789487,0.4886915,0.51048577
2014-07-01,2014-08-01,ME1 BM3,2.8737,0,0.44000965,0.49162695,0.49097556,0.4926216,0.48108053,0.4986436,0.48472983,0.48318982,0.4986436
2014-07-01,2014-08-01,ME1 BM4,4.4624,0,0.40391397,0.47675487,0.50483406,0.49407375,0.48001868,0.49904957,0.4805498,0.47936592,0.49904957
2014-07-01,2014-08-01,SMALL HiBM,3.4066,0,0.43394974,0.52828985,0.47720087,0.49273828,0.48269498,0.49942636,0.48392,0.49181396,0.49942636
2014-07-01,2014-08-01,ME2 BM1,5.5697,1,0.44207472,0.37022913,0.42906633,0.4863028,0.48481187,0.4989708,0.4796686,0.46189535,0.4989708
2014-07-01,2014-08-01,ME2 BM2,5.2829,1,0.46234187,0.38134772,0.48411873,0.48858005,0.49744058,0.5088433,0.48464432,0.474222,0.5088433
2014-07-01,2014-08-01,ME2 BM3,3.8959,0,0.45661375,0.5522169,0.5287024,0.4896842,0.5009656,0.50561583,0.48472363,0.51121587,0.50561583
2014-07-01,2014-08-01,ME2 BM4,4.6173,0,0.42394358,0.4969872,0.4531836,0.49135843,0.48739532,0.4984547,0.4812462,0.48931372,0.4984547
2014-07-01,2014-08-01,ME2 BM5,5.2244,0,0.4497846,0.5592525,0.53307724,0.49154574,0.48452652,0.497586,0.4852816,0.49947172,0.497586
2014-07-01,2014-08-01,ME3 BM1,6.3988,1,0.45836097,0.40193075,0.43930674,0.48755446,0.4840772,0.50510955,0.48317546,0.4676479,0.50510955
2014-07-01,2014-08-01,ME3 BM2,4.1871,0,0.4337395,0.39235717,0.38911918,0.4909319,0.49025378,0.49872854,0.48235303,0.47067446,0.49872854
2014-07-01,2014-08-01,ME3 BM3,4.6362,0,0.44050518,0.5147699,0.47394386,0.49010262,0.48780966,0.49647737,0.482663,0.49320173,0.49647737
2014-07-01,2014-08-01,ME3 BM4,5.5168,1,0.44436082,0.43958816,0.466257,0.4919439,0.47688994,0.5002722,0.48480645,0.46942958,0.5002722
2014-07-01,2014-08-01,ME3 BM5,4.5515,0,0.44795856,0.47800478,0.45341814,0.49263033,0.48606595,0.50082946,0.48592958,0.48445374,0.50082946
2014-07-01,2014-08-01,ME4 BM1,6.1773,1,0.46021077,0.46837705,0.42756864,0.49047935,0.47928032,0.49779043,0.4859391,0.47709966,0.49779043
2014-07-01,2014-08-01,ME4 BM2,4.7651,0,0.5053743,0.5194107,0.449085,0.48979148,0.4967249,0.5038536,0.4921289,0.50126207,0.5038536
2014-07-01,2014-08-01,ME4 BM3,4.9797,0,0.46343908,0.3739936,0.35082626,0.49030307,0.46995655,0.4969875,0.48627347,0.45076397,0.4969875
2014-07-01,2014-08-01,ME4 BM4,4.0481,0,0.4340042,0.56790894,0.48925078,0.49395615,0.4860645,0.50037694,0.4849634,0.5024334,0.50037694
2014-07-01,2014-08-01,ME4 BM5,4.6271,0,0.45680714,0.51677,0.47229972,0.49223256,0.48967546,0.49818578,0.48691878,0.4950944,0.49818578
2014-07-01,2014-08-01,BIG LoBM,4.8826,0,0.47629377,0.47538105,0.5058108,0.4944748,0.5125531,0.5099259,0.49174765,0.5051187,0.5099259
2014-07-01,2014-08-01,ME5 BM2,4.4484,0,0.43228218,0.35325822,0.35605514,0.49330035,0.5064285,0.50172585,0.4841476,0.47579443,0.50172585
2014-07-01,2014-08-01,ME5 BM3,2.1838,0,0.45871532,0.50320965,0.50779796,0.49188873,0.49817702,0.499816,0.48691273,0.49918357,0.499816
2014-07-01,2014-08-01,ME5 BM4,2.6307,0,0.44289964,0.49942428,0.48393965,0.4916244,0.49160823,0.49782372,0.4843157,0.49317145,0.49782372
2014-07-01,2014-08-01,BIG HiBM,5.1222,0,0.506413,0.57155323,0.52329767,0.49339026,0.48476148,0.5004548,0.4953437,0.50211984,0.5004548
2014-08-01,2014-09-01,SMALL LoBM,-7.0453,0,0.47626534,0.43513846,0.49093112,0.5003675,0.4778802,0.51047814,0.4967522,0.46933186,0.51047814
2014-08-01,2014-09-01,ME1 BM2,-4.2417,0,0.45606595,0.47365215,0.51321536,0.5002943,0.48616758,0.5093656,0.4936601,0.4836645,0.5093656
2014-08-01,2014-09-01,ME1 BM3,-7.2076,0,0.48088384,0.4989452,0.5037535,0.5014236,0.4933931,0.5183918,0.49834266,0.49450353,0.5183918
2014-08-01,2014-09-01,ME1 BM4,-5.78,0,0.43308246,0.53806746,0.54542893,0.50058126,0.48942244,0.5109901,0.49045646,0.49915147,0.5109901
2014-08-01,2014-09-01,SMALL HiBM,-5.602,0,0.41726288,0.48379502,0.48690456,0.501452,0.5011895,0.52076143,0.48882368,0.4977106,0.52076143
2014-08-01,2014-09-01,ME2 BM1,-4.9962,0,0.45221293,0.5563316,0.5610058,0.5017009,0.47759542,0.5105299,0.4942777,0.49334267,0.5105299
2014-08-01,2014-09-01,ME2 BM2,-4.2516,0,0.50985265,0.47955093,0.5150387,0.5021698,0.48036492,0.50999725,0.50332224,0.48020214,0.50999725
2014-08-01,2014-09-01,ME2 BM3,-5.4237,0,0.43073186,0.6172549,0.50917226,0.5010917,0.5012114,0.5181141,0.49053776,0.5244201,0.5181141
2014-08-01,2014-09-01,ME2 BM4,-5.0798,0,0.42766646,0.40806314,0.42181543,0.5006192,0.46565104,0.507215,0.4896763,0.45413345,0.507215
2014-08-01,2014-09-01,ME2 BM5,-7.9107,0,0.42130297,0.5971048,0.5109892,0.5005933,0.49965766,0.51854396,0.4886998,0.5191471,0.51854396
2014-08-01,2014-09-01,ME3 BM1,-2.9935,1,0.5125108,0.44989973,0.51078206,0.50202596,0.47597304,0.5076139,0.5035987,0.47075838,0.5076139
2014-08-01,2014-09-01,ME3 BM2,-5.5827,0,0.44554934,0.5191927,0.47810546,0.501686,0.49421048,0.5191163,0.49326548,0.49920693,0.5191163
2014-08-01,2014-09-01,ME3 BM3,-4.7437,0,0.47043347,0.4850976,0.5283098,0.5016117,0.49066442,0.51922786,0.49693498,0.48955107,0.51922786
2014-08-01,2014-09-01,ME3 BM4,-6.6219,0,0.4251489,0.45498323,0.499991,0.5004262,0.48682472,0.5189092,0.4891346,0.48045644,0.5189092
2014-08-01,2014-09-01,ME3 BM5,-6.9912,0,0.44430804,0.56562334,0.5794919,0.5009262,0.49744028,0.5214015,0.4924335,0.5110769,0.5214015
2014-08-01,2014-09-01,ME4 BM1,-3.2009,0,0.48092604,0.4525149,0.46570653,0.50163776,0.51732343,0.52125967,0.498531,0.50436175,0.52125967
2014-08-01,2014-09-01,ME4 BM2,-3.2606,0,0.47274092,0.61063516,0.553788,0.5023493,0.5005667,0.51955247,0.4979081,0.52258044,0.51955247
2014-08-01,2014-09-01,ME4 BM3,-4.2563,0,0.51154447,0.37638855,0.35628593,0.5023495,0.4721359,0.50709605,0.50372875,0.45298645,0.50709605
2014-08-01,2014-09-01,ME4 BM4,-4.5451,0,0.4238192,0.5320788,0.51898056,0.5017271,0.50652003,0.5213237,0.49004093,0.5116318,0.5213237
2014-08-01,2014-09-01,ME4 BM5,-4.714,0,0.44761664,0.55678904,0.52766824,0.49948928,0.49251765,0.5211021,0.4917084,0.5053719,0.5211021
2014-08-01,2014-09-01,BIG LoBM,-0.6074,1,0.41862538,0.48006535,0.3764649,0.50135386,0.514148,0.5216175,0.48894462,0.5073315,0.5216175
2014-08-01,2014-09-01,ME5 BM2,-0.8983,1,0.42833734,0.45611325,0.37951896,0.5022739,0.51355743,0.5140443,0.49118346,0.50206864,0.5140443
2014-08-01,2014-09-01,ME5 BM3,-1.6526,1,0.43420044,0.41786557,0.43963838,0.5018629,0.5133437,0.5164895,0.49171352,0.4942481,0.5164895
2014-08-01,2014-09-01,ME5 BM4,-3.855,0,0.44423017,0.59783024,0.4586308,0.50148904,0.5010357,0.52435005,0.49290022,0.5203946,0.52435005
2014-08-01,2014-09-01,BIG HiBM,-0.2175,1,0.42788786,0.44430602,0.46148315,0.49977648,0.4990683,0.51557094,0.4889932,0.48811585,0.51557094
2014-09-01,2014-10-01,SMALL LoBM,6.2621,1,0.44261697,0.46182266,0.47456005,0.48786792,0.46485105,0.4893946,0.4810803,0.46424538,0.4893946
2014-09-01,2014-10-01,ME1 BM2,7.0908,1,0.5284911,0.54572505,0.5866182,0.48937896,0.47078905,0.4907169,0.49524578,0.48577625,0.4907169
2014-09-01,2014-10-01,ME1 BM3,5.7929,0,0.419384,0.47960138,0.46882075,0.4894788,0.47627425,0.49662295,0.4789646,0.47693968,0.49662295
2014-09-01,2014-10-01,ME1 BM4,7.2509,1,0.42545485,0.5803589,0.48918557,0.48976615,0.512568,0.49990487,0.48011947,0.5261262,0.49990487
2014-09-01,2014-10-01,SMALL HiBM,4.3991,0,0.4500442,0.5028222,0.455982,0.490231,0.51100457,0.50008255,0.484203,0.5093681,0.50008255
2014-09-01,2014-10-01,ME2 BM1,8.3606,1,0.46855074,0.47595575,0.49927977,0.48711726,0.476754,0.49023712,0.4843323,0.47659436,0.49023712
2014-09-01,2014-10-01,ME2 BM2,6.5875,1,0.44202253,0.3862585,0.4342877,0.48776838,0.4798683,0.49174222,0.48090652,0.46114635,0.49174222
2014-09-01,2014-10-01,ME2 BM3,6.248,0,0.42256933,0.43913868,0.41083306,0.48941228,0.50236714,0.5038122,0.47938585,0.48972145,0.5038122
2014-09-01,2014-10-01,ME2 BM4,5.3694,0,0.40121323,0.42636514,0.43493867,0.48958662,0.48052004,0.49376458,0.4763306,0.46968907,0.49376458
2014-09-01,2014-10-01,ME2 BM5,4.2247,0,0.39654154,0.5158016,0.4586071,0.489797,0.49949673,0.50323254,0.47580868,0.50275767,0.50323254
2014-09-01,2014-10-01,ME3 BM1,5.8786,0,0.49557218,0.51958627,0.5628671,0.48565203,0.48427612,0.49128926,0.48714006,0.49133813,0.49128926
2014-09-01,2014-10-01,ME3 BM2,5.5072,0,0.42815605,0.5053692,0.43973443,0.48968333,0.4814339,0.4937947,0.48045424,0.48622096,0.4937947
2014-09-01,2014-10-01,ME3 BM3,3.8243,0,0.41417298,0.48017988,0.4500984,0.48715934,0.48096207,0.49265194,0.4762114,0.48080564,0.49265194
2014-09-01,2014-10-01,ME3 BM4,4.088,0,0.45979035,0.5116837,0.49330354,0.48869318,0.48891023,0.49311456,0.48435777,0.49346492,0.49311456
2014-09-01,2014-10-01,ME3 BM5,3.9068,0,0.38984042,0.5137873,0.430991,0.4873749,0.48844728,0.49326378,0.47274473,0.4935153,0.49326378
2014-09-01,2014-10-01,ME4 BM1,4.043,0,0.40266383,0.4605688,0.414316,0.48529893,0.48305944,0.49056685,0.47290367,0.4785613,0.49056685
2014-09-01,2014-10-01,ME4 BM2,0.5491,0,0.469544,0.47908634,0.42928243,0.48838007,0.50217545,0.502625,0.4855547,0.49755764,0.502625
2014-09-01,2014-10-01,ME4 BM3,3.3711,0,0.4674038,0.38560647,0.42736468,0.4853272,0.5032631,0.49372953,0.48263872,0.4797318,0.49372953
2014-09-01,2014-10-01,ME4 BM4,3.6884,0,0.4476656,0.52462363,0.42915595,0.49069747,0.50042427,0.5030881,0.4842427,0.50526416,0.5030881
2014-09-01,2014-10-01,ME4 BM5,-0.3144,0,0.40855986,0.49179372,0.44461626,0.48883548,0.49171773,0.49471617,0.47679415,0.49173293,0.49471617
2014-09-01,2014-10-01,BIG LoBM,2.283,0,0.46700162,0.38704857,0.4313617,0.48385575,0.5021541,0.5017717,0.48132765,0.479133,0.5017717
2014-09-01,2014-10-01,ME5 BM2,2.8195,0,0.47554758,0.4123544,0.4286548,0.48582834,0.49796557,0.50133437,0.48428625,0.48084337,0.50133437
2014-09-01,2014-10-01,ME5 BM3,2.0152,0,0.40548822,0.44944334,0.4172732,0.49157944,0.5030864,0.49825415,0.47866577,0.4923578,0.49825415
2014-09-01,2014-10-01,ME5 BM4,0.185,0,0.46685803,0.5111661,0.46932426,0.49043167,0.50174785,0.5026727,0.48689562,0.5036315,0.5026727
2014-09-01,2014-10-01,BIG HiBM,1.5011,0,0.43303758,0.4046126,0.383503,0.4862626,0.5026497,0.5017884,0.47827888,0.4830423,0.5017884
2014-10-01,2014-11-01,SMALL LoBM,0.2015,0,0.5229317,0.5100051,0.5380401,0.4965925,0.47495183,0.507575,0.5005434,0.4819625,0.507575
2014-10-01,2014-11-01,ME1 BM2,0.6734,0,0.578377,0.5484984,0.60150975,0.5000582,0.4734032,0.5092174,0.511806,0.48842221,0.5092174
2014-10-01,2014-11-01,ME1 BM3,-1.827,0,0.50581795,0.44798046,0.4424319,0.49459448,0.47790834,0.51122016,0.49627802,0.47192279,0.51122016
2014-10-01,2014-11-01,ME1 BM4,-1.2612,0,0.4587115,0.46113458,0.46798298,0.49547642,0.5000885,0.51761913,0.4899617,0.49229774,0.51761913
2014-10-01,2014-11-01,SMALL HiBM,-2.6107,0,0.46503714,0.49339262,0.4632311,0.49639398,0.48337922,0.5124307,0.4916905,0.4853819,0.5124307
2014-10-01,2014-11-01,ME2 BM1,1.6146,0,0.5128174,0.53065467,0.5529569,0.49700704,0.47548535,0.50915927,0.49937862,0.48651922,0.50915927
2014-10-01,2014-11-01,ME2 BM2,-0.331,0,0.49577776,0.4331738,0.46288013,0.49727756,0.48290074,0.5057425,0.49705258,0.47295535,0.5057425
2014-10-01,2014-11-01,ME2 BM3,-0.477,0,0.44560573,0.55980617,0.48962197,0.49764347,0.47648683,0.5122622,0.48983783,0.4931507,0.5122622
2014-10-01,2014-11-01,ME2 BM4,-0.9908,0,0.45870882,0.4770808,0.46090832,0.49611238,0.4696724,0.50895905,0.49050185,0.4711541,0.50895905
2014-10-01,2014-11-01,ME2 BM5,-0.9115,0,0.5054296,0.4929417,0.50784403,0.49419078,0.47656327,0.50929666,0.49587664,0.47983897,0.50929666
2014-10-01,2014-11-01,ME3 BM1,2.7658,0,0.5238458,0.43119863,0.5123729,0.49615213,0.48079568,0.50148857,0.5003062,0.47087628,0.50148857
2014-10-01,2014-11-01,ME3 BM2,2.7462,0,0.4194861,0.43850052,0.3805821,0.49460623,0.47135544,0.50917494,0.48333824,0.46478444,0.50917494
2014-10-01,2014-11-01,ME3 BM3,-0.3833,0,0.4737261,0.56434286,0.50232553,0.4939953,0.48103812,0.51125705,0.49095494,0.49769908,0.51125705
2014-10-01,2014-11-01,ME3 BM4,0.1903,0,0.49757767,0.4461353,0.4659467,0.49426803,0.4766307,0.5046166,0.4947645,0.47053164,0.5046166
2014-10-01,2014-11-01,ME3 BM5,0.0401,0,0.4645943,0.4308869,0.41508195,0.49267766,0.49111265,0.50933135,0.4884652,0.4790675,0.50933135
2014-10-01,2014-11-01,ME4 BM1,3.3009,1,0.5256544,0.52716726,0.5190437,0.49714425,0.47294214,0.5072485,0.5014208,0.48378718,0.5072485
2014-10-01,2014-11-01,ME4 BM2,2.902,0,0.4763649,0.5773598,0.5310142,0.4963445,0.4875618,0.512598,0.4933476,0.5055214,0.512598
2014-10-01,2014-11-01,ME4 BM3,3.5197,1,0.4638783,0.24834684,0.2774475,0.4956201,0.47379857,0.5066856,0.49085885,0.42870823,0.5066856
2014-10-01,2014-11-01,ME4 BM4,0.7125,0,0.46171978,0.51674694,0.48542786,0.4959806,0.50674343,0.5186086,0.49084148,0.5087441,0.5186086
2014-10-01,2014-11-01,ME4 BM5,-1.8721,0,0.46040192,0.48391822,0.47309718,0.49439934,0.49209931,0.5107541,0.48929974,0.4904631,0.5107541
2014-10-01,2014-11-01,BIG LoBM,3.5515,1,0.57375044,0.5488529,0.5948514,0.49767205,0.520751,0.51681423,0.5090838,0.52637136,0.51681423
2014-10-01,2014-11-01,ME5 BM2,3.7097,1,0.52034354,0.5732976,0.6129236,0.49902377,0.5121687,0.51923215,0.50222176,0.5243945,0.51923215
2014-10-01,2014-11-01,ME5 BM3,3.3115,1,0.3984743,0.40644163,0.4128253,0.49751908,0.5069819,0.5127547,0.48266238,0.48687387,0.5127547
2014-10-01,2014-11-01,ME5 BM4,-0.0309,0,0.42335233,0.5196807,0.4178021,0.49776265,0.50499165,0.5191345,0.4866011,0.50792944,0.5191345
2014-10-01,2014-11-01,BIG HiBM,1.0042,0,0.44517004,0.55752856,0.47909704,0.49986398,0.50336814,0.5113301,0.4916599,0.5142002,0.5113301
2014-11-01,2014-12-01,SMALL LoBM,6.0012,1,0.4278732,0.5077101,0.4815809,0.49177697,0.46951154,0.49972212,0.48219144,0.47715127,0.49972212
2014-11-01,2014-12-01,ME1 BM2,7.0639,1,0.48702952,0.53722477,0.5298392,0.48941994,0.47639397,0.49800667,0.4890614,0.48856014,0.49800667
2014-11-01,2014-12-01,ME1 BM3,5.4269,1,0.4244381,0.32834864,0.3863024,0.48943081,0.5034741,0.51230645,0.4796819,0.46844906,0.51230645
2014-11-01,2014-12-01,ME1 BM4,4.3534,1,0.44347906,0.4725761,0.4775854,0.49021295,0.4813042,0.5013719,0.48320287,0.4795586,0.5013719
2014-11-01,2014-12-01,SMALL HiBM,3.8594,1,0.41350818,0.44804737,0.42823416,0.4903058,0.47364092,0.4963467,0.47878617,0.46852222,0.4963467
2014-11-01,2014-12-01,ME2 BM1,0.9829,0,0.45891216,0.4874427,0.49539518,0.48872858,0.48319903,0.5021238,0.48425615,0.48404777,0.5021238
2014-11-01,2014-12-01,ME2 BM2,2.9053,0,0.41680792,0.40058893,0.38981438,0.48836198,0.4914772,0.49966094,0.4776289,0.47329956,0.49966094
2014-11-01,2014-12-01,ME2 BM3,2.7994,0,0.41458154,0.5049674,0.48711374,0.48899928,0.47935408,0.49532184,0.4778366,0.48447675,0.49532184
2014-11-01,2014-12-01,ME2 BM4,2.7155,0,0.46247935,0.40165386,0.45095858,0.4895431,0.4903245,0.49599525,0.48548356,0.4725904,0.49599525
2014-11-01,2014-12-01,ME2 BM5,2.9699,0,0.4637235,0.4812718,0.47151184,0.49167284,0.46743023,0.49335897,0.48748046,0.47019857,0.49335897
2014-11-01,2014-12-01,ME3 BM1,1.7988,0,0.48329756,0.39084858,0.4503265,0.48696205,0.48899445,0.4931568,0.48641238,0.4693653,0.4931568
2014-11-01,2014-12-01,ME3 BM2,0.84,0,0.4620676,0.443024,0.45929843,0.48954684,0.47980177,0.49255434,0.48542494,0.47244623,0.49255434
2014-11-01,2014-12-01,ME3 BM3,0.5259,0,0.40541205,0.49415085,0.42709583,0.4890361,0.47260892,0.49204537,0.47649252,0.4769173,0.49204537
2014-11-01,2014-12-01,ME3 BM4,1.593,0,0.4366215,0.4744288,0.45921043,0.48980254,0.47339687,0.48977157,0.48182538,0.47360328,0.48977157
2014-11-01,2014-12-01,ME3 BM5,0.3583,0,0.40728986,0.41332304,0.4100869,0.49053204,0.4724326,0.48778513,0.47804573,0.46061072,0.48778513
2014-11-01,2014-12-01,ME4 BM1,0.5099,0,0.41721633,0.50057334,0.470704,0.48785353,0.47898862,0.48994258,0.47725797,0.48330557,0.48994258
2014-11-01,2014-12-01,ME4 BM2,-0.2291,0,0.4171584,0.49555036,0.4633989,0.49016663,0.512617,0.50605166,0.4792154,0.5092037,0.50605166
2014-11-01,2014-12-01,ME4 BM3,0.406,0,0.44831243,0.3182608,0.39202577,0.4880517,0.4781801,0.48565567,0.48209083,0.44619626,0.48565567
2014-11-01,2014-12-01,ME4 BM4,0.8361,0,0.4555845,0.482106,0.45099795,0.48928118,0.5039741,0.49927303,0.4842267,0.49960047,0.49927303
2014-11-01,2014-12-01,ME4 BM5,0.7172,0,0.46852064,0.54289955,0.4954867,0.49459037,0.5231824,0.508811,0.49067995,0.52712584,0.508811
2014-11-01,2014-12-01,BIG LoBM,-1.2368,0,0.42379382,0.4817473,0.440245,0.48852906,0.49195468,0.49431235,0.47881877,0.48991323,0.49431235
2014-11-01,2014-12-01,ME5 BM2,-1.4056,0,0.41348222,0.56539744,0.40121877,0.49009016,0.4946602,0.5044944,0.47859898,0.50880766,0.5044944
2014-11-01,2014-12-01,ME5 BM3,-0.1989,0,0.45267898,0.48721135,0.46021917,0.48856616,0.5016253,0.49581054,0.4831831,0.49874252,0.49581054
2014-11-01,2014-12-01,ME5 BM4,1.0104,0,0.46315783,0.46165118,0.44759002,0.49179423,0.5182513,0.50750864,0.4874988,0.5069313,0.50750864
2014-11-01,2014-12-01,BIG HiBM,2.1234,0,0.44830817,0.60146683,0.4709626,0.49444827,0.50017726,0.5038372,0.48752728,0.52043515,0.5038372
2014-12-01,2015-01-01,SMALL LoBM,-3.5068,0,0.40819246,0.49770388,0.45245618,0.503793,0.46201313,0.496931,0.48945293,0.4691513,0.496931
2014-12-01,2015-01-01,ME1 BM2,-6.5388,0,0.4870303,0.43209505,0.43351737,0.5051389,0.46823767,0.50194055,0.5024226,0.46100914,0.50194055
2014-12-01,2015-01-01,ME1 BM3,-4.9784,0,0.43990272,0.41897762,0.45360437,0.5063478,0.4649043,0.5051927,0.49638104,0.45571896,0.5051927
2014-12-01,2015-01-01,ME1 BM4,-5.091,0,0.47376317,0.5798671,0.5397646,0.5072999,0.47170904,0.5050076,0.5022694,0.49334067,0.5050076
2014-12-01,2015-01-01,SMALL HiBM,-5.0432,0,0.5005501,0.4264681,0.46936858,0.50720286,0.47219878,0.5072142,0.50620496,0.46305266,0.5072142
2014-12-01,2015-01-01,ME2 BM1,-1.2307,1,0.4124025,0.47405264,0.4879537,0.50356025,0.46602866,0.5000127,0.4898866,0.4676335,0.5000127
2014-12-01,2015-01-01,ME2 BM2,-4.909,0,0.4380163,0.42167276,0.45596,0.5048491,0.49124005,0.5009688,0.49482417,0.4773266,0.5009688
2014-12-01,2015-01-01,ME2 BM3,-4.3431,0,0.47980526,0.49235347,0.47865856,0.506312,0.5152687,0.50890225,0.502336,0.5106857,0.50890225
2014-12-01,2015-01-01,ME2 BM4,-4.446,0,0.4813445,0.43251234,0.49148116,0.5067677,0.49013168,0.5051385,0.50295424,0.4786078,0.5051385
2014-12-01,2015-01-01,ME2 BM5,-7.0946,0,0.44963166,0.49695322,0.47685826,0.5068621,0.50569284,0.5077132,0.49827754,0.50394493,0.5077132
2014-12-01,2015-01-01,ME3 BM1,-0.5831,1,0.47766122,0.4749924,0.49393532,0.50111026,0.49979615,0.5028033,0.49759293,0.4948354,0.5028033
2014-12-01,2015-01-01,ME3 BM2,-1.509,0,0.43212605,0.42748502,0.48570055,0.5037488,0.48918384,0.49776852,0.4930054,0.47684407,0.49776852
2014-12-01,2015-01-01,ME3 BM3,-3.8467,0,0.4267864,0.4575474,0.43406412,0.504462,0.5100347,0.50969744,0.49281067,0.49953723,0.50969744
2014-12-01,2015-01-01,ME3 BM4,-4.6629,0,0.47774762,0.5031204,0.501902,0.5060581,0.512555,0.50768435,0.50181156,0.5106681,0.50768435
2014-12-01,2015-01-01,ME3 BM5,-5.2849,0,0.46245733,0.5340058,0.54339415,0.5062551,0.4730238,0.50382626,0.49968544,0.4852202,0.50382626
2014-12-01,2015-01-01,ME4 BM1,-1.179,1,0.4216336,0.48812196,0.4516866,0.50165844,0.5050355,0.50351727,0.48965472,0.50165284,0.50351727
2014-12-01,2015-01-01,ME4 BM2,-2.3421,0,0.4883706,0.52284926,0.5182575,0.50286996,0.50182974,0.5057719,0.50069505,0.50603366,0.5057719
2014-12-01,2015-01-01,ME4 BM3,-1.0922,1,0.4345675,0.32401112,0.36370352,0.5018086,0.47891954,0.49170804,0.49172243,0.44793788,0.49170804
2014-12-01,2015-01-01,ME4 BM4,-1.5434,0,0.46661305,0.5422894,0.49255583,0.5057278,0.5090017,0.5100175,0.49986064,0.5156592,0.5100175
2014-12-01,2015-01-01,ME4 BM5,-3.7405,0,0.47689176,0.4939439,0.46697125,0.50670266,0.51864666,0.5141921,0.502231,0.5137061,0.5141921
2014-12-01,2015-01-01,BIG LoBM,-0.8353,1,0.42548946,0.4729508,0.43886068,0.50057924,0.4875808,0.49650693,0.4893158,0.4846548,0.49650693
2014-12-01,2015-01-01,ME5 BM2,-2.6449,0,0.4749874,0.5177501,0.44345024,0.5015426,0.49242306,0.5052028,0.49755937,0.49748847,0.5052028
2014-12-01,2015-01-01,ME5 BM3,-4.1877,0,0.48716787,0.48171434,0.37064153,0.50288236,0.49143568,0.49897924,0.50052524,0.4894914,0.49897924
2014-12-01,2015-01-01,ME5 BM4,-4.099,0,0.46307904,0.47643402,0.4446843,0.5065067,0.49928516,0.50615036,0.49999255,0.49471495,0.50615036
2014-12-01,2015-01-01,BIG HiBM,-7.57,0,0.46273944,0.40346283,0.47019333,0.5048721,0.49996898,0.5042413,0.4985522,0.48066774,0.5042413
2015-01-01,2015-02-01,SMALL LoBM,4.1648,0,0.4447805,0.4460006,0.43241915,0.48635203,0.46963316,0.4980131,0.4801163,0.46490663,0.4980131
2015-01-01,2015-02-01,ME1 BM2,6.7002,0,0.5040918,0.50922817,0.52090657,0.491339,0.48415697,0.4949249,0.49325192,0.4891712,0.4949249
2015-01-01,2015-02-01,ME1 BM3,6.4212,0,0.43726048,0.43769032,0.43070692,0.4891058,0.47198394,0.49766093,0.481329,0.46512523,0.49766093
2015-01-01,2015-02-01,ME1 BM4,5.1146,0,0.4389096,0.49677688,0.43466714,0.4886123,0.5005524,0.5027369,0.4811569,0.4997973,0.5027369
2015-01-01,2015-02-01,SMALL HiBM,5.9324,0,0.40605196,0.38554323,0.37031233,0.48773682,0.4714849,0.49543473,0.47548413,0.4542966,0.49543473
2015-01-01,2015-02-01,ME2 BM1,7.4649,0,0.4357417,0.43899685,0.48705336,0.48593977,0.5018501,0.50014275,0.47841007,0.48927948,0.50014275
2015-01-01,2015-02-01,ME2 BM2,8.9569,1,0.44169202,0.43467236,0.45337147,0.4859239,0.4865116,0.49412715,0.4792891,0.47614375,0.49412715
2015-01-01,2015-02-01,ME2 BM3,6.4773,0,0.48657876,0.46046698,0.46177143,0.48936796,0.4993419,0.50666666,0.4889496,0.49156693,0.50666666
2015-01-01,2015-02-01,ME2 BM4,5.4782,0,0.43566883,0.37486872,0.35137832,0.48836896,0.47818765,0.49672264,0.48046395,0.45752388,0.49672264
2015-01-01,2015-02-01,ME2 BM5,4.9398,0,0.43528554,0.42839456,0.37899706,0.49177706,0.48311546,0.50128627,0.48330334,0.47217128,0.50128627
2015-01-01,2015-02-01,ME3 BM1,7.3006,0,0.45520097,0.47607905,0.49009997,0.48433086,0.4726644,0.4903538,0.4799614,0.4733473,0.4903538
2015-01-01,2015-02-01,ME3 BM2,7.9359,1,0.39434057,0.5060804,0.46492293,0.48850155,0.469687,0.49976173,0.47437742,0.4769657,0.49976173
2015-01-01,2015-02-01,ME3 BM3,8.6395,1,0.48388192,0.55241513,0.4815305,0.4878781,0.47244793,0.4982101,0.4872787,0.48844138,0.4982101
2015-01-01,2015-02-01,ME3 BM4,6.0563,0,0.46056342,0.4249393,0.4856843,0.487926,0.47929403,0.4922293,0.48382163,0.46842307,0.4922293
2015-01-01,2015-02-01,ME3 BM5,5.7,0,0.45938838,0.3820608,0.38586047,0.48850995,0.46927357,0.49911848,0.4841417,0.45183104,0.49911848
2015-01-01,2015-02-01,ME4 BM1,7.6343,1,0.44754195,0.4328245,0.43689537,0.48729262,0.4590414,0.5030785,0.48133004,0.45379803,0.5030785
2015-01-01,2015-02-01,ME4 BM2,6.929,0,0.45027992,0.35999927,0.38213643,0.48827222,0.4642203,0.50121677,0.4825734,0.4433761,0.50121677
2015-01-01,2015-02-01,ME4 BM3,8.0318,1,0.40034947,0.41935968,0.38863122,0.48711428,0.46269113,0.49808076,0.47409958,0.45402485,0.49808076
2015-01-01,2015-02-01,ME4 BM4,5.5284,0,0.4421035,0.42447388,0.4243663,0.49039528,0.46773154,0.49915704,0.48315153,0.45908,0.49915704
2015-01-01,2015-02-01,ME4 BM5,7.3378,0,0.4453599,0.43264878,0.4588711,0.49013665,0.4672892,0.5008321,0.48342016,0.46036112,0.5008321
2015-01-01,2015-02-01,BIG LoBM,5.9661,0,0.48811638,0.34161195,0.43758795,0.4858048,0.4526315,0.5038773,0.48615155,0.4304276,0.5038773
2015-01-01,2015-02-01,ME5 BM2,6.0165,0,0.44712278,0.3816694,0.4100954,0.4876133,0.46609086,0.5012119,0.48153973,0.44920656,0.5012119
2015-01-01,2015-02-01,ME5 BM3,6.6734,0,0.4775337,0.5453338,0.53361803,0.48780614,0.51758134,0.50949895,0.4862653,0.52313185,0.50949895
2015-01-01,2015-02-01,ME5 BM4,4.0288,0,0.46706605,0.376185,0.31870744,0.49082753,0.4665044,0.49998155,0.48726332,0.44844052,0.49998155
2015-01-01,2015-02-01,BIG HiBM,5.8128,0,0.426342,0.41508615,0.38424605,0.48975393,0.5025039,0.5025209,0.48024216,0.48502034,0.5025209
2015-02-01,2015-03-01,SMALL LoBM,-0.8501,0,0.39387083,0.37954298,0.28998232,0.49954155,0.46810386,0.51123464,0.48369095,0.45039168,0.51123464
2015-02-01,2015-03-01,ME1 BM2,2.989,1,0.5533442,0.5250592,0.55878747,0.4988508,0.49179184,0.50676763,0.5070248,0.49844533,0.50676763
2015-02-01,2015-03-01,ME1 BM3,1.7009,0,0.43471587,0.5263819,0.44877878,0.5004605,0.47503382,0.5083561,0.49059883,0.48530343,0.5083561
2015-02-01,2015-03-01,ME1 BM4,1.8305,1,0.42054787,0.55888116,0.48192537,0.49984327,0.4763488,0.5073941,0.48794898,0.49285528,0.5073941
2015-02-01,2015-03-01,SMALL HiBM,1.2099,0,0.42768854,0.5169499,0.44198748,0.5004295,0.47917047,0.5091456,0.48951837,0.48672637,0.5091456
2015-02-01,2015-03-01,ME2 BM1,3.186,1,0.44963452,0.4869226,0.48122996,0.5010669,0.47303876,0.5038477,0.4933521,0.47581553,0.5038477
2015-02-01,2015-03-01,ME2 BM2,2.5136,1,0.4742092,0.55048037,0.47302318,0.5016857,0.50583196,0.5127018,0.49756423,0.5147616,0.5127018
2015-02-01,2015-03-01,ME2 BM3,0.9025,0,0.40953657,0.539138,0.47319874,0.49961737,0.5101219,0.5140251,0.48610526,0.5159251,0.5140251
2015-02-01,2015-03-01,ME2 BM4,2.7807,1,0.406092,0.4649236,0.40649468,0.50055265,0.4621065,0.50449795,0.48638356,0.4626699,0.50449795
2015-02-01,2015-03-01,ME2 BM5,1.3385,0,0.4913074,0.44922316,0.43544024,0.5001497,0.47317532,0.50816464,0.49882337,0.4683849,0.50816464
2015-02-01,2015-03-01,ME3 BM1,0.5411,0,0.43720606,0.46235853,0.4223719,0.49894017,0.4866818,0.5009399,0.48968005,0.48181716,0.5009399
2015-02-01,2015-03-01,ME3 BM2,1.1372,0,0.42298368,0.4168436,0.43330634,0.50207585,0.4647635,0.50625086,0.49021205,0.4551795,0.50625086
2015-02-01,2015-03-01,ME3 BM3,1.6435,0,0.44474125,0.47169623,0.43603003,0.49938327,0.46146682,0.5037769,0.49118698,0.46351272,0.5037769
2015-02-01,2015-03-01,ME3 BM4,1.1549,0,0.39394093,0.52181166,0.4308616,0.4984663,0.46878856,0.50205064,0.48278752,0.47939318,0.50205064
2015-02-01,2015-03-01,ME3 BM5,1.0122,0,0.4403496,0.52393705,0.4868116,0.501246,0.50177634,0.51620877,0.49211153,0.5062085,0.51620877
2015-02-01,2015-03-01,ME4 BM1,1.0077,0,0.45461625,0.38804895,0.39650097,0.50008166,0.46043068,0.50730944,0.49326187,0.44595432,0.50730944
2015-02-01,2015-03-01,ME4 BM2,0.5538,0,0.4130296,0.48542678,0.42401004,0.49969807,0.5105062,0.51866263,0.48669782,0.5054903,0.51866263
2015-02-01,2015-03-01,ME4 BM3,1.2875,0,0.43097457,0.42229232,0.37170136,0.5017075,0.46439162,0.50525236,0.49109757,0.45597178,0.50525236
2015-02-01,2015-03-01,ME4 BM4,-0.5572,0,0.38822126,0.3384366,0.3173364,0.50154555,0.46840587,0.50366807,0.48454693,0.44241205,0.50366807
2015-02-01,2015-03-01,ME4 BM5,-0.4773,0,0.45763505,0.57827145,0.5253882,0.500507,0.50367105,0.51866484,0.49407622,0.51859117,0.51866484
2015-02-01,2015-03-01,BIG LoBM,-1.0453,0,0.5211671,0.55511475,0.53362715,0.50063384,0.51203716,0.51715946,0.50371385,0.52065265,0.51715946
2015-02-01,2015-03-01,ME5 BM2,-2.0999,0,0.4042567,0.39774767,0.3470778,0.5008862,0.47343898,0.5071033,0.4863918,0.4583007,0.5071033
2015-02-01,2015-03-01,ME5 BM3,-2.2961,0,0.4064089,0.48193407,0.3891137,0.50317395,0.48283643,0.51726484,0.4886592,0.48265597,0.51726484
2015-02-01,2015-03-01,ME5 BM4,-1.7547,0,0.44303337,0.5137872,0.42136142,0.5020827,0.49569184,0.51942396,0.4932253,0.49931094,0.51942396
2015-02-01,2015-03-01,BIG HiBM,-1.6099,0,0.56542814,0.34130105,0.41890952,0.49878737,0.49106175,0.5103976,0.50878346,0.46110964,0.5103976
2015-03-01,2015-04-01,SMALL LoBM,-3.9431,0,0.43498206,0.42725846,0.39384535,0.48988822,0.48383048,0.506009,0.48165232,0.4725161,0.506009
2015-03-01,2015-04-01,ME1 BM2,-2.7356,0,0.5251113,0.51382864,0.51903105,0.49183205,0.48208752,0.496936,0.49682397,0.48843578,0.496936
2015-03-01,2015-04-01,ME1 BM3,-2.7999,0,0.4300586,0.4191364,0.4369563,0.49164847,0.47388288,0.5039657,0.48241,0.4629336,0.5039657
2015-03-01,2015-04-01,ME1 BM4,-2.0565,0,0.42687201,0.47846696,0.43953946,0.49163935,0.48117313,0.49894446,0.48192427,0.4806319,0.49894446
2015-03-01,2015-04-01,SMALL HiBM,-0.5592,0,0.44865963,0.4572182,0.4395244,0.4917704,0.4747061,0.50443375,0.4853038,0.4712085,0.50443375
2015-03-01,2015-04-01,ME2 BM1,-3.9124,0,0.39409092,0.44859198,0.45706677,0.4916901,0.47853065,0.4992073,0.47705024,0.4725429,0.4992073
2015-03-01,2015-04-01,ME2 BM2,-2.4785,0,0.46339428,0.49529853,0.5051657,0.49213827,0.48734003,0.5075986,0.48782668,0.48893175,0.5075986
2015-03-01,2015-04-01,ME2 BM3,-2.7793,0,0.4461492,0.5287337,0.47879395,0.4913864,0.4805229,0.50161844,0.48460084,0.49016508,0.50161844
2015-03-01,2015-04-01,ME2 BM4,0.0211,0,0.45670518,0.39575067,0.41416922,0.4922955,0.48610583,0.5036179,0.48695695,0.4680348,0.5036179
2015-03-01,2015-04-01,ME2 BM5,-0.8274,0,0.5874326,0.5052093,0.5624225,0.4929715,0.46840107,0.49947733,0.5071407,0.47576272,0.49947733
2015-03-01,2015-04-01,ME3 BM1,-3.1006,0,0.41561183,0.48532736,0.45885262,0.4903957,0.4811331,0.4987951,0.47917813,0.48197198,0.4987951
2015-03-01,2015-04-01,ME3 BM2,-1.3492,0,0.48359433,0.5847341,0.58252174,0.4917806,0.49170244,0.50644433,0.4905527,0.51030874,0.50644433
2015-03-01,2015-04-01,ME3 BM3,-0.9917,0,0.44325754,0.5942512,0.5048578,0.49187076,0.49006924,0.508428,0.4845788,0.5109056,0.508428
2015-03-01,2015-04-01,ME3 BM4,-1.011,0,0.47875613,0.43095726,0.45156193,0.4917725,0.48649782,0.505504,0.48982006,0.47538972,0.505504
2015-03-01,2015-04-01,ME3 BM5,-0.4171,0,0.47154516,0.5075337,0.5172428,0.49193555,0.474907,0.5025982,0.488877,0.48143235,0.5025982
2015-03-01,2015-04-01,ME4 BM1,-1.5829,0,0.47953779,0.5378038,0.5225716,0.48964044,0.5003885,0.5083684,0.48812506,0.50787157,0.5083684
2015-03-01,2015-04-01,ME4 BM2,-0.1486,0,0.40066594,0.34487462,0.4349521,0.4910104,0.48609403,0.5113989,0.47745875,0.45785016,0.5113989
2015-03-01,2015-04-01,ME4 BM3,-1.1854,0,0.40084314,0.5606646,0.48688093,0.49077287,0.5138548,0.5070561,0.47728345,0.5232168,0.5070561
2015-03-01,2015-04-01,ME4 BM4,-1.6378,0,0.50960827,0.27880853,0.39930737,0.49165496,0.48394695,0.5096751,0.494348,0.44291925,0.5096751
2015-03-01,2015-04-01,ME4 BM5,0.4603,1,0.4866526,0.55477005,0.5408542,0.49353385,0.48598382,0.5094863,0.49250168,0.49974108,0.5094863
2015-03-01,2015-04-01,BIG LoBM,0.2214,0,0.52637964,0.58537626,0.5057902,0.48841983,0.5093652,0.501228,0.4941138,0.5245674,0.501228
2015-03-01,2015-04-01,ME5 BM2,1.1071,1,0.37830222,0.2424192,0.26985502,0.49042362,0.47941408,0.51497597,0.4736054,0.43201512,0.51497597
2015-03-01,2015-04-01,ME5 BM3,1.4294,1,0.45073202,0.23500198,0.3060647,0.49154735,0.4986444,0.51878536,0.48542508,0.44591594,0.51878536
2015-03-01,2015-04-01,ME5 BM4,2.8452,1,0.5725974,0.40518185,0.40107918,0.4945175,0.48019946,0.5017336,0.5062295,0.46519595,0.5017336
2015-03-01,2015-04-01,BIG HiBM,1.7763,1,0.5579784,0.4311056,0.48630524,0.4924324,0.49124858,0.50427806,0.5022643,0.47922,0.50427806
2015-04-01,2015-05-01,SMALL LoBM,3.6122,1,0.5526643,0.44795483,0.45239332,0.49151853,0.46917027,0.4972942,0.5006904,0.4649272,0.4972942
2015-04-01,2015-05-01,ME1 BM2,4.7494,1,0.5811184,0.48511285,0.50510544,0.4948679,0.46888435,0.48928913,0.50780547,0.47213006,0.48928913
2015-04-01,2015-05-01,ME1 BM3,0.4012,0,0.4845552,0.45294967,0.40464684,0.4909372,0.4897239,0.5036776,0.48997992,0.48236907,0.5036776
2015-04-01,2015-05-01,ME1 BM4,-0.1646,0,0.41662666,0.5122769,0.40518764,0.49084988,0.50247455,0.50546896,0.47971642,0.50443506,0.50546896
2015-04-01,2015-05-01,SMALL HiBM,0.4206,0,0.41060784,0.48109096,0.37386873,0.48980787,0.47058758,0.4941976,0.4779279,0.47268826,0.4941976
2015-04-01,2015-05-01,ME2 BM1,2.8908,0,0.5130903,0.5033469,0.45566705,0.49238098,0.4717993,0.49326533,0.4954874,0.47810885,0.49326533
2015-04-01,2015-05-01,ME2 BM2,4.7682,1,0.35307646,0.4663894,0.35648257,0.48963484,0.50078183,0.50317615,0.4691511,0.49390334,0.50317615
2015-04-01,2015-05-01,ME2 BM3,2.9322,1,0.45085615,0.47289598,0.37486818,0.48776197,0.50700974,0.5069078,0.48222613,0.500187,0.5069078
2015-04-01,2015-05-01,ME2 BM4,1.2534,0,0.44020665,0.52879614,0.42060986,0.49225402,0.5009811,0.50384,0.48444694,0.5065441,0.50384
2015-04-01,2015-05-01,ME2 BM5,-0.0165,0,0.483851,0.4699426,0.4576028,0.4929034,0.4926581,0.50349605,0.49154556,0.488115,0.50349605
2015-04-01,2015-05-01,ME3 BM1,4.4006,1,0.46820813,0.50029844,0.41965753,0.48706326,0.48037413,0.5022134,0.48423502,0.484359,0.5022134
2015-04-01,2015-05-01,ME3 BM2,2.2313,0,0.42090228,0.52453804,0.37239286,0.4902121,0.51021194,0.5068939,0.47981566,0.5130772,0.5068939
2015-04-01,2015-05-01,ME3 BM3,2.887,0,0.4393497,0.51835185,0.44237432,0.48590618,0.5050231,0.505458,0.47892272,0.5076889,0.505458
2015-04-01,2015-05-01,ME3 BM4,2.0129,0,0.45981896,0.29441607,0.25045797,0.4907352,0.472488,0.49025482,0.48609778,0.4368736,0.49025482
2015-04-01,2015-05-01,ME3 BM5,0.6682,0,0.43719587,0.44027728,0.3890631,0.48941082,0.5000402,0.5064542,0.4815786,0.4880876,0.5064542
2015-04-01,2015-05-01,ME4 BM1,2.1767,0,0.519384,0.5669491,0.486437,0.4866283,0.51352227,0.5084089,0.49154168,0.52420765,0.5084089
2015-04-01,2015-05-01,ME4 BM2,1.4021,0,0.4003576,0.47823536,0.40153745,0.48915964,0.5121481,0.50827,0.47583935,0.50536555,0.50827
2015-04-01,2015-05-01,ME4 BM3,2.6144,0,0.4237444,0.48980042,0.4529447,0.48794895,0.51433736,0.507054,0.47831827,0.50943,0.507054
2015-04-01,2015-05-01,ME4 BM4,1.4924,0,0.44628945,0.43554354,0.3939035,0.49076724,0.52155596,0.50947076,0.48409557,0.50435346,0.50947076
2015-04-01,2015-05-01,ME4 BM5,-0.063,0,0.46303946,0.47010806,0.43612283,0.48816055,0.47204512,0.5002372,0.4843924,0.47165772,0.5002372
2015-04-01,2015-05-01,BIG LoBM,1.5755,0,0.49331903,0.4340979,0.4860222,0.4903373,0.5107722,0.50316906,0.4907846,0.49543738,0.50316906
2015-04-01,2015-05-01,ME5 BM2,0.6504,0,0.47996414,0.2631,0.31484246,0.48950478,0.4814408,0.5001099,0.4880737,0.43777266,0.5001099
2015-04-01,2015-05-01,ME5 BM3,1.2418,0,0.44429836,0.31816748,0.33579782,0.4926571,0.4911349,0.4923918,0.4854033,0.45654145,0.4923918
2015-04-01,2015-05-01,ME5 BM4,0.5754,0,0.46484727,0.5392912,0.43321434,0.49631253,0.5146168,0.50943255,0.49159276,0.51955163,0.50943255
2015-04-01,2015-05-01,BIG HiBM,1.6744,0,0.38045487,0.47770908,0.4061725,0.48716235,0.4744649,0.502175,0.47115624,0.47511375,0.502175
2015-05-01,2015-06-01,SMALL LoBM,4.7587,1,0.515486,0.50905514,0.51850647,0.503795,0.47236326,0.5016093,0.5055487,0.47970164,0.5016093
2015-05-01,2015-06-01,ME1 BM2,2.1082,1,0.55705255,0.47874445,0.57162297,0.50539935,0.4713586,0.5011548,0.51314735,0.47283578,0.5011548
2015-05-01,2015-06-01,ME1 BM3,2.3638,1,0.4103545,0.5338928,0.41875938,0.50511855,0.50565815,0.50592613,0.49090397,0.5113051,0.50592613
2015-05-01,2015-06-01,ME1 BM4,2.2,1,0.44816723,0.5448063,0.47454232,0.50466603,0.517414,0.50678337,0.49619123,0.5228925,0.50678337
2015-05-01,2015-06-01,SMALL HiBM,1.8549,1,0.44246748,0.52552557,0.45123586,0.5023419,0.50925595,0.5059844,0.4933608,0.5125099,0.5059844
2015-05-01,2015-06-01,ME2 BM1,1.2554,0,0.48597574,0.5316864,0.48229882,0.50311255,0.50824845,0.50191295,0.50054204,0.51293606,0.50191295
2015-05-01,2015-06-01,ME2 BM2,1.2444,0,0.49278176,0.46440762,0.43959424,0.50456476,0.51310337,0.50491875,0.50279737,0.5033642,0.50491875
2015-05-01,2015-06-01,ME2 BM3,-0.2584,0,0.46948665,0.5824922,0.46121562,0.50507367,0.5142728,0.50569355,0.49973562,0.52791667,0.50569355
2015-05-01,2015-06-01,ME2 BM4,-0.2746,0,0.4415132,0.49064496,0.4479109,0.50357175,0.48097578,0.502121,0.494263,0.48290962,0.502121
2015-05-01,2015-06-01,ME2 BM5,1.4226,0,0.49832857,0.4594576,0.43214217,0.50431395,0.5073566,0.5047745,0.5034162,0.4977768,0.5047745
2015-05-01,2015-06-01,ME3 BM1,1.2921,0,0.51118064,0.54038507,0.5065549,0.5039942,0.51414156,0.5037671,0.5050722,0.5193903,0.5037671
2015-05-01,2015-06-01,ME3 BM2,0.2174,0,0.42609867,0.49917728,0.42855573,0.504666,0.52127445,0.5065099,0.49288088,0.516855,0.5065099
2015-05-01,2015-06-01,ME3 BM3,-1.154,0,0.45476332,0.48247725,0.43670988,0.49981263,0.5190513,0.50710535,0.49305525,0.5117365,0.50710535
2015-05-01,2015-06-01,ME3 BM4,-1.9694,0,0.39545298,0.28423652,0.20153235,0.5031129,0.46830276,0.4933064,0.48696393,0.43148953,0.4933064
2015-05-01,2015-06-01,ME3 BM5,-0.2246,0,0.3976926,0.449258,0.38129425,0.50103766,0.5105867,0.5061297,0.4855359,0.49832094,0.5061297
2015-05-01,2015-06-01,ME4 BM1,-1.456,0,0.4825806,0.5437667,0.53928846,0.50495166,0.5181093,0.5054022,0.50159603,0.5232408,0.5054022
2015-05-01,2015-06-01,ME4 BM2,-0.2786,0,0.38284987,0.46079126,0.3792766,0.5013555,0.51993775,0.50664663,0.4835797,0.50810844,0.50664663
2015-05-01,2015-06-01,ME4 BM3,-2.1547,0,0.44953573,0.55463153,0.52505136,0.5035178,0.5200971,0.50613856,0.49542052,0.527004,0.50613856
2015-05-01,2015-06-01,ME4 BM4,-2.373,0,0.4752173,0.43982998,0.44763106,0.5036701,0.5196835,0.5070902,0.4994022,0.5037128,0.5070902
2015-05-01,2015-06-01,ME4 BM5,0.1809,0,0.40613782,0.41830215,0.37602484,0.49674743,0.50266194,0.5041702,0.48315603,0.48578998,0.5041702
2015-05-01,2015-06-01,BIG LoBM,-0.4802,0,0.52672416,0.5271691,0.49371198,0.4976126,0.52250284,0.5062413,0.50197935,0.52343607,0.5062413
2015-05-01,2015-06-01,ME5 BM2,-3.3668,0,0.4528585,0.46339807,0.3964733,0.49659288,0.45485526,0.49287385,0.49003273,0.45656383,0.49287385
2015-05-01,2015-06-01,ME5 BM3,-1.6853,0,0.41205704,0.42257112,0.31760186,0.4952907,0.46447223,0.4935301,0.48280567,0.45609203,0.4935301
2015-05-01,2015-06-01,ME5 BM4,-3.4155,0,0.47707826,0.424877,0.39744133,0.49572664,0.4978928,0.5023501,0.4929294,0.48328963,0.5023501
2015-05-01,2015-06-01,BIG HiBM,-0.6416,0,0.38124922,0.5353797,0.4782462,0.4968804,0.5078306,0.5031216,0.47953573,0.5133405,0.5031216
2015-06-01,2015-07-01,SMALL LoBM,-5.3647,0,0.49923182,0.472733,0.47706467,0.4858471,0.47047123,0.49954304,0.4878548,0.4709236,0.49954304
2015-06-01,2015-07-01,ME1 BM2,-1.2835,0,0.58267695,0.52117413,0.5719879,0.49219933,0.47253272,0.49505314,0.505771,0.482261,0.49505314
2015-06-01,2015-07-01,ME1 BM3,-4.7556,0,0.42556173,0.35054207,0.36794966,0.48545235,0.47371703,0.50371116,0.4764688,0.44908205,0.50371116
2015-06-01,2015-07-01,ME1 BM4,-5.5627,0,0.44384485,0.5379711,0.47427082,0.48794186,0.47496057,0.49807373,0.48132735,0.4875627,0.49807373
2015-06-01,2015-07-01,SMALL HiBM,-6.4634,0,0.45985243,0.48046613,0.40665334,0.48621085,0.47365478,0.49448898,0.4822571,0.47501707,0.49448898
2015-06-01,2015-07-01,ME2 BM1,-0.1855,0,0.5251574,0.48546994,0.5539601,0.48940933,0.47193485,0.49995765,0.49477157,0.4746419,0.49995765
2015-06-01,2015-07-01,ME2 BM2,-1.3585,0,0.44458097,0.5057818,0.4963386,0.4851165,0.47515175,0.49588403,0.4790362,0.48127776,0.49588403
2015-06-01,2015-07-01,ME2 BM3,-0.8221,0,0.48225036,0.45289347,0.50345796,0.48580822,0.47471708,0.5009201,0.48527458,0.47035238,0.5009201
2015-06-01,2015-07-01,ME2 BM4,-4.0367,0,0.4540901,0.38154122,0.4563408,0.48756835,0.48150244,0.49096236,0.48254663,0.4615102,0.49096236
2015-06-01,2015-07-01,ME2 BM5,-4.7288,0,0.4260724,0.49997413,0.42790976,0.49088433,0.48013607,0.49641827,0.48116258,0.4841037,0.49641827
2015-06-01,2015-07-01,ME3 BM1,1.8617,1,0.54582185,0.513489,0.55761176,0.4829683,0.48157975,0.4981565,0.49239635,0.4879616,0.4981565
2015-06-01,2015-07-01,ME3 BM2,0.2663,0,0.44612932,0.5040603,0.4994759,0.48657778,0.47657055,0.50301504,0.48051053,0.4820685,0.50301504
2015-06-01,2015-07-01,ME3 BM3,-3.3357,0,0.4267837,0.56480956,0.5308555,0.48142645,0.50159264,0.5064894,0.47323006,0.51423603,0.5064894
2015-06-01,2015-07-01,ME3 BM4,-3.5355,0,0.41348144,0.36948177,0.42720836,0.48693487,0.4828054,0.49116352,0.47591686,0.46014068,0.49116352
2015-06-01,2015-07-01,ME3 BM5,-6.5832,0,0.4364137,0.49745238,0.44066787,0.49002236,0.4814628,0.5047797,0.48198107,0.48466074,0.5047797
2015-06-01,2015-07-01,ME4 BM1,2.4568,1,0.4490482,0.4593534,0.487902,0.48488092,0.48628828,0.50247574,0.47950605,0.4809013,0.50247574
2015-06-01,2015-07-01,ME4 BM2,0.2528,0,0.45134538,0.47618812,0.45937383,0.48593372,0.49072534,0.50383997,0.4807455,0.48781788,0.50383997
2015-06-01,2015-07-01,ME4 BM3,-0.198,0,0.43325505,0.5663072,0.54405737,0.484028,0.48198226,0.50142455,0.4764121,0.49884725,0.50142455
2015-06-01,2015-07-01,ME4 BM4,0.9187,1,0.48378515,0.5051944,0.4866527,0.4851586,0.49102977,0.5032498,0.48495257,0.4938627,0.5032498
2015-06-01,2015-07-01,ME4 BM5,-2.0577,0,0.46350372,0.53491634,0.46828791,0.48741493,0.5014923,0.50938666,0.48382828,0.5081771,0.50938666
2015-06-01,2015-07-01,BIG LoBM,3.1311,1,0.47322088,0.40362766,0.43880504,0.48254207,0.5046755,0.5062871,0.48114392,0.48446596,0.5062871
2015-06-01,2015-07-01,ME5 BM2,3.5654,1,0.48821324,0.4604722,0.45694953,0.48461202,0.45216772,0.49768102,0.4851522,0.45382863,0.49768102
2015-06-01,2015-07-01,ME5 BM3,0.1147,0,0.4137064,0.4782262,0.3930686,0.48305267,0.457038,0.4967069,0.47265077,0.46127564,0.4967069
2015-06-01,2015-07-01,ME5 BM4,0.07,0,0.4685401,0.48589274,0.4388673,0.48759896,0.49369273,0.50831234,0.48474014,0.49213272,0.50831234
2015-06-01,2015-07-01,BIG HiBM,0.5948,0,0.42170295,0.5166208,0.49757454,0.48269308,0.50686365,0.507604,0.4735446,0.5088151,0.507604
2015-07-01,2015-08-01,SMALL LoBM,-8.699,0,0.48894304,0.48621798,0.46707305,0.49115318,0.4732506,0.50264513,0.49082166,0.4758441,0.50264513
2015-07-01,2015-08-01,ME1 BM2,-6.812,0,0.49619317,0.44247326,0.45367998,0.48919886,0.4707782,0.50379246,0.49024802,0.46511722,0.50379246
2015-07-01,2015-08-01,ME1 BM3,-4.807,0,0.4751111,0.44060305,0.42183334,0.48845556,0.4702651,0.5015081,0.4864539,0.4643327,0.5015081
2015-07-01,2015-08-01,ME1 BM4,-3.5715,1,0.40569487,0.44893625,0.3703391,0.48814595,0.48318562,0.4939427,0.47577828,0.47633573,0.4939427
2015-07-01,2015-08-01,SMALL HiBM,-1.1871,1,0.4013818,0.43902522,0.34439626,0.48752496,0.47965676,0.49364406,0.4746035,0.47153044,0.49364406
2015-07-01,2015-08-01,ME2 BM1,-10.0152,0,0.46912742,0.49686986,0.38638926,0.4823109,0.4809001,0.5074135,0.4803334,0.48409405,0.5074135
2015-07-01,2015-08-01,ME2 BM2,-5.4307,0,0.47372335,0.4228002,0.39427236,0.48315424,0.4763417,0.5063154,0.4817396,0.4656334,0.5063154
2015-07-01,2015-08-01,ME2 BM3,-3.5161,1,0.48302415,0.540929,0.45648354,0.48163787,0.48583755,0.5088849,0.48184583,0.49685585,0.5088849
2015-07-01,2015-08-01,ME2 BM4,-4.9397,0,0.4057166,0.3869037,0.40525907,0.4842152,0.48143595,0.50124896,0.47244042,0.4625295,0.50124896
2015-07-01,2015-08-01,ME2 BM5,-4.1872,0,0.47633868,0.3743537,0.43781176,0.4883458,0.48408946,0.49562034,0.48654473,0.46214232,0.49562034
2015-07-01,2015-08-01,ME3 BM1,-8.0939,0,0.45904046,0.46177077,0.4166212,0.4805976,0.49128306,0.5083961,0.47736406,0.4853806,0.5083961
2015-07-01,2015-08-01,ME3 BM2,-5.4838,0,0.45690382,0.5411405,0.46378544,0.48221925,0.49356085,0.50918067,0.47842193,0.5030768,0.50918067
2015-07-01,2015-08-01,ME3 BM3,-3.5791,0,0.4999683,0.48246914,0.4628068,0.48012996,0.4930316,0.50985074,0.48310572,0.4909191,0.50985074
2015-07-01,2015-08-01,ME3 BM4,-5.3645,0,0.52553743,0.48892006,0.43796912,0.48195606,0.4744972,0.5023408,0.48849326,0.47738177,0.5023408
2015-07-01,2015-08-01,ME3 BM5,-2.5317,1,0.44545117,0.5184127,0.3605179,0.48584557,0.47368854,0.5007161,0.47978643,0.48263338,0.5007161
2015-07-01,2015-08-01,ME4 BM1,-7.979,0,0.49123633,0.52227604,0.48804498,0.48025236,0.49549523,0.50827205,0.48189998,0.5008514,0.50827205
2015-07-01,2015-08-01,ME4 BM2,-5.1599,0,0.43810746,0.52663726,0.4013811,0.4844224,0.5037278,0.50930476,0.47747517,0.50830966,0.50930476
2015-07-01,2015-08-01,ME4 BM3,-4.7488,0,0.49568436,0.5150549,0.5048119,0.47984743,0.4922933,0.50806046,0.48222297,0.49684563,0.50806046
2015-07-01,2015-08-01,ME4 BM4,-3.3161,1,0.4749535,0.46915358,0.44408765,0.48029363,0.49766442,0.5085794,0.4794926,0.49196225,0.5085794
2015-07-01,2015-08-01,ME4 BM5,-5.5864,0,0.4369247,0.48819104,0.3829451,0.48603043,0.49219686,0.51201165,0.47866458,0.4913957,0.51201165
2015-07-01,2015-08-01,BIG LoBM,-5.9184,0,0.46570954,0.4549753,0.4294886,0.4825825,0.5187855,0.5132965,0.48005158,0.50602347,0.5132965
2015-07-01,2015-08-01,ME5 BM2,-6.5664,0,0.5415602,0.5113611,0.47811282,0.48433918,0.5091766,0.51270247,0.49292234,0.5096135,0.51270247
2015-07-01,2015-08-01,ME5 BM3,-5.6437,0,0.45646045,0.30353707,0.3074991,0.48502615,0.45636728,0.50397044,0.48074132,0.42580125,0.50397044
2015-07-01,2015-08-01,ME5 BM4,-5.3381,0,0.46950373,0.4646762,0.38378203,0.48415,0.49871013,0.51605695,0.48195308,0.49190333,0.51605695
2015-07-01,2015-08-01,BIG HiBM,-7.6108,0,0.48594162,0.5062692,0.4374825,0.4832146,0.518944,0.51258004,0.48362365,0.5164091,0.51258004
2015-08-01,2015-09-01,SMALL LoBM,-8.6475,0,0.5238711,0.5296868,0.5069026,0.4950482,0.48069316,0.50716233,0.49937165,0.4904919,0.50716233
2015-08-01,2015-09-01,ME1 BM2,-9.2214,0,0.48909366,0.5401256,0.5218104,0.4944712,0.47804284,0.5084365,0.49366456,0.4904594,0.5084365
2015-08-01,2015-09-01,ME1 BM3,-5.8452,0,0.5126428,0.51434964,0.50134355,0.49471393,0.48124263,0.50874674,0.4974033,0.48786405,0.50874674
2015-08-01,2015-09-01,ME1 BM4,-3.9761,0,0.521922,0.4320879,0.4454505,0.49423102,0.46854153,0.50247693,0.49838465,0.4612508,0.50247693
2015-08-01,2015-09-01,SMALL HiBM,-5.6706,0,0.53493065,0.4712431,0.49141666,0.49436912,0.4895745,0.51788914,0.50045335,0.4859082,0.51788914
2015-08-01,2015-09-01,ME2 BM1,-9.5359,0,0.478127,0.51884174,0.48646104,0.49350685,0.48882195,0.50866765,0.49119988,0.49482593,0.50866765
2015-08-01,2015-09-01,ME2 BM2,-5.1069,0,0.35922194,0.60651535,0.40189442,0.49269527,0.51852727,0.51450545,0.47267428,0.5361249,0.51450545
2015-08-01,2015-09-01,ME2 BM3,-5.1944,0,0.44921306,0.5393286,0.47393116,0.49223587,0.49434033,0.50907165,0.48578244,0.503338,0.50907165
2015-08-01,2015-09-01,ME2 BM4,-2.6878,1,0.35239282,0.55116886,0.35950124,0.49400508,0.4607079,0.5039622,0.47276324,0.47880012,0.5039622
2015-08-01,2015-09-01,ME2 BM5,-5.2908,0,0.5305889,0.5782139,0.5386714,0.49375838,0.47157356,0.50227034,0.49928296,0.49290165,0.50227034
2015-08-01,2015-09-01,ME3 BM1,-6.1627,0,0.4515631,0.50535846,0.432263,0.49158946,0.4920629,0.505756,0.4855855,0.494722,0.505756
2015-08-01,2015-09-01,ME3 BM2,-4.2329,0,0.43174827,0.5118214,0.45081806,0.4937349,0.4998749,0.5087423,0.4844369,0.5022642,0.5087423
2015-08-01,2015-09-01,ME3 BM3,-5.1436,0,0.43015698,0.50112826,0.42229745,0.49314865,0.5121825,0.51780766,0.48369992,0.5099716,0.51780766
2015-08-01,2015-09-01,ME3 BM4,-6.0203,0,0.41827062,0.43505344,0.37230575,0.493067,0.46866274,0.5033013,0.48184755,0.46194088,0.5033013
2015-08-01,2015-09-01,ME3 BM5,-5.4693,0,0.48963684,0.4435741,0.44256794,0.49384323,0.48030946,0.51829076,0.49321228,0.47296238,0.51829076
2015-08-01,2015-09-01,ME4 BM1,-5.7578,0,0.46750867,0.5408116,0.44856814,0.49294886,0.48871642,0.5029495,0.48913285,0.49913546,0.5029495
2015-08-01,2015-09-01,ME4 BM2,-3.9871,0,0.44212162,0.42664632,0.34529945,0.49402475,0.47857666,0.5051217,0.48623928,0.4681906,0.5051217
2015-08-01,2015-09-01,ME4 BM3,-4.3814,0,0.48087677,0.4398763,0.41905335,0.49317285,0.49771896,0.5099957,0.49132845,0.48615044,0.5099957
2015-08-01,2015-09-01,ME4 BM4,-2.9676,0,0.43901432,0.47886938,0.42234412,0.49185872,0.49938244,0.5048482,0.48393208,0.49527982,0.5048482
2015-08-01,2015-09-01,ME4 BM5,-4.3026,0,0.354976,0.3023411,0.23729968,0.49353266,0.4782635,0.5056976,0.47274917,0.44307902,0.5056976
2015-08-01,2015-09-01,BIG LoBM,-1.7,1,0.4414621,0.47068352,0.38708276,0.493449,0.4925072,0.5098494,0.48565096,0.48814246,0.5098494
2015-08-01,2015-09-01,ME5 BM2,-2.703,1,0.5061819,0.38119522,0.3935438,0.49365947,0.50245833,0.5079987,0.49553785,0.4782057,0.5079987
2015-08-01,2015-09-01,ME5 BM3,-1.8387,1,0.4561613,0.38363305,0.33326,0.4925389,0.45741892,0.50552046,0.48708227,0.44266176,0.50552046
2015-08-01,2015-09-01,ME5 BM4,-1.8219,1,0.44379437,0.46731415,0.3097331,0.4921241,0.49118194,0.51680326,0.48487467,0.48640838,0.51680326
2015-08-01,2015-09-01,BIG HiBM,-5.6887,0,0.42814723,0.49529544,0.37765908,0.4919301,0.508863,0.51558053,0.4823627,0.5061495,0.51558053
2015-09-01,2015-10-01,SMALL LoBM,6.4383,0,0.511174,0.44574752,0.40739095,0.49343613,0.48060486,0.5080141,0.49609682,0.4736334,0.5080141
2015-09-01,2015-10-01,ME1 BM2,6.5469,0,0.5744968,0.39177126,0.5382854,0.49302638,0.49296993,0.5069188,0.50524694,0.47273022,0.5069188
2015-09-01,2015-10-01,ME1 BM3,5.4488,0,0.4768314,0.42651364,0.43957692,0.49291545,0.4802752,0.5023119,0.49050286,0.46952292,0.5023119
2015-09-01,2015-10-01,ME1 BM4,5.3867,0,0.41892308,0.37940782,0.35115305,0.4921043,0.4804327,0.50096476,0.4811271,0.46022773,0.50096476
2015-09-01,2015-10-01,SMALL HiBM,4.4463,0,0.47670412,0.3744488,0.39180586,0.4936846,0.48647612,0.5048777,0.4911375,0.46407068,0.5048777
2015-09-01,2015-10-01,ME2 BM1,3.0215,0,0.4781151,0.4856451,0.50278753,0.49300393,0.47553492,0.508196,0.4907706,0.47755694,0.508196
2015-09-01,2015-10-01,ME2 BM2,7.0943,0,0.5189381,0.47216105,0.48335913,0.49042788,0.501542,0.50856864,0.49470443,0.4956658,0.50856864
2015-09-01,2015-10-01,ME2 BM3,6.4877,0,0.4197668,0.49766728,0.4464479,0.49103013,0.4671212,0.49984655,0.48034066,0.47323045,0.49984655
2015-09-01,2015-10-01,ME2 BM4,5.3875,0,0.47894606,0.50324166,0.45048654,0.49148494,0.4680307,0.50065005,0.48960412,0.4750729,0.50065005
2015-09-01,2015-10-01,ME2 BM5,5.2016,0,0.5676323,0.41372362,0.50627005,0.49457318,0.4743389,0.5030224,0.505532,0.46221584,0.5030224
2015-09-01,2015-10-01,ME3 BM1,4.1126,0,0.4919438,0.5558064,0.5082272,0.49112868,0.48955157,0.50236225,0.49125096,0.50280255,0.50236225
2015-09-01,2015-10-01,ME3 BM2,6.3451,0,0.47271898,0.4495862,0.39220908,0.492804,0.48926458,0.5121907,0.48979127,0.4813289,0.5121907
2015-09-01,2015-10-01,ME3 BM3,7.4104,0,0.44383353,0.44762227,0.40779883,0.48998103,0.50438726,0.5143899,0.48305893,0.49303427,0.5143899
2015-09-01,2015-10-01,ME3 BM4,4.9525,0,0.49016285,0.57279307,0.51978445,0.49138677,0.49240923,0.5040983,0.4912032,0.50848603,0.5040983
2015-09-01,2015-10-01,ME3 BM5,7.0792,0,0.4244277,0.50171775,0.4499271,0.49384126,0.49153268,0.5073685,0.48342925,0.4935697,0.5073685
2015-09-01,2015-10-01,ME4 BM1,5.8912,0,0.4844238,0.5497731,0.48372746,0.49251547,0.48979515,0.5037473,0.49130175,0.50179076,0.5037473
2015-09-01,2015-10-01,ME4 BM2,7.101,0,0.43828672,0.5043508,0.33596376,0.49399316,0.49157804,0.51419896,0.4856372,0.4941326,0.51419896
2015-09-01,2015-10-01,ME4 BM3,7.451,1,0.43811256,0.49974233,0.4511562,0.49151185,0.49928543,0.51301503,0.48350197,0.4993768,0.51301503
2015-09-01,2015-10-01,ME4 BM4,2.3116,0,0.39379874,0.48185113,0.43038565,0.49152288,0.50117046,0.50625044,0.47686428,0.4973066,0.50625044
2015-09-01,2015-10-01,ME4 BM5,6.3845,0,0.46245638,0.45307493,0.44681874,0.49243286,0.48585382,0.5147293,0.4879364,0.47929806,0.5147293
2015-09-01,2015-10-01,BIG LoBM,8.5501,1,0.4725675,0.47357434,0.45518392,0.49386257,0.49534652,0.5052248,0.49066833,0.4909921,0.5052248
2015-09-01,2015-10-01,ME5 BM2,8.8143,1,0.43899968,0.4578892,0.45838466,0.49279594,0.48608586,0.5050907,0.48472652,0.48044652,0.5050907
2015-09-01,2015-10-01,ME5 BM3,8.5874,1,0.41996044,0.4722113,0.44032636,0.49209595,0.4948147,0.5125145,0.48127562,0.49029404,0.5125145
2015-09-01,2015-10-01,ME5 BM4,6.2188,0,0.39849922,0.41178867,0.3967613,0.492695,0.4943164,0.505998,0.47856563,0.47781086,0.505998
2015-09-01,2015-10-01,BIG HiBM,7.5433,1,0.45582736,0.45228073,0.43236548,0.4912463,0.48534504,0.51048225,0.48593348,0.4787322,0.51048225
2015-10-01,2015-11-01,SMALL LoBM,5.3323,1,0.43400633,0.6042471,0.5262609,0.4981454,0.48395845,0.48788574,0.48852456,0.50801617,0.48788574
2015-10-01,2015-11-01,ME1 BM2,4.6671,1,0.5941003,0.5858976,0.54595214,0.49878424,0.4798392,0.48914647,0.51308167,0.5010509,0.48914647
2015-10-01,2015-11-01,ME1 BM3,3.0765,0,0.35268012,0.44141906,0.39196977,0.49526143,0.49171895,0.50628394,0.47387424,0.48165897,0.50628394
2015-10-01,2015-11-01,ME1 BM4,3.1959,0,0.4605455,0.45159572,0.4185733,0.4948339,0.48855162,0.49949032,0.48969066,0.48116046,0.49949032
2015-10-01,2015-11-01,SMALL HiBM,2.3467,0,0.39330888,0.49475533,0.38801444,0.49609643,0.49258944,0.50827336,0.48067832,0.49302262,0.50827336
2015-10-01,2015-11-01,ME2 BM1,8.0647,1,0.37896702,0.566766,0.39632782,0.49751437,0.48606014,0.49331406,0.47973228,0.5022013,0.49331406
2015-10-01,2015-11-01,ME2 BM2,2.4142,0,0.41904595,0.5158025,0.4244919,0.49254537,0.5038171,0.5028292,0.48152047,0.50621414,0.5028292
2015-10-01,2015-11-01,ME2 BM3,2.9979,0,0.38446155,0.5114172,0.3455958,0.4929613,0.49327156,0.50793386,0.47668633,0.4969007,0.50793386
2015-10-01,2015-11-01,ME2 BM4,5.0765,1,0.43963695,0.5094428,0.40803704,0.49619663,0.50832784,0.5079446,0.48771268,0.5085508,0.5079446
2015-10-01,2015-11-01,ME2 BM5,4.9512,1,0.43598333,0.5437369,0.47266132,0.49689767,0.46891117,0.49172515,0.48776054,0.48387635,0.49172515
2015-10-01,2015-11-01,ME3 BM1,2.0072,0,0.4051059,0.49487066,0.39047316,0.4980556,0.47659507,0.49591997,0.48411316,0.4802502,0.49591997
2015-10-01,2015-11-01,ME3 BM2,1.9772,0,0.4683216,0.5916105,0.49664116,0.4966145,0.50729203,0.5066334,0.49237058,0.52415574,0.5066334
2015-10-01,2015-11-01,ME3 BM3,0.7963,0,0.46265745,0.50925016,0.4492599,0.4959824,0.499831,0.50724065,0.49098366,0.5017148,0.50724065
2015-10-01,2015-11-01,ME3 BM4,3.0258,0,0.4134289,0.57650685,0.39857253,0.49539697,0.487371,0.5090138,0.4831018,0.5051982,0.5090138
2015-10-01,2015-11-01,ME3 BM5,2.434,0,0.4202324,0.5687676,0.44158405,0.49598742,0.48908585,0.5092704,0.48462418,0.5050222,0.5092704
2015-10-01,2015-11-01,ME4 BM1,1.081,0,0.47407165,0.46698883,0.45793644,0.5003223,0.475858,0.49786204,0.4963847,0.47408417,0.49786204
2015-10-01,2015-11-01,ME4 BM2,0.7801,0,0.4390803,0.4669018,0.44220927,0.50351965,0.5035775,0.51017624,0.49385375,0.49624234,0.51017624
2015-10-01,2015-11-01,ME4 BM3,0.9557,0,0.4434793,0.5626404,0.46581867,0.5000304,0.50759035,0.5076803,0.49154776,0.51860034,0.5076803
2015-10-01,2015-11-01,ME4 BM4,1.4321,0,0.42858794,0.46262985,0.4203968,0.49678177,0.50190645,0.51009756,0.48655272,0.49405116,0.51009756
2015-10-01,2015-11-01,ME4 BM5,1.0031,0,0.5459627,0.4543899,0.50119096,0.50309813,0.4949536,0.50988626,0.50952786,0.48684087,0.50988626
2015-10-01,2015-11-01,BIG LoBM,0.0862,0,0.47724944,0.52622026,0.5032587,0.50051796,0.51766,0.50734115,0.4970277,0.5193721,0.50734115
2015-10-01,2015-11-01,ME5 BM2,0.3173,0,0.5489059,0.54391336,0.55332816,0.4989222,0.5068334,0.50755304,0.5064198,0.5142494,0.50755304
2015-10-01,2015-11-01,ME5 BM3,-0.5096,0,0.5138515,0.4168854,0.49059704,0.4982171,0.5090529,0.50717115,0.5005623,0.4906194,0.50717115
2015-10-01,2015-11-01,ME5 BM4,0.0735,0,0.5014488,0.54408205,0.5177348,0.49988565,0.48457605,0.49938267,0.50012016,0.49647725,0.49938267
2015-10-01,2015-11-01,BIG HiBM,3.2175,0,0.4437628,0.5882548,0.4819056,0.50169003,0.49247205,0.5089679,0.49300098,0.5116286,0.5089679
2015-11-01,2015-12-01,SMALL LoBM,-3.7031,0,0.3980306,0.40709358,0.4759507,0.4756806,0.4944709,0.50318533,0.46403313,0.47699544,0.50318533
2015-11-01,2015-12-01,ME1 BM2,-5.3195,0,0.4839732,0.5854693,0.5366803,0.47744757,0.4822048,0.49093962,0.47842643,0.5028577,0.49093962
2015-11-01,2015-12-01,ME1 BM3,-4.7841,0,0.40812117,0.39382082,0.36251855,0.47584444,0.4905862,0.49383715,0.46568596,0.47123313,0.49383715
2015-11-01,2015-12-01,ME1 BM4,-5.2387,0,0.37438172,0.4176716,0.36629298,0.47501105,0.49196085,0.50575286,0.45991665,0.47710302,0.50575286
2015-11-01,2015-12-01,SMALL HiBM,-4.5602,0,0.3694727,0.43367597,0.34611645,0.47644678,0.490533,0.5047928,0.46040067,0.4791616,0.5047928
2015-11-01,2015-12-01,ME2 BM1,-3.0445,0,0.4069304,0.55778825,0.4736536,0.47497767,0.46276376,0.4891421,0.4647706,0.48176867,0.4891421
2015-11-01,2015-12-01,ME2 BM2,-4.5184,0,0.3934786,0.44556484,0.37677306,0.47182631,0.49322256,0.50151694,0.4600742,0.48369104,0.50151694
2015-11-01,2015-12-01,ME2 BM3,-5.0064,0,0.4159657,0.45956382,0.38701653,0.4722247,0.49124196,0.50034714,0.4637859,0.48490635,0.50034714
2015-11-01,2015-12-01,ME2 BM4,-5.7966,0,0.42159632,0.47047222,0.41516978,0.4750602,0.4842182,0.49390677,0.46704063,0.48146904,0.49390677
2015-11-01,2015-12-01,ME2 BM5,-6.4423,0,0.3680506,0.44661272,0.40745473,0.47360513,0.48982137,0.49658674,0.45777196,0.48117965,0.49658674
2015-11-01,2015-12-01,ME3 BM1,-2.7449,1,0.429678,0.4823175,0.43763524,0.47136703,0.47111276,0.49097607,0.46511367,0.4733537,0.49097607
2015-11-01,2015-12-01,ME3 BM2,-4.5434,0,0.46272397,0.49675316,0.47241676,0.46640405,0.48599598,0.4954591,0.46585205,0.4881474,0.4954591
2015-11-01,2015-12-01,ME3 BM3,-4.6804,0,0.46273637,0.5939946,0.52560663,0.46895537,0.49545494,0.5032631,0.46802253,0.5151629,0.5032631
2015-11-01,2015-12-01,ME3 BM4,-5.8146,0,0.40181115,0.4186685,0.36257908,0.46840647,0.48926076,0.4943895,0.45841718,0.47514233,0.4943895
2015-11-01,2015-12-01,ME3 BM5,-8.9761,0,0.41239637,0.47224143,0.4188104,0.46911398,0.4805603,0.49800178,0.46060634,0.47889656,0.49800178
2015-11-01,2015-12-01,ME4 BM1,-3.2762,0,0.3570968,0.4826649,0.38840955,0.46698532,0.47721252,0.49379438,0.45050204,0.47830302,0.49379438
2015-11-01,2015-12-01,ME4 BM2,-3.0779,0,0.4338195,0.5237522,0.4074314,0.46680906,0.48897043,0.5014976,0.46186063,0.4959268,0.5014976
2015-11-01,2015-12-01,ME4 BM3,-4.4603,0,0.44803223,0.5388394,0.49978802,0.46435487,0.49005046,0.4966502,0.4619065,0.49980825,0.4966502
2015-11-01,2015-12-01,ME4 BM4,-5.4659,0,0.40622666,0.3693427,0.32092023,0.47106254,0.494425,0.50319374,0.46133718,0.46940854,0.50319374
2015-11-01,2015-12-01,ME4 BM5,-6.482,0,0.4362642,0.5461793,0.49026096,0.47713274,0.49116015,0.50590396,0.4710025,0.502164,0.50590396
2015-11-01,2015-12-01,BIG LoBM,-1.3923,1,0.5400556,0.5399445,0.53828,0.4711083,0.49796662,0.49827164,0.4814504,0.5063622,0.49827164
2015-11-01,2015-12-01,ME5 BM2,-0.5798,1,0.44329262,0.5494321,0.49396148,0.46678892,0.4924792,0.4986966,0.4632645,0.5038698,0.4986966
2015-11-01,2015-12-01,ME5 BM3,-2.2773,1,0.5515494,0.5644273,0.5864567,0.46766695,0.486493,0.49826878,0.48024935,0.50207984,0.49826878
2015-11-01,2015-12-01,ME5 BM4,-2.0681,1,0.5271262,0.44351062,0.48382404,0.4745583,0.49010527,0.4979445,0.48244348,0.48078632,0.4979445
2015-11-01,2015-12-01,BIG HiBM,-4.3376,0,0.36494073,0.44089445,0.40885583,0.46947587,0.48966348,0.5003469,0.4537956,0.4799097,0.5003469
2015-12-01,2016-01-01,SMALL LoBM,-13.5071,0,0.57021284,0.4400106,0.500235,0.47715744,0.4906805,0.4967619,0.49111575,0.4805465,0.4967619
2015-12-01,2016-01-01,ME1 BM2,-14.1333,0,0.5138043,0.4458319,0.475726,0.4787864,0.49016714,0.49599144,0.4840391,0.4813001,0.49599144
2015-12-01,2016-01-01,ME1 BM3,-9.3779,0,0.46470493,0.38269952,0.40162876,0.47849116,0.48536333,0.49245918,0.47642326,0.46483058,0.49245918
2015-12-01,2016-01-01,ME1 BM4,-6.5383,0,0.51256454,0.43056303,0.41469052,0.47523773,0.4836781,0.49211,0.48083678,0.4730551,0.49211
2015-12-01,2016-01-01,SMALL HiBM,-7.5123,0,0.42073175,0.50999206,0.37881732,0.4755993,0.49461,0.50748634,0.46736917,0.49768645,0.50748634
2015-12-01,2016-01-01,ME2 BM1,-17.6701,0,0.5222928,0.436941,0.47534084,0.47721246,0.4745051,0.50143135,0.48397452,0.46699226,0.50143135
2015-12-01,2016-01-01,ME2 BM2,-6.4384,0,0.48307195,0.5792567,0.46018225,0.4722328,0.503181,0.50558543,0.47385868,0.51839614,0.50558543
2015-12-01,2016-01-01,ME2 BM3,-8.2496,0,0.48258162,0.5277736,0.46354228,0.47283438,0.48385552,0.49023083,0.47429648,0.49263915,0.49023083
2015-12-01,2016-01-01,ME2 BM4,-6.7586,0,0.49747062,0.5030818,0.43443662,0.47184455,0.48636097,0.4936008,0.4756885,0.48970515,0.4936008
2015-12-01,2016-01-01,ME2 BM5,-8.2723,0,0.50916344,0.4566378,0.5272171,0.47392926,0.48918983,0.50174946,0.47921437,0.48267943,0.50174946
2015-12-01,2016-01-01,ME3 BM1,-11.7711,0,0.4942728,0.52658516,0.47237185,0.4701875,0.50100815,0.5069743,0.4738003,0.50612354,0.5069743
2015-12-01,2016-01-01,ME3 BM2,-6.9369,0,0.45028976,0.4721085,0.46347886,0.4667705,0.50437176,0.50735384,0.46429843,0.49791914,0.50735384
2015-12-01,2016-01-01,ME3 BM3,-6.8914,0,0.42957935,0.5834963,0.4689859,0.46869877,0.50202227,0.5077034,0.46283087,0.5183171,0.5077034
2015-12-01,2016-01-01,ME3 BM4,-6.6348,0,0.4571598,0.42077836,0.39905357,0.47219038,0.48477796,0.49209723,0.4699358,0.47197804,0.49209723
2015-12-01,2016-01-01,ME3 BM5,-6.9584,0,0.45936587,0.48894247,0.39881736,0.47060195,0.48820406,0.5046048,0.46891654,0.48835176,0.5046048
2015-12-01,2016-01-01,ME4 BM1,-9.8271,0,0.4174363,0.47852448,0.41831416,0.46746352,0.50179017,0.50751096,0.45995945,0.497137,0.50751096
2015-12-01,2016-01-01,ME4 BM2,-6.8471,0,0.4462882,0.53457105,0.4611181,0.46584988,0.50349534,0.5083923,0.46291563,0.5097105,0.5083923
2015-12-01,2016-01-01,ME4 BM3,-6.4723,0,0.43144485,0.4499994,0.40392894,0.46714464,0.5061513,0.5082311,0.46178967,0.49492094,0.5082311
2015-12-01,2016-01-01,ME4 BM4,-5.9656,1,0.4646724,0.40501994,0.40801588,0.46870965,0.49132645,0.5073078,0.46810406,0.47406515,0.5073078
2015-12-01,2016-01-01,ME4 BM5,-8.6069,0,0.43768492,0.44700623,0.41547534,0.46719235,0.49628246,0.50771713,0.46276623,0.48642722,0.50771713
2015-12-01,2016-01-01,BIG LoBM,-6.0194,1,0.54576933,0.5446542,0.5503793,0.468821,0.4743987,0.50028473,0.48036325,0.4884498,0.50028473
2015-12-01,2016-01-01,ME5 BM2,-3.524,1,0.4590048,0.37263423,0.39142153,0.46648693,0.46843266,0.49686882,0.46536463,0.449273,0.49686882
2015-12-01,2016-01-01,ME5 BM3,-4.1199,1,0.5059009,0.4949112,0.49597555,0.46807396,0.5057906,0.509584,0.47374803,0.5036147,0.509584
2015-12-01,2016-01-01,ME5 BM4,-3.4909,1,0.4979114,0.42308658,0.4170197,0.4700344,0.4761166,0.50080323,0.47421595,0.4655106,0.50080323
2015-12-01,2016-01-01,BIG HiBM,-11.9572,0,0.46380422,0.4326172,0.41151783,0.47182268,0.49249086,0.50476426,0.47061992,0.48051614,0.50476426
2016-01-01,2016-02-01,SMALL LoBM,-3.2078,0,0.41620556,0.34838095,0.32752746,0.495009,0.48387012,0.49797067,0.48318848,0.4567723,0.49797067
2016-01-01,2016-02-01,ME1 BM2,0.4082,0,0.45311987,0.42674768,0.35875827,0.49368086,0.47504205,0.49578094,0.48759672,0.46538317,0.49578094
2016-01-01,2016-02-01,ME1 BM3,0.0619,0,0.48003253,0.4716959,0.4131475,0.4920226,0.4707336,0.49896327,0.49022412,0.47092608,0.49896327
2016-01-01,2016-02-01,ME1 BM4,-1.5609,0,0.38708785,0.4832652,0.3613554,0.49248126,0.4700474,0.49970174,0.47667226,0.47269097,0.49970174
2016-01-01,2016-02-01,SMALL HiBM,0.43,0,0.45817116,0.49881983,0.38064227,0.49161464,0.4933723,0.51601857,0.48659813,0.4944618,0.51601857
2016-01-01,2016-02-01,ME2 BM1,-1.4068,0,0.39692265,0.47899944,0.4309515,0.4953513,0.46489155,0.5051544,0.48058704,0.46771315,0.5051544
2016-01-01,2016-02-01,ME2 BM2,0.5961,0,0.442421,0.49470082,0.4027061,0.49142286,0.50249225,0.51118934,0.4840726,0.500934,0.51118934
2016-01-01,2016-02-01,ME2 BM3,1.8084,1,0.45523554,0.49320528,0.43564367,0.4921928,0.47715062,0.49739394,0.48664922,0.48036158,0.49739394
2016-01-01,2016-02-01,ME2 BM4,1.413,0,0.41569602,0.43454096,0.37234175,0.49250257,0.47412926,0.4978838,0.48098162,0.46621162,0.4978838
2016-01-01,2016-02-01,ME2 BM5,0.2083,0,0.40789825,0.4690719,0.4085392,0.49243975,0.48040864,0.49631757,0.47975853,0.47814128,0.49631757
2016-01-01,2016-02-01,ME3 BM1,-0.2667,0,0.3867536,0.504569,0.3902588,0.49085677,0.5062335,0.510994,0.4752413,0.5059006,0.510994
2016-01-01,2016-02-01,ME3 BM2,1.4523,1,0.43221167,0.53433484,0.42356983,0.49221358,0.50435334,0.5133847,0.4832133,0.51034963,0.5133847
2016-01-01,2016-02-01,ME3 BM3,2.3766,1,0.47206306,0.44120157,0.38250107,0.49166116,0.49901548,0.51289517,0.48872146,0.48745272,0.51289517
2016-01-01,2016-02-01,ME3 BM4,0.9676,0,0.47203735,0.46348062,0.4224163,0.49217027,0.47289497,0.49728987,0.48915035,0.47101212,0.49728987
2016-01-01,2016-02-01,ME3 BM5,1.5905,1,0.50126797,0.49129415,0.4332562,0.49347883,0.47913808,0.5023289,0.4946472,0.4815693,0.5023289
2016-01-01,2016-02-01,ME4 BM1,1.0853,0,0.48375553,0.48728356,0.41208795,0.48999164,0.5023175,0.5116708,0.48905623,0.49931073,0.5116708
2016-01-01,2016-02-01,ME4 BM2,1.87,1,0.4615573,0.46140343,0.42321086,0.4901371,0.50896543,0.5140407,0.48585016,0.49945304,0.5140407
2016-01-01,2016-02-01,ME4 BM3,0.1069,0,0.49859828,0.51473105,0.45267072,0.49278972,0.5043947,0.513139,0.49366105,0.506462,0.513139
2016-01-01,2016-02-01,ME4 BM4,0.8521,0,0.5002289,0.54481775,0.4521745,0.49264002,0.4792195,0.5176845,0.49377835,0.49233916,0.5176845
2016-01-01,2016-02-01,ME4 BM5,-1.9498,0,0.5015648,0.41514975,0.48579314,0.49309063,0.4864465,0.5140829,0.49436176,0.47218716,0.5140829
2016-01-01,2016-02-01,BIG LoBM,0.2648,0,0.52470857,0.51473254,0.5257363,0.4916793,0.47664595,0.5068227,0.4966337,0.48426327,0.5068227
2016-01-01,2016-02-01,ME5 BM2,-0.3285,0,0.4862004,0.48682708,0.42887676,0.48922387,0.5072022,0.50953305,0.48877037,0.5031272,0.50953305
2016-01-01,2016-02-01,ME5 BM3,1.3535,0,0.55463517,0.4622535,0.4947174,0.49246293,0.5067972,0.5142354,0.5017888,0.49788848,0.5142354
2016-01-01,2016-02-01,ME5 BM4,0.0754,0,0.48227724,0.46969604,0.42794952,0.49163246,0.50415796,0.5160088,0.4902292,0.49726558,0.5160088
2016-01-01,2016-02-01,BIG HiBM,-6.3144,0,0.4945241,0.34524435,0.35675615,0.49163094,0.47962868,0.49896035,0.49206492,0.45275185,0.49896035
2016-02-01,2016-03-01,SMALL LoBM,3.7167,0,0.42883545,0.5061861,0.3902315,0.5032817,0.49781337,0.49638045,0.49211478,0.49948794,0.49638045
2016-02-01,2016-03-01,ME1 BM2,8.3681,0,0.40130875,0.2743883,0.267677,0.50209713,0.4892204,0.50766027,0.4869789,0.44625401,0.50766027
2016-02-01,2016-03-01,ME1 BM3,6.3073,0,0.37717846,0.3166477,0.22889085,0.4996223,0.49149662,0.5029949,0.4812557,0.45652685,0.5029949
2016-02-01,2016-03-01,ME1 BM4,6.853,0,0.3697869,0.44401187,0.36467662,0.49937245,0.47619563,0.492982,0.47993463,0.46975887,0.492982
2016-02-01,2016-03-01,SMALL HiBM,6.5273,0,0.3840207,0.45695555,0.34638685,0.49875784,0.4832722,0.4961132,0.4815473,0.47800887,0.4961132
2016-02-01,2016-03-01,ME2 BM1,8.5956,0,0.39530754,0.3530855,0.28323793,0.5020003,0.48848468,0.51207036,0.48599637,0.46140486,0.51207036
2016-02-01,2016-03-01,ME2 BM2,7.0926,0,0.40623432,0.46297863,0.35444736,0.49639973,0.48850727,0.50339735,0.48287493,0.48340154,0.50339735
2016-02-01,2016-03-01,ME2 BM3,8.6171,0,0.37049332,0.40472266,0.29038605,0.4995592,0.47794396,0.50180006,0.48019934,0.46329972,0.50180006
2016-02-01,2016-03-01,ME2 BM4,7.2457,0,0.38920742,0.4373975,0.38411185,0.5001449,0.47777322,0.49185285,0.4835043,0.46969807,0.49185285
2016-02-01,2016-03-01,ME2 BM5,8.4359,0,0.38685334,0.581626,0.42229345,0.5010518,0.47766224,0.5061961,0.48392203,0.498455,0.5061961
2016-02-01,2016-03-01,ME3 BM1,5.6993,0,0.39420107,0.24658887,0.2622499,0.50058275,0.48971528,0.5048868,0.48462552,0.44109002,0.5048868
2016-02-01,2016-03-01,ME3 BM2,7.4959,0,0.40981522,0.40716812,0.24743469,0.49597418,0.48093417,0.50609446,0.48305038,0.46618098,0.50609446
2016-02-01,2016-03-01,ME3 BM3,7.8786,0,0.48121798,0.3009243,0.26807258,0.49490348,0.48137993,0.5056396,0.49285066,0.4452888,0.5056396
2016-02-01,2016-03-01,ME3 BM4,10.2703,1,0.3647879,0.46173787,0.39045236,0.49835795,0.47912592,0.4925994,0.47832248,0.47564834,0.4925994
2016-02-01,2016-03-01,ME3 BM5,11.6886,1,0.4821957,0.5288153,0.4652214,0.49618056,0.48794636,0.49900728,0.49408287,0.49612018,0.49900728
2016-02-01,2016-03-01,ME4 BM1,8.0647,0,0.4165866,0.4642157,0.3338794,0.49740195,0.47437668,0.5036204,0.48527965,0.4723445,0.5036204
2016-02-01,2016-03-01,ME4 BM2,7.5757,0,0.4548131,0.49573174,0.35807252,0.49572057,0.4809806,0.5070025,0.48958445,0.48393083,0.5070025
2016-02-01,2016-03-01,ME4 BM3,9.5151,1,0.46024755,0.39547938,0.28813785,0.49508274,0.4838654,0.5064229,0.48985747,0.4661882,0.5064229
2016-02-01,2016-03-01,ME4 BM4,8.7062,1,0.45498884,0.44324738,0.3380631,0.49561974,0.48215383,0.4993326,0.48952514,0.47437257,0.4993326
2016-02-01,2016-03-01,ME4 BM5,9.546,1,0.4290892,0.52438015,0.42931283,0.4948294,0.47715488,0.50594413,0.4849684,0.48659995,0.50594413
2016-02-01,2016-03-01,BIG LoBM,6.5164,0,0.50370955,0.46739942,0.42054987,0.49627063,0.4797399,0.4963504,0.4973865,0.4772718,0.4963504
2016-02-01,2016-03-01,ME5 BM2,6.3831,0,0.5106394,0.5612455,0.53921473,0.49528968,0.5051789,0.5088991,0.49759215,0.51639223,0.5088991
2016-02-01,2016-03-01,ME5 BM3,6.5163,0,0.5159066,0.4910507,0.5167546,0.4957952,0.50088596,0.5104434,0.4988119,0.4989189,0.5104434
2016-02-01,2016-03-01,ME5 BM4,7.5104,0,0.53650737,0.17726187,0.395065,0.4978381,0.50180364,0.5123968,0.5036385,0.43689528,0.5123968
2016-02-01,2016-03-01,BIG HiBM,7.4437,0,0.39918327,0.25956377,0.27558425,0.50038993,0.4889159,0.5051414,0.48520893,0.44304547,0.5051414
2016-03-01,2016-04-01,SMALL LoBM,3.117,0,0.5196155,0.49127188,0.5033509,0.50100994,0.47088352,0.4936526,0.5038008,0.4749612,0.4936526
2016-03-01,2016-04-01,ME1 BM2,2.588,0,0.5359448,0.49519533,0.5355691,0.49722326,0.4686114,0.49088025,0.5030315,0.47392818,0.49088025
2016-03-01,2016-04-01,ME1 BM3,2.8722,0,0.38202077,0.4396393,0.39297026,0.4976142,0.4685935,0.49547318,0.4802752,0.46280265,0.49547318
2016-03-01,2016-04-01,ME1 BM4,1.7559,0,0.44300693,0.41887406,0.40722734,0.49849653,0.47259542,0.49920872,0.4901731,0.46185115,0.49920872
2016-03-01,2016-04-01,SMALL HiBM,5.779,1,0.4275379,0.48042843,0.45874283,0.49651235,0.4675534,0.49593863,0.4861662,0.47012842,0.49593863
2016-03-01,2016-04-01,ME2 BM1,4.5758,1,0.5229906,0.46295094,0.5382853,0.49996796,0.47679403,0.4925265,0.50342137,0.47402543,0.4925265
2016-03-01,2016-04-01,ME2 BM2,0.132,0,0.42627484,0.46428096,0.42909983,0.49694136,0.4682303,0.49689266,0.48634142,0.46744046,0.49689266
2016-03-01,2016-04-01,ME2 BM3,0.0011,0,0.4247431,0.52255404,0.3916418,0.49490094,0.47630957,0.4985734,0.48437726,0.48555848,0.4985734
2016-03-01,2016-04-01,ME2 BM4,2.6206,0,0.41633412,0.37686247,0.3849786,0.49748346,0.4811137,0.48670194,0.48531106,0.46026346,0.48670194
2016-03-01,2016-04-01,ME2 BM5,3.6975,0,0.39421046,0.482133,0.36874035,0.4973455,0.48358172,0.49139178,0.48187524,0.48329198,0.49139178
2016-03-01,2016-04-01,ME3 BM1,1.1893,0,0.46782398,0.45393234,0.5048391,0.4987997,0.46746975,0.49566007,0.49415335,0.46476227,0.49566007
2016-03-01,2016-04-01,ME3 BM2,-0.4228,0,0.3870896,0.39238122,0.37282288,0.49543345,0.46772715,0.49574143,0.4791819,0.45265797,0.49574143
2016-03-01,2016-04-01,ME3 BM3,1.6005,0,0.5134393,0.37630963,0.39186457,0.49211735,0.4685517,0.49293855,0.49531567,0.45010328,0.49293855
2016-03-01,2016-04-01,ME3 BM4,3.3709,0,0.44880283,0.35595736,0.33906063,0.49533072,0.47974053,0.48913738,0.48835155,0.4549839,0.48913738
2016-03-01,2016-04-01,ME3 BM5,4.5772,1,0.44129097,0.48112705,0.38076428,0.493239,0.4726218,0.48770666,0.48544678,0.47432286,0.48770666
2016-03-01,2016-04-01,ME4 BM1,1.9888,0,0.46686158,0.45324922,0.44818002,0.49618438,0.46991757,0.49499327,0.49178597,0.4665839,0.49499327
2016-03-01,2016-04-01,ME4 BM2,0.4683,0,0.50394034,0.38641852,0.3948994,0.4932931,0.46892557,0.49522352,0.4948902,0.45242417,0.49522352
2016-03-01,2016-04-01,ME4 BM3,1.8491,0,0.5058294,0.43553153,0.45881528,0.4951435,0.46890047,0.49643087,0.49674642,0.4622267,0.49643087
2016-03-01,2016-04-01,ME4 BM4,1.762,0,0.45528787,0.29992652,0.2836123,0.49208724,0.48540542,0.48999655,0.48656735,0.44830966,0.48999655
2016-03-01,2016-04-01,ME4 BM5,5.1963,1,0.49813375,0.28780442,0.30627713,0.49950686,0.47005746,0.49765208,0.4993009,0.43360686,0.49765208
2016-03-01,2016-04-01,BIG LoBM,-0.7147,0,0.5289253,0.40701845,0.45724902,0.49845213,0.4690723,0.49919432,0.50302315,0.45666155,0.49919432
2016-03-01,2016-04-01,ME5 BM2,-1.0364,0,0.49873665,0.4047909,0.49435708,0.49865443,0.49939018,0.5047182,0.49866676,0.48047033,0.5047182
2016-03-01,2016-04-01,ME5 BM3,2.5925,0,0.6336179,0.42646083,0.5182669,0.49440324,0.46880728,0.49518466,0.51528543,0.460338,0.49518466
2016-03-01,2016-04-01,ME5 BM4,2.5397,0,0.56210196,0.40754676,0.5168795,0.49592274,0.48914707,0.5027976,0.5058496,0.47282702,0.5027976
2016-03-01,2016-04-01,BIG HiBM,7.1789,1,0.5400852,0.5184141,0.4814089,0.506588,0.47717294,0.49766585,0.5116126,0.48542118,0.49766585
2016-04-01,2016-05-01,SMALL LoBM,1.0273,0,0.50407463,0.50911355,0.5307585,0.48212242,0.47843105,0.4944299,0.48541528,0.48456755,0.4944299
2016-04-01,2016-05-01,ME1 BM2,2.3475,1,0.55243003,0.46618342,0.5200629,0.47549546,0.47707385,0.5037811,0.48703563,0.47489578,0.5037811
2016-04-01,2016-05-01,ME1 BM3,1.4442,0,0.5154781,0.48863444,0.47979045,0.4782401,0.4793,0.5000731,0.4838258,0.48116687,0.5000731
2016-04-01,2016-05-01,ME1 BM4,-0.7619,0,0.54044366,0.50901854,0.4994828,0.4771002,0.47954306,0.50199425,0.4866017,0.48543817,0.50199425
2016-04-01,2016-05-01,SMALL HiBM,-1.4665,0,0.49735686,0.49974382,0.45132586,0.47478217,0.47848612,0.5002632,0.47816837,0.48273766,0.5002632
2016-04-01,2016-05-01,ME2 BM1,3.3482,1,0.59152377,0.3824238,0.56129056,0.4785957,0.48842493,0.51205754,0.49553493,0.46722472,0.51205754
2016-04-01,2016-05-01,ME2 BM2,1.9646,0,0.49896348,0.48864272,0.49749982,0.47816437,0.47594327,0.4968616,0.48128426,0.47848317,0.4968616
2016-04-01,2016-05-01,ME2 BM3,0.6871,0,0.535251,0.38650778,0.38844407,0.4762574,0.500268,0.518564,0.48510647,0.47751597,0.518564
2016-04-01,2016-05-01,ME2 BM4,2.2273,0,0.5241713,0.40467155,0.40458676,0.47484854,0.5016785,0.50840235,0.48224694,0.48227715,0.50840235
2016-04-01,2016-05-01,ME2 BM5,1.2927,0,0.5014568,0.39826202,0.38311052,0.474488,0.49389654,0.5237751,0.47853333,0.47476965,0.5237751
2016-04-01,2016-05-01,ME3 BM1,3.5164,1,0.566849,0.53507584,0.5454441,0.4804724,0.47621554,0.49790546,0.4934289,0.4879876,0.49790546
2016-04-01,2016-05-01,ME3 BM2,1.6282,0,0.53116924,0.47752824,0.4639028,0.47654608,0.4801027,0.498429,0.48473954,0.47958782,0.498429
2016-04-01,2016-05-01,ME3 BM3,0.6008,0,0.6033174,0.51474863,0.49494553,0.47420254,0.4788008,0.50092554,0.4935698,0.48599038,0.50092554
2016-04-01,2016-05-01,ME3 BM4,0.8648,0,0.5499427,0.4481692,0.47422984,0.47321433,0.4932057,0.5110497,0.4847236,0.48419842,0.5110497
2016-04-01,2016-05-01,ME3 BM5,0.9713,0,0.5683394,0.5049414,0.5394393,0.47215608,0.48632902,0.5139353,0.4865836,0.4900515,0.5139353
2016-04-01,2016-05-01,ME4 BM1,3.3021,1,0.4943173,0.5724891,0.4827128,0.4754199,0.47828454,0.5013615,0.47825456,0.49712545,0.5013615
2016-04-01,2016-05-01,ME4 BM2,1.8064,0,0.50821227,0.44676125,0.40959433,0.47541386,0.48430932,0.49965778,0.48033363,0.4767997,0.49965778
2016-04-01,2016-05-01,ME4 BM3,4.5514,1,0.5444067,0.43354616,0.41135815,0.47423384,0.48076078,0.5041546,0.48475978,0.47131786,0.5041546
2016-04-01,2016-05-01,ME4 BM4,1.2782,0,0.47265163,0.32863104,0.30215257,0.4753064,0.49472234,0.52240026,0.4749082,0.4615041,0.52240026
2016-04-01,2016-05-01,ME4 BM5,2.1895,0,0.47318497,0.4285339,0.4830398,0.4731506,0.50294423,0.5219264,0.47315577,0.4880622,0.5219264
2016-04-01,2016-05-01,BIG LoBM,1.6604,0,0.52429515,0.49624372,0.48896766,0.4764482,0.48373333,0.4960929,0.48362526,0.4862354,0.4960929
2016-04-01,2016-05-01,ME5 BM2,2.1426,0,0.4678577,0.52961856,0.47997788,0.47291228,0.49418643,0.50291383,0.4721541,0.50127286,0.50291383
2016-04-01,2016-05-01,ME5 BM3,2.1844,0,0.6154888,0.43651226,0.5145849,0.47240156,0.4842939,0.49718532,0.49386466,0.47473758,0.49718532
2016-04-01,2016-05-01,ME5 BM4,-0.4558,0,0.5095756,0.5203221,0.5148045,0.4721992,0.4869162,0.50096405,0.47780567,0.4935974,0.50096405
2016-04-01,2016-05-01,BIG HiBM,1.8589,0,0.55110705,0.47561166,0.5694229,0.47339734,0.47636214,0.50251746,0.48505384,0.47621205,0.50251746
2016-05-01,2016-06-01,SMALL LoBM,-4.2772,0,0.5622537,0.46639124,0.5132539,0.48825708,0.47969064,0.5025257,0.4993566,0.47703078,0.5025257
2016-05-01,2016-06-01,ME1 BM2,-1.4498,0,0.50471556,0.4791814,0.55575985,0.48734263,0.46500054,0.4907016,0.4899486,0.4678367,0.4907016
2016-05-01,2016-06-01,ME1 BM3,-0.7261,0,0.41933686,0.49642244,0.46176192,0.47898,0.46555275,0.4935948,0.47003353,0.47172672,0.4935948
2016-05-01,2016-06-01,ME1 BM4,0.8838,1,0.46935624,0.5212854,0.49975002,0.47552672,0.46668637,0.49694154,0.47460115,0.47760618,0.49694154
2016-05-01,2016-06-01,SMALL HiBM,0.7554,0,0.53680426,0.4582937,0.49770087,0.48146024,0.47269255,0.49391875,0.4897619,0.46981278,0.49391875
2016-05-01,2016-06-01,ME2 BM1,-0.3631,0,0.56856006,0.4462367,0.54918766,0.48698145,0.4742151,0.49643585,0.49921823,0.46861944,0.49643585
2016-05-01,2016-06-01,ME2 BM2,1.3384,1,0.46004006,0.4399437,0.5322316,0.48176247,0.4700728,0.5026313,0.47850412,0.46404698,0.5026313
2016-05-01,2016-06-01,ME2 BM3,-0.9139,0,0.49270615,0.33476546,0.48538813,0.4760252,0.46664363,0.5012084,0.47852734,0.440268,0.5012084
2016-05-01,2016-06-01,ME2 BM4,-1.6961,0,0.45736718,0.44063082,0.4704742,0.47682247,0.46515253,0.49552155,0.4739042,0.46024817,0.49552155
2016-05-01,2016-06-01,ME2 BM5,0.0062,0,0.45514745,0.48221487,0.45959404,0.47884747,0.46358356,0.49105892,0.47529247,0.46730983,0.49105892
2016-05-01,2016-06-01,ME3 BM1,0.8241,1,0.5540426,0.46180397,0.5423237,0.4869902,0.46294054,0.49891168,0.49704808,0.46271324,0.49891168
2016-05-01,2016-06-01,ME3 BM2,-2.3727,0,0.5228294,0.38788453,0.46171185,0.47716174,0.46793476,0.5024519,0.48401192,0.4519247,0.5024519
2016-05-01,2016-06-01,ME3 BM3,-0.0795,0,0.5277583,0.49602216,0.5176845,0.47695163,0.46492192,0.4963157,0.48457265,0.471142,0.4963157
2016-05-01,2016-06-01,ME3 BM4,-0.8383,0,0.5191079,0.50664943,0.4796605,0.47585818,0.46277115,0.49070746,0.48234564,0.47154683,0.49070746
2016-05-01,2016-06-01,ME3 BM5,-1.8496,0,0.56822515,0.47788554,0.48590818,0.4780125,0.46244138,0.48618025,0.49154443,0.46553025,0.48618025
2016-05-01,2016-06-01,ME4 BM1,-0.7961,0,0.47618872,0.5165901,0.51949024,0.47761145,0.46042395,0.49646434,0.47739804,0.4716572,0.49646434
2016-05-01,2016-06-01,ME4 BM2,-1.2335,0,0.5226509,0.463168,0.47140455,0.4744635,0.46696275,0.50066996,0.4816916,0.4662038,0.50066996
2016-05-01,2016-06-01,ME4 BM3,-1.2791,0,0.523279,0.43125835,0.49063462,0.47457978,0.46343666,0.4969883,0.48188466,0.457001,0.4969883
2016-05-01,2016-06-01,ME4 BM4,0.3003,0,0.47833115,0.34552398,0.36405262,0.47380728,0.46701688,0.4964558,0.47448587,0.4427183,0.4964558
2016-05-01,2016-06-01,ME4 BM5,-4.6546,0,0.52792186,0.5127148,0.5219144,0.47990787,0.4701141,0.4901452,0.48711,0.47863427,0.4901452
2016-05-01,2016-06-01,BIG LoBM,0.0702,0,0.54520875,0.4938697,0.57306546,0.47862166,0.47049662,0.504553,0.48860973,0.47517127,0.504553
2016-05-01,2016-06-01,ME5 BM2,-0.0234,0,0.5025196,0.50532955,0.48624536,0.47541374,0.5102518,0.50881326,0.47947964,0.5092674,0.50881326
2016-05-01,2016-06-01,ME5 BM3,2.4846,1,0.563163,0.56181777,0.6000102,0.47356853,0.4690441,0.49661526,0.4870077,0.48759884,0.49661526
2016-05-01,2016-06-01,ME5 BM4,1.1387,1,0.4903053,0.50094354,0.51110625,0.47323486,0.46954674,0.49559656,0.47579545,0.47582608,0.49559656
2016-05-01,2016-06-01,BIG HiBM,-6.5575,0,0.5639932,0.454744,0.5035592,0.48734456,0.4701868,0.4951162,0.49884188,0.46709824,0.4951162
2016-06-01,2016-07-01,SMALL LoBM,4.7272,0,0.6137353,0.502888,0.5083175,0.5007791,0.4756045,0.4918554,0.51772255,0.48106122,0.4918554
2016-06-01,2016-07-01,ME1 BM2,5.9955,0,0.51795053,0.49361932,0.54975575,0.49897707,0.4674416,0.48931038,0.5018231,0.47267714,0.48931038
2016-06-01,2016-07-01,ME1 BM3,6.8474,1,0.40884134,0.4964543,0.43227467,0.49895537,0.46570092,0.49525845,0.4854383,0.4718516,0.49525845
2016-06-01,2016-07-01,ME1 BM4,4.8806,0,0.47791845,0.38342264,0.3876465,0.50074196,0.47218344,0.49697936,0.49731845,0.4544313,0.49697936
2016-06-01,2016-07-01,SMALL HiBM,5.5088,0,0.44274482,0.4736605,0.4464491,0.49993804,0.46794537,0.49882185,0.49135908,0.4690884,0.49882185
2016-06-01,2016-07-01,ME2 BM1,8.0686,1,0.55841136,0.57353824,0.5959458,0.49775374,0.47087187,0.4906964,0.5068524,0.49140516,0.4906964
2016-06-01,2016-07-01,ME2 BM2,6.3271,0,0.4778954,0.48847058,0.47426265,0.49197438,0.48935437,0.49917248,0.48986256,0.48917764,0.49917248
2016-06-01,2016-07-01,ME2 BM3,5.865,0,0.47633758,0.48973048,0.51013607,0.48976207,0.46445078,0.49688688,0.4877484,0.46950674,0.49688688
2016-06-01,2016-07-01,ME2 BM4,4.7479,0,0.45086125,0.45492807,0.4567629,0.4930388,0.4664513,0.49614203,0.4867122,0.46414667,0.49614203
2016-06-01,2016-07-01,ME2 BM5,6.4452,1,0.45744476,0.48860618,0.44900027,0.49564418,0.46161547,0.49488717,0.4899143,0.46701363,0.49488717
2016-06-01,2016-07-01,ME3 BM1,7.0001,1,0.5597181,0.4385283,0.53138417,0.49914384,0.47848064,0.49958947,0.50823,0.4704902,0.49958947
2016-06-01,2016-07-01,ME3 BM2,5.1755,0,0.5111939,0.45019293,0.4707379,0.49124986,0.46757713,0.49586266,0.49424148,0.4641003,0.49586266
2016-06-01,2016-07-01,ME3 BM3,6.4832,1,0.5745648,0.48359126,0.5409874,0.48926583,0.46653876,0.49647707,0.5020607,0.46994928,0.49647707
2016-06-01,2016-07-01,ME3 BM4,4.3018,0,0.47797072,0.5292788,0.47241446,0.4893368,0.4615817,0.49597207,0.48763192,0.47512114,0.49597207
2016-06-01,2016-07-01,ME3 BM5,6.1749,0,0.53155094,0.48442224,0.49634054,0.48977613,0.45867303,0.49141052,0.49604237,0.4638229,0.49141052
2016-06-01,2016-07-01,ME4 BM1,5.1292,0,0.46722302,0.44316724,0.44780573,0.49163386,0.48095495,0.49794936,0.48797226,0.4733974,0.49794936
2016-06-01,2016-07-01,ME4 BM2,4.1222,0,0.5085943,0.4514269,0.45502043,0.49047858,0.46789083,0.4965194,0.49319595,0.46459806,0.4965194
2016-06-01,2016-07-01,ME4 BM3,3.1396,0,0.49969333,0.48749408,0.49211055,0.48517257,0.46622306,0.49461737,0.4873507,0.47047728,0.49461737
2016-06-01,2016-07-01,ME4 BM4,2.247,0,0.486736,0.33463088,0.4041906,0.4915473,0.46729556,0.4965801,0.4908256,0.44076264,0.4965801
2016-06-01,2016-07-01,ME4 BM5,6.3589,0,0.4869045,0.42605898,0.46412122,0.4910601,0.46028674,0.4943168,0.4904368,0.4534412,0.4943168
2016-06-01,2016-07-01,BIG LoBM,5.1821,0,0.5470032,0.48786685,0.5668284,0.49336755,0.47276285,0.4971399,0.5014129,0.47578365,0.4971399
2016-06-01,2016-07-01,ME5 BM2,3.5444,0,0.5144008,0.44751534,0.4760247,0.49317965,0.47497326,0.49743208,0.49636284,0.4694817,0.49743208
2016-06-01,2016-07-01,ME5 BM3,1.7121,0,0.59311205,0.49060324,0.57808346,0.4916825,0.50108945,0.5002679,0.5068969,0.49899223,0.5002679
2016-06-01,2016-07-01,ME5 BM4,1.0956,0,0.57715905,0.44957754,0.521721,0.4980533,0.50201774,0.50290585,0.50991917,0.4915297,0.50290585
2016-06-01,2016-07-01,BIG HiBM,4.42,0,0.52561355,0.53232026,0.57794815,0.4963782,0.46330065,0.4922568,0.50076354,0.47710457,0.4922568
2016-07-01,2016-08-01,SMALL LoBM,2.8986,0,0.5378286,0.49343336,0.48326752,0.5013348,0.4693377,0.4987007,0.5068089,0.47415683,0.4987007
2016-07-01,2016-08-01,ME1 BM2,2.4245,0,0.55382204,0.47433645,0.5199777,0.49821532,0.48211327,0.49945334,0.50655633,0.48055792,0.49945334
2016-07-01,2016-08-01,ME1 BM3,4.5573,1,0.48091367,0.43761003,0.3784557,0.50123453,0.49003777,0.5056858,0.4981864,0.4795522,0.5056858
2016-07-01,2016-08-01,ME1 BM4,4.0926,1,0.4389441,0.54762024,0.41650465,0.5024289,0.4853997,0.5058578,0.49290618,0.4978438,0.5058578
2016-07-01,2016-08-01,SMALL HiBM,3.3058,0,0.53481394,0.5228272,0.44798175,0.5021599,0.48744643,0.50567514,0.507058,0.4945226,0.50567514
2016-07-01,2016-08-01,ME2 BM1,0.136,0,0.52866596,0.356102,0.46777114,0.4996615,0.47762665,0.4991518,0.5040122,0.45332173,0.4991518
2016-07-01,2016-08-01,ME2 BM2,3.2393,0,0.46007064,0.42849225,0.42541257,0.49568456,0.48258707,0.5005013,0.4903425,0.4717681,0.5005013
2016-07-01,2016-08-01,ME2 BM3,2.1658,0,0.47602257,0.49289316,0.47329378,0.4944146,0.5014705,0.50617504,0.4916558,0.49975505,0.50617504
2016-07-01,2016-08-01,ME2 BM4,3.104,0,0.5681183,0.4863102,0.4436184,0.5022956,0.5042938,0.5077708,0.512169,0.5006971,0.5077708
2016-07-01,2016-08-01,ME2 BM5,3.1357,0,0.5261796,0.36627513,0.39861816,0.500661,0.48968393,0.50240517,0.5044888,0.46500218,0.50240517
2016-07-01,2016-08-01,ME3 BM1,-1.0,0,0.53670675,0.40260535,0.45209372,0.5001675,0.48375982,0.50675005,0.5056484,0.46752894,0.50675005
2016-07-01,2016-08-01,ME3 BM2,2.4605,0,0.47841406,0.48649612,0.44890034,0.4989984,0.5017128,0.50863755,0.49591076,0.49866948,0.50863755
2016-07-01,2016-08-01,ME3 BM3,3.641,1,0.5528267,0.24729033,0.4287972,0.4977611,0.4962657,0.50371146,0.50602096,0.44647062,0.50371146
2016-07-01,2016-08-01,ME3 BM4,1.9508,0,0.4848894,0.43056366,0.37944666,0.49885312,0.49696147,0.50353336,0.49675855,0.48368192,0.50353336
2016-07-01,2016-08-01,ME3 BM5,1.7482,0,0.6182298,0.43882567,0.5065607,0.49800843,0.48700082,0.4998625,0.51604164,0.4773658,0.4998625
2016-07-01,2016-08-01,ME4 BM1,1.1067,0,0.48319426,0.5510888,0.41905108,0.49957806,0.46846926,0.50501466,0.4971205,0.48499316,0.50501466
2016-07-01,2016-08-01,ME4 BM2,0.6354,0,0.45341808,0.5236379,0.4852601,0.497729,0.5074682,0.5078692,0.49108237,0.5107022,0.5078692
2016-07-01,2016-08-01,ME4 BM3,2.113,0,0.46421418,0.4712943,0.45980766,0.49835268,0.50918025,0.5077126,0.4932319,0.50160307,0.5077126
2016-07-01,2016-08-01,ME4 BM4,-0.7087,0,0.44003153,0.42809007,0.3901681,0.49653432,0.5023601,0.507324,0.4880589,0.48750612,0.507324
2016-07-01,2016-08-01,ME4 BM5,5.8929,1,0.5353634,0.5129545,0.52280664,0.5005071,0.47092277,0.5014299,0.5057356,0.4793291,0.5014299
2016-07-01,2016-08-01,BIG LoBM,-0.7159,0,0.494744,0.60864466,0.5632163,0.49915287,0.47898278,0.50536907,0.49849156,0.5049152,0.50536907
2016-07-01,2016-08-01,ME5 BM2,-0.3645,0,0.43810478,0.5322477,0.47335768,0.49827155,0.4853149,0.5053308,0.48924658,0.49470147,0.5053308
2016-07-01,2016-08-01,ME5 BM3,0.3912,0,0.52867365,0.6306348,0.57452506,0.4977294,0.5007316,0.50029904,0.502371,0.52671224,0.50029904
2016-07-01,2016-08-01,ME5 BM4,1.3718,0,0.4969499,0.57160467,0.57919985,0.49731022,0.4886644,0.5032369,0.4972562,0.5052525,0.5032369
2016-07-01,2016-08-01,BIG HiBM,4.5917,1,0.5050616,0.54498684,0.52445066,0.5056828,0.47820392,0.49864927,0.50558966,0.49156052,0.49864927
2016-08-01,2016-09-01,SMALL LoBM,11.6858,1,0.4805754,0.5592263,0.47825292,0.4742693,0.4795953,0.49668542,0.47521523,0.49552152,0.49668542
2016-08-01,2016-09-01,ME1 BM2,2.6541,1,0.4963436,0.49876305,0.5040555,0.4732897,0.46984744,0.4932496,0.47674778,0.47563055,0.4932496
2016-08-01,2016-09-01,ME1 BM3,4.3608,1,0.3832343,0.4246296,0.38664955,0.47319633,0.49117202,0.5047939,0.45970201,0.47786355,0.5047939
2016-08-01,2016-09-01,ME1 BM4,3.0316,1,0.45862776,0.48679763,0.43745586,0.47284344,0.49066016,0.50558925,0.47071108,0.48988768,0.50558925
2016-08-01,2016-09-01,SMALL HiBM,1.8848,0,0.5523011,0.4986621,0.5052767,0.4773189,0.4933619,0.50419164,0.48856628,0.49442196,0.50419164
2016-08-01,2016-09-01,ME2 BM1,5.3587,1,0.54668826,0.44980428,0.46922323,0.47718382,0.48337042,0.50738,0.4876095,0.4766572,0.50738
2016-08-01,2016-09-01,ME2 BM2,1.5328,0,0.41670978,0.49723718,0.4279855,0.4698654,0.47617877,0.49496812,0.46189207,0.48039046,0.49496812
2016-08-01,2016-09-01,ME2 BM3,0.9925,0,0.46984738,0.45731393,0.44268453,0.47126052,0.49009228,0.5022855,0.4710486,0.48353663,0.5022855
2016-08-01,2016-09-01,ME2 BM4,0.9436,0,0.48943102,0.47553426,0.44571635,0.47030485,0.47148523,0.49329758,0.4731738,0.47229505,0.49329758
2016-08-01,2016-09-01,ME2 BM5,0.8769,0,0.4389185,0.4015312,0.40852037,0.47282654,0.48992553,0.5019731,0.46774033,0.47224668,0.5019731
2016-08-01,2016-09-01,ME3 BM1,-0.2334,0,0.48077717,0.42141792,0.42851073,0.47203648,0.48968962,0.50736165,0.4733476,0.4760353,0.50736165
2016-08-01,2016-09-01,ME3 BM2,0.5053,0,0.42037886,0.46294847,0.39928183,0.4689292,0.47182053,0.49434772,0.46164665,0.47004613,0.49434772
2016-08-01,2016-09-01,ME3 BM3,0.328,0,0.4880782,0.48063394,0.45475158,0.46987423,0.47581595,0.49418607,0.47260484,0.47677955,0.49418607
2016-08-01,2016-09-01,ME3 BM4,1.4179,0,0.4398321,0.4495262,0.41642392,0.47084072,0.4904362,0.5032402,0.46618944,0.4822542,0.5032402
2016-08-01,2016-09-01,ME3 BM5,1.3483,0,0.4247695,0.50680476,0.4486306,0.4729797,0.48392904,0.49560663,0.4657482,0.48850417,0.49560663
2016-08-01,2016-09-01,ME4 BM1,-0.4787,0,0.40389818,0.45655265,0.39286393,0.4697564,0.46942794,0.4935718,0.45987767,0.4668529,0.4935718
2016-08-01,2016-09-01,ME4 BM2,-0.2294,0,0.43357527,0.49987033,0.45527187,0.46929574,0.4730745,0.49410737,0.4639377,0.47843367,0.49410737
2016-08-01,2016-09-01,ME4 BM3,1.1186,0,0.42156276,0.47216097,0.43160886,0.4698129,0.47134048,0.4942103,0.4625754,0.4715046,0.4942103
2016-08-01,2016-09-01,ME4 BM4,-0.0633,0,0.43957126,0.46189806,0.42008278,0.47139758,0.49639696,0.50545883,0.46662366,0.48949718,0.50545883
2016-08-01,2016-09-01,ME4 BM5,-0.3255,0,0.45433116,0.38913336,0.40426597,0.47240415,0.4846943,0.4997996,0.4696932,0.46558213,0.4997996
2016-08-01,2016-09-01,BIG LoBM,0.5453,0,0.46969783,0.5033732,0.4410798,0.4700064,0.47612277,0.49544498,0.46996015,0.48157287,0.49544498
2016-08-01,2016-09-01,ME5 BM2,0.2302,0,0.42881265,0.5080412,0.4312829,0.47025767,0.48099464,0.4981055,0.46404094,0.48640397,0.4981055
2016-08-01,2016-09-01,ME5 BM3,0.9629,0,0.5707944,0.51665485,0.5448223,0.4751742,0.4846466,0.50011075,0.4895172,0.49104825,0.50011075
2016-08-01,2016-09-01,ME5 BM4,-2.2558,0,0.50599337,0.5467214,0.559839,0.47237235,0.48973978,0.5012183,0.4774155,0.5011361,0.5012183
2016-08-01,2016-09-01,BIG HiBM,0.2218,0,0.51745915,0.59598124,0.48817614,0.47590327,0.48052394,0.5001533,0.48213667,0.50361544,0.5001533
2016-09-01,2016-10-01,SMALL LoBM,-11.1254,0,0.4490154,0.49690565,0.5212811,0.48448128,0.4698859,0.49716473,0.4791614,0.47528982,0.49716473
2016-09-01,2016-10-01,ME1 BM2,-9.1117,0,0.5132424,0.5054206,0.50724363,0.483163,0.47197413,0.49298024,0.48767492,0.47866344,0.49298024
2016-09-01,2016-10-01,ME1 BM3,-6.9084,0,0.5111652,0.5119118,0.5441273,0.48229986,0.47132832,0.49569094,0.4866297,0.479445,0.49569094
2016-09-01,2016-10-01,ME1 BM4,-3.5834,0,0.47112137,0.4799245,0.515821,0.48108536,0.47310722,0.4968996,0.47959077,0.47447067,0.4968996
2016-09-01,2016-10-01,SMALL HiBM,-3.0558,0,0.48458448,0.5010389,0.51469487,0.4817779,0.47376707,0.49794552,0.48219892,0.47922143,0.49794552
2016-09-01,2016-10-01,ME2 BM1,-9.9171,0,0.49161646,0.4818116,0.471402,0.48465228,0.46316192,0.49383458,0.48569694,0.46689186,0.49383458
2016-09-01,2016-10-01,ME2 BM2,-6.7859,0,0.43010244,0.4641183,0.46102357,0.4787423,0.47407225,0.49793416,0.47144634,0.47208145,0.49793416
2016-09-01,2016-10-01,ME2 BM3,-5.6638,0,0.47266382,0.4757776,0.47882462,0.4783098,0.4719859,0.497851,0.47746292,0.47274423,0.497851
2016-09-01,2016-10-01,ME2 BM4,-2.6078,0,0.4413577,0.38996583,0.38089377,0.47889298,0.47994727,0.49352843,0.4732627,0.46195102,0.49352843
2016-09-01,2016-10-01,ME2 BM5,-4.6477,0,0.52300173,0.50267,0.53736794,0.48130357,0.47078803,0.49670607,0.4875583,0.47716442,0.49670607
2016-09-01,2016-10-01,ME3 BM1,-4.758,0,0.4192027,0.47278303,0.37887168,0.47947562,0.5085951,0.508512,0.4704347,0.5014327,0.508512
2016-09-01,2016-10-01,ME3 BM2,-4.5667,0,0.4850627,0.4813793,0.48742127,0.4782675,0.47501045,0.49849963,0.4792868,0.47628424,0.49849963
2016-09-01,2016-10-01,ME3 BM3,-3.0793,0,0.4745697,0.46712103,0.47414193,0.47823536,0.47262073,0.49613786,0.47768554,0.47152078,0.49613786
2016-09-01,2016-10-01,ME3 BM4,-2.9313,0,0.4924404,0.4658523,0.48414811,0.47969624,0.47189677,0.49911454,0.48160788,0.4706879,0.49911454
2016-09-01,2016-10-01,ME3 BM5,-3.5177,0,0.52815914,0.5125432,0.529632,0.47602317,0.4697651,0.49502435,0.48384356,0.47832072,0.49502435
2016-09-01,2016-10-01,ME4 BM1,-3.6957,0,0.45145014,0.45519122,0.45448285,0.47944072,0.47331753,0.501483,0.47524214,0.4696923,0.501483
2016-09-01,2016-10-01,ME4 BM2,-1.9217,0,0.53318197,0.43379802,0.45278752,0.47617462,0.48210883,0.5039627,0.48472574,0.47244668,0.5039627
2016-09-01,2016-10-01,ME4 BM3,-0.8778,1,0.48299694,0.4468522,0.47045153,0.4781373,0.4726589,0.5000135,0.47886625,0.4674976,0.5000135
2016-09-01,2016-10-01,ME4 BM4,-2.0776,0,0.5190324,0.52556396,0.47195396,0.47571543,0.51005805,0.5110643,0.482213,0.5131593,0.5110643
2016-09-01,2016-10-01,ME4 BM5,-0.5223,1,0.55256444,0.48313928,0.54828495,0.48392072,0.48564804,0.50120276,0.4942173,0.48514628,0.50120276
2016-09-01,2016-10-01,BIG LoBM,-2.3749,0,0.5514987,0.50907546,0.5683428,0.47504422,0.4927227,0.50593686,0.48651242,0.49599326,0.50593686
2016-09-01,2016-10-01,ME5 BM2,-1.9498,0,0.49848333,0.48146218,0.49973622,0.4749768,0.5033193,0.5068685,0.4785028,0.4989479,0.5068685
2016-09-01,2016-10-01,ME5 BM3,-1.3236,1,0.5523551,0.36703914,0.47226143,0.47446606,0.47091633,0.5045519,0.48614943,0.4501409,0.5045519
2016-09-01,2016-10-01,ME5 BM4,-0.6008,1,0.5025095,0.46205527,0.4663873,0.47659287,0.4921751,0.50272644,0.48048037,0.48615116,0.50272644
2016-09-01,2016-10-01,BIG HiBM,2.3855,1,0.53494656,0.4780015,0.54691696,0.484354,0.47976527,0.50171405,0.49194288,0.47941253,0.50171405
2016-10-01,2016-11-01,SMALL LoBM,7.2185,0,0.5737633,0.512783,0.6323632,0.50358504,0.4889794,0.5076807,0.5141118,0.49374014,0.5076807
2016-10-01,2016-11-01,ME1 BM2,9.2838,0,0.61079973,0.4336936,0.6175877,0.5026331,0.47006568,0.49759534,0.5188581,0.46279126,0.49759534
2016-10-01,2016-11-01,ME1 BM3,13.6333,0,0.518068,0.4195681,0.5105694,0.50186324,0.48162803,0.49094757,0.504294,0.46921605,0.49094757
2016-10-01,2016-11-01,ME1 BM4,13.8537,0,0.512678,0.48180944,0.52973044,0.5014138,0.48029655,0.4925523,0.5031035,0.48059916,0.4925523
2016-10-01,2016-11-01,SMALL HiBM,13.572,0,0.49694803,0.48245016,0.5228284,0.5029507,0.47538397,0.4997608,0.50205034,0.4767972,0.4997608
2016-10-01,2016-11-01,ME2 BM1,9.4871,0,0.6414904,0.54507536,0.6919083,0.5051637,0.47495478,0.49114692,0.5256127,0.48897892,0.49114692
2016-10-01,2016-11-01,ME2 BM2,10.0119,0,0.59069496,0.45261025,0.5375256,0.50218344,0.4829487,0.50028116,0.5154602,0.476881,0.50028116
2016-10-01,2016-11-01,ME2 BM3,13.0835,0,0.5525089,0.4852171,0.5280131,0.50285816,0.47635654,0.50078654,0.51030576,0.47812867,0.50078654
2016-10-01,2016-11-01,ME2 BM4,15.8953,1,0.5375596,0.4596416,0.50435436,0.502228,0.47457525,0.49056277,0.50752777,0.47158855,0.49056277
2016-10-01,2016-11-01,ME2 BM5,14.6382,1,0.5236626,0.43501037,0.4696646,0.5021436,0.48815334,0.49301955,0.5053715,0.47752476,0.49301955
2016-10-01,2016-11-01,ME3 BM1,5.7479,0,0.51499563,0.4568931,0.5337812,0.5041766,0.4769638,0.50230026,0.5057995,0.47294965,0.50230026
2016-10-01,2016-11-01,ME3 BM2,8.6702,0,0.56174713,0.51449484,0.55089545,0.50288737,0.4818827,0.50151575,0.51171637,0.4884051,0.50151575
2016-10-01,2016-11-01,ME3 BM3,10.0278,0,0.5334248,0.5269935,0.5634398,0.5013485,0.48078856,0.50108576,0.50615996,0.49002957,0.50108576
2016-10-01,2016-11-01,ME3 BM4,13.4117,0,0.52029383,0.51300913,0.5010211,0.5027661,0.47598112,0.49203408,0.50539523,0.48338673,0.49203408
2016-10-01,2016-11-01,ME3 BM5,17.2883,1,0.5893104,0.44747108,0.54067713,0.49928847,0.4751954,0.4978017,0.51279175,0.46965057,0.4978017
2016-10-01,2016-11-01,ME4 BM1,3.7343,0,0.5068076,0.5044324,0.516613,0.50378287,0.48035306,0.50245905,0.5042366,0.48516893,0.50245905
2016-10-01,2016-11-01,ME4 BM2,7.0129,0,0.5647389,0.52892274,0.5710156,0.5026596,0.49388853,0.50237066,0.51197153,0.5008954,0.50237066
2016-10-01,2016-11-01,ME4 BM3,7.2794,0,0.52257544,0.42788017,0.5050582,0.5028211,0.46991724,0.49187794,0.5057843,0.46150982,0.49187794
2016-10-01,2016-11-01,ME4 BM4,6.9797,0,0.5504194,0.53479075,0.57392704,0.501766,0.48465684,0.5007869,0.509064,0.49468362,0.5007869
2016-10-01,2016-11-01,ME4 BM5,16.6082,1,0.55566156,0.49037352,0.52444506,0.5030659,0.46876946,0.50115013,0.5109553,0.4730903,0.50115013
2016-10-01,2016-11-01,BIG LoBM,1.0556,0,0.48660856,0.54069924,0.51399297,0.5032129,0.49804974,0.5018805,0.5007223,0.50657964,0.5018805
2016-10-01,2016-11-01,ME5 BM2,3.8112,0,0.4947087,0.5058809,0.47008824,0.50265384,0.51548874,0.5035405,0.5014621,0.5135672,0.5035405
2016-10-01,2016-11-01,ME5 BM3,4.3656,0,0.561944,0.5156734,0.45950896,0.50190645,0.48241124,0.50089586,0.5109121,0.48906368,0.50089586
2016-10-01,2016-11-01,ME5 BM4,6.3619,0,0.51281786,0.4723642,0.4860747,0.5012771,0.4997085,0.5005891,0.50300825,0.49423963,0.5005891
2016-10-01,2016-11-01,BIG HiBM,14.1398,1,0.62418306,0.5105505,0.58401513,0.50158805,0.46669397,0.49953237,0.51997733,0.4754653,0.49953237
2016-11-01,2016-12-01,SMALL LoBM,1.4093,0,0.45072109,0.48054296,0.42474028,0.5034142,0.48039407,0.4997248,0.49551028,0.48042384,0.4997248
2016-11-01,2016-12-01,ME1 BM2,3.8606,0,0.5198179,0.4977473,0.52340084,0.5051135,0.47695017,0.4951675,0.50731915,0.48110962,0.4951675
2016-11-01,2016-12-01,ME1 BM3,2.4963,0,0.498001,0.43365163,0.47342938,0.5071631,0.49268678,0.50407887,0.5057888,0.48087975,0.50407887
2016-11-01,2016-12-01,ME1 BM4,8.0093,1,0.44464347,0.47190362,0.43429053,0.5095735,0.48593524,0.5003722,0.49983403,0.48312894,0.5003722
2016-11-01,2016-12-01,SMALL HiBM,4.3956,1,0.49061525,0.49249685,0.48877484,0.51040787,0.48336527,0.50022376,0.507439,0.48519158,0.50022376
2016-11-01,2016-12-01,ME2 BM1,-2.6609,0,0.51831883,0.54476184,0.47828117,0.5047722,0.48966068,0.4962572,0.5068042,0.5006809,0.4962572
2016-11-01,2016-12-01,ME2 BM2,1.2823,0,0.4361868,0.49847105,0.4664706,0.50694287,0.49367455,0.50612414,0.49632946,0.49463385,0.50612414
2016-11-01,2016-12-01,ME2 BM3,2.4077,0,0.46303996,0.52991444,0.5248321,0.506354,0.4788643,0.4981219,0.4998569,0.48907435,0.4981219
2016-11-01,2016-12-01,ME2 BM4,4.5315,1,0.46370986,0.43910095,0.44143668,0.50739825,0.47659847,0.49247888,0.500845,0.469099,0.49247888
2016-11-01,2016-12-01,ME2 BM5,4.0358,0,0.46677408,0.5186472,0.50718427,0.5074582,0.48174107,0.49663356,0.50135565,0.48912233,0.49663356
2016-11-01,2016-12-01,ME3 BM1,0.6007,0,0.48549023,0.5003645,0.4715303,0.5096648,0.4761012,0.49958766,0.5060386,0.48095384,0.49958766
2016-11-01,2016-12-01,ME3 BM2,1.7577,0,0.48232594,0.4964601,0.5301771,0.50820357,0.4823234,0.5000915,0.50432193,0.48515075,0.5000915
2016-11-01,2016-12-01,ME3 BM3,1.7716,0,0.57276475,0.47609672,0.58074254,0.50835335,0.4835044,0.50002944,0.5180151,0.48202288,0.50002944
2016-11-01,2016-12-01,ME3 BM4,2.0166,0,0.4823813,0.48996246,0.5209081,0.5088357,0.4832313,0.499028,0.50486755,0.48457754,0.499028
2016-11-01,2016-12-01,ME3 BM5,1.6442,0,0.57584196,0.46064484,0.5737585,0.50750625,0.47548756,0.49745032,0.51775664,0.472519,0.49745032
2016-11-01,2016-12-01,ME4 BM1,0.1169,0,0.4824428,0.50507534,0.5428397,0.5102473,0.48021132,0.5005018,0.50607663,0.48518413,0.5005018
2016-11-01,2016-12-01,ME4 BM2,0.1463,0,0.510993,0.52564925,0.5493746,0.5089244,0.49019843,0.5015716,0.5092347,0.49728858,0.5015716
2016-11-01,2016-12-01,ME4 BM3,1.1218,0,0.45076132,0.48311466,0.47781533,0.5103613,0.48980597,0.50047314,0.50142133,0.48846772,0.50047314
2016-11-01,2016-12-01,ME4 BM4,1.909,0,0.4977228,0.49695498,0.5438027,0.50805515,0.49067116,0.5015273,0.5065053,0.49192792,0.5015273
2016-11-01,2016-12-01,ME4 BM5,2.0497,0,0.47944263,0.47953054,0.46100706,0.51067585,0.47266862,0.4981123,0.50599086,0.47404101,0.4981123
2016-11-01,2016-12-01,BIG LoBM,1.2329,0,0.52438885,0.3540116,0.4044488,0.5100323,0.48743322,0.5064132,0.5121858,0.4607489,0.5064132
2016-11-01,2016-12-01,ME5 BM2,1.3318,0,0.5351511,0.5030468,0.45757815,0.51014066,0.5163178,0.51319075,0.51389223,0.5136636,0.51319075
2016-11-01,2016-12-01,ME5 BM3,1.5779,0,0.41918737,0.47673023,0.47083187,0.5102964,0.5055107,0.50139034,0.49663007,0.4997546,0.50139034
2016-11-01,2016-12-01,ME5 BM4,4.6035,1,0.5138253,0.51971334,0.5027223,0.5086294,0.5158648,0.51074445,0.5094088,0.5166345,0.51074445
2016-11-01,2016-12-01,BIG HiBM,4.1845,1,0.5405118,0.4585676,0.53111434,0.509385,0.46471158,0.49365988,0.51405406,0.4634828,0.49365988
2016-12-01,2017-01-01,SMALL LoBM,1.8952,0,0.5070043,0.43288043,0.49373162,0.47467965,0.48213953,0.51774234,0.47952837,0.4722877,0.51774234
2016-12-01,2017-01-01,ME1 BM2,-3.9144,0,0.49355495,0.49527562,0.47246507,0.46684507,0.47781634,0.51083386,0.47085154,0.48130822,0.51083386
2016-12-01,2017-01-01,ME1 BM3,-0.1916,0,0.5749789,0.42935058,0.44333324,0.4710449,0.47054738,0.5238172,0.48663503,0.46230802,0.5238172
2016-12-01,2017-01-01,ME1 BM4,-1.8426,0,0.52943957,0.51144797,0.45154354,0.46944338,0.47346961,0.5250064,0.47844282,0.48106527,0.5250064
2016-12-01,2017-01-01,SMALL HiBM,-0.145,0,0.5243461,0.47548592,0.43811917,0.46845153,0.4722494,0.52511907,0.47683573,0.4728967,0.52511907
2016-12-01,2017-01-01,ME2 BM1,2.546,1,0.5318643,0.53700465,0.53894585,0.4726605,0.47418737,0.5142405,0.4815411,0.48675084,0.5142405
2016-12-01,2017-01-01,ME2 BM2,1.7825,0,0.42923877,0.45377034,0.41263837,0.466162,0.49158096,0.5092451,0.4606235,0.48401883,0.5092451
2016-12-01,2017-01-01,ME2 BM3,-0.5274,0,0.5039528,0.46092713,0.42777082,0.4728865,0.4886702,0.5227325,0.47754645,0.4831216,0.5227325
2016-12-01,2017-01-01,ME2 BM4,-2.035,0,0.5509987,0.46785164,0.373854,0.47383803,0.45139652,0.5195093,0.48541212,0.45468754,0.5195093
2016-12-01,2017-01-01,ME2 BM5,-0.0511,0,0.488051,0.4440374,0.40333146,0.46973637,0.46754694,0.5260926,0.47248358,0.46284506,0.5260926
2016-12-01,2017-01-01,ME3 BM1,2.2613,0,0.49508598,0.4452812,0.46768326,0.46055323,0.4741963,0.5059079,0.46573317,0.46841332,0.5059079
2016-12-01,2017-01-01,ME3 BM2,1.8432,0,0.50300586,0.5328799,0.54753464,0.46522486,0.49812254,0.51741374,0.470892,0.505074,0.51741374
2016-12-01,2017-01-01,ME3 BM3,1.4569,0,0.49105424,0.33632007,0.38277397,0.46500567,0.49138594,0.517733,0.46891296,0.46037278,0.517733
2016-12-01,2017-01-01,ME3 BM4,-0.1151,0,0.54725194,0.4936171,0.44836697,0.46876556,0.4759119,0.52752596,0.48053852,0.47945294,0.52752596
2016-12-01,2017-01-01,ME3 BM5,1.0046,0,0.5176088,0.35251004,0.389398,0.47381178,0.4641498,0.5266223,0.48038137,0.44182187,0.5266223
2016-12-01,2017-01-01,ME4 BM1,3.1317,1,0.45757106,0.5159816,0.45919895,0.45593297,0.47585618,0.50176156,0.45617872,0.48388126,0.50176156
2016-12-01,2017-01-01,ME4 BM2,3.7093,1,0.52116966,0.6413813,0.5754367,0.4629434,0.48616743,0.508492,0.47167736,0.51721025,0.508492
2016-12-01,2017-01-01,ME4 BM3,1.5364,0,0.48285273,0.48606056,0.38378015,0.46041286,0.4810697,0.5218502,0.46377885,0.48206788,0.5218502
2016-12-01,2017-01-01,ME4 BM4,1.6845,0,0.49937373,0.4437321,0.38258317,0.4630238,0.480201,0.5244168,0.4684763,0.47290725,0.5244168
2016-12-01,2017-01-01,ME4 BM5,1.5836,0,0.56817967,0.40499923,0.4413651,0.46853465,0.48971787,0.5204816,0.4834814,0.47277415,0.5204816
2016-12-01,2017-01-01,BIG LoBM,3.4037,1,0.4688568,0.4870109,0.40494686,0.45524618,0.49218756,0.5066402,0.4572878,0.49115223,0.5066402
2016-12-01,2017-01-01,ME5 BM2,2.4546,1,0.47481355,0.39864308,0.39268348,0.4554268,0.48100808,0.50531447,0.45833483,0.46453512,0.50531447
2016-12-01,2017-01-01,ME5 BM3,-0.6825,0,0.4855764,0.2902886,0.2850927,0.45668676,0.48459753,0.5096179,0.46102023,0.44573575,0.5096179
2016-12-01,2017-01-01,ME5 BM4,1.1467,0,0.48683822,0.5305073,0.48011327,0.45901063,0.4993375,0.516162,0.46318477,0.5055715,0.516162
2016-12-01,2017-01-01,BIG HiBM,-0.2862,0,0.6057251,0.4830474,0.6000653,0.4706716,0.49074233,0.5213216,0.49092966,0.48920333,0.5213216
2017-01-01,2017-02-01,SMALL LoBM,2.8459,0,0.56221384,0.42914328,0.474289,0.50464493,0.49127877,0.5142917,0.5132803,0.47885168,0.5142917
2017-01-01,2017-02-01,ME1 BM2,1.6132,0,0.576397,0.4862102,0.38230693,0.5037644,0.4929473,0.5096181,0.5146593,0.49159992,0.5096181
2017-01-01,2017-02-01,ME1 BM3,2.2794,0,0.4549264,0.46480927,0.48745963,0.49977505,0.48315334,0.5122615,0.49304777,0.47948453,0.5122615
2017-01-01,2017-02-01,ME1 BM4,0.463,0,0.5667651,0.5434334,0.53801155,0.5018016,0.48145235,0.5148311,0.51154613,0.49384856,0.5148311
2017-01-01,2017-02-01,SMALL HiBM,-1.3146,0,0.4295054,0.38893265,0.32753882,0.49789244,0.49721062,0.5119429,0.48763442,0.47555503,0.5119429
2017-01-01,2017-02-01,ME2 BM1,5.919,1,0.6167684,0.49307197,0.580078,0.502167,0.46837285,0.49646398,0.5193572,0.47331268,0.49646398
2017-01-01,2017-02-01,ME2 BM2,-0.0673,0,0.39881656,0.516942,0.4730203,0.49537134,0.50957495,0.51259494,0.48088813,0.5110484,0.51259494
2017-01-01,2017-02-01,ME2 BM3,0.6226,0,0.51975197,0.4598336,0.5090637,0.49672037,0.4986235,0.50713897,0.5001751,0.49086553,0.50713897
2017-01-01,2017-02-01,ME2 BM4,1.5659,0,0.3965258,0.45174196,0.49920294,0.49679583,0.49636605,0.50851977,0.48175535,0.48744124,0.50851977
2017-01-01,2017-02-01,ME2 BM5,1.0858,0,0.43210685,0.39513177,0.37348703,0.49807534,0.49404445,0.5083375,0.48818007,0.47426194,0.5083375
2017-01-01,2017-02-01,ME3 BM1,3.9237,1,0.48494175,0.41460276,0.41021624,0.4983176,0.50019723,0.512867,0.49631125,0.48307833,0.512867
2017-01-01,2017-02-01,ME3 BM2,1.5013,0,0.40165737,0.4829645,0.37041175,0.4959354,0.5017821,0.5135768,0.48179373,0.4980186,0.5135768
2017-01-01,2017-02-01,ME3 BM3,1.1162,0,0.47323537,0.48291966,0.38741833,0.49479267,0.5045865,0.51459575,0.4915591,0.50025314,0.51459575
2017-01-01,2017-02-01,ME3 BM4,1.0796,0,0.5425161,0.4231087,0.49056783,0.49489936,0.50477684,0.51038337,0.5020419,0.4884432,0.51038337
2017-01-01,2017-02-01,ME3 BM5,0.3981,0,0.5561044,0.4881641,0.5798719,0.49388492,0.4839199,0.5032574,0.5032179,0.48476875,0.5032574
2017-01-01,2017-02-01,ME4 BM1,3.9105,1,0.48410365,0.51178676,0.48950687,0.49717814,0.51269966,0.51481944,0.49521697,0.5125171,0.51481944
2017-01-01,2017-02-01,ME4 BM2,2.6427,0,0.5114394,0.5151642,0.524955,0.49353412,0.508755,0.5109901,0.49621993,0.5100369,0.5109901
2017-01-01,2017-02-01,ME4 BM3,3.0538,0,0.44684345,0.5918294,0.4863798,0.49488688,0.50462806,0.51052207,0.48768038,0.5220684,0.51052207
2017-01-01,2017-02-01,ME4 BM4,1.8282,0,0.4199778,0.5163825,0.47313678,0.4943582,0.494631,0.50749147,0.48320118,0.4989813,0.50749147
2017-01-01,2017-02-01,ME4 BM5,2.8293,0,0.49693567,0.52006626,0.48087254,0.49596322,0.48669627,0.50402737,0.4961091,0.4933703,0.50402737
2017-01-01,2017-02-01,BIG LoBM,4.7372,1,0.44353053,0.5263155,0.37956244,0.49465716,0.50373745,0.5106775,0.48698816,0.50825304,0.5106775
2017-01-01,2017-02-01,ME5 BM2,3.0569,0,0.411468,0.5203843,0.38353822,0.49179018,0.5027528,0.50653875,0.47974184,0.5062791,0.50653875
2017-01-01,2017-02-01,ME5 BM3,2.6336,0,0.37847275,0.38498437,0.31372318,0.49255905,0.5070765,0.51106477,0.47544613,0.4826581,0.51106477
2017-01-01,2017-02-01,ME5 BM4,3.231,0,0.38869748,0.4771659,0.43767434,0.4941298,0.49596733,0.5150428,0.478315,0.49220705,0.5150428
2017-01-01,2017-02-01,BIG HiBM,4.5126,1,0.6130936,0.5007896,0.6114527,0.50329876,0.47937378,0.49476677,0.519768,0.48365694,0.49476677
2017-02-01,2017-03-01,SMALL LoBM,1.9593,1,0.5428046,0.49271056,0.47328636,0.5015325,0.48023278,0.49652737,0.50772333,0.48272836,0.49652737
2017-02-01,2017-03-01,ME1 BM2,3.2491,1,0.47105852,0.500255,0.48099634,0.5095399,0.48589393,0.50437534,0.5037677,0.48876613,0.50437534
2017-02-01,2017-03-01,ME1 BM3,2.3729,1,0.48714387,0.45847687,0.4354295,0.5103135,0.47842884,0.49585626,0.5068381,0.47443846,0.49585626
2017-02-01,2017-03-01,ME1 BM4,0.685,0,0.5455051,0.44206902,0.507677,0.5075054,0.47638804,0.49486032,0.5132054,0.46952423,0.49486032
2017-02-01,2017-03-01,SMALL HiBM,0.3213,0,0.4771562,0.48157436,0.51157755,0.51098716,0.4753801,0.49622658,0.50591254,0.47661895,0.49622658
2017-02-01,2017-03-01,ME2 BM1,3.7536,1,0.43516988,0.4742293,0.4151492,0.50767994,0.48665798,0.5006803,0.49680346,0.48417225,0.5006803
2017-02-01,2017-03-01,ME2 BM2,0.3967,0,0.49005118,0.5338076,0.51888984,0.5087665,0.50941145,0.50459003,0.5059592,0.5142907,0.50459003
2017-02-01,2017-03-01,ME2 BM3,-0.7483,0,0.50223905,0.50945985,0.55677265,0.51202047,0.47386205,0.5019249,0.51055324,0.48098162,0.5019249
2017-02-01,2017-03-01,ME2 BM4,-0.6225,0,0.5590135,0.35972708,0.51593935,0.5117739,0.4990433,0.50254345,0.51885986,0.47118005,0.50254345
2017-02-01,2017-03-01,ME2 BM5,-2.0372,0,0.5347197,0.4520883,0.5183085,0.5102285,0.47632506,0.4956071,0.5139022,0.47147772,0.4956071
2017-02-01,2017-03-01,ME3 BM1,1.4034,0,0.4539,0.47915035,0.51261526,0.50800467,0.5060878,0.5051923,0.499889,0.5007003,0.5051923
2017-02-01,2017-03-01,ME3 BM2,-0.23,0,0.41228792,0.409966,0.42573312,0.5099122,0.5095253,0.5053368,0.49526855,0.48961344,0.5053368
2017-02-01,2017-03-01,ME3 BM3,0.8983,0,0.4330391,0.53938425,0.4789034,0.5106995,0.5162278,0.50652826,0.49905047,0.52085906,0.50652826
2017-02-01,2017-03-01,ME3 BM4,-0.7896,0,0.5025627,0.51592994,0.56872314,0.51028264,0.5091262,0.50628406,0.50912464,0.51048696,0.50628406
2017-02-01,2017-03-01,ME3 BM5,-2.2596,0,0.5323361,0.5263119,0.5672003,0.5084299,0.48134652,0.5016594,0.5120158,0.49033958,0.5016594
2017-02-01,2017-03-01,ME4 BM1,0.6959,0,0.44855097,0.49375716,0.4771964,0.5065324,0.48836428,0.4966496,0.4978352,0.48944286,0.4966496
2017-02-01,2017-03-01,ME4 BM2,0.0073,0,0.49068272,0.41269046,0.46214968,0.50404453,0.4973865,0.50198334,0.50204027,0.4804473,0.50198334
2017-02-01,2017-03-01,ME4 BM3,0.5657,0,0.4103786,0.53938174,0.47454816,0.508031,0.5004128,0.5032083,0.49338317,0.5082066,0.5032083
2017-02-01,2017-03-01,ME4 BM4,-0.2201,0,0.4480768,0.47984216,0.50391996,0.5091425,0.5045139,0.50846255,0.49998266,0.49957958,0.50846255
2017-02-01,2017-03-01,ME4 BM5,-3.4481,0,0.5738769,0.51171136,0.5399939,0.50485724,0.4887537,0.50218993,0.5152102,0.49334526,0.50218993
2017-02-01,2017-03-01,BIG LoBM,1.4383,1,0.36469436,0.34984294,0.39279693,0.5059893,0.48598066,0.49484333,0.4847951,0.4587531,0.49484333
2017-02-01,2017-03-01,ME5 BM2,0.3279,0,0.4187924,0.5302787,0.4690442,0.50712335,0.498969,0.4975095,0.49387372,0.5052309,0.4975095
2017-02-01,2017-03-01,ME5 BM3,-0.5868,0,0.43799207,0.58445764,0.58977383,0.51243186,0.4999803,0.5140765,0.5012659,0.51687574,0.5140765
2017-02-01,2017-03-01,ME5 BM4,-1.177,0,0.450668,0.47678766,0.467703,0.5089357,0.51168215,0.5101652,0.50019556,0.5047032,0.5101652
2017-02-01,2017-03-01,BIG HiBM,-3.1122,0,0.5386742,0.5262614,0.5154135,0.5044123,0.50432074,0.50681293,0.5095516,0.5087089,0.50681293
2017-03-01,2017-04-01,SMALL LoBM,3.8406,1,0.5554619,0.4587036,0.4836759,0.5017364,0.4795935,0.49457103,0.50979525,0.47541553,0.49457103
2017-03-01,2017-04-01,ME1 BM2,0.3716,0,0.47676295,0.4393798,0.457866,0.50204873,0.50729793,0.50586593,0.49825585,0.4937143,0.50586593
2017-03-01,2017-04-01,ME1 BM3,0.8077,0,0.46425337,0.44918105,0.44657284,0.5023669,0.4840511,0.49259558,0.4966499,0.4770771,0.49259558
2017-03-01,2017-04-01,ME1 BM4,2.2856,1,0.4309103,0.3465611,0.3375226,0.5025736,0.4784953,0.49721953,0.49182415,0.45210847,0.49721953
2017-03-01,2017-04-01,SMALL HiBM,0.2914,0,0.43523383,0.44737762,0.43885463,0.5024387,0.4753345,0.49193567,0.49235803,0.46974313,0.49193567
2017-03-01,2017-04-01,ME2 BM1,3.6384,1,0.44100758,0.51661366,0.49043688,0.5002489,0.48031005,0.49960685,0.49136272,0.4875708,0.49960685
2017-03-01,2017-04-01,ME2 BM2,1.2831,0,0.36145902,0.5382592,0.4139264,0.5009117,0.51906514,0.5097793,0.47999382,0.522904,0.5097793
2017-03-01,2017-04-01,ME2 BM3,1.0098,0,0.44284654,0.49285975,0.45820343,0.49908122,0.4815991,0.492801,0.49064603,0.48385122,0.492801
2017-03-01,2017-04-01,ME2 BM4,1.6225,0,0.54752874,0.42973477,0.4732217,0.500724,0.4703122,0.5030215,0.5077447,0.4621967,0.5030215
2017-03-01,2017-04-01,ME2 BM5,0.392,0,0.42937234,0.3965024,0.40395996,0.50009733,0.48148844,0.4925628,0.4894886,0.46449125,0.4925628
2017-03-01,2017-04-01,ME3 BM1,1.9455,1,0.47501752,0.47149706,0.47769594,0.5010172,0.5006995,0.502768,0.49711728,0.49485904,0.502768
2017-03-01,2017-04-01,ME3 BM2,1.0871,0,0.45147336,0.60233676,0.53683394,0.5018596,0.50858444,0.50987375,0.49430168,0.5273349,0.50987375
2017-03-01,2017-04-01,ME3 BM3,1.4077,0,0.41485637,0.5656001,0.48106647,0.49963057,0.51546526,0.51036775,0.48691446,0.5254922,0.51036775
2017-03-01,2017-04-01,ME3 BM4,-0.2066,0,0.4439534,0.4696929,0.48839295,0.49626154,0.5154429,0.50886726,0.48841533,0.5062929,0.50886726
2017-03-01,2017-04-01,ME3 BM5,-2.2245,0,0.46366015,0.4801382,0.56112444,0.49352738,0.49128747,0.5030226,0.48904732,0.48905763,0.5030226
2017-03-01,2017-04-01,ME4 BM1,1.8732,0,0.48480994,0.42239094,0.41926983,0.50071704,0.48699084,0.5068604,0.498331,0.47407088,0.5068604
2017-03-01,2017-04-01,ME4 BM2,1.5734,0,0.50822014,0.5051527,0.54583865,0.49971986,0.48938558,0.5087442,0.5009949,0.492539,0.5087442
2017-03-01,2017-04-01,ME4 BM3,0.1876,0,0.47738796,0.5024974,0.522919,0.49951032,0.5005843,0.5028206,0.49619198,0.5009669,0.5028206
2017-03-01,2017-04-01,ME4 BM4,-0.3246,0,0.37179625,0.50498044,0.4295852,0.4999679,0.48632935,0.51234376,0.4807422,0.49005955,0.51234376
2017-03-01,2017-04-01,ME4 BM5,-0.8654,0,0.4655314,0.4172229,0.47002733,0.49615097,0.49331093,0.5033488,0.49155807,0.47809333,0.5033488
2017-03-01,2017-04-01,BIG LoBM,1.9205,1,0.4857318,0.3679012,0.4297203,0.5015348,0.48741186,0.4981736,0.49916437,0.46350974,0.4981736
2017-03-01,2017-04-01,ME5 BM2,1.9084,0,0.512535,0.4629218,0.47621927,0.50123715,0.49784026,0.49987024,0.50293183,0.4908566,0.49987024
2017-03-01,2017-04-01,ME5 BM3,0.8835,0,0.46885452,0.61521864,0.4919625,0.501019,0.47132564,0.5093938,0.49619433,0.50010425,0.5093938
2017-03-01,2017-04-01,ME5 BM4,-0.7722,0,0.4919954,0.47277203,0.48736882,0.5012585,0.48513287,0.5075757,0.49986905,0.4826607,0.5075757
2017-03-01,2017-04-01,BIG HiBM,-0.7601,0,0.5158583,0.42124006,0.52683157,0.49888653,0.49454945,0.5018581,0.5014323,0.47988757,0.5018581
2017-04-01,2017-05-01,SMALL LoBM,-1.9875,0,0.5459961,0.6625648,0.6125914,0.5164187,0.47956637,0.49233863,0.5208553,0.5161661,0.49233863
2017-04-01,2017-05-01,ME1 BM2,-3.8028,0,0.42260572,0.474456,0.46173406,0.5139264,0.49297318,0.49866676,0.5002283,0.48926973,0.49866676
2017-04-01,2017-05-01,ME1 BM3,-1.5728,0,0.4510501,0.38195986,0.5002302,0.5123533,0.48344308,0.4944433,0.50315785,0.46314645,0.4944433
2017-04-01,2017-05-01,ME1 BM4,-2.4877,0,0.43799567,0.54819673,0.48171085,0.51338226,0.48100168,0.49374518,0.5020743,0.4944407,0.49374518
2017-04-01,2017-05-01,SMALL HiBM,-3.3489,0,0.48433116,0.51687646,0.5177581,0.5165956,0.5159872,0.5023906,0.51175594,0.5161651,0.5023906
2017-04-01,2017-05-01,ME2 BM1,0.3287,0,0.42152852,0.48433083,0.48193815,0.5132649,0.4834054,0.49682394,0.49950445,0.48359048,0.49682394
2017-04-01,2017-05-01,ME2 BM2,-0.75,0,0.41437176,0.4416379,0.45505828,0.51222134,0.49570766,0.50266504,0.4975439,0.4848937,0.50266504
2017-04-01,2017-05-01,ME2 BM3,-2.3938,0,0.46050748,0.34238082,0.45157495,0.5118475,0.48240694,0.49114764,0.5041465,0.45440173,0.49114764
2017-04-01,2017-05-01,ME2 BM4,-4.1175,0,0.4973466,0.48091424,0.50201595,0.5141077,0.49577934,0.5021248,0.5115936,0.49280632,0.5021248
2017-04-01,2017-05-01,ME2 BM5,-4.2705,0,0.523149,0.3456617,0.4714182,0.5158752,0.47552714,0.49202767,0.5169663,0.4495541,0.49202767
2017-04-01,2017-05-01,ME3 BM1,1.6143,1,0.50606894,0.4112925,0.47128308,0.51186335,0.51355135,0.5024203,0.5109942,0.49309957,0.5024203
2017-04-01,2017-05-01,ME3 BM2,-0.834,0,0.43319678,0.23104838,0.4062144,0.51224494,0.4566886,0.49451897,0.5003877,0.41156057,0.49451897
2017-04-01,2017-05-01,ME3 BM3,-2.5361,0,0.5120899,0.44951776,0.45493454,0.5114446,0.48060018,0.49405995,0.5115414,0.4743837,0.49405995
2017-04-01,2017-05-01,ME3 BM4,-1.9627,0,0.5483162,0.52739036,0.57802445,0.515096,0.514635,0.50381374,0.520079,0.5171861,0.50381374
2017-04-01,2017-05-01,ME3 BM5,-4.2279,0,0.49843138,0.5284225,0.54681844,0.5155612,0.48719046,0.4988091,0.5129918,0.49543685,0.4988091
2017-04-01,2017-05-01,ME4 BM1,1.6218,1,0.42726132,0.48652604,0.4329791,0.512708,0.51933956,0.50574976,0.49989104,0.51277685,0.50574976
2017-04-01,2017-05-01,ME4 BM2,-0.5932,0,0.50895035,0.35852098,0.47442365,0.5117205,0.45624703,0.496527,0.511305,0.43670183,0.496527
2017-04-01,2017-05-01,ME4 BM3,0.2422,0,0.5068156,0.52775335,0.52638686,0.51215595,0.51776195,0.50713027,0.5113549,0.51976025,0.50713027
2017-04-01,2017-05-01,ME4 BM4,-0.1903,0,0.49586543,0.40111414,0.37847653,0.5140288,0.47455,0.49686375,0.5113043,0.45986283,0.49686375
2017-04-01,2017-05-01,ME4 BM5,-3.0146,0,0.5109924,0.5499552,0.53351146,0.51430464,0.49199,0.49916095,0.5138078,0.503583,0.49916095
2017-04-01,2017-05-01,BIG LoBM,2.8893,1,0.46300244,0.4136845,0.42524216,0.5116683,0.5050974,0.50421256,0.5043684,0.48681483,0.50421256
2017-04-01,2017-05-01,ME5 BM2,2.1743,1,0.4699695,0.401906,0.52521515,0.51184505,0.51340973,0.50842226,0.50556374,0.491109,0.50842226
2017-04-01,2017-05-01,ME5 BM3,0.8519,1,0.4645356,0.5286267,0.5320789,0.51449907,0.49068055,0.5073801,0.50700456,0.4982698,0.5073801
2017-04-01,2017-05-01,ME5 BM4,-0.5429,0,0.4467962,0.46919155,0.42851627,0.5155108,0.50589776,0.5073776,0.5052036,0.49855652,0.5073776
2017-04-01,2017-05-01,BIG HiBM,-2.4049,0,0.5034285,0.50840664,0.5357728,0.5157373,0.4984912,0.50244224,0.513891,0.5004743,0.50244224
2017-05-01,2017-06-01,SMALL LoBM,9.4758,1,0.5782781,0.45230272,0.48214692,0.5069467,0.48068213,0.4892132,0.51764643,0.47500625,0.4892132
2017-05-01,2017-06-01,ME1 BM2,8.8023,1,0.39505592,0.46558014,0.40647164,0.5091703,0.5148309,0.5062922,0.49205315,0.50498074,0.5062922
2017-05-01,2017-06-01,ME1 BM3,4.7934,1,0.4063334,0.3887183,0.39545283,0.50857836,0.48569414,0.49331766,0.49324164,0.466299,0.49331766
2017-05-01,2017-06-01,ME1 BM4,3.8381,0,0.45102954,0.55651236,0.5508661,0.5113686,0.4810866,0.49042264,0.5023177,0.49617177,0.49042264
2017-05-01,2017-06-01,SMALL HiBM,4.3485,0,0.5145645,0.54453,0.53355086,0.51058203,0.5185656,0.5040097,0.51117945,0.5237585,0.5040097
2017-05-01,2017-06-01,ME2 BM1,6.1147,1,0.44418618,0.5010009,0.46885252,0.50484717,0.48688844,0.50030077,0.495748,0.48971093,0.50030077
2017-05-01,2017-06-01,ME2 BM2,2.907,0,0.41556367,0.45122957,0.48156565,0.5092032,0.49078116,0.5013984,0.4951573,0.48287088,0.5013984
2017-05-01,2017-06-01,ME2 BM3,3.2326,0,0.45935044,0.5993588,0.54263526,0.5090743,0.48372266,0.48894957,0.5016157,0.5068499,0.48894957
2017-05-01,2017-06-01,ME2 BM4,3.0004,0,0.46846083,0.5036324,0.49355066,0.5086036,0.50020665,0.5025119,0.5025822,0.5008918,0.5025119
2017-05-01,2017-06-01,ME2 BM5,4.0952,0,0.44323087,0.390303,0.42522994,0.5092709,0.48533532,0.48747826,0.4993649,0.46632886,0.48747826
2017-05-01,2017-06-01,ME3 BM1,2.4993,0,0.44411737,0.37341505,0.39043695,0.5070774,0.5073054,0.5039352,0.4976334,0.4805273,0.5039352
2017-05-01,2017-06-01,ME3 BM2,2.085,0,0.42391166,0.59150285,0.5576909,0.50914335,0.45778438,0.48960665,0.4963586,0.48452806,0.48960665
2017-05-01,2017-06-01,ME3 BM3,2.7464,0,0.47926238,0.47781244,0.50815755,0.5087675,0.47924185,0.49171674,0.5043417,0.47895598,0.49171674
2017-05-01,2017-06-01,ME3 BM4,2.5114,0,0.47381872,0.51836383,0.5041459,0.50910074,0.5206646,0.5061929,0.50380844,0.5202044,0.5061929
2017-05-01,2017-06-01,ME3 BM5,3.2395,0,0.55721194,0.5443042,0.5880996,0.5112517,0.48651883,0.5013888,0.51814574,0.49807593,0.5013888
2017-05-01,2017-06-01,ME4 BM1,1.5006,0,0.40602705,0.46643242,0.42954603,0.5069152,0.4996448,0.49938762,0.491782,0.49300233,0.49938762
2017-05-01,2017-06-01,ME4 BM2,1.6377,0,0.48533332,0.5724288,0.5795928,0.50699663,0.4548813,0.4934202,0.50374717,0.4783908,0.4934202
2017-05-01,2017-06-01,ME4 BM3,1.2275,0,0.47758007,0.52638197,0.5244097,0.5094273,0.51351464,0.50744855,0.50465024,0.5160881,0.50744855
2017-05-01,2017-06-01,ME4 BM4,2.4713,0,0.48930135,0.39783338,0.4186172,0.50976574,0.47659978,0.49722582,0.5066961,0.4608465,0.49722582
2017-05-01,2017-06-01,ME4 BM5,3.9228,0,0.5640058,0.5418568,0.5782834,0.5100857,0.48742673,0.5023362,0.51817375,0.49831277,0.5023362
2017-05-01,2017-06-01,BIG LoBM,-0.451,0,0.40244496,0.6793388,0.55466044,0.50769854,0.5140492,0.4994627,0.49191052,0.5471071,0.4994627
2017-05-01,2017-06-01,ME5 BM2,0.2256,0,0.43051088,0.44299653,0.43746188,0.5071041,0.49534678,0.50235194,0.49561512,0.48487675,0.50235194
2017-05-01,2017-06-01,ME5 BM3,-0.4655,0,0.4256996,0.30147916,0.33929974,0.50800395,0.50743693,0.50544035,0.4956583,0.46624538,0.50544035
2017-05-01,2017-06-01,ME5 BM4,1.7052,0,0.43853712,0.5307365,0.4462564,0.50940824,0.52474236,0.50718415,0.4987776,0.5259412,0.50718415
2017-05-01,2017-06-01,BIG HiBM,5.2688,1,0.4896098,0.51231444,0.5595029,0.5099934,0.50976396,0.5043615,0.50693583,0.51027405,0.5043615
2017-06-01,2017-07-01,SMALL LoBM,-0.8108,0,0.587893,0.36175507,0.5207814,0.49974844,0.47907725,0.4996398,0.51297015,0.4556128,0.4996398
2017-06-01,2017-07-01,ME1 BM2,-2.8201,0,0.48596898,0.5106083,0.47389624,0.5037695,0.5120312,0.5118146,0.50109947,0.51174664,0.5118146
2017-06-01,2017-07-01,ME1 BM3,-0.801,0,0.44688204,0.3425055,0.367655,0.50394464,0.4792905,0.49684557,0.49538526,0.4519335,0.49684557
2017-06-01,2017-07-01,ME1 BM4,-0.8005,0,0.51094526,0.5136176,0.50567377,0.5036366,0.474035,0.49615237,0.5047329,0.4819515,0.49615237
2017-06-01,2017-07-01,SMALL HiBM,-0.2382,0,0.5462422,0.5651121,0.57926834,0.50463223,0.51040614,0.5092168,0.51087373,0.52134734,0.5092168
2017-06-01,2017-07-01,ME2 BM1,-0.0707,0,0.4709155,0.48860493,0.47263566,0.5046745,0.5108417,0.50855565,0.49961066,0.5063944,0.50855565
2017-06-01,2017-07-01,ME2 BM2,0.6592,0,0.42202476,0.36672634,0.4201367,0.50705767,0.4827032,0.50885975,0.49430275,0.45950785,0.50885975
2017-06-01,2017-07-01,ME2 BM3,1.0639,0,0.5005777,0.32984823,0.45323238,0.5050263,0.4782643,0.49586448,0.504359,0.4485811,0.49586448
2017-06-01,2017-07-01,ME2 BM4,1.3408,0,0.5865399,0.47711068,0.5919903,0.5040516,0.50198215,0.50522625,0.5164249,0.49700788,0.50522625
2017-06-01,2017-07-01,ME2 BM5,2.3299,1,0.5205793,0.5161129,0.540124,0.50429815,0.5035587,0.5063081,0.50674033,0.50606954,0.5063081
2017-06-01,2017-07-01,ME3 BM1,0.7932,0,0.45903212,0.565728,0.5023204,0.50641483,0.4951756,0.50324357,0.49930745,0.5092861,0.50324357
2017-06-01,2017-07-01,ME3 BM2,0.5463,0,0.4554436,0.29017442,0.40193158,0.5029306,0.4629771,0.50068367,0.49580756,0.42841658,0.50068367
2017-06-01,2017-07-01,ME3 BM3,1.4574,0,0.53551424,0.57112837,0.5941516,0.5054398,0.5127543,0.5135057,0.509951,0.52442914,0.5135057
2017-06-01,2017-07-01,ME3 BM4,0.0499,0,0.5625312,0.50756514,0.5694267,0.50560045,0.51883674,0.51049864,0.51414007,0.5165824,0.51049864
2017-06-01,2017-07-01,ME3 BM5,2.6142,1,0.6192667,0.51337314,0.6081488,0.50331795,0.4935836,0.5013814,0.5207103,0.49754152,0.5013814
2017-06-01,2017-07-01,ME4 BM1,1.6712,0,0.42328697,0.45058346,0.39909706,0.50507766,0.5033723,0.5035587,0.49280906,0.49281454,0.5035587
2017-06-01,2017-07-01,ME4 BM2,1.1914,0,0.5097012,0.48309508,0.50028855,0.5056009,0.46346885,0.50202453,0.506216,0.46739408,0.50202453
2017-06-01,2017-07-01,ME4 BM3,1.1218,0,0.5224803,0.50790215,0.54008675,0.50504816,0.51602,0.5173068,0.507663,0.5143964,0.5173068
2017-06-01,2017-07-01,ME4 BM4,2.8886,1,0.5129024,0.37487447,0.48039338,0.5079613,0.47675937,0.5027888,0.50870246,0.4563824,0.5027888
2017-06-01,2017-07-01,ME4 BM5,1.9761,0,0.573309,0.48436025,0.6038099,0.5022826,0.498732,0.50340474,0.5129366,0.49585766,0.50340474
2017-06-01,2017-07-01,BIG LoBM,2.5623,1,0.4305802,0.46439373,0.47950098,0.5047146,0.49220678,0.49988222,0.49359447,0.48664418,0.49988222
2017-06-01,2017-07-01,ME5 BM2,2.2453,0,0.40542367,0.5752745,0.5540073,0.50499785,0.4677778,0.5057468,0.49006173,0.48927715,0.5057468
2017-06-01,2017-07-01,ME5 BM3,1.4927,0,0.45054388,0.6793719,0.4853486,0.50697243,0.44395292,0.5018599,0.4985082,0.4910367,0.5018599
2017-06-01,2017-07-01,ME5 BM4,2.1881,0,0.46519664,0.51604295,0.46178633,0.50830513,0.5223533,0.51500535,0.50183886,0.5210912,0.51500535
2017-06-01,2017-07-01,BIG HiBM,2.2896,1,0.6080372,0.5030521,0.6219265,0.5027193,0.50974226,0.5090877,0.51851696,0.50840425,0.5090877
2017-07-01,2017-08-01,SMALL LoBM,-0.9,0,0.59114987,0.3517988,0.4716682,0.50368524,0.48265314,0.5059968,0.51680493,0.4564823,0.5059968
2017-07-01,2017-08-01,ME1 BM2,-0.0852,0,0.5002419,0.39704245,0.45062304,0.49852908,0.48795405,0.50661,0.498786,0.46977174,0.50661
2017-07-01,2017-08-01,ME1 BM3,-1.8355,0,0.49141526,0.31474534,0.38773948,0.50044376,0.47445214,0.50969183,0.4990895,0.44251078,0.50969183
2017-07-01,2017-08-01,ME1 BM4,-2.0149,0,0.46472397,0.457073,0.44471624,0.5036933,0.4849337,0.48600876,0.4978479,0.47936156,0.48600876
2017-07-01,2017-08-01,SMALL HiBM,-1.5454,0,0.50491446,0.4950736,0.48538804,0.49979904,0.4979684,0.50414354,0.50056636,0.49738947,0.50414354
2017-07-01,2017-08-01,ME2 BM1,-0.8322,0,0.5451518,0.479235,0.54094917,0.5002531,0.4781747,0.49526516,0.5069879,0.47838676,0.49526516
2017-07-01,2017-08-01,ME2 BM2,-1.1412,0,0.4448854,0.40937665,0.4604077,0.5025023,0.48154017,0.49255222,0.4938598,0.46710747,0.49255222
2017-07-01,2017-08-01,ME2 BM3,-1.8939,0,0.47284213,0.38422367,0.39812937,0.49996713,0.48118848,0.5033077,0.49589837,0.4617955,0.5033077
2017-07-01,2017-08-01,ME2 BM4,-3.0978,0,0.43172908,0.46272662,0.46206698,0.49804887,0.49056345,0.50228536,0.48810092,0.4849961,0.50228536
2017-07-01,2017-08-01,ME2 BM5,-3.8965,0,0.5724454,0.4370173,0.5272145,0.50044966,0.49294627,0.5040801,0.51124907,0.4817605,0.5040801
2017-07-01,2017-08-01,ME3 BM1,0.7953,1,0.55229414,0.52481157,0.50091743,0.50198746,0.46850476,0.49948445,0.50953346,0.47976613,0.49948445
2017-07-01,2017-08-01,ME3 BM2,-1.8586,0,0.4083601,0.3930761,0.4112628,0.5018162,0.4668782,0.49268627,0.48779783,0.4521178,0.49268627
2017-07-01,2017-08-01,ME3 BM3,-1.9729,0,0.5347928,0.5630823,0.55451214,0.5007316,0.49951756,0.50687766,0.5058408,0.5122305,0.50687766
2017-07-01,2017-08-01,ME3 BM4,-0.9424,0,0.5220246,0.47110057,0.51109624,0.49715623,0.505003,0.50537306,0.5008865,0.49822253,0.50537306
2017-07-01,2017-08-01,ME3 BM5,-3.2061,0,0.61503214,0.4804211,0.6082088,0.49655145,0.48259032,0.50262237,0.5143236,0.48215646,0.50262237
2017-07-01,2017-08-01,ME4 BM1,0.901,1,0.49739763,0.50373805,0.583204,0.50209486,0.50679535,0.50350475,0.5013903,0.50618386,0.50350475
2017-07-01,2017-08-01,ME4 BM2,0.1535,1,0.5512751,0.48979333,0.59409136,0.4992074,0.45515448,0.49662966,0.50701755,0.46208227,0.49662966
2017-07-01,2017-08-01,ME4 BM3,-0.315,0,0.5075802,0.45517793,0.5176428,0.50053054,0.51067376,0.50703937,0.501588,0.4995746,0.50703937
2017-07-01,2017-08-01,ME4 BM4,-1.728,0,0.5068742,0.325305,0.42197028,0.49866185,0.47993982,0.4875074,0.49989372,0.44901288,0.4875074
2017-07-01,2017-08-01,ME4 BM5,-2.4956,0,0.6062168,0.54611856,0.6092588,0.49160257,0.48681176,0.50155705,0.5087947,0.49867314,0.50155705
2017-07-01,2017-08-01,BIG LoBM,2.111,1,0.4813762,0.59828734,0.4921212,0.50702316,0.51627463,0.5054121,0.5031761,0.5326772,0.5054121
2017-07-01,2017-08-01,ME5 BM2,0.0712,1,0.44188887,0.5806874,0.57273906,0.5050228,0.48528507,0.5016279,0.49555272,0.50436556,0.5016279
2017-07-01,2017-08-01,ME5 BM3,-0.622,0,0.46845508,0.43959957,0.4735414,0.50643253,0.45576885,0.49924913,0.50073594,0.452535,0.49924913
2017-07-01,2017-08-01,ME5 BM4,-0.0249,0,0.44206697,0.45857662,0.42707992,0.50260735,0.5047934,0.5042977,0.4935263,0.49555007,0.5042977
2017-07-01,2017-08-01,BIG HiBM,-1.6783,0,0.59888923,0.5304466,0.6147881,0.48894668,0.4918988,0.50108945,0.5054381,0.49960837,0.50108945
2017-08-01,2017-09-01,SMALL LoBM,7.1923,0,0.5034622,0.4331262,0.49791571,0.5124141,0.48318416,0.4927622,0.5110713,0.47317258,0.4927622
2017-08-01,2017-09-01,ME1 BM2,5.849,0,0.42358834,0.6326151,0.5178941,0.5118576,0.5099157,0.502362,0.49861726,0.5344556,0.502362
2017-08-01,2017-09-01,ME1 BM3,10.0218,1,0.49755144,0.33367503,0.37789798,0.51143897,0.4855895,0.49494,0.50935584,0.4552066,0.49494
2017-08-01,2017-09-01,ME1 BM4,9.7705,1,0.43536466,0.4309196,0.44240937,0.5119674,0.48304933,0.4881811,0.500477,0.4726234,0.4881811
2017-08-01,2017-09-01,SMALL HiBM,9.1039,1,0.51464695,0.5053362,0.51364857,0.5120912,0.5200955,0.50450957,0.5124746,0.51714367,0.50450957
2017-08-01,2017-09-01,ME2 BM1,5.6939,0,0.4691528,0.48188013,0.4771792,0.511248,0.50424796,0.50230443,0.5049337,0.4997744,0.50230443
2017-08-01,2017-09-01,ME2 BM2,6.5072,0,0.46111172,0.4978524,0.5851453,0.5120718,0.4681553,0.48891658,0.5044278,0.47409472,0.48891658
2017-08-01,2017-09-01,ME2 BM3,8.756,1,0.4546808,0.41406682,0.4459636,0.5105553,0.4866677,0.49463817,0.50217414,0.47214752,0.49463817
2017-08-01,2017-09-01,ME2 BM4,9.3012,1,0.46093562,0.5041334,0.52372575,0.51089156,0.5064146,0.5011546,0.5033982,0.5059583,0.5011546
2017-08-01,2017-09-01,ME2 BM5,6.9507,0,0.5118223,0.4637357,0.4904934,0.5091537,0.50230193,0.50007427,0.509554,0.4945887,0.50007427
2017-08-01,2017-09-01,ME3 BM1,2.4036,0,0.4285448,0.52068996,0.3439686,0.5085296,0.475994,0.49553323,0.4965319,0.4849332,0.49553323
2017-08-01,2017-09-01,ME3 BM2,4.6011,0,0.45446506,0.3336894,0.3761211,0.51212823,0.45835388,0.49184328,0.50347877,0.433421,0.49184328
2017-08-01,2017-09-01,ME3 BM3,7.0008,0,0.43006796,0.42218024,0.3900707,0.5109916,0.4796174,0.49079654,0.49885306,0.46812996,0.49079654
2017-08-01,2017-09-01,ME3 BM4,6.7982,0,0.5211081,0.4777053,0.536354,0.5114112,0.4838815,0.50171685,0.5128658,0.48264626,0.50171685
2017-08-01,2017-09-01,ME3 BM5,5.5792,0,0.4813377,0.49430868,0.49475193,0.5060259,0.48972836,0.49879587,0.5023227,0.49064445,0.49879587
2017-08-01,2017-09-01,ME4 BM1,3.0275,0,0.43996337,0.4892212,0.52760065,0.5094751,0.50551754,0.49739605,0.49904835,0.50225824,0.49739605
2017-08-01,2017-09-01,ME4 BM2,3.7843,0,0.5337991,0.4460593,0.4570151,0.5089507,0.46582493,0.49268422,0.512678,0.4618718,0.49268422
2017-08-01,2017-09-01,ME4 BM3,4.6703,0,0.4725346,0.5364723,0.5575821,0.510198,0.5122092,0.49985552,0.5045485,0.5170618,0.49985552
2017-08-01,2017-09-01,ME4 BM4,3.4049,0,0.46449137,0.33935806,0.33731827,0.50654984,0.4798273,0.4880198,0.5002411,0.45173347,0.4880198
2017-08-01,2017-09-01,ME4 BM5,5.6489,0,0.61929214,0.49977443,0.5940443,0.5078566,0.47465682,0.49630204,0.52457196,0.47968036,0.49630204
2017-08-01,2017-09-01,BIG LoBM,1.0474,0,0.48281258,0.35757598,0.39730108,0.50819355,0.4937138,0.49468032,0.5043864,0.46648625,0.49468032
2017-08-01,2017-09-01,ME5 BM2,1.2862,0,0.4455812,0.43494552,0.42211667,0.5077121,0.48652384,0.49384817,0.49839252,0.47620818,0.49384817
2017-08-01,2017-09-01,ME5 BM3,3.6556,0,0.42688152,0.47110635,0.41901782,0.5083108,0.4674169,0.49176773,0.4960964,0.4681548,0.49176773
2017-08-01,2017-09-01,ME5 BM4,2.8143,0,0.48451468,0.3996817,0.44959432,0.50818276,0.49519056,0.49660057,0.5046326,0.47608882,0.49660057
2017-08-01,2017-09-01,BIG HiBM,5.0913,0,0.57682043,0.46957168,0.57552296,0.5073508,0.50521296,0.5013701,0.51777124,0.4980847,0.5013701
2017-09-01,2017-10-01,SMALL LoBM,-2.9851,0,0.40269992,0.41190013,0.37918863,0.50256664,0.48271242,0.5015743,0.48758665,0.46854997,0.5015743
2017-09-01,2017-10-01,ME1 BM2,-2.5199,0,0.43968105,0.48703897,0.43868777,0.5141636,0.47699356,0.49891442,0.50299126,0.47900265,0.49891442
2017-09-01,2017-10-01,ME1 BM3,2.9561,1,0.46611974,0.3041378,0.36834234,0.5142653,0.4787745,0.50475526,0.5070435,0.44384715,0.50475526
2017-09-01,2017-10-01,ME1 BM4,-0.0093,0,0.48951957,0.295315,0.39048633,0.51322716,0.47967187,0.5036793,0.50967103,0.4428005,0.5036793
2017-09-01,2017-10-01,SMALL HiBM,0.9073,0,0.4488237,0.4925525,0.4992512,0.5155343,0.48290864,0.50061905,0.5055277,0.4848374,0.50061905
2017-09-01,2017-10-01,ME2 BM1,0.2457,0,0.410526,0.49535254,0.48651588,0.51331735,0.48589054,0.49670193,0.49789867,0.48778296,0.49670193
2017-09-01,2017-10-01,ME2 BM2,1.4941,0,0.38423023,0.58473676,0.4780217,0.51607275,0.4808061,0.49447656,0.49629638,0.5015923,0.49447656
2017-09-01,2017-10-01,ME2 BM3,0.2272,0,0.45314434,0.25221142,0.3366178,0.51562893,0.47552964,0.50636685,0.5062563,0.430866,0.50636685
2017-09-01,2017-10-01,ME2 BM4,-0.044,0,0.5171257,0.49336237,0.5270413,0.5135079,0.47816917,0.49835947,0.5140506,0.48120782,0.49835947
2017-09-01,2017-10-01,ME2 BM5,0.8648,0,0.4614203,0.507408,0.5336297,0.51223135,0.47993243,0.49918708,0.5046097,0.48542756,0.49918708
2017-09-01,2017-10-01,ME3 BM1,2.3892,0,0.46361208,0.5704126,0.49138713,0.5152741,0.47244972,0.50289863,0.50752485,0.4920423,0.50289863
2017-09-01,2017-10-01,ME3 BM2,1.906,0,0.40594098,0.34194943,0.36901295,0.51627815,0.46131265,0.49493116,0.49972758,0.43744,0.49493116
2017-09-01,2017-10-01,ME3 BM3,1.4219,0,0.42897552,0.51393294,0.45958054,0.5160228,0.49874806,0.502192,0.50296575,0.50178504,0.502192
2017-09-01,2017-10-01,ME3 BM4,0.535,0,0.542674,0.52253425,0.5584034,0.51603335,0.49327278,0.501197,0.5200295,0.4991251,0.501197
2017-09-01,2017-10-01,ME3 BM5,3.3494,1,0.51748395,0.47252932,0.517898,0.5139717,0.4759961,0.496467,0.51449853,0.47530276,0.496467
2017-09-01,2017-10-01,ME4 BM1,2.6216,0,0.43144417,0.48484153,0.47610417,0.5151177,0.47107127,0.5021386,0.5025667,0.47382534,0.5021386
2017-09-01,2017-10-01,ME4 BM2,3.2391,1,0.53502506,0.39322245,0.46671036,0.51550144,0.4795353,0.4988463,0.51843,0.46227273,0.4988463
2017-09-01,2017-10-01,ME4 BM3,1.9136,0,0.47609094,0.51463234,0.52856266,0.5162439,0.5169438,0.5023808,0.51022094,0.5164815,0.5023808
2017-09-01,2017-10-01,ME4 BM4,-0.4299,0,0.4514277,0.33708292,0.39411676,0.5164981,0.4749096,0.49909395,0.50673753,0.44734427,0.49909395
2017-09-01,2017-10-01,ME4 BM5,2.0043,0,0.61378574,0.43357748,0.6360151,0.51379764,0.47633925,0.49839428,0.52879584,0.4677869,0.49839428
2017-09-01,2017-10-01,BIG LoBM,4.2284,1,0.47412905,0.540536,0.46590084,0.5147651,0.50211966,0.49742457,0.5086697,0.50980294,0.49742457
2017-09-01,2017-10-01,ME5 BM2,0.7849,0,0.4464157,0.28654954,0.36594114,0.51640534,0.5082515,0.50454926,0.5059069,0.4639111,0.50454926
2017-09-01,2017-10-01,ME5 BM3,2.1606,0,0.42950433,0.44933942,0.45619065,0.5164743,0.4569658,0.49842635,0.5034288,0.45544055,0.49842635
2017-09-01,2017-10-01,ME5 BM4,1.2073,0,0.46755624,0.45627764,0.48722786,0.5139643,0.4742289,0.50053245,0.50700307,0.47063863,0.50053245
2017-09-01,2017-10-01,BIG HiBM,4.2464,1,0.5786254,0.52780163,0.6135388,0.514151,0.47962248,0.5001008,0.5238222,0.48925832,0.5001008
2017-10-01,2017-11-01,SMALL LoBM,1.4022,0,0.4489929,0.41987416,0.35542828,0.49502814,0.45585907,0.51479536,0.48812288,0.4486621,0.51479536
2017-10-01,2017-11-01,ME1 BM2,4.5252,1,0.4091848,0.50192404,0.39644298,0.49515903,0.48695013,0.50503933,0.4822629,0.4899449,0.50503933
2017-10-01,2017-11-01,ME1 BM3,2.5637,0,0.44547018,0.29581392,0.31081796,0.49568862,0.4616084,0.5207139,0.48815587,0.42844954,0.5207139
2017-10-01,2017-11-01,ME1 BM4,2.0916,0,0.4227338,0.39462876,0.39930996,0.4963859,0.47366402,0.5227896,0.4853381,0.45785698,0.5227896
2017-10-01,2017-11-01,SMALL HiBM,3.861,0,0.43371224,0.5163579,0.48514813,0.49494267,0.4862235,0.5088946,0.4857581,0.49225038,0.5088946
2017-10-01,2017-11-01,ME2 BM1,2.1676,0,0.43117395,0.3043137,0.37272882,0.49527875,0.46870047,0.51384306,0.48566306,0.43582314,0.51384306
2017-10-01,2017-11-01,ME2 BM2,3.2668,0,0.40683573,0.43392053,0.3082086,0.49653336,0.46514818,0.51333976,0.48307872,0.45890266,0.51333976
2017-10-01,2017-11-01,ME2 BM3,2.3744,0,0.4146321,0.35230136,0.35553706,0.49607,0.45806906,0.5187722,0.48385432,0.43691552,0.5187722
2017-10-01,2017-11-01,ME2 BM4,2.2007,0,0.48094776,0.475394,0.5031119,0.49489772,0.4828514,0.5057973,0.49280524,0.4813599,0.5057973
2017-10-01,2017-11-01,ME2 BM5,1.4171,0,0.47948328,0.45194486,0.45822805,0.49706024,0.47910774,0.50256777,0.4944237,0.4736752,0.50256777
2017-10-01,2017-11-01,ME3 BM1,3.8463,0,0.42512774,0.48285377,0.46633494,0.49457502,0.4712929,0.5008372,0.48415795,0.4736051,0.5008372
2017-10-01,2017-11-01,ME3 BM2,3.4775,0,0.4234809,0.40893173,0.31774837,0.494488,0.479949,0.50825095,0.48383695,0.46574557,0.50825095
2017-10-01,2017-11-01,ME3 BM3,3.6682,0,0.41128942,0.4927322,0.36752674,0.49261332,0.465067,0.5157497,0.48041475,0.47060004,0.5157497
2017-10-01,2017-11-01,ME3 BM4,3.3907,0,0.4368323,0.467648,0.4392142,0.49110663,0.48118058,0.5051651,0.4829655,0.47847408,0.5051651
2017-10-01,2017-11-01,ME3 BM5,3.6887,0,0.47755265,0.475618,0.5003975,0.49316722,0.47155136,0.49544728,0.49082503,0.47236472,0.49544728
2017-10-01,2017-11-01,ME4 BM1,4.7855,1,0.38123646,0.3799958,0.33477348,0.49174508,0.46929106,0.502105,0.4751688,0.45143202,0.502105
2017-10-01,2017-11-01,ME4 BM2,4.8332,1,0.3985839,0.32312986,0.29055223,0.4872627,0.4829513,0.50532055,0.47396088,0.45098704,0.50532055
2017-10-01,2017-11-01,ME4 BM3,4.3053,0,0.43997115,0.29777783,0.28226203,0.4844644,0.47115043,0.50794744,0.47779042,0.4364759,0.50794744
2017-10-01,2017-11-01,ME4 BM4,3.2237,0,0.40139323,0.30288395,0.28313756,0.48800284,0.48122558,0.5029152,0.4750114,0.44555727,0.5029152
2017-10-01,2017-11-01,ME4 BM5,4.8384,1,0.5334909,0.5168571,0.5598478,0.48720694,0.47581062,0.49611568,0.49414957,0.4840199,0.49611568
2017-10-01,2017-11-01,BIG LoBM,3.2246,0,0.38800004,0.3430349,0.40684506,0.48893493,0.5096576,0.5119731,0.4737947,0.47633308,0.5119731
2017-10-01,2017-11-01,ME5 BM2,2.4267,0,0.40767375,0.44073096,0.38273194,0.48796663,0.46936744,0.5080064,0.4759227,0.46364015,0.5080064
2017-10-01,2017-11-01,ME5 BM3,4.6506,1,0.42530826,0.3140017,0.30122676,0.4846344,0.47721088,0.5072543,0.47573552,0.44456905,0.5072543
2017-10-01,2017-11-01,ME5 BM4,2.8034,0,0.4770995,0.41854668,0.32541278,0.4851414,0.47757506,0.50360626,0.48393512,0.46576938,0.50360626
2017-10-01,2017-11-01,BIG HiBM,2.4165,0,0.5636661,0.5176777,0.5561503,0.48283896,0.48241505,0.49818128,0.49496305,0.48946762,0.49818128
2017-11-01,2017-12-01,SMALL LoBM,1.4033,1,0.45090783,0.50906897,0.49424797,0.5029994,0.47847936,0.50174785,0.49518567,0.4845973,0.50174785
2017-11-01,2017-12-01,ME1 BM2,0.0926,0,0.48109746,0.4999857,0.42067087,0.50252074,0.5108602,0.51772666,0.49930727,0.5086853,0.51772666
2017-11-01,2017-12-01,ME1 BM3,-0.4749,0,0.5533231,0.50690246,0.39511198,0.50180787,0.4912041,0.52021635,0.5095352,0.4943438,0.52021635
2017-11-01,2017-12-01,ME1 BM4,-1.3835,0,0.38163498,0.44791344,0.41455704,0.5018858,0.48605195,0.5070284,0.48384818,0.47842425,0.5070284
2017-11-01,2017-12-01,SMALL HiBM,0.2164,0,0.48684978,0.5347029,0.51593405,0.502071,0.50146055,0.5158354,0.49978784,0.50810903,0.5158354
2017-11-01,2017-12-01,ME2 BM1,0.0668,0,0.5289528,0.40346295,0.38689286,0.50233614,0.46997038,0.5079783,0.50632864,0.45666888,0.5079783
2017-11-01,2017-12-01,ME2 BM2,2.4431,1,0.49817374,0.45326403,0.45737317,0.50197196,0.51034033,0.5192995,0.50140226,0.4989251,0.5192995
2017-11-01,2017-12-01,ME2 BM3,-1.9439,0,0.453862,0.5132539,0.43888217,0.50231683,0.512151,0.519001,0.49504864,0.5123716,0.519001
2017-11-01,2017-12-01,ME2 BM4,-0.1032,0,0.46723154,0.466974,0.4875721,0.50396633,0.4983234,0.5163492,0.49845612,0.4920535,0.5163492
2017-11-01,2017-12-01,ME2 BM5,0.1966,0,0.3983381,0.43115348,0.36772445,0.5035164,0.50437725,0.51975244,0.48773965,0.4897325,0.51975244
2017-11-01,2017-12-01,ME3 BM1,1.021,0,0.56421787,0.19416577,0.37014553,0.50088775,0.48608974,0.5156727,0.5103873,0.42770493,0.5156727
2017-11-01,2017-12-01,ME3 BM2,-0.1446,0,0.5002426,0.37524205,0.4361033,0.5021542,0.5015778,0.51959014,0.5018675,0.47631067,0.51959014
2017-11-01,2017-12-01,ME3 BM3,0.3904,0,0.5098334,0.45486245,0.4445845,0.50191236,0.49301574,0.52286327,0.5031005,0.4853851,0.52286327
2017-11-01,2017-12-01,ME3 BM4,-1.3191,0,0.4284701,0.5409434,0.39553115,0.5026864,0.5164337,0.52305603,0.49155396,0.52133566,0.52305603
2017-11-01,2017-12-01,ME3 BM5,0.4002,0,0.38862932,0.40425032,0.36226746,0.50305784,0.49554992,0.5195354,0.48589355,0.47729,0.5195354
2017-11-01,2017-12-01,ME4 BM1,0.4199,0,0.50530463,0.4652717,0.35048923,0.5007261,0.4731068,0.5006516,0.50141287,0.4715398,0.5006516
2017-11-01,2017-12-01,ME4 BM2,0.7703,0,0.5792097,0.4347433,0.49328643,0.50251395,0.49747247,0.5135133,0.5140183,0.48492664,0.5135133
2017-11-01,2017-12-01,ME4 BM3,0.6324,0,0.5335303,0.45376974,0.4851391,0.5025178,0.497674,0.5175308,0.5071697,0.48889315,0.5175308
2017-11-01,2017-12-01,ME4 BM4,1.1674,0,0.44533002,0.34256196,0.37424156,0.5038706,0.49250922,0.52561843,0.49508953,0.46251976,0.52561843
2017-11-01,2017-12-01,ME4 BM5,3.5384,1,0.43269992,0.4144271,0.27159774,0.5035927,0.50334346,0.5204296,0.4929588,0.48556018,0.5204296
2017-11-01,2017-12-01,BIG LoBM,1.0423,0,0.46114483,0.54434735,0.4524464,0.4982883,0.48663044,0.51363766,0.4927168,0.49817383,0.51363766
2017-11-01,2017-12-01,ME5 BM2,1.4506,1,0.4575777,0.32120025,0.3393984,0.5029777,0.51784754,0.51463515,0.49616775,0.47851807,0.51463515
2017-11-01,2017-12-01,ME5 BM3,1.5447,1,0.46320534,0.3790422,0.42345285,0.5009664,0.499827,0.5108166,0.4953023,0.47567004,0.5108166
2017-11-01,2017-12-01,ME5 BM4,1.1786,0,0.49439263,0.49854085,0.38176015,0.5030097,0.47567213,0.5053204,0.50171715,0.4802459,0.5053204
2017-11-01,2017-12-01,BIG HiBM,1.2048,0,0.5073438,0.4086121,0.48901984,0.50210726,0.48826984,0.5156029,0.5028928,0.47233832,0.5156029
2017-12-01,2018-01-01,SMALL LoBM,3.5172,0,0.55340713,0.5673335,0.5590643,0.49914426,0.47976074,0.48622504,0.5072837,0.4972753,0.48622504
2017-12-01,2018-01-01,ME1 BM2,2.9971,0,0.5417598,0.476208,0.48135245,0.4922207,0.5033492,0.50198734,0.49965155,0.49792096,0.50198734
2017-12-01,2018-01-01,ME1 BM3,2.4151,0,0.52171206,0.48773676,0.5109472,0.500546,0.47916535,0.4893188,0.5037209,0.48087963,0.4893188
2017-12-01,2018-01-01,ME1 BM4,2.7465,0,0.6305342,0.5757489,0.60529184,0.50623083,0.5004213,0.5072825,0.52487636,0.51548684,0.5072825
2017-12-01,2018-01-01,SMALL HiBM,0.5313,0,0.5746022,0.510461,0.56503874,0.5016619,0.48114344,0.49487698,0.5126029,0.48700696,0.49487698
2017-12-01,2018-01-01,ME2 BM1,2.8132,0,0.52013457,0.49283746,0.4568795,0.49889627,0.5010969,0.49708387,0.502082,0.49944502,0.49708387
2017-12-01,2018-01-01,ME2 BM2,2.3933,0,0.54861754,0.3876153,0.43722922,0.4968089,0.5000048,0.4930675,0.5045802,0.47752693,0.4930675
2017-12-01,2018-01-01,ME2 BM3,2.9965,0,0.56472164,0.39708403,0.44671375,0.50011694,0.48395723,0.496003,0.50980765,0.4665826,0.496003
2017-12-01,2018-01-01,ME2 BM4,2.2074,0,0.5330857,0.52226,0.54241276,0.5053054,0.47723916,0.49834543,0.5094725,0.48624334,0.49834543
2017-12-01,2018-01-01,ME2 BM5,2.1157,0,0.5221703,0.5846536,0.5798603,0.5054932,0.47816077,0.5006516,0.50799483,0.49945936,0.5006516
2017-12-01,2018-01-01,ME3 BM1,5.0764,1,0.46745527,0.39516208,0.4901522,0.4972457,0.47697124,0.5020925,0.49277717,0.4606094,0.5020925
2017-12-01,2018-01-01,ME3 BM2,3.7257,0,0.5118062,0.3712044,0.3894073,0.49785084,0.49587527,0.4902758,0.49994415,0.47094113,0.4902758
2017-12-01,2018-01-01,ME3 BM3,3.4016,0,0.52209383,0.3586679,0.4428957,0.4975902,0.50147665,0.49328113,0.50126576,0.4729149,0.49328113
2017-12-01,2018-01-01,ME3 BM4,3.6353,0,0.5311938,0.32705486,0.42306137,0.49671054,0.49282697,0.4941579,0.50188303,0.45967254,0.4941579
2017-12-01,2018-01-01,ME3 BM5,2.4584,0,0.53297895,0.3079575,0.390233,0.49849138,0.48220012,0.49235886,0.5036645,0.4473516,0.49235886
2017-12-01,2018-01-01,ME4 BM1,5.055,0,0.47152558,0.4640801,0.5778489,0.49795544,0.48265493,0.50443137,0.493991,0.47893998,0.50443137
2017-12-01,2018-01-01,ME4 BM2,5.6247,1,0.532826,0.3878627,0.4923148,0.49817917,0.5022288,0.49314603,0.50337625,0.4793556,0.49314603
2017-12-01,2018-01-01,ME4 BM3,4.6011,0,0.49624255,0.29578218,0.46900204,0.49640554,0.50692624,0.4899659,0.4963811,0.46469745,0.4899659
2017-12-01,2018-01-01,ME4 BM4,3.3897,0,0.50260466,0.42149556,0.29430336,0.49776348,0.4756265,0.49706835,0.49848968,0.46480033,0.49706835
2017-12-01,2018-01-01,ME4 BM5,1.6835,0,0.52174485,0.42633256,0.44257998,0.49755293,0.49262562,0.4960292,0.5011817,0.47936702,0.4960292
2017-12-01,2018-01-01,BIG LoBM,8.0568,1,0.45403847,0.2173401,0.2978438,0.49962404,0.48236394,0.50026375,0.49278623,0.4293592,0.50026375
2017-12-01,2018-01-01,ME5 BM2,5.3436,1,0.42417398,0.3587163,0.36794317,0.49938688,0.48313382,0.5010662,0.48810497,0.45825034,0.5010662
2017-12-01,2018-01-01,ME5 BM3,5.0716,0,0.50880414,0.4004083,0.51049805,0.49674565,0.50736886,0.49619648,0.49855444,0.48597676,0.49619648
2017-12-01,2018-01-01,ME5 BM4,4.2437,0,0.49629393,0.26479447,0.41039,0.5045557,0.49306017,0.49609962,0.50331646,0.44740704,0.49609962
2017-12-01,2018-01-01,BIG HiBM,6.0404,1,0.54510665,0.27045158,0.3469461,0.5046431,0.50335395,0.5034307,0.5107126,0.4567735,0.5034307
2018-01-01,2018-02-01,SMALL LoBM,-2.2115,1,0.49113262,0.60004526,0.5226964,0.4956184,0.47811955,0.48937798,0.49494553,0.5025047,0.48937798
2018-01-01,2018-02-01,ME1 BM2,-1.9706,1,0.5844287,0.44009322,0.46006125,0.4950995,0.5146612,0.5064923,0.5084989,0.4997476,0.5064923
2018-01-01,2018-02-01,ME1 BM3,-4.1962,0,0.5199419,0.5356644,0.5506079,0.50071764,0.4952962,0.50532573,0.5036013,0.50336987,0.50532573
2018-01-01,2018-02-01,ME1 BM4,-3.2021,0,0.5383371,0.5600796,0.5457007,0.5003244,0.48213422,0.505013,0.5060263,0.49772328,0.505013
2018-01-01,2018-02-01,SMALL HiBM,-3.8367,0,0.47446823,0.5693544,0.49958217,0.5003981,0.48165965,0.50493854,0.49650863,0.49919862,0.50493854
2018-01-01,2018-02-01,ME2 BM1,-4.0882,0,0.47818166,0.46651885,0.49761543,0.49961516,0.51330096,0.5086156,0.49640015,0.5039445,0.5086156
2018-01-01,2018-02-01,ME2 BM2,-2.0116,1,0.47246093,0.49355984,0.46896654,0.49765754,0.49288926,0.4993947,0.49387807,0.49302337,0.4993947
2018-01-01,2018-02-01,ME2 BM3,-3.9999,0,0.5095373,0.39255932,0.4609734,0.5013838,0.48815992,0.50427413,0.5026068,0.4690398,0.50427413
2018-01-01,2018-02-01,ME2 BM4,-3.6871,0,0.48528734,0.48787475,0.5194105,0.5028287,0.5173521,0.50782037,0.5001975,0.5114566,0.50782037
2018-01-01,2018-02-01,ME2 BM5,-3.9764,0,0.46641758,0.36882076,0.48794204,0.5021107,0.51189613,0.5087613,0.49675676,0.48328105,0.5087613
2018-01-01,2018-02-01,ME3 BM1,-2.9375,0,0.43276474,0.37371245,0.34012124,0.49854213,0.5017643,0.5105634,0.48867553,0.47615394,0.5105634
2018-01-01,2018-02-01,ME3 BM2,-3.5351,0,0.44071648,0.6710748,0.5223372,0.50094366,0.4987807,0.5086525,0.4919096,0.53323954,0.5086525
2018-01-01,2018-02-01,ME3 BM3,-5.1369,0,0.44456127,0.41312048,0.4103672,0.5009793,0.5069611,0.5058242,0.4925166,0.488193,0.5058242
2018-01-01,2018-02-01,ME3 BM4,-4.0985,0,0.44935405,0.33903578,0.39253843,0.50067776,0.50127685,0.5049875,0.49297923,0.46882865,0.5049875
2018-01-01,2018-02-01,ME3 BM5,-4.6276,0,0.51616436,0.42360076,0.49816546,0.5014458,0.5118768,0.5093547,0.5036536,0.49422163,0.5093547
2018-01-01,2018-02-01,ME4 BM1,-3.2593,0,0.41500947,0.48107296,0.37753227,0.5004964,0.5012704,0.51139367,0.48767337,0.49723092,0.51139367
2018-01-01,2018-02-01,ME4 BM2,-4.9482,0,0.5000618,0.42011133,0.4097036,0.50073075,0.524199,0.506349,0.50063044,0.5033815,0.506349
2018-01-01,2018-02-01,ME4 BM3,-3.4788,0,0.417761,0.36135745,0.30654377,0.49919355,0.5234818,0.5059289,0.48697868,0.49105692,0.5059289
2018-01-01,2018-02-01,ME4 BM4,-4.5931,0,0.4137882,0.65022224,0.4779403,0.49842587,0.44553357,0.49915117,0.48573023,0.4864713,0.49915117
2018-01-01,2018-02-01,ME4 BM5,-4.7199,0,0.5099188,0.40464637,0.48949158,0.49750036,0.5044811,0.50518095,0.49936312,0.48451415,0.50518095
2018-01-01,2018-02-01,BIG LoBM,-1.3619,1,0.4369784,0.4438103,0.40885517,0.5000657,0.5037528,0.5113561,0.4906026,0.49176434,0.5113561
2018-01-01,2018-02-01,ME5 BM2,-4.9429,0,0.41380864,0.3377978,0.2410917,0.49804133,0.5029904,0.5036602,0.48540643,0.46995193,0.5036602
2018-01-01,2018-02-01,ME5 BM3,-5.2129,0,0.49603555,0.4494572,0.3555604,0.5010897,0.50019497,0.5002627,0.5003316,0.49004743,0.5002627
2018-01-01,2018-02-01,ME5 BM4,-5.6357,0,0.4797118,0.29264653,0.31275657,0.49829996,0.50338924,0.5033823,0.49551177,0.4612407,0.5033823
2018-01-01,2018-02-01,BIG HiBM,-1.9848,1,0.49874192,0.5343362,0.48996028,0.5018975,0.50484055,0.5029618,0.5014242,0.5107397,0.5029618
2018-02-01,2018-03-01,SMALL LoBM,2.973,1,0.43991125,0.55382985,0.46297905,0.49166235,0.4797226,0.4860942,0.4838997,0.49454403,0.4860942
2018-02-01,2018-03-01,ME1 BM2,-0.9147,0,0.47914094,0.4346093,0.36995304,0.4883051,0.46724308,0.49039912,0.4869305,0.46071634,0.49039912
2018-02-01,2018-03-01,ME1 BM3,0.6012,0,0.4711319,0.49104592,0.4266729,0.49981305,0.4794807,0.4918072,0.49551088,0.48179376,0.4918072
2018-02-01,2018-03-01,ME1 BM4,2.7967,1,0.5456018,0.49234813,0.5813932,0.4956556,0.50643826,0.50112057,0.50314754,0.50362027,0.50112057
2018-02-01,2018-03-01,SMALL HiBM,2.4923,1,0.58906615,0.53143823,0.611122,0.4993419,0.51688725,0.5028423,0.5128006,0.51979744,0.5028423
2018-02-01,2018-03-01,ME2 BM1,2.0508,1,0.4816222,0.385886,0.42151558,0.49628696,0.49495417,0.5060585,0.49408725,0.47314054,0.5060585
2018-02-01,2018-03-01,ME2 BM2,0.4668,0,0.45528156,0.4222416,0.38793176,0.49799794,0.49685544,0.5021746,0.4915905,0.4819327,0.5021746
2018-02-01,2018-03-01,ME2 BM3,1.1741,0,0.47730714,0.45219627,0.44215426,0.49545696,0.5059293,0.5014925,0.4927345,0.4951827,0.5014925
2018-02-01,2018-03-01,ME2 BM4,1.3443,0,0.43395865,0.52240974,0.5075565,0.49966073,0.50749975,0.50260067,0.48980546,0.5104818,0.50260067
2018-02-01,2018-03-01,ME2 BM5,0.9736,0,0.4687406,0.4075062,0.4488398,0.49954963,0.50394976,0.50406635,0.4949283,0.48466107,0.50406635
2018-02-01,2018-03-01,ME3 BM1,2.1376,1,0.41132143,0.20423763,0.27897945,0.48982823,0.48036647,0.49891633,0.47805223,0.42514068,0.49891633
2018-02-01,2018-03-01,ME3 BM2,1.168,0,0.48491877,0.5396093,0.42035037,0.4947467,0.49851447,0.49647295,0.49327254,0.5067334,0.49647295
2018-02-01,2018-03-01,ME3 BM3,-0.9456,0,0.466081,0.5175471,0.4635477,0.49704137,0.503127,0.5018098,0.4923973,0.506011,0.5018098
2018-02-01,2018-03-01,ME3 BM4,1.6383,0,0.44112015,0.37324128,0.3991547,0.4927474,0.48829705,0.4951198,0.48500335,0.4652859,0.4951198
2018-02-01,2018-03-01,ME3 BM5,0.431,0,0.4598369,0.40379217,0.43576795,0.49869916,0.50356114,0.5041976,0.49286982,0.48360735,0.5041976
2018-02-01,2018-03-01,ME4 BM1,-0.4648,0,0.44705883,0.40168685,0.34349415,0.4908508,0.48257333,0.5007326,0.48428202,0.46639603,0.5007326
2018-02-01,2018-03-01,ME4 BM2,0.1997,0,0.503235,0.48096153,0.47743067,0.49200293,0.513478,0.4999769,0.49368778,0.5069747,0.4999769
2018-02-01,2018-03-01,ME4 BM3,-0.1661,0,0.448552,0.516851,0.37551278,0.49119392,0.503368,0.4975585,0.48479763,0.50606465,0.4975585
2018-02-01,2018-03-01,ME4 BM4,0.7823,0,0.47814232,0.36763218,0.34826887,0.4944959,0.49295518,0.49550173,0.49204287,0.4678906,0.49550173
2018-02-01,2018-03-01,ME4 BM5,0.2994,0,0.45863307,0.48674318,0.35927874,0.50380766,0.5096952,0.5033504,0.49703148,0.5051048,0.5033504
2018-02-01,2018-03-01,BIG LoBM,-2.8051,0,0.48566872,0.49454367,0.44400826,0.48688787,0.526902,0.50395405,0.486705,0.5204304,0.50395405
2018-02-01,2018-03-01,ME5 BM2,-3.9862,0,0.4619065,0.3782822,0.41441453,0.48995852,0.5141114,0.50069606,0.48575073,0.48694557,0.50069606
2018-02-01,2018-03-01,ME5 BM3,-1.2294,0,0.48129466,0.43614423,0.46616462,0.49229443,0.50714993,0.49895838,0.49064445,0.49294883,0.49895838
2018-02-01,2018-03-01,ME5 BM4,-1.6646,0,0.43886456,0.3153108,0.42317507,0.49099857,0.48426905,0.50679576,0.4831785,0.45047742,0.50679576
2018-02-01,2018-03-01,BIG HiBM,-4.6468,0,0.50386703,0.41339564,0.41306987,0.49065897,0.49288887,0.4990148,0.4926402,0.47699022,0.4990148
2018-03-01,2018-04-01,SMALL LoBM,0.0982,0,0.49130353,0.5049482,0.52706164,0.50476325,0.51837194,0.508754,0.5027443,0.5156872,0.508754
2018-03-01,2018-04-01,ME1 BM2,4.6808,1,0.45027632,0.42224577,0.49211672,0.50482494,0.46430475,0.50047565,0.49664265,0.45589298,0.50047565
2018-03-01,2018-04-01,ME1 BM3,0.7233,0,0.54743296,0.49379167,0.5433879,0.50442743,0.51075315,0.5071449,0.51087826,0.5073609,0.5071449
2018-03-01,2018-04-01,ME1 BM4,1.1595,0,0.55244863,0.5228003,0.5732081,0.50641346,0.5175403,0.5090444,0.5133188,0.5185923,0.5090444
2018-03-01,2018-04-01,SMALL HiBM,0.9816,0,0.57723516,0.6046981,0.61570793,0.5062433,0.51484907,0.50917363,0.5168921,0.5328189,0.50917363
2018-03-01,2018-04-01,ME2 BM1,0.1011,0,0.5117677,0.5391939,0.5208344,0.5027717,0.49268246,0.5088023,0.5041211,0.5019848,0.5088023
2018-03-01,2018-04-01,ME2 BM2,1.3596,1,0.50392574,0.45029235,0.47128233,0.5068486,0.5039127,0.51126754,0.5064102,0.49318862,0.51126754
2018-03-01,2018-04-01,ME2 BM3,0.887,0,0.542761,0.59966695,0.5670539,0.50582683,0.48760626,0.50184774,0.51136696,0.5100184,0.50184774
2018-03-01,2018-04-01,ME2 BM4,0.8587,0,0.5127984,0.605741,0.5825909,0.5060992,0.5152743,0.50948465,0.50710416,0.53336763,0.50948465
2018-03-01,2018-04-01,ME2 BM5,4.5123,1,0.47914368,0.59039074,0.530388,0.50582606,0.50803745,0.51136434,0.5018237,0.5245081,0.51136434
2018-03-01,2018-04-01,ME3 BM1,-0.1966,0,0.47416347,0.13941048,0.19424827,0.5057564,0.4675984,0.5066503,0.50101745,0.40196082,0.5066503
2018-03-01,2018-04-01,ME3 BM2,0.2978,0,0.49734226,0.3666631,0.40547916,0.5061789,0.46732277,0.5012488,0.5048534,0.44719082,0.5012488
2018-03-01,2018-04-01,ME3 BM3,-1.6556,0,0.53057474,0.48032328,0.48748565,0.5035909,0.4957789,0.5027954,0.5076385,0.49268776,0.5027954
2018-03-01,2018-04-01,ME3 BM4,1.3182,0,0.5410183,0.43940598,0.4673565,0.50588155,0.49179524,0.5016352,0.5111521,0.4813174,0.5016352
2018-03-01,2018-04-01,ME3 BM5,-0.0078,0,0.5242438,0.54943466,0.53481454,0.5053059,0.5043205,0.51117826,0.5081466,0.51334333,0.51117826
2018-03-01,2018-04-01,ME4 BM1,-0.0105,0,0.48409215,0.16740832,0.22540097,0.50549686,0.47592506,0.5090591,0.50228614,0.4142217,0.5090591
2018-03-01,2018-04-01,ME4 BM2,-0.721,0,0.4985867,0.27132785,0.33810526,0.5034415,0.4849567,0.51292694,0.5027133,0.44223094,0.51292694
2018-03-01,2018-04-01,ME4 BM3,-0.672,0,0.47767895,0.24922593,0.26707923,0.50592655,0.48212776,0.5118716,0.50168943,0.4355474,0.5118716
2018-03-01,2018-04-01,ME4 BM4,-0.5631,0,0.50680935,0.36307067,0.41067293,0.50459623,0.4733848,0.5031011,0.50492823,0.451322,0.5031011
2018-03-01,2018-04-01,ME4 BM5,2.3362,1,0.5229718,0.24326722,0.28564635,0.5048404,0.49562436,0.50860333,0.50756013,0.44515294,0.50860333
2018-03-01,2018-04-01,BIG LoBM,0.2292,0,0.46908706,0.42886186,0.442328,0.50631785,0.4955357,0.5054251,0.50073326,0.48220092,0.5054251
2018-03-01,2018-04-01,ME5 BM2,0.9306,0,0.4723192,0.19466835,0.258053,0.50303316,0.48515114,0.5093662,0.49842608,0.42705458,0.5093662
2018-03-01,2018-04-01,ME5 BM3,1.4465,1,0.49621582,0.26437178,0.34236985,0.5034757,0.48594418,0.51302904,0.50238675,0.4416297,0.51302904
2018-03-01,2018-04-01,ME5 BM4,0.6463,0,0.49753505,0.32436946,0.40501392,0.5033403,0.46877626,0.5040015,0.50246954,0.4398949,0.5040015
2018-03-01,2018-04-01,BIG HiBM,-0.1038,0,0.5030582,0.42892584,0.488901,0.5051497,0.512696,0.5117328,0.504836,0.495942,0.5117328
2018-04-01,2018-05-01,SMALL LoBM,14.2749,1,0.5907891,0.546974,0.6320817,0.5036403,0.47867635,0.49796185,0.51671267,0.49233592,0.49796185
2018-04-01,2018-05-01,ME1 BM2,10.4853,1,0.5032128,0.5331876,0.5085893,0.502395,0.4921324,0.5045879,0.5025177,0.50034344,0.5045879
2018-04-01,2018-05-01,ME1 BM3,7.5027,1,0.48737517,0.5540759,0.6051992,0.5043016,0.5173342,0.50781226,0.5017626,0.5246826,0.50781226
2018-04-01,2018-05-01,ME1 BM4,6.5421,0,0.54946876,0.5221867,0.5949125,0.5044,0.5068621,0.50606847,0.5111604,0.50992703,0.50606847
2018-04-01,2018-05-01,SMALL HiBM,6.3579,0,0.5719336,0.47983193,0.55341667,0.5040082,0.50581396,0.50525427,0.514197,0.50061756,0.50525427
2018-04-01,2018-05-01,ME2 BM1,8.6613,1,0.54523134,0.5293827,0.549858,0.50483143,0.50451905,0.50871056,0.51089144,0.5094918,0.50871056
2018-04-01,2018-05-01,ME2 BM2,6.4566,0,0.44084886,0.515197,0.42618692,0.50443435,0.52020144,0.51051295,0.49489653,0.51920056,0.51051295
2018-04-01,2018-05-01,ME2 BM3,6.982,0,0.5064659,0.4527976,0.5446712,0.5045738,0.5081903,0.5076364,0.50485766,0.49711174,0.5076364
2018-04-01,2018-05-01,ME2 BM4,7.1675,1,0.5738587,0.4132114,0.5696316,0.50526345,0.5057106,0.5082384,0.51555276,0.48721078,0.5082384
2018-04-01,2018-05-01,ME2 BM5,3.7877,0,0.48311046,0.45900306,0.4835621,0.50479674,0.5037602,0.50867575,0.5015438,0.4948088,0.50867575
2018-04-01,2018-05-01,ME3 BM1,6.0957,0,0.47395074,0.6089981,0.48664904,0.5047667,0.47884694,0.5074228,0.5001443,0.5048772,0.5074228
2018-04-01,2018-05-01,ME3 BM2,5.2862,0,0.51073474,0.33977968,0.44387636,0.50502384,0.49142677,0.5047239,0.5058805,0.46109736,0.5047239
2018-04-01,2018-05-01,ME3 BM3,4.6834,0,0.47611246,0.54238707,0.51533425,0.5047606,0.48585185,0.5087233,0.5004634,0.4971589,0.5087233
2018-04-01,2018-05-01,ME3 BM4,5.5146,0,0.49739486,0.49983948,0.5441674,0.5034087,0.48115888,0.50092095,0.5025066,0.48489502,0.50092095
2018-04-01,2018-05-01,ME3 BM5,4.6801,0,0.5266926,0.50629425,0.49209607,0.50373894,0.48585615,0.5037075,0.507182,0.48994377,0.5037075
2018-04-01,2018-05-01,ME4 BM1,4.1052,0,0.45438653,0.2560659,0.3697983,0.5053139,0.4865907,0.51098907,0.49767476,0.44048575,0.51098907
2018-04-01,2018-05-01,ME4 BM2,4.5945,0,0.43011078,0.2231882,0.33800828,0.50489956,0.4937607,0.5085484,0.49368125,0.4396462,0.5085484
2018-04-01,2018-05-01,ME4 BM3,2.5715,0,0.437538,0.40604356,0.42499563,0.50399077,0.4991687,0.506426,0.49402288,0.48054367,0.506426
2018-04-01,2018-05-01,ME4 BM4,1.8185,0,0.48658413,0.39569798,0.36001113,0.5037668,0.49018747,0.50465775,0.5011894,0.47128958,0.50465775
2018-04-01,2018-05-01,ME4 BM5,1.5536,0,0.53072214,0.4724572,0.47732717,0.50412047,0.48819715,0.5053488,0.50811076,0.4850492,0.5053488
2018-04-01,2018-05-01,BIG LoBM,4.4338,0,0.49274516,0.4684803,0.482255,0.5061625,0.49162722,0.50450706,0.5041499,0.48699784,0.50450706
2018-04-01,2018-05-01,ME5 BM2,2.2007,0,0.45436394,0.25946644,0.40640393,0.50565624,0.4802228,0.5054094,0.49796242,0.43607154,0.5054094
2018-04-01,2018-05-01,ME5 BM3,0.8348,0,0.5021463,0.24230263,0.35051724,0.5047405,0.49687594,0.5087407,0.5043514,0.44596127,0.5087407
2018-04-01,2018-05-01,ME5 BM4,0.4198,0,0.46772122,0.38000476,0.45570606,0.504145,0.48238823,0.4993957,0.49868146,0.46191156,0.4993957
2018-04-01,2018-05-01,BIG HiBM,-1.5966,0,0.53201413,0.5246953,0.5278789,0.5040705,0.4931165,0.5043365,0.50826204,0.49943227,0.5043365
2018-05-01,2018-06-01,SMALL LoBM,3.7192,1,0.5356193,0.55498165,0.5711996,0.49152085,0.49982616,0.5088341,0.49813563,0.5108573,0.5088341
2018-05-01,2018-06-01,ME1 BM2,2.9695,1,0.47843993,0.32675415,0.41810644,0.49385577,0.47386152,0.49872422,0.4915434,0.44444004,0.49872422
2018-05-01,2018-06-01,ME1 BM3,0.3867,0,0.44051614,0.5493223,0.50861365,0.49699506,0.51410186,0.51482725,0.48852324,0.52114594,0.51482725
2018-05-01,2018-06-01,ME1 BM4,1.0875,0,0.50258625,0.49467298,0.47488344,0.49568468,0.5076171,0.51406705,0.49671996,0.5050283,0.51406705
2018-05-01,2018-06-01,SMALL HiBM,1.7622,1,0.5621708,0.5158786,0.48121488,0.49691567,0.4901463,0.5079035,0.506704,0.49529278,0.5079035
2018-05-01,2018-06-01,ME2 BM1,1.1741,0,0.52856857,0.52177054,0.5194883,0.49444512,0.52107644,0.51839954,0.49956366,0.52121526,0.51839954
2018-05-01,2018-06-01,ME2 BM2,4.4922,1,0.48547044,0.44832936,0.33450398,0.4962431,0.5070048,0.5167291,0.4946272,0.49526972,0.5167291
2018-05-01,2018-06-01,ME2 BM3,-0.2058,0,0.46428004,0.50858647,0.4188193,0.4966919,0.5085753,0.514798,0.49183014,0.5085776,0.514798
2018-05-01,2018-06-01,ME2 BM4,-1.1675,0,0.49091098,0.58657235,0.41589057,0.4979464,0.48876348,0.50743246,0.4968911,0.5083253,0.50743246
2018-05-01,2018-06-01,ME2 BM5,1.1497,0,0.47999182,0.4785188,0.46783373,0.5025051,0.4834628,0.50857246,0.49912813,0.48247403,0.50857246
2018-05-01,2018-06-01,ME3 BM1,-0.261,0,0.46326438,0.36751673,0.40722102,0.49669835,0.46982175,0.5083847,0.49168327,0.44936076,0.5083847
2018-05-01,2018-06-01,ME3 BM2,0.7789,0,0.45462567,0.5291633,0.4430716,0.49659508,0.5163754,0.517463,0.49029967,0.518933,0.517463
2018-05-01,2018-06-01,ME3 BM3,0.1733,0,0.49236092,0.52004564,0.54140925,0.49657378,0.51912093,0.51710474,0.49594188,0.5193059,0.51710474
2018-05-01,2018-06-01,ME3 BM4,-0.1167,0,0.4741058,0.4090779,0.44541323,0.4962898,0.50648963,0.5149586,0.4929622,0.48700732,0.5149586
2018-05-01,2018-06-01,ME3 BM5,-1.3386,0,0.51030564,0.4618575,0.5082356,0.49919036,0.4981297,0.51095194,0.50085765,0.49087524,0.51095194
2018-05-01,2018-06-01,ME4 BM1,1.575,1,0.4325394,0.32162532,0.40817204,0.49739155,0.48475757,0.5154218,0.48766375,0.45213112,0.5154218
2018-05-01,2018-06-01,ME4 BM2,1.3577,0,0.4607896,0.29203537,0.42324984,0.49787223,0.47040755,0.50824034,0.49230984,0.43473312,0.50824034
2018-05-01,2018-06-01,ME4 BM3,-0.4636,0,0.43553916,0.41882226,0.4506891,0.4978187,0.5093912,0.5138498,0.4884768,0.49127743,0.5138498
2018-05-01,2018-06-01,ME4 BM4,-1.0625,0,0.42725977,0.4592449,0.4641291,0.49707755,0.5003571,0.512775,0.4866049,0.4921347,0.512775
2018-05-01,2018-06-01,ME4 BM5,-0.49,0,0.40346527,0.4714289,0.49758214,0.49927592,0.49986845,0.51635885,0.48490432,0.49418056,0.51635885
2018-05-01,2018-06-01,BIG LoBM,0.8912,0,0.4425037,0.39992994,0.43773696,0.4971217,0.500986,0.51573324,0.488929,0.48077476,0.51573324
2018-05-01,2018-06-01,ME5 BM2,1.3903,0,0.4675379,0.4064948,0.4627534,0.49636456,0.461392,0.5067955,0.49204057,0.45041257,0.5067955
2018-05-01,2018-06-01,ME5 BM3,-0.0493,0,0.4509459,0.3792561,0.43534252,0.49566048,0.4710863,0.5083593,0.4889533,0.45272028,0.5083593
2018-05-01,2018-06-01,ME5 BM4,0.5174,0,0.44184005,0.44224572,0.5418704,0.4962761,0.47095305,0.5041086,0.48811072,0.4652116,0.5041086
2018-05-01,2018-06-01,BIG HiBM,-2.3551,0,0.4812259,0.5327052,0.50767946,0.4976081,0.52134204,0.5174104,0.4951508,0.52361465,0.5174104
2018-06-01,2018-07-01,SMALL LoBM,-0.9501,0,0.5048524,0.43756634,0.49217343,0.5036278,0.4940628,0.5221415,0.5038115,0.48276353,0.5221415
2018-06-01,2018-07-01,ME1 BM2,-0.8755,0,0.5227617,0.6092246,0.6278805,0.5036566,0.4958015,0.5174537,0.5065224,0.51848614,0.5174537
2018-06-01,2018-07-01,ME1 BM3,1.1665,0,0.56077045,0.40568584,0.46770072,0.5056672,0.4975194,0.51270485,0.5139327,0.4791527,0.51270485
2018-06-01,2018-07-01,ME1 BM4,-0.1875,0,0.5452739,0.46029,0.43608248,0.5042206,0.5006761,0.50999504,0.5103786,0.4925989,0.50999504
2018-06-01,2018-07-01,SMALL HiBM,-0.039,0,0.5974718,0.4352129,0.45499045,0.5051267,0.5006701,0.5102134,0.5189785,0.48757863,0.5102134
2018-06-01,2018-07-01,ME2 BM1,1.153,0,0.5363559,0.5768896,0.6188567,0.5051116,0.5145322,0.51379514,0.5097982,0.5270037,0.51379514
2018-06-01,2018-07-01,ME2 BM2,4.1003,1,0.50664765,0.63708675,0.564093,0.5037652,0.49506074,0.511045,0.5041976,0.523466,0.511045
2018-06-01,2018-07-01,ME2 BM3,3.7919,1,0.51525694,0.55282795,0.5915669,0.5050523,0.4990486,0.5115696,0.50658303,0.5098045,0.5115696
2018-06-01,2018-07-01,ME2 BM4,0.5728,0,0.49760818,0.51534486,0.54220337,0.5055018,0.4990635,0.5120548,0.50431776,0.50231975,0.5120548
2018-06-01,2018-07-01,ME2 BM5,2.8081,0,0.5683728,0.4298362,0.45119914,0.5041199,0.5013515,0.5093006,0.5137578,0.48704842,0.5093006
2018-06-01,2018-07-01,ME3 BM1,1.1896,0,0.49324188,0.20497723,0.31008,0.5025364,0.47825444,0.5073134,0.50114226,0.423599,0.5073134
2018-06-01,2018-07-01,ME3 BM2,2.6966,0,0.52246803,0.46441463,0.51755595,0.5029386,0.5061612,0.5051719,0.505868,0.4978119,0.5051719
2018-06-01,2018-07-01,ME3 BM3,2.0645,0,0.51517206,0.41786733,0.46649,0.5032058,0.5037619,0.50972545,0.5050007,0.48658296,0.50972545
2018-06-01,2018-07-01,ME3 BM4,2.4132,0,0.50144947,0.46679378,0.44374803,0.5031915,0.5026659,0.5086719,0.50293016,0.49549147,0.5086719
2018-06-01,2018-07-01,ME3 BM5,-0.326,0,0.49838814,0.44789195,0.4632675,0.50358474,0.5044042,0.5107889,0.50280523,0.49310175,0.5107889
2018-06-01,2018-07-01,ME4 BM1,2.35,0,0.4897692,0.3069739,0.4189914,0.50212234,0.47806874,0.49396956,0.5002694,0.44384977,0.49396956
2018-06-01,2018-07-01,ME4 BM2,3.1178,0,0.47746643,0.32677433,0.49492642,0.5018098,0.4822032,0.4965496,0.49815828,0.4511174,0.4965496
2018-06-01,2018-07-01,ME4 BM3,2.4557,0,0.48995456,0.41993845,0.47063258,0.5025635,0.48888937,0.50214326,0.50067216,0.47509918,0.50214326
2018-06-01,2018-07-01,ME4 BM4,1.4976,0,0.5038177,0.489749,0.49052343,0.5025104,0.5010445,0.5093286,0.5027065,0.4987854,0.5093286
2018-06-01,2018-07-01,ME4 BM5,2.9162,0,0.47983786,0.45021498,0.4360571,0.5041252,0.5101677,0.51075363,0.5004821,0.4981772,0.51075363
2018-06-01,2018-07-01,BIG LoBM,2.9916,0,0.4600113,0.43440217,0.49348876,0.5018774,0.5001983,0.49946004,0.49559754,0.4870391,0.49946004
2018-06-01,2018-07-01,ME5 BM2,5.2508,1,0.46961778,0.26783147,0.4005811,0.5020793,0.4687399,0.4940107,0.49721012,0.42855823,0.4940107
2018-06-01,2018-07-01,ME5 BM3,3.4844,0,0.50052184,0.49669415,0.5013173,0.50254226,0.45678753,0.5018519,0.5022392,0.46476886,0.5018519
2018-06-01,2018-07-01,ME5 BM4,3.4879,1,0.50011164,0.39967212,0.46309483,0.5026376,0.47676522,0.49454677,0.5022587,0.4613466,0.49454677
2018-06-01,2018-07-01,BIG HiBM,5.6014,1,0.43914056,0.47701585,0.40888122,0.5053901,0.5203957,0.5141818,0.4954527,0.51171976,0.5141818
2018-07-01,2018-08-01,SMALL LoBM,4.4539,0,0.5002295,0.5287102,0.5552005,0.50447655,0.47602186,0.49565953,0.5038395,0.48655954,0.49565953
2018-07-01,2018-08-01,ME1 BM2,8.304,1,0.44320068,0.5690554,0.53054905,0.50381076,0.50191283,0.5006552,0.49471927,0.51534134,0.5006552
2018-07-01,2018-08-01,ME1 BM3,2.6452,0,0.46739537,0.51824087,0.51460606,0.50586724,0.48610568,0.5012839,0.50009644,0.49253273,0.5012839
2018-07-01,2018-08-01,ME1 BM4,1.7252,0,0.47622862,0.6201845,0.5867494,0.50478506,0.48788244,0.500075,0.50050163,0.51434284,0.500075
2018-07-01,2018-08-01,SMALL HiBM,2.7105,0,0.50539607,0.548967,0.5157196,0.5061288,0.48875087,0.4986606,0.5060189,0.5007941,0.4986606
2018-07-01,2018-08-01,ME2 BM1,7.5869,1,0.49858317,0.49542725,0.54611075,0.505956,0.48650795,0.500121,0.5048501,0.48829183,0.500121
2018-07-01,2018-08-01,ME2 BM2,5.0613,0,0.5273086,0.37776268,0.4483952,0.5061009,0.49625403,0.50198865,0.50928205,0.47255576,0.50198865
2018-07-01,2018-08-01,ME2 BM3,4.1281,0,0.5101123,0.51659775,0.53105927,0.50707805,0.52254033,0.5071254,0.5075332,0.5213518,0.5071254
2018-07-01,2018-08-01,ME2 BM4,2.1804,0,0.4841004,0.5388537,0.5919125,0.50828665,0.5205302,0.506641,0.50465876,0.52419496,0.506641
2018-07-01,2018-08-01,ME2 BM5,2.5775,0,0.5257749,0.4797169,0.49289346,0.508968,0.4970125,0.50086784,0.51148903,0.4935534,0.50086784
2018-07-01,2018-08-01,ME3 BM1,6.6075,1,0.50088936,0.36497945,0.40192443,0.5059239,0.515134,0.50351906,0.50516874,0.4851031,0.50351906
2018-07-01,2018-08-01,ME3 BM2,4.9521,0,0.49139327,0.4945594,0.5150135,0.5069343,0.5171417,0.5067042,0.50460315,0.5126252,0.5067042
2018-07-01,2018-08-01,ME3 BM3,2.9448,0,0.5002207,0.40612832,0.48522457,0.5082433,0.5192704,0.5073053,0.50703996,0.496642,0.5073053
2018-07-01,2018-08-01,ME3 BM4,2.4864,0,0.53481805,0.4799726,0.51025575,0.505816,0.52324104,0.5070038,0.5101663,0.51458734,0.5070038
2018-07-01,2018-08-01,ME3 BM5,3.9437,0,0.5092361,0.39711004,0.5265716,0.5115906,0.5222442,0.5101906,0.51123744,0.49721742,0.5101906
2018-07-01,2018-08-01,ME4 BM1,7.386,1,0.46777964,0.55313206,0.4712592,0.5069964,0.4576153,0.4990312,0.5011139,0.47671866,0.4990312
2018-07-01,2018-08-01,ME4 BM2,3.1503,0,0.4333932,0.44229287,0.43773824,0.50743115,0.49103227,0.50193155,0.4963255,0.48128438,0.50193155
2018-07-01,2018-08-01,ME4 BM3,-0.6231,0,0.48272818,0.506281,0.4846496,0.5070641,0.5240588,0.50867116,0.50341374,0.5205033,0.50867116
2018-07-01,2018-08-01,ME4 BM4,0.9273,0,0.4939217,0.48611048,0.42589077,0.5103751,0.51990545,0.51129794,0.5079071,0.51314646,0.51129794
2018-07-01,2018-08-01,ME4 BM5,-1.042,0,0.50506306,0.5191769,0.5205268,0.5107299,0.50509304,0.50296855,0.5098799,0.50790983,0.50296855
2018-07-01,2018-08-01,BIG LoBM,6.2181,1,0.44372037,0.31744766,0.40229952,0.50733364,0.47473675,0.49755976,0.49779168,0.44327894,0.49755976
2018-07-01,2018-08-01,ME5 BM2,1.952,0,0.46546146,0.55049133,0.47220683,0.5074125,0.46212634,0.49493438,0.50111985,0.47979936,0.49493438
2018-07-01,2018-08-01,ME5 BM3,1.9118,0,0.4709383,0.3540857,0.41207746,0.50846267,0.4579172,0.50034046,0.502834,0.43715093,0.50034046
2018-07-01,2018-08-01,ME5 BM4,0.6381,0,0.45313573,0.467767,0.48143655,0.5088042,0.46693423,0.4958361,0.50045395,0.4671008,0.4958361
2018-07-01,2018-08-01,BIG HiBM,1.3578,0,0.45415294,0.4858698,0.5010029,0.5102176,0.51777387,0.5094887,0.5018079,0.5113931,0.5094887
2018-08-01,2018-09-01,SMALL LoBM,-2.5734,0,0.55165374,0.4896864,0.5877008,0.500051,0.51048964,0.5017569,0.50779146,0.506329,0.5017569
2018-08-01,2018-09-01,ME1 BM2,-1.0507,0,0.50354546,0.525441,0.5581652,0.50294,0.48844397,0.50002074,0.50303084,0.49584338,0.50002074
2018-08-01,2018-09-01,ME1 BM3,-4.1209,0,0.54257566,0.57421285,0.5966248,0.499485,0.48955515,0.49952784,0.5059486,0.5064867,0.49952784
2018-08-01,2018-09-01,ME1 BM4,-3.353,0,0.52215046,0.58076495,0.58092046,0.49830604,0.50127596,0.49982694,0.50188273,0.51717377,0.49982694
2018-08-01,2018-09-01,SMALL HiBM,-2.3718,0,0.5289707,0.5711112,0.58197623,0.49847373,0.49997208,0.49985385,0.5030483,0.5141999,0.49985385
2018-08-01,2018-09-01,ME2 BM1,-1.9421,0,0.5032659,0.47201738,0.4950641,0.49957272,0.51458037,0.50651705,0.5001267,0.50606775,0.50651705
2018-08-01,2018-09-01,ME2 BM2,-1.0646,0,0.45249474,0.6399746,0.57177496,0.5024514,0.4872491,0.5079999,0.49495795,0.51779425,0.5079999
2018-08-01,2018-09-01,ME2 BM3,-3.5426,0,0.45546755,0.539978,0.54414976,0.5016583,0.48304817,0.4966616,0.4947297,0.49443415,0.4966616
2018-08-01,2018-09-01,ME2 BM4,-3.5039,0,0.5197687,0.49225247,0.5336265,0.4997615,0.4993804,0.49924335,0.50276256,0.49795485,0.49924335
2018-08-01,2018-09-01,ME2 BM5,-1.4813,0,0.4808867,0.5553829,0.48825008,0.50164104,0.4963591,0.49860767,0.49852788,0.50816387,0.49860767
2018-08-01,2018-09-01,ME3 BM1,-2.0078,0,0.44896632,0.45815122,0.3745869,0.5017986,0.50394225,0.5036025,0.49387378,0.49478406,0.5036025
2018-08-01,2018-09-01,ME3 BM2,-1.1619,0,0.50969046,0.5475347,0.57740664,0.50224787,0.49322397,0.5064189,0.50336426,0.50408614,0.5064189
2018-08-01,2018-09-01,ME3 BM3,-2.0184,0,0.49469894,0.4653425,0.47105846,0.50145155,0.48687357,0.49826849,0.5004387,0.48256737,0.49826849
2018-08-01,2018-09-01,ME3 BM4,-4.0456,0,0.45654643,0.53200084,0.49851656,0.49942735,0.4902568,0.49731323,0.4929952,0.4986056,0.49731323
2018-08-01,2018-09-01,ME3 BM5,-2.6599,0,0.52723825,0.5378443,0.5268223,0.499204,0.50300425,0.501071,0.50340915,0.5099723,0.501071
2018-08-01,2018-09-01,ME4 BM1,-0.907,0,0.45229584,0.48377845,0.42801878,0.5003199,0.46451363,0.4998338,0.49311632,0.4683666,0.4998338
2018-08-01,2018-09-01,ME4 BM2,0.3622,1,0.4204677,0.34949967,0.41774562,0.49966183,0.47825924,0.49517807,0.48778272,0.45250735,0.49517807
2018-08-01,2018-09-01,ME4 BM3,-1.801,0,0.4205309,0.38771442,0.41639793,0.49991387,0.4989014,0.5058942,0.4880064,0.476664,0.5058942
2018-08-01,2018-09-01,ME4 BM4,0.1285,1,0.48108533,0.4771531,0.45309398,0.49960232,0.49421906,0.5066872,0.4968248,0.49080586,0.5066872
2018-08-01,2018-09-01,ME4 BM5,-0.0782,1,0.48752666,0.49671698,0.50596464,0.5018699,0.48997533,0.49778736,0.49971843,0.49132365,0.49778736
2018-08-01,2018-09-01,BIG LoBM,0.9488,1,0.44454473,0.4323489,0.40688846,0.5000371,0.46624509,0.5018271,0.49171323,0.45946586,0.5018271
2018-08-01,2018-09-01,ME5 BM2,1.2577,1,0.4540536,0.31103405,0.4470793,0.4979616,0.4791529,0.50471705,0.49137545,0.44552913,0.50471705
2018-08-01,2018-09-01,ME5 BM3,-0.3777,0,0.45997912,0.32945698,0.38716128,0.5003573,0.47121757,0.4975489,0.49430057,0.4428655,0.4975489
2018-08-01,2018-09-01,ME5 BM4,-0.9406,0,0.44910002,0.3390383,0.38209227,0.49768764,0.4805931,0.5004702,0.49039948,0.45228216,0.5004702
2018-08-01,2018-09-01,BIG HiBM,-1.6541,0,0.46701056,0.46174708,0.48651955,0.500757,0.48382005,0.5045176,0.49569502,0.47940546,0.5045176
2018-09-01,2018-10-01,SMALL LoBM,-14.3582,0,0.5689403,0.48832393,0.6048443,0.509951,0.49952662,0.5038978,0.5187994,0.49728608,0.5038978
2018-09-01,2018-10-01,ME1 BM2,-14.7827,0,0.50844437,0.49087736,0.50910187,0.50190824,0.5007042,0.50070536,0.5028887,0.49873886,0.50070536
2018-09-01,2018-10-01,ME1 BM3,-10.617,0,0.44264427,0.489704,0.4996355,0.50581145,0.49378026,0.50637424,0.4963364,0.492965,0.50637424
2018-09-01,2018-10-01,ME1 BM4,-9.2227,0,0.5550021,0.5135455,0.45117828,0.5059109,0.50726163,0.5088921,0.51327455,0.5085184,0.5088921
2018-09-01,2018-10-01,SMALL HiBM,-8.364,0,0.6092298,0.5054584,0.6118206,0.5064038,0.49834326,0.5048981,0.5218277,0.4997663,0.5048981
2018-09-01,2018-10-01,ME2 BM1,-12.7395,0,0.48681438,0.54971397,0.54349357,0.5046426,0.5121988,0.5027814,0.5019684,0.51970184,0.5027814
2018-09-01,2018-10-01,ME2 BM2,-11.9593,0,0.5224421,0.41576567,0.48172086,0.509516,0.48791733,0.50887954,0.51145494,0.473487,0.50887954
2018-09-01,2018-10-01,ME2 BM3,-12.2187,0,0.5309439,0.52932376,0.510829,0.50911856,0.4875661,0.50047493,0.5123924,0.49591765,0.50047493
2018-09-01,2018-10-01,ME2 BM4,-11.3952,0,0.48032203,0.5305732,0.49863687,0.5069846,0.50017476,0.50609124,0.50298524,0.50625443,0.50609124
2018-09-01,2018-10-01,ME2 BM5,-8.323,0,0.5619583,0.4665423,0.54989755,0.50806177,0.50080293,0.50194377,0.5161463,0.49395084,0.50194377
2018-09-01,2018-10-01,ME3 BM1,-13.6314,0,0.5202463,0.50123334,0.5237355,0.5016358,0.52240646,0.49986562,0.5044274,0.51817185,0.49986562
2018-09-01,2018-10-01,ME3 BM2,-10.4108,0,0.47800764,0.39288837,0.43748647,0.50767326,0.49832335,0.5061275,0.5032234,0.47723636,0.5061275
2018-09-01,2018-10-01,ME3 BM3,-8.6634,0,0.5535387,0.49631235,0.55501163,0.50873077,0.49358594,0.5113807,0.51545197,0.49413124,0.5113807
2018-09-01,2018-10-01,ME3 BM4,-7.4266,1,0.5372602,0.5267477,0.5504572,0.50848,0.49421954,0.50196946,0.51279706,0.50072515,0.50196946
2018-09-01,2018-10-01,ME3 BM5,-8.9958,0,0.4959607,0.47734082,0.48559782,0.50994194,0.4972755,0.50882185,0.5078448,0.49328858,0.50882185
2018-09-01,2018-10-01,ME4 BM1,-9.6152,0,0.49565125,0.4988744,0.5530502,0.5030743,0.49448174,0.5073533,0.5019609,0.49536026,0.5073533
2018-09-01,2018-10-01,ME4 BM2,-10.0105,0,0.49002692,0.3646565,0.5313994,0.5080744,0.4779865,0.49790242,0.5053673,0.45532054,0.49790242
2018-09-01,2018-10-01,ME4 BM3,-8.171,0,0.5068043,0.45281997,0.546839,0.5068437,0.51744723,0.5158198,0.5068378,0.5045218,0.5158198
2018-09-01,2018-10-01,ME4 BM4,-6.7217,1,0.49558243,0.45356017,0.4448523,0.50846255,0.50097907,0.5116313,0.5065306,0.4914953,0.5116313
2018-09-01,2018-10-01,ME4 BM5,-9.1073,0,0.48742038,0.43198606,0.5389682,0.504534,0.5084393,0.50594425,0.501967,0.49314868,0.50594425
2018-09-01,2018-10-01,BIG LoBM,-8.8495,0,0.5191491,0.3020996,0.44900298,0.5017874,0.50120866,0.50411546,0.50439173,0.46138686,0.50411546
2018-09-01,2018-10-01,ME5 BM2,-5.0917,1,0.45683992,0.46708316,0.46707284,0.5066655,0.46837482,0.49571487,0.4991917,0.4681165,0.49571487
2018-09-01,2018-10-01,ME5 BM3,-4.8416,1,0.5025779,0.3325616,0.4139529,0.5085049,0.4590238,0.49903387,0.50761586,0.43373138,0.49903387
2018-09-01,2018-10-01,ME5 BM4,-4.7714,1,0.48646736,0.3924169,0.4996852,0.5085104,0.47247738,0.49889007,0.50520396,0.45646527,0.49889007
2018-09-01,2018-10-01,BIG HiBM,-7.5405,0,0.5049822,0.5581184,0.48094973,0.508392,0.50912,0.51096606,0.5078805,0.5189197,0.51096606
2018-10-01,2018-11-01,SMALL LoBM,-1.766,0,0.5694716,0.51032406,0.5921667,0.5080393,0.51169324,0.5031693,0.5172542,0.5114194,0.5031693
2018-10-01,2018-11-01,ME1 BM2,0.0319,0,0.47035065,0.48302215,0.51405966,0.5071785,0.4854072,0.5020046,0.5016543,0.48493022,0.5020046
2018-10-01,2018-11-01,ME1 BM3,-0.0761,0,0.43735003,0.50985056,0.49501655,0.50767666,0.4950231,0.50364316,0.49712768,0.49798858,0.50364316
2018-10-01,2018-11-01,ME1 BM4,0.1919,0,0.49800137,0.49275953,0.5555164,0.5061166,0.4986175,0.50307614,0.5048994,0.4974459,0.50307614
2018-10-01,2018-11-01,SMALL HiBM,-3.4259,0,0.47679722,0.49922907,0.5086725,0.50667286,0.5041067,0.50404835,0.50219154,0.50313115,0.50404835
2018-10-01,2018-11-01,ME2 BM1,3.5265,1,0.49067813,0.5065211,0.4937833,0.50588095,0.4884305,0.50435853,0.50360054,0.49204865,0.50435853
2018-10-01,2018-11-01,ME2 BM2,1.7,0,0.5157499,0.47424597,0.48858035,0.50672,0.50923896,0.50512755,0.5080745,0.50224036,0.50512755
2018-10-01,2018-11-01,ME2 BM3,2.8303,0,0.5111702,0.5922612,0.5790395,0.50672096,0.4923045,0.50325096,0.50738835,0.51229584,0.50325096
2018-10-01,2018-11-01,ME2 BM4,1.7296,0,0.50332177,0.46769974,0.45691198,0.50626385,0.49311963,0.50328076,0.50582254,0.48803565,0.50328076
2018-10-01,2018-11-01,ME2 BM5,0.9547,0,0.47735658,0.5306524,0.4633047,0.50619,0.5142281,0.51079214,0.501865,0.517513,0.51079214
2018-10-01,2018-11-01,ME3 BM1,0.289,0,0.45666912,0.5598516,0.46377662,0.50675523,0.49787295,0.50556314,0.49924234,0.5102687,0.50556314
2018-10-01,2018-11-01,ME3 BM2,2.4952,0,0.47203204,0.5527234,0.49730828,0.5066031,0.5171125,0.51147723,0.50141746,0.52423465,0.51147723
2018-10-01,2018-11-01,ME3 BM3,3.0184,1,0.448161,0.51252985,0.50614846,0.5073022,0.51887107,0.5132004,0.49843106,0.5176028,0.5132004
2018-10-01,2018-11-01,ME3 BM4,2.3248,0,0.5093469,0.5088198,0.5277478,0.50695515,0.49857986,0.50270057,0.50731397,0.5006279,0.50270057
2018-10-01,2018-11-01,ME3 BM5,-0.6474,0,0.45437974,0.5370563,0.5500102,0.5082967,0.51063335,0.5144683,0.5002092,0.51591796,0.5144683
2018-10-01,2018-11-01,ME4 BM1,2.6368,0,0.49086332,0.53255606,0.529773,0.50722194,0.51790094,0.5111865,0.50476813,0.520832,0.5111865
2018-10-01,2018-11-01,ME4 BM2,1.902,0,0.44960245,0.40941447,0.43825704,0.50632787,0.47581556,0.49837518,0.49781907,0.46253535,0.49837518
2018-10-01,2018-11-01,ME4 BM3,3.5196,1,0.4415318,0.4706487,0.43049335,0.5072123,0.50936157,0.5051948,0.49736023,0.501619,0.5051948
2018-10-01,2018-11-01,ME4 BM4,-0.5803,0,0.44970953,0.47207648,0.39626417,0.50626326,0.4605392,0.4977948,0.4977802,0.46284667,0.4977948
2018-10-01,2018-11-01,ME4 BM5,5.1961,1,0.5084421,0.43185,0.3778267,0.50578535,0.50818574,0.50381035,0.50618386,0.49291858,0.50381035
2018-10-01,2018-11-01,BIG LoBM,0.8286,0,0.45457688,0.47138304,0.44830248,0.50694066,0.5186653,0.5119305,0.49908614,0.50920886,0.5119305
2018-10-01,2018-11-01,ME5 BM2,3.2135,1,0.41541764,0.41949803,0.42551658,0.5065192,0.4718783,0.49641508,0.492854,0.46140227,0.49641508
2018-10-01,2018-11-01,ME5 BM3,2.25,0,0.46813628,0.32801554,0.37848905,0.5063767,0.45941687,0.5012618,0.50064063,0.4331366,0.5012618
2018-10-01,2018-11-01,ME5 BM4,2.7376,0,0.4630547,0.30613464,0.35389298,0.5065402,0.4546649,0.4981623,0.50001734,0.42495885,0.4981623
2018-10-01,2018-11-01,BIG HiBM,0.3275,0,0.49343395,0.36161464,0.47895798,0.5072881,0.5195139,0.5144101,0.50521,0.48793405,0.5144101
2018-11-01,2018-12-01,SMALL LoBM,-13.9594,0,0.44357523,0.5166937,0.4854957,0.49614394,0.5155895,0.5021254,0.48825863,0.5158103,0.5021254
2018-11-01,2018-12-01,ME1 BM2,-13.408,0,0.4678235,0.45236844,0.38204083,0.49643886,0.4969261,0.5147821,0.49214658,0.48801458,0.5147821
2018-11-01,2018-12-01,ME1 BM3,-11.2145,0,0.3762317,0.43879375,0.37983128,0.49856323,0.48672026,0.5051887,0.4802135,0.47713497,0.5051887
2018-11-01,2018-12-01,ME1 BM4,-11.4411,0,0.3705702,0.3745056,0.3538403,0.4986539,0.48792985,0.5053085,0.47944134,0.465245,0.5053085
2018-11-01,2018-12-01,SMALL HiBM,-12.2133,0,0.42688328,0.4930724,0.47081,0.49814716,0.49035743,0.50615937,0.4874576,0.49090043,0.50615937
2018-11-01,2018-12-01,ME2 BM1,-12.3414,0,0.48525372,0.31562674,0.27786076,0.4971132,0.48976076,0.51240695,0.4953343,0.45493394,0.51240695
2018-11-01,2018-12-01,ME2 BM2,-11.2007,0,0.49370658,0.308157,0.323836,0.49674132,0.48790386,0.51427305,0.49628612,0.4519545,0.51427305
2018-11-01,2018-12-01,ME2 BM3,-11.5302,0,0.4171127,0.46330848,0.385729,0.49731568,0.49124774,0.50356203,0.48528525,0.4856599,0.50356203
2018-11-01,2018-12-01,ME2 BM4,-12.6448,0,0.41249073,0.4336046,0.3939604,0.4978377,0.4898857,0.5043498,0.48503566,0.47862947,0.5043498
2018-11-01,2018-12-01,ME2 BM5,-11.9395,0,0.4920171,0.5613318,0.51752776,0.49832714,0.48978695,0.50535065,0.49738064,0.5040959,0.50535065
2018-11-01,2018-12-01,ME3 BM1,-11.1819,0,0.42524502,0.3572362,0.32733405,0.49732572,0.48997647,0.5118623,0.4865136,0.46342844,0.5118623
2018-11-01,2018-12-01,ME3 BM2,-10.911,0,0.41794577,0.38381281,0.38475984,0.4987317,0.4911465,0.5041716,0.48661384,0.46967977,0.5041716
2018-11-01,2018-12-01,ME3 BM3,-11.8053,0,0.44278294,0.42122275,0.4136352,0.49826497,0.49044833,0.5060241,0.48994267,0.4766032,0.5060241
2018-11-01,2018-12-01,ME3 BM4,-11.862,0,0.40996853,0.44273594,0.41473666,0.49834087,0.48684365,0.50659066,0.48508504,0.47802213,0.50659066
2018-11-01,2018-12-01,ME3 BM5,-14.4427,0,0.42666328,0.38451266,0.38372242,0.49879178,0.49072674,0.50603014,0.48797253,0.46948394,0.50603014
2018-11-01,2018-12-01,ME4 BM1,-10.1022,1,0.36964554,0.58471745,0.4238854,0.49961805,0.49096847,0.5044526,0.48012218,0.5097183,0.5044526
2018-11-01,2018-12-01,ME4 BM2,-11.4177,0,0.39857095,0.39456218,0.41781497,0.49898398,0.49067968,0.5038501,0.48392203,0.4714562,0.5038501
2018-11-01,2018-12-01,ME4 BM3,-10.699,0,0.40751508,0.2563562,0.36331442,0.49779084,0.4648049,0.5138235,0.4842495,0.42311513,0.5138235
2018-11-01,2018-12-01,ME4 BM4,-12.3647,0,0.44352108,0.47878242,0.44440988,0.49700397,0.46989843,0.5148387,0.48898154,0.47167522,0.5148387
2018-11-01,2018-12-01,ME4 BM5,-12.9139,0,0.46173605,0.29384854,0.4828425,0.49828735,0.4641362,0.5122558,0.49280468,0.4300787,0.5122558
2018-11-01,2018-12-01,BIG LoBM,-8.4595,1,0.3676148,0.58391696,0.43411216,0.49915138,0.49037609,0.50454867,0.4794209,0.5090843,0.50454867
2018-11-01,2018-12-01,ME5 BM2,-7.1962,1,0.44114608,0.51021564,0.47545928,0.49735993,0.5035673,0.51397026,0.48892787,0.50489694,0.51397026
2018-11-01,2018-12-01,ME5 BM3,-10.0308,1,0.4487553,0.44033486,0.44567013,0.49613854,0.49354103,0.516235,0.48903108,0.48289979,0.516235
2018-11-01,2018-12-01,ME5 BM4,-10.4935,1,0.4859505,0.49626574,0.46174988,0.49689803,0.492598,0.51728857,0.49525592,0.49333155,0.51728857
2018-11-01,2018-12-01,BIG HiBM,-12.7707,0,0.41204458,0.4422383,0.36311752,0.49793655,0.48605025,0.5051966,0.48505276,0.47728786,0.5051966
2018-12-01,2019-01-01,SMALL LoBM,12.4361,1,0.4738411,0.48281038,0.51313883,0.50463676,0.46572372,0.49941307,0.5000174,0.46914107,0.49941307
2018-12-01,2019-01-01,ME1 BM2,11.0811,0,0.51723325,0.4692033,0.5169323,0.50116026,0.4634558,0.49947628,0.5035712,0.4646053,0.49947628
2018-12-01,2019-01-01,ME1 BM3,9.7658,0,0.47705925,0.37807128,0.47891083,0.50012475,0.4671858,0.4988998,0.49666494,0.44936287,0.4988998
2018-12-01,2019-01-01,ME1 BM4,8.517,0,0.460225,0.3242853,0.41145492,0.50121844,0.46937656,0.498014,0.4950694,0.4403583,0.498014
2018-12-01,2019-01-01,SMALL HiBM,10.9317,0,0.4862807,0.31197152,0.40139657,0.50438666,0.47110823,0.4999688,0.5016708,0.43928087,0.4999688
2018-12-01,2019-01-01,ME2 BM1,10.6201,0,0.49553022,0.4302973,0.51369596,0.49735314,0.46510547,0.4949137,0.4970797,0.45814383,0.4949137
2018-12-01,2019-01-01,ME2 BM2,10.9348,0,0.5038724,0.36488187,0.5247934,0.49888766,0.47491995,0.49958548,0.4996354,0.45291233,0.49958548
2018-12-01,2019-01-01,ME2 BM3,9.659,0,0.5549199,0.39190114,0.5024469,0.49909416,0.4631696,0.49324507,0.50746804,0.44891593,0.49324507
2018-12-01,2019-01-01,ME2 BM4,10.3059,0,0.5009839,0.43081892,0.46059486,0.4963564,0.46627593,0.49697375,0.49705052,0.45918453,0.49697375
2018-12-01,2019-01-01,ME2 BM5,10.3918,0,0.4934141,0.5577088,0.5461088,0.49955177,0.47221294,0.49879804,0.49863112,0.4893121,0.49879804
2018-12-01,2019-01-01,ME3 BM1,14.371,1,0.46191385,0.38563937,0.48101097,0.50031245,0.4666519,0.5008534,0.49455267,0.45044938,0.5008534
2018-12-01,2019-01-01,ME3 BM2,10.0836,0,0.4898288,0.47877023,0.513229,0.49942547,0.4682896,0.49713966,0.497986,0.47038576,0.49713966
2018-12-01,2019-01-01,ME3 BM3,11.6082,0,0.4880522,0.4200063,0.47286436,0.49684685,0.46941993,0.49797243,0.49552765,0.4595372,0.49797243
2018-12-01,2019-01-01,ME3 BM4,10.6978,0,0.49629813,0.46769494,0.5443195,0.4989334,0.4699911,0.49599525,0.49853814,0.46953186,0.49599525
2018-12-01,2019-01-01,ME3 BM5,14.0254,1,0.46792805,0.37429956,0.4488649,0.50189376,0.4687759,0.50054646,0.4967989,0.44988063,0.50054646
2018-12-01,2019-01-01,ME4 BM1,11.301,0,0.4921101,0.5010017,0.5033266,0.4982651,0.4695895,0.49822924,0.49734184,0.47587195,0.49822924
2018-12-01,2019-01-01,ME4 BM2,10.528,0,0.49587938,0.50948006,0.581117,0.49773926,0.46969482,0.4987481,0.4974603,0.4776519,0.4987481
2018-12-01,2019-01-01,ME4 BM3,10.5701,0,0.5191672,0.4155298,0.47922185,0.49631137,0.4752274,0.49796876,0.49973974,0.46328786,0.49796876
2018-12-01,2019-01-01,ME4 BM4,12.0059,1,0.46455508,0.46029013,0.40602225,0.50215775,0.49613836,0.5070787,0.49651736,0.48896873,0.5070787
2018-12-01,2019-01-01,ME4 BM5,11.7566,0,0.5195072,0.43245643,0.51789886,0.49152514,0.47853836,0.49968338,0.49572247,0.469322,0.49968338
2018-12-01,2019-01-01,BIG LoBM,8.1277,0,0.5690936,0.4764983,0.5531593,0.501596,0.51112366,0.50620824,0.51172066,0.50419855,0.50620824
2018-12-01,2019-01-01,ME5 BM2,6.413,0,0.52035916,0.45844197,0.53600097,0.49674603,0.50167114,0.5035653,0.500288,0.4930253,0.5035653
2018-12-01,2019-01-01,ME5 BM3,10.1691,0,0.50946426,0.494488,0.5167989,0.49764556,0.4956714,0.50356036,0.49941838,0.49543473,0.50356036
2018-12-01,2019-01-01,ME5 BM4,6.4705,0,0.55320156,0.44987428,0.48498303,0.49633715,0.4926502,0.5039946,0.50486684,0.48409504,0.5039946
2018-12-01,2019-01-01,BIG HiBM,13.155,1,0.4238109,0.41423854,0.45084965,0.50002825,0.49088618,0.5051017,0.48859566,0.47555667,0.5051017
2019-01-01,2019-02-01,SMALL LoBM,8.018,1,0.48815563,0.5168626,0.44676718,0.4970954,0.5086067,0.5060034,0.49575445,0.51025784,0.5060034
2019-01-01,2019-02-01,ME1 BM2,5.5647,0,0.4203268,0.43548915,0.40516487,0.49715313,0.50936735,0.506865,0.4856292,0.4945917,0.506865
2019-01-01,2019-02-01,ME1 BM3,6.3049,1,0.46414712,0.4880774,0.4232234,0.49923944,0.48590574,0.4993588,0.4939756,0.48634008,0.4993588
2019-01-01,2019-02-01,ME1 BM4,4.9972,0,0.5164933,0.38474497,0.43418306,0.49856463,0.48519626,0.5001596,0.50125396,0.465106,0.5001596
2019-01-01,2019-02-01,SMALL HiBM,4.8124,0,0.5606408,0.46562812,0.4432256,0.49911356,0.48804465,0.5007305,0.5083427,0.48356134,0.5007305
2019-01-01,2019-02-01,ME2 BM1,6.2237,0,0.4409794,0.41890383,0.39860678,0.49755904,0.50141656,0.50204724,0.4890721,0.48491403,0.50204724
2019-01-01,2019-02-01,ME2 BM2,6.7034,1,0.5382731,0.41985315,0.4632913,0.49888018,0.49239707,0.5020998,0.5047891,0.4778883,0.5020998
2019-01-01,2019-02-01,ME2 BM3,5.807,0,0.4753091,0.47430718,0.42378432,0.49857202,0.4919983,0.49933574,0.4950826,0.4884601,0.49933574
2019-01-01,2019-02-01,ME2 BM4,5.1802,0,0.4188041,0.43519187,0.3329866,0.4979535,0.49228334,0.499714,0.4860811,0.48086506,0.499714
2019-01-01,2019-02-01,ME2 BM5,0.921,0,0.49082434,0.37530375,0.41646004,0.498742,0.48886374,0.50138164,0.4975544,0.46615174,0.50138164
2019-01-01,2019-02-01,ME3 BM1,6.8264,1,0.48043728,0.47719157,0.43289152,0.49653667,0.4898144,0.49879444,0.49412176,0.48728985,0.49879444
2019-01-01,2019-02-01,ME3 BM2,5.9177,0,0.44540972,0.3114545,0.27002946,0.49773756,0.49001282,0.5113493,0.48988837,0.45430118,0.5113493
2019-01-01,2019-02-01,ME3 BM3,5.05,0,0.46559146,0.44932586,0.3959223,0.49751073,0.4878494,0.5036561,0.49272287,0.4801447,0.5036561
2019-01-01,2019-02-01,ME3 BM4,3.6992,0,0.4501044,0.25289664,0.29152527,0.4981443,0.4859272,0.51070666,0.49093834,0.4393211,0.51070666
2019-01-01,2019-02-01,ME3 BM5,2.5415,0,0.5267907,0.3504921,0.3681369,0.49650753,0.48635143,0.5097475,0.50105,0.45917958,0.5097475
2019-01-01,2019-02-01,ME4 BM1,6.969,1,0.44311172,0.2702262,0.26002052,0.49708787,0.49239922,0.5117893,0.48899144,0.4479646,0.5117893
2019-01-01,2019-02-01,ME4 BM2,4.9014,0,0.5152859,0.28361988,0.25816488,0.49733025,0.48820132,0.5109539,0.5000236,0.44728506,0.5109539
2019-01-01,2019-02-01,ME4 BM3,3.0243,0,0.46423092,0.42979544,0.38999736,0.49724612,0.4864601,0.49577537,0.49229386,0.47512716,0.49577537
2019-01-01,2019-02-01,ME4 BM4,2.2954,0,0.4458258,0.434462,0.3270007,0.49624217,0.48511088,0.5115185,0.48867974,0.4749811,0.5115185
2019-01-01,2019-02-01,ME4 BM5,3.1284,0,0.50786585,0.43774813,0.4220902,0.4973547,0.49162364,0.50850296,0.49893135,0.48084855,0.50850296
2019-01-01,2019-02-01,BIG LoBM,3.8978,0,0.47400516,0.23887032,0.22708601,0.49613598,0.49593252,0.51237595,0.49281636,0.4445201,0.51237595
2019-01-01,2019-02-01,ME5 BM2,2.8411,0,0.49018922,0.48669562,0.48118657,0.4998939,0.48146197,0.5135195,0.4984382,0.48250872,0.5135195
2019-01-01,2019-02-01,ME5 BM3,3.9263,0,0.42771065,0.22479682,0.31624326,0.49819198,0.47420412,0.5001025,0.4876198,0.42432266,0.5001025
2019-01-01,2019-02-01,ME5 BM4,1.336,0,0.4539949,0.3091612,0.38700524,0.49833548,0.47123525,0.50735104,0.4916844,0.43882045,0.50735104
2019-01-01,2019-02-01,BIG HiBM,1.7459,0,0.4857923,0.32504877,0.247307,0.4942663,0.48790395,0.5092442,0.49299523,0.45533293,0.5092442
2019-02-01,2019-03-01,SMALL LoBM,0.3104,1,0.47874784,0.4370982,0.4479976,0.47647095,0.49494514,0.5230148,0.4768125,0.4833758,0.5230148
2019-02-01,2019-03-01,ME1 BM2,-0.1852,0,0.41571105,0.4286784,0.46350017,0.47655985,0.4929677,0.52055764,0.46743253,0.48010984,0.52055764
2019-02-01,2019-03-01,ME1 BM3,-2.9743,0,0.49936876,0.46220723,0.51525897,0.47166613,0.47627234,0.5123623,0.47582152,0.47345933,0.5123623
2019-02-01,2019-03-01,ME1 BM4,-5.242,0,0.50171083,0.5164844,0.51127213,0.47247308,0.47840333,0.5091993,0.47685874,0.48601955,0.5091993
2019-02-01,2019-03-01,SMALL HiBM,-3.7909,0,0.50673753,0.43024194,0.49688798,0.4734173,0.49352333,0.52933514,0.47841537,0.48086706,0.52933514
2019-02-01,2019-03-01,ME2 BM1,-0.3137,0,0.45820948,0.4519053,0.4184696,0.4739535,0.48229912,0.51529264,0.4715919,0.47622037,0.51529264
2019-02-01,2019-03-01,ME2 BM2,-1.3321,0,0.41499317,0.5371406,0.4727911,0.47519726,0.4899633,0.5172844,0.46616665,0.49939877,0.5172844
2019-02-01,2019-03-01,ME2 BM3,-3.1385,0,0.43934447,0.5130655,0.43486723,0.47184125,0.47964048,0.5136974,0.46696675,0.4863255,0.5136974
2019-02-01,2019-03-01,ME2 BM4,-6.1231,0,0.41868532,0.49305588,0.41585773,0.46970108,0.4974833,0.51827323,0.4620487,0.49659783,0.51827323
2019-02-01,2019-03-01,ME2 BM5,-2.645,0,0.54638004,0.45128143,0.5020166,0.4724186,0.50821745,0.5203006,0.48351285,0.49683028,0.5203006
2019-02-01,2019-03-01,ME3 BM1,-1.3545,0,0.4556024,0.44710588,0.4908194,0.47321337,0.506958,0.52893376,0.47057173,0.4949876,0.52893376
2019-02-01,2019-03-01,ME3 BM2,-1.8685,0,0.44608995,0.4808876,0.4488111,0.47234574,0.5107033,0.51755846,0.46840736,0.5047402,0.51755846
2019-02-01,2019-03-01,ME3 BM3,-0.8732,0,0.5134982,0.40972787,0.4302778,0.47135836,0.4951343,0.5287121,0.47767934,0.478053,0.5287121
2019-02-01,2019-03-01,ME3 BM4,-2.2603,0,0.50059515,0.34218144,0.41256437,0.47094315,0.4962334,0.52851605,0.47539097,0.46542302,0.52851605
2019-02-01,2019-03-01,ME3 BM5,-3.494,0,0.4396305,0.37565133,0.38058922,0.47338423,0.4902441,0.5293385,0.4683212,0.46732557,0.5293385
2019-02-01,2019-03-01,ME4 BM1,1.7969,1,0.4969737,0.37554368,0.4365766,0.47126025,0.5040809,0.5264728,0.47511727,0.47837347,0.5264728
2019-02-01,2019-03-01,ME4 BM2,0.9375,1,0.48659116,0.5003939,0.44624138,0.47375664,0.5134909,0.52108914,0.47568184,0.5108715,0.52108914
2019-02-01,2019-03-01,ME4 BM3,-0.5953,0,0.47293144,0.37506074,0.38907132,0.4681666,0.48419234,0.5289422,0.46888134,0.462366,0.5289422
2019-02-01,2019-03-01,ME4 BM4,-0.535,0,0.46599925,0.40619108,0.40395734,0.47075287,0.47781667,0.5295938,0.47003984,0.46349156,0.5295938
2019-02-01,2019-03-01,ME4 BM5,-3.0933,0,0.50898546,0.46419147,0.40940073,0.47062117,0.47841942,0.52788824,0.47637582,0.47557384,0.52788824
2019-02-01,2019-03-01,BIG LoBM,3.2718,1,0.49270388,0.45400536,0.47881204,0.47538015,0.48913014,0.5109816,0.47797874,0.4821052,0.5109816
2019-02-01,2019-03-01,ME5 BM2,1.843,1,0.44172305,0.4119701,0.43298468,0.48132202,0.4883283,0.51498556,0.47538218,0.47305667,0.51498556
2019-02-01,2019-03-01,ME5 BM3,0.2255,0,0.51506066,0.4109353,0.3693579,0.47216278,0.4768343,0.52911246,0.47859746,0.4636545,0.52911246
2019-02-01,2019-03-01,ME5 BM4,-0.7174,0,0.4830963,0.5827336,0.51201856,0.47887772,0.48344672,0.5211886,0.47951055,0.50330406,0.5211886
2019-02-01,2019-03-01,BIG HiBM,-3.1806,0,0.4703157,0.35311183,0.37480286,0.46859142,0.49020046,0.52687466,0.46885008,0.46278274,0.52687466
2019-03-01,2019-04-01,SMALL LoBM,0.4851,0,0.5147219,0.5020889,0.5545747,0.49895567,0.49822816,0.511462,0.5013206,0.49900034,0.511462
2019-03-01,2019-04-01,ME1 BM2,1.5843,0,0.44405347,0.56496376,0.49218464,0.5012177,0.4812302,0.50330436,0.49264312,0.49797693,0.50330436
2019-03-01,2019-04-01,ME1 BM3,2.053,0,0.47735608,0.4909805,0.465237,0.5010934,0.46104467,0.49734,0.4975328,0.46703184,0.49734
2019-03-01,2019-04-01,ME1 BM4,4.1304,0,0.4865893,0.46467838,0.46877134,0.50147974,0.4609918,0.49637762,0.49924618,0.46172914,0.49637762
2019-03-01,2019-04-01,SMALL HiBM,1.7483,0,0.4989023,0.3444118,0.39334664,0.5021868,0.46109417,0.5259807,0.50169414,0.43775773,0.5259807
2019-03-01,2019-04-01,ME2 BM1,3.2466,0,0.4921924,0.47357348,0.5050179,0.5002909,0.47713393,0.50247085,0.49907613,0.47642186,0.50247085
2019-03-01,2019-04-01,ME2 BM2,1.7039,0,0.46606204,0.4738364,0.5118597,0.501462,0.47053286,0.499875,0.496152,0.47119358,0.499875
2019-03-01,2019-04-01,ME2 BM3,3.8395,0,0.5082761,0.5467296,0.5060666,0.5013919,0.46845663,0.4983993,0.50242454,0.48411125,0.4983993
2019-03-01,2019-04-01,ME2 BM4,3.6657,0,0.48975307,0.47069585,0.46555197,0.5014528,0.45879504,0.49543396,0.49969786,0.4611752,0.49543396
2019-03-01,2019-04-01,ME2 BM5,3.4775,0,0.51227057,0.46478432,0.5489222,0.50557065,0.46099252,0.49174297,0.50657564,0.4617509,0.49174297
2019-03-01,2019-04-01,ME3 BM1,3.1352,0,0.5115705,0.5501445,0.52739364,0.50137585,0.4762439,0.5043658,0.5029051,0.49102402,0.5043658
2019-03-01,2019-04-01,ME3 BM2,4.568,0,0.39130047,0.52567625,0.45895055,0.5011476,0.46782264,0.49688053,0.48467058,0.4793934,0.49688053
2019-03-01,2019-04-01,ME3 BM3,6.7307,1,0.43964952,0.47285807,0.45066366,0.50187606,0.499032,0.50867474,0.4925421,0.4937972,0.50867474
2019-03-01,2019-04-01,ME3 BM4,5.9475,1,0.46101993,0.4489202,0.49197555,0.5035634,0.5033307,0.49882442,0.4971819,0.49244863,0.49882442
2019-03-01,2019-04-01,ME3 BM5,3.9122,0,0.51756257,0.47724032,0.49997115,0.5036713,0.5075027,0.5122752,0.505755,0.5014502,0.5122752
2019-03-01,2019-04-01,ME4 BM1,3.2145,0,0.39947042,0.46458635,0.423536,0.50144327,0.5002172,0.5040952,0.48614734,0.49309102,0.5040952
2019-03-01,2019-04-01,ME4 BM2,4.0175,0,0.4779807,0.5363838,0.535264,0.50175905,0.46835816,0.4944389,0.4981923,0.4819633,0.4944389
2019-03-01,2019-04-01,ME4 BM3,4.2376,0,0.50718874,0.34642568,0.44134402,0.5030972,0.49795362,0.5102893,0.5037109,0.46764803,0.5102893
2019-03-01,2019-04-01,ME4 BM4,5.2887,1,0.51413924,0.356766,0.4274826,0.50347483,0.4952589,0.51768494,0.5050745,0.46756032,0.51768494
2019-03-01,2019-04-01,ME4 BM5,4.5064,0,0.52760106,0.33675525,0.43526354,0.5029373,0.49349815,0.51387227,0.5066369,0.46214956,0.51387227
2019-03-01,2019-04-01,BIG LoBM,4.3915,0,0.45337376,0.56004184,0.4952089,0.5026945,0.46776706,0.49835142,0.4952964,0.48622203,0.49835142
2019-03-01,2019-04-01,ME5 BM2,3.1167,0,0.48062408,0.48984423,0.5309592,0.50470996,0.46958005,0.50080734,0.5010971,0.4736329,0.50080734
2019-03-01,2019-04-01,ME5 BM3,3.6722,0,0.5038678,0.36930624,0.45257607,0.5028471,0.4961983,0.5133363,0.5030002,0.4708199,0.5133363
2019-03-01,2019-04-01,ME5 BM4,5.2356,1,0.5102684,0.4382666,0.4919707,0.50437427,0.48840004,0.48892653,0.50525844,0.47837335,0.48892653
2019-03-01,2019-04-01,BIG HiBM,8.9563,1,0.55051655,0.5163985,0.55905867,0.5047306,0.5035311,0.49299073,0.51159847,0.5061046,0.49299073
2019-04-01,2019-05-01,SMALL LoBM,-5.5987,0,0.5501732,0.45136318,0.5293347,0.5043167,0.48496374,0.5047432,0.5111952,0.47824365,0.5047432
2019-04-01,2019-05-01,ME1 BM2,-5.3696,1,0.4466451,0.53639656,0.54467857,0.5048124,0.4736181,0.5083964,0.4960873,0.4861738,0.5083964
2019-04-01,2019-05-01,ME1 BM3,-7.8796,0,0.5331784,0.49619058,0.5351701,0.50773,0.46147144,0.50434494,0.51154727,0.4684153,0.50434494
2019-04-01,2019-05-01,ME1 BM4,-8.8496,0,0.5399808,0.5029819,0.541805,0.50755334,0.47069708,0.50614834,0.5124175,0.47715408,0.50614834
2019-04-01,2019-05-01,SMALL HiBM,-8.0569,0,0.56169003,0.47317228,0.5655712,0.5087276,0.47981113,0.50279737,0.516672,0.47848338,0.50279737
2019-04-01,2019-05-01,ME2 BM1,-8.6528,0,0.5173769,0.5774666,0.5889999,0.50564164,0.46485803,0.5063094,0.50740194,0.48737976,0.5063094
2019-04-01,2019-05-01,ME2 BM2,-7.8311,0,0.5546748,0.5249598,0.5472832,0.5067262,0.47146106,0.5058925,0.5139185,0.48216084,0.5058925
2019-04-01,2019-05-01,ME2 BM3,-7.8213,0,0.52570045,0.49315655,0.5057507,0.5068003,0.4655746,0.5051409,0.5096353,0.471091,0.5051409
2019-04-01,2019-05-01,ME2 BM4,-10.4484,0,0.44912368,0.4723656,0.49766138,0.5067857,0.47498155,0.5055791,0.4981364,0.47445837,0.5055791
2019-04-01,2019-05-01,ME2 BM5,-10.5239,0,0.50666034,0.4700226,0.47260904,0.50829434,0.48143107,0.5061554,0.50804925,0.47914937,0.5061554
2019-04-01,2019-05-01,ME3 BM1,-5.3645,1,0.5248484,0.49014327,0.54128265,0.50709903,0.46422967,0.50533086,0.50976145,0.46941242,0.50533086
2019-04-01,2019-05-01,ME3 BM2,-8.0971,0,0.51469445,0.48657164,0.50972104,0.50810724,0.46507305,0.50572544,0.5090953,0.46937278,0.50572544
2019-04-01,2019-05-01,ME3 BM3,-7.7446,0,0.52257043,0.46466324,0.4958521,0.5078673,0.47937435,0.5000392,0.51007277,0.4764321,0.5000392
2019-04-01,2019-05-01,ME3 BM4,-8.4651,0,0.57046247,0.51425165,0.5535128,0.5096282,0.47842416,0.5039052,0.51875335,0.48558968,0.5039052
2019-04-01,2019-05-01,ME3 BM5,-10.3035,0,0.48858133,0.49657643,0.4811358,0.5092552,0.48743528,0.5003406,0.5061541,0.4892635,0.5003406
2019-04-01,2019-05-01,ME4 BM1,-5.5126,1,0.467686,0.3854955,0.48164275,0.5056362,0.46627825,0.5046223,0.4999437,0.45012173,0.5046223
2019-04-01,2019-05-01,ME4 BM2,-7.7156,0,0.46832618,0.44112316,0.4819395,0.50698066,0.46353516,0.503166,0.5011825,0.45905274,0.503166
2019-04-01,2019-05-01,ME4 BM3,-7.346,0,0.5089185,0.3304211,0.37528616,0.510028,0.48705634,0.49586794,0.5098616,0.4557293,0.49586794
2019-04-01,2019-05-01,ME4 BM4,-8.963,0,0.5657474,0.45335162,0.583763,0.5103886,0.48853853,0.4964504,0.51869243,0.48150116,0.4964504
2019-04-01,2019-05-01,ME4 BM5,-7.8704,0,0.4894433,0.35911477,0.39276555,0.5103375,0.4894813,0.49919623,0.50720334,0.463408,0.49919623
2019-04-01,2019-05-01,BIG LoBM,-6.9033,0,0.4697067,0.5341359,0.5138709,0.50618875,0.46892753,0.5045159,0.50071645,0.4819692,0.5045159
2019-04-01,2019-05-01,ME5 BM2,-5.5806,1,0.4953809,0.42112494,0.5013285,0.5084194,0.47450823,0.50794625,0.50646365,0.46383157,0.50794625
2019-04-01,2019-05-01,ME5 BM3,-4.9879,1,0.51288545,0.43033934,0.5466692,0.51095194,0.4851887,0.49864575,0.511242,0.47421885,0.49864575
2019-04-01,2019-05-01,ME5 BM4,-8.2335,0,0.4600421,0.40638986,0.46149904,0.51125336,0.48011968,0.49750444,0.5035717,0.46537372,0.49750444
2019-04-01,2019-05-01,BIG HiBM,-8.7741,0,0.56000686,0.4675201,0.54446286,0.5101113,0.48080868,0.49882156,0.51759565,0.47815096,0.49882156
2019-05-01,2019-06-01,SMALL LoBM,7.24,0,0.36013505,0.39408576,0.32109165,0.50892305,0.4859716,0.52222645,0.48660487,0.46759444,0.52222645
2019-05-01,2019-06-01,ME1 BM2,6.3652,0,0.47905612,0.4864078,0.44248006,0.50646603,0.47904938,0.5173017,0.50235456,0.48052108,0.5173017
2019-05-01,2019-06-01,ME1 BM3,4.6214,0,0.5144975,0.46658632,0.48373488,0.5057262,0.47837475,0.51521283,0.50704193,0.4760171,0.51521283
2019-05-01,2019-06-01,ME1 BM4,6.6623,0,0.49141353,0.49511427,0.47733113,0.5056057,0.46292287,0.51164675,0.5034769,0.46936116,0.51164675
2019-05-01,2019-06-01,SMALL HiBM,4.7421,0,0.48414493,0.4650292,0.47298712,0.50680614,0.480078,0.51008874,0.503407,0.47706825,0.51008874
2019-05-01,2019-06-01,ME2 BM1,8.9556,1,0.45757064,0.50492173,0.47824442,0.5045556,0.4758415,0.5121774,0.49750787,0.48165756,0.5121774
2019-05-01,2019-06-01,ME2 BM2,8.5397,0,0.48868248,0.44641152,0.49188396,0.50510406,0.47349364,0.511396,0.50264084,0.4680772,0.511396
2019-05-01,2019-06-01,ME2 BM3,8.8179,1,0.51941305,0.4801524,0.49248052,0.5053853,0.47647488,0.511396,0.50748944,0.47721037,0.511396
2019-05-01,2019-06-01,ME2 BM4,6.8342,0,0.4922431,0.48623738,0.4754066,0.5062057,0.46639463,0.5105653,0.5041113,0.4703632,0.5105653
2019-05-01,2019-06-01,ME2 BM5,6.7454,0,0.43032503,0.49289107,0.4299224,0.506026,0.47688204,0.5122658,0.4946709,0.48008385,0.5122658
2019-05-01,2019-06-01,ME3 BM1,9.5594,1,0.5051123,0.5814092,0.5761007,0.5047833,0.46900874,0.5105604,0.5048326,0.49148884,0.5105604
2019-05-01,2019-06-01,ME3 BM2,8.163,0,0.49918225,0.5814878,0.55123204,0.5050385,0.4658931,0.5091025,0.50416005,0.48901206,0.5091025
2019-05-01,2019-06-01,ME3 BM3,7.5833,0,0.53703535,0.55912244,0.511288,0.5048642,0.4787491,0.51430357,0.5096899,0.49482375,0.51430357
2019-05-01,2019-06-01,ME3 BM4,6.569,0,0.53592604,0.48369342,0.44308385,0.5067662,0.4780052,0.51714945,0.5111402,0.47914287,0.51714945
2019-05-01,2019-06-01,ME3 BM5,6.5448,0,0.51746714,0.44963565,0.45036227,0.506038,0.5003499,0.51368344,0.5077524,0.49020705,0.51368344
2019-05-01,2019-06-01,ME4 BM1,7.1522,0,0.39778215,0.52326775,0.52470785,0.5052129,0.46915567,0.5086837,0.4890983,0.47997808,0.5086837
2019-05-01,2019-06-01,ME4 BM2,9.5604,1,0.42608795,0.5344986,0.52637255,0.50584006,0.46485955,0.5071955,0.49387726,0.47878736,0.5071955
2019-05-01,2019-06-01,ME4 BM3,8.8546,1,0.51636535,0.4551936,0.38148433,0.5038384,0.48657048,0.51354104,0.5057175,0.48029512,0.51354104
2019-05-01,2019-06-01,ME4 BM4,7.4514,0,0.5181823,0.42403388,0.47924426,0.50338507,0.48630136,0.51307887,0.5056046,0.47384787,0.51307887
2019-05-01,2019-06-01,ME4 BM5,6.896,0,0.4909898,0.5127918,0.37310445,0.5029112,0.48739612,0.51776433,0.501123,0.49247527,0.51776433
2019-05-01,2019-06-01,BIG LoBM,7.6465,0,0.46024582,0.48756877,0.5147005,0.50559413,0.48344555,0.51211584,0.4987919,0.48427022,0.51211584
2019-05-01,2019-06-01,ME5 BM2,5.8061,0,0.48545364,0.47804657,0.49228486,0.507252,0.50485444,0.5148684,0.50398225,0.49949285,0.5148684
2019-05-01,2019-06-01,ME5 BM3,6.1362,0,0.5400567,0.43433762,0.50816894,0.50516486,0.48320332,0.51089334,0.5103986,0.47343022,0.51089334
2019-05-01,2019-06-01,ME5 BM4,7.6129,0,0.4916459,0.48745596,0.45079902,0.50341773,0.47552213,0.51300716,0.501652,0.4779089,0.51300716
2019-05-01,2019-06-01,BIG HiBM,7.9632,0,0.58670795,0.4472073,0.46829638,0.50672674,0.4793281,0.5163117,0.51872396,0.47290397,0.5163117
2019-06-01,2019-07-01,SMALL LoBM,-3.1092,0,0.54432416,0.5382952,0.5797147,0.5052924,0.47280478,0.50118697,0.5111472,0.48590288,0.50118697
2019-06-01,2019-07-01,ME1 BM2,-1.3926,0,0.47830746,0.50408137,0.51874727,0.50613457,0.4714532,0.5020697,0.5019605,0.47797883,0.5020697
2019-06-01,2019-07-01,ME1 BM3,-1.1765,0,0.5315243,0.5466499,0.5690054,0.5067543,0.48146626,0.50283253,0.5104698,0.494503,0.50283253
2019-06-01,2019-07-01,ME1 BM4,-1.8572,0,0.516346,0.60070306,0.5321011,0.5060774,0.47750682,0.5004388,0.5076177,0.50214607,0.5004388
2019-06-01,2019-07-01,SMALL HiBM,-2.0901,0,0.57090986,0.46254244,0.5727533,0.50639355,0.4791984,0.49730238,0.516071,0.4758672,0.49730238
2019-06-01,2019-07-01,ME2 BM1,-2.7945,0,0.53433865,0.5024575,0.5268926,0.50381166,0.47226813,0.500716,0.5083907,0.478306,0.500716
2019-06-01,2019-07-01,ME2 BM2,1.0536,0,0.6045705,0.5176197,0.5673553,0.50350624,0.47699112,0.49963322,0.5186659,0.48511684,0.49963322
2019-06-01,2019-07-01,ME2 BM3,0.8935,0,0.44717455,0.5170153,0.46976897,0.50532675,0.47590837,0.50030065,0.49660394,0.48412976,0.50030065
2019-06-01,2019-07-01,ME2 BM4,0.8882,0,0.49854726,0.64832896,0.55971056,0.5048538,0.48028657,0.4988948,0.5039078,0.51389503,0.4988948
2019-06-01,2019-07-01,ME2 BM5,-0.0628,0,0.5460017,0.53894454,0.57579494,0.5041119,0.488124,0.49851412,0.51039535,0.49828812,0.49851412
2019-06-01,2019-07-01,ME3 BM1,3.093,1,0.4997138,0.54075557,0.5388696,0.5076934,0.4719589,0.4994872,0.5064965,0.48571825,0.4994872
2019-06-01,2019-07-01,ME3 BM2,1.7349,0,0.5205129,0.56217444,0.5458142,0.50488806,0.48216918,0.50096035,0.50723183,0.49817026,0.50096035
2019-06-01,2019-07-01,ME3 BM3,0.6112,0,0.4947932,0.548018,0.535497,0.5062235,0.47652125,0.49659666,0.504509,0.4908206,0.49659666
2019-06-01,2019-07-01,ME3 BM4,-0.0487,0,0.48686704,0.6045458,0.5792623,0.507283,0.47929886,0.4954643,0.5042206,0.5043483,0.4954643
2019-06-01,2019-07-01,ME3 BM5,1.3158,0,0.6072629,0.6116537,0.6044922,0.50601596,0.48500797,0.4968823,0.52120304,0.5103371,0.4968823
2019-06-01,2019-07-01,ME4 BM1,2.0525,1,0.5082429,0.5542775,0.54259044,0.5067228,0.48127833,0.50103635,0.50695086,0.49587816,0.50103635
2019-06-01,2019-07-01,ME4 BM2,1.3717,0,0.47318915,0.5312199,0.5143391,0.5057604,0.4795985,0.50070006,0.5008747,0.48992276,0.50070006
2019-06-01,2019-07-01,ME4 BM3,1.9253,1,0.5146208,0.43561304,0.42737314,0.5083386,0.48017403,0.4947596,0.5092809,0.47126186,0.4947596
2019-06-01,2019-07-01,ME4 BM4,0.375,0,0.56261677,0.5654122,0.58198434,0.5052929,0.4812506,0.49516353,0.51389146,0.49808294,0.49516353
2019-06-01,2019-07-01,ME4 BM5,-0.0265,0,0.4877456,0.5169527,0.45812675,0.5072079,0.486702,0.49652144,0.50428855,0.49275213,0.49652144
2019-06-01,2019-07-01,BIG LoBM,1.5604,0,0.4438174,0.545632,0.50983423,0.5049732,0.47519025,0.50271606,0.4957998,0.4892786,0.50271606
2019-06-01,2019-07-01,ME5 BM2,2.0138,1,0.46756333,0.49865726,0.5191327,0.50750756,0.4781964,0.50437135,0.5015159,0.48228857,0.50437135
2019-06-01,2019-07-01,ME5 BM3,1.7032,0,0.535785,0.4484513,0.57353026,0.5096118,0.48038104,0.49629027,0.51353776,0.47399512,0.49629027
2019-06-01,2019-07-01,ME5 BM4,0.5541,0,0.44968164,0.47742754,0.44888026,0.50555104,0.4762172,0.5013479,0.49717066,0.4764593,0.5013479
2019-06-01,2019-07-01,BIG HiBM,3.2012,1,0.5205323,0.46877024,0.51987845,0.50630915,0.48742142,0.49856594,0.50844264,0.4836912,0.49856594
2019-07-01,2019-08-01,SMALL LoBM,-4.019,0,0.54552245,0.46307197,0.54328716,0.49169585,0.48222604,0.5017884,0.49976987,0.47839522,0.5017884
2019-07-01,2019-08-01,ME1 BM2,-5.6239,0,0.4668884,0.44653052,0.45972386,0.4932114,0.48184633,0.49949142,0.48926294,0.47478318,0.49949142
2019-07-01,2019-08-01,ME1 BM3,-7.2687,0,0.5069305,0.51691127,0.53774196,0.48926476,0.4793052,0.4968963,0.49191463,0.48682642,0.4968963
2019-07-01,2019-08-01,ME1 BM4,-6.6139,0,0.477628,0.45020545,0.47416678,0.4885514,0.4751329,0.498528,0.4869129,0.47014743,0.498528
2019-07-01,2019-08-01,SMALL HiBM,-8.7416,0,0.53880656,0.5780142,0.5703653,0.48996565,0.4872392,0.5001371,0.4972918,0.5053942,0.5001371
2019-07-01,2019-08-01,ME2 BM1,-0.7399,1,0.4329792,0.54819167,0.5307852,0.4899894,0.48135644,0.5027312,0.4814379,0.4947235,0.5027312
2019-07-01,2019-08-01,ME2 BM2,-6.9143,0,0.48236328,0.4570033,0.5494591,0.48733404,0.48150998,0.501766,0.48658845,0.47660863,0.501766
2019-07-01,2019-08-01,ME2 BM3,-4.5943,0,0.48628506,0.4680183,0.4784597,0.48617634,0.48264596,0.5044174,0.48619267,0.47972044,0.5044174
2019-07-01,2019-08-01,ME2 BM4,-6.2116,0,0.51447713,0.49350107,0.5434276,0.48780653,0.48016417,0.50219864,0.49180713,0.48283157,0.50219864
2019-07-01,2019-08-01,ME2 BM5,-9.7937,0,0.52275723,0.5223251,0.5857831,0.48510298,0.472433,0.4969594,0.49075115,0.48241144,0.4969594
2019-07-01,2019-08-01,ME3 BM1,-5.5698,0,0.5337531,0.50892127,0.6000229,0.4877021,0.4836029,0.50197756,0.49460977,0.4886666,0.50197756
2019-07-01,2019-08-01,ME3 BM2,-4.1657,0,0.441527,0.51479256,0.52543706,0.48809233,0.48115247,0.49964556,0.48110753,0.48788053,0.49964556
2019-07-01,2019-08-01,ME3 BM3,-4.1581,0,0.4929971,0.51274467,0.5488448,0.48811844,0.47965378,0.4959651,0.48885027,0.48627195,0.4959651
2019-07-01,2019-08-01,ME3 BM4,-7.7798,0,0.47210908,0.5559235,0.5607464,0.48687786,0.46984842,0.49360815,0.48466256,0.48706347,0.49360815
2019-07-01,2019-08-01,ME3 BM5,-10.2222,0,0.5122528,0.50302994,0.58537346,0.4880397,0.48276785,0.49691707,0.49167168,0.48682028,0.49691707
2019-07-01,2019-08-01,ME4 BM1,-2.0079,1,0.4962339,0.49690494,0.5405984,0.49070102,0.47957894,0.4962885,0.49153095,0.48304415,0.4962885
2019-07-01,2019-08-01,ME4 BM2,-4.5699,0,0.44523668,0.5302024,0.55660504,0.48658627,0.4816578,0.5004774,0.48038384,0.4913667,0.5004774
2019-07-01,2019-08-01,ME4 BM3,-4.8961,0,0.5585653,0.51429564,0.5994127,0.4854655,0.47505614,0.5003395,0.49643052,0.48290405,0.5003395
2019-07-01,2019-08-01,ME4 BM4,-4.878,0,0.5713535,0.4521725,0.5358511,0.48599494,0.47382247,0.49764818,0.49879873,0.46949247,0.49764818
2019-07-01,2019-08-01,ME4 BM5,-8.1883,0,0.5033831,0.57465327,0.49673897,0.4865941,0.48760378,0.50716496,0.48911247,0.5050137,0.50716496
2019-07-01,2019-08-01,BIG LoBM,-0.2311,1,0.4335338,0.42232096,0.48393178,0.48797253,0.48101503,0.5005219,0.47980672,0.46927622,0.5005219
2019-07-01,2019-08-01,ME5 BM2,-2.2763,1,0.47980624,0.49091247,0.5110094,0.48991793,0.49701864,0.5067376,0.4884012,0.49579743,0.5067376
2019-07-01,2019-08-01,ME5 BM3,-3.0027,1,0.50609696,0.5373283,0.5783742,0.48896065,0.48339045,0.5015292,0.49153113,0.49417803,0.5015292
2019-07-01,2019-08-01,ME5 BM4,-3.3101,0,0.507721,0.42034972,0.48331758,0.48480913,0.47359073,0.4993967,0.4882459,0.46294254,0.4993967
2019-07-01,2019-08-01,BIG HiBM,-8.6225,0,0.49879354,0.53212804,0.584132,0.48363292,0.48027566,0.49911523,0.48590702,0.49064615,0.49911523
2019-08-01,2019-09-01,SMALL LoBM,-3.5549,0,0.43913904,0.4541852,0.48289862,0.50477624,0.4722277,0.5017672,0.49493065,0.4686192,0.5017672
2019-08-01,2019-09-01,ME1 BM2,0.0774,0,0.40823734,0.4802307,0.45843393,0.50268245,0.46099615,0.49916303,0.4885157,0.46484306,0.49916303
2019-08-01,2019-09-01,ME1 BM3,2.739,0,0.49297336,0.4280322,0.45923635,0.50811625,0.48248512,0.50098324,0.50584483,0.4715945,0.50098324
2019-08-01,2019-09-01,ME1 BM4,5.4784,0,0.4514624,0.43442622,0.45202026,0.50920177,0.48184523,0.4994053,0.50054085,0.47236145,0.4994053
2019-08-01,2019-09-01,SMALL HiBM,7.9525,1,0.4940824,0.46579427,0.5370523,0.508484,0.49117106,0.50081176,0.5063238,0.48609573,0.50081176
2019-08-01,2019-09-01,ME2 BM1,-1.5331,0,0.4362808,0.5466556,0.5063124,0.50391805,0.46377927,0.49937204,0.49377248,0.48035455,0.49937204
2019-08-01,2019-09-01,ME2 BM2,2.1163,0,0.47378334,0.4024815,0.54209226,0.5065175,0.4766158,0.5002756,0.5016074,0.46178895,0.5002756
2019-08-01,2019-09-01,ME2 BM3,3.7548,0,0.45945805,0.3548895,0.5120934,0.5073345,0.4746317,0.49993178,0.500153,0.45068327,0.49993178
2019-08-01,2019-09-01,ME2 BM4,5.5453,1,0.44505346,0.46614876,0.48945758,0.5077397,0.4763482,0.49833348,0.4983368,0.4743083,0.49833348
2019-08-01,2019-09-01,ME2 BM5,4.2482,0,0.513271,0.45114392,0.52908695,0.509223,0.47795597,0.49832135,0.5098302,0.47259358,0.49832135
2019-08-01,2019-09-01,ME3 BM1,-3.3531,0,0.49055028,0.5157023,0.6072276,0.50586206,0.46975547,0.49621642,0.5035653,0.47894487,0.49621642
2019-08-01,2019-09-01,ME3 BM2,1.212,0,0.4407865,0.45420206,0.5280597,0.50695586,0.47683528,0.50072575,0.49703047,0.47230864,0.50072575
2019-08-01,2019-09-01,ME3 BM3,2.719,0,0.44370085,0.48738497,0.5926518,0.50967574,0.47669807,0.4991909,0.49977952,0.47883546,0.4991909
2019-08-01,2019-09-01,ME3 BM4,6.3092,1,0.4837579,0.4102036,0.4776652,0.5098144,0.47563922,0.49868536,0.5059059,0.4625521,0.49868536
2019-08-01,2019-09-01,ME3 BM5,6.4588,1,0.5272735,0.48874784,0.57433754,0.5083436,0.4750442,0.4971577,0.5111831,0.47778493,0.4971577
2019-08-01,2019-09-01,ME4 BM1,-3.2077,0,0.4787246,0.49389687,0.55415154,0.50585073,0.46745172,0.50011146,0.5017818,0.47274077,0.50011146
2019-08-01,2019-09-01,ME4 BM2,3.0587,0,0.42957348,0.48266995,0.49667832,0.50969875,0.47681844,0.49917462,0.49767998,0.47798875,0.49917462
2019-08-01,2019-09-01,ME4 BM3,5.3268,0,0.53165406,0.45154917,0.5616139,0.51148325,0.47572318,0.4960138,0.5145089,0.47088838,0.4960138
2019-08-01,2019-09-01,ME4 BM4,6.1351,1,0.479122,0.45312014,0.53808403,0.5119451,0.47421795,0.49698117,0.50702167,0.4699984,0.49698117
2019-08-01,2019-09-01,ME4 BM5,5.0447,0,0.48554525,0.48334605,0.48632714,0.5129545,0.47876874,0.49673173,0.5088431,0.47968423,0.49673173
2019-08-01,2019-09-01,BIG LoBM,0.4095,0,0.50438404,0.47262788,0.52259696,0.5077636,0.48981985,0.5032707,0.5072567,0.48638147,0.5032707
2019-08-01,2019-09-01,ME5 BM2,1.4975,0,0.42755488,0.5397905,0.52723616,0.51107144,0.5053194,0.50624377,0.49854398,0.51221365,0.50624377
2019-08-01,2019-09-01,ME5 BM3,2.9107,0,0.5009308,0.43935552,0.56197727,0.51141,0.49045798,0.50149304,0.50983816,0.48023748,0.50149304
2019-08-01,2019-09-01,ME5 BM4,4.7123,0,0.47146103,0.48527852,0.50830364,0.5116214,0.4867357,0.50028306,0.5055974,0.48644426,0.50028306
2019-08-01,2019-09-01,BIG HiBM,5.3352,0,0.5118636,0.47909343,0.5086157,0.50814426,0.47453037,0.4940755,0.50870216,0.475443,0.4940755
2019-09-01,2019-10-01,SMALL LoBM,0.5759,0,0.59019274,0.46357998,0.5759658,0.5066454,0.46397284,0.5020808,0.5191775,0.46389428,0.5020808
2019-09-01,2019-10-01,ME1 BM2,0.2823,0,0.48284933,0.50618213,0.5450003,0.5059198,0.47568318,0.5047593,0.5024593,0.48178297,0.5047593
2019-09-01,2019-10-01,ME1 BM3,0.8955,0,0.5569971,0.48401812,0.58312947,0.505161,0.47378755,0.5107014,0.5129364,0.47583368,0.5107014
2019-09-01,2019-10-01,ME1 BM4,1.138,0,0.5505716,0.5323184,0.52280515,0.5057044,0.4727654,0.5093963,0.5124345,0.484676,0.5093963
2019-09-01,2019-10-01,SMALL HiBM,-0.5728,0,0.6051055,0.4928433,0.548855,0.50483656,0.47884604,0.5107336,0.51987696,0.48164552,0.5107336
2019-09-01,2019-10-01,ME2 BM1,3.5581,1,0.5065042,0.40697557,0.5033406,0.50805485,0.46409768,0.49781412,0.5078223,0.45267326,0.49781412
2019-09-01,2019-10-01,ME2 BM2,4.4979,1,0.62279224,0.52015334,0.57657784,0.5047444,0.4790095,0.50719905,0.52245164,0.4872383,0.50719905
2019-09-01,2019-10-01,ME2 BM3,1.4702,0,0.53096086,0.49416664,0.5294553,0.50522465,0.469829,0.50370544,0.5090851,0.47469652,0.50370544
2019-09-01,2019-10-01,ME2 BM4,2.7114,0,0.5103193,0.5316232,0.58989453,0.50475806,0.46904936,0.5091891,0.5055923,0.48156413,0.5091891
2019-09-01,2019-10-01,ME2 BM5,1.7889,0,0.57145107,0.54149187,0.59709466,0.50351965,0.4682769,0.50660455,0.51370937,0.48291987,0.50660455
2019-09-01,2019-10-01,ME3 BM1,3.9171,1,0.608933,0.563115,0.609883,0.50434494,0.4730003,0.5056213,0.5200331,0.49102324,0.5056213
2019-09-01,2019-10-01,ME3 BM2,2.6092,0,0.5375052,0.48457915,0.53881,0.50547403,0.46811768,0.5051995,0.5102787,0.47141,0.5051995
2019-09-01,2019-10-01,ME3 BM3,1.8342,0,0.5435963,0.4840109,0.5353806,0.5060837,0.4755284,0.50591433,0.51171064,0.4772249,0.50591433
2019-09-01,2019-10-01,ME3 BM4,2.6587,0,0.6019509,0.49648684,0.5870321,0.50490475,0.47351885,0.50707924,0.5194617,0.47811246,0.50707924
2019-09-01,2019-10-01,ME3 BM5,0.4319,0,0.5993552,0.5384525,0.5844094,0.50394535,0.4670875,0.5065331,0.51825684,0.48136052,0.5065331
2019-09-01,2019-10-01,ME4 BM1,2.7696,0,0.5153626,0.5151118,0.55282176,0.5065597,0.46698382,0.5043078,0.5078802,0.47660944,0.5043078
2019-09-01,2019-10-01,ME4 BM2,1.5256,0,0.5602919,0.49432272,0.5510394,0.5059904,0.4765942,0.50820684,0.5141356,0.48013994,0.50820684
2019-09-01,2019-10-01,ME4 BM3,-0.2635,0,0.5776882,0.5926338,0.60212386,0.50582844,0.48035294,0.50747657,0.5166074,0.5028091,0.50747657
2019-09-01,2019-10-01,ME4 BM4,0.2694,0,0.5385786,0.52087784,0.5859677,0.50554264,0.47647166,0.5062529,0.51049805,0.4853529,0.5062529
2019-09-01,2019-10-01,ME4 BM5,-3.1989,0,0.43121234,0.4954146,0.51930594,0.50407445,0.4737258,0.50780797,0.49314517,0.47806355,0.50780797
2019-09-01,2019-10-01,BIG LoBM,3.018,1,0.45846492,0.46281806,0.47458336,0.50864786,0.4724028,0.51050913,0.50112045,0.47048587,0.51050913
2019-09-01,2019-10-01,ME5 BM2,1.7711,0,0.46029446,0.5635431,0.5410594,0.50707257,0.5140286,0.517885,0.5000559,0.5239315,0.517885
2019-09-01,2019-10-01,ME5 BM3,2.8212,0,0.5048403,0.5275369,0.5232139,0.50684714,0.5015937,0.5118023,0.50654614,0.50678235,0.5118023
2019-09-01,2019-10-01,ME5 BM4,1.6769,0,0.49595407,0.52196133,0.524301,0.50660914,0.49036983,0.5106884,0.5050109,0.49668813,0.5106884
2019-09-01,2019-10-01,BIG HiBM,3.6973,1,0.42274803,0.5066854,0.48184085,0.5036168,0.47031426,0.5064974,0.4914865,0.4775885,0.5064974
2019-10-01,2019-11-01,SMALL LoBM,7.9407,1,0.50215876,0.511954,0.5605211,0.49626008,0.47945708,0.51230514,0.4971449,0.48595646,0.51230514
2019-10-01,2019-11-01,ME1 BM2,5.9645,1,0.45783117,0.46041256,0.47806823,0.49696195,0.47656095,0.50995815,0.49109235,0.47333127,0.50995815
2019-10-01,2019-11-01,ME1 BM3,2.9984,0,0.4712359,0.5254538,0.502123,0.49750084,0.47664687,0.50428045,0.49356112,0.48640826,0.50428045
2019-10-01,2019-11-01,ME1 BM4,3.4336,0,0.43906403,0.5005412,0.51906806,0.49795496,0.47423178,0.5134848,0.48912135,0.47949368,0.5134848
2019-10-01,2019-11-01,SMALL HiBM,4.0045,0,0.3530951,0.45739874,0.46993396,0.4982454,0.48458603,0.522817,0.47647285,0.47914857,0.522817
2019-10-01,2019-11-01,ME2 BM1,8.435,1,0.4983081,0.5666911,0.4787792,0.49580133,0.4718925,0.5197078,0.49617738,0.49085224,0.5197078
2019-10-01,2019-11-01,ME2 BM2,3.5,0,0.5450278,0.46667862,0.55013543,0.49754477,0.4662677,0.50533223,0.5046672,0.4663499,0.50533223
2019-10-01,2019-11-01,ME2 BM3,3.1274,0,0.43643785,0.4951389,0.52161133,0.49788073,0.4687831,0.50624406,0.48866433,0.47405428,0.50624406
2019-10-01,2019-11-01,ME2 BM4,3.5496,0,0.49387965,0.4699062,0.537811,0.4987692,0.47018638,0.5143941,0.4980358,0.47013035,0.5143941
2019-10-01,2019-11-01,ME2 BM5,1.786,0,0.38464233,0.49172032,0.47240138,0.4967011,0.47894323,0.51409733,0.47989228,0.48149866,0.51409733
2019-10-01,2019-11-01,ME3 BM1,7.2294,1,0.6503517,0.5307497,0.62954175,0.4957007,0.46260262,0.5062022,0.51889837,0.47623205,0.5062022
2019-10-01,2019-11-01,ME3 BM2,3.0057,0,0.52684987,0.4675645,0.5181091,0.49685863,0.47151974,0.5018047,0.5013573,0.4707287,0.5018047
2019-10-01,2019-11-01,ME3 BM3,1.3644,0,0.40633553,0.5228757,0.52105343,0.49657714,0.46990338,0.50130653,0.48304093,0.48049787,0.50130653
2019-10-01,2019-11-01,ME3 BM4,5.1659,0,0.376792,0.51066464,0.46896634,0.49736854,0.46916947,0.5114269,0.47928208,0.4774685,0.5114269
2019-10-01,2019-11-01,ME3 BM5,3.6955,0,0.41788098,0.50619334,0.48180246,0.4973607,0.48437345,0.52138555,0.48543876,0.48873743,0.52138555
2019-10-01,2019-11-01,ME4 BM1,7.6228,1,0.5695753,0.48806354,0.52668357,0.49615932,0.4736688,0.5020839,0.50717175,0.47654778,0.5020839
2019-10-01,2019-11-01,ME4 BM2,3.9479,0,0.3489918,0.5121121,0.50779074,0.49736443,0.4710849,0.5040663,0.47510853,0.47929034,0.5040663
2019-10-01,2019-11-01,ME4 BM3,2.9876,0,0.39374202,0.519759,0.52980113,0.49723592,0.47142202,0.50756675,0.48171186,0.48108944,0.50756675
2019-10-01,2019-11-01,ME4 BM4,2.9897,0,0.37259454,0.5214866,0.5085164,0.49683285,0.46869135,0.51115334,0.47819713,0.4792504,0.51115334
2019-10-01,2019-11-01,ME4 BM5,3.8335,0,0.46457693,0.51357913,0.46805328,0.49678245,0.4897717,0.5117792,0.4919516,0.49453318,0.5117792
2019-10-01,2019-11-01,BIG LoBM,3.8716,0,0.43133375,0.49388227,0.48073828,0.49685842,0.4719926,0.50539494,0.48702973,0.47637054,0.50539494
2019-10-01,2019-11-01,ME5 BM2,4.5297,0,0.49472812,0.5047204,0.49979576,0.49703354,0.4757908,0.50775945,0.49668774,0.4815767,0.50775945
2019-10-01,2019-11-01,ME5 BM3,2.3238,0,0.47501385,0.49618113,0.50466675,0.49684793,0.4674059,0.50374997,0.49357283,0.47316092,0.50374997
2019-10-01,2019-11-01,ME5 BM4,2.9351,0,0.39413098,0.5073338,0.4414808,0.49709028,0.48728558,0.51141906,0.4816464,0.49129525,0.51141906
2019-10-01,2019-11-01,BIG HiBM,4.8865,0,0.42326304,0.514793,0.5087895,0.49694625,0.4657165,0.50971127,0.4858938,0.47553182,0.50971127
2019-11-01,2019-12-01,SMALL LoBM,3.8663,0,0.6255521,0.3892932,0.5537905,0.5086438,0.49823856,0.4871266,0.52618,0.4764495,0.4871266
2019-11-01,2019-12-01,ME1 BM2,12.7668,1,0.5917474,0.38826236,0.5364481,0.5078349,0.49378106,0.49650112,0.5204218,0.47267735,0.49650112
2019-11-01,2019-12-01,ME1 BM3,2.8011,0,0.55286586,0.45591876,0.56022054,0.5079199,0.4677676,0.49780545,0.5146618,0.46539783,0.49780545
2019-11-01,2019-12-01,ME1 BM4,4.6332,0,0.56235147,0.46681184,0.5561076,0.50753254,0.46678656,0.49732786,0.5157554,0.46679163,0.49732786
2019-11-01,2019-12-01,SMALL HiBM,7.0372,1,0.59811777,0.40035573,0.53887767,0.5086856,0.4684849,0.49449646,0.52210045,0.45485908,0.49449646
2019-11-01,2019-12-01,ME2 BM1,3.9919,0,0.47178537,0.50516784,0.5456131,0.5095058,0.47152394,0.49687698,0.5038478,0.47825274,0.49687698
2019-11-01,2019-12-01,ME2 BM2,1.8591,0,0.54658246,0.47775948,0.57807606,0.5090009,0.46994436,0.49462143,0.5146381,0.4715074,0.49462143
2019-11-01,2019-12-01,ME2 BM3,6.2359,1,0.4977615,0.4790961,0.547296,0.5090401,0.47096935,0.5001211,0.50734836,0.4725947,0.5001211
2019-11-01,2019-12-01,ME2 BM4,2.6587,0,0.5049059,0.4545113,0.5168665,0.5084655,0.46712422,0.49517056,0.5079316,0.46460167,0.49517056
2019-11-01,2019-12-01,ME2 BM5,6.965,1,0.51650614,0.49629334,0.56599283,0.50903714,0.46706733,0.49248332,0.5101575,0.47291252,0.49248332
2019-11-01,2019-12-01,ME3 BM1,0.2074,0,0.5345304,0.526408,0.537698,0.50803787,0.4728436,0.49566093,0.51201177,0.4835565,0.49566093
2019-11-01,2019-12-01,ME3 BM2,3.2491,0,0.5648749,0.46576145,0.5690978,0.5087107,0.47013858,0.49991292,0.5171353,0.46926317,0.49991292
2019-11-01,2019-12-01,ME3 BM3,4.3023,0,0.49200186,0.461047,0.53545237,0.50897175,0.47310343,0.50006056,0.5064263,0.47069216,0.50006056
2019-11-01,2019-12-01,ME3 BM4,2.1164,0,0.516463,0.5099103,0.56412923,0.5085863,0.4693167,0.49680278,0.50976783,0.4774354,0.49680278
2019-11-01,2019-12-01,ME3 BM5,3.3039,0,0.586315,0.4454763,0.5638426,0.5083027,0.4617264,0.49320018,0.5200045,0.4584764,0.49320018
2019-11-01,2019-12-01,ME4 BM1,-0.4644,0,0.5667315,0.44248632,0.5425045,0.50894487,0.47118264,0.5002207,0.5176129,0.46544337,0.5002207
2019-11-01,2019-12-01,ME4 BM2,2.8354,0,0.5519302,0.4522582,0.55310273,0.5082433,0.4733786,0.4995683,0.5147964,0.46915454,0.4995683
2019-11-01,2019-12-01,ME4 BM3,3.7826,0,0.623604,0.43928576,0.58289313,0.5103127,0.4726516,0.501706,0.5273064,0.46597844,0.501706
2019-11-01,2019-12-01,ME4 BM4,2.3494,0,0.6200555,0.5547161,0.6085308,0.50781584,0.46985492,0.49928844,0.5246518,0.48682716,0.49928844
2019-11-01,2019-12-01,ME4 BM5,5.86,1,0.46655187,0.5235619,0.49201357,0.51218015,0.4705662,0.49849418,0.5053359,0.48116535,0.49849418
2019-11-01,2019-12-01,BIG LoBM,3.6704,0,0.51841575,0.46503127,0.54632545,0.5071628,0.4723814,0.49900153,0.50885075,0.47091138,0.49900153
2019-11-01,2019-12-01,ME5 BM2,1.6053,0,0.45263958,0.5136891,0.4902088,0.5095943,0.4804049,0.5011544,0.5010511,0.48706174,0.5011544
2019-11-01,2019-12-01,ME5 BM3,2.3032,0,0.5239535,0.51496726,0.56373847,0.5078185,0.46991727,0.5006188,0.51023877,0.47892728,0.5006188
2019-11-01,2019-12-01,ME5 BM4,3.0182,0,0.5257118,0.44904596,0.5228345,0.5090679,0.46868518,0.49955374,0.5115645,0.46475732,0.49955374
2019-11-01,2019-12-01,BIG HiBM,4.0296,0,0.5241521,0.5141099,0.56905556,0.5071385,0.46595424,0.49209705,0.5096905,0.47558537,0.49209705
2019-12-01,2020-01-01,SMALL LoBM,-1.3578,0,0.50259966,0.43199748,0.41701338,0.49486116,0.48580956,0.533877,0.49602196,0.47504714,0.533877
2019-12-01,2020-01-01,ME1 BM2,-3.1396,0,0.4980216,0.4744705,0.44858128,0.4933189,0.48626485,0.52999973,0.4940243,0.483906,0.52999973
2019-12-01,2020-01-01,ME1 BM3,-4.5657,0,0.36449027,0.40090957,0.2858584,0.49120057,0.48941225,0.5222085,0.47219405,0.47171172,0.5222085
2019-12-01,2020-01-01,ME1 BM4,-5.9176,0,0.4104104,0.46908763,0.4394509,0.49058932,0.46962184,0.5138113,0.47856247,0.469515,0.5138113
2019-12-01,2020-01-01,SMALL HiBM,-9.6911,0,0.42907542,0.47697127,0.42411977,0.49151197,0.4913058,0.52075934,0.4821465,0.4884389,0.52075934
2019-12-01,2020-01-01,ME2 BM1,-2.4342,0,0.5415947,0.5053209,0.4626229,0.49334747,0.48682252,0.52736807,0.50058454,0.4905222,0.52736807
2019-12-01,2020-01-01,ME2 BM2,-2.2638,0,0.4323275,0.46703458,0.38952595,0.49239337,0.48253116,0.5210065,0.4833835,0.47943184,0.5210065
2019-12-01,2020-01-01,ME2 BM3,-5.6349,0,0.4080903,0.42362866,0.3813358,0.49173015,0.49135613,0.5225362,0.47918418,0.47781065,0.5225362
2019-12-01,2020-01-01,ME2 BM4,-6.4425,0,0.3726412,0.51011455,0.38950503,0.4904549,0.46946365,0.51259434,0.47278288,0.47759384,0.51259434
2019-12-01,2020-01-01,ME2 BM5,-9.1534,0,0.45174605,0.51269317,0.53775364,0.4915531,0.47476852,0.5114271,0.48558205,0.48235348,0.5114271
2019-12-01,2020-01-01,ME3 BM1,-1.1712,0,0.41555864,0.4027339,0.32300335,0.4931901,0.48786318,0.5301306,0.4815454,0.47083735,0.5301306
2019-12-01,2020-01-01,ME3 BM2,-1.1482,1,0.4213754,0.49714866,0.4271646,0.49159783,0.49179438,0.52150655,0.48106447,0.49286523,0.52150655
2019-12-01,2020-01-01,ME3 BM3,-2.489,0,0.35743484,0.44815296,0.40966296,0.4931974,0.4827657,0.51919556,0.47283304,0.47584316,0.51919556
2019-12-01,2020-01-01,ME3 BM4,-4.954,0,0.41623196,0.5365227,0.46208948,0.49034634,0.47613487,0.5130439,0.47922918,0.48821244,0.5130439
2019-12-01,2020-01-01,ME3 BM5,-8.6074,0,0.4497152,0.5823963,0.46795645,0.49213955,0.5022646,0.5238222,0.48577592,0.51829094,0.5238222
2019-12-01,2020-01-01,ME4 BM1,1.0704,1,0.49392506,0.39599958,0.3566702,0.4919158,0.48568997,0.5294305,0.49221718,0.4677519,0.5294305
2019-12-01,2020-01-01,ME4 BM2,-1.8358,0,0.451902,0.47314772,0.42727092,0.49228513,0.4906777,0.5224657,0.48622766,0.48717174,0.5224657
2019-12-01,2020-01-01,ME4 BM3,-1.7416,0,0.36481327,0.44092,0.38352326,0.4929361,0.49115065,0.5167781,0.4737177,0.48110452,0.5167781
2019-12-01,2020-01-01,ME4 BM4,-2.6244,0,0.44143915,0.48798952,0.42861077,0.49293426,0.49255005,0.5200426,0.48521,0.49163795,0.5200426
2019-12-01,2020-01-01,ME4 BM5,-3.4066,0,0.39217594,0.35796306,0.35093543,0.49196234,0.49351987,0.5219554,0.4769944,0.4664085,0.5219554
2019-12-01,2020-01-01,BIG LoBM,2.4594,1,0.3577265,0.44828564,0.36308864,0.4921123,0.48859763,0.51391226,0.47195446,0.48053524,0.51391226
2019-12-01,2020-01-01,ME5 BM2,0.5051,1,0.3892827,0.5309155,0.4051047,0.4919422,0.4811038,0.5207087,0.47654328,0.49106616,0.5207087
2019-12-01,2020-01-01,ME5 BM3,-0.6035,1,0.37325236,0.4754502,0.43753052,0.4921292,0.48638004,0.51630247,0.4742977,0.48419407,0.51630247
2019-12-01,2020-01-01,ME5 BM4,-5.4542,0,0.34834775,0.4739154,0.38566267,0.4914111,0.49072576,0.517782,0.4699516,0.4873637,0.517782
2019-12-01,2020-01-01,BIG HiBM,-4.2418,0,0.38324657,0.5270876,0.3914861,0.48963425,0.47651625,0.51154363,0.47367612,0.48663053,0.51154363
2020-01-01,2020-02-01,SMALL LoBM,-6.1052,1,0.4712251,0.53051805,0.5499151,0.5060494,0.47269744,0.5027869,0.50082576,0.48426157,0.5027869
2020-01-01,2020-02-01,ME1 BM2,-4.2495,1,0.49053073,0.44522798,0.60073096,0.50094485,0.4904377,0.5182731,0.49938273,0.48139578,0.5182731
2020-01-01,2020-02-01,ME1 BM3,-4.3463,1,0.37903303,0.49823102,0.4420488,0.5024686,0.47086737,0.50550795,0.48395327,0.47634012,0.50550795
2020-01-01,2020-02-01,ME1 BM4,-8.3709,0,0.61264896,0.48482317,0.5862124,0.49821687,0.47115692,0.49861726,0.5153817,0.4738902,0.49861726
2020-01-01,2020-02-01,SMALL HiBM,-8.4809,0,0.581491,0.51912016,0.59971106,0.5014944,0.48653215,0.50961006,0.5134939,0.49304974,0.50961006
2020-01-01,2020-02-01,ME2 BM1,-7.4786,0,0.4479822,0.45784447,0.5117688,0.5002715,0.49603018,0.510707,0.49242812,0.48839304,0.510707
2020-01-01,2020-02-01,ME2 BM2,-8.256,0,0.44811362,0.4586393,0.4193281,0.5044148,0.47544232,0.5086389,0.49596965,0.47208172,0.5086389
2020-01-01,2020-02-01,ME2 BM3,-10.774,0,0.5266895,0.44711667,0.54645586,0.4998787,0.4778111,0.5022074,0.50390035,0.4716722,0.5022074
2020-01-01,2020-02-01,ME2 BM4,-10.2497,0,0.41864043,0.4847424,0.45532802,0.50122,0.47225353,0.49976328,0.48883307,0.4747513,0.49976328
2020-01-01,2020-02-01,ME2 BM5,-10.5944,0,0.56350726,0.42344823,0.5233759,0.5013466,0.48721564,0.5095985,0.51067066,0.47446215,0.5095985
2020-01-01,2020-02-01,ME3 BM1,-6.668,1,0.36300907,0.4998476,0.34330302,0.50656605,0.47610566,0.50994635,0.4850325,0.48085403,0.50994635
2020-01-01,2020-02-01,ME3 BM2,-6.8016,0,0.37271312,0.45521083,0.44643798,0.50148845,0.47321025,0.5072378,0.48217216,0.46961036,0.5072378
2020-01-01,2020-02-01,ME3 BM3,-11.2438,0,0.42168656,0.51961935,0.46423385,0.5009458,0.47741976,0.5048787,0.48905694,0.4858597,0.5048787
2020-01-01,2020-02-01,ME3 BM4,-9.0514,0,0.4914344,0.5112764,0.53141826,0.50009334,0.47755197,0.503908,0.4987945,0.48429686,0.503908
2020-01-01,2020-02-01,ME3 BM5,-11.4329,0,0.45620885,0.48466158,0.4766991,0.5060669,0.47552335,0.49682438,0.4985882,0.477351,0.49682438
2020-01-01,2020-02-01,ME4 BM1,-6.6469,1,0.35304293,0.51181954,0.36904693,0.5017843,0.47864974,0.5154449,0.4794731,0.4852837,0.5154449
2020-01-01,2020-02-01,ME4 BM2,-7.0935,0,0.4422172,0.44409838,0.4895228,0.5003181,0.47412544,0.507769,0.491603,0.46812004,0.507769
2020-01-01,2020-02-01,ME4 BM3,-9.2988,0,0.42629027,0.49125963,0.4943858,0.49964285,0.476638,0.50403714,0.48863998,0.47956234,0.50403714
2020-01-01,2020-02-01,ME4 BM4,-10.6689,0,0.4439533,0.47546434,0.47676885,0.50142807,0.47454146,0.50462943,0.49280685,0.47472602,0.50462943
2020-01-01,2020-02-01,ME4 BM5,-13.3551,0,0.5389084,0.52250093,0.5641751,0.50168246,0.47232017,0.4995001,0.5072664,0.4823563,0.4995001
2020-01-01,2020-02-01,BIG LoBM,-7.027,0,0.5214273,0.49199343,0.5655009,0.4991125,0.49793032,0.5181674,0.5024597,0.49674293,0.5181674
2020-01-01,2020-02-01,ME5 BM2,-8.0365,0,0.47467944,0.46552068,0.5492606,0.5016159,0.5081078,0.51988494,0.49757543,0.4995904,0.51988494
2020-01-01,2020-02-01,ME5 BM3,-9.063,0,0.4454134,0.61752445,0.49087694,0.5009413,0.4909707,0.51433396,0.4926121,0.5162815,0.51433396
2020-01-01,2020-02-01,ME5 BM4,-10.853,0,0.5301821,0.56011266,0.6047968,0.4969798,0.50386906,0.5116826,0.50196016,0.51511776,0.5116826
2020-01-01,2020-02-01,BIG HiBM,-11.7279,0,0.41870007,0.5116963,0.4486055,0.50178474,0.47471622,0.49879143,0.48932207,0.48211226,0.49879143
2020-02-01,2020-03-01,SMALL LoBM,-21.1592,0,0.4530113,0.44686395,0.5065697,0.5009284,0.51802516,0.5176685,0.49374086,0.50379294,0.5176685
2020-02-01,2020-03-01,ME1 BM2,-15.1671,1,0.35679874,0.5408371,0.46507552,0.50009686,0.4763294,0.5104488,0.47860217,0.48923093,0.5104488
2020-02-01,2020-03-01,ME1 BM3,-21.8594,0,0.3850839,0.48233533,0.4359822,0.49980798,0.47999325,0.5119395,0.48259938,0.4804617,0.5119395
2020-02-01,2020-03-01,ME1 BM4,-26.4965,0,0.47285882,0.51518655,0.49134532,0.49975672,0.47289035,0.5095484,0.49572206,0.4813496,0.5095484
2020-02-01,2020-03-01,SMALL HiBM,-27.6923,0,0.5266783,0.4739307,0.53853804,0.5014203,0.4810565,0.50980294,0.505209,0.47963136,0.50980294
2020-02-01,2020-03-01,ME2 BM1,-19.4737,0,0.4569059,0.4546722,0.49702647,0.4993953,0.5114114,0.5144296,0.4930219,0.5000636,0.5144296
2020-02-01,2020-03-01,ME2 BM2,-19.3106,0,0.4809305,0.493699,0.48551556,0.5014099,0.47686067,0.51061505,0.49833798,0.48022833,0.51061505
2020-02-01,2020-03-01,ME2 BM3,-21.6963,0,0.51548165,0.5128635,0.53120506,0.5008051,0.5002798,0.5162523,0.5030066,0.50279653,0.5162523
2020-02-01,2020-03-01,ME2 BM4,-23.572,0,0.40675786,0.5549547,0.4734781,0.50064075,0.4726749,0.5086198,0.48655832,0.48913088,0.5086198
2020-02-01,2020-03-01,ME2 BM5,-31.9728,0,0.49838957,0.5517026,0.5186914,0.5004693,0.48145378,0.5143882,0.50015736,0.49550357,0.5143882
2020-02-01,2020-03-01,ME3 BM1,-17.6619,0,0.3634384,0.45590687,0.4119582,0.5015478,0.5173843,0.5155486,0.4808314,0.5050888,0.5155486
2020-02-01,2020-03-01,ME3 BM2,-18.5657,0,0.37604502,0.37790546,0.39293045,0.5002296,0.48354885,0.5060424,0.48160192,0.4624202,0.5060424
2020-02-01,2020-03-01,ME3 BM3,-18.159,0,0.44626337,0.4198088,0.420967,0.49895632,0.4745174,0.50410014,0.4910524,0.4635757,0.50410014
2020-02-01,2020-03-01,ME3 BM4,-26.546,0,0.44253895,0.44267517,0.45847386,0.5000054,0.5022989,0.5160235,0.49138546,0.49037415,0.5160235
2020-02-01,2020-03-01,ME3 BM5,-31.1937,0,0.52707833,0.55465037,0.5437951,0.50043935,0.48269537,0.51326096,0.50443524,0.49708638,0.51326096
2020-02-01,2020-03-01,ME4 BM1,-12.1961,1,0.35164657,0.54685307,0.5225569,0.50119686,0.51302636,0.5166,0.47876433,0.5197917,0.5166
2020-02-01,2020-03-01,ME4 BM2,-18.5062,0,0.42966092,0.42301285,0.48122156,0.49993515,0.4804902,0.509207,0.489394,0.46899474,0.509207
2020-02-01,2020-03-01,ME4 BM3,-20.1821,0,0.41073087,0.4225782,0.45940417,0.5010252,0.48008183,0.509011,0.48748106,0.4685811,0.509011
2020-02-01,2020-03-01,ME4 BM4,-32.0833,0,0.45979673,0.35139665,0.44231284,0.50024366,0.4763117,0.5053817,0.49417666,0.4513287,0.5053817
2020-02-01,2020-03-01,ME4 BM5,-32.5184,0,0.42389187,0.49136576,0.44027153,0.4994538,0.5006939,0.5176183,0.48811954,0.4988283,0.5176183
2020-02-01,2020-03-01,BIG LoBM,-7.7815,1,0.44538713,0.5104784,0.43445066,0.5035056,0.48056573,0.49953407,0.49478784,0.48654824,0.49953407
2020-02-01,2020-03-01,ME5 BM2,-11.0253,1,0.41325545,0.4864114,0.4147384,0.50256014,0.5209222,0.51919174,0.48916444,0.51402,0.51919174
2020-02-01,2020-03-01,ME5 BM3,-15.7538,1,0.44209734,0.43470863,0.46720147,0.50118494,0.4790787,0.516499,0.49232182,0.47020468,0.516499
2020-02-01,2020-03-01,ME5 BM4,-20.1526,0,0.47138855,0.5086306,0.48923355,0.50004435,0.46903205,0.50162065,0.495746,0.47695175,0.50162065
2020-02-01,2020-03-01,BIG HiBM,-28.4596,0,0.53606725,0.5881278,0.56105626,0.50001884,0.49078593,0.5131368,0.5054261,0.5102543,0.5131368
2020-03-01,2020-04-01,SMALL LoBM,24.3389,1,0.5651853,0.54851377,0.5912889,0.50161654,0.49452507,0.5143719,0.5111519,0.5053228,0.5143719
2020-03-01,2020-04-01,ME1 BM2,18.0775,1,0.4828277,0.53072524,0.5110143,0.5018722,0.47156647,0.5057851,0.4990155,0.48339823,0.5057851
2020-03-01,2020-04-01,ME1 BM3,15.187,0,0.4877078,0.42332858,0.5450407,0.5035319,0.478034,0.509007,0.5011583,0.4670929,0.509007
2020-03-01,2020-04-01,ME1 BM4,10.8935,0,0.51970816,0.5145003,0.5493529,0.5051342,0.48329535,0.5114031,0.50732034,0.48953635,0.5114031
2020-03-01,2020-04-01,SMALL HiBM,15.782,0,0.6639242,0.5536914,0.70149136,0.50232595,0.483158,0.5012201,0.52656573,0.49726468,0.5012201
2020-03-01,2020-04-01,ME2 BM1,19.3272,1,0.5647432,0.4678542,0.5538706,0.5017882,0.4922408,0.5109669,0.5112315,0.48736346,0.5109669
2020-03-01,2020-04-01,ME2 BM2,12.4528,0,0.49232307,0.38753337,0.5068531,0.500172,0.48749757,0.5156553,0.49899468,0.46750474,0.5156553
2020-03-01,2020-04-01,ME2 BM3,12.3554,0,0.44541252,0.51108634,0.44023567,0.50036436,0.48115516,0.5016977,0.4921216,0.48714143,0.5016977
2020-03-01,2020-04-01,ME2 BM4,9.9268,0,0.4843456,0.63245565,0.6318509,0.50255144,0.47903106,0.5107957,0.49982056,0.509716,0.5107957
2020-03-01,2020-04-01,ME2 BM5,25.9626,1,0.5861813,0.56260455,0.6061389,0.5010662,0.47178856,0.5054748,0.5138335,0.48995176,0.5054748
2020-03-01,2020-04-01,ME3 BM1,17.5197,0,0.5128813,0.54307306,0.5891822,0.50115764,0.49448347,0.5157608,0.5029162,0.5042014,0.5157608
2020-03-01,2020-04-01,ME3 BM2,13.4751,0,0.5410795,0.4167439,0.52530736,0.50172484,0.4746089,0.50712585,0.5076281,0.4630359,0.50712585
2020-03-01,2020-04-01,ME3 BM3,10.3317,0,0.57387245,0.43212223,0.47322625,0.4973536,0.47781423,0.5143111,0.50883144,0.46867582,0.5143111
2020-03-01,2020-04-01,ME3 BM4,15.3083,0,0.5112149,0.44647196,0.4884483,0.50117445,0.48482284,0.51034087,0.50268054,0.47715268,0.51034087
2020-03-01,2020-04-01,ME3 BM5,19.1823,1,0.5785747,0.52445555,0.57036656,0.5008767,0.47269374,0.5052984,0.5125314,0.4830461,0.5052984
2020-03-01,2020-04-01,ME4 BM1,16.5389,0,0.48012963,0.48821968,0.49958408,0.5007739,0.49680057,0.5154061,0.4976773,0.4950844,0.5154061
2020-03-01,2020-04-01,ME4 BM2,14.5269,0,0.52767384,0.5370181,0.61245054,0.5017717,0.49268764,0.51349634,0.505657,0.5015537,0.51349634
2020-03-01,2020-04-01,ME4 BM3,11.6757,0,0.54110056,0.40620014,0.51506984,0.5001909,0.48516732,0.5132886,0.5063274,0.46937388,0.5132886
2020-03-01,2020-04-01,ME4 BM4,16.2651,0,0.5763576,0.45460492,0.49574205,0.4993084,0.48097524,0.5113952,0.5108658,0.47570118,0.5113952
2020-03-01,2020-04-01,ME4 BM5,17.4705,0,0.5578966,0.48939818,0.53444,0.4983159,0.49520975,0.5054594,0.507253,0.49404746,0.5054594
2020-03-01,2020-04-01,BIG LoBM,14.0905,0,0.50361615,0.57764316,0.5301372,0.49947375,0.48787832,0.514771,0.5000951,0.5058313,0.514771
2020-03-01,2020-04-01,ME5 BM2,13.5805,0,0.5196355,0.50772095,0.5452208,0.49908954,0.48138317,0.5173925,0.50217146,0.48665074,0.5173925
2020-03-01,2020-04-01,ME5 BM3,9.82,0,0.52996147,0.5418183,0.54660493,0.49826142,0.4776471,0.51859224,0.5030165,0.49048135,0.51859224
2020-03-01,2020-04-01,ME5 BM4,10.5089,0,0.61107886,0.5439469,0.5228303,0.49973696,0.47448677,0.5039829,0.51643825,0.4883788,0.5039829
2020-03-01,2020-04-01,BIG HiBM,14.6389,0,0.3929371,0.5007268,0.4897103,0.49673814,0.48338708,0.5092872,0.48116797,0.48685503,0.5092872
2020-04-01,2020-05-01,SMALL LoBM,12.2445,1,0.47384313,0.24584875,0.307778,0.49966767,0.5022144,0.518268,0.49579403,0.45094126,0.518268
2020-04-01,2020-05-01,ME1 BM2,6.3917,0,0.49297717,0.43152678,0.43281704,0.50174373,0.50295246,0.52147377,0.5004288,0.4886673,0.52147377
2020-04-01,2020-05-01,ME1 BM3,6.2791,0,0.41488385,0.25246996,0.29814607,0.5000882,0.5010483,0.5166403,0.48730758,0.45133266,0.5166403
2020-04-01,2020-05-01,ME1 BM4,4.3916,0,0.3632836,0.29073092,0.4129965,0.49976328,0.5050113,0.5188242,0.47929132,0.46215525,0.5188242
2020-04-01,2020-05-01,SMALL HiBM,4.1402,0,0.3929521,0.500502,0.51444954,0.49944776,0.5052189,0.5209989,0.48347342,0.50427556,0.5209989
2020-04-01,2020-05-01,ME2 BM1,10.1704,1,0.3552957,0.4777498,0.47924596,0.50073457,0.50345564,0.51556957,0.47891876,0.4983145,0.51556957
2020-04-01,2020-05-01,ME2 BM2,7.2753,0,0.4181251,0.46163577,0.425365,0.50103444,0.5030067,0.5171217,0.48859805,0.4947325,0.5171217
2020-04-01,2020-05-01,ME2 BM3,3.6226,0,0.35748115,0.48268124,0.39210355,0.5004319,0.45024705,0.49720374,0.4789893,0.45673388,0.49720374
2020-04-01,2020-05-01,ME2 BM4,1.5516,0,0.2898652,0.47123897,0.46164232,0.50042915,0.50513715,0.51678693,0.46884456,0.4983575,0.51678693
2020-04-01,2020-05-01,ME2 BM5,7.167,0,0.4557613,0.6981073,0.6593729,0.4981327,0.5018232,0.5217624,0.491777,0.54108,0.5217624
2020-04-01,2020-05-01,ME3 BM1,12.4951,1,0.4655704,0.45094448,0.5055641,0.5011574,0.50279456,0.5181033,0.4958194,0.49242455,0.5181033
2020-04-01,2020-05-01,ME3 BM2,9.2354,1,0.41696024,0.27901,0.2798755,0.50108534,0.4823415,0.52147996,0.4884666,0.4416752,0.52147996
2020-04-01,2020-05-01,ME3 BM3,5.1624,0,0.4385757,0.49079418,0.3921096,0.5013779,0.46182677,0.5046923,0.49195758,0.46762025,0.5046923
2020-04-01,2020-05-01,ME3 BM4,4.3509,0,0.34727633,0.39978695,0.39231125,0.49991655,0.50578,0.51942337,0.47702053,0.48458138,0.51942337
2020-04-01,2020-05-01,ME3 BM5,1.4479,0,0.5051493,0.6770756,0.67107564,0.49882886,0.5029495,0.51921356,0.49977696,0.5377747,0.51921356
2020-04-01,2020-05-01,ME4 BM1,10.9131,1,0.37497777,0.41071644,0.41453475,0.50254875,0.48864198,0.5201177,0.48341313,0.47305685,0.5201177
2020-04-01,2020-05-01,ME4 BM2,9.0164,0,0.32886535,0.21630451,0.2248268,0.50126255,0.4856803,0.5195681,0.47540298,0.43180516,0.5195681
2020-04-01,2020-05-01,ME4 BM3,5.8419,0,0.3236187,0.45791444,0.31068784,0.5007683,0.4595266,0.5011872,0.47419587,0.45920417,0.5011872
2020-04-01,2020-05-01,ME4 BM4,3.4749,0,0.47217277,0.66083384,0.59451544,0.49911186,0.5026416,0.52063537,0.495071,0.53428006,0.52063537
2020-04-01,2020-05-01,ME4 BM5,1.9194,0,0.477976,0.69234353,0.6268547,0.49911034,0.50135136,0.52019536,0.4959402,0.5395498,0.52019536
2020-04-01,2020-05-01,BIG LoBM,5.6438,0,0.4540614,0.56400335,0.45714337,0.501351,0.482068,0.50768495,0.49425757,0.4984551,0.50768495
2020-04-01,2020-05-01,ME5 BM2,5.4962,0,0.317185,0.48052552,0.3739588,0.5024331,0.47467393,0.5112128,0.4746459,0.47584423,0.5112128
2020-04-01,2020-05-01,ME5 BM3,3.6816,0,0.37746653,0.5809804,0.35931727,0.5021848,0.47364357,0.5108404,0.4834771,0.49511096,0.5108404
2020-04-01,2020-05-01,ME5 BM4,1.1631,0,0.38696948,0.47130653,0.3864374,0.50064254,0.4509131,0.49745005,0.4835916,0.45499182,0.49745005
2020-04-01,2020-05-01,BIG HiBM,3.8204,0,0.34509504,0.42471892,0.42897835,0.49955213,0.4441347,0.48831272,0.47638357,0.4402516,0.48831272
2020-05-01,2020-06-01,SMALL LoBM,10.584,1,0.4243644,0.41109803,0.30223873,0.45750254,0.42986205,0.490495,0.45253184,0.42610925,0.490495
2020-05-01,2020-06-01,ME1 BM2,2.1569,0,0.47364858,0.4119057,0.426131,0.46212518,0.48574853,0.5214923,0.46385372,0.47098,0.5214923
2020-05-01,2020-06-01,ME1 BM3,6.5852,1,0.42386574,0.52234447,0.5120978,0.46351042,0.52776086,0.52445585,0.45756373,0.5266776,0.52445585
2020-05-01,2020-06-01,ME1 BM4,4.4366,0,0.4433235,0.5026007,0.48553917,0.46618232,0.49064356,0.52501106,0.4627535,0.49303502,0.52501106
2020-05-01,2020-06-01,SMALL HiBM,6.4665,1,0.39142212,0.46820146,0.445349,0.46127823,0.509215,0.5190197,0.45079982,0.50101227,0.5190197
2020-05-01,2020-06-01,ME2 BM1,5.3935,1,0.37991813,0.3057634,0.2946222,0.46021315,0.43484512,0.50250745,0.44816893,0.40902877,0.50250745
2020-05-01,2020-06-01,ME2 BM2,2.8424,0,0.52631027,0.37071764,0.45983884,0.46397048,0.45083693,0.51562726,0.47332144,0.43481308,0.51562726
2020-05-01,2020-06-01,ME2 BM3,3.8156,0,0.51410794,0.37034163,0.44685382,0.46386054,0.4358256,0.509038,0.47139767,0.4227288,0.509038
2020-05-01,2020-06-01,ME2 BM4,2.8691,0,0.4885811,0.45706928,0.5032297,0.46502495,0.43208328,0.5078861,0.46855837,0.43708047,0.5078861
2020-05-01,2020-06-01,ME2 BM5,3.1663,0,0.3271747,0.40038973,0.2590043,0.4572644,0.3768897,0.45314983,0.43775094,0.3815897,0.45314983
2020-05-01,2020-06-01,ME3 BM1,4.711,0,0.43155488,0.35192293,0.4365229,0.46135262,0.45130584,0.5121367,0.45688298,0.43142927,0.5121367
2020-05-01,2020-06-01,ME3 BM2,1.2661,0,0.46850818,0.21323068,0.32352275,0.46396086,0.42980948,0.5063703,0.46464297,0.38649374,0.5063703
2020-05-01,2020-06-01,ME3 BM3,-0.1115,0,0.35116774,0.40065855,0.4266015,0.46529952,0.47349927,0.5200522,0.44817975,0.45893112,0.5200522
2020-05-01,2020-06-01,ME3 BM4,4.4589,0,0.44022718,0.3625191,0.30772248,0.46265873,0.40316147,0.483083,0.45929402,0.395033,0.483083
2020-05-01,2020-06-01,ME3 BM5,0.2299,0,0.33827767,0.5203885,0.34883365,0.46038947,0.3886133,0.4674209,0.4420727,0.41496834,0.4674209
2020-05-01,2020-06-01,ME4 BM1,2.2766,0,0.33634558,0.51233524,0.40633842,0.4614957,0.47486427,0.51983577,0.44272318,0.4823585,0.51983577
2020-05-01,2020-06-01,ME4 BM2,0.761,0,0.5027553,0.22864808,0.38718075,0.4625317,0.4333046,0.5085279,0.46856523,0.3923733,0.5085279
2020-05-01,2020-06-01,ME4 BM3,-0.7723,0,0.47615227,0.3031471,0.38741624,0.4648589,0.44446442,0.51320577,0.4665529,0.41620097,0.51320577
2020-05-01,2020-06-01,ME4 BM4,2.8019,0,0.40643847,0.36518738,0.34458053,0.46494192,0.3703678,0.45786077,0.45616642,0.36933172,0.45786077
2020-05-01,2020-06-01,ME4 BM5,1.8633,0,0.34892392,0.48239613,0.33738884,0.46299863,0.38560295,0.46797597,0.44588745,0.40496162,0.46797597
2020-05-01,2020-06-01,BIG LoBM,5.0972,1,0.42923772,0.4286746,0.41902897,0.46522054,0.47624838,0.5239008,0.45982313,0.46673363,0.5239008
2020-05-01,2020-06-01,ME5 BM2,-0.8925,0,0.31655243,0.45164692,0.35694775,0.46392697,0.47771084,0.5224332,0.4418208,0.47249806,0.5224332
2020-05-01,2020-06-01,ME5 BM3,-0.6609,0,0.37523714,0.44924128,0.4556499,0.46738464,0.47910857,0.52205837,0.4535625,0.4731351,0.52205837
2020-05-01,2020-06-01,ME5 BM4,-1.8583,0,0.35139295,0.31688923,0.34299332,0.46445367,0.4422735,0.51324975,0.4474946,0.41719666,0.51324975
2020-05-01,2020-06-01,BIG HiBM,2.0764,0,0.47816944,0.3796975,0.36325562,0.46495685,0.4023282,0.48329863,0.46693876,0.39780205,0.48329863
2020-06-01,2020-07-01,SMALL LoBM,0.3305,0,0.3860438,0.4591691,0.38289627,0.48100045,0.4451742,0.5167083,0.46675697,0.4479732,0.5167083
2020-06-01,2020-07-01,ME1 BM2,0.1079,0,0.45395884,0.51617455,0.5104816,0.48443672,0.5238902,0.5349511,0.47986507,0.5223471,0.5349511
2020-06-01,2020-07-01,ME1 BM3,3.2659,0,0.4671868,0.52113783,0.5812176,0.484288,0.528821,0.53349006,0.48172283,0.5272844,0.53349006
2020-06-01,2020-07-01,ME1 BM4,-0.8063,0,0.39429808,0.5399017,0.5669089,0.4865219,0.4985767,0.5322876,0.47268832,0.5068417,0.5322876
2020-06-01,2020-07-01,SMALL HiBM,3.6474,0,0.4944449,0.5725197,0.5910954,0.48240814,0.5252006,0.5344094,0.48421368,0.53466445,0.5344094
2020-06-01,2020-07-01,ME2 BM1,0.7253,0,0.3561467,0.39570203,0.41871414,0.4795506,0.45829025,0.5209008,0.46104002,0.4457726,0.5209008
2020-06-01,2020-07-01,ME2 BM2,3.5905,0,0.47627118,0.49343082,0.5181421,0.4842526,0.46964118,0.5214772,0.4830554,0.47439912,0.5214772
2020-06-01,2020-07-01,ME2 BM3,3.5615,0,0.48459417,0.40519014,0.47449496,0.48533058,0.4631861,0.5171907,0.48522013,0.4515869,0.5171907
2020-06-01,2020-07-01,ME2 BM4,1.7674,0,0.5300582,0.4683476,0.54626447,0.48731285,0.4593691,0.51560044,0.49372464,0.4611648,0.51560044
2020-06-01,2020-07-01,ME2 BM5,2.819,0,0.4196623,0.34882814,0.32813737,0.47852153,0.4096886,0.48884133,0.46969265,0.39751652,0.48884133
2020-06-01,2020-07-01,ME3 BM1,1.1045,0,0.470884,0.4020444,0.4712095,0.4828734,0.47097972,0.52140903,0.48107502,0.45719266,0.52140903
2020-06-01,2020-07-01,ME3 BM2,3.7942,0,0.4186278,0.40612304,0.43850613,0.4844468,0.44518507,0.517903,0.47457397,0.43737268,0.517903
2020-06-01,2020-07-01,ME3 BM3,2.5894,0,0.47670564,0.48290476,0.52141166,0.48418114,0.48037004,0.52094495,0.48305982,0.48087698,0.52094495
2020-06-01,2020-07-01,ME3 BM4,4.2985,0,0.5254273,0.28209314,0.41999188,0.48385805,0.43277717,0.5061935,0.49009344,0.40264037,0.5061935
2020-06-01,2020-07-01,ME3 BM5,2.4369,0,0.52284855,0.35320365,0.41453335,0.48348036,0.4348315,0.50133955,0.4893856,0.41850594,0.50133955
2020-06-01,2020-07-01,ME4 BM1,6.0034,1,0.35950285,0.57912356,0.43470904,0.48323166,0.49132857,0.5252277,0.46467236,0.5088876,0.5252277
2020-06-01,2020-07-01,ME4 BM2,7.4489,1,0.44315338,0.3635197,0.45322376,0.4827618,0.45211002,0.51913524,0.47682056,0.43439198,0.51913524
2020-06-01,2020-07-01,ME4 BM3,6.0667,1,0.4466506,0.44762647,0.49870512,0.4847494,0.46887305,0.51957726,0.4790346,0.46462375,0.51957726
2020-06-01,2020-07-01,ME4 BM4,2.5861,0,0.43053475,0.34021068,0.3258181,0.48630112,0.40293697,0.476948,0.4779362,0.3903917,0.476948
2020-06-01,2020-07-01,ME4 BM5,2.4797,0,0.42106333,0.33845368,0.33160263,0.4853445,0.43594378,0.49924076,0.47570235,0.41644576,0.49924076
2020-06-01,2020-07-01,BIG LoBM,7.725,1,0.43023074,0.5431661,0.5289225,0.48522696,0.48756266,0.5258537,0.47697753,0.49868336,0.5258537
2020-06-01,2020-07-01,ME5 BM2,5.3871,1,0.40410495,0.3773411,0.50557715,0.4834836,0.48692855,0.52664995,0.47157684,0.46501106,0.52664995
2020-06-01,2020-07-01,ME5 BM3,4.407,0,0.49153218,0.49912345,0.5810062,0.48549405,0.48618418,0.52427745,0.48639977,0.48877203,0.52427745
2020-06-01,2020-07-01,ME5 BM4,1.7882,0,0.4257861,0.56684756,0.48061103,0.48663542,0.469239,0.51964295,0.47750804,0.48876074,0.51964295
2020-06-01,2020-07-01,BIG HiBM,2.9427,0,0.42908964,0.2855169,0.36492243,0.48700553,0.43982625,0.5040543,0.47831815,0.40896437,0.5040543
2020-07-01,2020-08-01,SMALL LoBM,3.4207,0,0.5013276,0.5957187,0.51121426,0.48579735,0.46480355,0.5226091,0.48812687,0.4909866,0.5226091
2020-07-01,2020-08-01,ME1 BM2,5.8416,0,0.5178206,0.408064,0.40338728,0.485906,0.49372664,0.52828014,0.4906932,0.47659412,0.52828014
2020-07-01,2020-08-01,ME1 BM3,3.7787,0,0.42933533,0.52373546,0.49227858,0.48941195,0.52308017,0.52882177,0.48040044,0.52321124,0.52882177
2020-07-01,2020-08-01,ME1 BM4,5.6166,0,0.4432642,0.5053801,0.51632184,0.49053538,0.49737608,0.53378654,0.48344472,0.4989769,0.53378654
2020-07-01,2020-08-01,SMALL HiBM,6.0696,0,0.5164453,0.5828315,0.533557,0.48719478,0.4996491,0.5342077,0.49158236,0.5162856,0.5342077
2020-07-01,2020-08-01,ME2 BM1,7.9862,1,0.61284375,0.48215213,0.45458913,0.4869125,0.47888756,0.5249648,0.5058022,0.47954047,0.5249648
2020-07-01,2020-08-01,ME2 BM2,6.9178,1,0.41075796,0.4984582,0.49500918,0.4866621,0.4841486,0.5241894,0.4752765,0.48701054,0.5241894
2020-07-01,2020-08-01,ME2 BM3,4.5969,0,0.46953863,0.50304985,0.4668643,0.48539525,0.46539578,0.5251118,0.4830168,0.47292662,0.5251118
2020-07-01,2020-08-01,ME2 BM4,3.0372,0,0.5744627,0.56114507,0.54683363,0.48681498,0.45787483,0.5235935,0.49996215,0.4785289,0.5235935
2020-07-01,2020-08-01,ME2 BM5,9.1547,1,0.5238302,0.3755431,0.43556386,0.48190373,0.4352463,0.5106104,0.4881927,0.42330566,0.5106104
2020-07-01,2020-08-01,ME3 BM1,8.4196,1,0.49526024,0.49582833,0.45300514,0.48543215,0.5003003,0.5279039,0.48690635,0.49940592,0.5279039
2020-07-01,2020-08-01,ME3 BM2,5.5215,0,0.3826154,0.5897967,0.48884422,0.48737893,0.4691955,0.5243884,0.4716644,0.49331576,0.5243884
2020-07-01,2020-08-01,ME3 BM3,3.218,0,0.40898046,0.55305904,0.49330848,0.48675832,0.48870453,0.52212644,0.47509167,0.50157547,0.52212644
2020-07-01,2020-08-01,ME3 BM4,5.474,0,0.5183575,0.48703817,0.50240844,0.48594192,0.43593222,0.5155264,0.49080428,0.44615343,0.5155264
2020-07-01,2020-08-01,ME3 BM5,3.8113,0,0.49527708,0.4950466,0.49289677,0.4835113,0.4405722,0.5136453,0.48527616,0.4514671,0.5136453
2020-07-01,2020-08-01,ME4 BM1,4.2064,0,0.43174714,0.3911536,0.39215404,0.4848311,0.48938385,0.5250621,0.4768685,0.46973783,0.5250621
2020-07-01,2020-08-01,ME4 BM2,3.5349,0,0.5121654,0.5427665,0.46379688,0.4865921,0.4769866,0.5238497,0.49042812,0.49014258,0.5238497
2020-07-01,2020-08-01,ME4 BM3,4.837,0,0.5042439,0.51999146,0.49568138,0.48796946,0.4798741,0.5212631,0.49041066,0.4878976,0.5212631
2020-07-01,2020-08-01,ME4 BM4,5.5635,0,0.41976675,0.47033784,0.43995103,0.48715132,0.40895116,0.4958993,0.47704363,0.4212285,0.4958993
2020-07-01,2020-08-01,ME4 BM5,3.808,0,0.40236863,0.48385218,0.44862556,0.48484725,0.43990117,0.51230395,0.47247547,0.44869137,0.51230395
2020-07-01,2020-08-01,BIG LoBM,10.7972,1,0.503564,0.4237171,0.49381155,0.4865486,0.486283,0.52387786,0.48910093,0.47376984,0.52387786
2020-07-01,2020-08-01,ME5 BM2,6.3251,0,0.47290114,0.34769386,0.39961967,0.48731813,0.48683175,0.5164003,0.48515558,0.4590042,0.5164003
2020-07-01,2020-08-01,ME5 BM3,2.3828,0,0.4371507,0.4525817,0.46862832,0.48786008,0.49081135,0.52124435,0.4802537,0.48316544,0.52124435
2020-07-01,2020-08-01,ME5 BM4,2.6214,0,0.5216904,0.5887577,0.4821673,0.48739156,0.46824485,0.522063,0.4925364,0.49234742,0.522063
2020-07-01,2020-08-01,BIG HiBM,3.4865,0,0.44565994,0.40412062,0.43574378,0.48839167,0.44386318,0.5156282,0.48198193,0.4359147,0.5156282
2020-08-01,2020-09-01,SMALL LoBM,-1.3466,0,0.55343676,0.5422916,0.6025378,0.5019256,0.48416826,0.52049863,0.50965226,0.49579293,0.52049863
2020-08-01,2020-09-01,ME1 BM2,-0.196,1,0.57008994,0.52419513,0.57136726,0.5035007,0.48802844,0.5133321,0.51348907,0.4952618,0.5133321
2020-08-01,2020-09-01,ME1 BM3,-4.2142,0,0.52428997,0.44893488,0.40805617,0.5039355,0.5236321,0.51357573,0.5069887,0.5086927,0.51357573
2020-08-01,2020-09-01,ME1 BM4,-3.3806,0,0.46139482,0.47322175,0.5269008,0.5032102,0.492139,0.5143939,0.4969379,0.48835558,0.5143939
2020-08-01,2020-09-01,SMALL HiBM,-3.2792,0,0.53155553,0.53870237,0.5825771,0.5016893,0.50117964,0.5240849,0.50616926,0.5086842,0.5240849
2020-08-01,2020-09-01,ME2 BM1,0.3401,1,0.42310643,0.5307514,0.5165587,0.50195694,0.47743642,0.51693654,0.49012935,0.48809946,0.51693654
2020-08-01,2020-09-01,ME2 BM2,-4.7385,0,0.47872368,0.5875607,0.52743524,0.50366807,0.45774502,0.51969075,0.49992642,0.48370814,0.51969075
2020-08-01,2020-09-01,ME2 BM3,-5.0916,0,0.52982354,0.5607146,0.5624566,0.5025967,0.45292214,0.5190433,0.5066807,0.47448063,0.5190433
2020-08-01,2020-09-01,ME2 BM4,-6.808,0,0.46306056,0.52585626,0.4866335,0.50414824,0.44430926,0.51366633,0.4979851,0.46061867,0.51366633
2020-08-01,2020-09-01,ME2 BM5,-5.1048,0,0.46136305,0.48733723,0.52391917,0.49748737,0.4139905,0.49519613,0.4920687,0.42865986,0.49519613
2020-08-01,2020-09-01,ME3 BM1,-3.1087,0,0.6304805,0.7023386,0.73356616,0.5031917,0.49113947,0.51894975,0.52228504,0.5333793,0.51894975
2020-08-01,2020-09-01,ME3 BM2,-1.1854,1,0.5285045,0.5823277,0.51870126,0.50503135,0.45848873,0.52069694,0.5085523,0.48325652,0.52069694
2020-08-01,2020-09-01,ME3 BM3,-4.2964,0,0.41394866,0.48620886,0.46348846,0.5039711,0.4788033,0.5167151,0.49046776,0.48028445,0.5167151
2020-08-01,2020-09-01,ME3 BM4,-3.1873,0,0.554024,0.51903534,0.5570283,0.5016124,0.41749424,0.4951637,0.50947416,0.43780246,0.4951637
2020-08-01,2020-09-01,ME3 BM5,-7.1924,0,0.4635886,0.42523563,0.46378598,0.49797562,0.41866538,0.49742755,0.49281758,0.41997942,0.49742755
2020-08-01,2020-09-01,ME4 BM1,0.853,1,0.4339774,0.39453968,0.3262176,0.50046885,0.48846444,0.51799047,0.49049515,0.4696795,0.51799047
2020-08-01,2020-09-01,ME4 BM2,-2.5095,0,0.47383446,0.6248278,0.55787224,0.50128907,0.45887354,0.52359414,0.4971709,0.49206442,0.52359414
2020-08-01,2020-09-01,ME4 BM3,-3.6757,0,0.45379886,0.56518394,0.56507087,0.5022257,0.4655692,0.5229602,0.49496168,0.48549214,0.5229602
2020-08-01,2020-09-01,ME4 BM4,-3.0538,0,0.5150304,0.40344813,0.5132819,0.5037732,0.4078929,0.49121827,0.5054618,0.40700397,0.49121827
2020-08-01,2020-09-01,ME4 BM5,-4.4539,0,0.4571542,0.48169574,0.4976443,0.5011871,0.42250815,0.5001173,0.49458218,0.43434566,0.5001173
2020-08-01,2020-09-01,BIG LoBM,-4.5521,0,0.49127576,0.34105718,0.3699713,0.5002469,0.48244083,0.5205892,0.49890122,0.45416412,0.5205892
2020-08-01,2020-09-01,ME5 BM2,-3.3897,0,0.48451635,0.40091372,0.3928821,0.4999825,0.4854702,0.5147322,0.4976626,0.4685589,0.5147322
2020-08-01,2020-09-01,ME5 BM3,-1.2329,1,0.48060575,0.46507594,0.52392167,0.50304306,0.4852233,0.51670283,0.49967748,0.48119384,0.51670283
2020-08-01,2020-09-01,ME5 BM4,-4.6749,0,0.47596872,0.5253057,0.4904359,0.50197375,0.46985418,0.52007246,0.498073,0.48094448,0.52007246
2020-08-01,2020-09-01,BIG HiBM,-6.1159,0,0.4648961,0.34403583,0.47194824,0.50340074,0.41796237,0.49462152,0.49762508,0.40317708,0.49462152
2020-09-01,2020-10-01,SMALL LoBM,-2.6753,0,0.4131956,0.4897519,0.46685642,0.47773495,0.4757484,0.5089152,0.4680541,0.47854912,0.5089152
2020-09-01,2020-10-01,ME1 BM2,-0.9298,0,0.4198716,0.52595276,0.4246011,0.47720468,0.47946417,0.51862156,0.46860474,0.4887619,0.51862156
2020-09-01,2020-10-01,ME1 BM3,-0.4441,0,0.3314189,0.4596714,0.40788206,0.4813411,0.4270629,0.4926282,0.45885277,0.43358463,0.4926282
2020-09-01,2020-10-01,ME1 BM4,3.4274,1,0.35640547,0.567523,0.5651974,0.48097226,0.48968527,0.5309882,0.46228725,0.50525284,0.5309882
2020-09-01,2020-10-01,SMALL HiBM,1.2595,0,0.27088064,0.53428596,0.33611614,0.47931865,0.411856,0.48020238,0.44805297,0.436342,0.48020238
2020-09-01,2020-10-01,ME2 BM1,-1.9809,0,0.46215335,0.53585446,0.4972643,0.47497326,0.46588928,0.51077306,0.4730503,0.4798823,0.51077306
2020-09-01,2020-10-01,ME2 BM2,3.365,0,0.38682586,0.5215393,0.4599753,0.47713462,0.43898016,0.5010091,0.4635883,0.455492,0.5010091
2020-09-01,2020-10-01,ME2 BM3,2.4776,0,0.36426097,0.5393541,0.38178486,0.47864252,0.43931568,0.49950537,0.46148533,0.45932338,0.49950537
2020-09-01,2020-10-01,ME2 BM4,5.6662,1,0.35254222,0.49729744,0.381002,0.48208287,0.43274525,0.4944953,0.4626518,0.4456557,0.4944953
2020-09-01,2020-10-01,ME2 BM5,6.1753,1,0.3153533,0.47305763,0.4375393,0.47076178,0.39237514,0.46731308,0.44745052,0.40851164,0.46731308
2020-09-01,2020-10-01,ME3 BM1,3.0388,0,0.3989361,0.5440677,0.4845491,0.4754624,0.4747332,0.51386416,0.46398348,0.48860013,0.51386416
2020-09-01,2020-10-01,ME3 BM2,2.0769,0,0.36741367,0.5412657,0.40025148,0.47903532,0.4441415,0.5043429,0.4622921,0.46356636,0.5043429
2020-09-01,2020-10-01,ME3 BM3,3.0633,0,0.3736512,0.5346383,0.4598475,0.48016158,0.46135035,0.51351666,0.46418503,0.47600794,0.51351666
2020-09-01,2020-10-01,ME3 BM4,5.0201,1,0.33553997,0.5379392,0.4177083,0.47901416,0.41508013,0.48236245,0.45749304,0.43965197,0.48236245
2020-09-01,2020-10-01,ME3 BM5,7.4952,1,0.45221305,0.49448922,0.43697727,0.47795954,0.40828207,0.47926527,0.47409758,0.42552352,0.47926527
2020-09-01,2020-10-01,ME4 BM1,1.4059,0,0.5175949,0.42804322,0.40432942,0.47884658,0.48554525,0.52603114,0.48465884,0.47404486,0.52603114
2020-09-01,2020-10-01,ME4 BM2,1.5228,0,0.3852954,0.36945808,0.44196087,0.48057592,0.45900762,0.5121565,0.46628386,0.4410977,0.5121565
2020-09-01,2020-10-01,ME4 BM3,1.4828,0,0.33496475,0.5364941,0.45411772,0.48010486,0.45855892,0.512119,0.45833385,0.47414595,0.512119
2020-09-01,2020-10-01,ME4 BM4,1.9421,0,0.37693578,0.49843937,0.36438245,0.4798737,0.40456516,0.47502872,0.464433,0.42334,0.47502872
2020-09-01,2020-10-01,ME4 BM5,1.5225,0,0.33396876,0.49275118,0.40677848,0.47940835,0.40506825,0.47583345,0.45759243,0.42260483,0.47583345
2020-09-01,2020-10-01,BIG LoBM,-4.5743,0,0.41304407,0.36486086,0.36063242,0.4764846,0.48261192,0.5227022,0.46696854,0.4590617,0.5227022
2020-09-01,2020-10-01,ME5 BM2,0.1671,0,0.39552847,0.3609455,0.38982752,0.4767788,0.48575372,0.52148366,0.46459126,0.46079206,0.52148366
2020-09-01,2020-10-01,ME5 BM3,0.0113,0,0.40843973,0.48454827,0.45236793,0.48162782,0.4781573,0.5171973,0.4706496,0.4794355,0.5171973
2020-09-01,2020-10-01,ME5 BM4,-2.2802,0,0.38614303,0.5966146,0.48318645,0.48028147,0.4636161,0.5139287,0.46616074,0.4902158,0.5139287
2020-09-01,2020-10-01,BIG HiBM,0.9898,0,0.37133715,0.33765203,0.3919561,0.48171264,0.41294923,0.4811981,0.46515632,0.3978898,0.4811981
2020-10-01,2020-11-01,SMALL LoBM,25.76,1,0.49670464,0.50950205,0.45298675,0.5101051,0.46735844,0.51693475,0.508095,0.47578716,0.51693475
2020-10-01,2020-11-01,ME1 BM2,21.4574,0,0.52343386,0.558598,0.50634676,0.5096508,0.47679472,0.5191761,0.5117183,0.4931554,0.5191761
2020-10-01,2020-11-01,ME1 BM3,19.9117,0,0.5974627,0.47387564,0.42184043,0.509718,0.43105817,0.50277716,0.5228797,0.4396217,0.50277716
2020-10-01,2020-11-01,ME1 BM4,20.1528,0,0.50625443,0.4627459,0.5239657,0.50609326,0.4908089,0.5215051,0.50611746,0.4851963,0.5215051
2020-10-01,2020-11-01,SMALL HiBM,24.5286,1,0.39517558,0.39605436,0.2699427,0.5086331,0.41823882,0.49303204,0.49161446,0.41380194,0.49303204
2020-10-01,2020-11-01,ME2 BM1,21.4791,1,0.5151478,0.47925043,0.4280434,0.50858086,0.46432677,0.5186584,0.50956595,0.4673115,0.5186584
2020-10-01,2020-11-01,ME2 BM2,18.8158,0,0.55571604,0.38248014,0.34258407,0.50856036,0.44355693,0.51331973,0.5156337,0.4313416,0.51331973
2020-10-01,2020-11-01,ME2 BM3,18.3297,0,0.41314363,0.46153829,0.33736223,0.5090101,0.44547316,0.5136312,0.49463013,0.44868618,0.5136312
2020-10-01,2020-11-01,ME2 BM4,18.7037,0,0.4473456,0.4636168,0.35236034,0.50949496,0.4348656,0.50430834,0.50017256,0.44061586,0.50430834
2020-10-01,2020-11-01,ME2 BM5,19.0474,0,0.39014515,0.29905462,0.25151476,0.5115366,0.408908,0.48381275,0.4933279,0.38693735,0.48381275
2020-10-01,2020-11-01,ME3 BM1,20.7556,0,0.37169427,0.49336788,0.32350606,0.5099622,0.46934947,0.5201336,0.48922205,0.47415316,0.5201336
2020-10-01,2020-11-01,ME3 BM2,17.6056,0,0.5070279,0.4999671,0.35466963,0.50820994,0.44825387,0.5153455,0.5080327,0.45859653,0.5153455
2020-10-01,2020-11-01,ME3 BM3,15.2673,0,0.54619056,0.53251487,0.49534798,0.5091071,0.4691113,0.5167842,0.51466966,0.48179203,0.5167842
2020-10-01,2020-11-01,ME3 BM4,16.6688,0,0.5322475,0.34021258,0.3990051,0.5085274,0.42005533,0.49330008,0.51208544,0.4040868,0.49330008
2020-10-01,2020-11-01,ME3 BM5,22.9243,1,0.48757952,0.40614885,0.35443118,0.511525,0.41759646,0.48936853,0.5079332,0.41530696,0.48936853
2020-10-01,2020-11-01,ME4 BM1,13.5594,0,0.43528414,0.37659648,0.3122431,0.50835514,0.48653328,0.524523,0.4973945,0.46454594,0.524523
2020-10-01,2020-11-01,ME4 BM2,12.6834,0,0.56753564,0.53649765,0.4586746,0.5083535,0.46016797,0.5208543,0.5172308,0.47543392,0.5208543
2020-10-01,2020-11-01,ME4 BM3,16.8167,0,0.53992885,0.50176024,0.45349357,0.5080514,0.45923528,0.51955783,0.512833,0.46774027,0.51955783
2020-10-01,2020-11-01,ME4 BM4,16.1394,0,0.5345924,0.49114993,0.40323907,0.505817,0.4115368,0.48638484,0.5101333,0.42745942,0.48638484
2020-10-01,2020-11-01,ME4 BM5,20.3849,0,0.60312814,0.44482344,0.43939957,0.5086963,0.41249907,0.48680696,0.5228611,0.41896397,0.48680696
2020-10-01,2020-11-01,BIG LoBM,10.7281,0,0.52297896,0.53798,0.5416179,0.50713027,0.48165405,0.5203326,0.5095076,0.49291927,0.5203326
2020-10-01,2020-11-01,ME5 BM2,9.5437,0,0.62869537,0.45093215,0.47463286,0.5106955,0.4827086,0.51776546,0.52839553,0.47635335,0.51776546
2020-10-01,2020-11-01,ME5 BM3,14.2612,0,0.5242937,0.48795328,0.43812945,0.5085726,0.48640722,0.51333094,0.5109308,0.48671645,0.51333094
2020-10-01,2020-11-01,ME5 BM4,16.0894,0,0.50391,0.5076944,0.40444374,0.510013,0.46010765,0.51832867,0.5090976,0.46962503,0.51832867
2020-10-01,2020-11-01,BIG HiBM,21.9976,1,0.49829623,0.38728362,0.3657878,0.5084591,0.42012164,0.49120736,0.5069347,0.41355407,0.49120736
2020-11-01,2020-12-01,SMALL LoBM,12.5156,1,0.39678755,0.52918744,0.41606766,0.47630545,0.4677461,0.51432043,0.4643778,0.48003438,0.51432043
2020-11-01,2020-12-01,ME1 BM2,7.7314,0,0.32800367,0.5559863,0.39678314,0.47743708,0.47890124,0.51983464,0.4550221,0.49431825,0.51983464
2020-11-01,2020-12-01,ME1 BM3,9.3959,1,0.55007535,0.44292748,0.37504295,0.47794864,0.52267146,0.5258908,0.48876765,0.5067227,0.5258908
2020-11-01,2020-12-01,ME1 BM4,8.227,0,0.42423633,0.5168845,0.55956686,0.48023906,0.4940973,0.53005266,0.47183865,0.49865472,0.53005266
2020-11-01,2020-12-01,SMALL HiBM,7.451,0,0.5488551,0.47595754,0.39408642,0.47848764,0.42000628,0.49584693,0.48904276,0.43119654,0.49584693
2020-11-01,2020-12-01,ME2 BM1,11.5065,1,0.4743335,0.51212746,0.50806886,0.47695258,0.4686524,0.51630425,0.47655973,0.4773474,0.51630425
2020-11-01,2020-12-01,ME2 BM2,10.1547,1,0.43690664,0.50564605,0.508748,0.4792939,0.46961716,0.5231004,0.47293583,0.47682294,0.5231004
2020-11-01,2020-12-01,ME2 BM3,8.958,0,0.50459343,0.4791911,0.49953142,0.48020586,0.46535414,0.5211058,0.483864,0.46812153,0.5211058
2020-11-01,2020-12-01,ME2 BM4,8.8872,0,0.3658561,0.55583936,0.48586643,0.4826729,0.4432886,0.5160558,0.4651504,0.46579877,0.5160558
2020-11-01,2020-12-01,ME2 BM5,7.1491,0,0.49582896,0.41533732,0.42690307,0.47357485,0.41627017,0.49028668,0.47691298,0.4160836,0.49028668
2020-11-01,2020-12-01,ME3 BM1,12.645,1,0.5518048,0.5228826,0.5604114,0.47761104,0.48545647,0.5218913,0.4887401,0.4929417,0.5218913
2020-11-01,2020-12-01,ME3 BM2,8.836,0,0.46562466,0.4981648,0.48324916,0.47739628,0.46114454,0.52053535,0.47563055,0.4685486,0.52053535
2020-11-01,2020-12-01,ME3 BM3,6.9227,0,0.39075232,0.5534028,0.47970438,0.47918883,0.4859256,0.52385086,0.46592337,0.49942106,0.52385086
2020-11-01,2020-12-01,ME3 BM4,8.6023,0,0.49963787,0.44671032,0.43885407,0.47950146,0.41839015,0.49729124,0.48252195,0.42405418,0.49729124
2020-11-01,2020-12-01,ME3 BM5,8.5676,0,0.44474238,0.5085816,0.35936067,0.47955933,0.40816668,0.4910028,0.4743368,0.42824966,0.4910028
2020-11-01,2020-12-01,ME4 BM1,6.8794,0,0.4685273,0.37813756,0.39708817,0.47849464,0.487865,0.5213232,0.47699955,0.46591952,0.5213232
2020-11-01,2020-12-01,ME4 BM2,5.8211,0,0.47357723,0.5296012,0.47134256,0.47769704,0.47676677,0.52282226,0.47707906,0.4873337,0.52282226
2020-11-01,2020-12-01,ME4 BM3,4.5756,0,0.45414832,0.54143476,0.49744216,0.4796178,0.47582334,0.5222,0.4757974,0.48894563,0.5222
2020-11-01,2020-12-01,ME4 BM4,7.7555,0,0.5351479,0.42537895,0.45271158,0.4784407,0.4057068,0.4859494,0.4869468,0.40964124,0.4859494
2020-11-01,2020-12-01,ME4 BM5,4.4087,0,0.5446698,0.47066402,0.41365153,0.47868413,0.41035613,0.48808286,0.488582,0.42241773,0.48808286
2020-11-01,2020-12-01,BIG LoBM,5.3002,0,0.52967983,0.4289291,0.56069267,0.4809995,0.4840798,0.521535,0.48830158,0.4730497,0.521535
2020-11-01,2020-12-01,ME5 BM2,1.8008,0,0.444305,0.3307211,0.3788299,0.4794236,0.48465076,0.52267313,0.47415584,0.45386484,0.52267313
2020-11-01,2020-12-01,ME5 BM3,3.4491,0,0.4379754,0.45697704,0.43554035,0.4776692,0.49086955,0.5199237,0.47171515,0.48409104,0.5199237
2020-11-01,2020-12-01,ME5 BM4,3.2226,0,0.37752914,0.5209324,0.45142856,0.47985646,0.47492748,0.5208278,0.4645074,0.48412848,0.5208278
2020-11-01,2020-12-01,BIG HiBM,8.0558,0,0.5013791,0.39750174,0.41195676,0.48061785,0.42857218,0.504778,0.48373204,0.4223581,0.504778
2020-12-01,2021-01-01,SMALL LoBM,16.5083,1,0.39218435,0.40416607,0.38699278,0.4514721,0.42223692,0.46174237,0.44257897,0.41862276,0.46174237
2020-12-01,2021-01-01,ME1 BM2,14.6098,1,0.45041102,0.6741144,0.51332647,0.4505699,0.5275823,0.51912963,0.4505461,0.5568887,0.51912963
2020-12-01,2021-01-01,ME1 BM3,8.2666,0,0.5067028,0.65201306,0.5731814,0.4528267,0.5089956,0.5197159,0.46090814,0.5375991,0.5197159
2020-12-01,2021-01-01,ME1 BM4,7.4101,0,0.45049858,0.6372306,0.54775196,0.44914833,0.49215245,0.5148557,0.4493509,0.5211681,0.5148557
2020-12-01,2021-01-01,SMALL HiBM,41.2114,1,0.510952,0.61703026,0.61285776,0.44872034,0.48730028,0.508724,0.4580551,0.5132463,0.508724
2020-12-01,2021-01-01,ME2 BM1,11.6678,1,0.42415044,0.38365734,0.42437926,0.45028007,0.43236056,0.47836268,0.44636065,0.42261994,0.47836268
2020-12-01,2021-01-01,ME2 BM2,4.9816,0,0.3723447,0.61996096,0.49321792,0.45179325,0.50958186,0.52113986,0.43987596,0.5316577,0.52113986
2020-12-01,2021-01-01,ME2 BM3,7.7042,0,0.34858632,0.3820319,0.35564655,0.45116717,0.4592191,0.49193498,0.43578005,0.44378167,0.49193498
2020-12-01,2021-01-01,ME2 BM4,4.2029,0,0.3214928,0.56587166,0.433773,0.4513855,0.49207613,0.5179689,0.4319016,0.5068352,0.5179689
2020-12-01,2021-01-01,ME2 BM5,8.9893,1,0.24550554,0.37257028,0.29900762,0.44389528,0.4166729,0.45907465,0.41413683,0.40785238,0.45907465
2020-12-01,2021-01-01,ME3 BM1,2.4415,0,0.41330913,0.7029299,0.5171522,0.4501608,0.52669466,0.520256,0.44463307,0.56194174,0.520256
2020-12-01,2021-01-01,ME3 BM2,0.942,0,0.4351567,0.5526539,0.51208335,0.45064604,0.516224,0.52260447,0.44832265,0.52351,0.52260447
2020-12-01,2021-01-01,ME3 BM3,2.6253,0,0.35536677,0.41387486,0.3990568,0.45068663,0.48037857,0.50578475,0.43638867,0.46707782,0.50578475
2020-12-01,2021-01-01,ME3 BM4,1.8859,0,0.33795664,0.5217657,0.4448938,0.44837755,0.49954525,0.5214429,0.43181443,0.50398934,0.5214429
2020-12-01,2021-01-01,ME3 BM5,4.3525,0,0.34227568,0.43202266,0.3748292,0.44755763,0.39084813,0.45093396,0.43176535,0.39908305,0.45093396
2020-12-01,2021-01-01,ME4 BM1,-0.2337,0,0.37029788,0.5938275,0.48550883,0.45051843,0.4822588,0.51347685,0.43848535,0.5045725,0.51347685
2020-12-01,2021-01-01,ME4 BM2,0.6644,0,0.41737324,0.54797256,0.459427,0.45116097,0.46736315,0.50880265,0.44609284,0.48348504,0.50880265
2020-12-01,2021-01-01,ME4 BM3,-0.2059,0,0.4599864,0.5896878,0.5808889,0.4510187,0.50129116,0.52200806,0.45236385,0.5189705,0.52200806
2020-12-01,2021-01-01,ME4 BM4,2.3801,0,0.29141572,0.50978357,0.46600425,0.4473651,0.4919956,0.518752,0.4239727,0.49555323,0.518752
2020-12-01,2021-01-01,ME4 BM5,2.5945,0,0.4295559,0.35020602,0.42322227,0.44744843,0.39852855,0.4529022,0.44476458,0.38886404,0.4529022
2020-12-01,2021-01-01,BIG LoBM,-0.9351,0,0.40237454,0.40730184,0.37868497,0.45482048,0.48690143,0.5208461,0.4469536,0.47098154,0.5208461
2020-12-01,2021-01-01,ME5 BM2,-0.4263,0,0.42351615,0.34684905,0.3628762,0.45215344,0.48825786,0.519194,0.4478579,0.4599761,0.519194
2020-12-01,2021-01-01,ME5 BM3,-2.0906,0,0.39876738,0.49039817,0.49015564,0.4515936,0.4703035,0.5086493,0.44366968,0.47432244,0.5086493
2020-12-01,2021-01-01,ME5 BM4,0.8233,0,0.38335466,0.5003192,0.46160752,0.45171767,0.49072617,0.5211134,0.44146323,0.4926448,0.5211134
2020-12-01,2021-01-01,BIG HiBM,1.0958,0,0.53565454,0.5974043,0.5271499,0.45003867,0.48956484,0.5116564,0.4628811,0.5111327,0.5116564
2021-01-01,2021-02-01,SMALL LoBM,8.3909,0,0.5562014,0.6577631,0.6346545,0.490074,0.53903127,0.5323123,0.49999315,0.56277764,0.5323123
2021-01-01,2021-02-01,ME1 BM2,6.2924,0,0.55146354,0.49730384,0.5358334,0.4867111,0.5150628,0.51980054,0.496424,0.511511,0.51980054
2021-01-01,2021-02-01,ME1 BM3,10.6119,0,0.5297119,0.56588167,0.5490141,0.49164635,0.5282236,0.5296855,0.49735618,0.5357552,0.5296855
2021-01-01,2021-02-01,ME1 BM4,11.2949,0,0.53407466,0.57236665,0.53375334,0.49177307,0.51497966,0.52993864,0.4981183,0.5264571,0.52993864
2021-01-01,2021-02-01,SMALL HiBM,-3.5384,0,0.4989744,0.605703,0.5621052,0.4880014,0.5244447,0.53303313,0.4896474,0.5406964,0.53303313
2021-01-01,2021-02-01,ME2 BM1,4.0745,0,0.56430376,0.40610614,0.5618327,0.49097088,0.444399,0.5166452,0.5019708,0.43674043,0.5166452
2021-01-01,2021-02-01,ME2 BM2,8.6155,0,0.5637403,0.5871851,0.55533326,0.4911723,0.52242905,0.52835155,0.50205755,0.53538024,0.52835155
2021-01-01,2021-02-01,ME2 BM3,9.566,0,0.48194703,0.5519172,0.51173365,0.488742,0.50211954,0.52861774,0.48772275,0.51207906,0.52861774
2021-01-01,2021-02-01,ME2 BM4,12.2259,1,0.40047693,0.60712534,0.47787908,0.48933175,0.5043516,0.53178895,0.47600353,0.5249064,0.53178895
2021-01-01,2021-02-01,ME2 BM5,8.839,0,0.6191978,0.34097317,0.6011237,0.48212582,0.42654124,0.4974008,0.5026866,0.4094276,0.4974008
2021-01-01,2021-02-01,ME3 BM1,-0.0483,0,0.48760194,0.5745961,0.5587391,0.4908368,0.54130566,0.5345283,0.4903516,0.54796374,0.5345283
2021-01-01,2021-02-01,ME3 BM2,7.9959,0,0.5574358,0.5058335,0.5656281,0.49042925,0.5025637,0.52212095,0.50048023,0.5032177,0.52212095
2021-01-01,2021-02-01,ME3 BM3,8.3383,0,0.49025568,0.46369553,0.43127435,0.48712882,0.5154275,0.5291134,0.48759788,0.50508106,0.5291134
2021-01-01,2021-02-01,ME3 BM4,12.4743,1,0.557975,0.57209957,0.59937596,0.488648,0.51166886,0.5297587,0.49904704,0.523755,0.5297587
2021-01-01,2021-02-01,ME3 BM5,13.8744,1,0.59592927,0.54630643,0.5795526,0.48345417,0.4985608,0.53418815,0.50032544,0.5081099,0.53418815
2021-01-01,2021-02-01,ME4 BM1,3.4689,0,0.48897085,0.46435755,0.43719885,0.4844101,0.48379642,0.5234759,0.48509422,0.47990865,0.5234759
2021-01-01,2021-02-01,ME4 BM2,5.2711,0,0.5223476,0.45879352,0.489996,0.48604012,0.47407785,0.5223316,0.49148625,0.471021,0.5223316
2021-01-01,2021-02-01,ME4 BM3,9.2254,0,0.48231074,0.52272165,0.5349938,0.48641765,0.47973338,0.5144224,0.48580164,0.48833105,0.5144224
2021-01-01,2021-02-01,ME4 BM4,12.1902,0,0.54873526,0.5923063,0.56522006,0.49205405,0.5051403,0.52683866,0.50055623,0.52257353,0.52683866
2021-01-01,2021-02-01,ME4 BM5,12.7692,1,0.51739573,0.5822098,0.50574577,0.4855334,0.49297264,0.5278757,0.49031276,0.5108201,0.5278757
2021-01-01,2021-02-01,BIG LoBM,-0.5854,0,0.49061155,0.48566905,0.50658333,0.48184782,0.48601115,0.5063498,0.4831624,0.48594275,0.5063498
2021-01-01,2021-02-01,ME5 BM2,3.3434,0,0.4928293,0.44716886,0.54556435,0.47901067,0.49038315,0.5103754,0.48108348,0.4817403,0.5103754
2021-01-01,2021-02-01,ME5 BM3,6.7356,0,0.4928261,0.5133427,0.5026622,0.48442465,0.46509176,0.50335026,0.48568487,0.47474194,0.50335026
2021-01-01,2021-02-01,ME5 BM4,8.4093,0,0.54003465,0.44266173,0.49690995,0.4852634,0.48847765,0.5163038,0.49347913,0.47931448,0.5163038
2021-01-01,2021-02-01,BIG HiBM,14.3346,1,0.539925,0.58278257,0.5559591,0.49033117,0.51172066,0.5321747,0.49777025,0.525933,0.5321747
2021-02-01,2021-03-01,SMALL LoBM,-5.5244,0,0.43441013,0.5591375,0.5166528,0.47267425,0.45712107,0.49553567,0.46693465,0.4775244,0.49553567
2021-02-01,2021-03-01,ME1 BM2,1.2307,0,0.4023506,0.57403314,0.5859971,0.47278345,0.5297198,0.526443,0.46221852,0.5385825,0.526443
2021-02-01,2021-03-01,ME1 BM3,1.8588,0,0.37420744,0.618913,0.5248789,0.47299343,0.50543785,0.5292368,0.45817554,0.52813286,0.5292368
2021-02-01,2021-03-01,ME1 BM4,6.177,0,0.3644291,0.6365926,0.5809896,0.47380364,0.49478808,0.52863306,0.4573975,0.523149,0.52863306
2021-02-01,2021-03-01,SMALL HiBM,11.7823,1,0.49180824,0.5628992,0.43026173,0.46655852,0.45845827,0.4779678,0.47034597,0.47934645,0.4779678
2021-02-01,2021-03-01,ME2 BM1,-4.8473,0,0.48983464,0.4944315,0.52285415,0.47290188,0.45994687,0.5034654,0.4754418,0.4668438,0.5034654
2021-02-01,2021-03-01,ME2 BM2,-0.8262,0,0.37755203,0.47230515,0.48233998,0.4706586,0.4829617,0.5304819,0.45669264,0.4808304,0.5304819
2021-02-01,2021-03-01,ME2 BM3,2.182,0,0.46855998,0.5581195,0.5335322,0.47063878,0.46698624,0.5064144,0.470327,0.48521292,0.5064144
2021-02-01,2021-03-01,ME2 BM4,4.6456,0,0.4215419,0.550651,0.52524817,0.46950638,0.47857875,0.53022134,0.4623117,0.49299324,0.53022134
2021-02-01,2021-03-01,ME2 BM5,7.4558,1,0.59255457,0.3863763,0.49462974,0.46920985,0.42655104,0.47413784,0.48771158,0.4185161,0.47413784
2021-02-01,2021-03-01,ME3 BM1,-4.7837,0,0.35701132,0.42669892,0.3305253,0.47069028,0.48195517,0.5183027,0.45363846,0.47090393,0.5183027
2021-02-01,2021-03-01,ME3 BM2,2.5467,0,0.38902685,0.49669603,0.44935405,0.47026837,0.46356663,0.511703,0.45808214,0.47019252,0.511703
2021-02-01,2021-03-01,ME3 BM3,5.0807,0,0.39482722,0.44629133,0.26037186,0.4695722,0.48929515,0.5209576,0.45836043,0.4806944,0.5209576
2021-02-01,2021-03-01,ME3 BM4,6.2936,0,0.40650493,0.49038592,0.44129536,0.46970385,0.43466726,0.49240884,0.460224,0.445811,0.49240884
2021-02-01,2021-03-01,ME3 BM5,6.4522,1,0.46488586,0.37968728,0.47771204,0.46813235,0.43680087,0.49059615,0.46764538,0.42537814,0.49059615
2021-02-01,2021-03-01,ME4 BM1,-2.0006,0,0.36324257,0.52133185,0.44358164,0.46941316,0.48002565,0.51932275,0.4534876,0.4882869,0.51932275
2021-02-01,2021-03-01,ME4 BM2,4.1592,0,0.43980673,0.5489824,0.4851396,0.46870646,0.47009873,0.5151503,0.46437153,0.4858755,0.5151503
2021-02-01,2021-03-01,ME4 BM3,4.0771,0,0.38802877,0.51410073,0.4088942,0.46842167,0.4630715,0.52729225,0.45636275,0.47327736,0.52729225
2021-02-01,2021-03-01,ME4 BM4,5.2824,0,0.43356258,0.40696222,0.42005578,0.47125185,0.40881178,0.4718154,0.46559846,0.40844187,0.4718154
2021-02-01,2021-03-01,ME4 BM5,6.6474,1,0.38672256,0.46499857,0.45349672,0.46984124,0.4294406,0.48146883,0.45737344,0.4365522,0.48146883
2021-02-01,2021-03-01,BIG LoBM,1.839,0,0.436402,0.63481635,0.5362051,0.47193912,0.4842066,0.5224687,0.46660855,0.51432854,0.5224687
2021-02-01,2021-03-01,ME5 BM2,5.0128,0,0.5320373,0.3784399,0.3686619,0.46884325,0.48674706,0.5245107,0.4783224,0.46508563,0.5245107
2021-02-01,2021-03-01,ME5 BM3,5.9385,0,0.44241604,0.5171086,0.4865943,0.46811607,0.47623536,0.5179815,0.46426108,0.48441002,0.5179815
2021-02-01,2021-03-01,ME5 BM4,7.392,1,0.39412788,0.44486365,0.41908658,0.46913192,0.46150374,0.52548957,0.45788133,0.45817572,0.52548957
2021-02-01,2021-03-01,BIG HiBM,6.1788,0,0.3585222,0.67413604,0.4511972,0.470075,0.49958682,0.53042185,0.45334208,0.53449667,0.53042185
2021-03-01,2021-04-01,SMALL LoBM,-2.7003,0,0.42463753,0.45220155,0.46018282,0.48405463,0.45636284,0.4829549,0.4751421,0.45553058,0.4829549
2021-03-01,2021-04-01,ME1 BM2,-2.4029,0,0.3957979,0.5047418,0.44406933,0.48053128,0.48655576,0.52011645,0.46782127,0.49019298,0.52011645
2021-03-01,2021-04-01,ME1 BM3,1.7138,0,0.51394,0.4437794,0.42819023,0.48140997,0.4188077,0.46682596,0.4862895,0.42380202,0.46682596
2021-03-01,2021-04-01,ME1 BM4,0.8277,0,0.47077495,0.5584417,0.54422647,0.48046803,0.5040781,0.521507,0.4790141,0.5149508,0.521507
2021-03-01,2021-04-01,SMALL HiBM,-1.0157,0,0.38997203,0.29866046,0.27359927,0.4856561,0.50980866,0.49709988,0.47130352,0.467579,0.49709988
2021-03-01,2021-04-01,ME2 BM1,3.2353,0,0.44014248,0.42031154,0.5545254,0.48431644,0.45551533,0.487361,0.47769037,0.4484746,0.487361
2021-03-01,2021-04-01,ME2 BM2,1.5677,0,0.5551244,0.5902296,0.647543,0.48090348,0.4735135,0.5199225,0.49203664,0.49685675,0.5199225
2021-03-01,2021-04-01,ME2 BM3,2.3396,0,0.516695,0.58891124,0.65452296,0.48083666,0.48084858,0.522217,0.4862154,0.50246114,0.522217
2021-03-01,2021-04-01,ME2 BM4,0.6733,0,0.45621255,0.5525216,0.54565793,0.48052886,0.49513406,0.52277327,0.4768814,0.5066116,0.52277327
2021-03-01,2021-04-01,ME2 BM5,1.2305,0,0.39943573,0.42597067,0.42890352,0.47815403,0.42093733,0.4573824,0.4663463,0.42194402,0.4573824
2021-03-01,2021-04-01,ME3 BM1,2.869,0,0.37584347,0.48037738,0.31762338,0.48146486,0.53843296,0.5233468,0.46562165,0.52682185,0.5233468
2021-03-01,2021-04-01,ME3 BM2,3.9993,0,0.5072505,0.58552253,0.48086503,0.4807446,0.51002246,0.52323735,0.48472053,0.52512246,0.52323735
2021-03-01,2021-04-01,ME3 BM3,3.9311,0,0.49432424,0.5643238,0.592265,0.48091477,0.4724417,0.5214945,0.4829262,0.49081814,0.5214945
2021-03-01,2021-04-01,ME3 BM4,2.2207,0,0.52746385,0.47202775,0.4909405,0.478571,0.4073645,0.46088398,0.48590493,0.42029715,0.46088398
2021-03-01,2021-04-01,ME3 BM5,2.9652,0,0.45040968,0.6276672,0.40933612,0.47529185,0.5365678,0.51726484,0.47155952,0.5547877,0.51726484
2021-03-01,2021-04-01,ME4 BM1,4.3697,0,0.32024673,0.50548446,0.40563437,0.4798595,0.48598105,0.5083424,0.4559176,0.48988175,0.5083424
2021-03-01,2021-04-01,ME4 BM2,3.1215,0,0.44573084,0.52337307,0.50370526,0.48003188,0.4740201,0.5000568,0.47488675,0.48389068,0.5000568
2021-03-01,2021-04-01,ME4 BM3,5.8012,1,0.46031553,0.56314737,0.6084418,0.48064944,0.47188023,0.5230632,0.47759938,0.49013367,0.5230632
2021-03-01,2021-04-01,ME4 BM4,3.2792,0,0.35242966,0.47229442,0.40843517,0.47872117,0.39230788,0.44970846,0.45977747,0.4083052,0.44970846
2021-03-01,2021-04-01,ME4 BM5,6.2121,1,0.51479864,0.50245446,0.51658374,0.47738388,0.3900262,0.44893742,0.4829961,0.4125119,0.44893742
2021-03-01,2021-04-01,BIG LoBM,5.9373,1,0.28687322,0.5555698,0.41224375,0.48213,0.48531526,0.51056325,0.4528415,0.4993662,0.51056325
2021-03-01,2021-04-01,ME5 BM2,5.7761,1,0.4064664,0.43004164,0.3806726,0.47953427,0.4903915,0.5111418,0.46857408,0.47832155,0.5111418
2021-03-01,2021-04-01,ME5 BM3,4.0311,0,0.3881039,0.51990795,0.46813533,0.48046604,0.47398853,0.5212586,0.46661174,0.48317242,0.5212586
2021-03-01,2021-04-01,ME5 BM4,4.7877,1,0.4733533,0.50890005,0.55907816,0.48115793,0.47127345,0.52310765,0.47998723,0.4787988,0.52310765
2021-03-01,2021-04-01,BIG HiBM,4.5694,0,0.4189296,0.6715736,0.57240003,0.4791549,0.52184844,0.51930934,0.47012115,0.55179346,0.51930934
2021-04-01,2021-05-01,SMALL LoBM,1.8956,0,0.39678594,0.5714079,0.31812033,0.49372876,0.5393752,0.5212455,0.47918734,0.54578173,0.5212455
2021-04-01,2021-05-01,ME1 BM2,0.6597,0,0.37215748,0.56010115,0.35872865,0.49025434,0.51237774,0.51823735,0.4725398,0.5219224,0.51823735
2021-04-01,2021-05-01,ME1 BM3,0.8568,0,0.38561583,0.54174197,0.46484444,0.48889664,0.5007129,0.5197501,0.47340453,0.5089187,0.5197501
2021-04-01,2021-05-01,ME1 BM4,2.1009,0,0.4039163,0.499464,0.4296802,0.48560834,0.4858204,0.5194086,0.47335455,0.48854914,0.5194086
2021-04-01,2021-05-01,SMALL HiBM,10.7327,1,0.46430922,0.51164967,0.6099066,0.48836342,0.53144324,0.5264287,0.4847553,0.52748454,0.5264287
2021-04-01,2021-05-01,ME2 BM1,-2.5949,0,0.38793245,0.63520473,0.45311943,0.490535,0.5275014,0.51416343,0.47514462,0.5490421,0.51416343
2021-04-01,2021-05-01,ME2 BM2,0.2446,0,0.4214134,0.59730357,0.5037971,0.48887375,0.49560353,0.5169343,0.4787547,0.5159435,0.5169343
2021-04-01,2021-05-01,ME2 BM3,1.1055,0,0.34342358,0.4902999,0.41922763,0.48646727,0.48451433,0.5191049,0.4650107,0.48567146,0.5191049
2021-04-01,2021-05-01,ME2 BM4,2.6615,0,0.42565182,0.5271168,0.4929384,0.48394734,0.48531255,0.5162201,0.47520304,0.4936734,0.5162201
2021-04-01,2021-05-01,ME2 BM5,7.1065,1,0.3767213,0.46917334,0.35195228,0.48906457,0.49201113,0.52470005,0.4722131,0.48744357,0.52470005
2021-04-01,2021-05-01,ME3 BM1,-3.3421,0,0.32500377,0.6623875,0.44682658,0.48630348,0.5294089,0.5127115,0.46210855,0.5560046,0.5127115
2021-04-01,2021-05-01,ME3 BM2,-0.7853,0,0.42184156,0.42831397,0.40170825,0.4876282,0.49041608,0.52235264,0.4777602,0.4779957,0.52235264
2021-04-01,2021-05-01,ME3 BM3,0.368,0,0.43593842,0.32885972,0.35359251,0.486436,0.49322706,0.5211494,0.4788614,0.46035358,0.5211494
2021-04-01,2021-05-01,ME3 BM4,1.9771,0,0.38303593,0.4012884,0.30797043,0.48786375,0.49266592,0.5253196,0.4721396,0.47439042,0.5253196
2021-04-01,2021-05-01,ME3 BM5,6.5904,1,0.34639657,0.3949773,0.31542206,0.48970857,0.51699317,0.5292603,0.46821177,0.49259,0.5292603
2021-04-01,2021-05-01,ME4 BM1,-2.0314,0,0.36438745,0.24725889,0.2679403,0.48835367,0.4874786,0.5159216,0.46975875,0.43943468,0.5159216
2021-04-01,2021-05-01,ME4 BM2,-0.0996,0,0.39400125,0.50481844,0.37122443,0.48807505,0.4787629,0.5232209,0.47396398,0.483974,0.5232209
2021-04-01,2021-05-01,ME4 BM3,2.2358,0,0.38139015,0.43579865,0.424114,0.4867185,0.48681888,0.5217048,0.47091928,0.47661483,0.5217048
2021-04-01,2021-05-01,ME4 BM4,3.7667,0,0.37070292,0.31852797,0.3711729,0.48885602,0.4927391,0.52499366,0.47113305,0.4578969,0.52499366
2021-04-01,2021-05-01,ME4 BM5,4.5177,1,0.43038172,0.3474446,0.4171091,0.48935786,0.50296134,0.5244893,0.48051146,0.471858,0.5244893
2021-04-01,2021-05-01,BIG LoBM,-1.3515,0,0.33582747,0.41983637,0.34706873,0.48832044,0.48128235,0.50866735,0.4654465,0.46899316,0.50866735
2021-04-01,2021-05-01,ME5 BM2,0.8179,0,0.40963095,0.5244838,0.38931495,0.48796,0.48027986,0.5186844,0.47621065,0.48912066,0.5186844
2021-04-01,2021-05-01,ME5 BM3,3.3246,0,0.42639315,0.46400043,0.397884,0.48636764,0.49489287,0.52087665,0.47737148,0.48871437,0.52087665
2021-04-01,2021-05-01,ME5 BM4,3.6587,0,0.4347067,0.44560498,0.4933888,0.48689955,0.48162198,0.5197327,0.47907066,0.47441858,0.5197327
2021-04-01,2021-05-01,BIG HiBM,8.0383,1,0.3689077,0.51171637,0.3628831,0.4880973,0.5034131,0.5239426,0.47021887,0.5050737,0.5239426
2021-05-01,2021-06-01,SMALL LoBM,8.3779,1,0.4440459,0.63876575,0.6409617,0.49463284,0.5611193,0.53177106,0.4870448,0.5766486,0.53177106
2021-05-01,2021-06-01,ME1 BM2,5.3254,1,0.39913476,0.6017768,0.5818679,0.49411428,0.5349344,0.51736987,0.47986737,0.5483029,0.51736987
2021-05-01,2021-06-01,ME1 BM3,1.5969,0,0.38730627,0.54781854,0.57577205,0.49492764,0.48565188,0.50843453,0.47878444,0.49808523,0.50843453
2021-05-01,2021-06-01,ME1 BM4,-0.5691,0,0.49925926,0.5753039,0.67806256,0.49369946,0.48880517,0.51024705,0.49453345,0.50610495,0.51024705
2021-05-01,2021-06-01,SMALL HiBM,3.7629,0,0.40664172,0.5821115,0.5538447,0.48917344,0.5342345,0.5314156,0.4767937,0.5438099,0.5314156
2021-05-01,2021-06-01,ME2 BM1,6.983,1,0.37440208,0.6157008,0.5396186,0.49744177,0.49733987,0.51172066,0.47898582,0.52101207,0.51172066
2021-05-01,2021-06-01,ME2 BM2,3.5313,0,0.44082543,0.5493909,0.6092201,0.49657372,0.4803487,0.50660074,0.48821148,0.49415717,0.50660074
2021-05-01,2021-06-01,ME2 BM3,1.2853,0,0.5094335,0.5397951,0.62109417,0.4959969,0.47653416,0.50822914,0.4980124,0.48918638,0.50822914
2021-05-01,2021-06-01,ME2 BM4,-1.7984,0,0.45366016,0.59924036,0.61191374,0.49258578,0.4847078,0.50610226,0.48674697,0.5076143,0.50610226
2021-05-01,2021-06-01,ME2 BM5,0.4465,0,0.5246412,0.54177815,0.6346794,0.49320635,0.4883483,0.51212454,0.49792162,0.4990343,0.51212454
2021-05-01,2021-06-01,ME3 BM1,5.4695,1,0.44736952,0.56894135,0.40796039,0.49725634,0.49370325,0.50590396,0.48977333,0.50875086,0.50590396
2021-05-01,2021-06-01,ME3 BM2,0.1045,0,0.3594083,0.49611676,0.37866417,0.4972124,0.4957955,0.5122524,0.4765418,0.49585974,0.5122524
2021-05-01,2021-06-01,ME3 BM3,-2.0617,0,0.43726632,0.4328319,0.38332096,0.49738136,0.498852,0.5091993,0.4883641,0.485648,0.5091993
2021-05-01,2021-06-01,ME3 BM4,-3.2132,0,0.48887,0.5182695,0.64881897,0.4941774,0.49773085,0.51676834,0.4933813,0.50183856,0.51676834
2021-05-01,2021-06-01,ME3 BM5,-5.8275,0,0.46384248,0.6118608,0.52948403,0.49267012,0.4966229,0.5076696,0.48834598,0.5196705,0.5076696
2021-05-01,2021-06-01,ME4 BM1,5.157,0,0.40890318,0.4246699,0.22157861,0.4986169,0.500062,0.5122673,0.48515984,0.48498356,0.5122673
2021-05-01,2021-06-01,ME4 BM2,0.2585,0,0.37444443,0.5032511,0.35296395,0.49714082,0.5079948,0.5152385,0.4787364,0.50704604,0.5152385
2021-05-01,2021-06-01,ME4 BM3,-1.2513,0,0.4343435,0.44775435,0.43127024,0.49805942,0.48129454,0.50617266,0.48850203,0.47458652,0.50617266
2021-05-01,2021-06-01,ME4 BM4,-3.8754,0,0.39000556,0.52389365,0.47044572,0.49646044,0.48980692,0.5115963,0.4804922,0.4966243,0.5115963
2021-05-01,2021-06-01,ME4 BM5,-4.662,0,0.4481838,0.5627894,0.45883083,0.49627018,0.4849508,0.5040299,0.48905724,0.5005185,0.5040299
2021-05-01,2021-06-01,BIG LoBM,5.7192,1,0.4432765,0.39873123,0.41360813,0.49774364,0.48149484,0.5047022,0.4895736,0.46494213,0.5047022
2021-05-01,2021-06-01,ME5 BM2,1.4271,0,0.39063555,0.38997808,0.37785605,0.49864814,0.5006336,0.5099548,0.48244625,0.4785025,0.5099548
2021-05-01,2021-06-01,ME5 BM3,-2.2174,0,0.41613105,0.5405576,0.3852223,0.49772125,0.4983816,0.50709224,0.48548272,0.5068168,0.50709224
2021-05-01,2021-06-01,ME5 BM4,-2.3503,0,0.4335308,0.47543922,0.42818984,0.4977544,0.4791661,0.50177217,0.48812085,0.47842073,0.50177217
2021-05-01,2021-06-01,BIG HiBM,-3.7246,0,0.41512144,0.5075455,0.42813307,0.49603614,0.48987767,0.50519615,0.48389897,0.49341124,0.50519615
2021-06-01,2021-07-01,SMALL LoBM,-10.3342,0,0.38321653,0.5624986,0.510053,0.49810562,0.5281528,0.5142988,0.48087227,0.535022,0.5142988
2021-06-01,2021-07-01,ME1 BM2,-7.5508,0,0.43977556,0.6010561,0.5985706,0.5032468,0.4908384,0.50573826,0.4937261,0.51288193,0.50573826
2021-06-01,2021-07-01,ME1 BM3,-3.9027,0,0.4656562,0.60436076,0.55100495,0.4988422,0.48727125,0.5107893,0.4938643,0.51068914,0.5107893
2021-06-01,2021-07-01,ME1 BM4,-4.7649,0,0.5072376,0.58280534,0.57431185,0.4985597,0.48360074,0.5121856,0.49986142,0.5034417,0.5121856
2021-06-01,2021-07-01,SMALL HiBM,-1.5695,0,0.47993407,0.5378575,0.5676435,0.5027417,0.53497136,0.53245723,0.49932057,0.53554857,0.53245723
2021-06-01,2021-07-01,ME2 BM1,-7.5376,0,0.40264884,0.62836844,0.66220766,0.50286835,0.5061438,0.50825185,0.48783544,0.53058875,0.50825185
2021-06-01,2021-07-01,ME2 BM2,-2.8278,0,0.52021724,0.5749485,0.6342827,0.50085855,0.48229074,0.50926876,0.50376236,0.5008223,0.50926876
2021-06-01,2021-07-01,ME2 BM3,-1.8155,0,0.47104305,0.5512366,0.58678555,0.4990276,0.48173425,0.51298714,0.49482995,0.49563473,0.51298714
2021-06-01,2021-07-01,ME2 BM4,-2.2034,0,0.46201792,0.5494307,0.52110493,0.49927866,0.48070395,0.5082964,0.4936896,0.49444932,0.5082964
2021-06-01,2021-07-01,ME2 BM5,-6.0375,0,0.539946,0.38339752,0.49137715,0.5014807,0.48205352,0.5104247,0.5072505,0.46232232,0.5104247
2021-06-01,2021-07-01,ME3 BM1,-2.501,0,0.45104423,0.5651552,0.55850434,0.5041305,0.4975486,0.50260955,0.49616757,0.51106995,0.50260955
2021-06-01,2021-07-01,ME3 BM2,-0.8307,0,0.54293615,0.4938824,0.5882564,0.501822,0.49040127,0.51326394,0.50798917,0.4910975,0.51326394
2021-06-01,2021-07-01,ME3 BM3,-1.4361,0,0.52264845,0.43922496,0.5156105,0.4992372,0.49951476,0.5151048,0.5027489,0.4874568,0.5151048
2021-06-01,2021-07-01,ME3 BM4,-0.9893,0,0.5063897,0.46877396,0.5638691,0.49877724,0.4872791,0.51653147,0.49991912,0.4835781,0.51653147
2021-06-01,2021-07-01,ME3 BM5,-4.4843,0,0.5088102,0.3992259,0.46050566,0.50010645,0.5019072,0.50834185,0.50141203,0.481371,0.50834185
2021-06-01,2021-07-01,ME4 BM1,-0.8614,0,0.4812645,0.6253536,0.5942811,0.50653255,0.5027033,0.51132464,0.50274235,0.52723336,0.51132464
2021-06-01,2021-07-01,ME4 BM2,1.8709,1,0.52747977,0.5139888,0.52327627,0.5000583,0.5095067,0.5168668,0.50417155,0.51040316,0.5168668
2021-06-01,2021-07-01,ME4 BM3,-1.2862,0,0.50058186,0.4346274,0.49003676,0.49891117,0.49800944,0.51368064,0.49916178,0.48533303,0.51368064
2021-06-01,2021-07-01,ME4 BM4,1.3609,1,0.4741193,0.48869106,0.4631744,0.49906003,0.4949792,0.51519907,0.49531895,0.49372157,0.51519907
2021-06-01,2021-07-01,ME4 BM5,-4.5576,0,0.46711645,0.49066305,0.45852947,0.4992761,0.48205465,0.50820065,0.49445215,0.48377633,0.50820065
2021-06-01,2021-07-01,BIG LoBM,3.2936,1,0.42336968,0.37874687,0.39454177,0.49987084,0.47782418,0.50569534,0.4883957,0.4580087,0.50569534
2021-06-01,2021-07-01,ME5 BM2,3.1948,1,0.47596294,0.5299607,0.52511734,0.5002314,0.49276105,0.5121075,0.49659112,0.500201,0.5121075
2021-06-01,2021-07-01,ME5 BM3,0.3887,1,0.5295054,0.49620175,0.5012871,0.4993444,0.50213957,0.51292515,0.5038686,0.500952,0.51292515
2021-06-01,2021-07-01,ME5 BM4,-1.5461,0,0.47953492,0.43695775,0.43039325,0.4979617,0.48808944,0.50836635,0.4951977,0.4778631,0.50836635
2021-06-01,2021-07-01,BIG HiBM,-3.4375,0,0.41314498,0.55576473,0.4302295,0.49988902,0.49122962,0.5035244,0.48687744,0.5041367,0.5035244
2021-07-01,2021-08-01,SMALL LoBM,2.5586,0,0.37253502,0.58869183,0.51026356,0.4974034,0.52019274,0.5130859,0.47867316,0.5338926,0.5130859
2021-07-01,2021-08-01,ME1 BM2,5.447,1,0.4595284,0.3802819,0.47476077,0.49676678,0.4958724,0.50306827,0.49118102,0.47275433,0.50306827
2021-07-01,2021-08-01,ME1 BM3,4.2598,1,0.45165032,0.5567484,0.5666908,0.4970653,0.48326355,0.5049383,0.4902531,0.4979605,0.5049383
2021-07-01,2021-08-01,ME1 BM4,2.7964,0,0.63496566,0.6003686,0.61929077,0.49605727,0.49266893,0.5060565,0.5168935,0.51420885,0.5060565
2021-07-01,2021-08-01,SMALL HiBM,3.808,0,0.61644053,0.5690136,0.65472484,0.49712726,0.5271078,0.5291265,0.5150243,0.53548896,0.5291265
2021-07-01,2021-08-01,ME2 BM1,2.0545,0,0.4912479,0.57868254,0.58500195,0.49769726,0.48972166,0.5020002,0.49672988,0.5075138,0.5020002
2021-07-01,2021-08-01,ME2 BM2,2.4312,0,0.56486356,0.46620375,0.47919416,0.49782723,0.47908315,0.5030657,0.5078827,0.4765073,0.5030657
2021-07-01,2021-08-01,ME2 BM3,1.3589,0,0.58282524,0.4908249,0.63422906,0.49715763,0.48753986,0.5082563,0.5100078,0.48819688,0.5082563
2021-07-01,2021-08-01,ME2 BM4,1.685,0,0.6084193,0.5047292,0.62572855,0.4953129,0.51976687,0.5072254,0.51227885,0.51675934,0.5072254
2021-07-01,2021-08-01,ME2 BM5,2.4565,0,0.64845836,0.45389664,0.71794474,0.4964425,0.5121685,0.5090571,0.5192449,0.50051415,0.5090571
2021-07-01,2021-08-01,ME3 BM1,1.9022,0,0.39927155,0.5310373,0.40876204,0.498419,0.48639804,0.4942937,0.48354688,0.4953259,0.4942937
2021-07-01,2021-08-01,ME3 BM2,1.354,0,0.5179583,0.4344952,0.5433666,0.49764612,0.48935568,0.5088677,0.50069296,0.4783836,0.5088677
2021-07-01,2021-08-01,ME3 BM3,1.9025,0,0.57311344,0.5321006,0.586204,0.49668843,0.49572095,0.509153,0.5081522,0.50299686,0.509153
2021-07-01,2021-08-01,ME3 BM4,1.8473,0,0.5587041,0.56445473,0.6080356,0.49619746,0.48583397,0.5088654,0.50557345,0.5015581,0.5088654
2021-07-01,2021-08-01,ME3 BM5,3.5352,0,0.636027,0.64558035,0.6114715,0.49288547,0.53239447,0.5097052,0.51435673,0.55503166,0.5097052
2021-07-01,2021-08-01,ME4 BM1,3.1631,0,0.3439362,0.5309732,0.36653486,0.5001219,0.49688268,0.50142837,0.47669408,0.5037008,0.50142837
2021-07-01,2021-08-01,ME4 BM2,1.5678,0,0.4483419,0.4913745,0.39368358,0.49800232,0.49320427,0.5078443,0.4905533,0.49283832,0.5078443
2021-07-01,2021-08-01,ME4 BM3,1.6428,0,0.45965892,0.5873702,0.46473068,0.49673316,0.49061924,0.50905967,0.49117205,0.5099694,0.50905967
2021-07-01,2021-08-01,ME4 BM4,3.2297,0,0.5741798,0.48732275,0.55251104,0.49604377,0.48769543,0.5102486,0.50776416,0.48762092,0.5102486
2021-07-01,2021-08-01,ME4 BM5,5.0378,1,0.5513262,0.6031711,0.57699364,0.49478036,0.5020127,0.50721186,0.5032622,0.5222444,0.50721186
2021-07-01,2021-08-01,BIG LoBM,3.3156,0,0.526834,0.41682407,0.49933434,0.49881423,0.48406914,0.49894828,0.5030172,0.47062013,0.49894828
2021-07-01,2021-08-01,ME5 BM2,4.1276,1,0.43221167,0.5073298,0.37639055,0.49791336,0.49446207,0.5071139,0.48805812,0.49703562,0.5071139
2021-07-01,2021-08-01,ME5 BM3,0.556,0,0.4435799,0.5708315,0.49072424,0.49668336,0.50173056,0.5111369,0.48871785,0.51555073,0.5111369
2021-07-01,2021-08-01,ME5 BM4,1.2886,0,0.5072961,0.5822098,0.58819324,0.49594027,0.48971063,0.50809044,0.49764365,0.5082105,0.50809044
2021-07-01,2021-08-01,BIG HiBM,4.297,1,0.5351591,0.6231525,0.5583965,0.4945488,0.5189829,0.5101906,0.5006404,0.5398168,0.5101906
2021-08-01,2021-09-01,SMALL LoBM,-5.6338,0,0.601191,0.526368,0.5675059,0.49430847,0.54803544,0.52379304,0.51034087,0.543702,0.52379304
2021-08-01,2021-09-01,ME1 BM2,-4.4277,0,0.55124617,0.5425256,0.51039857,0.49499497,0.5241747,0.51290214,0.50343263,0.52784485,0.51290214
2021-08-01,2021-09-01,ME1 BM3,-3.6639,0,0.46009517,0.5637684,0.5811888,0.49503252,0.52294374,0.51018643,0.48979193,0.5311087,0.51018643
2021-08-01,2021-09-01,ME1 BM4,-1.3942,0,0.5480364,0.5965875,0.61687624,0.4946539,0.5022663,0.51061106,0.5026613,0.5211305,0.51061106
2021-08-01,2021-09-01,SMALL HiBM,0.0428,1,0.5264041,0.6339457,0.6263629,0.49557477,0.52374077,0.53565204,0.5001992,0.54578173,0.53565204
2021-08-01,2021-09-01,ME2 BM1,-5.2806,0,0.64497054,0.5335839,0.6138276,0.49706176,0.53031373,0.51287264,0.5192481,0.5309678,0.51287264
2021-08-01,2021-09-01,ME2 BM2,-4.1121,0,0.5088273,0.57011396,0.5807827,0.4968671,0.50990593,0.50765824,0.49866113,0.5219475,0.50765824
2021-08-01,2021-09-01,ME2 BM3,-3.4063,0,0.44094437,0.5059251,0.5645791,0.49596298,0.5026213,0.5081309,0.4877102,0.50328207,0.5081309
2021-08-01,2021-09-01,ME2 BM4,-0.7108,0,0.5383645,0.52981097,0.63774496,0.49535048,0.5101729,0.50604314,0.5018026,0.51410055,0.50604314
2021-08-01,2021-09-01,ME2 BM5,3.3738,1,0.49016637,0.60138106,0.59334713,0.49514198,0.5050573,0.51296693,0.49439564,0.52432203,0.51296693
2021-08-01,2021-09-01,ME3 BM1,-3.8561,0,0.42824727,0.59019136,0.49902207,0.50067735,0.5138571,0.5051155,0.48981285,0.52912396,0.5051155
2021-08-01,2021-09-01,ME3 BM2,-3.9939,0,0.42964685,0.47779965,0.4354491,0.4979185,0.49031317,0.51245993,0.48767775,0.48781046,0.51245993
2021-08-01,2021-09-01,ME3 BM3,-2.9657,0,0.4573492,0.521334,0.54658574,0.4964432,0.48804522,0.5081849,0.49057913,0.49470297,0.5081849
2021-08-01,2021-09-01,ME3 BM4,-4.8492,0,0.43366757,0.5659636,0.59422666,0.496552,0.48469794,0.5091077,0.48711932,0.50095105,0.5091077
2021-08-01,2021-09-01,ME3 BM5,2.0392,1,0.5322121,0.65342444,0.6342302,0.49449247,0.53163403,0.5128352,0.50015044,0.5559921,0.5128352
2021-08-01,2021-09-01,ME4 BM1,-4.2971,0,0.37285247,0.5611501,0.4104783,0.49842423,0.50856495,0.51637846,0.47958848,0.519082,0.51637846
2021-08-01,2021-09-01,ME4 BM2,-5.048,0,0.45060515,0.52901405,0.4642971,0.49823952,0.4867322,0.50953865,0.49109438,0.4951886,0.50953865
2021-08-01,2021-09-01,ME4 BM3,-2.1588,0,0.4488215,0.52918816,0.49818593,0.49658808,0.48749566,0.5086925,0.48942313,0.49583417,0.5086925
2021-08-01,2021-09-01,ME4 BM4,-4.5915,0,0.46361515,0.4788621,0.524615,0.49803102,0.48069465,0.50994754,0.49286866,0.48032814,0.50994754
2021-08-01,2021-09-01,ME4 BM5,1.8128,1,0.49764496,0.5933152,0.63674474,0.4944256,0.5081134,0.50822765,0.4949085,0.52515376,0.50822765
2021-08-01,2021-09-01,BIG LoBM,-5.2802,0,0.4755452,0.5256767,0.42243809,0.5009682,0.47991827,0.5030767,0.49715477,0.48906997,0.5030767
2021-08-01,2021-09-01,ME5 BM2,-6.2381,0,0.44769695,0.35827732,0.26724908,0.49837896,0.47932333,0.5056023,0.4907767,0.45511413,0.5056023
2021-08-01,2021-09-01,ME5 BM3,-4.3882,0,0.46614322,0.49679506,0.4678496,0.4969338,0.47760013,0.51077795,0.49231523,0.4814391,0.51077795
2021-08-01,2021-09-01,ME5 BM4,-0.7545,0,0.45985174,0.5233615,0.54860586,0.49545082,0.48260036,0.508639,0.490111,0.4907526,0.508639
2021-08-01,2021-09-01,BIG HiBM,0.6758,1,0.43058577,0.61847496,0.5832069,0.49422932,0.5368779,0.51476717,0.4846828,0.5531973,0.51476717
2021-09-01,2021-10-01,SMALL LoBM,1.8208,0,0.51370955,0.510296,0.58288,0.4887822,0.5317153,0.5243517,0.49252132,0.5274314,0.5243517
2021-09-01,2021-10-01,ME1 BM2,0.1521,0,0.4152866,0.55314803,0.5152547,0.48945966,0.48670596,0.5105289,0.4783337,0.4999944,0.5105289
2021-09-01,2021-10-01,ME1 BM3,1.2365,0,0.4388556,0.4832664,0.45879596,0.48756322,0.47834837,0.5078126,0.4802571,0.479332,0.5078126
2021-09-01,2021-10-01,ME1 BM4,1.7536,0,0.55435735,0.517495,0.60817236,0.48813206,0.47660893,0.508589,0.49806586,0.48478615,0.508589
2021-09-01,2021-10-01,SMALL HiBM,4.1354,0,0.5106069,0.58917576,0.6353067,0.49396423,0.54318,0.5371531,0.49646065,0.55237913,0.5371531
2021-09-01,2021-10-01,ME2 BM1,2.4457,0,0.47322458,0.5545967,0.5669071,0.4935906,0.48544794,0.5124619,0.49053574,0.4992777,0.5124619
2021-09-01,2021-10-01,ME2 BM2,2.3534,0,0.5368372,0.47540966,0.58732146,0.4881385,0.47738498,0.5063621,0.4954433,0.47698992,0.5063621
2021-09-01,2021-10-01,ME2 BM3,3.9859,0,0.5820123,0.4816359,0.6467276,0.48964715,0.48114276,0.5088731,0.50350195,0.4812414,0.5088731
2021-09-01,2021-10-01,ME2 BM4,4.9723,0,0.5575917,0.45440486,0.63335985,0.49156946,0.48243997,0.50444734,0.50147283,0.47683293,0.50444734
2021-09-01,2021-10-01,ME2 BM5,2.8453,0,0.6069856,0.5634176,0.649295,0.49102145,0.4791506,0.5093467,0.50841606,0.49600402,0.5093467
2021-09-01,2021-10-01,ME3 BM1,4.6626,0,0.43236682,0.53565437,0.51213557,0.4920981,0.47028264,0.50087094,0.48313844,0.483357,0.50087094
2021-09-01,2021-10-01,ME3 BM2,3.8484,0,0.44012842,0.51239926,0.4914136,0.4896074,0.47351286,0.5104201,0.48218557,0.48129013,0.5104201
2021-09-01,2021-10-01,ME3 BM3,3.9369,0,0.5074098,0.54162014,0.5981165,0.48819903,0.47392875,0.5109863,0.49108064,0.48746702,0.5109863
2021-09-01,2021-10-01,ME3 BM4,3.9037,0,0.5694022,0.44619566,0.66191113,0.48825622,0.47418368,0.50969434,0.50042814,0.4685861,0.50969434
2021-09-01,2021-10-01,ME3 BM5,4.1177,0,0.5782935,0.58912766,0.63078237,0.49373874,0.4808123,0.5124585,0.506422,0.5024754,0.5124585
2021-09-01,2021-10-01,ME4 BM1,4.7924,0,0.31200138,0.46654236,0.36312643,0.49740028,0.47740197,0.50807005,0.46959046,0.47523007,0.50807005
2021-09-01,2021-10-01,ME4 BM2,5.5583,1,0.44467396,0.5442811,0.48935342,0.48875037,0.49542758,0.5147188,0.48213893,0.5051983,0.5147188
2021-09-01,2021-10-01,ME4 BM3,5.3756,0,0.5042568,0.5325915,0.56718343,0.48837057,0.4737268,0.5094854,0.49075353,0.48549974,0.5094854
2021-09-01,2021-10-01,ME4 BM4,4.5505,0,0.5268394,0.43872574,0.5597531,0.4887374,0.47594947,0.5123497,0.49445271,0.46850473,0.5123497
2021-09-01,2021-10-01,ME4 BM5,4.6196,0,0.47809577,0.5125455,0.52785975,0.48831865,0.47515205,0.5083743,0.48678523,0.48263076,0.5083743
2021-09-01,2021-10-01,BIG LoBM,8.9956,1,0.45746845,0.507913,0.5423648,0.48949328,0.4788811,0.50726706,0.48468956,0.4846875,0.50726706
2021-09-01,2021-10-01,ME5 BM2,5.6413,1,0.436662,0.45392752,0.45340052,0.4883742,0.4706692,0.5102072,0.4806174,0.4673209,0.5102072
2021-09-01,2021-10-01,ME5 BM3,0.8145,0,0.49640387,0.503697,0.5312016,0.49045533,0.47795734,0.5128107,0.4913476,0.48310527,0.5128107
2021-09-01,2021-10-01,ME5 BM4,5.5337,1,0.51925874,0.4847871,0.5349512,0.48908767,0.4745047,0.5094513,0.49361336,0.4765612,0.5094513
2021-09-01,2021-10-01,BIG HiBM,7.528,1,0.5945403,0.49720347,0.58650523,0.49141017,0.47429326,0.51285195,0.5068797,0.4788753,0.51285195
2021-10-01,2021-11-01,SMALL LoBM,-8.429,0,0.43868384,0.54727906,0.5912018,0.4939091,0.55289674,0.5210941,0.48562533,0.5517732,0.5210941
2021-10-01,2021-11-01,ME1 BM2,-6.949,0,0.54308623,0.57305145,0.6347535,0.49139982,0.51539683,0.50912243,0.49915278,0.52692777,0.50912243
2021-10-01,2021-11-01,ME1 BM3,-3.9551,0,0.52539897,0.5629784,0.6151381,0.49110994,0.50147086,0.5055162,0.4962533,0.51377237,0.5055162
2021-10-01,2021-11-01,ME1 BM4,-3.6812,0,0.5111847,0.5263774,0.63313544,0.49329147,0.5009083,0.50831896,0.49597546,0.5060021,0.50831896
2021-10-01,2021-11-01,SMALL HiBM,-3.3466,0,0.5164442,0.6028826,0.57629794,0.49373218,0.54976416,0.53280556,0.497139,0.56038785,0.53280556
2021-10-01,2021-11-01,ME2 BM1,-8.0613,0,0.5154425,0.60246396,0.61637825,0.49302578,0.51355153,0.5075828,0.4963883,0.53133404,0.5075828
2021-10-01,2021-11-01,ME2 BM2,-3.4555,0,0.4984408,0.44515118,0.597095,0.49281865,0.4985866,0.50627077,0.493662,0.4878995,0.50627077
2021-10-01,2021-11-01,ME2 BM3,0.57,1,0.57608986,0.38834926,0.64054614,0.49208117,0.4983545,0.50865126,0.5046825,0.47635347,0.50865126
2021-10-01,2021-11-01,ME2 BM4,-2.6919,0,0.44763824,0.5051987,0.5711878,0.49581853,0.49329686,0.509429,0.4885915,0.49567723,0.509429
2021-10-01,2021-11-01,ME2 BM5,-4.0391,0,0.4366036,0.47946262,0.5186017,0.49750686,0.48485452,0.5135892,0.48837137,0.48377615,0.5135892
2021-10-01,2021-11-01,ME3 BM1,-8.576,0,0.36929396,0.5316191,0.48807594,0.49760896,0.49153322,0.49762234,0.4783617,0.4995504,0.49762234
2021-10-01,2021-11-01,ME3 BM2,-2.1291,1,0.5745737,0.50048393,0.62258786,0.4932844,0.48918113,0.5055642,0.50547785,0.4914417,0.5055642
2021-10-01,2021-11-01,ME3 BM3,-2.552,0,0.4731569,0.55335706,0.55121917,0.49441245,0.4912486,0.5091676,0.49122414,0.50367033,0.5091676
2021-10-01,2021-11-01,ME3 BM4,-2.4358,0,0.46016768,0.46103078,0.577227,0.49168366,0.51330066,0.5112221,0.48695627,0.5028467,0.5112221
2021-10-01,2021-11-01,ME3 BM5,-3.9369,0,0.4476511,0.5941455,0.5442513,0.49873734,0.4911239,0.5075135,0.4910744,0.5117282,0.5075135
2021-10-01,2021-11-01,ME4 BM1,-6.3866,0,0.46746296,0.3866659,0.46212715,0.49594486,0.49226692,0.50679046,0.49167258,0.47114673,0.50679046
2021-10-01,2021-11-01,ME4 BM2,-1.9604,1,0.4730749,0.4909547,0.51674354,0.49288,0.49145925,0.5090351,0.48990923,0.49135834,0.5090351
2021-10-01,2021-11-01,ME4 BM3,-3.0463,0,0.50801235,0.56772196,0.58741903,0.4939783,0.48588035,0.50712526,0.4960834,0.50224864,0.50712526
2021-10-01,2021-11-01,ME4 BM4,-1.3633,1,0.53540456,0.4511053,0.61005944,0.4912507,0.5075328,0.5112972,0.49787378,0.4962473,0.5112972
2021-10-01,2021-11-01,ME4 BM5,-4.7186,0,0.4675226,0.57291126,0.5523224,0.49372566,0.48028627,0.50293434,0.4897952,0.4988113,0.50293434
2021-10-01,2021-11-01,BIG LoBM,1.2325,1,0.5469428,0.44960558,0.5252862,0.4934362,0.46581316,0.50489914,0.5014622,0.46257165,0.50489914
2021-10-01,2021-11-01,ME5 BM2,-3.0068,0,0.5515368,0.5222959,0.5502019,0.4925036,0.4773618,0.5170797,0.5013586,0.48634863,0.5170797
2021-10-01,2021-11-01,ME5 BM3,-3.0199,0,0.5711401,0.44953775,0.59882313,0.49315417,0.49261734,0.5078025,0.50485206,0.48400143,0.5078025
2021-10-01,2021-11-01,ME5 BM4,-4.5384,0,0.5766974,0.5110313,0.5840822,0.4911299,0.48226577,0.50691175,0.5039651,0.48801887,0.50691175
2021-10-01,2021-11-01,BIG HiBM,-6.6679,0,0.5764934,0.61225426,0.6115204,0.49263045,0.49544427,0.5047743,0.5052099,0.5188063,0.5047743
2021-11-01,2021-12-01,SMALL LoBM,-6.7665,0,0.35622782,0.5393785,0.4281578,0.5016655,0.49787748,0.51311064,0.47984982,0.50617766,0.51311064
2021-11-01,2021-12-01,ME1 BM2,0.4989,0,0.32173845,0.5294361,0.39405572,0.5021806,0.4814794,0.500225,0.4751143,0.49107078,0.500225
2021-11-01,2021-12-01,ME1 BM3,2.2606,0,0.36260355,0.465387,0.3726063,0.50135803,0.4719766,0.50821877,0.48054487,0.4706587,0.50821877
2021-11-01,2021-12-01,ME1 BM4,2.2914,0,0.39006737,0.44065595,0.3780037,0.50055265,0.47209257,0.5071582,0.48397985,0.46580526,0.5071582
2021-11-01,2021-12-01,SMALL HiBM,3.4385,0,0.3355666,0.59273803,0.49180812,0.5016562,0.54445654,0.52599645,0.47674274,0.55411285,0.52599645
2021-11-01,2021-12-01,ME2 BM1,-0.5266,0,0.3285773,0.49208048,0.39602283,0.5021734,0.46830666,0.5003328,0.47613403,0.4730614,0.5003328
2021-11-01,2021-12-01,ME2 BM2,0.1539,0,0.41859463,0.47820848,0.40892383,0.5021092,0.48388183,0.50982845,0.48958206,0.48274717,0.50982845
2021-11-01,2021-12-01,ME2 BM3,5.89,1,0.32890362,0.36779466,0.32709995,0.498393,0.481511,0.5111439,0.4729696,0.45876774,0.5111439
2021-11-01,2021-12-01,ME2 BM4,6.0643,1,0.33080938,0.4409004,0.33073217,0.49474472,0.47354957,0.5068676,0.47015443,0.46701974,0.5068676
2021-11-01,2021-12-01,ME2 BM5,5.0249,0,0.45129916,0.40700445,0.36433202,0.4958445,0.49817958,0.5179937,0.4891627,0.4799446,0.5179937
2021-11-01,2021-12-01,ME3 BM1,0.0968,0,0.37479803,0.60633445,0.46766144,0.5001206,0.44004402,0.50878894,0.4813222,0.47330213,0.50878894
2021-11-01,2021-12-01,ME3 BM2,4.4855,0,0.35675496,0.43746397,0.3241761,0.49813125,0.48664904,0.5104518,0.47692484,0.47681203,0.5104518
2021-11-01,2021-12-01,ME3 BM3,4.3022,0,0.28112805,0.39883548,0.282993,0.49034232,0.48330352,0.51001704,0.4589602,0.46640992,0.51001704
2021-11-01,2021-12-01,ME3 BM4,5.2503,0,0.32651877,0.3864493,0.3516503,0.49460053,0.47500113,0.5024449,0.46938828,0.45729077,0.5024449
2021-11-01,2021-12-01,ME3 BM5,4.4554,0,0.38292095,0.51335406,0.34359556,0.500455,0.47978795,0.5031173,0.48282492,0.4865012,0.5031173
2021-11-01,2021-12-01,ME4 BM1,0.3966,0,0.36666086,0.52189463,0.3944822,0.49505916,0.48034,0.50750786,0.47579944,0.48865095,0.50750786
2021-11-01,2021-12-01,ME4 BM2,5.8722,0,0.38689572,0.46203944,0.37444356,0.48569733,0.48758295,0.5164794,0.4708771,0.48247424,0.5164794
2021-11-01,2021-12-01,ME4 BM3,5.4007,0,0.4266691,0.44478506,0.37386915,0.4942776,0.48110008,0.5101168,0.48413634,0.47383708,0.5101168
2021-11-01,2021-12-01,ME4 BM4,6.1869,1,0.3121948,0.50507885,0.39386845,0.49476093,0.47678804,0.50570345,0.46737602,0.48244622,0.50570345
2021-11-01,2021-12-01,ME4 BM5,3.8335,0,0.44380876,0.5312296,0.2863516,0.49629107,0.47803995,0.50398755,0.48841876,0.4886779,0.50398755
2021-11-01,2021-12-01,BIG LoBM,2.1218,0,0.5543463,0.47341666,0.517001,0.49469456,0.49391437,0.5177779,0.5036423,0.48981482,0.5177779
2021-11-01,2021-12-01,ME5 BM2,5.2595,0,0.56966907,0.54729915,0.557548,0.48724622,0.4961771,0.51516014,0.49960965,0.50640154,0.51516014
2021-11-01,2021-12-01,ME5 BM3,6.9104,1,0.4066603,0.45886138,0.31889978,0.49253058,0.50434196,0.5121044,0.47965005,0.49524587,0.5121044
2021-11-01,2021-12-01,ME5 BM4,5.8993,1,0.53963727,0.4092849,0.4826947,0.49538592,0.47911453,0.509923,0.50202364,0.46514863,0.509923
2021-11-01,2021-12-01,BIG HiBM,1.6617,0,0.37636498,0.49195915,0.38576394,0.49870273,0.48363644,0.5019521,0.48035207,0.485301,0.5019521
2021-12-01,2022-01-01,SMALL LoBM,-15.8681,0,0.31547856,0.59705067,0.5254587,0.50032616,0.50000787,0.4963153,0.47259903,0.51941645,0.4963153
2021-12-01,2022-01-01,ME1 BM2,-14.4752,0,0.46610835,0.4867563,0.5189861,0.50012016,0.48463792,0.49851707,0.4950184,0.4850616,0.49851707
2021-12-01,2022-01-01,ME1 BM3,-10.1461,0,0.42782474,0.46067357,0.50080484,0.5003295,0.49071062,0.50217247,0.4894538,0.4847032,0.50217247
2021-12-01,2022-01-01,ME1 BM4,-3.6912,0,0.48819318,0.5143427,0.5787559,0.50007594,0.4887385,0.5037646,0.49829355,0.49385938,0.5037646
2021-12-01,2022-01-01,SMALL HiBM,-1.9091,0,0.5523883,0.64877754,0.7007327,0.49877337,0.5515648,0.52457035,0.5068156,0.5710074,0.52457035
2021-12-01,2022-01-01,ME2 BM1,-16.3775,0,0.32578373,0.49978384,0.44184113,0.5006938,0.4795174,0.49311817,0.4744573,0.4835707,0.49311817
2021-12-01,2022-01-01,ME2 BM2,-11.6597,0,0.40429112,0.5390016,0.50484455,0.50109136,0.4978572,0.5029235,0.48657134,0.5060861,0.5029235
2021-12-01,2022-01-01,ME2 BM3,-9.5829,0,0.39094958,0.57594466,0.48743436,0.50187886,0.49243742,0.5069013,0.48523948,0.5091389,0.5069013
2021-12-01,2022-01-01,ME2 BM4,-5.249,0,0.44437528,0.5523962,0.5917184,0.5000707,0.4919273,0.5041141,0.49171638,0.50402105,0.5041141
2021-12-01,2022-01-01,ME2 BM5,0.3868,1,0.4956274,0.41613677,0.49093166,0.5013678,0.495563,0.5111127,0.50050676,0.47967777,0.5111127
2021-12-01,2022-01-01,ME3 BM1,-14.2109,0,0.39084968,0.28057027,0.3341309,0.4993491,0.47882083,0.50481987,0.4830742,0.43917072,0.50481987
2021-12-01,2022-01-01,ME3 BM2,-10.1419,0,0.42963782,0.57674634,0.53904456,0.5013478,0.49723768,0.5048069,0.4905913,0.5131394,0.5048069
2021-12-01,2022-01-01,ME3 BM3,-6.3419,0,0.4523359,0.58147043,0.55097777,0.50241625,0.4952885,0.5044694,0.49490422,0.51252484,0.5044694
2021-12-01,2022-01-01,ME3 BM4,-3.9308,0,0.43206257,0.51502043,0.5566685,0.50065976,0.4811268,0.50268006,0.49037018,0.48790553,0.50268006
2021-12-01,2022-01-01,ME3 BM5,1.7767,1,0.5073096,0.52790177,0.51887286,0.5008385,0.49142638,0.50620306,0.50180924,0.49872148,0.50620306
2021-12-01,2022-01-01,ME4 BM1,-12.7141,0,0.4285395,0.32219845,0.31983188,0.5033499,0.4952388,0.51237404,0.49212834,0.46063074,0.51237404
2021-12-01,2022-01-01,ME4 BM2,-7.1201,0,0.3878341,0.50812995,0.43718213,0.5032903,0.5103637,0.5148679,0.48597187,0.50991696,0.5148679
2021-12-01,2022-01-01,ME4 BM3,-4.1405,0,0.46096152,0.56209236,0.518642,0.5027683,0.5065659,0.5143655,0.49649727,0.5176712,0.5143655
2021-12-01,2022-01-01,ME4 BM4,-2.7948,0,0.42959467,0.4763746,0.48469216,0.5019241,0.48588276,0.50629604,0.4910747,0.48398113,0.50629604
2021-12-01,2022-01-01,ME4 BM5,5.9416,1,0.520939,0.40476307,0.52532554,0.5007637,0.4942744,0.5087662,0.50379,0.47637215,0.5087662
2021-12-01,2022-01-01,BIG LoBM,-7.7613,0,0.45498237,0.61182535,0.5150299,0.502777,0.4789877,0.50483215,0.4956078,0.5055552,0.50483215
2021-12-01,2022-01-01,ME5 BM2,-6.3404,0,0.48954266,0.45802996,0.4852803,0.5037838,0.48773417,0.5095352,0.50164765,0.48179334,0.5095352
2021-12-01,2022-01-01,ME5 BM3,-1.8309,0,0.418667,0.5656608,0.48426294,0.50392544,0.51526636,0.5175439,0.4911367,0.52534527,0.5175439
2021-12-01,2022-01-01,ME5 BM4,3.027,1,0.5049903,0.5008823,0.5471883,0.50143874,0.4980973,0.51382256,0.5019715,0.4986543,0.51382256
2021-12-01,2022-01-01,BIG HiBM,7.5582,1,0.510376,0.5344037,0.55280834,0.50057554,0.48823765,0.50640005,0.50204563,0.49747086,0.50640005
2022-01-01,2022-02-01,SMALL LoBM,-1.5223,0,0.45379195,0.53233266,0.4938997,0.4995183,0.47569776,0.49763927,0.49265936,0.48702475,0.49763927
2022-01-01,2022-02-01,ME1 BM2,-1.312,0,0.43696803,0.41315514,0.34063202,0.50067145,0.47615474,0.49937096,0.49111596,0.46355483,0.49937096
2022-01-01,2022-02-01,ME1 BM3,0.8251,0,0.5307629,0.5120662,0.6098402,0.50276005,0.4811303,0.50098264,0.5069605,0.48731747,0.50098264
2022-01-01,2022-02-01,ME1 BM4,0.5067,0,0.52576184,0.572718,0.65806973,0.5036069,0.47958192,0.50166065,0.5069302,0.49820915,0.50166065
2022-01-01,2022-02-01,SMALL HiBM,2.9208,1,0.6229598,0.5118471,0.55483,0.4979758,0.51951736,0.524432,0.5167234,0.5179833,0.524432
2022-01-01,2022-02-01,ME2 BM1,-0.1611,0,0.41803834,0.4772047,0.353649,0.5008341,0.47101238,0.49825984,0.48841476,0.47225088,0.49825984
2022-01-01,2022-02-01,ME2 BM2,2.0508,0,0.46729538,0.5462354,0.51143676,0.50563633,0.49894214,0.5059627,0.4998852,0.5084008,0.5059627
2022-01-01,2022-02-01,ME2 BM3,0.5483,0,0.46905628,0.50314164,0.4470676,0.50414026,0.49019814,0.50064695,0.49887767,0.49278682,0.50064695
2022-01-01,2022-02-01,ME2 BM4,3.1228,1,0.4762943,0.5196665,0.5696444,0.5026535,0.48601994,0.50103724,0.49869964,0.49274927,0.50103724
2022-01-01,2022-02-01,ME2 BM5,2.7265,1,0.5490054,0.43528187,0.5372752,0.5035181,0.49953312,0.50802004,0.5103412,0.48668286,0.50802004
2022-01-01,2022-02-01,ME3 BM1,-0.7716,0,0.48461252,0.48422605,0.5160444,0.50525385,0.46805876,0.50216174,0.5021577,0.47129223,0.50216174
2022-01-01,2022-02-01,ME3 BM2,0.5679,0,0.44030324,0.3979424,0.48052514,0.5013794,0.50182164,0.5100527,0.49221796,0.48104578,0.5100527
2022-01-01,2022-02-01,ME3 BM3,1.5302,0,0.44886383,0.48806834,0.48522833,0.50176686,0.4852388,0.50087166,0.49383143,0.4858047,0.50087166
2022-01-01,2022-02-01,ME3 BM4,-0.2388,0,0.4194941,0.5172661,0.54744697,0.5025518,0.4821477,0.49905023,0.49009314,0.4891714,0.49905023
2022-01-01,2022-02-01,ME3 BM5,3.0461,1,0.4713145,0.50240064,0.5389448,0.5039058,0.47628817,0.49528244,0.49901712,0.48151067,0.49528244
2022-01-01,2022-02-01,ME4 BM1,0.1103,0,0.4952969,0.5475708,0.38051346,0.50689363,0.47267583,0.5060854,0.50515413,0.48765483,0.5060854
2022-01-01,2022-02-01,ME4 BM2,0.4318,0,0.44007286,0.48992106,0.45031643,0.500252,0.50364935,0.5048857,0.49122515,0.5009037,0.5048857
2022-01-01,2022-02-01,ME4 BM3,0.6859,0,0.44831377,0.51175,0.56170046,0.5031422,0.5008739,0.51019526,0.49491793,0.50304914,0.51019526
2022-01-01,2022-02-01,ME4 BM4,2.007,0,0.41846383,0.48749843,0.48232955,0.4999091,0.48288435,0.50019,0.4876923,0.48380718,0.50019
2022-01-01,2022-02-01,ME4 BM5,3.5105,1,0.48667088,0.47601476,0.53403246,0.50424945,0.47662938,0.49802193,0.50161266,0.47650647,0.49802193
2022-01-01,2022-02-01,BIG LoBM,-3.3277,0,0.52095664,0.40342766,0.38855958,0.5058937,0.5072621,0.50913364,0.50815314,0.48649523,0.50913364
2022-01-01,2022-02-01,ME5 BM2,-4.3294,0,0.43598738,0.45875177,0.46658757,0.5005139,0.49237216,0.50229084,0.49083495,0.4856481,0.50229084
2022-01-01,2022-02-01,ME5 BM3,0.2844,0,0.47129056,0.4549561,0.46419874,0.4997676,0.5016277,0.5131577,0.49549606,0.4922934,0.5131577
2022-01-01,2022-02-01,ME5 BM4,0.0341,0,0.5087887,0.4343767,0.5551819,0.5030522,0.49963915,0.50922793,0.5039127,0.4865867,0.50922793
2022-01-01,2022-02-01,BIG HiBM,-0.8703,0,0.5425967,0.48175582,0.5353963,0.5100305,0.47607172,0.50221425,0.51491547,0.47720855,0.50221425
2022-02-01,2022-03-01,SMALL LoBM,0.8697,0,0.42332554,0.41135365,0.34977776,0.49276856,0.47462457,0.5126405,0.4823521,0.46197042,0.5126405
2022-02-01,2022-03-01,ME1 BM2,1.7694,0,0.46381226,0.42122376,0.4774822,0.49631658,0.49286026,0.51001966,0.49144095,0.47853297,0.51001966
2022-02-01,2022-03-01,ME1 BM3,0.5535,0,0.46548232,0.29670328,0.27755135,0.49471277,0.46754918,0.51528645,0.4903282,0.43338,0.51528645
2022-02-01,2022-03-01,ME1 BM4,1.2956,0,0.35246405,0.5232274,0.4736675,0.48934734,0.5101901,0.5182947,0.46881488,0.5127976,0.5182947
2022-02-01,2022-03-01,SMALL HiBM,2.4942,0,0.46989623,0.46470502,0.5269691,0.49832687,0.48075765,0.5079286,0.49406227,0.47754714,0.5079286
2022-02-01,2022-03-01,ME2 BM1,1.2199,0,0.49673867,0.42728645,0.5023649,0.49686745,0.49980623,0.50913227,0.49684817,0.48530227,0.50913227
2022-02-01,2022-03-01,ME2 BM2,2.2185,0,0.42825782,0.19925931,0.25680074,0.49545202,0.46100292,0.51665354,0.4853729,0.4086542,0.51665354
2022-02-01,2022-03-01,ME2 BM3,1.7931,0,0.478764,0.48408654,0.3215156,0.49588722,0.46184075,0.50615895,0.49331874,0.4662899,0.50615895
2022-02-01,2022-03-01,ME2 BM4,-0.1624,0,0.31672612,0.38433608,0.41553545,0.49145514,0.4749665,0.5052519,0.4652458,0.45684043,0.5052519
2022-02-01,2022-03-01,ME2 BM5,-0.0287,0,0.4102788,0.55928046,0.4976177,0.49001506,0.4807456,0.5172857,0.47805464,0.4964526,0.5172857
2022-02-01,2022-03-01,ME3 BM1,1.7833,0,0.53198826,0.38356486,0.43491673,0.49692884,0.4959488,0.51035786,0.5021878,0.473472,0.51035786
2022-02-01,2022-03-01,ME3 BM2,0.8371,0,0.46892118,0.47361413,0.33643672,0.4960442,0.4622616,0.50647205,0.49197575,0.4645321,0.50647205
2022-02-01,2022-03-01,ME3 BM3,0.8021,0,0.43661904,0.46089458,0.35923234,0.49497524,0.47617176,0.5026964,0.48622182,0.47311634,0.5026964
2022-02-01,2022-03-01,ME3 BM4,0.3781,0,0.3393732,0.4957478,0.43459016,0.4908779,0.50653815,0.5122491,0.4681522,0.5043801,0.5122491
2022-02-01,2022-03-01,ME3 BM5,3.1499,1,0.36215812,0.47538853,0.35647622,0.48801535,0.4798004,0.5125513,0.4691368,0.47891802,0.5125513
2022-02-01,2022-03-01,ME4 BM1,0.1259,0,0.4976863,0.26006076,0.25069398,0.4970315,0.48660254,0.52166617,0.49712974,0.4412942,0.52166617
2022-02-01,2022-03-01,ME4 BM2,1.1975,0,0.50643885,0.38099468,0.45694137,0.49679217,0.47432062,0.5053309,0.4982392,0.45565543,0.5053309
2022-02-01,2022-03-01,ME4 BM3,3.5932,1,0.37346122,0.37121496,0.25967565,0.49419785,0.49227846,0.51708174,0.47608736,0.46806574,0.51708174
2022-02-01,2022-03-01,ME4 BM4,1.1779,0,0.42560524,0.5409512,0.47321567,0.4926911,0.4926339,0.5100917,0.48262823,0.5022974,0.5100917
2022-02-01,2022-03-01,ME4 BM5,2.1024,0,0.4999634,0.47863454,0.5234395,0.48971155,0.48072973,0.511952,0.49124932,0.4803107,0.511952
2022-02-01,2022-03-01,BIG LoBM,4.8718,1,0.51495373,0.4253193,0.40063563,0.49845818,0.49423382,0.5123462,0.5009325,0.48045093,0.5123462
2022-02-01,2022-03-01,ME5 BM2,3.5373,1,0.44454205,0.45646024,0.43037722,0.49838737,0.4824617,0.51026547,0.4903106,0.47726142,0.51026547
2022-02-01,2022-03-01,ME5 BM3,1.653,0,0.34914923,0.46077633,0.4395223,0.49526826,0.5172036,0.5212293,0.47335044,0.50591815,0.5212293
2022-02-01,2022-03-01,ME5 BM4,3.9921,1,0.4651205,0.6318191,0.54747564,0.49063125,0.49910626,0.52003855,0.48680463,0.52564883,0.52003855
2022-02-01,2022-03-01,BIG HiBM,-2.9057,0,0.43580177,0.4454403,0.38176444,0.48610017,0.48794687,0.52022487,0.4785554,0.47944555,0.52022487
2022-03-01,2022-04-01,SMALL LoBM,-16.1376,0,0.4535699,0.4873698,0.40805188,0.5014752,0.4691348,0.49910185,0.49428943,0.47278184,0.49910185
2022-03-01,2022-04-01,ME1 BM2,-13.1485,0,0.46697322,0.50215596,0.5094254,0.5063964,0.47299105,0.50022286,0.500483,0.47882405,0.50022286
2022-03-01,2022-04-01,ME1 BM3,-10.0427,0,0.44720516,0.3977181,0.4068603,0.5062671,0.46668753,0.5037102,0.4974078,0.45289364,0.5037102
2022-03-01,2022-04-01,ME1 BM4,-6.3042,0,0.48132205,0.49814686,0.42599154,0.5081078,0.49597085,0.5101321,0.50408995,0.49640605,0.5101321
2022-03-01,2022-04-01,SMALL HiBM,-4.0798,1,0.42814127,0.48124254,0.4608246,0.5071207,0.48178595,0.5088669,0.49527383,0.48167726,0.5088669
2022-03-01,2022-04-01,ME2 BM1,-18.0685,0,0.50603986,0.509488,0.46703443,0.50164086,0.47848338,0.49282157,0.50230074,0.48468432,0.49282157
2022-03-01,2022-04-01,ME2 BM2,-11.9564,0,0.48025686,0.39728433,0.372644,0.5048531,0.4673793,0.50102186,0.5011637,0.45336032,0.50102186
2022-03-01,2022-04-01,ME2 BM3,-8.0424,0,0.5002937,0.5340552,0.40611082,0.505311,0.4919555,0.51705337,0.50455844,0.50037545,0.51705337
2022-03-01,2022-04-01,ME2 BM4,-6.3465,0,0.50663567,0.35043195,0.42309955,0.5077867,0.4758347,0.49596995,0.507614,0.45075417,0.49596995
2022-03-01,2022-04-01,ME2 BM5,-6.0679,0,0.47979352,0.5304151,0.47153947,0.5073856,0.4779058,0.50469005,0.5032468,0.4884077,0.50469005
2022-03-01,2022-04-01,ME3 BM1,-11.7955,0,0.50514394,0.4889557,0.536205,0.5017228,0.47211927,0.49509177,0.502236,0.47548655,0.49509177
2022-03-01,2022-04-01,ME3 BM2,-7.6092,0,0.51242626,0.3832486,0.4400802,0.50614417,0.4674633,0.5054712,0.5070865,0.45062038,0.5054712
2022-03-01,2022-04-01,ME3 BM3,-6.4057,0,0.48957282,0.5577319,0.49183327,0.50749516,0.478189,0.50650996,0.5048068,0.4940976,0.50650996
2022-03-01,2022-04-01,ME3 BM4,-6.6351,0,0.39206895,0.55139583,0.46440762,0.5073557,0.50921524,0.5154917,0.4900627,0.5176514,0.5154917
2022-03-01,2022-04-01,ME3 BM5,-5.3818,1,0.46333772,0.42458537,0.4985713,0.50575113,0.47556886,0.49573472,0.49938914,0.46537217,0.49573472
2022-03-01,2022-04-01,ME4 BM1,-10.7022,0,0.5128058,0.48002985,0.5004519,0.5031806,0.46314812,0.49700502,0.5046244,0.46652448,0.49700502
2022-03-01,2022-04-01,ME4 BM2,-7.864,0,0.4830636,0.42968193,0.4546191,0.5053582,0.47962645,0.50143015,0.50201404,0.46963757,0.50143015
2022-03-01,2022-04-01,ME4 BM3,-4.8852,1,0.40861693,0.5456338,0.48114362,0.5056215,0.46577334,0.50265396,0.4910708,0.48174542,0.50265396
2022-03-01,2022-04-01,ME4 BM4,-5.7821,1,0.4005273,0.52530116,0.3998811,0.50603247,0.5054324,0.5092385,0.49020672,0.5094062,0.5092385
2022-03-01,2022-04-01,ME4 BM5,-6.9234,0,0.5112071,0.51868546,0.50648564,0.50398946,0.50212574,0.50521517,0.5050721,0.5054377,0.50521517
2022-03-01,2022-04-01,BIG LoBM,-10.863,0,0.49338993,0.48847088,0.5241373,0.50417876,0.47585127,0.50431,0.5025605,0.4783752,0.50431
2022-03-01,2022-04-01,ME5 BM2,-9.2215,0,0.4915746,0.48224714,0.52062416,0.5059963,0.48078123,0.49539006,0.50383306,0.48107442,0.49539006
2022-03-01,2022-04-01,ME5 BM3,-7.1109,0,0.4202685,0.5259062,0.46610868,0.50708836,0.51223695,0.5140429,0.4940654,0.5149708,0.5140429
2022-03-01,2022-04-01,ME5 BM4,-5.704,1,0.41868263,0.61165226,0.45987105,0.5068864,0.5168377,0.5122322,0.4936559,0.53580064,0.5122322
2022-03-01,2022-04-01,BIG HiBM,-7.0986,0,0.42811173,0.48907587,0.3786391,0.50446373,0.50944984,0.50613344,0.49301094,0.505375,0.50613344
2022-04-01,2022-05-01,SMALL LoBM,-5.5295,0,0.3893229,0.48485488,0.43100035,0.501843,0.47165674,0.5010574,0.48496497,0.47429636,0.5010574
2022-04-01,2022-05-01,ME1 BM2,-3.5124,0,0.43551424,0.45505345,0.46445107,0.5033156,0.4765197,0.5032035,0.49314544,0.47222647,0.5032035
2022-04-01,2022-05-01,ME1 BM3,-0.9566,0,0.40802315,0.37872365,0.41199747,0.50909984,0.46864393,0.50438654,0.49393836,0.45065987,0.50438654
2022-04-01,2022-05-01,ME1 BM4,-0.1264,0,0.31686154,0.4476887,0.31062463,0.5085526,0.4912953,0.50911844,0.47979894,0.482574,0.50911844
2022-04-01,2022-05-01,SMALL HiBM,2.9279,0,0.35726556,0.58636975,0.4924377,0.50304604,0.4863213,0.50086445,0.481179,0.50633097,0.50086445
2022-04-01,2022-05-01,ME2 BM1,-3.2766,0,0.41760638,0.44362313,0.43645498,0.50614274,0.47617975,0.5056685,0.4928623,0.46966845,0.5056685
2022-04-01,2022-05-01,ME2 BM2,-2.8738,0,0.42302835,0.45129254,0.4782391,0.5079015,0.46658638,0.50421286,0.49517053,0.46352762,0.50421286
2022-04-01,2022-05-01,ME2 BM3,2.3442,0,0.39743906,0.5533622,0.43773317,0.5083903,0.48298296,0.49694782,0.49174762,0.4970588,0.49694782
2022-04-01,2022-05-01,ME2 BM4,4.0402,0,0.37118793,0.29824784,0.3629828,0.5104189,0.46214402,0.49954024,0.48953426,0.42936477,0.49954024
2022-04-01,2022-05-01,ME2 BM5,5.9566,1,0.3310316,0.37493485,0.31817126,0.5112873,0.4909779,0.51053953,0.48424894,0.4677693,0.51053953
2022-04-01,2022-05-01,ME3 BM1,-5.3077,0,0.4462508,0.52140754,0.5715136,0.50595796,0.46977276,0.50316966,0.49700192,0.48009974,0.50316966
2022-04-01,2022-05-01,ME3 BM2,0.9316,0,0.36586025,0.31781596,0.3909493,0.5088526,0.4683073,0.50814867,0.48740375,0.43820903,0.50814867
2022-04-01,2022-05-01,ME3 BM3,1.2167,0,0.3792626,0.30782813,0.27617672,0.5090426,0.47133386,0.5008394,0.48957562,0.43863273,0.5008394
2022-04-01,2022-05-01,ME3 BM4,4.2167,0,0.30376425,0.42230907,0.26937574,0.5074711,0.49877447,0.5123515,0.4769151,0.48348138,0.5123515
2022-04-01,2022-05-01,ME3 BM5,6.1138,1,0.39849818,0.42087463,0.4226533,0.50472647,0.47534037,0.49368495,0.48879224,0.46444723,0.49368495
2022-04-01,2022-05-01,ME4 BM1,-2.8824,0,0.47944218,0.46954525,0.5409238,0.50855917,0.46432632,0.5046959,0.50419164,0.46537012,0.5046959
2022-04-01,2022-05-01,ME4 BM2,1.079,0,0.29424813,0.5999264,0.4331364,0.5089049,0.47641173,0.49800387,0.47670636,0.50111467,0.49800387
2022-04-01,2022-05-01,ME4 BM3,4.4371,0,0.39749563,0.34013212,0.28394264,0.5078994,0.47639692,0.50498116,0.49133885,0.44914398,0.50498116
2022-04-01,2022-05-01,ME4 BM4,0.9084,0,0.32053423,0.445164,0.332339,0.5070154,0.5098926,0.5107969,0.47904325,0.49694687,0.5107969
2022-04-01,2022-05-01,ME4 BM5,8.355,1,0.4715805,0.41182604,0.3708172,0.5064023,0.4784476,0.50101256,0.50117904,0.4651233,0.50101256
2022-04-01,2022-05-01,BIG LoBM,-3.0079,0,0.3382038,0.47987026,0.4104512,0.50520766,0.47471103,0.5050758,0.48015708,0.47574288,0.5050758
2022-04-01,2022-05-01,ME5 BM2,-0.3193,0,0.34150246,0.45088175,0.380297,0.5050739,0.48747006,0.50295657,0.4805382,0.4801524,0.50295657
2022-04-01,2022-05-01,ME5 BM3,2.7771,0,0.34319553,0.4210597,0.3021278,0.5070721,0.49998626,0.51262224,0.48249063,0.48420095,0.51262224
2022-04-01,2022-05-01,ME5 BM4,6.335,1,0.38986665,0.29758638,0.26030654,0.5063924,0.47376287,0.5015664,0.48891357,0.43852755,0.5015664
2022-04-01,2022-05-01,BIG HiBM,6.784,1,0.5354112,0.5447677,0.5394207,0.50873435,0.51252234,0.50740385,0.5127359,0.51897144,0.50740385
2022-05-01,2022-06-01,SMALL LoBM,-6.5598,0,0.43569475,0.4116775,0.47033736,0.4962638,0.4723602,0.514814,0.48717844,0.46022367,0.514814
2022-05-01,2022-06-01,ME1 BM2,-4.3342,1,0.5278249,0.46746957,0.49279368,0.49955308,0.48788714,0.5127827,0.50379384,0.48380363,0.5127827
2022-05-01,2022-06-01,ME1 BM3,-3.9563,1,0.48643458,0.44815943,0.4707524,0.50360733,0.48384088,0.5146041,0.50103146,0.4767046,0.5146041
2022-05-01,2022-06-01,ME1 BM4,-6.5832,0,0.33065498,0.37819695,0.3029698,0.50467896,0.49735636,0.5146675,0.47857538,0.47352448,0.5146675
2022-05-01,2022-06-01,SMALL HiBM,-9.9199,0,0.27316698,0.52564126,0.39850283,0.49929458,0.49902406,0.51409435,0.46537542,0.5043475,0.51409435
2022-05-01,2022-06-01,ME2 BM1,-1.9338,1,0.5127809,0.48165056,0.4524611,0.49576333,0.5035099,0.5134417,0.498316,0.49913803,0.5134417
2022-05-01,2022-06-01,ME2 BM2,-6.3921,0,0.52093935,0.5029492,0.5113773,0.49911195,0.48680702,0.51554865,0.5023861,0.49003547,0.51554865
2022-05-01,2022-06-01,ME2 BM3,-7.2115,0,0.53704387,0.4041583,0.49507475,0.50280154,0.49034294,0.51597047,0.5079379,0.47310603,0.51597047
2022-05-01,2022-06-01,ME2 BM4,-6.493,0,0.46183515,0.35604843,0.36305803,0.5036131,0.4786453,0.51541615,0.49734646,0.45412594,0.51541615
2022-05-01,2022-06-01,ME2 BM5,-12.8977,0,0.37560025,0.5108207,0.41687682,0.50163317,0.49449027,0.51493907,0.48272824,0.49775636,0.51493907
2022-05-01,2022-06-01,ME3 BM1,-4.4319,1,0.5432778,0.46886227,0.560158,0.49911693,0.48686853,0.5123101,0.50574106,0.4832673,0.5123101
2022-05-01,2022-06-01,ME3 BM2,-7.3263,0,0.51745206,0.41171372,0.4469792,0.5029943,0.47733986,0.51463974,0.50516295,0.46421465,0.51463974
2022-05-01,2022-06-01,ME3 BM3,-7.3974,0,0.4348084,0.41240817,0.38998243,0.5032666,0.47929928,0.51259005,0.49299788,0.46592104,0.51259005
2022-05-01,2022-06-01,ME3 BM4,-10.6721,0,0.42404854,0.47250786,0.37125102,0.50338507,0.48376098,0.5139401,0.49148458,0.48151037,0.5139401
2022-05-01,2022-06-01,ME3 BM5,-15.4247,0,0.41773257,0.5096794,0.43873543,0.5045104,0.46652457,0.5054539,0.49149373,0.47515553,0.5054539
2022-05-01,2022-06-01,ME4 BM1,-7.2625,0,0.57161826,0.47586936,0.59238,0.50046825,0.48475027,0.513644,0.51114076,0.48297408,0.513644
2022-05-01,2022-06-01,ME4 BM2,-9.489,0,0.46221924,0.40080917,0.39982307,0.50132227,0.47646403,0.5149078,0.49545684,0.46133307,0.5149078
2022-05-01,2022-06-01,ME4 BM3,-11.3068,0,0.41020998,0.4669415,0.43589213,0.5036968,0.47125897,0.5082693,0.4896738,0.4703955,0.5082693
2022-05-01,2022-06-01,ME4 BM4,-10.0595,0,0.36026347,0.46716264,0.4060558,0.5034586,0.49696693,0.5222894,0.48197937,0.49100608,0.5222894
2022-05-01,2022-06-01,ME4 BM5,-13.4754,0,0.4389102,0.48094454,0.4342607,0.50449824,0.49307823,0.5201719,0.49466008,0.4906515,0.5201719
2022-05-01,2022-06-01,BIG LoBM,-7.8069,0,0.506077,0.42624286,0.46769065,0.49811226,0.4881789,0.512343,0.49930698,0.4757917,0.512343
2022-05-01,2022-06-01,ME5 BM2,-5.5016,1,0.4308948,0.40316853,0.46301153,0.50048685,0.47843373,0.5147395,0.49004805,0.4633807,0.5147395
2022-05-01,2022-06-01,ME5 BM3,-8.7703,0,0.39200035,0.44385314,0.40344152,0.5036805,0.48590836,0.51422983,0.4869285,0.4774973,0.51422983
2022-05-01,2022-06-01,ME5 BM4,-12.1937,0,0.44265547,0.4893564,0.43679488,0.50459576,0.46944943,0.5055455,0.49530473,0.4734308,0.5055455
2022-05-01,2022-06-01,BIG HiBM,-11.9875,0,0.39800036,0.3716661,0.39800394,0.5027039,0.48896387,0.51783967,0.48699838,0.46550432,0.51783967
2022-06-01,2022-07-01,SMALL LoBM,14.9652,1,0.3769693,0.36936677,0.33875299,0.49180177,0.47873464,0.5183194,0.47457692,0.45686108,0.5183194
2022-06-01,2022-07-01,ME1 BM2,13.204,1,0.49246112,0.46295124,0.42829823,0.5021569,0.47805375,0.5199553,0.50070256,0.47503325,0.5199553
2022-06-01,2022-07-01,ME1 BM3,7.9374,0,0.45374554,0.5208505,0.50940025,0.5060649,0.4724374,0.51291865,0.498217,0.48212004,0.51291865
2022-06-01,2022-07-01,ME1 BM4,9.5238,0,0.3990842,0.39647883,0.40782988,0.50442076,0.48399854,0.51847464,0.4886203,0.46649462,0.51847464
2022-06-01,2022-07-01,SMALL HiBM,5.8884,0,0.42884967,0.52571416,0.47936645,0.5022109,0.48085776,0.51548696,0.49120674,0.48982903,0.51548696
2022-06-01,2022-07-01,ME2 BM1,12.5702,0,0.44422343,0.46589133,0.38580844,0.49435613,0.49203885,0.5187309,0.48683625,0.48680934,0.5187309
2022-06-01,2022-07-01,ME2 BM2,13.4021,1,0.4656016,0.4673016,0.52565503,0.50212866,0.47168946,0.5155903,0.49664962,0.4708119,0.5155903
2022-06-01,2022-07-01,ME2 BM3,11.6514,0,0.4121002,0.4961968,0.5360449,0.49812368,0.4657016,0.5097813,0.48522016,0.47180068,0.5097813
2022-06-01,2022-07-01,ME2 BM4,9.8137,0,0.44874483,0.34953845,0.4341896,0.5001856,0.47114396,0.51089597,0.49246952,0.44682288,0.51089597
2022-06-01,2022-07-01,ME2 BM5,9.2258,0,0.4941214,0.46669322,0.4614929,0.49988282,0.49932143,0.52397853,0.4990186,0.4927958,0.52397853
2022-06-01,2022-07-01,ME3 BM1,11.7305,0,0.5158374,0.53255796,0.5193488,0.49892688,0.47389475,0.5142772,0.5014635,0.48562738,0.5142772
2022-06-01,2022-07-01,ME3 BM2,11.5445,0,0.4702493,0.39566937,0.5427469,0.49959448,0.46802655,0.51018685,0.4951927,0.4535551,0.51018685
2022-06-01,2022-07-01,ME3 BM3,9.643,0,0.4812363,0.45844012,0.48417524,0.50065994,0.4681058,0.5095635,0.4977464,0.46617267,0.5095635
2022-06-01,2022-07-01,ME3 BM4,7.6186,0,0.4720194,0.48122776,0.47296637,0.50106037,0.47513986,0.5121964,0.49670422,0.47635746,0.5121964
2022-06-01,2022-07-01,ME3 BM5,9.4429,0,0.47008765,0.44167343,0.409703,0.4987773,0.48706263,0.5108868,0.49447387,0.4779848,0.5108868
2022-06-01,2022-07-01,ME4 BM1,13.0065,1,0.46171317,0.48504037,0.47190782,0.4999815,0.4732115,0.51587844,0.49424124,0.4755773,0.51587844
2022-06-01,2022-07-01,ME4 BM2,10.922,0,0.46349722,0.4545792,0.5779073,0.5004604,0.4668811,0.5099526,0.49491593,0.46442074,0.5099526
2022-06-01,2022-07-01,ME4 BM3,6.8956,0,0.40920028,0.42922115,0.40602735,0.5004096,0.4866884,0.50858736,0.4867282,0.475195,0.50858736
2022-06-01,2022-07-01,ME4 BM4,9.6505,0,0.49432638,0.42400572,0.4141786,0.5006474,0.4966802,0.518319,0.49969926,0.4821453,0.518319
2022-06-01,2022-07-01,ME4 BM5,6.1593,0,0.46850175,0.46562186,0.49605972,0.4991751,0.49390343,0.5234194,0.49457413,0.4882471,0.5234194
2022-06-01,2022-07-01,BIG LoBM,12.7169,1,0.4063973,0.47456422,0.41578162,0.5020311,0.4643115,0.5133494,0.48768604,0.46636206,0.5133494
2022-06-01,2022-07-01,ME5 BM2,5.4082,0,0.38583177,0.39996606,0.42813075,0.5008656,0.4667772,0.5119462,0.4836105,0.45341498,0.5119462
2022-06-01,2022-07-01,ME5 BM3,4.1753,0,0.4297535,0.37224275,0.38725135,0.50063133,0.4714141,0.50936544,0.48999965,0.45157984,0.50936544
2022-06-01,2022-07-01,ME5 BM4,7.3352,0,0.4439007,0.4656139,0.39023265,0.49989736,0.48678944,0.5074793,0.49149787,0.48255435,0.5074793
2022-06-01,2022-07-01,BIG HiBM,6.8292,0,0.5024011,0.47022483,0.49002215,0.5001607,0.47456205,0.51442623,0.50049675,0.47369462,0.51442623
2022-07-01,2022-08-01,SMALL LoBM,3.6347,1,0.3644401,0.45830047,0.37945566,0.48213747,0.47217596,0.50068796,0.46448287,0.46940088,0.50068796
2022-07-01,2022-08-01,ME1 BM2,0.417,1,0.45323914,0.44728464,0.42175922,0.48476788,0.47612447,0.5030484,0.48003858,0.47035652,0.5030484
2022-07-01,2022-08-01,ME1 BM3,0.7614,1,0.3722244,0.42199886,0.38707376,0.48516783,0.4851024,0.5090585,0.46822634,0.47248167,0.5090585
2022-07-01,2022-08-01,ME1 BM4,0.2085,1,0.42751357,0.18788846,0.26030037,0.48390824,0.49477744,0.5091785,0.47544903,0.43339965,0.5091785
2022-07-01,2022-08-01,SMALL HiBM,-0.3345,0,0.41717258,0.4486542,0.35543627,0.48409167,0.4873056,0.50483376,0.4740538,0.47957534,0.50483376
2022-07-01,2022-08-01,ME2 BM1,3.6001,1,0.3901871,0.5376941,0.46409747,0.4819655,0.49637863,0.49729413,0.46819878,0.5046418,0.49729413
2022-07-01,2022-08-01,ME2 BM2,-0.7929,0,0.39793634,0.51427287,0.49152032,0.48481312,0.47504097,0.5047679,0.4717816,0.48288736,0.5047679
2022-07-01,2022-08-01,ME2 BM3,-4.4477,0,0.34394696,0.43300745,0.44497547,0.4836955,0.47643813,0.50632215,0.46273324,0.467752,0.50632215
2022-07-01,2022-08-01,ME2 BM4,-3.8615,0,0.4206687,0.46165213,0.46626073,0.4833593,0.47389212,0.5053618,0.47395572,0.47144413,0.5053618
2022-07-01,2022-08-01,ME2 BM5,-2.4771,0,0.47936794,0.58686155,0.39389282,0.4817505,0.47659236,0.50139606,0.48139313,0.4986462,0.50139606
2022-07-01,2022-08-01,ME3 BM1,-3.8658,0,0.5805689,0.48549893,0.6177171,0.48439276,0.47941527,0.505722,0.4988192,0.480632,0.505722
2022-07-01,2022-08-01,ME3 BM2,-3.5661,0,0.36419746,0.5691215,0.478859,0.48415002,0.4775523,0.5071566,0.46615717,0.49586615,0.5071566
2022-07-01,2022-08-01,ME3 BM3,-2.8459,0,0.28978777,0.41771194,0.34035167,0.48436478,0.47963098,0.5055986,0.45517826,0.4672472,0.5055986
2022-07-01,2022-08-01,ME3 BM4,-1.8704,0,0.38925937,0.51831514,0.37937286,0.48364168,0.4810866,0.5029984,0.46948436,0.48853233,0.5029984
2022-07-01,2022-08-01,ME3 BM5,-1.378,0,0.4574395,0.50852937,0.47057313,0.48277545,0.4644946,0.5037935,0.47897506,0.47330156,0.5037935
2022-07-01,2022-08-01,ME4 BM1,-2.5181,0,0.51003945,0.48611322,0.6135715,0.48477566,0.47812793,0.50602823,0.48856527,0.479725,0.50602823
2022-07-01,2022-08-01,ME4 BM2,-3.2304,0,0.424616,0.48076847,0.520904,0.48379865,0.48007724,0.50843275,0.4749213,0.4802155,0.50843275
2022-07-01,2022-08-01,ME4 BM3,-3.9545,0,0.3568981,0.3331531,0.306285,0.4831149,0.47798774,0.50538576,0.46418238,0.44902083,0.50538576
2022-07-01,2022-08-01,ME4 BM4,-2.5527,0,0.27896115,0.52530986,0.4226046,0.48329926,0.48357597,0.5076541,0.45264858,0.49192277,0.5076541
2022-07-01,2022-08-01,ME4 BM5,-0.3688,0,0.4334784,0.5590885,0.49681687,0.4797816,0.4782993,0.5004616,0.47283614,0.49445716,0.5004616
2022-07-01,2022-08-01,BIG LoBM,-5.3498,0,0.36654377,0.46238127,0.46705085,0.48272747,0.48081285,0.5098066,0.4652999,0.47712654,0.5098066
2022-07-01,2022-08-01,ME5 BM2,-3.048,0,0.35380575,0.523622,0.3976714,0.48235548,0.48608655,0.52033114,0.46307305,0.49359366,0.52033114
2022-07-01,2022-08-01,ME5 BM3,-1.9134,0,0.3538037,0.33585563,0.33629477,0.48368007,0.48076516,0.50750506,0.46419862,0.45178327,0.50750506
2022-07-01,2022-08-01,ME5 BM4,0.0433,0,0.44454253,0.50613695,0.47488624,0.48335648,0.47091743,0.5048897,0.4775344,0.47796136,0.5048897
2022-07-01,2022-08-01,BIG HiBM,-2.9765,0,0.37076,0.45427442,0.35505432,0.48111442,0.4935656,0.50182664,0.46456125,0.48570737,0.50182664
2022-08-01,2022-09-01,SMALL LoBM,-12.9015,0,0.43693525,0.5156925,0.41901943,0.48680142,0.49379346,0.5182753,0.4793215,0.49817327,0.5182753
2022-08-01,2022-09-01,ME1 BM2,-9.4854,0,0.4096129,0.4858013,0.47731882,0.48799148,0.48733392,0.52172554,0.4762347,0.4870274,0.52172554
2022-08-01,2022-09-01,ME1 BM3,-7.3766,1,0.57165176,0.5830127,0.5344058,0.4911986,0.48169848,0.5230342,0.5032666,0.50196135,0.5230342
2022-08-01,2022-09-01,ME1 BM4,-11.5416,0,0.4347084,0.3830206,0.35245475,0.492065,0.49003124,0.52106017,0.48346153,0.46862912,0.52106017
2022-08-01,2022-09-01,SMALL HiBM,-9.2831,0,0.3801436,0.4776956,0.4407984,0.49569944,0.4801556,0.52058256,0.47836608,0.4796636,0.52058256
2022-08-01,2022-09-01,ME2 BM1,-8.9066,0,0.41592363,0.49865282,0.39937857,0.4868728,0.48999882,0.5198547,0.4762304,0.49172962,0.5198547
2022-08-01,2022-09-01,ME2 BM2,-8.8004,0,0.44638842,0.48748076,0.4436812,0.4885503,0.4818042,0.5217948,0.482226,0.4829395,0.5217948
2022-08-01,2022-09-01,ME2 BM3,-11.4228,0,0.41166306,0.47432703,0.4646135,0.49168316,0.47830188,0.5268164,0.47968015,0.47750694,0.5268164
2022-08-01,2022-09-01,ME2 BM4,-9.4177,0,0.52681607,0.503989,0.54348665,0.493721,0.50121,0.52743864,0.49868527,0.5017658,0.52743864
2022-08-01,2022-09-01,ME2 BM5,-10.1276,0,0.3335756,0.47099695,0.33677778,0.49468514,0.47417328,0.5233722,0.47051874,0.473538,0.5233722
2022-08-01,2022-09-01,ME3 BM1,-8.8066,0,0.44940558,0.533139,0.49743202,0.4887604,0.48721495,0.52119446,0.48285723,0.49639976,0.52119446
2022-08-01,2022-09-01,ME3 BM2,-9.4595,0,0.48976296,0.515786,0.48832408,0.49082795,0.47859037,0.5252885,0.4906682,0.4860295,0.5252885
2022-08-01,2022-09-01,ME3 BM3,-9.9082,0,0.4177428,0.5369332,0.45302385,0.49269378,0.48612702,0.5236623,0.48145115,0.49628827,0.5236623
2022-08-01,2022-09-01,ME3 BM4,-10.1629,0,0.26909393,0.5248512,0.35236397,0.49451452,0.48667285,0.5178392,0.46070144,0.49430853,0.5178392
2022-08-01,2022-09-01,ME3 BM5,-8.3181,1,0.34082305,0.35851523,0.34848285,0.4949665,0.45249137,0.5198076,0.471845,0.43369615,0.5198076
2022-08-01,2022-09-01,ME4 BM1,-9.1353,0,0.4135051,0.4640171,0.44017172,0.48855904,0.4835771,0.52168787,0.47730094,0.4796651,0.52168787
2022-08-01,2022-09-01,ME4 BM2,-9.5999,0,0.33948433,0.5398138,0.4550872,0.49205017,0.48099557,0.52447176,0.46916533,0.49275923,0.52447176
2022-08-01,2022-09-01,ME4 BM3,-11.1256,0,0.2851314,0.5637135,0.40948474,0.4958567,0.48283672,0.5163617,0.4642479,0.49901208,0.5163617
2022-08-01,2022-09-01,ME4 BM4,-9.8613,0,0.23496392,0.597133,0.3589922,0.49312192,0.4799413,0.5216717,0.4543982,0.50337964,0.5216717
2022-08-01,2022-09-01,ME4 BM5,-9.3584,0,0.52715796,0.42518115,0.45311075,0.4969177,0.49315274,0.52496475,0.50145376,0.4795584,0.52496475
2022-08-01,2022-09-01,BIG LoBM,-10.0388,0,0.24566492,0.534233,0.34619176,0.49044672,0.48034644,0.5250584,0.45372945,0.49112377,0.5250584
2022-08-01,2022-09-01,ME5 BM2,-5.3718,1,0.31530738,0.31790763,0.34726068,0.49366078,0.49460363,0.5182235,0.46690777,0.45926443,0.5182235
2022-08-01,2022-09-01,ME5 BM3,-10.8495,0,0.40492156,0.4503288,0.40163752,0.4965124,0.46990523,0.51628304,0.4827738,0.46598995,0.51628304
2022-08-01,2022-09-01,ME5 BM4,-8.7957,1,0.38770425,0.5093044,0.4288148,0.497132,0.4803682,0.5192587,0.48071784,0.48615545,0.5192587
2022-08-01,2022-09-01,BIG HiBM,-7.7506,1,0.5007018,0.56686157,0.5707683,0.49623886,0.47009075,0.5165827,0.4969083,0.48944494,0.5165827
2022-09-01,2022-10-01,SMALL LoBM,3.3099,0,0.40121564,0.44877508,0.41314822,0.50163245,0.4969135,0.5319221,0.48656994,0.48728582,0.5319221
2022-09-01,2022-10-01,ME1 BM2,5.3112,0,0.42664737,0.48417908,0.4825977,0.502609,0.48197907,0.5205145,0.49121475,0.48241907,0.5205145
2022-09-01,2022-10-01,ME1 BM3,8.8856,0,0.4017359,0.4552028,0.46271345,0.5027144,0.47042996,0.51774496,0.48756763,0.46738452,0.51774496
2022-09-01,2022-10-01,ME1 BM4,8.7971,0,0.34394065,0.3835004,0.3186288,0.5021783,0.46634904,0.51927114,0.47844267,0.44977933,0.51927114
2022-09-01,2022-10-01,SMALL HiBM,9.9183,0,0.45649138,0.4547386,0.40608335,0.49911943,0.46818358,0.5185895,0.49272525,0.46549457,0.5185895
2022-09-01,2022-10-01,ME2 BM1,7.6182,0,0.39848727,0.4118883,0.43808553,0.50205874,0.4898518,0.52877593,0.48652303,0.4742591,0.52877593
2022-09-01,2022-10-01,ME2 BM2,9.2762,0,0.52939326,0.5032437,0.52677,0.5029763,0.47181368,0.5173109,0.5069389,0.47809967,0.5173109
2022-09-01,2022-10-01,ME2 BM3,10.6208,0,0.42987394,0.5855838,0.54242224,0.5003216,0.46803775,0.5184299,0.4897545,0.491547,0.5184299
2022-09-01,2022-10-01,ME2 BM4,12.76,0,0.43653724,0.56778574,0.532386,0.49965838,0.47005954,0.5182978,0.4901902,0.4896048,0.5182978
2022-09-01,2022-10-01,ME2 BM5,15.7299,1,0.4501855,0.45746973,0.44252124,0.497544,0.49076435,0.5093293,0.49044022,0.4841054,0.5093293
2022-09-01,2022-10-01,ME3 BM1,3.441,0,0.4198853,0.4557684,0.50760514,0.5017458,0.4775068,0.51895505,0.48946676,0.4731591,0.51895505
2022-09-01,2022-10-01,ME3 BM2,8.9635,0,0.4714323,0.51496065,0.5122437,0.5019313,0.46142182,0.51633394,0.49735647,0.47212958,0.51633394
2022-09-01,2022-10-01,ME3 BM3,12.2993,0,0.48218206,0.44048506,0.5030979,0.50144076,0.46153942,0.5168826,0.49855196,0.45732856,0.5168826
2022-09-01,2022-10-01,ME3 BM4,14.5012,1,0.42073923,0.46043786,0.51924556,0.5021268,0.49177456,0.5123595,0.48991868,0.48550722,0.5123595
2022-09-01,2022-10-01,ME3 BM5,14.8928,1,0.39912018,0.44615754,0.37922585,0.4970895,0.48529267,0.5104538,0.48239413,0.47746566,0.5104538
2022-09-01,2022-10-01,ME4 BM1,5.7844,0,0.44312873,0.36430487,0.4461222,0.50274336,0.47664374,0.51896083,0.49380118,0.45417598,0.51896083
2022-09-01,2022-10-01,ME4 BM2,8.1059,0,0.5001902,0.49629962,0.47892746,0.5020446,0.45929694,0.51542306,0.50176644,0.4666975,0.51542306
2022-09-01,2022-10-01,ME4 BM3,11.86,0,0.41104206,0.506149,0.46258995,0.49833247,0.46908778,0.51613665,0.4852389,0.47650003,0.51613665
2022-09-01,2022-10-01,ME4 BM4,8.813,0,0.51291025,0.47406393,0.5086445,0.5019578,0.4645359,0.5157429,0.50360066,0.4664415,0.5157429
2022-09-01,2022-10-01,ME4 BM5,11.5419,0,0.40386373,0.3974333,0.33775154,0.49705335,0.4919967,0.5058558,0.48307493,0.47308403,0.5058558
2022-09-01,2022-10-01,BIG LoBM,5.2883,0,0.5463909,0.539863,0.52776027,0.50022006,0.47263572,0.5187765,0.5071457,0.48608118,0.5187765
2022-09-01,2022-10-01,ME5 BM2,7.4071,0,0.37310925,0.41836855,0.29313278,0.5015888,0.46030045,0.5198685,0.48231688,0.45191407,0.5198685
2022-09-01,2022-10-01,ME5 BM3,9.3206,0,0.4549644,0.4957226,0.4734888,0.50145584,0.46543303,0.5161973,0.49448216,0.47149095,0.5161973
2022-09-01,2022-10-01,ME5 BM4,15.8705,1,0.5737601,0.5419922,0.52355367,0.49946088,0.4919515,0.5052661,0.51060575,0.5019597,0.5052661
2022-09-01,2022-10-01,BIG HiBM,13.1571,1,0.4275788,0.50203985,0.4332138,0.4981893,0.46077296,0.512048,0.48759776,0.46902633,0.512048
2022-10-01,2022-11-01,SMALL LoBM,-6.0405,0,0.3712863,0.53348917,0.44290003,0.4846987,0.4984745,0.5318308,0.46768686,0.5054774,0.5318308
2022-10-01,2022-11-01,ME1 BM2,-3.1889,0,0.4831051,0.5208328,0.49557102,0.48719627,0.49182972,0.5315527,0.4865826,0.49763036,0.5315527
2022-10-01,2022-11-01,ME1 BM3,0.6611,0,0.3920997,0.53801805,0.4211467,0.48976406,0.4801132,0.52458817,0.4751144,0.49169418,0.52458817
2022-10-01,2022-11-01,ME1 BM4,0.6429,0,0.5717304,0.32545516,0.52580607,0.4832014,0.48604354,0.5197065,0.49648076,0.45392588,0.5197065
2022-10-01,2022-11-01,SMALL HiBM,1.5688,0,0.47151232,0.48707622,0.4802892,0.48618385,0.47803825,0.52002656,0.48398313,0.47984585,0.52002656
2022-10-01,2022-11-01,ME2 BM1,-0.2834,0,0.3923144,0.43623778,0.41022202,0.49025306,0.49213377,0.53164184,0.47556227,0.48095456,0.53164184
2022-10-01,2022-11-01,ME2 BM2,-1.8141,0,0.445252,0.46731046,0.5188935,0.48983988,0.48746723,0.52879936,0.48315173,0.48343587,0.52879936
2022-10-01,2022-11-01,ME2 BM3,0.4957,0,0.51906013,0.483751,0.48378837,0.48589787,0.4942653,0.5274149,0.4908722,0.49216244,0.5274149
2022-10-01,2022-11-01,ME2 BM4,4.4059,0,0.43897423,0.4847303,0.47776547,0.4895657,0.47976854,0.5238358,0.48197702,0.4807609,0.5238358
2022-10-01,2022-11-01,ME2 BM5,1.4679,0,0.51558495,0.4863798,0.5365691,0.48549595,0.4889954,0.5173671,0.4900093,0.4884723,0.5173671
2022-10-01,2022-11-01,ME3 BM1,3.1771,0,0.4213307,0.4880589,0.5109444,0.4961364,0.46419325,0.52785146,0.48491555,0.4689664,0.52785146
2022-10-01,2022-11-01,ME3 BM2,5.4622,0,0.467155,0.5315364,0.5396185,0.4893206,0.48500887,0.52820146,0.48599577,0.49431437,0.52820146
2022-10-01,2022-11-01,ME3 BM3,6.3844,1,0.34952223,0.4647287,0.4207562,0.48804578,0.48282257,0.52525353,0.46726727,0.47920382,0.52525353
2022-10-01,2022-11-01,ME3 BM4,6.8526,1,0.5332974,0.48936564,0.5024891,0.4857151,0.48611987,0.52171695,0.49285245,0.48676902,0.52171695
2022-10-01,2022-11-01,ME3 BM5,2.8522,0,0.52441734,0.49405476,0.521058,0.48560318,0.4896954,0.511168,0.49142534,0.49056727,0.511168
2022-10-01,2022-11-01,ME4 BM1,4.3218,0,0.39012238,0.49269018,0.49094275,0.49452287,0.49012628,0.5286298,0.4788628,0.49063906,0.5286298
2022-10-01,2022-11-01,ME4 BM2,5.2597,0,0.35347208,0.5808034,0.47089034,0.48886165,0.4844329,0.5274813,0.46855322,0.503707,0.5274813
2022-10-01,2022-11-01,ME4 BM3,5.3685,0,0.4828832,0.48490298,0.43619767,0.48583674,0.48386776,0.52049685,0.48539373,0.48407483,0.52049685
2022-10-01,2022-11-01,ME4 BM4,6.8372,1,0.45750403,0.47856185,0.43323722,0.486011,0.4776916,0.5231476,0.48173496,0.47786564,0.5231476
2022-10-01,2022-11-01,ME4 BM5,2.423,0,0.5802538,0.5529424,0.5921039,0.48386973,0.48303092,0.5093553,0.49832734,0.49701324,0.5093553
2022-10-01,2022-11-01,BIG LoBM,4.7454,0,0.312453,0.5462113,0.4376905,0.49164644,0.49219358,0.53089225,0.46476746,0.50299716,0.53089225
2022-10-01,2022-11-01,ME5 BM2,6.6348,1,0.3939783,0.51581836,0.4855543,0.49306297,0.47838446,0.5275915,0.4782003,0.48587126,0.5275915
2022-10-01,2022-11-01,ME5 BM3,4.7102,0,0.6017724,0.49664134,0.60794395,0.4835714,0.48422006,0.5199603,0.5013016,0.48670432,0.5199603
2022-10-01,2022-11-01,ME5 BM4,4.735,0,0.47988287,0.5899686,0.55925465,0.48431513,0.48144698,0.5201987,0.48365033,0.5031513,0.5201987
2022-10-01,2022-11-01,BIG HiBM,6.0349,1,0.435961,0.5885364,0.40963447,0.49357107,0.47863165,0.5184107,0.4849296,0.5006126,0.5184107
2022-11-01,2022-12-01,SMALL LoBM,-6.5045,0,0.4573991,0.45890847,0.3521877,0.49001923,0.4968351,0.53160423,0.48512623,0.4892498,0.53160423
2022-11-01,2022-12-01,ME1 BM2,-4.7933,0,0.4839259,0.42517674,0.429485,0.4882074,0.48642278,0.5298443,0.4875652,0.47417358,0.5298443
2022-11-01,2022-12-01,ME1 BM3,-5.1837,0,0.54319954,0.4997143,0.51476866,0.4859545,0.47969308,0.5296906,0.49454126,0.48369732,0.5296906
2022-11-01,2022-12-01,ME1 BM4,-5.1538,0,0.5220708,0.38923147,0.37990755,0.4889331,0.49215475,0.52448034,0.49390376,0.4715701,0.52448034
2022-11-01,2022-12-01,SMALL HiBM,-3.4399,1,0.50012636,0.489677,0.45599222,0.4893566,0.5103581,0.5287423,0.4909721,0.5062219,0.5287423
2022-11-01,2022-12-01,ME2 BM1,-5.1511,0,0.44048256,0.4008963,0.37761328,0.48641968,0.49272338,0.52940214,0.47952914,0.474358,0.52940214
2022-11-01,2022-12-01,ME2 BM2,-7.3757,0,0.47090566,0.3913487,0.3876015,0.48388547,0.48631057,0.52944624,0.4819385,0.4673182,0.52944624
2022-11-01,2022-12-01,ME2 BM3,-6.9756,0,0.43712196,0.42912212,0.38893616,0.483506,0.47986427,0.5292798,0.4765484,0.46971586,0.5292798
2022-11-01,2022-12-01,ME2 BM4,-5.2868,0,0.5031514,0.36883384,0.36824474,0.4830694,0.49686453,0.5286598,0.48608172,0.4712584,0.5286598
2022-11-01,2022-12-01,ME2 BM5,-5.6763,0,0.49201906,0.42961833,0.36146083,0.48440132,0.45861748,0.51344526,0.485544,0.45281765,0.51344526
2022-11-01,2022-12-01,ME3 BM1,-4.3126,1,0.46368587,0.4348006,0.43480262,0.48856395,0.47779024,0.52894664,0.48483223,0.46919233,0.52894664
2022-11-01,2022-12-01,ME3 BM2,-7.7391,0,0.5140111,0.4928765,0.43103778,0.48559788,0.47875735,0.5301787,0.48985988,0.48158118,0.5301787
2022-11-01,2022-12-01,ME3 BM3,-5.4938,0,0.5173146,0.40028295,0.3895915,0.4837679,0.49469084,0.52655435,0.48879993,0.47580928,0.52655435
2022-11-01,2022-12-01,ME3 BM4,-6.8057,0,0.4542944,0.5009958,0.41001803,0.48388684,0.4736402,0.5185697,0.479448,0.47911134,0.5185697
2022-11-01,2022-12-01,ME3 BM5,-7.0242,0,0.37935174,0.44110358,0.35424334,0.4865349,0.45730057,0.51353407,0.47045743,0.45406118,0.51353407
2022-11-01,2022-12-01,ME4 BM1,-5.3526,0,0.48307016,0.5025882,0.44797778,0.48719898,0.48758334,0.5291044,0.4865797,0.4905843,0.5291044
2022-11-01,2022-12-01,ME4 BM2,-5.1716,0,0.386248,0.45775208,0.35621014,0.48784944,0.4763797,0.5314114,0.47260925,0.47265416,0.5314114
2022-11-01,2022-12-01,ME4 BM3,-4.7152,0,0.48336166,0.44043657,0.35551196,0.48671988,0.49521634,0.5260766,0.48621616,0.4842604,0.5260766
2022-11-01,2022-12-01,ME4 BM4,-5.4141,0,0.41019526,0.47224656,0.3533132,0.4886658,0.49195036,0.5319616,0.4768952,0.4880096,0.5319616
2022-11-01,2022-12-01,ME4 BM5,-7.9942,0,0.5188966,0.4700846,0.4385403,0.48914266,0.496307,0.5224391,0.49360576,0.49106252,0.5224391
2022-11-01,2022-12-01,BIG LoBM,-8.2033,0,0.4393144,0.48023364,0.38564327,0.4887614,0.4810004,0.5315826,0.48134437,0.48084706,0.5315826
2022-11-01,2022-12-01,ME5 BM2,-3.7114,1,0.3323385,0.5940298,0.4452618,0.48869678,0.4819832,0.5320789,0.46524307,0.50439256,0.5320789
2022-11-01,2022-12-01,ME5 BM3,-3.7597,1,0.5130032,0.5247291,0.46095848,0.4892646,0.4732398,0.5288919,0.4928254,0.48353767,0.5288919
2022-11-01,2022-12-01,ME5 BM4,-4.1334,1,0.55660236,0.5638189,0.5087182,0.48693663,0.47718772,0.5172781,0.49738652,0.494514,0.5172781
2022-11-01,2022-12-01,BIG HiBM,-5.3798,0,0.50539416,0.50349027,0.4000999,0.48668915,0.48189732,0.5285898,0.48949492,0.48621592,0.5285898
2022-12-01,2023-01-01,SMALL LoBM,15.4106,1,0.4568275,0.40983036,0.3521737,0.48798978,0.47400346,0.52251107,0.48331544,0.46116886,0.52251107
2022-12-01,2023-01-01,ME1 BM2,13.506,1,0.488575,0.36962968,0.3879896,0.4941392,0.47427702,0.52266407,0.49330458,0.45334756,0.52266407
2022-12-01,2023-01-01,ME1 BM3,13.8585,1,0.49816582,0.34933373,0.34512675,0.49849185,0.48472235,0.52241796,0.49844298,0.45764464,0.52241796
2022-12-01,2023-01-01,ME1 BM4,9.9022,0,0.4196482,0.42959592,0.36914307,0.4961768,0.45728412,0.51299924,0.48469755,0.45174646,0.51299924
2022-12-01,2023-01-01,SMALL HiBM,7.1003,0,0.4292952,0.46533206,0.45248115,0.4954555,0.4620989,0.51575166,0.48553148,0.46274555,0.51575166
2022-12-01,2023-01-01,ME2 BM1,14.09,1,0.32906556,0.40966874,0.27730867,0.49667,0.49116147,0.52541053,0.47152933,0.47486293,0.52541053
2022-12-01,2023-01-01,ME2 BM2,16.0132,1,0.40949452,0.50297004,0.41785946,0.49524304,0.47060677,0.5210726,0.4823808,0.47707945,0.5210726
2022-12-01,2023-01-01,ME2 BM3,12.3433,0,0.5224994,0.478279,0.54243267,0.49678323,0.46660346,0.5235214,0.5006407,0.46893856,0.5235214
2022-12-01,2023-01-01,ME2 BM4,8.2098,0,0.43856335,0.49022657,0.5319654,0.5000315,0.4540413,0.5193972,0.4908113,0.46127838,0.5193972
2022-12-01,2023-01-01,ME2 BM5,6.6881,0,0.5056893,0.41473,0.51942647,0.49697787,0.47229514,0.5254286,0.4982846,0.4607821,0.5254286
2022-12-01,2023-01-01,ME3 BM1,10.6224,0,0.45719248,0.27482817,0.31030586,0.5009997,0.49277863,0.5271499,0.4944286,0.44918856,0.5271499
2022-12-01,2023-01-01,ME3 BM2,12.9377,0,0.45857015,0.5135292,0.49184343,0.5005417,0.46914992,0.5246163,0.49424598,0.47802576,0.5246163
2022-12-01,2023-01-01,ME3 BM3,10.4919,0,0.48712233,0.46568075,0.43388456,0.5006864,0.49059728,0.5284244,0.4986518,0.485614,0.5284244
2022-12-01,2023-01-01,ME3 BM4,7.6904,0,0.4220743,0.49400273,0.35655093,0.5001149,0.4878862,0.5264993,0.48840886,0.4891095,0.5264993
2022-12-01,2023-01-01,ME3 BM5,6.9175,0,0.3923263,0.43977022,0.44537076,0.4959949,0.47927594,0.5246882,0.4804446,0.4713748,0.5246882
2022-12-01,2023-01-01,ME4 BM1,9.6917,0,0.46492827,0.5175321,0.4691819,0.50099194,0.47866443,0.5272944,0.4955824,0.48643798,0.5272944
2022-12-01,2023-01-01,ME4 BM2,9.5777,0,0.37456712,0.48762098,0.40820232,0.4993375,0.46848887,0.5216919,0.48062193,0.4723153,0.5216919
2022-12-01,2023-01-01,ME4 BM3,8.114,0,0.402114,0.53218037,0.40565893,0.4984997,0.45731753,0.5191189,0.48404184,0.4722901,0.5191189
2022-12-01,2023-01-01,ME4 BM4,11.2513,0,0.40359253,0.5024656,0.4527665,0.49889612,0.46093252,0.5177483,0.4846006,0.46923915,0.5177483
2022-12-01,2023-01-01,ME4 BM5,6.773,0,0.49522427,0.5527242,0.50867885,0.4947544,0.46854627,0.5174383,0.4948249,0.48538184,0.5174383
2022-12-01,2023-01-01,BIG LoBM,8.7217,0,0.36868766,0.50309926,0.462676,0.50023234,0.47638324,0.5270171,0.48050067,0.48172644,0.5270171
2022-12-01,2023-01-01,ME5 BM2,1.9238,0,0.41605192,0.4284595,0.36291558,0.4987759,0.4864878,0.5240499,0.48636732,0.47488216,0.5240499
2022-12-01,2023-01-01,ME5 BM3,6.4044,0,0.4323769,0.48556483,0.49833864,0.4964862,0.46287167,0.51710474,0.4868698,0.46741033,0.51710474
2022-12-01,2023-01-01,ME5 BM4,3.5402,0,0.42993888,0.4538668,0.581629,0.49592647,0.47723225,0.52374494,0.48602834,0.47255918,0.52374494
2022-12-01,2023-01-01,BIG HiBM,6.005,0,0.49649718,0.5482002,0.47811326,0.5016594,0.47547546,0.524467,0.50088507,0.4900204,0.524467
2023-01-01,2023-02-01,SMALL LoBM,-4.0771,0,0.40713474,0.39798835,0.28697455,0.4709013,0.47215745,0.5034338,0.4613363,0.45732364,0.5034338
2023-01-01,2023-02-01,ME1 BM2,-5.4289,0,0.52688307,0.41573915,0.44158962,0.47121707,0.4763276,0.5021845,0.479567,0.4642099,0.5021845
2023-01-01,2023-02-01,ME1 BM3,-3.6803,0,0.57518184,0.44914272,0.5460244,0.47157538,0.48382095,0.4984168,0.48711637,0.47688532,0.4984168
2023-01-01,2023-02-01,ME1 BM4,-2.3481,0,0.22188717,0.5344171,0.2757752,0.47590768,0.4713823,0.5095042,0.43780464,0.48398924,0.5095042
2023-01-01,2023-02-01,SMALL HiBM,-1.0212,1,0.27545568,0.4432223,0.27624,0.4771368,0.4653186,0.50891805,0.44688463,0.46089935,0.50891805
2023-01-01,2023-02-01,ME2 BM1,-4.0619,0,0.45701212,0.47416463,0.28709754,0.46832263,0.47075984,0.50206244,0.46662605,0.4714408,0.50206244
2023-01-01,2023-02-01,ME2 BM2,-2.9084,0,0.4447207,0.4859246,0.5143659,0.47033495,0.46744058,0.502866,0.46649283,0.4711374,0.502866
2023-01-01,2023-02-01,ME2 BM3,-0.4715,1,0.42953452,0.5686002,0.50833035,0.47146252,0.48147544,0.5067363,0.46517333,0.49890038,0.5067363
2023-01-01,2023-02-01,ME2 BM4,-2.6258,0,0.3733543,0.55027753,0.39366147,0.47295597,0.47727504,0.5029868,0.45801574,0.49187556,0.5029868
2023-01-01,2023-02-01,ME2 BM5,-1.5086,0,0.29612273,0.45897818,0.27617666,0.47458678,0.47606498,0.5149035,0.4478172,0.4726476,0.5149035
2023-01-01,2023-02-01,ME3 BM1,-0.347,1,0.50208634,0.5105391,0.36482438,0.47078377,0.4779574,0.50523573,0.4754792,0.48447374,0.50523573
2023-01-01,2023-02-01,ME3 BM2,-1.2836,1,0.49702623,0.5283555,0.4548519,0.47109503,0.4849458,0.5053159,0.4749847,0.49362776,0.5053159
2023-01-01,2023-02-01,ME3 BM3,-1.5982,0,0.37939778,0.55219483,0.42550465,0.473548,0.4810821,0.50355285,0.45942548,0.49530467,0.50355285
2023-01-01,2023-02-01,ME3 BM4,-1.7575,0,0.39687166,0.6399369,0.39766324,0.4732413,0.48775986,0.4940094,0.46178585,0.5181953,0.4940094
2023-01-01,2023-02-01,ME3 BM5,-1.3406,0,0.2900377,0.49452022,0.371367,0.4722314,0.50263804,0.5152459,0.44490236,0.5010145,0.5152459
2023-01-01,2023-02-01,ME4 BM1,-2.4248,0,0.51479536,0.4696005,0.4225345,0.47093263,0.4732127,0.5023118,0.47751206,0.47249028,0.5023118
2023-01-01,2023-02-01,ME4 BM2,-2.2546,0,0.40474606,0.5455258,0.3470071,0.47430262,0.47186336,0.5097488,0.46386915,0.48659587,0.5097488
2023-01-01,2023-02-01,ME4 BM3,-2.9058,0,0.29094294,0.50005686,0.3555094,0.47505072,0.4840614,0.5026052,0.44743457,0.4872605,0.5026052
2023-01-01,2023-02-01,ME4 BM4,-3.2575,0,0.27793157,0.5848039,0.36881328,0.47485635,0.47849187,0.5063964,0.44531763,0.4997543,0.5063964
2023-01-01,2023-02-01,ME4 BM5,-4.3639,0,0.28560874,0.4980728,0.31379887,0.4727381,0.49403602,0.5141663,0.4446687,0.4948434,0.5141663
2023-01-01,2023-02-01,BIG LoBM,-1.317,1,0.3570046,0.48693305,0.35017425,0.47380677,0.4884183,0.50924295,0.45628646,0.48812127,0.50924295
2023-01-01,2023-02-01,ME5 BM2,-2.1663,0,0.365504,0.47941205,0.38571596,0.47475132,0.48923543,0.4975212,0.45836425,0.48727077,0.4975212
2023-01-01,2023-02-01,ME5 BM3,-3.8368,0,0.29231113,0.52584726,0.35968012,0.47667292,0.47828948,0.5011873,0.44901866,0.48780105,0.5011873
2023-01-01,2023-02-01,ME5 BM4,-4.1951,0,0.32750994,0.59830993,0.34675822,0.47520593,0.48341644,0.5163206,0.45305157,0.5063951,0.5163206
2023-01-01,2023-02-01,BIG HiBM,-2.8714,0,0.21228763,0.58417773,0.3563624,0.47597733,0.477167,0.515815,0.4364239,0.4985692,0.515815
2023-02-01,2023-03-01,SMALL LoBM,-10.3145,0,0.40694243,0.51445216,0.48367634,0.49349302,0.48730236,0.5228281,0.48051044,0.49273232,0.5228281
2023-02-01,2023-03-01,ME1 BM2,-6.7151,0,0.5049894,0.5142783,0.5596299,0.4965194,0.4838376,0.5268774,0.4977899,0.48992574,0.5268774
2023-02-01,2023-03-01,ME1 BM3,-7.1138,0,0.37756222,0.55528194,0.50670326,0.49524176,0.48589632,0.52697766,0.47758985,0.49977344,0.52697766
2023-02-01,2023-03-01,ME1 BM4,-6.9909,0,0.41273355,0.4794165,0.43529224,0.49392468,0.47764528,0.5266794,0.48174602,0.47799954,0.5266794
2023-02-01,2023-03-01,SMALL HiBM,-9.6968,0,0.4776611,0.51898724,0.5517544,0.48999566,0.46940196,0.52682364,0.48814547,0.47931904,0.52682364
2023-02-01,2023-03-01,ME2 BM1,-3.2585,0,0.4922877,0.46925694,0.46518317,0.49712884,0.48565653,0.5268489,0.49640268,0.4823766,0.5268489
2023-02-01,2023-03-01,ME2 BM2,-3.0294,0,0.44547585,0.49309975,0.45770538,0.4933509,0.48967877,0.5250153,0.48616964,0.490363,0.5250153
2023-02-01,2023-03-01,ME2 BM3,-3.2036,0,0.46979168,0.43529078,0.49350584,0.4961027,0.48901471,0.52778935,0.49215606,0.47826993,0.52778935
2023-02-01,2023-03-01,ME2 BM4,-5.2486,0,0.49699584,0.50951284,0.55003846,0.4938898,0.48209673,0.5302604,0.49435574,0.48757997,0.5302604
2023-02-01,2023-03-01,ME2 BM5,-10.0858,0,0.50232744,0.49308705,0.5757535,0.49030232,0.47934136,0.5307603,0.4921061,0.4820905,0.5307603
2023-02-01,2023-03-01,ME3 BM1,-0.9346,0,0.39610425,0.5669613,0.49105522,0.49603486,0.48677275,0.5248741,0.48104528,0.5028105,0.5248741
2023-02-01,2023-03-01,ME3 BM2,-1.0032,0,0.50890404,0.5446845,0.58146757,0.4944503,0.49123403,0.5277227,0.4966184,0.50192416,0.5277227
2023-02-01,2023-03-01,ME3 BM3,-2.7882,0,0.40027332,0.5064576,0.43532038,0.49424034,0.48515916,0.52980417,0.4801453,0.48941886,0.52980417
2023-02-01,2023-03-01,ME3 BM4,-4.594,0,0.3348003,0.52061355,0.429638,0.49109873,0.4822965,0.5295096,0.467654,0.4899599,0.5295096
2023-02-01,2023-03-01,ME3 BM5,-11.1544,0,0.29590422,0.48890674,0.40133056,0.48835534,0.48065373,0.52795446,0.45948768,0.48230436,0.52795446
2023-02-01,2023-03-01,ME4 BM1,1.2549,1,0.38115844,0.41710985,0.43701383,0.49457604,0.4771313,0.5275823,0.4775634,0.46512702,0.5275823
2023-02-01,2023-03-01,ME4 BM2,-0.4571,1,0.44717607,0.52421784,0.4800275,0.4939983,0.4792074,0.5279097,0.48697498,0.4882095,0.5279097
2023-02-01,2023-03-01,ME4 BM3,-2.5019,0,0.39991632,0.4933719,0.44617882,0.49234062,0.48109218,0.52875483,0.478477,0.48354813,0.52875483
2023-02-01,2023-03-01,ME4 BM4,-4.0192,0,0.4125835,0.48819852,0.46811393,0.49278146,0.4877123,0.5273376,0.48075178,0.48780954,0.5273376
2023-02-01,2023-03-01,ME4 BM5,-11.4563,0,0.5238107,0.50223374,0.5008108,0.48896614,0.48168612,0.5258198,0.49419284,0.48579565,0.5258198
2023-02-01,2023-03-01,BIG LoBM,8.1256,1,0.3457431,0.48315403,0.4532068,0.49335474,0.48118097,0.5283476,0.471213,0.48157558,0.5283476
2023-02-01,2023-03-01,ME5 BM2,3.2915,1,0.3535404,0.38591957,0.35135025,0.4910192,0.48450193,0.51157904,0.47039738,0.46478546,0.51157904
2023-02-01,2023-03-01,ME5 BM3,0.5123,1,0.47768962,0.504222,0.43635967,0.4927654,0.46795627,0.52549005,0.49050406,0.47520941,0.52549005
2023-02-01,2023-03-01,ME5 BM4,-3.7313,0,0.38910857,0.55979586,0.44756153,0.48863026,0.4758721,0.51719916,0.47370204,0.4926569,0.51719916
2023-02-01,2023-03-01,BIG HiBM,-6.7836,0,0.43993774,0.50043035,0.48902753,0.4922266,0.4714709,0.5270752,0.48438329,0.4772628,0.5270752
2023-03-01,2023-04-01,SMALL LoBM,1.904,1,0.47440842,0.42027426,0.3679633,0.5019481,0.4896091,0.5225979,0.4978172,0.47574213,0.5225979
2023-03-01,2023-04-01,ME1 BM2,-2.4961,0,0.48102322,0.5015735,0.3946437,0.5028884,0.4713283,0.5149229,0.4996086,0.47737736,0.5149229
2023-03-01,2023-04-01,ME1 BM3,-1.4331,0,0.53401107,0.5406934,0.53812134,0.5024648,0.4672305,0.511906,0.5071967,0.48192307,0.511906
2023-03-01,2023-04-01,ME1 BM4,-2.5854,0,0.43087348,0.47256887,0.35625112,0.5022531,0.45865375,0.51208115,0.49154618,0.46143678,0.51208115
2023-03-01,2023-04-01,SMALL HiBM,-4.1692,0,0.45207554,0.49095494,0.4274753,0.5013181,0.48355508,0.5170256,0.49393174,0.48503506,0.5170256
2023-03-01,2023-04-01,ME2 BM1,-2.7595,0,0.523893,0.44787928,0.40385684,0.50254786,0.46619284,0.51483655,0.50574964,0.46253014,0.51483655
2023-03-01,2023-04-01,ME2 BM2,0.0974,0,0.5463864,0.45370194,0.47973853,0.5021399,0.47066116,0.5192242,0.5087769,0.46726933,0.5192242
2023-03-01,2023-04-01,ME2 BM3,-3.2961,0,0.4977112,0.49852484,0.51999176,0.5014453,0.46634892,0.51572883,0.5008852,0.47278413,0.51572883
2023-03-01,2023-04-01,ME2 BM4,-3.0739,0,0.41725618,0.5416517,0.41671824,0.50235105,0.47047523,0.511233,0.48958683,0.4847105,0.511233
2023-03-01,2023-04-01,ME2 BM5,-2.9129,0,0.56978357,0.49917358,0.41677365,0.5015739,0.47559023,0.51692224,0.51180536,0.4803069,0.51692224
2023-03-01,2023-04-01,ME3 BM1,-3.2684,0,0.5211051,0.45634407,0.3654503,0.50085115,0.4828754,0.5207017,0.50388926,0.47756913,0.5207017
2023-03-01,2023-04-01,ME3 BM2,-0.3794,0,0.47256914,0.5267138,0.47591546,0.5017841,0.46417776,0.51581335,0.49740183,0.476685,0.51581335
2023-03-01,2023-04-01,ME3 BM3,-1.4219,0,0.51478153,0.5789025,0.52029294,0.5022251,0.46493945,0.51509726,0.5041086,0.48773205,0.51509726
2023-03-01,2023-04-01,ME3 BM4,-1.1616,0,0.47101873,0.52014095,0.41995257,0.50219095,0.47332942,0.51532876,0.49751514,0.48269174,0.51532876
2023-03-01,2023-04-01,ME3 BM5,-1.3578,0,0.41899619,0.49218488,0.33779877,0.50116247,0.47801012,0.52225107,0.48883754,0.4808451,0.52225107
2023-03-01,2023-04-01,ME4 BM1,-1.8976,0,0.42892653,0.43750468,0.34493673,0.50175214,0.4735729,0.5138983,0.4908283,0.46635926,0.5138983
2023-03-01,2023-04-01,ME4 BM2,-2.1866,0,0.40930894,0.47107872,0.37182677,0.5022456,0.4719994,0.513384,0.48830512,0.4718153,0.513384
2023-03-01,2023-04-01,ME4 BM3,-0.394,0,0.3725695,0.5277974,0.37788537,0.5017425,0.4707758,0.5139679,0.48236656,0.48218012,0.5139679
2023-03-01,2023-04-01,ME4 BM4,-1.6039,0,0.5108657,0.48979664,0.46726686,0.50272983,0.46558112,0.5147878,0.50395024,0.47042423,0.5147878
2023-03-01,2023-04-01,ME4 BM5,0.4532,0,0.362526,0.48001567,0.33257475,0.50225425,0.47023574,0.5158268,0.48129502,0.47219175,0.5158268
2023-03-01,2023-04-01,BIG LoBM,1.129,0,0.44575253,0.492092,0.3654039,0.5005629,0.48717225,0.52767646,0.49234137,0.48815623,0.52767646
2023-03-01,2023-04-01,ME5 BM2,1.434,1,0.43138182,0.47775567,0.3578729,0.5006933,0.46963713,0.51617324,0.4902966,0.47126085,0.51617324
2023-03-01,2023-04-01,ME5 BM3,1.1881,1,0.34401175,0.46295932,0.3171894,0.50279593,0.48024043,0.51494956,0.47897834,0.47678423,0.51494956
2023-03-01,2023-04-01,ME5 BM4,2.4192,1,0.4122453,0.58429796,0.5387789,0.50227976,0.4738076,0.5181372,0.48877463,0.49590567,0.5181372
2023-03-01,2023-04-01,BIG HiBM,3.505,1,0.42955625,0.44997564,0.35701954,0.50037855,0.4718983,0.51201594,0.4897552,0.46751374,0.51201594
2023-04-01,2023-05-01,SMALL LoBM,4.5464,1,0.5874935,0.42856318,0.4165184,0.48097643,0.4791653,0.5067027,0.49695402,0.46904486,0.5067027
2023-04-01,2023-05-01,ME1 BM2,2.5373,1,0.43725747,0.4679366,0.385073,0.48113757,0.47382125,0.51104224,0.47455558,0.47264433,0.51104224
2023-04-01,2023-05-01,ME1 BM3,3.1756,1,0.4492575,0.5263371,0.3895033,0.47997147,0.48024637,0.5125996,0.4753644,0.48946452,0.5125996
2023-04-01,2023-05-01,ME1 BM4,-1.2301,0,0.37048408,0.5308717,0.34749746,0.48166487,0.47450912,0.51109207,0.46498775,0.48578164,0.51109207
2023-04-01,2023-05-01,SMALL HiBM,-1.8759,0,0.38601953,0.5365222,0.3506955,0.47998235,0.47559765,0.5086055,0.46588793,0.48778257,0.5086055
2023-04-01,2023-05-01,ME2 BM1,1.4983,0,0.5493542,0.47929555,0.31621698,0.48078182,0.45872396,0.50950193,0.49106768,0.4628383,0.50950193
2023-04-01,2023-05-01,ME2 BM2,3.4374,1,0.47089773,0.43389386,0.37403828,0.48152253,0.47786587,0.5145687,0.47992882,0.4690715,0.5145687
2023-04-01,2023-05-01,ME2 BM3,1.9771,0,0.46976697,0.46171835,0.3691302,0.4813807,0.47099116,0.5141889,0.47963867,0.4691366,0.5141889
2023-04-01,2023-05-01,ME2 BM4,2.0507,0,0.42286313,0.5389381,0.42568362,0.48057538,0.47393855,0.5128707,0.47191855,0.48693848,0.5128707
2023-04-01,2023-05-01,ME2 BM5,-4.9448,0,0.40330195,0.4965054,0.40299892,0.47741735,0.4754173,0.5127136,0.46630004,0.47963494,0.5127136
2023-04-01,2023-05-01,ME3 BM1,0.9506,0,0.45106882,0.53096676,0.2634814,0.48384768,0.47035038,0.5132308,0.47893086,0.48247367,0.5132308
2023-04-01,2023-05-01,ME3 BM2,-1.9133,0,0.37637782,0.46664125,0.3479663,0.4848504,0.47503015,0.5176556,0.46857953,0.47335237,0.5176556
2023-04-01,2023-05-01,ME3 BM3,-3.7084,0,0.49094462,0.4880486,0.39918813,0.48352578,0.47257113,0.51599747,0.4846386,0.47566664,0.51599747
2023-04-01,2023-05-01,ME3 BM4,-3.6683,0,0.43768665,0.48406062,0.3706483,0.48261786,0.4709875,0.51323795,0.47587818,0.47360215,0.51323795
2023-04-01,2023-05-01,ME3 BM5,-4.6105,0,0.56764656,0.5619921,0.47053733,0.4782384,0.4772952,0.5121522,0.49164966,0.49423456,0.5121522
2023-04-01,2023-05-01,ME4 BM1,0.158,0,0.3724697,0.4784906,0.2905335,0.48677728,0.46570763,0.51442444,0.46963114,0.46826422,0.51442444
2023-04-01,2023-05-01,ME4 BM2,-2.1581,0,0.34333888,0.4080685,0.20564632,0.48660687,0.48123148,0.511846,0.46511668,0.46659887,0.511846
2023-04-01,2023-05-01,ME4 BM3,-4.0008,0,0.34851432,0.34202385,0.2625222,0.48617694,0.47305742,0.5197853,0.46552756,0.44685072,0.5197853
2023-04-01,2023-05-01,ME4 BM4,-3.2273,0,0.41752386,0.44364864,0.37372538,0.48484293,0.471761,0.5160912,0.4747451,0.46613854,0.5160912
2023-04-01,2023-05-01,ME4 BM5,-7.9298,0,0.48389822,0.5640295,0.41498303,0.4787428,0.4756879,0.5084491,0.47951615,0.49335623,0.5084491
2023-04-01,2023-05-01,BIG LoBM,5.4991,1,0.42040342,0.4843769,0.40349337,0.49033177,0.47188777,0.52000093,0.47984254,0.47438562,0.52000093
2023-04-01,2023-05-01,ME5 BM2,-1.1454,0,0.40462548,0.5127168,0.29475957,0.4887386,0.46987092,0.5196384,0.47612163,0.4784401,0.5196384
2023-04-01,2023-05-01,ME5 BM3,-5.08,0,0.36368436,0.4743944,0.33114764,0.48921812,0.4835343,0.52085716,0.47038805,0.48170632,0.52085716
2023-04-01,2023-05-01,ME5 BM4,-7.2248,0,0.4505105,0.50073105,0.40723905,0.48457178,0.47109982,0.51519644,0.47946262,0.47702608,0.51519644
2023-04-01,2023-05-01,BIG HiBM,-4.6182,0,0.5423833,0.47873122,0.38168395,0.4807836,0.47345364,0.51203805,0.49002358,0.47450918,0.51203805
2023-05-01,2023-06-01,SMALL LoBM,7.288,0,0.40910015,0.4596499,0.3822719,0.47783893,0.48568782,0.513201,0.4675281,0.48048022,0.513201
2023-05-01,2023-06-01,ME1 BM2,3.3891,0,0.33554304,0.4313994,0.42795143,0.47248968,0.4733363,0.5058637,0.4519477,0.46494895,0.5058637
2023-05-01,2023-06-01,ME1 BM3,5.6048,0,0.3807606,0.50139636,0.45708227,0.47336137,0.46000242,0.5065048,0.4594713,0.4682812,0.5065048
2023-05-01,2023-06-01,ME1 BM4,6.4631,0,0.43494835,0.4577011,0.4433505,0.47405663,0.4753935,0.50262916,0.4681904,0.471855,0.50262916
2023-05-01,2023-06-01,SMALL HiBM,7.1504,0,0.30239153,0.46329355,0.2806143,0.47368503,0.47690713,0.5076249,0.447991,0.47418445,0.5076249
2023-05-01,2023-06-01,ME2 BM1,7.0497,0,0.3511494,0.51094,0.519869,0.4685342,0.47356075,0.50300837,0.4509265,0.4810366,0.50300837
2023-05-01,2023-06-01,ME2 BM2,7.1376,0,0.4412327,0.53268087,0.4387174,0.4717753,0.4791087,0.5094862,0.46719393,0.48982313,0.5094862
2023-05-01,2023-06-01,ME2 BM3,9.3472,1,0.41977158,0.5050633,0.4499506,0.46923602,0.465563,0.5062461,0.46181637,0.47346306,0.5062461
2023-05-01,2023-06-01,ME2 BM4,8.8055,0,0.3210547,0.47485802,0.43835768,0.47122785,0.47441238,0.5049267,0.4487019,0.47450152,0.5049267
2023-05-01,2023-06-01,ME2 BM5,8.2103,0,0.2929306,0.46382603,0.35735863,0.4750561,0.46158302,0.5138892,0.4477373,0.46203163,0.5138892
2023-05-01,2023-06-01,ME3 BM1,6.8154,0,0.35405764,0.4498935,0.30807477,0.46659413,0.47261077,0.50684655,0.44971365,0.46806732,0.50684655
2023-05-01,2023-06-01,ME3 BM2,8.979,0,0.366088,0.44494072,0.45241717,0.47447553,0.47544274,0.5052794,0.4582174,0.46934235,0.5052794
2023-05-01,2023-06-01,ME3 BM3,8.3104,0,0.4152112,0.50937825,0.5039806,0.47258943,0.4728315,0.5047105,0.4639827,0.48014086,0.5047105
2023-05-01,2023-06-01,ME3 BM4,9.1356,0,0.4441891,0.5184674,0.5072584,0.47613138,0.46359676,0.50920886,0.47134006,0.4745709,0.50920886
2023-05-01,2023-06-01,ME3 BM5,9.5738,1,0.3169783,0.43059388,0.35938394,0.47574243,0.4618999,0.51828015,0.4519278,0.4556387,0.51828015
2023-05-01,2023-06-01,ME4 BM1,8.151,0,0.36546156,0.4952272,0.4348041,0.4704358,0.46379727,0.5046984,0.45468965,0.47008324,0.5046984
2023-05-01,2023-06-01,ME4 BM2,9.1986,1,0.42854762,0.50116646,0.41632816,0.47361735,0.46407133,0.5045105,0.4668569,0.47149035,0.5045105
2023-05-01,2023-06-01,ME4 BM3,9.1469,1,0.5234513,0.494251,0.45406207,0.4791272,0.4626663,0.5115431,0.48577583,0.46898323,0.5115431
2023-05-01,2023-06-01,ME4 BM4,9.9205,1,0.4256395,0.42756966,0.35920715,0.47562218,0.48359585,0.5109441,0.4681248,0.4723906,0.5109441
2023-05-01,2023-06-01,ME4 BM5,6.7631,0,0.44241184,0.410315,0.4949,0.47805503,0.4641083,0.51420116,0.47270858,0.45334965,0.51420116
2023-05-01,2023-06-01,BIG LoBM,7.2447,0,0.35100213,0.43526706,0.27817726,0.47142628,0.4867074,0.51472306,0.45336267,0.47641933,0.51472306
2023-05-01,2023-06-01,ME5 BM2,5.4518,0,0.33768025,0.4303436,0.38960597,0.47749573,0.48210794,0.4985095,0.45652342,0.4717551,0.4985095
2023-05-01,2023-06-01,ME5 BM3,6.1606,0,0.59981626,0.4400806,0.53565454,0.48115298,0.46180037,0.50812894,0.49895248,0.4574564,0.50812894
2023-05-01,2023-06-01,ME5 BM4,5.6433,0,0.4165594,0.5036045,0.5378547,0.4801524,0.46395683,0.5130003,0.47061345,0.4718864,0.5130003
2023-05-01,2023-06-01,BIG HiBM,5.3758,0,0.4513828,0.48958334,0.54084957,0.48115358,0.4662196,0.5114027,0.47668797,0.47089234,0.5114027
2023-06-01,2023-07-01,SMALL LoBM,2.3517,0,0.2656449,0.46615094,0.46743786,0.48944867,0.46656963,0.5188986,0.45587814,0.4664859,0.5188986
2023-06-01,2023-07-01,ME1 BM2,2.9025,0,0.31350407,0.486962,0.44257092,0.48849165,0.46375358,0.51718473,0.46224353,0.4683953,0.51718473
2023-06-01,2023-07-01,ME1 BM3,4.0129,0,0.3104448,0.4354377,0.4401198,0.4863783,0.47671902,0.51626086,0.4599883,0.46846277,0.51626086
2023-06-01,2023-07-01,ME1 BM4,7.3592,0,0.26998848,0.50344396,0.43283862,0.48039517,0.46529615,0.5120429,0.44883418,0.47292572,0.5120429
2023-06-01,2023-07-01,SMALL HiBM,10.4481,1,0.36424887,0.5141266,0.4379929,0.47896764,0.470067,0.50910294,0.46175984,0.47887892,0.50910294
2023-06-01,2023-07-01,ME2 BM1,4.6823,0,0.3138818,0.439353,0.44687295,0.48370034,0.46393418,0.51849294,0.45822757,0.45901796,0.51849294
2023-06-01,2023-07-01,ME2 BM2,5.5458,0,0.32456586,0.53166366,0.4641023,0.48540887,0.46621117,0.5174588,0.46128243,0.4793017,0.5174588
2023-06-01,2023-07-01,ME2 BM3,6.095,0,0.39156732,0.48011667,0.48162687,0.48179466,0.461339,0.5150356,0.46826056,0.46509457,0.5150356
2023-06-01,2023-07-01,ME2 BM4,8.2772,0,0.368265,0.4427008,0.45741168,0.48226044,0.48361284,0.51592755,0.46516114,0.47543043,0.51592755
2023-06-01,2023-07-01,ME2 BM5,10.1816,1,0.5096908,0.501597,0.47923905,0.47771478,0.46686664,0.50610614,0.4825112,0.4738127,0.50610614
2023-06-01,2023-07-01,ME3 BM1,5.1241,0,0.2685886,0.47457442,0.4093866,0.48146233,0.46697,0.5155195,0.4495313,0.4684909,0.5155195
2023-06-01,2023-07-01,ME3 BM2,3.2669,0,0.33657333,0.5320712,0.4789498,0.47793356,0.49130556,0.49938512,0.45672953,0.49945867,0.49938512
2023-06-01,2023-07-01,ME3 BM3,3.9272,0,0.44666004,0.47835764,0.51645297,0.47630432,0.47786662,0.5081272,0.4718577,0.47796485,0.5081272
2023-06-01,2023-07-01,ME3 BM4,8.8377,1,0.35955006,0.48221943,0.38928366,0.47667104,0.49636552,0.4950815,0.4591029,0.49353632,0.4950815
2023-06-01,2023-07-01,ME3 BM5,8.1547,0,0.43047678,0.49010977,0.46796852,0.4781495,0.4663871,0.50381994,0.47099862,0.47113162,0.50381994
2023-06-01,2023-07-01,ME4 BM1,1.2495,0,0.28933084,0.47744796,0.390813,0.48013481,0.48880076,0.50838566,0.45151424,0.4865302,0.50838566
2023-06-01,2023-07-01,ME4 BM2,4.3147,0,0.3083951,0.4154246,0.33596313,0.4782693,0.48706296,0.5040872,0.45278817,0.4727353,0.5040872
2023-06-01,2023-07-01,ME4 BM3,4.9151,0,0.398319,0.4535582,0.4152355,0.47740382,0.4808427,0.5024556,0.4655411,0.47538581,0.5024556
2023-06-01,2023-07-01,ME4 BM4,9.7039,1,0.3496248,0.52380127,0.4057624,0.47769088,0.466904,0.50891936,0.45848095,0.47828346,0.50891936
2023-06-01,2023-07-01,ME4 BM5,8.5167,1,0.28343156,0.4912885,0.4356452,0.47785676,0.4842996,0.5033199,0.448693,0.4856974,0.5033199
2023-06-01,2023-07-01,BIG LoBM,2.3838,0,0.25901648,0.57857394,0.25800133,0.48249984,0.48782647,0.514446,0.44897735,0.50597596,0.514446
2023-06-01,2023-07-01,ME5 BM2,6.2584,0,0.30700967,0.5303901,0.41442472,0.4791839,0.4818691,0.50072306,0.4533578,0.4915733,0.50072306
2023-06-01,2023-07-01,ME5 BM3,3.9894,0,0.37628052,0.40892887,0.475871,0.47704118,0.49988273,0.50374377,0.4619271,0.48169196,0.50374377
2023-06-01,2023-07-01,ME5 BM4,5.2207,0,0.53359103,0.50676554,0.5585695,0.47718623,0.47751954,0.5040957,0.48564696,0.48336875,0.5040957
2023-06-01,2023-07-01,BIG HiBM,6.7308,0,0.43722585,0.51722884,0.49131188,0.47820413,0.47126,0.5064488,0.4720574,0.4804538,0.5064488
2023-07-01,2023-08-01,SMALL LoBM,-11.6052,0,0.41131482,0.52487135,0.4447654,0.49638802,0.47385633,0.5337092,0.48362705,0.48405933,0.5337092
2023-07-01,2023-08-01,ME1 BM2,-7.5558,0,0.37492368,0.49111432,0.45165625,0.4971007,0.4704716,0.5234745,0.4787742,0.47460014,0.5234745
2023-07-01,2023-08-01,ME1 BM3,-10.4918,0,0.5138946,0.4743253,0.49669582,0.4986618,0.47714323,0.5305252,0.5009467,0.47657964,0.5305252
2023-07-01,2023-08-01,ME1 BM4,-5.8497,0,0.42961907,0.53071463,0.4747777,0.49913546,0.471628,0.5306071,0.48870802,0.48344535,0.5306071
2023-07-01,2023-08-01,SMALL HiBM,-7.6931,0,0.46128318,0.41126177,0.3909521,0.4983997,0.48470953,0.53343683,0.49283224,0.47002,0.53343683
2023-07-01,2023-08-01,ME2 BM1,-7.2864,0,0.4926149,0.54052395,0.517382,0.49737912,0.4778402,0.53227603,0.4966645,0.49037695,0.53227603
2023-07-01,2023-08-01,ME2 BM2,-7.0407,0,0.47865587,0.56855226,0.54705244,0.4966127,0.47885013,0.532451,0.4939192,0.49679056,0.532451
2023-07-01,2023-08-01,ME2 BM3,-3.7176,0,0.5230528,0.49189845,0.5405021,0.4964807,0.47775954,0.53476775,0.5004665,0.48058733,0.53476775
2023-07-01,2023-08-01,ME2 BM4,-4.665,0,0.5389223,0.4453369,0.4777718,0.49743775,0.47254717,0.5321568,0.50366044,0.46710515,0.5321568
2023-07-01,2023-08-01,ME2 BM5,-4.2338,0,0.5660654,0.4940056,0.54544234,0.49801672,0.47038788,0.53379613,0.508224,0.47511142,0.53379613
2023-07-01,2023-08-01,ME3 BM1,-5.3136,0,0.3477742,0.4770407,0.35448942,0.49698693,0.4770391,0.5341956,0.47460502,0.47703943,0.5341956
2023-07-01,2023-08-01,ME3 BM2,-4.4226,0,0.44242844,0.51578534,0.4665722,0.49728405,0.480317,0.5355063,0.48905572,0.48741066,0.5355063
2023-07-01,2023-08-01,ME3 BM3,-5.1462,0,0.35670915,0.48811325,0.41085342,0.49869296,0.46999702,0.52989787,0.47739542,0.4736203,0.52989787
2023-07-01,2023-08-01,ME3 BM4,-6.8118,0,0.5076733,0.45577887,0.43762538,0.49852398,0.49274904,0.53673387,0.4998964,0.485355,0.53673387
2023-07-01,2023-08-01,ME3 BM5,-5.1339,0,0.5206672,0.5248722,0.53762585,0.49813536,0.48012668,0.5343746,0.50151515,0.4890758,0.5343746
2023-07-01,2023-08-01,ME4 BM1,-2.4647,1,0.4260643,0.43195003,0.41247714,0.4968665,0.48039612,0.53507966,0.48624617,0.4707069,0.53507966
2023-07-01,2023-08-01,ME4 BM2,-2.3688,1,0.41175908,0.45068514,0.44030783,0.4973761,0.4810702,0.53561544,0.48453355,0.4749932,0.53561544
2023-07-01,2023-08-01,ME4 BM3,-2.7942,0,0.4646169,0.43114042,0.39888662,0.49815696,0.49743664,0.528255,0.49312598,0.4841774,0.528255
2023-07-01,2023-08-01,ME4 BM4,-3.784,0,0.424016,0.52280265,0.4481324,0.49757645,0.4818708,0.53560585,0.4865424,0.49005717,0.53560585
2023-07-01,2023-08-01,ME4 BM5,-2.1289,1,0.4383912,0.3665756,0.39240435,0.49783534,0.48077217,0.53052497,0.48891872,0.45793286,0.53052497
2023-07-01,2023-08-01,BIG LoBM,-0.8326,1,0.45536736,0.41289777,0.42949018,0.49687693,0.5073619,0.5334316,0.4906505,0.48846906,0.5334316
2023-07-01,2023-08-01,ME5 BM2,-0.811,1,0.4411201,0.44455487,0.42013237,0.49824688,0.4835718,0.5235169,0.48967788,0.47576842,0.5235169
2023-07-01,2023-08-01,ME5 BM3,-2.7064,0,0.4024342,0.48808014,0.4533288,0.49884498,0.47183278,0.5311004,0.48438337,0.47508228,0.5311004
2023-07-01,2023-08-01,ME5 BM4,-2.907,0,0.41597778,0.52160704,0.5169301,0.49842978,0.47081795,0.52736676,0.486062,0.48097578,0.52736676
2023-07-01,2023-08-01,BIG HiBM,-7.4058,0,0.4532582,0.517512,0.5027881,0.49879572,0.4698384,0.5278265,0.4919651,0.47937316,0.5278265
2023-08-01,2023-09-01,SMALL LoBM,-8.3019,0,0.6006341,0.47430342,0.5406191,0.48193562,0.46371973,0.5144648,0.49974042,0.46583647,0.5144648
2023-08-01,2023-09-01,ME1 BM2,-7.5961,0,0.5964809,0.4434536,0.5171096,0.48019367,0.48130596,0.514673,0.49763677,0.4737355,0.514673
2023-08-01,2023-09-01,ME1 BM3,-6.533,0,0.4486221,0.47377378,0.5231262,0.47999066,0.47702262,0.5104869,0.47528538,0.47637287,0.5104869
2023-08-01,2023-09-01,ME1 BM4,-5.8637,0,0.58049136,0.46913287,0.53484297,0.4778753,0.4733122,0.520697,0.49326771,0.47247636,0.520697
2023-08-01,2023-09-01,SMALL HiBM,-5.9084,0,0.68148005,0.45346946,0.6756948,0.47748998,0.48817518,0.528931,0.5080885,0.48123404,0.528931
2023-08-01,2023-09-01,ME2 BM1,-9.024,0,0.5785567,0.52316713,0.5568583,0.48001897,0.46850827,0.5140847,0.49479967,0.47944003,0.5140847
2023-08-01,2023-09-01,ME2 BM2,-5.6605,0,0.4651903,0.5178603,0.53581,0.4814783,0.47592017,0.5180367,0.47903514,0.4843082,0.5180367
2023-08-01,2023-09-01,ME2 BM3,-4.7141,0,0.49775338,0.5349337,0.5332793,0.48323196,0.47151643,0.51977915,0.48541018,0.48419988,0.51977915
2023-08-01,2023-09-01,ME2 BM4,-5.3906,0,0.41311258,0.4655564,0.47332856,0.47988036,0.47721264,0.5242127,0.4698652,0.47488138,0.5242127
2023-08-01,2023-09-01,ME2 BM5,-6.2257,0,0.44895715,0.49146777,0.5153516,0.47847068,0.48616046,0.53041995,0.47404367,0.48722196,0.53041995
2023-08-01,2023-09-01,ME3 BM1,-5.932,0,0.4320569,0.5433094,0.5003694,0.48048776,0.47155184,0.5152532,0.47322315,0.48590335,0.5152532
2023-08-01,2023-09-01,ME3 BM2,-4.6387,0,0.40247408,0.4954771,0.4739966,0.4846564,0.47031468,0.5130198,0.47232905,0.4753472,0.5130198
2023-08-01,2023-09-01,ME3 BM3,-6.0684,0,0.40641433,0.51441735,0.4683586,0.48374572,0.46399376,0.50769174,0.472146,0.47407848,0.50769174
2023-08-01,2023-09-01,ME3 BM4,-5.2191,0,0.48660195,0.4834667,0.53458464,0.48017126,0.4890597,0.52208364,0.48113587,0.4879411,0.52208364
2023-08-01,2023-09-01,ME3 BM5,-7.2547,0,0.38925013,0.42933542,0.42346877,0.4786746,0.48437542,0.5248935,0.46526092,0.47336742,0.5248935
2023-08-01,2023-09-01,ME4 BM1,-5.8736,0,0.41680154,0.55207753,0.51808316,0.48402953,0.47012094,0.5120575,0.47394535,0.48651227,0.5120575
2023-08-01,2023-09-01,ME4 BM2,-4.5895,0,0.43263325,0.4628116,0.49095476,0.4826599,0.46924096,0.51336735,0.47515595,0.46795508,0.51336735
2023-08-01,2023-09-01,ME4 BM3,-6.7057,0,0.42169955,0.4881809,0.49050394,0.48132515,0.48512194,0.5112554,0.47238135,0.48573375,0.5112554
2023-08-01,2023-09-01,ME4 BM4,-4.8187,0,0.47906804,0.47333235,0.5261309,0.47665855,0.4840618,0.52368796,0.47701997,0.48191592,0.52368796
2023-08-01,2023-09-01,ME4 BM5,-3.5014,1,0.66800743,0.39284575,0.5806403,0.47715783,0.48296705,0.5281749,0.5057853,0.46494278,0.5281749
2023-08-01,2023-09-01,BIG LoBM,-5.542,0,0.47215587,0.4501558,0.5279857,0.4852165,0.47326252,0.5131965,0.4832574,0.46864116,0.5131965
2023-08-01,2023-09-01,ME5 BM2,-4.3722,1,0.4181792,0.4388899,0.42279968,0.4809307,0.4861362,0.5218375,0.47151798,0.47668692,0.5218375
2023-08-01,2023-09-01,ME5 BM3,-1.5031,1,0.4234874,0.4335688,0.4629533,0.48003325,0.4674198,0.51124346,0.4715514,0.4606496,0.51124346
2023-08-01,2023-09-01,ME5 BM4,-2.1396,1,0.4871336,0.52805865,0.5039441,0.47940198,0.47042122,0.5143423,0.48056173,0.48194873,0.5143423
2023-08-01,2023-09-01,BIG HiBM,-2.2365,1,0.49748772,0.5340858,0.5176867,0.47828066,0.47085455,0.5181593,0.48116174,0.4835008,0.5181593
2023-09-01,2023-10-01,SMALL LoBM,-9.7033,0,0.6329249,0.4310896,0.54686314,0.49223974,0.4784385,0.5189172,0.51334256,0.46896875,0.5189172
2023-09-01,2023-10-01,ME1 BM2,-8.8094,0,0.54083276,0.55299675,0.56303895,0.49519783,0.47830907,0.5229018,0.50204307,0.49324661,0.5229018
2023-09-01,2023-10-01,ME1 BM3,-7.9778,0,0.6419634,0.508412,0.6170669,0.49022502,0.48195428,0.5216553,0.51298577,0.48724583,0.5216553
2023-09-01,2023-10-01,ME1 BM4,-6.2333,0,0.4118563,0.5318629,0.50084597,0.4932486,0.4708753,0.52150774,0.4810398,0.48307285,0.52150774
2023-09-01,2023-10-01,SMALL HiBM,-7.828,0,0.66901636,0.45050535,0.6054104,0.49085826,0.47858068,0.52353853,0.517582,0.47296563,0.52353853
2023-09-01,2023-10-01,ME2 BM1,-10.4913,0,0.57575595,0.54478264,0.59244007,0.49296498,0.47551057,0.52313435,0.5053836,0.48936498,0.52313435
2023-09-01,2023-10-01,ME2 BM2,-7.634,0,0.61974794,0.5874748,0.6148715,0.49340147,0.4833484,0.52292794,0.5123534,0.5041737,0.52292794
2023-09-01,2023-10-01,ME2 BM3,-7.057,0,0.51884663,0.5715507,0.6305372,0.49364132,0.47773424,0.5225047,0.49742213,0.49649754,0.5225047
2023-09-01,2023-10-01,ME2 BM4,-3.9259,1,0.67117584,0.5257452,0.7133546,0.49262238,0.48589742,0.5230825,0.5194054,0.49386698,0.5230825
2023-09-01,2023-10-01,ME2 BM5,-7.0882,0,0.47411993,0.53273904,0.59635013,0.4940878,0.47160333,0.52465177,0.49109262,0.48383048,0.52465177
2023-09-01,2023-10-01,ME3 BM1,-7.2401,0,0.45163622,0.5551648,0.50448287,0.4937705,0.48003674,0.5252768,0.4874504,0.49506235,0.5252768
2023-09-01,2023-10-01,ME3 BM2,-6.206,0,0.4896346,0.46180472,0.5295246,0.4939603,0.48677278,0.5057795,0.49331146,0.48177916,0.5057795
2023-09-01,2023-10-01,ME3 BM3,-5.399,0,0.5320611,0.48194486,0.5577147,0.49256632,0.4793168,0.5145542,0.49849054,0.47984242,0.5145542
2023-09-01,2023-10-01,ME3 BM4,-4.7901,0,0.6159465,0.55197006,0.63822806,0.4907448,0.48808816,0.5055753,0.50952506,0.50086457,0.5055753
2023-09-01,2023-10-01,ME3 BM5,-6.5784,0,0.5252446,0.5814464,0.58071226,0.49389267,0.4742641,0.5254061,0.49859548,0.49570057,0.5254061
2023-09-01,2023-10-01,ME4 BM1,-6.088,0,0.48997727,0.48817602,0.5412716,0.4960003,0.47845218,0.5277165,0.49509686,0.48039696,0.5277165
2023-09-01,2023-10-01,ME4 BM2,-5.8615,0,0.468198,0.4585739,0.51797205,0.49640715,0.47344568,0.52566,0.4921758,0.47047132,0.52566
2023-09-01,2023-10-01,ME4 BM3,-7.1421,0,0.37276056,0.38114393,0.36071637,0.4944891,0.4899162,0.5084552,0.47622982,0.46816176,0.5084552
2023-09-01,2023-10-01,ME4 BM4,-5.4759,0,0.41939697,0.5308998,0.5518284,0.49588367,0.48375863,0.5266316,0.48441067,0.4931869,0.5266316
2023-09-01,2023-10-01,ME4 BM5,-6.2826,0,0.4268818,0.44726744,0.4116384,0.49734306,0.46217376,0.5253079,0.4867739,0.4591925,0.5253079
2023-09-01,2023-10-01,BIG LoBM,-0.9954,1,0.4203893,0.45709842,0.45593622,0.49682814,0.47142956,0.52764773,0.48536232,0.46856335,0.52764773
2023-09-01,2023-10-01,ME5 BM2,-4.9086,0,0.49073198,0.45961207,0.46654025,0.49855864,0.4848214,0.52288914,0.49738467,0.47977954,0.52288914
2023-09-01,2023-10-01,ME5 BM3,-2.538,1,0.47290355,0.39532417,0.41403115,0.4959246,0.48577824,0.5084284,0.49247146,0.46768746,0.5084284
2023-09-01,2023-10-01,ME5 BM4,-2.6849,1,0.54590535,0.4953261,0.55914456,0.495233,0.49147633,0.50814605,0.50283384,0.49224627,0.50814605
2023-09-01,2023-10-01,BIG HiBM,-4.0385,1,0.63400894,0.5038761,0.6310795,0.49133515,0.49236178,0.51123714,0.51273626,0.49466464,0.51123714
2023-10-01,2023-11-01,SMALL LoBM,4.9912,0,0.38863662,0.4913512,0.49217793,0.489147,0.46987233,0.51358724,0.47407046,0.4741681,0.51358724
2023-10-01,2023-11-01,ME1 BM2,8.0315,0,0.46768305,0.4735391,0.5491156,0.48709345,0.48039144,0.51239455,0.4841819,0.47902098,0.51239455
2023-10-01,2023-11-01,ME1 BM3,10.7098,1,0.39908534,0.50415677,0.5459238,0.48800626,0.47925428,0.51405025,0.47466812,0.48423478,0.51405025
2023-10-01,2023-11-01,ME1 BM4,8.7524,0,0.45473972,0.4570186,0.5361589,0.4882045,0.49028033,0.51353097,0.4831848,0.483628,0.51353097
2023-10-01,2023-11-01,SMALL HiBM,7.1203,0,0.44610497,0.6017488,0.53495884,0.4881711,0.48441473,0.5132954,0.4818612,0.5078815,0.5132954
2023-10-01,2023-11-01,ME2 BM1,10.5701,0,0.4098228,0.63518214,0.54851425,0.48220327,0.48171628,0.5082958,0.47134623,0.51240945,0.5082958
2023-10-01,2023-11-01,ME2 BM2,9.1137,0,0.41862088,0.53025514,0.5624026,0.4854264,0.48168597,0.51208794,0.47540557,0.4913998,0.51208794
2023-10-01,2023-11-01,ME2 BM3,8.6396,0,0.40348244,0.56482995,0.5549484,0.48521322,0.479395,0.51232576,0.47295362,0.496482,0.51232576
2023-10-01,2023-11-01,ME2 BM4,8.5456,0,0.41931495,0.5501881,0.49067125,0.48784268,0.48084876,0.51221544,0.47756353,0.49471664,0.51221544
2023-10-01,2023-11-01,ME2 BM5,10.2165,0,0.34729472,0.54794306,0.47082442,0.4883466,0.48027727,0.51263213,0.46718884,0.49381045,0.51263213
2023-10-01,2023-11-01,ME3 BM1,11.2176,1,0.40701428,0.53355825,0.47430518,0.48197004,0.49979,0.5108268,0.4707267,0.50654364,0.5108268
2023-10-01,2023-11-01,ME3 BM2,7.4219,0,0.474362,0.4827633,0.49255434,0.48646098,0.47727224,0.5104575,0.48464614,0.47837046,0.5104575
2023-10-01,2023-11-01,ME3 BM3,8.5409,0,0.3802033,0.5210612,0.47222316,0.48766696,0.4786959,0.5103786,0.47154742,0.48716897,0.5103786
2023-10-01,2023-11-01,ME3 BM4,11.3253,1,0.38662297,0.402865,0.3520733,0.48812202,0.48683903,0.5128579,0.47289717,0.47004423,0.5128579
2023-10-01,2023-11-01,ME3 BM5,15.5142,1,0.38411617,0.54820806,0.47606674,0.48862258,0.48108345,0.51214623,0.4729466,0.4945084,0.51214623
2023-10-01,2023-11-01,ME4 BM1,9.8774,0,0.44395694,0.4375294,0.48943612,0.48410627,0.49933127,0.5123508,0.4780839,0.4869709,0.5123508
2023-10-01,2023-11-01,ME4 BM2,9.0922,0,0.46614566,0.49643418,0.46474943,0.486454,0.47470924,0.51148915,0.48340777,0.4790542,0.51148915
2023-10-01,2023-11-01,ME4 BM3,9.0999,0,0.39169025,0.40020385,0.40724453,0.4878997,0.47943878,0.5099609,0.4734683,0.4635918,0.5099609
2023-10-01,2023-11-01,ME4 BM4,8.531,0,0.494749,0.5053966,0.56759065,0.48697016,0.48224583,0.5106196,0.488137,0.48687598,0.5106196
2023-10-01,2023-11-01,ME4 BM5,7.85,0,0.46604154,0.47910827,0.3616091,0.49183917,0.46873093,0.5157261,0.48796955,0.4708064,0.5157261
2023-10-01,2023-11-01,BIG LoBM,9.8907,0,0.43780845,0.3761313,0.49472135,0.4810626,0.4930817,0.50931656,0.47457448,0.46969163,0.50931656
2023-10-01,2023-11-01,ME5 BM2,6.9409,0,0.4590416,0.45491603,0.47124797,0.48671556,0.46674502,0.5057626,0.48256448,0.46437922,0.5057626
2023-10-01,2023-11-01,ME5 BM3,7.0776,0,0.54990155,0.52311605,0.61298364,0.49075186,0.48264375,0.51966107,0.4996243,0.4907382,0.51966107
2023-10-01,2023-11-01,ME5 BM4,8.6643,0,0.57044625,0.43693328,0.45843688,0.49182978,0.4811458,0.52230334,0.5036223,0.4723033,0.52230334
2023-10-01,2023-11-01,BIG HiBM,15.2885,1,0.4473487,0.49332938,0.43269223,0.49337706,0.47235373,0.5152971,0.48647282,0.47654885,0.5152971
2023-11-01,2023-12-01,SMALL LoBM,15.0898,1,0.75097924,0.46876365,0.65145946,0.5000944,0.49413687,0.52223504,0.5377272,0.48906225,0.52223504
2023-11-01,2023-12-01,ME1 BM2,15.8289,1,0.5982765,0.4541978,0.5839556,0.5013557,0.47400218,0.5153686,0.5158939,0.4700413,0.5153686
2023-11-01,2023-12-01,ME1 BM3,14.664,0,0.42655984,0.58301383,0.6255556,0.50402105,0.47376266,0.5160522,0.49240187,0.49561292,0.5160522
2023-11-01,2023-12-01,ME1 BM4,16.7645,1,0.34505582,0.47783536,0.4348353,0.50200033,0.48260656,0.5184089,0.47845867,0.48165232,0.5184089
2023-11-01,2023-12-01,SMALL HiBM,15.0213,0,0.4061844,0.546462,0.50305235,0.5004841,0.48227486,0.5180521,0.48633915,0.4951123,0.5180521
2023-11-01,2023-12-01,ME2 BM1,12.3041,0,0.5379075,0.56365097,0.5561539,0.49873775,0.4725727,0.5142114,0.5046132,0.49078837,0.5142114
2023-11-01,2023-12-01,ME2 BM2,14.3023,0,0.6132512,0.4734197,0.6069262,0.4999129,0.47718883,0.5136464,0.51691365,0.476435,0.5136464
2023-11-01,2023-12-01,ME2 BM3,10.9912,0,0.49089155,0.5394889,0.6111702,0.4978009,0.48560548,0.5156308,0.49676448,0.49638218,0.5156308
2023-11-01,2023-12-01,ME2 BM4,12.3999,0,0.5270895,0.4838298,0.47753298,0.5028491,0.49285662,0.51996493,0.50648516,0.49105126,0.51996493
2023-11-01,2023-12-01,ME2 BM5,15.3794,1,0.61774904,0.52928567,0.59702575,0.49939334,0.48012558,0.5186237,0.5171467,0.4899576,0.5186237
2023-11-01,2023-12-01,ME3 BM1,10.3111,0,0.3600505,0.5036044,0.4312159,0.49886623,0.4904206,0.5183156,0.47804388,0.49305737,0.5183156
2023-11-01,2023-12-01,ME3 BM2,10.8568,0,0.48828283,0.5234351,0.44755402,0.49928156,0.47373766,0.5139189,0.49763176,0.48367718,0.5139189
2023-11-01,2023-12-01,ME3 BM3,10.072,0,0.5084002,0.50280315,0.4480824,0.5013735,0.4725241,0.51689076,0.5024276,0.47857994,0.51689076
2023-11-01,2023-12-01,ME3 BM4,12.7545,0,0.49643537,0.44762886,0.43567008,0.500708,0.48587087,0.51120925,0.5000671,0.4782225,0.51120925
2023-11-01,2023-12-01,ME3 BM5,17.2187,1,0.5294661,0.4945407,0.54103446,0.5008732,0.47416964,0.5198335,0.5051622,0.4782439,0.5198335
2023-11-01,2023-12-01,ME4 BM1,8.847,0,0.5449443,0.48947108,0.5085288,0.50090146,0.49293286,0.5217624,0.5075079,0.49224052,0.5217624
2023-11-01,2023-12-01,ME4 BM2,7.7786,0,0.4775109,0.4265327,0.4469091,0.49950743,0.4950808,0.52211374,0.49620795,0.48137116,0.52211374
2023-11-01,2023-12-01,ME4 BM3,9.0679,0,0.57533836,0.508298,0.49987045,0.49919647,0.48810557,0.5209825,0.51061773,0.49214405,0.5209825
2023-11-01,2023-12-01,ME4 BM4,8.9012,0,0.55844635,0.49423575,0.5564801,0.49990353,0.48576626,0.518458,0.508685,0.48746017,0.518458
2023-11-01,2023-12-01,ME4 BM5,11.719,0,0.55411017,0.61637104,0.5958483,0.49976605,0.47639927,0.5214574,0.50791764,0.50439364,0.5214574
2023-11-01,2023-12-01,BIG LoBM,3.7524,0,0.48169252,0.528307,0.5554705,0.5009923,0.4718619,0.51632917,0.49809736,0.48315096,0.51632917
2023-11-01,2023-12-01,ME5 BM2,4.7821,0,0.4229613,0.49781942,0.41722903,0.49962986,0.47147065,0.5135781,0.4881296,0.47674042,0.5135781
2023-11-01,2023-12-01,ME5 BM3,5.0621,0,0.39962277,0.5230602,0.4061847,0.50262326,0.48479578,0.52095604,0.4871732,0.4924487,0.52095604
2023-11-01,2023-12-01,ME5 BM4,4.6596,0,0.4862315,0.32214805,0.41137648,0.5022758,0.47630182,0.5180934,0.49986917,0.44547108,0.5180934
2023-11-01,2023-12-01,BIG HiBM,11.6082,0,0.5472858,0.3911979,0.417629,0.50222206,0.49304286,0.5263911,0.50898165,0.4726739,0.5263911
2023-12-01,2024-01-01,SMALL LoBM,0.6965,1,0.30886275,0.45712382,0.38825384,0.48272786,0.46848202,0.52184033,0.4566481,0.4662104,0.52184033
2023-12-01,2024-01-01,ME1 BM2,-3.0599,0,0.31179997,0.41994718,0.38004577,0.48197874,0.48682114,0.5205256,0.45645195,0.47344637,0.5205256
2023-12-01,2024-01-01,ME1 BM3,-3.5181,0,0.36812422,0.4074367,0.42662153,0.47962907,0.48633218,0.52524287,0.46290335,0.4705531,0.52524287
2023-12-01,2024-01-01,ME1 BM4,-4.0954,0,0.33539963,0.39689013,0.3461766,0.48282546,0.48762944,0.520446,0.4607116,0.4694816,0.520446
2023-12-01,2024-01-01,SMALL HiBM,-3.5824,0,0.35934433,0.458677,0.4159216,0.48544866,0.47555372,0.52200925,0.466533,0.47217837,0.52200925
2023-12-01,2024-01-01,ME2 BM1,-4.1502,0,0.42899722,0.3685094,0.37071782,0.4806846,0.48605046,0.5236721,0.47293153,0.46254227,0.5236721
2023-12-01,2024-01-01,ME2 BM2,-3.9413,0,0.323254,0.6027884,0.4152467,0.48209494,0.48188898,0.5274923,0.45826882,0.5060689,0.5274923
2023-12-01,2024-01-01,ME2 BM3,-3.4641,0,0.3690607,0.42930463,0.36373493,0.48474586,0.4883006,0.5172049,0.4673931,0.4765014,0.5172049
2023-12-01,2024-01-01,ME2 BM4,-4.7908,0,0.29151523,0.44488013,0.36297897,0.48329565,0.48869327,0.5179503,0.4545286,0.47993064,0.5179503
2023-12-01,2024-01-01,ME2 BM5,-5.9309,0,0.37904286,0.48556998,0.43682238,0.48391393,0.4779075,0.52951455,0.46818328,0.47944,0.52951455
2023-12-01,2024-01-01,ME3 BM1,-4.1364,0,0.34545052,0.48432377,0.41242245,0.48214298,0.4886337,0.5240916,0.4616391,0.48777172,0.5240916
2023-12-01,2024-01-01,ME3 BM2,-3.0991,0,0.31198332,0.453226,0.3195557,0.4849585,0.47838068,0.5148121,0.4590122,0.47334975,0.5148121
2023-12-01,2024-01-01,ME3 BM3,-3.9942,0,0.2919694,0.46570635,0.3352747,0.48404345,0.4917606,0.52074903,0.45523235,0.4865498,0.52074903
2023-12-01,2024-01-01,ME3 BM4,-3.7217,0,0.42980504,0.5369869,0.42331654,0.4821099,0.4786532,0.5287813,0.4742642,0.49031994,0.5287813
2023-12-01,2024-01-01,ME3 BM5,-5.3723,0,0.59827816,0.4766873,0.5456593,0.48044452,0.4839387,0.53037155,0.4981196,0.48248845,0.53037155
2023-12-01,2024-01-01,ME4 BM1,-1.6905,0,0.294235,0.57066625,0.3806054,0.48345217,0.4958909,0.5225526,0.4550696,0.51084596,0.5225526
2023-12-01,2024-01-01,ME4 BM2,-0.0187,1,0.2952225,0.5306149,0.29188904,0.48462555,0.49363434,0.5211061,0.45621508,0.50103045,0.5211061
2023-12-01,2024-01-01,ME4 BM3,-1.4938,0,0.3524248,0.5216864,0.40961504,0.48403347,0.474472,0.52345246,0.46429217,0.48391488,0.52345246
2023-12-01,2024-01-01,ME4 BM4,-3.2855,0,0.3599531,0.45412406,0.3809651,0.48472357,0.48695314,0.5171521,0.466008,0.48038733,0.5171521
2023-12-01,2024-01-01,ME4 BM5,-2.4499,0,0.369071,0.4547807,0.41451517,0.4855919,0.4850505,0.5230261,0.46811375,0.47899655,0.5230261
2023-12-01,2024-01-01,BIG LoBM,2.2668,1,0.40233934,0.46401942,0.49149063,0.48551768,0.48460656,0.52070963,0.47304094,0.48048916,0.52070963
2023-12-01,2024-01-01,ME5 BM2,-0.5114,0,0.3628556,0.32743594,0.32519102,0.48780707,0.4937043,0.51973194,0.46906435,0.46045065,0.51973194
2023-12-01,2024-01-01,ME5 BM3,3.555,1,0.3326738,0.57130045,0.4626841,0.48634753,0.49707946,0.5211824,0.46329647,0.5119237,0.5211824
2023-12-01,2024-01-01,ME5 BM4,2.666,1,0.41025746,0.5365365,0.457599,0.48441854,0.47709584,0.52312374,0.47329438,0.488984,0.52312374
2023-12-01,2024-01-01,BIG HiBM,-0.8885,0,0.67394465,0.45885485,0.534208,0.48049003,0.4825121,0.52804667,0.50950825,0.47778064,0.52804667
2024-01-01,2024-02-01,SMALL LoBM,9.9101,1,0.68333113,0.4375233,0.51826084,0.47730833,0.49598825,0.5330701,0.5082118,0.48429525,0.5330701
2024-01-01,2024-02-01,ME1 BM2,6.5461,0,0.61475986,0.5020373,0.38035548,0.48024446,0.45468155,0.51347965,0.50042176,0.4641527,0.51347965
2024-01-01,2024-02-01,ME1 BM3,11.7267,1,0.6276198,0.45804936,0.37185663,0.47706813,0.49425003,0.52083105,0.4996509,0.48700988,0.52083105
2024-01-01,2024-02-01,ME1 BM4,2.5236,0,0.6659234,0.4755873,0.5167146,0.4804853,0.4720565,0.5206406,0.508301,0.4727627,0.5206406
2024-01-01,2024-02-01,SMALL HiBM,4.3582,0,0.5794952,0.5495501,0.58794785,0.4770323,0.4934521,0.529843,0.49240175,0.5046717,0.529843
2024-01-01,2024-02-01,ME2 BM1,9.398,1,0.60949767,0.50466365,0.42825344,0.4799368,0.48816106,0.5197506,0.49937093,0.49146158,0.5197506
2024-01-01,2024-02-01,ME2 BM2,6.5431,0,0.64214146,0.4146859,0.42717308,0.4801913,0.4627275,0.5182508,0.5044838,0.4531192,0.5182508
2024-01-01,2024-02-01,ME2 BM3,6.864,0,0.43951184,0.4574008,0.4285419,0.47894046,0.49154884,0.52677464,0.47302616,0.48471925,0.52677464
2024-01-01,2024-02-01,ME2 BM4,3.8027,0,0.5056569,0.54032284,0.48741007,0.47430003,0.484126,0.52625823,0.47900355,0.49536538,0.52625823
2024-01-01,2024-02-01,ME2 BM5,0.859,0,0.53997266,0.5171205,0.5358949,0.47960773,0.5056087,0.5308213,0.48866248,0.507911,0.5308213
2024-01-01,2024-02-01,ME3 BM1,3.3218,0,0.47739765,0.5589131,0.43634495,0.47860777,0.48973134,0.52224696,0.47842628,0.5035677,0.52224696
2024-01-01,2024-02-01,ME3 BM2,5.521,0,0.5152976,0.49174863,0.42557704,0.48023242,0.4903635,0.5288931,0.4854922,0.49064052,0.5288931
2024-01-01,2024-02-01,ME3 BM3,5.3956,0,0.49920553,0.5418147,0.44981414,0.47844198,0.49137673,0.5262283,0.48155653,0.5014643,0.5262283
2024-01-01,2024-02-01,ME3 BM4,1.9831,0,0.48193225,0.42799884,0.36693612,0.47514617,0.48724043,0.52980375,0.4761641,0.47539213,0.52980375
2024-01-01,2024-02-01,ME3 BM5,1.242,0,0.49510017,0.4955524,0.48398554,0.47938526,0.5245661,0.5290166,0.4817425,0.51876336,0.5290166
2024-01-01,2024-02-01,ME4 BM1,7.0309,0,0.44735417,0.4505109,0.31693548,0.4781394,0.4909982,0.52679914,0.47352162,0.48290074,0.52679914
2024-01-01,2024-02-01,ME4 BM2,8.0568,1,0.4172703,0.48470795,0.3368954,0.47931182,0.48534203,0.52542454,0.4700056,0.48521522,0.52542454
2024-01-01,2024-02-01,ME4 BM3,3.6154,0,0.4550485,0.49544856,0.42577592,0.4770892,0.4923919,0.5234263,0.4737831,0.49300325,0.5234263
2024-01-01,2024-02-01,ME4 BM4,4.613,0,0.49704754,0.44981244,0.37433198,0.48025125,0.48418292,0.52494717,0.4827707,0.47730884,0.52494717
2024-01-01,2024-02-01,ME4 BM5,2.5456,0,0.5250116,0.44924518,0.49745497,0.47745708,0.4887566,0.5314431,0.48459026,0.48085433,0.5314431
2024-01-01,2024-02-01,BIG LoBM,6.0191,0,0.49269515,0.4136525,0.45098415,0.47897065,0.5002817,0.52508914,0.48102933,0.48295587,0.52508914
2024-01-01,2024-02-01,ME5 BM2,1.6618,0,0.41816387,0.3318044,0.28047338,0.47688943,0.4783145,0.52471805,0.4680806,0.4490125,0.52471805
2024-01-01,2024-02-01,ME5 BM3,8.0005,1,0.38525245,0.5657904,0.39280608,0.47748396,0.5022378,0.5298765,0.46364924,0.5149483,0.5298765
2024-01-01,2024-02-01,ME5 BM4,4.9929,0,0.42050037,0.4657655,0.35624182,0.4758905,0.4937784,0.52646935,0.467582,0.4881758,0.52646935
2024-01-01,2024-02-01,BIG HiBM,2.9209,0,0.5086592,0.48077014,0.42837495,0.47547376,0.48903993,0.530899,0.48045158,0.487386,0.530899
2024-02-01,2024-03-01,SMALL LoBM,-3.0177,0,0.44584966,0.5165003,0.48533332,0.50651014,0.4669172,0.51266885,0.49741107,0.47683382,0.51266885
2024-02-01,2024-03-01,ME1 BM2,1.6148,0,0.42165467,0.2520683,0.27111366,0.5067086,0.45907074,0.5188475,0.49395055,0.41767028,0.5188475
2024-02-01,2024-03-01,ME1 BM3,0.8786,0,0.41372374,0.4052299,0.37733805,0.5060288,0.50537527,0.5309336,0.49218303,0.4853462,0.5309336
2024-02-01,2024-03-01,ME1 BM4,1.9273,0,0.4270473,0.5894033,0.49115315,0.50586486,0.47094145,0.51526916,0.49404222,0.49463385,0.51526916
2024-02-01,2024-03-01,SMALL HiBM,4.7509,0,0.38576925,0.5232377,0.4719598,0.5056294,0.46380144,0.51522994,0.4876504,0.4756887,0.51522994
2024-02-01,2024-03-01,ME2 BM1,0.0262,0,0.5086991,0.39539284,0.36745486,0.50676847,0.47539026,0.51854867,0.5070581,0.45939076,0.51854867
2024-02-01,2024-03-01,ME2 BM2,2.1525,0,0.5375839,0.20621961,0.29573956,0.5061843,0.4682267,0.5171341,0.51089424,0.41582528,0.5171341
2024-02-01,2024-03-01,ME2 BM3,2.569,0,0.49571827,0.55464274,0.4915946,0.5077632,0.46773112,0.50897586,0.5059565,0.48511344,0.50897586
2024-02-01,2024-03-01,ME2 BM4,3.1508,0,0.5106291,0.5662505,0.57901084,0.5054165,0.47922137,0.5149213,0.5061984,0.4966272,0.5149213
2024-02-01,2024-03-01,ME2 BM5,4.048,0,0.46797347,0.52179617,0.53941774,0.5030868,0.483524,0.51850474,0.49781984,0.49117845,0.51850474
2024-02-01,2024-03-01,ME3 BM1,0.7801,0,0.5622286,0.50311035,0.4812334,0.5077721,0.48917198,0.51633024,0.5159406,0.4919597,0.51633024
2024-02-01,2024-03-01,ME3 BM2,2.8812,0,0.49220034,0.48675448,0.47039312,0.5075299,0.46511978,0.51086503,0.5052305,0.46944672,0.51086503
2024-02-01,2024-03-01,ME3 BM3,4.6765,0,0.45174456,0.5062532,0.42430413,0.50798553,0.48793095,0.51039135,0.49954942,0.49159542,0.51039135
2024-02-01,2024-03-01,ME3 BM4,4.4288,0,0.4777517,0.45716283,0.49087223,0.5069907,0.49000305,0.51004267,0.50260484,0.483435,0.51004267
2024-02-01,2024-03-01,ME3 BM5,6.6674,1,0.5484706,0.5488641,0.5623514,0.5049367,0.50978214,0.518081,0.5114668,0.5175985,0.518081
2024-02-01,2024-03-01,ME4 BM1,3.8473,0,0.5430095,0.5111708,0.5166043,0.5073583,0.48706296,0.51546574,0.512706,0.49188453,0.51546574
2024-02-01,2024-03-01,ME4 BM2,4.6856,0,0.50984716,0.51479787,0.52400947,0.506881,0.46646282,0.5171647,0.50732595,0.47612983,0.5171647
2024-02-01,2024-03-01,ME4 BM3,5.0535,0,0.48009738,0.42244926,0.422152,0.50754595,0.4918279,0.51605266,0.5034287,0.47795218,0.51605266
2024-02-01,2024-03-01,ME4 BM4,8.2041,1,0.4899908,0.5455176,0.551978,0.5063146,0.46997496,0.51623935,0.503866,0.48508352,0.51623935
2024-02-01,2024-03-01,ME4 BM5,7.6679,1,0.42050168,0.41832328,0.4576787,0.5035584,0.47424206,0.5167949,0.4910999,0.46305832,0.5167949
2024-02-01,2024-03-01,BIG LoBM,1.6533,0,0.6534608,0.5218696,0.59188485,0.5037682,0.50675243,0.52753067,0.5262221,0.5097759,0.52753067
2024-02-01,2024-03-01,ME5 BM2,6.4515,1,0.38602346,0.4254022,0.3612496,0.50566006,0.4677228,0.5225367,0.4877146,0.4592587,0.5225367
2024-02-01,2024-03-01,ME5 BM3,3.6182,0,0.38058668,0.46575752,0.4507051,0.50735396,0.5037224,0.52808213,0.4883389,0.49612945,0.52808213
2024-02-01,2024-03-01,ME5 BM4,6.1457,0,0.4373097,0.5809071,0.4373294,0.5077442,0.49789396,0.5245835,0.49717903,0.51449656,0.5245835
2024-02-01,2024-03-01,BIG HiBM,8.9895,1,0.5218601,0.5775942,0.55174667,0.50632006,0.4675841,0.51054335,0.5086511,0.4895861,0.51054335
2024-03-01,2024-04-01,SMALL LoBM,-12.4977,0,0.36414307,0.46336618,0.4486008,0.49058172,0.48744565,0.5366235,0.47161594,0.48262978,0.5366235
2024-03-01,2024-04-01,ME1 BM2,-7.1253,0,0.48641095,0.45843777,0.45083794,0.49051926,0.46527594,0.5246958,0.48990303,0.4639083,0.5246958
2024-03-01,2024-04-01,ME1 BM3,-7.0617,0,0.35417488,0.50111455,0.37586364,0.4873174,0.4844693,0.53708816,0.46734607,0.48779836,0.53708816
2024-03-01,2024-04-01,ME1 BM4,-7.4525,0,0.629069,0.5027797,0.5555137,0.49398437,0.46736294,0.5199547,0.51424706,0.47444633,0.5199547
2024-03-01,2024-04-01,SMALL HiBM,-7.5703,0,0.55261236,0.51182246,0.6024176,0.49567354,0.47871366,0.52429056,0.5042144,0.4853354,0.52429056
2024-03-01,2024-04-01,ME2 BM1,-7.7164,0,0.48266286,0.48799473,0.4816235,0.48739102,0.48855686,0.53647757,0.48668182,0.48844445,0.53647757
2024-03-01,2024-04-01,ME2 BM2,-8.2687,0,0.5090274,0.43401045,0.387419,0.48905125,0.47314355,0.5249952,0.4920477,0.46531695,0.5249952
2024-03-01,2024-04-01,ME2 BM3,-6.5939,0,0.481608,0.55968916,0.5410754,0.4893333,0.47595394,0.52537477,0.4881745,0.492701,0.52537477
2024-03-01,2024-04-01,ME2 BM4,-5.1924,1,0.47978505,0.50306743,0.4947461,0.49146426,0.46929246,0.5185646,0.4897124,0.47604746,0.5185646
2024-03-01,2024-04-01,ME2 BM5,-6.5601,0,0.5567143,0.48710325,0.48235407,0.49503076,0.47973317,0.5230622,0.5042833,0.4812072,0.5230622
2024-03-01,2024-04-01,ME3 BM1,-5.9861,0,0.3885575,0.3539821,0.25932744,0.4893803,0.49188396,0.5202474,0.4742569,0.4643036,0.5202474
2024-03-01,2024-04-01,ME3 BM2,-6.2882,0,0.43162882,0.5465748,0.49779227,0.48925743,0.46965563,0.522077,0.48061314,0.48503947,0.522077
2024-03-01,2024-04-01,ME3 BM3,-5.9795,0,0.34961957,0.40272072,0.29695275,0.48879528,0.49487656,0.52521956,0.46791893,0.4764454,0.52521956
2024-03-01,2024-04-01,ME3 BM4,-6.7027,0,0.6263368,0.38037902,0.3920373,0.4899967,0.49343774,0.5230613,0.51044774,0.47082603,0.5230613
2024-03-01,2024-04-01,ME3 BM5,-7.8086,0,0.6183861,0.42204306,0.42911914,0.4928619,0.5105149,0.52708685,0.51169056,0.49282056,0.52708685
2024-03-01,2024-04-01,ME4 BM1,-5.7327,0,0.4230243,0.43225694,0.36424983,0.4877287,0.4785703,0.52877265,0.47802305,0.46930763,0.52877265
2024-03-01,2024-04-01,ME4 BM2,-6.426,0,0.37235716,0.50824547,0.3906629,0.48869476,0.48328298,0.5292903,0.47124413,0.4882755,0.5292903
2024-03-01,2024-04-01,ME4 BM3,-6.0649,0,0.4382578,0.42993253,0.30187327,0.49071345,0.49089205,0.5223347,0.48284513,0.47870016,0.5223347
2024-03-01,2024-04-01,ME4 BM4,-6.8568,0,0.5415622,0.4252802,0.39741617,0.49092498,0.49240395,0.52370787,0.49852058,0.4789792,0.52370787
2024-03-01,2024-04-01,ME4 BM5,-5.734,0,0.57416373,0.49686515,0.5819353,0.49520263,0.4704085,0.5156073,0.5070468,0.47569984,0.5156073
2024-03-01,2024-04-01,BIG LoBM,-4.0193,1,0.4782888,0.5212005,0.46445164,0.48767918,0.49641898,0.5328181,0.48627067,0.5013753,0.5328181
2024-03-01,2024-04-01,ME5 BM2,1.242,1,0.4369785,0.5478759,0.36911696,0.492713,0.464159,0.5292078,0.48435286,0.4809024,0.5292078
2024-03-01,2024-04-01,ME5 BM3,-4.4625,1,0.4050707,0.53855836,0.39804518,0.49011475,0.49397543,0.5369788,0.47735816,0.502892,0.5369788
2024-03-01,2024-04-01,ME5 BM4,-4.9964,1,0.42011997,0.45841843,0.41037646,0.49038815,0.47509843,0.5219667,0.47984794,0.47176245,0.5219667
2024-03-01,2024-04-01,BIG HiBM,-5.4747,0,0.46171322,0.5109457,0.52272403,0.49209845,0.47720423,0.5179151,0.4875407,0.48395252,0.5179151
2024-04-01,2024-05-01,SMALL LoBM,7.3358,1,0.42991078,0.59575033,0.5382429,0.49691784,0.48341623,0.5126709,0.4868668,0.50588304,0.5126709
2024-04-01,2024-05-01,ME1 BM2,3.2529,0,0.5421573,0.44832227,0.44625515,0.49402973,0.49377933,0.5123887,0.50124884,0.48468792,0.5123887
2024-04-01,2024-05-01,ME1 BM3,4.5403,0,0.50589496,0.52155036,0.477913,0.4925951,0.47125992,0.5081328,0.4945901,0.481318,0.5081328
2024-04-01,2024-05-01,ME1 BM4,3.8453,0,0.49008462,0.56217206,0.37483093,0.49560362,0.48914766,0.51718086,0.4947758,0.5037525,0.51718086
2024-04-01,2024-05-01,SMALL HiBM,4.323,0,0.34217256,0.5051677,0.47092006,0.4982861,0.4755996,0.51250416,0.47486907,0.4815132,0.51250416
2024-04-01,2024-05-01,ME2 BM1,1.9013,0,0.5790567,0.44993934,0.3962452,0.4929893,0.4902723,0.5095967,0.5058994,0.48220572,0.5095967
2024-04-01,2024-05-01,ME2 BM2,3.2264,0,0.5382125,0.35865018,0.39585382,0.49323595,0.4916327,0.5106405,0.49998245,0.4650362,0.5106405
2024-04-01,2024-05-01,ME2 BM3,5.3184,1,0.53993726,0.5545081,0.43690738,0.4939568,0.48321533,0.50993156,0.5008539,0.4974739,0.50993156
2024-04-01,2024-05-01,ME2 BM4,4.6414,0,0.48444617,0.39599285,0.24474448,0.49397442,0.48762074,0.5115903,0.4925452,0.46929517,0.5115903
2024-04-01,2024-05-01,ME2 BM5,5.3445,1,0.37223756,0.61033714,0.40896228,0.49772775,0.49199364,0.5193637,0.47890425,0.5156624,0.5193637
2024-04-01,2024-05-01,ME3 BM1,4.6228,0,0.5835895,0.52222395,0.27315873,0.49292833,0.48643526,0.5101267,0.50652754,0.493593,0.5101267
2024-04-01,2024-05-01,ME3 BM2,5.1154,0,0.43544787,0.45815313,0.457923,0.49333578,0.47900984,0.505714,0.4846526,0.47483853,0.505714
2024-04-01,2024-05-01,ME3 BM3,4.1597,0,0.38404763,0.47143474,0.35346133,0.49458456,0.47569805,0.51007366,0.47800404,0.4748454,0.51007366
2024-04-01,2024-05-01,ME3 BM4,5.548,1,0.42964742,0.40704933,0.32768548,0.49413708,0.49134257,0.5127598,0.48446363,0.47448394,0.5127598
2024-04-01,2024-05-01,ME3 BM5,4.1052,0,0.43975618,0.4459129,0.34597197,0.496368,0.4958801,0.52496564,0.48787624,0.48588666,0.52496564
2024-04-01,2024-05-01,ME4 BM1,2.5533,0,0.3876262,0.4068895,0.1866236,0.49451774,0.48431724,0.51177895,0.47848403,0.4688317,0.51177895
2024-04-01,2024-05-01,ME4 BM2,2.1786,0,0.38679925,0.50042397,0.4323588,0.49568516,0.48319453,0.51373935,0.47935227,0.48664045,0.51373935
2024-04-01,2024-05-01,ME4 BM3,2.5392,0,0.3984537,0.41949558,0.30318755,0.4944983,0.48569366,0.51289475,0.48009163,0.47245404,0.51289475
2024-04-01,2024-05-01,ME4 BM4,5.2938,0,0.41775212,0.46610743,0.37739813,0.49612725,0.48080048,0.52136713,0.48437098,0.47786188,0.52136713
2024-04-01,2024-05-01,ME4 BM5,3.6068,0,0.3071708,0.5465331,0.45386004,0.49624324,0.48179725,0.517662,0.46788236,0.49474445,0.517662
2024-04-01,2024-05-01,BIG LoBM,5.9598,1,0.5058188,0.57209784,0.5107671,0.49461392,0.5122175,0.5188283,0.49629468,0.5241936,0.5188283
2024-04-01,2024-05-01,ME5 BM2,4.0278,0,0.46463168,0.4526009,0.3735019,0.49094933,0.4897589,0.51838416,0.4870017,0.4823273,0.51838416
2024-04-01,2024-05-01,ME5 BM3,3.1691,0,0.49526218,0.6406261,0.48245206,0.49335054,0.5097843,0.52110046,0.4936373,0.5359527,0.52110046
2024-04-01,2024-05-01,ME5 BM4,4.0482,0,0.5080449,0.4569523,0.5141012,0.49088934,0.48260522,0.51501954,0.49346268,0.47747463,0.51501954
2024-04-01,2024-05-01,BIG HiBM,4.2631,0,0.5752848,0.53532666,0.56593114,0.49105257,0.47905508,0.51442707,0.50368744,0.49030942,0.51442707
2024-05-01,2024-06-01,SMALL LoBM,-4.1906,0,0.3879064,0.4971879,0.41087636,0.4965411,0.51821935,0.53175676,0.48024592,0.51401305,0.53175676
2024-05-01,2024-06-01,ME1 BM2,-2.3401,0,0.3726858,0.58932585,0.44914368,0.49681816,0.48236322,0.5274229,0.47819832,0.50375575,0.5274229
2024-05-01,2024-06-01,ME1 BM3,-5.6241,0,0.4126019,0.6310655,0.5280174,0.49664205,0.5268776,0.5369396,0.48403603,0.5477152,0.5369396
2024-05-01,2024-06-01,ME1 BM4,-2.0009,0,0.48061818,0.56805533,0.5294521,0.496974,0.47724637,0.5293335,0.4945206,0.49540818,0.5293335
2024-05-01,2024-06-01,SMALL HiBM,-2.5794,0,0.4317499,0.593778,0.5117311,0.49539265,0.47914383,0.5303962,0.48584628,0.50207067,0.5303962
2024-05-01,2024-06-01,ME2 BM1,-1.594,0,0.39671114,0.60521114,0.4719443,0.49640658,0.49080482,0.52913356,0.4814523,0.5136861,0.52913356
2024-05-01,2024-06-01,ME2 BM2,-1.6793,0,0.33912212,0.6158839,0.43722576,0.49604994,0.5213766,0.53403115,0.47251078,0.5402781,0.53403115
2024-05-01,2024-06-01,ME2 BM3,-2.1088,0,0.4006878,0.58771384,0.53326356,0.49620557,0.48204088,0.53359544,0.48187792,0.5031755,0.53359544
2024-05-01,2024-06-01,ME2 BM4,-1.5942,0,0.3776729,0.5104898,0.4797688,0.49704003,0.4818823,0.53426963,0.47913498,0.4876038,0.53426963
2024-05-01,2024-06-01,ME2 BM5,-2.805,0,0.4379125,0.61090064,0.45832044,0.49590057,0.48835665,0.5153614,0.48720238,0.5128654,0.5153614
2024-05-01,2024-06-01,ME3 BM1,2.7161,1,0.3635979,0.42733482,0.28163064,0.49707308,0.47823432,0.52520704,0.47705182,0.4680544,0.52520704
2024-05-01,2024-06-01,ME3 BM2,-0.855,0,0.486898,0.51666677,0.4872578,0.49688837,0.49301684,0.5337621,0.49538982,0.49774683,0.5337621
2024-05-01,2024-06-01,ME3 BM3,-1.9375,0,0.4549575,0.50055563,0.48687652,0.49710208,0.48841226,0.53234136,0.4907804,0.49084094,0.53234136
2024-05-01,2024-06-01,ME3 BM4,-2.5397,0,0.48785397,0.57656294,0.48448452,0.49622366,0.48545626,0.51928216,0.49496824,0.5036776,0.51928216
2024-05-01,2024-06-01,ME3 BM5,-2.3385,0,0.39172268,0.6169697,0.51015097,0.4954587,0.4831761,0.5187458,0.4798983,0.50993484,0.5187458
2024-05-01,2024-06-01,ME4 BM1,-0.6069,0,0.45354262,0.5245173,0.5217089,0.49733666,0.49262276,0.5339414,0.49076757,0.49900168,0.5339414
2024-05-01,2024-06-01,ME4 BM2,-1.7629,0,0.42546916,0.52305496,0.49424896,0.49664226,0.49013007,0.5354133,0.48596632,0.49671507,0.5354133
2024-05-01,2024-06-01,ME4 BM3,-2.3903,0,0.4527286,0.50070035,0.39168537,0.49660432,0.48258048,0.520475,0.490023,0.48620445,0.520475
2024-05-01,2024-06-01,ME4 BM4,-1.6565,0,0.4122531,0.58526933,0.5095477,0.49557316,0.48317832,0.5338211,0.48307517,0.50359654,0.5338211
2024-05-01,2024-06-01,ME4 BM5,-2.8367,0,0.39569595,0.42663568,0.45156094,0.49590907,0.48782253,0.5300657,0.4808771,0.4755852,0.5300657
2024-05-01,2024-06-01,BIG LoBM,6.1092,1,0.41595685,0.5179397,0.47384694,0.49760544,0.50188094,0.5415492,0.48535818,0.5050927,0.5415492
2024-05-01,2024-06-01,ME5 BM2,1.096,1,0.30081028,0.5027572,0.36656544,0.498853,0.4718203,0.5348732,0.4691466,0.47800767,0.5348732
2024-05-01,2024-06-01,ME5 BM3,0.3339,1,0.43245608,0.48501775,0.45988417,0.49810898,0.49893394,0.539739,0.48826107,0.4961507,0.539739
2024-05-01,2024-06-01,ME5 BM4,-1.6716,0,0.49724048,0.40048918,0.44316012,0.49781835,0.4964365,0.5369841,0.4977317,0.47724706,0.5369841
2024-05-01,2024-06-01,BIG HiBM,0.6083,1,0.51351845,0.511222,0.5265192,0.49724194,0.48575982,0.53102934,0.49968344,0.49085227,0.53102934
2024-06-01,2024-07-01,SMALL LoBM,11.4197,0,0.3993899,0.46913475,0.3839894,0.48093742,0.48559663,0.5159935,0.4687053,0.48230425,0.5159935
2024-06-01,2024-07-01,ME1 BM2,8.9101,0,0.523386,0.49445587,0.53660107,0.47178057,0.47539344,0.49796283,0.4795214,0.47920594,0.49796283
2024-06-01,2024-07-01,ME1 BM3,14.3277,1,0.40705657,0.4959477,0.49112964,0.47631368,0.47815433,0.5023967,0.46592513,0.48171303,0.5023967
2024-06-01,2024-07-01,ME1 BM4,14.141,1,0.47949135,0.46729797,0.52548283,0.4718135,0.47479725,0.5029774,0.47296518,0.47329742,0.5029774
2024-06-01,2024-07-01,SMALL HiBM,14.4979,1,0.3621298,0.54528767,0.4953916,0.47769898,0.47543627,0.5046092,0.46036363,0.48940656,0.5046092
2024-06-01,2024-07-01,ME2 BM1,7.5097,0,0.5023792,0.5036464,0.49827808,0.48022366,0.48788083,0.5037464,0.483547,0.49103394,0.5037464
2024-06-01,2024-07-01,ME2 BM2,9.6359,0,0.45277447,0.46246755,0.5135932,0.47574958,0.476456,0.5034586,0.47230333,0.4736583,0.5034586
2024-06-01,2024-07-01,ME2 BM3,9.8444,0,0.45872155,0.5137434,0.5188422,0.47805163,0.47790632,0.5085913,0.47515213,0.48507375,0.5085913
2024-06-01,2024-07-01,ME2 BM4,12.0522,1,0.42152026,0.51688707,0.537365,0.47500145,0.47401106,0.50373125,0.4669793,0.48258626,0.50373125
2024-06-01,2024-07-01,ME2 BM5,14.9324,1,0.40422624,0.5203516,0.48540348,0.47730762,0.47729564,0.50727904,0.4663454,0.48590684,0.50727904
2024-06-01,2024-07-01,ME3 BM1,6.4974,0,0.45643952,0.4106116,0.36920416,0.4730595,0.4934846,0.5066464,0.4705665,0.47691,0.5066464
2024-06-01,2024-07-01,ME3 BM2,6.0491,0,0.4534529,0.5344537,0.51090103,0.4760333,0.48022085,0.5103116,0.47264624,0.49106744,0.5103116
2024-06-01,2024-07-01,ME3 BM3,9.1286,0,0.4696651,0.53975743,0.4977398,0.47696793,0.47829136,0.50834197,0.47587252,0.49058458,0.50834197
2024-06-01,2024-07-01,ME3 BM4,10.4114,0,0.44779179,0.5271172,0.5308147,0.47598648,0.4803295,0.504881,0.4717573,0.48968706,0.504881
2024-06-01,2024-07-01,ME3 BM5,11.5109,0,0.43790984,0.45493174,0.37512058,0.483468,0.50795543,0.51968205,0.47663426,0.4973507,0.51968205
2024-06-01,2024-07-01,ME4 BM1,3.2133,0,0.49929783,0.43331754,0.4832886,0.47739878,0.48455533,0.51197314,0.48068365,0.47430778,0.51197314
2024-06-01,2024-07-01,ME4 BM2,7.2788,0,0.40503144,0.592086,0.47392753,0.48146358,0.4899251,0.5177611,0.46999878,0.51035726,0.5177611
2024-06-01,2024-07-01,ME4 BM3,6.6677,0,0.38458303,0.52372414,0.4185486,0.48075432,0.48481306,0.51311505,0.46632865,0.4925953,0.51311505
2024-06-01,2024-07-01,ME4 BM4,6.7612,0,0.360085,0.52199596,0.4813451,0.48219937,0.4764771,0.50655615,0.4638822,0.4855809,0.50655615
2024-06-01,2024-07-01,ME4 BM5,7.0577,0,0.46257147,0.47794795,0.4940416,0.47743425,0.47850958,0.51170856,0.47520483,0.47839725,0.51170856
2024-06-01,2024-07-01,BIG LoBM,-0.8513,0,0.55876184,0.4701403,0.45315042,0.47683606,0.49475437,0.51552105,0.48912495,0.48983157,0.51552105
2024-06-01,2024-07-01,ME5 BM2,2.2329,0,0.4583414,0.37884706,0.29589808,0.4694884,0.47487998,0.5126861,0.46781638,0.45567343,0.5126861
2024-06-01,2024-07-01,ME5 BM3,4.0102,0,0.42231664,0.5364159,0.48062655,0.4715445,0.47712418,0.51383734,0.46416032,0.48898253,0.51383734
2024-06-01,2024-07-01,ME5 BM4,6.5989,0,0.46640685,0.5596099,0.4638,0.4700808,0.5007781,0.51730406,0.46952972,0.51254445,0.51730406
2024-06-01,2024-07-01,BIG HiBM,2.9147,0,0.45145965,0.5264047,0.50742656,0.471457,0.48227778,0.50153106,0.46845743,0.49110317,0.50153106
2024-07-01,2024-08-01,SMALL LoBM,-2.1811,0,0.49106684,0.4304417,0.453851,0.4975402,0.47363937,0.50568116,0.49656922,0.46499985,0.50568116
2024-07-01,2024-08-01,ME1 BM2,-4.3016,0,0.56310767,0.45899448,0.4910689,0.4977476,0.4728801,0.50449526,0.5075516,0.470103,0.50449526
2024-07-01,2024-08-01,ME1 BM3,-2.5141,0,0.49399343,0.58260477,0.53125817,0.49794522,0.48950243,0.5051338,0.49735248,0.5081229,0.5051338
2024-07-01,2024-08-01,ME1 BM4,-3.7129,0,0.5206366,0.5360287,0.49881965,0.49577636,0.4731582,0.5069523,0.4995054,0.48573232,0.5069523
2024-07-01,2024-08-01,SMALL HiBM,-2.1203,0,0.42088634,0.52999175,0.42047116,0.4998638,0.46933678,0.50548255,0.4880172,0.48146778,0.50548255
2024-07-01,2024-08-01,ME2 BM1,0.6764,0,0.49711967,0.45865715,0.4784825,0.49594116,0.48951057,0.5018879,0.49611795,0.48333988,0.5018879
2024-07-01,2024-08-01,ME2 BM2,0.2008,0,0.46323726,0.47620526,0.46942133,0.49682987,0.4739873,0.5055125,0.491791,0.47443092,0.5055125
2024-07-01,2024-08-01,ME2 BM3,-3.6221,0,0.49117813,0.4741461,0.4771868,0.4978903,0.4805554,0.50879717,0.49688345,0.47927356,0.50879717
2024-07-01,2024-08-01,ME2 BM4,-2.238,0,0.4204677,0.40029913,0.39319345,0.49729913,0.48925197,0.506707,0.48577443,0.47146142,0.506707
2024-07-01,2024-08-01,ME2 BM5,-1.8352,0,0.4679964,0.5782492,0.5101126,0.49898648,0.4928654,0.50760996,0.49433798,0.5099422,0.50760996
2024-07-01,2024-08-01,ME3 BM1,-0.1472,0,0.46567872,0.2856608,0.28862786,0.4951863,0.4931588,0.50135946,0.49076018,0.4516592,0.50135946
2024-07-01,2024-08-01,ME3 BM2,-2.0629,0,0.51322025,0.47408694,0.44826257,0.49755993,0.49412128,0.5097914,0.49990898,0.49011442,0.5097914
2024-07-01,2024-08-01,ME3 BM3,-0.9634,0,0.46942332,0.3729623,0.37610728,0.49784136,0.4876388,0.50649416,0.49357867,0.46470353,0.50649416
2024-07-01,2024-08-01,ME3 BM4,-1.3943,0,0.40057424,0.44466954,0.41187075,0.49763292,0.4914103,0.5057279,0.48307413,0.48206216,0.5057279
2024-07-01,2024-08-01,ME3 BM5,-1.0361,0,0.51603717,0.47773853,0.48902318,0.49747777,0.48845893,0.5087787,0.5002617,0.48631486,0.5087787
2024-07-01,2024-08-01,ME4 BM1,1.7784,1,0.47582304,0.43877017,0.4118647,0.49678215,0.48804986,0.5070549,0.4936383,0.47819394,0.5070549
2024-07-01,2024-08-01,ME4 BM2,2.0632,1,0.5234983,0.5118159,0.48755807,0.49803397,0.49901572,0.51437616,0.50185364,0.50157577,0.51437616
2024-07-01,2024-08-01,ME4 BM3,1.5802,0,0.527389,0.39343387,0.3487869,0.49710464,0.4842003,0.50860226,0.5016473,0.46604702,0.50860226
2024-07-01,2024-08-01,ME4 BM4,1.4801,0,0.46242684,0.548932,0.46044177,0.50043166,0.47480127,0.5093752,0.49473095,0.48962742,0.5093752
2024-07-01,2024-08-01,ME4 BM5,-0.3216,0,0.41625315,0.53385293,0.45251358,0.49701732,0.48949385,0.51514953,0.4849027,0.4983657,0.51514953
2024-07-01,2024-08-01,BIG LoBM,2.1543,1,0.5074082,0.4961879,0.49215624,0.49463755,0.49331105,0.51286024,0.49655315,0.49388644,0.51286024
2024-07-01,2024-08-01,ME5 BM2,3.8852,1,0.51861036,0.40575477,0.35240003,0.49680278,0.47012055,0.5161844,0.5000739,0.4572474,0.5161844
2024-07-01,2024-08-01,ME5 BM3,-0.644,0,0.5073037,0.49640545,0.5129542,0.49641904,0.48316014,0.51767755,0.49805176,0.4858092,0.51767755
2024-07-01,2024-08-01,ME5 BM4,4.15,1,0.43123475,0.5790558,0.5034085,0.4967491,0.516359,0.5210411,0.48692197,0.52889836,0.5210411
2024-07-01,2024-08-01,BIG HiBM,0.9392,0,0.44493207,0.5354964,0.48151714,0.49566075,0.474747,0.5061373,0.48805147,0.4868969,0.5061373
2024-08-01,2024-09-01,SMALL LoBM,3.0587,1,0.4684747,0.46330675,0.47590023,0.4736014,0.48571625,0.53316474,0.47283238,0.48123437,0.53316474
2024-08-01,2024-09-01,ME1 BM2,1.9622,0,0.41091198,0.538141,0.49516973,0.47349834,0.47402003,0.5318736,0.4641104,0.48684424,0.5318736
2024-08-01,2024-09-01,ME1 BM3,-1.4124,0,0.4574102,0.48555914,0.46096936,0.47277424,0.5060784,0.53585076,0.47046965,0.5019746,0.53585076
2024-08-01,2024-09-01,ME1 BM4,-1.245,0,0.40132424,0.5852768,0.44262016,0.47651067,0.48943746,0.5316923,0.46523273,0.50860536,0.5316923
2024-08-01,2024-09-01,SMALL HiBM,-0.2295,0,0.39585045,0.5276069,0.45726806,0.47644678,0.4899624,0.53171164,0.46435735,0.4974913,0.53171164
2024-08-01,2024-09-01,ME2 BM1,0.0931,0,0.44062704,0.48519948,0.39787158,0.47370124,0.48685724,0.5312611,0.4687401,0.4865257,0.5312611
2024-08-01,2024-09-01,ME2 BM2,1.2156,0,0.44629306,0.5253409,0.45611927,0.47342768,0.47722048,0.5324286,0.4693575,0.48684457,0.5324286
2024-08-01,2024-09-01,ME2 BM3,0.9113,0,0.4428224,0.45314923,0.41253114,0.47450426,0.48492882,0.53135675,0.46975198,0.4785729,0.53135675
2024-08-01,2024-09-01,ME2 BM4,-0.4959,0,0.3872334,0.57262814,0.4229889,0.47410774,0.4882529,0.53224254,0.46107662,0.50512797,0.53224254
2024-08-01,2024-09-01,ME2 BM5,-0.9528,0,0.46429715,0.52415293,0.45356283,0.47761637,0.49154353,0.5323993,0.47561848,0.4980654,0.5323993
2024-08-01,2024-09-01,ME3 BM1,4.2635,1,0.42047516,0.42348477,0.22565007,0.4707379,0.48764718,0.5265097,0.4631985,0.47481468,0.5265097
2024-08-01,2024-09-01,ME3 BM2,2.3503,0,0.426907,0.48689744,0.42791057,0.4710483,0.47110695,0.5258209,0.4644271,0.47426504,0.5258209
2024-08-01,2024-09-01,ME3 BM3,1.0493,0,0.4167151,0.46082938,0.41001683,0.47297466,0.47801933,0.53155243,0.46453574,0.47458136,0.53155243
2024-08-01,2024-09-01,ME3 BM4,0.0766,0,0.42440915,0.47384828,0.41560286,0.47152567,0.48507074,0.5318535,0.4644582,0.48282626,0.5318535
2024-08-01,2024-09-01,ME3 BM5,0.1618,0,0.3396493,0.5506332,0.40961328,0.4745291,0.4882313,0.5252428,0.45429713,0.5007117,0.5252428
2024-08-01,2024-09-01,ME4 BM1,3.4516,1,0.40170062,0.44350952,0.31532058,0.46948853,0.47068423,0.52325535,0.45932037,0.4652493,0.52325535
2024-08-01,2024-09-01,ME4 BM2,2.273,0,0.4187303,0.44144621,0.39632753,0.47194672,0.47745368,0.5297264,0.46396428,0.47025222,0.5297264
2024-08-01,2024-09-01,ME4 BM3,1.2306,0,0.39123404,0.41875458,0.28570223,0.47181222,0.49019063,0.5262661,0.4597255,0.47590345,0.5262661
2024-08-01,2024-09-01,ME4 BM4,3.6539,1,0.4434648,0.47202876,0.44499105,0.47125363,0.47446296,0.5293526,0.4670853,0.47397614,0.5293526
2024-08-01,2024-09-01,ME4 BM5,-1.321,0,0.3764672,0.39358553,0.33040774,0.47222164,0.4828149,0.5272812,0.4578585,0.46496904,0.5272812
2024-08-01,2024-09-01,BIG LoBM,2.4194,0,0.37407613,0.52328044,0.42912242,0.47150275,0.47897404,0.5258137,0.45688877,0.48783535,0.5258137
2024-08-01,2024-09-01,ME5 BM2,3.9933,1,0.40721995,0.3706479,0.22712201,0.46998623,0.46522012,0.5265235,0.4605713,0.4463057,0.5265235
2024-08-01,2024-09-01,ME5 BM3,1.0625,0,0.41012868,0.5197159,0.3838494,0.46954083,0.4834497,0.52611005,0.46062902,0.49070293,0.52611005
2024-08-01,2024-09-01,ME5 BM4,-1.1409,0,0.40780267,0.5193049,0.3576998,0.46932533,0.49605235,0.5308395,0.46009696,0.50070286,0.5308395
2024-08-01,2024-09-01,BIG HiBM,-0.5287,0,0.39867672,0.45751226,0.34492537,0.4694188,0.49177438,0.5266545,0.4588075,0.48492196,0.5266545
2024-09-01,2024-10-01,SMALL LoBM,4.7145,1,0.49131113,0.51544017,0.53190535,0.5052214,0.50839496,0.5149019,0.5031349,0.509804,0.5149019
2024-09-01,2024-10-01,ME1 BM2,0.5107,0,0.5075052,0.60141873,0.5758293,0.5058096,0.47738016,0.5039724,0.50606394,0.50218785,0.5039724
2024-09-01,2024-10-01,ME1 BM3,-0.6188,0,0.369274,0.5698825,0.5334876,0.50659513,0.4958307,0.5085484,0.485997,0.5106411,0.5085484
2024-09-01,2024-10-01,ME1 BM4,-0.8833,0,0.5014356,0.60542893,0.54446507,0.5062501,0.4844498,0.5102358,0.5055279,0.50864565,0.5102358
2024-09-01,2024-10-01,SMALL HiBM,0.6632,1,0.52296865,0.5449917,0.5875962,0.50516784,0.48117808,0.5073028,0.50783795,0.4939408,0.5073028
2024-09-01,2024-10-01,ME2 BM1,-0.8068,0,0.3197979,0.5195725,0.37226474,0.50461066,0.47159317,0.5016351,0.47688878,0.48118904,0.5016351
2024-09-01,2024-10-01,ME2 BM2,-0.881,0,0.5039619,0.49563205,0.49327087,0.50596416,0.4714707,0.50429124,0.5056638,0.47630298,0.50429124
2024-09-01,2024-10-01,ME2 BM3,-3.2464,0,0.42499554,0.52672327,0.5341681,0.50560546,0.479252,0.5065628,0.493514,0.48874626,0.5065628
2024-09-01,2024-10-01,ME2 BM4,-0.4851,0,0.4012318,0.5083986,0.44791052,0.50456,0.48135555,0.51384264,0.4890608,0.48676416,0.51384264
2024-09-01,2024-10-01,ME2 BM5,-0.9615,0,0.5442463,0.5707832,0.5297207,0.50698173,0.48676503,0.5106466,0.51257145,0.50356865,0.5106466
2024-09-01,2024-10-01,ME3 BM1,-1.6588,0,0.39379114,0.30628824,0.19754413,0.5014038,0.4844302,0.50920594,0.48526192,0.44880182,0.50920594
2024-09-01,2024-10-01,ME3 BM2,-2.7289,0,0.4315409,0.46867302,0.47284335,0.5053294,0.47073308,0.51010275,0.4942611,0.47032106,0.51010275
2024-09-01,2024-10-01,ME3 BM3,-1.2831,0,0.44891688,0.45348385,0.4865949,0.5045551,0.47215316,0.50763065,0.49620938,0.4684193,0.50763065
2024-09-01,2024-10-01,ME3 BM4,-1.3824,0,0.44223806,0.52493274,0.5037453,0.50504494,0.48052529,0.50545466,0.49562392,0.4894068,0.50545466
2024-09-01,2024-10-01,ME3 BM5,0.1278,0,0.54667413,0.48085612,0.38942498,0.50677156,0.49202877,0.5113275,0.51275694,0.48979425,0.5113275
2024-09-01,2024-10-01,ME4 BM1,-1.0065,0,0.39705667,0.48962924,0.3750992,0.5023546,0.47747204,0.50634813,0.48655996,0.4799035,0.50634813
2024-09-01,2024-10-01,ME4 BM2,-1.9377,0,0.40362838,0.47710332,0.39747822,0.50388986,0.47487432,0.5103472,0.48885065,0.47532013,0.5103472
2024-09-01,2024-10-01,ME4 BM3,-1.4521,0,0.45242122,0.41910762,0.30881906,0.5052893,0.48310423,0.51094556,0.49735913,0.47030494,0.51094556
2024-09-01,2024-10-01,ME4 BM4,1.5997,1,0.41251674,0.47863725,0.25385687,0.50447744,0.48314226,0.5133214,0.49068335,0.48224124,0.5133214
2024-09-01,2024-10-01,ME4 BM5,1.3028,1,0.51134986,0.48737976,0.52585196,0.50619227,0.4715889,0.510122,0.50696594,0.4747471,0.510122
2024-09-01,2024-10-01,BIG LoBM,-0.7924,0,0.50709957,0.49380854,0.5187843,0.49803245,0.48216265,0.5145164,0.49939254,0.48449183,0.5145164
2024-09-01,2024-10-01,ME5 BM2,-1.3064,0,0.44306564,0.39548835,0.45533878,0.4980839,0.48272938,0.50894666,0.48983115,0.4652812,0.50894666
2024-09-01,2024-10-01,ME5 BM3,-1.0778,0,0.41247094,0.54727614,0.51229584,0.5014405,0.48928952,0.5192323,0.4880951,0.50088686,0.5192323
2024-09-01,2024-10-01,ME5 BM4,0.3624,0,0.42671004,0.56255966,0.42841163,0.5002882,0.49979296,0.5232172,0.4892515,0.51234627,0.5232172
2024-09-01,2024-10-01,BIG HiBM,5.8881,1,0.38954166,0.49084672,0.40106943,0.50326943,0.48457724,0.5064399,0.48621026,0.48583114,0.5064399
2024-10-01,2024-11-01,SMALL LoBM,11.5239,0,0.5324281,0.50873506,0.6142555,0.5026882,0.4710614,0.5158137,0.5071492,0.47859615,0.5158137
2024-10-01,2024-11-01,ME1 BM2,9.7075,0,0.4853641,0.5286743,0.48624212,0.5040818,0.47414267,0.5124849,0.50127417,0.485049,0.5124849
2024-10-01,2024-11-01,ME1 BM3,9.4269,0,0.3672143,0.53935593,0.48838156,0.49865112,0.48545778,0.51740015,0.4789356,0.4962374,0.51740015
2024-10-01,2024-11-01,ME1 BM4,9.0752,0,0.5102997,0.546128,0.56815296,0.49823225,0.47806296,0.5152688,0.5000424,0.49167597,0.5152688
2024-10-01,2024-11-01,SMALL HiBM,10.7518,0,0.55377585,0.54946804,0.58060646,0.5065392,0.47524583,0.51762176,0.5136247,0.49009028,0.51762176
2024-10-01,2024-11-01,ME2 BM1,14.058,1,0.40700117,0.47922197,0.41396832,0.50090754,0.49234995,0.51542985,0.4868216,0.48972437,0.51542985
2024-10-01,2024-11-01,ME2 BM2,13.2864,1,0.44788796,0.5286005,0.48666355,0.49914056,0.4765782,0.51503325,0.4914527,0.48698267,0.51503325
2024-10-01,2024-11-01,ME2 BM3,10.8871,0,0.42581362,0.49193758,0.47191244,0.49650663,0.47667956,0.5162016,0.4859027,0.47973117,0.5162016
2024-10-01,2024-11-01,ME2 BM4,12.6278,1,0.49838683,0.52342963,0.5095192,0.4930715,0.47664154,0.51726896,0.4938688,0.48599917,0.51726896
2024-10-01,2024-11-01,ME2 BM5,11.257,0,0.44593015,0.58589363,0.57447326,0.49869516,0.47775283,0.51583815,0.4907804,0.499381,0.51583815
2024-10-01,2024-11-01,ME3 BM1,10.2793,0,0.38767523,0.49662465,0.4303052,0.4957512,0.47529906,0.51187456,0.4795398,0.4795642,0.51187456
2024-10-01,2024-11-01,ME3 BM2,11.1932,0,0.41880152,0.53336924,0.50720316,0.49674457,0.47087497,0.51873225,0.48505312,0.48337382,0.51873225
2024-10-01,2024-11-01,ME3 BM3,11.5833,0,0.40350604,0.4499849,0.46951792,0.4961658,0.4762832,0.5207926,0.48226684,0.47102356,0.5207926
2024-10-01,2024-11-01,ME3 BM4,9.7792,0,0.45668802,0.54406387,0.5107788,0.49283832,0.4765728,0.51487255,0.4874158,0.49007103,0.51487255
2024-10-01,2024-11-01,ME3 BM5,11.9435,1,0.48561496,0.47160658,0.36046645,0.5001842,0.48939782,0.5188379,0.4979988,0.48583958,0.5188379
2024-10-01,2024-11-01,ME4 BM1,9.7341,0,0.45082864,0.29165617,0.3042819,0.49628627,0.48048836,0.516819,0.48946765,0.4427219,0.516819
2024-10-01,2024-11-01,ME4 BM2,6.9756,0,0.45759612,0.44696245,0.40152255,0.49662536,0.47390628,0.5234911,0.490771,0.4685175,0.5234911
2024-10-01,2024-11-01,ME4 BM3,5.6845,0,0.4922995,0.66829526,0.47476265,0.49462554,0.48115018,0.51828337,0.49427664,0.5185792,0.51828337
2024-10-01,2024-11-01,ME4 BM4,10.4277,0,0.41032,0.40926963,0.3221928,0.49939245,0.48542005,0.51926875,0.4860316,0.47018996,0.51926875
2024-10-01,2024-11-01,ME4 BM5,12.5219,1,0.599732,0.49662942,0.57904416,0.4942035,0.47165304,0.5218494,0.5100328,0.47664833,0.5218494
2024-10-01,2024-11-01,BIG LoBM,6.3182,0,0.50482553,0.5034958,0.54813373,0.49294758,0.48782507,0.52324784,0.49472928,0.49095923,0.52324784
2024-10-01,2024-11-01,ME5 BM2,5.3371,0,0.4653131,0.34183165,0.48755386,0.49120015,0.47791874,0.5199059,0.48731712,0.45070136,0.5199059
2024-10-01,2024-11-01,ME5 BM3,5.1812,0,0.48912093,0.55433035,0.49926057,0.49288985,0.49029204,0.5278212,0.49232453,0.5030997,0.5278212
2024-10-01,2024-11-01,ME5 BM4,8.907,0,0.54863864,0.6027605,0.6257853,0.4903368,0.50928426,0.5343846,0.4990821,0.5279795,0.5343846
2024-10-01,2024-11-01,BIG HiBM,11.3098,0,0.44564387,0.49119738,0.46268,0.48980725,0.48276097,0.5111131,0.48318276,0.48444825,0.5111131
2024-11-01,2024-12-01,SMALL LoBM,-6.1979,0,0.5142666,0.52538663,0.556999,0.506196,0.48298204,0.5094143,0.5074066,0.49146298,0.5094143
2024-11-01,2024-12-01,ME1 BM2,-5.1389,1,0.54784554,0.4786928,0.5276955,0.5063654,0.47761184,0.5104977,0.5125874,0.47782803,0.5104977
2024-11-01,2024-12-01,ME1 BM3,-7.2125,0,0.39919814,0.5543918,0.43584642,0.50732565,0.485928,0.5117044,0.49110654,0.4996208,0.5117044
2024-11-01,2024-12-01,ME1 BM4,-7.796,0,0.48563105,0.51660514,0.5806538,0.50697815,0.48030174,0.51107085,0.50377613,0.48756242,0.51107085
2024-11-01,2024-12-01,SMALL HiBM,-4.5938,1,0.5362935,0.51989746,0.540518,0.5069871,0.47542456,0.51333004,0.51138306,0.48431915,0.51333004
2024-11-01,2024-12-01,ME2 BM1,-4.1389,1,0.42079917,0.47277263,0.39340994,0.50654405,0.4910416,0.5131997,0.49368235,0.48738784,0.5131997
2024-11-01,2024-12-01,ME2 BM2,-9.2084,0,0.53546375,0.475099,0.5348973,0.5055072,0.48002535,0.5144206,0.5100007,0.4790401,0.5144206
2024-11-01,2024-12-01,ME2 BM3,-8.7427,0,0.4249048,0.5157564,0.4661485,0.5031062,0.48065853,0.51587844,0.49137598,0.4876781,0.51587844
2024-11-01,2024-12-01,ME2 BM4,-8.8626,0,0.5393818,0.521201,0.5300532,0.5045839,0.47532153,0.5154047,0.5098036,0.48449743,0.5154047
2024-11-01,2024-12-01,ME2 BM5,-6.7704,0,0.44415933,0.5639348,0.6157748,0.50758076,0.48321778,0.51262546,0.49806756,0.49936122,0.51262546
2024-11-01,2024-12-01,ME3 BM1,-7.9478,0,0.45605406,0.44404507,0.38245064,0.501772,0.48433742,0.51965034,0.4949143,0.47627896,0.51965034
2024-11-01,2024-12-01,ME3 BM2,-7.9098,0,0.4496162,0.5047965,0.48968124,0.5030279,0.48086673,0.5210719,0.49501616,0.4856527,0.5210719
2024-11-01,2024-12-01,ME3 BM3,-8.0605,0,0.54567194,0.5468345,0.5097287,0.50451887,0.47351912,0.51994145,0.5106919,0.4881822,0.51994145
2024-11-01,2024-12-01,ME3 BM4,-8.9497,0,0.40555817,0.53538364,0.47315028,0.50656646,0.48012418,0.51559603,0.49141523,0.49117607,0.51559603
2024-11-01,2024-12-01,ME3 BM5,-9.0364,0,0.48181614,0.5637871,0.4924167,0.5100584,0.4656054,0.51094085,0.50582206,0.48524174,0.51094085
2024-11-01,2024-12-01,ME4 BM1,-8.2651,0,0.40306717,0.4108923,0.4245785,0.5035247,0.47298864,0.5166565,0.48845613,0.46056938,0.5166565
2024-11-01,2024-12-01,ME4 BM2,-7.1455,0,0.36321697,0.4710548,0.38843232,0.5036783,0.48599386,0.523931,0.48260912,0.48300606,0.523931
2024-11-01,2024-12-01,ME4 BM3,-6.5352,0,0.55814797,0.49759713,0.5648624,0.50379395,0.48424286,0.524102,0.51194704,0.4869137,0.524102
2024-11-01,2024-12-01,ME4 BM4,-6.2309,0,0.45639586,0.44374186,0.41079837,0.50667965,0.47367758,0.5216538,0.4991371,0.46769044,0.5216538
2024-11-01,2024-12-01,ME4 BM5,-5.5569,0,0.42927337,0.5049671,0.5201453,0.5085796,0.47372806,0.51983035,0.4966837,0.47997588,0.51983035
2024-11-01,2024-12-01,BIG LoBM,0.3266,1,0.55215317,0.39675507,0.50633854,0.50084686,0.49957588,0.53443414,0.50854284,0.4790117,0.53443414
2024-11-01,2024-12-01,ME5 BM2,-4.8243,1,0.37779206,0.37979355,0.3270389,0.49842274,0.49916843,0.5264872,0.48032817,0.47529346,0.5264872
2024-11-01,2024-12-01,ME5 BM3,-8.954,0,0.367039,0.51013136,0.4528774,0.5020148,0.4969023,0.525,0.48176846,0.4995481,0.525
2024-11-01,2024-12-01,ME5 BM4,-6.7957,0,0.5289053,0.47799152,0.5275044,0.5040882,0.5142176,0.53435755,0.5078108,0.5069724,0.53435755
2024-11-01,2024-12-01,BIG HiBM,-5.7415,0,0.42873946,0.4523064,0.41093177,0.5066125,0.4880676,0.5218295,0.49493152,0.48091537,0.5218295
2024-12-01,2025-01-01,SMALL LoBM,1.6076,0,0.3587063,0.522704,0.4467095,0.4777239,0.49586356,0.53273284,0.45987126,0.5012317,0.53273284
2024-12-01,2025-01-01,ME1 BM2,0.3004,0,0.33453414,0.43370557,0.34777555,0.47616416,0.48083314,0.53051174,0.4549197,0.47140765,0.53051174
2024-12-01,2025-01-01,ME1 BM3,0.9544,0,0.31816855,0.56307507,0.46291548,0.4766199,0.4848601,0.5307404,0.45285222,0.50050306,0.5307404
2024-12-01,2025-01-01,ME1 BM4,1.2878,0,0.29121,0.51216537,0.38059244,0.47874385,0.4778337,0.5289103,0.4506138,0.48470005,0.5289103
2024-12-01,2025-01-01,SMALL HiBM,-0.0909,0,0.3387107,0.46256208,0.3005852,0.47512823,0.49397936,0.5335696,0.45466563,0.48769593,0.5335696
2024-12-01,2025-01-01,ME2 BM1,0.5532,0,0.30919692,0.54494464,0.45784786,0.4708725,0.4887184,0.5321305,0.44662118,0.49996367,0.5321305
2024-12-01,2025-01-01,ME2 BM2,2.7376,0,0.30415452,0.55376047,0.47738796,0.47347596,0.48739195,0.5295067,0.44807777,0.50066566,0.5295067
2024-12-01,2025-01-01,ME2 BM3,3.6021,0,0.31163025,0.3926881,0.35181218,0.4723316,0.48909727,0.5328921,0.44822645,0.46981543,0.5328921
2024-12-01,2025-01-01,ME2 BM4,3.0713,0,0.33265045,0.5386792,0.4985108,0.47092876,0.48870745,0.5317131,0.45018703,0.4987018,0.5317131
2024-12-01,2025-01-01,ME2 BM5,2.5424,0,0.34153736,0.36692363,0.27867925,0.4756823,0.4948832,0.5324905,0.45556056,0.4692913,0.5324905
2024-12-01,2025-01-01,ME3 BM1,5.3794,1,0.3586918,0.44957224,0.4472268,0.4731455,0.49355063,0.5358366,0.45597747,0.48475495,0.5358366
2024-12-01,2025-01-01,ME3 BM2,2.8509,0,0.32559395,0.49670815,0.5325551,0.47325754,0.4916826,0.5349051,0.451108,0.4926877,0.5349051
2024-12-01,2025-01-01,ME3 BM3,4.6361,0,0.32522497,0.55402464,0.49781424,0.47148922,0.49087408,0.53406894,0.4495496,0.5035042,0.53406894
2024-12-01,2025-01-01,ME3 BM4,2.7332,0,0.37477612,0.44348785,0.46568048,0.476201,0.48451883,0.5320959,0.46098727,0.47631264,0.5320959
2024-12-01,2025-01-01,ME3 BM5,3.9426,0,0.36464757,0.4588963,0.40528083,0.47662908,0.48176157,0.52902144,0.45983186,0.47718853,0.52902144
2024-12-01,2025-01-01,ME4 BM1,4.2638,0,0.4672834,0.57555103,0.57747906,0.47468704,0.49437454,0.53683454,0.4735765,0.51060987,0.53683454
2024-12-01,2025-01-01,ME4 BM2,4.3838,0,0.38504153,0.50503516,0.49126756,0.47730693,0.48516396,0.53196263,0.46346715,0.48913822,0.53196263
2024-12-01,2025-01-01,ME4 BM3,5.0171,0,0.4504503,0.54292107,0.5121514,0.4799567,0.4849322,0.530929,0.47553074,0.49653,0.530929
2024-12-01,2025-01-01,ME4 BM4,6.7514,1,0.34456095,0.5267072,0.42926064,0.4734829,0.49703467,0.5322789,0.45414463,0.50296915,0.5322789
2024-12-01,2025-01-01,ME4 BM5,4.4249,0,0.41480175,0.60382694,0.51559716,0.47295105,0.48994863,0.53370535,0.4642287,0.5127243,0.53370535
2024-12-01,2025-01-01,BIG LoBM,1.4885,0,0.59816664,0.4197246,0.48815915,0.4747255,0.49813205,0.52852154,0.49324173,0.48245057,0.52852154
2024-12-01,2025-01-01,ME5 BM2,7.8641,1,0.4290901,0.31434625,0.35386473,0.4791124,0.48941842,0.53238,0.47160906,0.454404,0.53238
2024-12-01,2025-01-01,ME5 BM3,2.0826,0,0.40048537,0.4554667,0.41129524,0.4765134,0.48721534,0.5276254,0.4651092,0.4808656,0.5276254
2024-12-01,2025-01-01,ME5 BM4,5.9145,1,0.47457895,0.5727184,0.5026144,0.47533098,0.5138266,0.53257376,0.47521818,0.52560496,0.53257376
2024-12-01,2025-01-01,BIG HiBM,7.3808,1,0.44006035,0.5525551,0.49622405,0.47410578,0.49144053,0.5357889,0.46899897,0.5036635,0.5357889
2025-01-01,2025-02-01,SMALL LoBM,-6.6187,0,0.41333503,0.49156812,0.52196497,0.49707177,0.48133716,0.5082668,0.48451126,0.48338336,0.5082668
2025-01-01,2025-02-01,ME1 BM2,-6.1271,0,0.41155457,0.52156854,0.46761474,0.4965905,0.4733588,0.5105655,0.48383513,0.48300076,0.5105655
2025-01-01,2025-02-01,ME1 BM3,-6.8984,0,0.45597547,0.58531386,0.55171055,0.49772885,0.48021054,0.5068809,0.49146587,0.5012312,0.5068809
2025-01-01,2025-02-01,ME1 BM4,-5.9085,0,0.41696894,0.55883294,0.5282552,0.49514422,0.48007983,0.509625,0.48341793,0.49583048,0.509625
2025-01-01,2025-02-01,SMALL HiBM,-2.3508,0,0.49411237,0.5479596,0.5442925,0.49682608,0.48220313,0.5099226,0.49641904,0.49535444,0.5099226
2025-01-01,2025-02-01,ME2 BM1,-8.4494,0,0.5559973,0.50377536,0.5659707,0.49882612,0.4929429,0.51249933,0.5074018,0.49510938,0.51249933
2025-01-01,2025-02-01,ME2 BM2,-8.7184,0,0.393319,0.50746435,0.5464203,0.49716747,0.505993,0.511083,0.4815902,0.5062873,0.511083
2025-01-01,2025-02-01,ME2 BM3,-8.2942,0,0.39443585,0.5174513,0.5292427,0.49576423,0.48970583,0.509642,0.48056498,0.49525493,0.509642
2025-01-01,2025-02-01,ME2 BM4,-5.651,0,0.4543133,0.5566787,0.5641367,0.4958313,0.5038115,0.5104711,0.48960364,0.5143849,0.5104711
2025-01-01,2025-02-01,ME2 BM5,-4.2389,0,0.4623731,0.5243704,0.5475024,0.49682873,0.4894627,0.5089775,0.4916604,0.49644426,0.5089775
2025-01-01,2025-02-01,ME3 BM1,-5.6928,0,0.4356511,0.5264532,0.4948529,0.49602434,0.49122232,0.51260245,0.48696837,0.4982685,0.51260245
2025-01-01,2025-02-01,ME3 BM2,-4.9352,0,0.4447249,0.6248982,0.5226575,0.49639067,0.48498055,0.50773185,0.48864082,0.51296407,0.50773185
2025-01-01,2025-02-01,ME3 BM3,-4.9152,0,0.46018252,0.5197174,0.5540594,0.49671885,0.48957804,0.51168174,0.49123842,0.49560595,0.51168174
2025-01-01,2025-02-01,ME3 BM4,-2.7759,0,0.41873848,0.5426729,0.55515325,0.49583593,0.4870103,0.5100646,0.48427132,0.4981428,0.5100646
2025-01-01,2025-02-01,ME3 BM5,-2.7996,0,0.4833388,0.51645535,0.5922156,0.49616674,0.5006915,0.51053107,0.49424255,0.50384426,0.51053107
2025-01-01,2025-02-01,ME4 BM1,-4.2825,0,0.4010623,0.51729,0.44743508,0.4950285,0.48322874,0.51231724,0.48093358,0.49004102,0.51231724
2025-01-01,2025-02-01,ME4 BM2,-6.8613,0,0.3402035,0.47037217,0.41266364,0.49582338,0.49059874,0.5188923,0.47248042,0.48655343,0.5188923
2025-01-01,2025-02-01,ME4 BM3,-2.2094,0,0.43068475,0.4884083,0.48980403,0.49680328,0.49714732,0.520606,0.48688555,0.49539953,0.520606
2025-01-01,2025-02-01,ME4 BM4,-2.811,0,0.46147558,0.4656206,0.53686494,0.4973702,0.49175256,0.51713,0.49198604,0.4865262,0.51713
2025-01-01,2025-02-01,ME4 BM5,-1.7869,1,0.5459624,0.5460435,0.6034966,0.49597275,0.4806898,0.51394594,0.5034712,0.49376056,0.51394594
2025-01-01,2025-02-01,BIG LoBM,-3.1109,0,0.39005542,0.44076607,0.4648276,0.49981502,0.51905,0.5234506,0.48335108,0.50339323,0.5234506
2025-01-01,2025-02-01,ME5 BM2,-1.884,1,0.4444421,0.44422668,0.41947773,0.49590117,0.47927296,0.5168282,0.4881823,0.47226372,0.5168282
2025-01-01,2025-02-01,ME5 BM3,2.5459,1,0.45720226,0.5422044,0.50796306,0.4929434,0.47824132,0.51868737,0.48758227,0.49103394,0.51868737
2025-01-01,2025-02-01,ME5 BM4,2.8663,1,0.39374146,0.44271293,0.43940473,0.49503753,0.4818776,0.5112277,0.47984314,0.47404465,0.5112277
2025-01-01,2025-02-01,BIG HiBM,1.5499,1,0.49708784,0.48502874,0.5058288,0.49562985,0.47923812,0.5053816,0.49584857,0.48039627,0.5053816
2025-02-01,2025-03-01,SMALL LoBM,-13.9327,0,0.51542175,0.43193847,0.5176506,0.5004622,0.4677363,0.49903393,0.5027061,0.46057674,0.49903393
2025-02-01,2025-03-01,ME1 BM2,-11.8159,0,0.48410693,0.49793327,0.48014623,0.497832,0.51004714,0.5091256,0.49577326,0.5076244,0.5091256
2025-02-01,2025-03-01,ME1 BM3,-8.9412,0,0.56671435,0.38834006,0.59357595,0.50387216,0.4794406,0.50776637,0.5132985,0.4612205,0.50776637
2025-02-01,2025-03-01,ME1 BM4,-9.5956,0,0.4890118,0.5006963,0.5335232,0.49689183,0.47675607,0.4964039,0.49570984,0.4815441,0.4964039
2025-02-01,2025-03-01,SMALL HiBM,-6.6419,0,0.49416396,0.5343277,0.5717928,0.49853268,0.47655085,0.50228757,0.4978774,0.48810625,0.50228757
2025-02-01,2025-03-01,ME2 BM1,-8.2801,0,0.44212064,0.46156907,0.45165402,0.4998125,0.4982951,0.51111084,0.49115875,0.4909499,0.51111084
2025-02-01,2025-03-01,ME2 BM2,-7.152,0,0.47725043,0.4814235,0.5367048,0.49786454,0.4751,0.49858394,0.49477243,0.47636473,0.49858394
2025-02-01,2025-03-01,ME2 BM3,-8.4026,0,0.55581486,0.5185986,0.5833464,0.4951761,0.46477208,0.49533835,0.5042719,0.47553742,0.49533835
2025-02-01,2025-03-01,ME2 BM4,-6.0607,0,0.5267989,0.49932185,0.50499356,0.49736333,0.46867293,0.49268723,0.50177866,0.4748027,0.49268723
2025-02-01,2025-03-01,ME2 BM5,-7.2074,0,0.46374303,0.52762985,0.54027265,0.4996395,0.47298163,0.49259695,0.49425504,0.48391128,0.49259695
2025-02-01,2025-03-01,ME3 BM1,-7.451,0,0.50109607,0.4593463,0.48164165,0.4970301,0.47602987,0.49663466,0.49764,0.47269318,0.49663466
2025-02-01,2025-03-01,ME3 BM2,-6.8196,0,0.48582253,0.518251,0.513117,0.49937734,0.46863496,0.49728763,0.49734414,0.47855818,0.49728763
2025-02-01,2025-03-01,ME3 BM3,-6.3499,0,0.5052988,0.48736486,0.52027875,0.49685228,0.46923813,0.49714917,0.49811926,0.47286347,0.49714917
2025-02-01,2025-03-01,ME3 BM4,-5.5594,0,0.45257652,0.50948405,0.5189164,0.4996758,0.46415883,0.490851,0.49261093,0.4732239,0.490851
2025-02-01,2025-03-01,ME3 BM5,-4.4976,1,0.51140916,0.5174172,0.520342,0.4989215,0.47303072,0.4903562,0.50079465,0.48190802,0.4903562
2025-02-01,2025-03-01,ME4 BM1,-6.6421,0,0.42806196,0.45040968,0.51869327,0.49881315,0.47610855,0.4989124,0.4882005,0.47096878,0.4989124
2025-02-01,2025-03-01,ME4 BM2,-5.6898,0,0.506666,0.4543322,0.5429181,0.49705574,0.5015518,0.51310253,0.4984973,0.4921079,0.51310253
2025-02-01,2025-03-01,ME4 BM3,-3.5011,1,0.47879013,0.51269287,0.5258729,0.49885774,0.5004209,0.5086127,0.4958476,0.5028753,0.5086127
2025-02-01,2025-03-01,ME4 BM4,-6.433,0,0.4612151,0.42144907,0.47028795,0.49860132,0.48383462,0.50431275,0.4929934,0.47135752,0.50431275
2025-02-01,2025-03-01,ME4 BM5,-1.8059,1,0.52065337,0.5039322,0.5198789,0.500203,0.48245692,0.49964124,0.50327057,0.486752,0.49964124
2025-02-01,2025-03-01,BIG LoBM,-7.6633,0,0.54906327,0.43625978,0.5188657,0.50017226,0.4949532,0.51358706,0.5075059,0.48321453,0.51358706
2025-02-01,2025-03-01,ME5 BM2,-4.998,0,0.47373167,0.28790227,0.3661699,0.49970478,0.4899411,0.5183371,0.49580884,0.4495333,0.5183371
2025-02-01,2025-03-01,ME5 BM3,-0.1606,1,0.5130508,0.5087315,0.6011136,0.49692652,0.5012001,0.5165287,0.49934515,0.50270635,0.5165287
2025-02-01,2025-03-01,ME5 BM4,-2.1792,1,0.516667,0.4181853,0.520003,0.4997327,0.48924056,0.5069946,0.50227284,0.4750295,0.5069946
2025-02-01,2025-03-01,BIG HiBM,-6.3794,0,0.50223863,0.4129447,0.49305823,0.4981682,0.4853251,0.50208354,0.4987788,0.47084904,0.50208354
2025-03-01,2025-04-01,SMALL LoBM,0.5404,1,0.5525749,0.5252281,0.6373988,0.5041625,0.48038483,0.50530994,0.51142436,0.48935348,0.50530994
2025-03-01,2025-04-01,ME1 BM2,1.3625,1,0.42867693,0.48641646,0.4149574,0.50535583,0.49410468,0.512993,0.49385402,0.49256706,0.512993
2025-03-01,2025-04-01,ME1 BM3,1.1003,1,0.3779481,0.51046723,0.5345831,0.50185156,0.48008427,0.5062452,0.48326606,0.48616087,0.5062452
2025-03-01,2025-04-01,ME1 BM4,-0.5338,0,0.44342417,0.50588834,0.5188201,0.5014955,0.48429897,0.506584,0.4927848,0.48861685,0.506584
2025-03-01,2025-04-01,SMALL HiBM,-2.5258,0,0.35226023,0.44997507,0.39008775,0.49851158,0.49473184,0.51452583,0.47657388,0.4857805,0.51452583
2025-03-01,2025-04-01,ME2 BM1,0.6849,1,0.4525288,0.59466445,0.57219774,0.504878,0.47715628,0.5100492,0.4970256,0.5006579,0.5100492
2025-03-01,2025-04-01,ME2 BM2,-0.8872,0,0.35287702,0.58242637,0.51260346,0.50474286,0.49009305,0.50653654,0.48196298,0.5085597,0.50653654
2025-03-01,2025-04-01,ME2 BM3,-2.5679,0,0.36502576,0.59973747,0.50119406,0.5039157,0.47986254,0.5049945,0.48308226,0.5038375,0.5049945
2025-03-01,2025-04-01,ME2 BM4,-3.1839,0,0.39861292,0.54405826,0.54893833,0.5018569,0.48342252,0.50670624,0.48637035,0.49554968,0.50670624
2025-03-01,2025-04-01,ME2 BM5,-6.0647,0,0.39705697,0.49857867,0.5007266,0.4993365,0.48011294,0.5080217,0.48399457,0.4838061,0.5080217
2025-03-01,2025-04-01,ME3 BM1,-0.0449,0,0.38313404,0.50889206,0.5129646,0.507007,0.47841522,0.51156557,0.4884261,0.4845106,0.51156557
2025-03-01,2025-04-01,ME3 BM2,-2.5983,0,0.42827925,0.54345864,0.45499262,0.50522345,0.4972446,0.51350653,0.49368185,0.5064874,0.51350653
2025-03-01,2025-04-01,ME3 BM3,-3.8647,0,0.38707688,0.5319465,0.50116366,0.50116307,0.47588304,0.50894904,0.48405015,0.4870957,0.50894904
2025-03-01,2025-04-01,ME3 BM4,-5.1096,0,0.3808087,0.4465888,0.4206192,0.49952847,0.49128407,0.51203454,0.4817205,0.48234504,0.51203454
2025-03-01,2025-04-01,ME3 BM5,-4.1084,0,0.4171544,0.57381237,0.5656693,0.49642095,0.48206455,0.5090674,0.484531,0.50041413,0.5090674
2025-03-01,2025-04-01,ME4 BM1,-0.8766,0,0.43233496,0.44611275,0.43667722,0.5050577,0.47931957,0.5085908,0.4941493,0.4726782,0.5085908
2025-03-01,2025-04-01,ME4 BM2,-1.3156,0,0.42693993,0.43627262,0.37864688,0.5023752,0.47417763,0.50903165,0.4910599,0.46659663,0.50903165
2025-03-01,2025-04-01,ME4 BM3,-1.9393,0,0.4228863,0.54107815,0.44705942,0.50016946,0.51560366,0.52009714,0.488577,0.52069855,0.52009714
2025-03-01,2025-04-01,ME4 BM4,-3.9276,0,0.36382973,0.49948347,0.46649012,0.49907988,0.48573872,0.512491,0.47879237,0.4884877,0.512491
2025-03-01,2025-04-01,ME4 BM5,-7.0577,0,0.38236085,0.4844869,0.43714663,0.4959498,0.50815815,0.51590717,0.47891146,0.5034239,0.51590717
2025-03-01,2025-04-01,BIG LoBM,1.4106,1,0.4291467,0.48097897,0.50413126,0.50713503,0.49692965,0.51737595,0.4954368,0.49373952,0.51737595
2025-03-01,2025-04-01,ME5 BM2,-3.0112,0,0.38758415,0.44042417,0.3516721,0.503389,0.48297578,0.5030319,0.4860183,0.4744655,0.5030319
2025-03-01,2025-04-01,ME5 BM3,-7.3867,0,0.47149822,0.4822289,0.46470368,0.49691856,0.50178003,0.5110919,0.4931055,0.4978698,0.5110919
2025-03-01,2025-04-01,ME5 BM4,-1.3472,0,0.4413337,0.39871618,0.4643187,0.49641,0.5022664,0.51497483,0.48814857,0.48155636,0.51497483
2025-03-01,2025-04-01,BIG HiBM,-2.7941,0,0.4006367,0.49929172,0.41676313,0.49666867,0.4831536,0.50079226,0.4822639,0.48638123,0.50079226
2025-04-01,2025-05-01,SMALL LoBM,11.5622,1,0.58018035,0.48987153,0.5828088,0.49734184,0.48374078,0.50255704,0.50976765,0.48496693,0.50255704
2025-04-01,2025-05-01,ME1 BM2,5.63,0,0.4770064,0.5148943,0.544434,0.5028496,0.48711556,0.49922177,0.49897313,0.4926713,0.49922177
2025-04-01,2025-05-01,ME1 BM3,5.657,0,0.5681892,0.50879884,0.608922,0.5027163,0.47433215,0.4976066,0.51253724,0.4812255,0.4976066
2025-04-01,2025-05-01,ME1 BM4,4.2973,0,0.46909285,0.6534299,0.6085885,0.5026909,0.4746969,0.4975307,0.49765122,0.5104435,0.4975307
2025-04-01,2025-05-01,SMALL HiBM,5.7186,0,0.459932,0.5343288,0.55040056,0.5044465,0.47385016,0.49626786,0.49776936,0.4859459,0.49626786
2025-04-01,2025-05-01,ME2 BM1,4.1947,0,0.5277568,0.53689194,0.55671674,0.5015006,0.47901657,0.49938494,0.50543904,0.49059165,0.49938494
2025-04-01,2025-05-01,ME2 BM2,5.3029,0,0.5280249,0.5224335,0.58760947,0.5035867,0.4805444,0.49764696,0.50725245,0.4889222,0.49764696
2025-04-01,2025-05-01,ME2 BM3,6.9521,1,0.5249915,0.5008122,0.60323757,0.5021775,0.48289257,0.4970472,0.5055996,0.4864765,0.4970472
2025-04-01,2025-05-01,ME2 BM4,4.9887,0,0.58551496,0.51676327,0.60391885,0.50235486,0.48028436,0.49608988,0.5148289,0.48758015,0.49608988
2025-04-01,2025-05-01,ME2 BM5,5.3425,0,0.481872,0.46372864,0.5466399,0.50338525,0.47953567,0.4990762,0.5001583,0.47637427,0.4990762
2025-04-01,2025-05-01,ME3 BM1,4.9387,0,0.46100503,0.56113243,0.55350226,0.5022311,0.47471207,0.49913952,0.4960472,0.49199614,0.49913952
2025-04-01,2025-05-01,ME3 BM2,5.7256,0,0.50282806,0.4689714,0.5579001,0.50203794,0.48616877,0.50221586,0.5021565,0.48272932,0.50221586
2025-04-01,2025-05-01,ME3 BM3,4.3549,0,0.50125504,0.5076047,0.5414691,0.5024883,0.48732844,0.5009975,0.50230336,0.4913837,0.5009975
2025-04-01,2025-05-01,ME3 BM4,3.7107,0,0.55080277,0.46643314,0.5784288,0.5036622,0.48818377,0.5017586,0.5107333,0.48383364,0.5017586
2025-04-01,2025-05-01,ME3 BM5,5.4531,0,0.44933534,0.49355036,0.5585042,0.50471646,0.48800704,0.50024736,0.4964093,0.48911572,0.50024736
2025-04-01,2025-05-01,ME4 BM1,6.2577,0,0.56307834,0.49608156,0.53788656,0.50099206,0.49363503,0.5060308,0.51030505,0.49412435,0.5060308
2025-04-01,2025-05-01,ME4 BM2,5.1741,0,0.52098376,0.4963893,0.5427119,0.50277233,0.4741786,0.49911106,0.5055041,0.47862074,0.49911106
2025-04-01,2025-05-01,ME4 BM3,3.381,0,0.5228055,0.44421995,0.5483971,0.5035804,0.5040171,0.5125114,0.5064642,0.4920577,0.5125114
2025-04-01,2025-05-01,ME4 BM4,8.1175,1,0.4979582,0.52385914,0.5937294,0.5028064,0.49381727,0.50631535,0.5020792,0.49982566,0.50631535
2025-04-01,2025-05-01,ME4 BM5,6.5779,1,0.532027,0.55653167,0.534427,0.50311613,0.51453817,0.50801396,0.5074528,0.5229369,0.50801396
2025-04-01,2025-05-01,BIG LoBM,7.8077,1,0.5446561,0.4636526,0.63119507,0.5012121,0.48242992,0.51300347,0.5077287,0.47867447,0.51300347
2025-04-01,2025-05-01,ME5 BM2,6.1296,0,0.52015096,0.5070805,0.4515345,0.50022674,0.4677176,0.50238657,0.5032154,0.4755902,0.50238657
2025-04-01,2025-05-01,ME5 BM3,1.8407,0,0.41630718,0.43576846,0.4096195,0.5034489,0.50378734,0.50848514,0.49037766,0.4901836,0.50848514
2025-04-01,2025-05-01,ME5 BM4,2.6156,0,0.46901882,0.4640432,0.4329859,0.5025521,0.5160389,0.51359546,0.49752212,0.5056398,0.51359546
2025-04-01,2025-05-01,BIG HiBM,6.5684,0,0.5017947,0.4447836,0.5021022,0.5028454,0.48072878,0.4972393,0.5026878,0.47353974,0.4972393
2025-05-01,2025-06-01,SMALL LoBM,14.6852,1,0.42325574,0.5854309,0.49547103,0.50292766,0.46539527,0.51159567,0.4909769,0.4894024,0.51159567
2025-05-01,2025-06-01,ME1 BM2,5.6744,0,0.439028,0.46133423,0.52872247,0.5054083,0.4592449,0.5060478,0.49545124,0.4596628,0.5060478
2025-05-01,2025-06-01,ME1 BM3,8.9039,1,0.53869694,0.4219885,0.56248,0.50549614,0.46566412,0.5053997,0.5104763,0.456929,0.5053997
2025-05-01,2025-06-01,ME1 BM4,4.631,0,0.45484933,0.46636644,0.45784596,0.5041691,0.48086363,0.51099825,0.49677116,0.4779642,0.51099825
2025-05-01,2025-06-01,SMALL HiBM,5.5381,0,0.40696955,0.48950717,0.4752134,0.50182647,0.46660253,0.51126283,0.48759794,0.47118348,0.51126283
2025-05-01,2025-06-01,ME2 BM1,5.8682,0,0.45211452,0.49784195,0.50789446,0.5051726,0.46107513,0.5054289,0.4972139,0.4684285,0.5054289
2025-05-01,2025-06-01,ME2 BM2,6.6003,0,0.4962143,0.50516903,0.49890313,0.5027473,0.47487754,0.5061039,0.50176734,0.48093584,0.5061039
2025-05-01,2025-06-01,ME2 BM3,7.3193,1,0.42043108,0.47423923,0.5199025,0.50350106,0.47876918,0.5109692,0.4910406,0.47786322,0.5109692
2025-05-01,2025-06-01,ME2 BM4,5.5938,0,0.4206076,0.4613484,0.5322709,0.50110525,0.4781186,0.5102372,0.4890306,0.4747646,0.5102372
2025-05-01,2025-06-01,ME2 BM5,4.6573,0,0.42398545,0.49661618,0.560532,0.50076985,0.4796039,0.5133374,0.4892522,0.48300636,0.5133374
2025-05-01,2025-06-01,ME3 BM1,3.8802,0,0.44166905,0.49118766,0.50316554,0.50201476,0.46579334,0.5105034,0.4929629,0.47087222,0.5105034
2025-05-01,2025-06-01,ME3 BM2,3.8059,0,0.40118253,0.46025103,0.44445997,0.50213677,0.49579057,0.51407784,0.48699364,0.4886827,0.51407784
2025-05-01,2025-06-01,ME3 BM3,4.2193,0,0.43795118,0.52195936,0.47872782,0.5016582,0.48609182,0.5122644,0.49210215,0.49326533,0.5122644
2025-05-01,2025-06-01,ME3 BM4,3.1055,0,0.44528508,0.5996179,0.5928779,0.501192,0.49008983,0.51446086,0.49280596,0.51199543,0.51446086
2025-05-01,2025-06-01,ME3 BM5,5.0536,0,0.43857023,0.5109183,0.58478314,0.50100064,0.48591524,0.51153713,0.4916361,0.49091586,0.51153713
2025-05-01,2025-06-01,ME4 BM1,2.0351,0,0.52911484,0.42478588,0.52090955,0.5017912,0.48372322,0.50512743,0.5058898,0.47193578,0.50512743
2025-05-01,2025-06-01,ME4 BM2,4.3748,0,0.49801254,0.47245678,0.509269,0.5030191,0.46730614,0.51327735,0.50226814,0.46833628,0.51327735
2025-05-01,2025-06-01,ME4 BM3,2.3919,0,0.52207285,0.5104768,0.52364194,0.5022663,0.51396435,0.5225436,0.5052373,0.51326686,0.5225436
2025-05-01,2025-06-01,ME4 BM4,7.3815,1,0.5016451,0.50315183,0.58223933,0.50157565,0.47657257,0.51662886,0.5015861,0.48188844,0.51662886
2025-05-01,2025-06-01,ME4 BM5,5.8331,0,0.5913156,0.47832668,0.542845,0.50241154,0.49401692,0.5155976,0.5157472,0.49087888,0.5155976
2025-05-01,2025-06-01,BIG LoBM,5.5279,0,0.45507205,0.5094833,0.46658963,0.5046481,0.50656307,0.5218712,0.4972117,0.50714713,0.5218712
2025-05-01,2025-06-01,ME5 BM2,6.2451,0,0.3902768,0.49167767,0.3966997,0.50198686,0.48229426,0.5170158,0.4852304,0.48417094,0.5170158
2025-05-01,2025-06-01,ME5 BM3,4.7405,0,0.6130548,0.3521508,0.52048254,0.49858907,0.4770824,0.5157986,0.51575893,0.45209607,0.5157986
2025-05-01,2025-06-01,ME5 BM4,3.6424,0,0.39981332,0.4559699,0.49129152,0.5023705,0.49657574,0.51930845,0.4869869,0.48845458,0.51930845
2025-05-01,2025-06-01,BIG HiBM,7.0109,1,0.4562843,0.5522656,0.5173461,0.5015236,0.47950792,0.5113748,0.4947377,0.49405947,0.5113748
2025-06-01,2025-07-01,SMALL LoBM,1.5066,0,0.39210296,0.49373809,0.5314944,0.49784735,0.4922076,0.5267961,0.48198572,0.4925137,0.5267961
2025-06-01,2025-07-01,ME1 BM2,5.7227,1,0.4726984,0.49398947,0.49376824,0.49630612,0.4813241,0.5111604,0.49276498,0.48385718,0.5111604
2025-06-01,2025-07-01,ME1 BM3,0.7765,0,0.49017534,0.50945807,0.53578657,0.50085866,0.470239,0.50967956,0.49925616,0.47808284,0.50967956
2025-06-01,2025-07-01,ME1 BM4,2.0107,0,0.3635689,0.50405824,0.4564288,0.49523965,0.46951747,0.50610614,0.47548905,0.47642565,0.50610614
2025-06-01,2025-07-01,SMALL HiBM,1.012,0,0.42187914,0.46699497,0.48000014,0.49750552,0.4714748,0.5037998,0.48616156,0.47057882,0.5037998
2025-06-01,2025-07-01,ME2 BM1,1.7686,0,0.42292762,0.5343772,0.5156604,0.49807036,0.47798127,0.5035647,0.48679894,0.48926046,0.5035647
2025-06-01,2025-07-01,ME2 BM2,2.0155,0,0.47188675,0.47363883,0.5069949,0.49708617,0.4794544,0.5038924,0.49330628,0.47829127,0.5038924
2025-06-01,2025-07-01,ME2 BM3,2.5362,1,0.40171278,0.40353233,0.46573928,0.4957355,0.48203495,0.5147618,0.4816321,0.46633443,0.5147618
2025-06-01,2025-07-01,ME2 BM4,0.8892,0,0.37531456,0.48223695,0.4932043,0.49514621,0.48010114,0.5057275,0.47717148,0.4805283,0.5057275
2025-06-01,2025-07-01,ME2 BM5,1.7949,0,0.4379575,0.52211213,0.4919093,0.497359,0.46961218,0.50606906,0.4884488,0.48011217,0.50606906
2025-06-01,2025-07-01,ME3 BM1,2.1907,0,0.39270452,0.5025128,0.51254326,0.4923035,0.46632543,0.5060829,0.47736368,0.4735629,0.5060829
2025-06-01,2025-07-01,ME3 BM2,1.7233,0,0.34927124,0.47477275,0.42234635,0.49426436,0.4825709,0.5117373,0.4725154,0.48101127,0.5117373
2025-06-01,2025-07-01,ME3 BM3,1.3469,0,0.39429334,0.3970832,0.43357313,0.49605942,0.48206252,0.507746,0.48079452,0.46506664,0.507746
2025-06-01,2025-07-01,ME3 BM4,0.8744,0,0.41791013,0.48406297,0.44362262,0.49602547,0.48529115,0.5109092,0.48430818,0.48504552,0.5109092
2025-06-01,2025-07-01,ME3 BM5,2.6904,1,0.40726882,0.5105546,0.5025129,0.49650633,0.48307207,0.50675976,0.4831207,0.48856857,0.50675976
2025-06-01,2025-07-01,ME4 BM1,3.8119,1,0.43804237,0.43405008,0.4359032,0.49514875,0.48660997,0.5150726,0.48658282,0.476098,0.5150726
2025-06-01,2025-07-01,ME4 BM2,2.1776,0,0.42616865,0.4496804,0.47958767,0.49684945,0.48907906,0.514434,0.48624733,0.48119932,0.514434
2025-06-01,2025-07-01,ME4 BM3,0.7689,0,0.41907975,0.5260006,0.47542068,0.49701008,0.4994528,0.5186826,0.48532057,0.50476235,0.5186826
2025-06-01,2025-07-01,ME4 BM4,-0.1069,0,0.38875175,0.454168,0.46359423,0.49789557,0.4806239,0.5152068,0.48152402,0.47533274,0.5152068
2025-06-01,2025-07-01,ME4 BM5,-1.9303,0,0.4723559,0.43661097,0.44630986,0.4983503,0.48548925,0.5134382,0.49445114,0.4757136,0.5134382
2025-06-01,2025-07-01,BIG LoBM,3.2774,1,0.35048845,0.5714353,0.48637173,0.49146518,0.4947492,0.5203172,0.47031868,0.5100864,0.5203172
2025-06-01,2025-07-01,ME5 BM2,1.4143,0,0.48643422,0.45262614,0.5207988,0.49497247,0.47623953,0.5219996,0.49369174,0.47151688,0.5219996
2025-06-01,2025-07-01,ME5 BM3,1.2503,0,0.54192305,0.38166356,0.47165656,0.4920396,0.46720192,0.5074144,0.49952212,0.45009425,0.5074144
2025-06-01,2025-07-01,ME5 BM4,0.233,0,0.429755,0.40177643,0.45412806,0.4977853,0.48213586,0.5138417,0.48758078,0.46606398,0.5138417
2025-06-01,2025-07-01,BIG HiBM,-1.3744,0,0.35796192,0.50383365,0.43427268,0.4946434,0.47761416,0.50792927,0.47414118,0.48285806,0.50792927
2025-07-01,2025-08-01,SMALL LoBM,8.872,0,0.38154033,0.510372,0.3327721,0.48392174,0.53284574,0.53847516,0.46856454,0.528351,0.53847516
2025-07-01,2025-08-01,ME1 BM2,8.9555,0,0.3662286,0.6166909,0.46756208,0.4942007,0.48453283,0.5286989,0.4750049,0.51096445,0.5286989
2025-07-01,2025-08-01,ME1 BM3,9.5144,1,0.33457428,0.370685,0.24743643,0.49341288,0.48740134,0.5379442,0.46958712,0.46405807,0.5379442
2025-07-01,2025-08-01,ME1 BM4,9.1799,0,0.3136264,0.53455544,0.44076067,0.49692664,0.4753111,0.5280129,0.46943164,0.48715997,0.5280129
2025-07-01,2025-08-01,SMALL HiBM,10.0091,1,0.43724102,0.46393412,0.45293352,0.4983961,0.47478822,0.52893215,0.48922285,0.4726174,0.52893215
2025-07-01,2025-08-01,ME2 BM1,9.2309,1,0.42256188,0.49716645,0.5083645,0.49638325,0.4787792,0.524124,0.48531008,0.48245665,0.524124
2025-07-01,2025-08-01,ME2 BM2,5.3462,0,0.35940287,0.57885474,0.5305562,0.49586028,0.47949255,0.5277039,0.4753917,0.49936497,0.5277039
2025-07-01,2025-08-01,ME2 BM3,8.5203,0,0.34488446,0.46699476,0.39569256,0.49304035,0.4841184,0.5326234,0.47081697,0.4806937,0.5326234
2025-07-01,2025-08-01,ME2 BM4,8.3354,0,0.32840037,0.49472636,0.39156184,0.4977072,0.48296118,0.5306846,0.47231117,0.48531425,0.5306846
2025-07-01,2025-08-01,ME2 BM5,10.7331,1,0.36488765,0.523439,0.47644505,0.49770865,0.47612366,0.52691674,0.47778553,0.48558673,0.52691674
2025-07-01,2025-08-01,ME3 BM1,5.5051,0,0.41366345,0.4745689,0.4670082,0.49558964,0.48871925,0.5235482,0.48330072,0.4858892,0.5235482
2025-07-01,2025-08-01,ME3 BM2,4.4855,0,0.40460148,0.4820702,0.46740848,0.49513572,0.48482522,0.5216715,0.4815556,0.4842742,0.5216715
2025-07-01,2025-08-01,ME3 BM3,5.7111,0,0.44406575,0.5159819,0.5062181,0.49840713,0.4876456,0.5259068,0.49025592,0.49331287,0.5259068
2025-07-01,2025-08-01,ME3 BM4,5.9837,0,0.40988564,0.50781286,0.46994424,0.49970245,0.49617302,0.52939916,0.48622996,0.498501,0.52939916
2025-07-01,2025-08-01,ME3 BM5,9.7169,1,0.29933858,0.55085295,0.43210596,0.49840838,0.48516378,0.5290433,0.46854794,0.49830163,0.5290433
2025-07-01,2025-08-01,ME4 BM1,3.3775,0,0.44620806,0.45827627,0.4701373,0.49398944,0.48987794,0.5221741,0.48682225,0.4835576,0.5221741
2025-07-01,2025-08-01,ME4 BM2,1.6166,0,0.45034084,0.40531248,0.4881611,0.49675393,0.4969089,0.5264218,0.489792,0.47858962,0.5264218
2025-07-01,2025-08-01,ME4 BM3,2.3779,0,0.50686896,0.50602454,0.50303984,0.49758548,0.47928798,0.5178262,0.49897802,0.4846353,0.5178262
2025-07-01,2025-08-01,ME4 BM4,5.8848,0,0.38646203,0.50334173,0.41737956,0.49216655,0.48763436,0.5286679,0.47631088,0.49077582,0.5286679
2025-07-01,2025-08-01,ME4 BM5,7.1342,0,0.46644047,0.4801595,0.48133335,0.4941763,0.4811375,0.5242857,0.49001595,0.48094192,0.5242857
2025-07-01,2025-08-01,BIG LoBM,1.1724,0,0.52830905,0.5002856,0.55302685,0.49070746,0.48595142,0.5269388,0.49634773,0.48881826,0.5269388
2025-07-01,2025-08-01,ME5 BM2,1.2003,0,0.44729978,0.46094996,0.4661534,0.49127686,0.4826381,0.5275476,0.4846803,0.47830048,0.5275476
2025-07-01,2025-08-01,ME5 BM3,3.0575,0,0.5028048,0.46941528,0.4679152,0.49127644,0.4932497,0.5282239,0.4930057,0.48848283,0.5282239
2025-07-01,2025-08-01,ME5 BM4,5.4262,0,0.5020375,0.57429063,0.37009192,0.49686286,0.47756317,0.52498555,0.4976391,0.49690866,0.52498555
2025-07-01,2025-08-01,BIG HiBM,9.0799,0,0.38591698,0.4864773,0.41475806,0.4890176,0.48183864,0.5293101,0.47355253,0.4827664,0.5293101
2025-08-01,2025-09-01,SMALL LoBM,5.0034,1,0.4918673,0.4194654,0.51472175,0.5028249,0.49157992,0.5046176,0.5011813,0.47715703,0.5046176
2025-08-01,2025-09-01,ME1 BM2,3.6843,1,0.44294754,0.5165828,0.5046915,0.50009507,0.4667004,0.50040627,0.49152297,0.47667688,0.50040627
2025-08-01,2025-09-01,ME1 BM3,6.593,1,0.5688192,0.49112824,0.586584,0.50293183,0.46016017,0.49434516,0.512815,0.4663538,0.49434516
2025-08-01,2025-09-01,ME1 BM4,1.6755,0,0.50004095,0.49571228,0.5030208,0.50416285,0.4816375,0.5040568,0.50354457,0.4844525,0.5040568
2025-08-01,2025-09-01,SMALL HiBM,1.7865,0,0.571596,0.52937543,0.5628045,0.5033153,0.5013993,0.50475436,0.51355743,0.50699455,0.50475436
2025-08-01,2025-09-01,ME2 BM1,1.5671,0,0.4615656,0.49452734,0.50553054,0.5041324,0.47909635,0.49611214,0.4977474,0.48218256,0.49611214
2025-08-01,2025-09-01,ME2 BM2,2.4403,0,0.5209197,0.48513395,0.5630634,0.5029062,0.475786,0.492538,0.50560826,0.4776556,0.492538
2025-08-01,2025-09-01,ME2 BM3,2.6198,0,0.50524,0.4756423,0.5182758,0.5046975,0.4743665,0.49565482,0.5047789,0.47462165,0.49565482
2025-08-01,2025-09-01,ME2 BM4,-1.4329,0,0.5356159,0.4497767,0.5429208,0.5030961,0.48338103,0.49907523,0.5079741,0.4766602,0.49907523
2025-08-01,2025-09-01,ME2 BM5,-1.2276,0,0.55491287,0.501065,0.54173845,0.5046544,0.4836844,0.50016636,0.5121932,0.4871605,0.50016636
2025-08-01,2025-09-01,ME3 BM1,3.0089,0,0.50315845,0.47922778,0.5257785,0.5038046,0.48632872,0.49449995,0.5037077,0.48490852,0.49449995
2025-08-01,2025-09-01,ME3 BM2,-0.5704,0,0.49594498,0.4968904,0.5008679,0.5038736,0.48574728,0.50100803,0.50268435,0.4879759,0.50100803
2025-08-01,2025-09-01,ME3 BM3,-1.1558,0,0.49797085,0.49207586,0.49189302,0.5040527,0.4865771,0.49987954,0.50314045,0.48767686,0.49987954
2025-08-01,2025-09-01,ME3 BM4,1.4888,0,0.5569812,0.4761913,0.5273143,0.5038334,0.48658288,0.5031528,0.5118056,0.48450458,0.5031528
2025-08-01,2025-09-01,ME3 BM5,1.3145,0,0.56232333,0.49358055,0.5292049,0.50382435,0.48501337,0.4978737,0.51259923,0.48672682,0.4978737
2025-08-01,2025-09-01,ME4 BM1,-1.5764,0,0.48120642,0.4705534,0.4850159,0.50283647,0.489218,0.49919182,0.49959198,0.48548508,0.49919182
2025-08-01,2025-09-01,ME4 BM2,1.9338,0,0.5053245,0.41105384,0.45528546,0.5028573,0.47976622,0.49358207,0.5032274,0.46602377,0.49358207
2025-08-01,2025-09-01,ME4 BM3,2.6965,0,0.4293925,0.6762511,0.45947522,0.5035887,0.46897683,0.49817258,0.49245927,0.5104317,0.49817258
2025-08-01,2025-09-01,ME4 BM4,-1.0616,0,0.4665745,0.4982254,0.5059292,0.5049802,0.48318875,0.49890178,0.49921936,0.48619607,0.49890178
2025-08-01,2025-09-01,ME4 BM5,-1.1749,0,0.54509526,0.53802353,0.56034124,0.5043778,0.49638185,0.50230503,0.5104854,0.5047102,0.50230503
2025-08-01,2025-09-01,BIG LoBM,5.5558,1,0.4344037,0.47618905,0.55239516,0.50453293,0.475999,0.49862564,0.49401355,0.47603703,0.49862564
2025-08-01,2025-09-01,ME5 BM2,0.7702,0,0.48506942,0.45741835,0.45254347,0.50714844,0.48313087,0.5000758,0.50383663,0.4779884,0.5000758
2025-08-01,2025-09-01,ME5 BM3,2.7883,0,0.587745,0.49023756,0.5551826,0.5028123,0.49810645,0.5039419,0.5155522,0.49653268,0.5039419
2025-08-01,2025-09-01,ME5 BM4,0.2281,0,0.45371056,0.44705948,0.3675309,0.5068087,0.47123525,0.49911022,0.498844,0.4664001,0.49911022
2025-08-01,2025-09-01,BIG HiBM,9.7883,1,0.5087441,0.5430985,0.572648,0.5042491,0.4840246,0.5019181,0.50492334,0.49583942,0.5019181
2025-09-01,2025-10-01,SMALL LoBM,1.7556,0,0.58718354,0.5528869,0.64835656,0.49223265,0.5095835,0.52749914,0.50647527,0.51824415,0.52749914
2025-09-01,2025-10-01,ME1 BM2,4.1783,1,0.4571895,0.470734,0.52854586,0.49390635,0.48150545,0.51315963,0.48839882,0.47935116,0.51315963
2025-09-01,2025-10-01,ME1 BM3,4.4598,1,0.55322534,0.50237215,0.5643305,0.49395064,0.4775361,0.5201248,0.50284183,0.48250335,0.5201248
2025-09-01,2025-10-01,ME1 BM4,-0.7773,0,0.5747539,0.49627712,0.5542477,0.49444285,0.48790315,0.51728225,0.5064895,0.48957795,0.51728225
2025-09-01,2025-10-01,SMALL HiBM,-0.61,0,0.5752653,0.5611891,0.60121727,0.49520636,0.4877737,0.51694524,0.5072152,0.5024568,0.51694524
2025-09-01,2025-10-01,ME2 BM1,3.3873,0,0.51913315,0.4343287,0.5125052,0.4944356,0.48341998,0.5136367,0.49814025,0.47360176,0.5136367
2025-09-01,2025-10-01,ME2 BM2,5.2954,1,0.56668127,0.52138156,0.55817276,0.49030778,0.47024584,0.5069633,0.5017638,0.48047298,0.5069633
2025-09-01,2025-10-01,ME2 BM3,2.0768,0,0.5249243,0.4553631,0.5412741,0.49464953,0.48275182,0.51316,0.49919075,0.4772741,0.51316
2025-09-01,2025-10-01,ME2 BM4,-2.8918,0,0.5115569,0.42485887,0.4702122,0.49364057,0.48496217,0.51207125,0.49632806,0.47294152,0.51207125
2025-09-01,2025-10-01,ME2 BM5,-0.5503,0,0.51062685,0.5627047,0.59988636,0.49732992,0.48759922,0.51955783,0.49932447,0.50262034,0.51955783
2025-09-01,2025-10-01,ME3 BM1,2.2139,0,0.4985141,0.46053106,0.4746942,0.49249074,0.4891676,0.51429605,0.49339426,0.4834403,0.51429605
2025-09-01,2025-10-01,ME3 BM2,-0.478,0,0.47018752,0.49834916,0.4606579,0.49125367,0.46710932,0.5041147,0.48809376,0.47335732,0.5041147
2025-09-01,2025-10-01,ME3 BM3,-2.089,0,0.51110417,0.50835854,0.5227509,0.491433,0.46919563,0.5089724,0.4943837,0.47702825,0.5089724
2025-09-01,2025-10-01,ME3 BM4,-1.3387,0,0.52075744,0.38324082,0.42974007,0.49213383,0.4885697,0.5121738,0.4964274,0.46750394,0.5121738
2025-09-01,2025-10-01,ME3 BM5,-2.5319,0,0.55281794,0.4345055,0.4795051,0.4946425,0.48579076,0.51405215,0.50336885,0.47553372,0.51405215
2025-09-01,2025-10-01,ME4 BM1,1.2363,0,0.53283894,0.48938993,0.5238853,0.48967594,0.46897495,0.50296474,0.4961504,0.47305796,0.50296474
2025-09-01,2025-10-01,ME4 BM2,1.1414,0,0.5013648,0.43826777,0.46470657,0.48838457,0.48002496,0.50527763,0.49033162,0.47167352,0.50527763
2025-09-01,2025-10-01,ME4 BM3,0.7901,0,0.45776543,0.5180676,0.4492142,0.4872478,0.47699842,0.5060469,0.48282546,0.48521227,0.5060469
2025-09-01,2025-10-01,ME4 BM4,-1.9959,0,0.49102235,0.4739663,0.481924,0.4912832,0.47702482,0.5037433,0.49124408,0.47641313,0.5037433
2025-09-01,2025-10-01,ME4 BM5,-3.8438,0,0.5195297,0.4814477,0.56376237,0.4926878,0.4843237,0.5081968,0.49671412,0.48374853,0.5081968
2025-09-01,2025-10-01,BIG LoBM,3.819,1,0.5106769,0.4928913,0.5238082,0.48923773,0.5115229,0.5127153,0.4924536,0.5077966,0.5127153
2025-09-01,2025-10-01,ME5 BM2,1.3658,0,0.45355594,0.38531202,0.38051188,0.49128184,0.47212452,0.5107106,0.48562297,0.454762,0.5107106
2025-09-01,2025-10-01,ME5 BM3,0.7666,0,0.5518118,0.55944437,0.5832475,0.48808458,0.49607083,0.509125,0.49764368,0.50874555,0.509125
2025-09-01,2025-10-01,ME5 BM4,-2.213,0,0.52831835,0.38558164,0.3058445,0.49043453,0.48395988,0.5074896,0.49611712,0.46428424,0.5074896
2025-09-01,2025-10-01,BIG HiBM,5.6126,1,0.5056695,0.42600226,0.46892717,0.4931941,0.48614657,0.5129361,0.49506542,0.47411773,0.5129361
2025-10-01,2025-11-01,SMALL LoBM,-4.6465,0,0.53775054,0.5078165,0.60624105,0.5066505,0.48771474,0.4873595,0.5113155,0.4917351,0.4873595
2025-10-01,2025-11-01,ME1 BM2,6.5423,1,0.48915985,0.53427595,0.56752896,0.50740963,0.47644162,0.49707472,0.50467217,0.4880085,0.49707472
2025-10-01,2025-11-01,ME1 BM3,0.5269,0,0.6100591,0.56523395,0.6275873,0.50821143,0.47803614,0.49637347,0.52348864,0.4954757,0.49637347
2025-10-01,2025-11-01,ME1 BM4,3.5144,0,0.57480913,0.45174226,0.5759582,0.50638044,0.46542814,0.49892202,0.5166448,0.46269098,0.49892202
2025-10-01,2025-11-01,SMALL HiBM,3.6545,0,0.5216077,0.46465814,0.44456458,0.5082241,0.49300495,0.50216407,0.5102317,0.4873356,0.50216407
2025-10-01,2025-11-01,ME2 BM1,-1.3963,0,0.62441844,0.48400164,0.5965238,0.5069166,0.47173253,0.49886328,0.52454185,0.47418636,0.49886328
2025-10-01,2025-11-01,ME2 BM2,4.2102,0,0.57976377,0.4597378,0.57702583,0.50551873,0.46622273,0.49871978,0.5166555,0.46492574,0.49871978
2025-10-01,2025-11-01,ME2 BM3,2.7339,0,0.5417446,0.5160195,0.5761463,0.50608826,0.46573955,0.49751806,0.5114367,0.47579557,0.49751806
2025-10-01,2025-11-01,ME2 BM4,2.2557,0,0.58950603,0.45335254,0.56421584,0.50818974,0.46871173,0.5030127,0.5203872,0.4656399,0.5030127
2025-10-01,2025-11-01,ME2 BM5,3.5127,0,0.4712268,0.4978692,0.50543,0.5078676,0.46596932,0.5027467,0.5023715,0.47234932,0.5027467
2025-10-01,2025-11-01,ME3 BM1,1.7482,0,0.5654734,0.3497932,0.49417764,0.50588095,0.4812552,0.5034734,0.5148198,0.4549628,0.5034734
2025-10-01,2025-11-01,ME3 BM2,1.0718,0,0.6220892,0.4918161,0.57786924,0.5050227,0.46743408,0.5045538,0.5225827,0.47231048,0.5045538
2025-10-01,2025-11-01,ME3 BM3,2.8548,0,0.50727975,0.46040255,0.5103235,0.50723815,0.46663794,0.505402,0.5072444,0.46539086,0.505402
2025-10-01,2025-11-01,ME3 BM4,4.2392,1,0.524935,0.47061285,0.5062427,0.5062876,0.4697257,0.5007192,0.5090847,0.4699031,0.5007192
2025-10-01,2025-11-01,ME3 BM5,3.3502,0,0.54072446,0.46249437,0.5457208,0.5068488,0.47592828,0.50041056,0.51193017,0.4732415,0.50041056
2025-10-01,2025-11-01,ME4 BM1,-2.2749,0,0.47757006,0.47991812,0.5262334,0.50597525,0.47301552,0.5017949,0.50171447,0.47439605,0.5017949
2025-10-01,2025-11-01,ME4 BM2,1.8503,0,0.5624598,0.41169232,0.4598831,0.50483954,0.48161566,0.49071681,0.5134826,0.46763098,0.49071681
2025-10-01,2025-11-01,ME4 BM3,4.8564,1,0.5425367,0.4256873,0.3307336,0.5056106,0.47952607,0.4963831,0.5111495,0.4687583,0.4963831
2025-10-01,2025-11-01,ME4 BM4,5.2554,1,0.5309175,0.48178968,0.5408201,0.50939184,0.4699668,0.5021939,0.5126207,0.47233137,0.5021939
2025-10-01,2025-11-01,ME4 BM5,4.5621,1,0.558359,0.5220016,0.53751713,0.5100018,0.46951738,0.5037326,0.51725537,0.48001423,0.5037326
2025-10-01,2025-11-01,BIG LoBM,-1.0383,0,0.49464867,0.4926777,0.53583515,0.5090235,0.49766722,0.50257385,0.5068673,0.49666932,0.50257385
2025-10-01,2025-11-01,ME5 BM2,0.3071,0,0.4091873,0.41298234,0.4262107,0.5049199,0.4732986,0.49743706,0.49056,0.46123537,0.49743706
2025-10-01,2025-11-01,ME5 BM3,2.2375,0,0.54220194,0.49385282,0.53875047,0.5068329,0.47524342,0.50028,0.51213825,0.4789653,0.50028
2025-10-01,2025-11-01,ME5 BM4,3.9767,0,0.5768736,0.51272905,0.47867343,0.5079045,0.47863987,0.5008265,0.51824987,0.48545772,0.5008265
2025-10-01,2025-11-01,BIG HiBM,2.6288,0,0.51193744,0.50177765,0.5461546,0.5027914,0.4840769,0.49797088,0.5041633,0.48761705,0.49797088
2025-11-01,2025-12-01,SMALL LoBM,0.2815,0,0.39572483,0.5432598,0.51121104,0.5020137,0.48430195,0.51308465,0.48607036,0.49609354,0.51308465
2025-11-01,2025-12-01,ME1 BM2,1.3821,0,0.48333982,0.49947983,0.53803045,0.50437164,0.47319603,0.5030998,0.5012169,0.4784528,0.5030998
2025-11-01,2025-12-01,ME1 BM3,-1.5678,0,0.47265506,0.48538983,0.5548157,0.5025426,0.4746534,0.50128543,0.4980595,0.47680068,0.50128543
2025-11-01,2025-12-01,ME1 BM4,1.7159,0,0.46509108,0.47072122,0.52433205,0.5011659,0.47210997,0.5121289,0.49575472,0.47183225,0.5121289
2025-11-01,2025-12-01,SMALL HiBM,0.999,0,0.42360955,0.48671618,0.42314324,0.49824432,0.47534674,0.5131545,0.48704913,0.47762063,0.5131545
2025-11-01,2025-12-01,ME2 BM1,2.7014,1,0.45775282,0.47117937,0.49428758,0.5050358,0.47400665,0.5027244,0.4979434,0.47344118,0.5027244
2025-11-01,2025-12-01,ME2 BM2,1.0433,0,0.43807414,0.3865167,0.4170105,0.5072323,0.48533782,0.5205611,0.4968586,0.4655736,0.5205611
2025-11-01,2025-12-01,ME2 BM3,0.1052,0,0.4179023,0.49510813,0.42057142,0.50357187,0.4957584,0.5140419,0.49072143,0.49562836,0.5140419
2025-11-01,2025-12-01,ME2 BM4,2.6181,1,0.3456557,0.4189381,0.37082607,0.5004642,0.47372374,0.508044,0.47724295,0.46276662,0.508044
2025-11-01,2025-12-01,ME2 BM5,-0.8786,0,0.33758876,0.4610949,0.39895836,0.50114596,0.47230724,0.509482,0.4766124,0.47006476,0.509482
2025-11-01,2025-12-01,ME3 BM1,-2.6473,0,0.39653787,0.44359618,0.4126002,0.50383866,0.4816428,0.51292825,0.48774356,0.4740335,0.51292825
2025-11-01,2025-12-01,ME3 BM2,0.008,0,0.39716122,0.4758393,0.34744114,0.5022869,0.48193717,0.50902885,0.48651809,0.4807176,0.50902885
2025-11-01,2025-12-01,ME3 BM3,-0.3074,0,0.32583976,0.43739676,0.34402546,0.5005734,0.4807614,0.5070075,0.47436336,0.4720885,0.5070075
2025-11-01,2025-12-01,ME3 BM4,-1.0705,0,0.46086958,0.46110985,0.42505947,0.49907795,0.4771691,0.51053596,0.49334672,0.47395727,0.51053596
2025-11-01,2025-12-01,ME3 BM5,2.4044,0,0.3748334,0.37634012,0.2981125,0.49796516,0.49886528,0.5139748,0.4794954,0.47436026,0.5139748
2025-11-01,2025-12-01,ME4 BM1,0.3479,0,0.48365176,0.44452354,0.3687515,0.50464773,0.4806229,0.5120324,0.50149834,0.47340304,0.5120324
2025-11-01,2025-12-01,ME4 BM2,-0.1126,0,0.42282102,0.54820657,0.39014915,0.5024935,0.48433384,0.51231194,0.49054265,0.4971084,0.51231194
2025-11-01,2025-12-01,ME4 BM3,2.1711,0,0.4591115,0.4972702,0.4058069,0.49934873,0.48004866,0.50858015,0.49331316,0.48349297,0.50858015
2025-11-01,2025-12-01,ME4 BM4,1.1429,0,0.33497202,0.47822213,0.38919616,0.49801084,0.47523677,0.50727105,0.47355503,0.47583383,0.50727105
2025-11-01,2025-12-01,ME4 BM5,3.827,1,0.49204716,0.45929733,0.5345114,0.49844548,0.48164928,0.5100959,0.49748576,0.4771789,0.5100959
2025-11-01,2025-12-01,BIG LoBM,-0.6739,0,0.43475315,0.5171721,0.58066684,0.50190836,0.502053,0.5182439,0.4918351,0.5050768,0.5182439
2025-11-01,2025-12-01,ME5 BM2,0.3489,0,0.38861644,0.34184185,0.38110897,0.49698448,0.47867244,0.5060985,0.4807293,0.45130634,0.5060985
2025-11-01,2025-12-01,ME5 BM3,2.819,1,0.5863018,0.40754056,0.47310576,0.49931687,0.48648626,0.5132718,0.5123646,0.4706971,0.5132718
2025-11-01,2025-12-01,ME5 BM4,1.19,0,0.543273,0.50166667,0.51331717,0.4964854,0.47982764,0.5068668,0.50350356,0.48419544,0.5068668
2025-11-01,2025-12-01,BIG HiBM,4.2624,1,0.46714866,0.4542363,0.5368573,0.4999012,0.47503847,0.5046364,0.49498832,0.47087803,0.5046364
2025-12-01,2026-01-01,SMALL LoBM,6.6674,1,0.43245214,0.536208,0.5397541,0.50371003,0.48162353,0.5058508,0.49302137,0.49254042,0.5058508
2025-12-01,2026-01-01,ME1 BM2,0.9116,0,0.29806978,0.52200365,0.45960584,0.5021422,0.47357553,0.50164986,0.47153133,0.48326117,0.50164986
2025-12-01,2026-01-01,ME1 BM3,4.1966,0,0.47287783,0.45837685,0.53635645,0.502831,0.47319067,0.5044557,0.498338,0.4702279,0.5044557
2025-12-01,2026-01-01,ME1 BM4,5.0291,0,0.41356456,0.48019427,0.46725225,0.5025599,0.46769193,0.5076094,0.48921064,0.4701924,0.5076094
2025-12-01,2026-01-01,SMALL HiBM,5.8913,0,0.43740347,0.55776227,0.5014944,0.5009767,0.5011326,0.51402396,0.4914407,0.51245856,0.51402396
2025-12-01,2026-01-01,ME2 BM1,1.1545,0,0.5957776,0.48095447,0.5446265,0.49813172,0.47167516,0.50679916,0.5127786,0.47353104,0.50679916
2025-12-01,2026-01-01,ME2 BM2,4.8183,0,0.34219283,0.34099463,0.37369436,0.50089943,0.46172392,0.51631093,0.47709346,0.43757805,0.51631093
2025-12-01,2026-01-01,ME2 BM3,6.681,1,0.3428232,0.4646778,0.42794654,0.50156957,0.47833645,0.4959672,0.47775763,0.47560474,0.4959672
2025-12-01,2026-01-01,ME2 BM4,7.5831,1,0.38494998,0.48597607,0.45676002,0.50192606,0.47019842,0.5111654,0.48437968,0.47335395,0.5111654
2025-12-01,2026-01-01,ME2 BM5,8.3002,1,0.37455672,0.47496164,0.46323574,0.50353086,0.48991552,0.5153558,0.48418477,0.48692477,0.5153558
2025-12-01,2026-01-01,ME3 BM1,3.9998,0,0.36681503,0.3712961,0.31165868,0.50226396,0.47180644,0.5092359,0.48194665,0.45170438,0.5092359
2025-12-01,2026-01-01,ME3 BM2,5.6047,0,0.3681275,0.37331635,0.37482205,0.50096714,0.47991487,0.5068383,0.4810412,0.4585952,0.5068383
2025-12-01,2026-01-01,ME3 BM3,4.7156,0,0.37731895,0.41519853,0.38430318,0.50213873,0.4700838,0.50958455,0.48341578,0.45910674,0.50958455
2025-12-01,2026-01-01,ME3 BM4,8.2187,1,0.4677754,0.46710002,0.562303,0.50345427,0.47738388,0.51850677,0.49810246,0.4753271,0.51850677
2025-12-01,2026-01-01,ME3 BM5,4.8593,0,0.31394663,0.48215878,0.45727643,0.5036398,0.47087416,0.5105772,0.47518584,0.4731311,0.5105772
2025-12-01,2026-01-01,ME4 BM1,0.271,0,0.41651934,0.34240362,0.36923912,0.49939448,0.46994177,0.51286805,0.48696324,0.44443414,0.51286805
2025-12-01,2026-01-01,ME4 BM2,4.9754,0,0.3978166,0.4188949,0.42314622,0.5010048,0.47802082,0.5048741,0.48552662,0.46619564,0.5048741
2025-12-01,2026-01-01,ME4 BM3,4.4762,0,0.4268159,0.4220256,0.33102897,0.50149596,0.46361926,0.5096047,0.49029398,0.45530054,0.5096047
2025-12-01,2026-01-01,ME4 BM4,6.386,0,0.3735284,0.4755741,0.42973194,0.5034781,0.47802788,0.5014152,0.48398566,0.47753713,0.5014152
2025-12-01,2026-01-01,ME4 BM5,5.7044,0,0.47488773,0.4913342,0.50903714,0.5022181,0.493771,0.51719606,0.49811858,0.49328363,0.51719606
2025-12-01,2026-01-01,BIG LoBM,-0.2591,0,0.4933,0.58085036,0.51774865,0.49741352,0.52102876,0.51309097,0.4967965,0.5329931,0.51309097
2025-12-01,2026-01-01,ME5 BM2,2.1192,0,0.39626902,0.40654686,0.41663626,0.5003572,0.47946844,0.5034473,0.48474398,0.46488413,0.5034473
2025-12-01,2026-01-01,ME5 BM3,6.2308,0,0.4349647,0.49229348,0.537267,0.5050987,0.49367774,0.5213908,0.4945786,0.4934009,0.5213908
2025-12-01,2026-01-01,ME5 BM4,2.0611,0,0.46130008,0.47907352,0.36599275,0.50212425,0.48589486,0.5239475,0.49600065,0.4845306,0.5239475
2025-12-01,2026-01-01,BIG HiBM,4.166,0,0.48502785,0.38040066,0.48287946,0.5046796,0.47777253,0.51012605,0.5017319,0.45829818,0.51012605
2026-01-01,2026-02-01,SMALL LoBM,-4.0986,0,0.38463494,0.51687837,0.5530065,0.5050242,0.4695549,0.4925732,0.4869658,0.4790196,0.4925732
2026-01-01,2026-02-01,ME1 BM2,2.4008,0,0.43703032,0.42875865,0.5573187,0.5035981,0.47735044,0.49619278,0.49361295,0.4676321,0.49619278
2026-01-01,2026-02-01,ME1 BM3,0.0104,0,0.5254503,0.48744574,0.6077926,0.5043961,0.47054547,0.5015423,0.50755423,0.47392553,0.5015423
2026-01-01,2026-02-01,ME1 BM4,1.2797,0,0.49170464,0.47449327,0.5823963,0.5036417,0.47251442,0.4967499,0.5018512,0.47291023,0.4967499
2026-01-01,2026-02-01,SMALL HiBM,2.103,0,0.4646897,0.4607901,0.5077326,0.50579596,0.4945443,0.5027368,0.49963003,0.48779348,0.5027368
2026-01-01,2026-02-01,ME2 BM1,-0.1138,0,0.43261808,0.47125244,0.5642401,0.501921,0.47079659,0.4951547,0.49152556,0.47088778,0.4951547
2026-01-01,2026-02-01,ME2 BM2,-0.8251,0,0.40673158,0.51296234,0.5341853,0.50463855,0.48122448,0.4989317,0.4899525,0.48757204,0.4989317
2026-01-01,2026-02-01,ME2 BM3,2.282,0,0.40342608,0.5013903,0.5005439,0.50390464,0.477315,0.49385977,0.48883286,0.48213005,0.49385977
2026-01-01,2026-02-01,ME2 BM4,1.8037,0,0.47214213,0.47890317,0.5702656,0.50253594,0.47455126,0.4945588,0.49797687,0.47542167,0.4945588
2026-01-01,2026-02-01,ME2 BM5,1.6291,0,0.41079137,0.47177476,0.4692894,0.50542796,0.47427154,0.5030427,0.49123248,0.4737722,0.5030427
2026-01-01,2026-02-01,ME3 BM1,3.2609,1,0.46039993,0.458792,0.4608546,0.50329375,0.4721249,0.49498382,0.4968597,0.46945834,0.49498382
2026-01-01,2026-02-01,ME3 BM2,2.7914,0,0.42421222,0.43490392,0.47616175,0.50524795,0.48255333,0.49566466,0.4930926,0.47302347,0.49566466
2026-01-01,2026-02-01,ME3 BM3,3.1715,1,0.3926736,0.47845572,0.4675034,0.5054059,0.47954312,0.50068724,0.48849607,0.47932565,0.50068724
2026-01-01,2026-02-01,ME3 BM4,2.8006,0,0.46589443,0.5032659,0.5124554,0.5065327,0.49097124,0.50563574,0.500437,0.4934302,0.50563574
2026-01-01,2026-02-01,ME3 BM5,0.8183,0,0.45047477,0.5584803,0.5291266,0.5059485,0.50408673,0.502605,0.49762744,0.5149654,0.502605
2026-01-01,2026-02-01,ME4 BM1,-1.0654,0,0.45742947,0.44895768,0.4414797,0.5048845,0.47030774,0.4955123,0.49776626,0.46603772,0.4955123
2026-01-01,2026-02-01,ME4 BM2,5.2847,1,0.46755812,0.48700848,0.30990076,0.5057715,0.470842,0.5059645,0.5000395,0.47407532,0.5059645
2026-01-01,2026-02-01,ME4 BM3,4.1865,1,0.4655271,0.41367435,0.40144303,0.50666183,0.46688735,0.4979765,0.5004916,0.45624477,0.4979765
2026-01-01,2026-02-01,ME4 BM4,3.9867,1,0.38860103,0.54007727,0.42373282,0.5041472,0.48124346,0.50035447,0.48681527,0.49301022,0.50035447
2026-01-01,2026-02-01,ME4 BM5,2.958,0,0.4710009,0.53088653,0.5010594,0.50386894,0.5016389,0.5025374,0.49893874,0.5074884,0.5025374
2026-01-01,2026-02-01,BIG LoBM,-3.0626,0,0.5083879,0.49096158,0.5690274,0.5071722,0.48401186,0.5038576,0.5073546,0.4854018,0.5038576
2026-01-01,2026-02-01,ME5 BM2,2.4614,0,0.48488683,0.42306897,0.34454685,0.5046314,0.4731913,0.5074182,0.5016697,0.46316683,0.5074182
2026-01-01,2026-02-01,ME5 BM3,2.7392,0,0.58100444,0.50567204,0.5193066,0.50649595,0.48650607,0.49842647,0.51767224,0.49033928,0.49842647
2026-01-01,2026-02-01,ME5 BM4,2.1192,0,0.467201,0.5525166,0.50344515,0.50749755,0.5023849,0.50391304,0.5014531,0.51241124,0.50391304
2026-01-01,2026-02-01,BIG HiBM,-0.5265,0,0.45827392,0.49234855,0.5164152,0.505893,0.4793262,0.4991034,0.49875015,0.48193067,0.4991034
2026-02-01,2026-03-01,SMALL LoBM,-5.9641,0,0.25055093,0.5374003,0.47220188,0.49798566,0.4904269,0.508973,0.46087044,0.4998216,0.508973
2026-02-01,2026-03-01,ME1 BM2,-1.6495,0,0.2827443,0.15883186,0.26459768,0.49871427,0.45118818,0.5051209,0.4663188,0.39271694,0.5051209
2026-02-01,2026-03-01,ME1 BM3,-0.9363,1,0.40539113,0.47724706,0.45515668,0.49896142,0.473785,0.49987507,0.48492587,0.47447744,0.49987507
2026-02-01,2026-03-01,ME1 BM4,-0.0516,1,0.34286863,0.434119,0.4177628,0.49970493,0.4752717,0.50322723,0.47617948,0.46704116,0.50322723
2026-02-01,2026-03-01,SMALL HiBM,-2.6779,0,0.36183476,0.48328066,0.4823356,0.49987417,0.48316792,0.50565207,0.47916827,0.48319048,0.50565207
2026-02-01,2026-03-01,ME2 BM1,-5.2841,0,0.47773543,0.5053728,0.4818455,0.50037533,0.48803648,0.5043326,0.49697936,0.49150378,0.5043326
2026-02-01,2026-03-01,ME2 BM2,-3.298,0,0.28753507,0.3481164,0.32396102,0.50045073,0.46980444,0.5079938,0.46851337,0.44546685,0.5079938
2026-02-01,2026-03-01,ME2 BM3,-5.9152,0,0.29403338,0.37253082,0.3237599,0.4995647,0.4762967,0.50586665,0.46873504,0.45554352,0.50586665
2026-02-01,2026-03-01,ME2 BM4,-1.321,1,0.30847526,0.57691866,0.44409555,0.50116587,0.4816521,0.5110227,0.4722623,0.5007054,0.5110227
2026-02-01,2026-03-01,ME2 BM5,1.523,1,0.3224804,0.45813522,0.42780206,0.50082624,0.48052847,0.5090712,0.47407436,0.47604984,0.5090712
2026-02-01,2026-03-01,ME3 BM1,-6.8271,0,0.44044703,0.48794433,0.35168913,0.5007056,0.4808948,0.5016209,0.49166685,0.48230472,0.5016209
2026-02-01,2026-03-01,ME3 BM2,-6.2502,0,0.3447449,0.42127445,0.294413,0.501591,0.4783219,0.50345075,0.47806412,0.46691242,0.50345075
2026-02-01,2026-03-01,ME3 BM3,-8.0794,0,0.3408576,0.3588562,0.27681202,0.5010235,0.47622672,0.5022411,0.47699863,0.45275262,0.5022411
2026-02-01,2026-03-01,ME3 BM4,-2.5297,0,0.3748735,0.6137381,0.51202273,0.5018975,0.50041205,0.5149212,0.48284394,0.52307725,0.5149212
2026-02-01,2026-03-01,ME3 BM5,-3.4206,0,0.47582456,0.51495475,0.5289198,0.5005175,0.48147637,0.50413513,0.49681354,0.48817205,0.50413513
2026-02-01,2026-03-01,ME4 BM1,-6.1039,0,0.4208248,0.5568099,0.4154344,0.5028776,0.48350713,0.50101984,0.4905697,0.4981677,0.50101984
2026-02-01,2026-03-01,ME4 BM2,-6.6964,0,0.393591,0.35251898,0.26340306,0.5019533,0.46379775,0.50599587,0.48569897,0.441542,0.50599587
2026-02-01,2026-03-01,ME4 BM3,-4.7658,0,0.43816745,0.30808842,0.288841,0.50184256,0.47817498,0.49539134,0.4922913,0.44415766,0.49539134
2026-02-01,2026-03-01,ME4 BM4,-3.1826,0,0.32769057,0.42756972,0.27657413,0.5005951,0.48008683,0.50432503,0.47465944,0.46958342,0.50432503
2026-02-01,2026-03-01,ME4 BM5,-0.8125,1,0.3975324,0.44291776,0.47559834,0.5014862,0.4785702,0.50523007,0.48589313,0.47143972,0.50523007
2026-02-01,2026-03-01,BIG LoBM,-5.4346,0,0.44399044,0.42067778,0.35538185,0.5013194,0.48904172,0.509412,0.49272007,0.47536895,0.509412
2026-02-01,2026-03-01,ME5 BM2,-5.3979,0,0.4763927,0.5268991,0.33770847,0.5018201,0.4729098,0.49918923,0.498006,0.48370767,0.49918923
2026-02-01,2026-03-01,ME5 BM3,-1.8548,0,0.44156986,0.46457696,0.52694917,0.5031067,0.4912761,0.5086666,0.4938762,0.48593625,0.5086666
2026-02-01,2026-03-01,ME5 BM4,-1.3843,0,0.46852037,0.4388001,0.31903592,0.50152874,0.49869984,0.51240784,0.4965775,0.4867199,0.51240784
2026-02-01,2026-03-01,BIG HiBM,-3.9298,0,0.42686954,0.46807912,0.5211978,0.49894497,0.48254892,0.50320065,0.48813367,0.47965497,0.50320065
2026-03-01,2026-04-01,SMALL LoBM,14.9088,1,0.5217545,0.5212874,0.5792129,0.4964469,0.48455793,0.49751955,0.50024307,0.49190384,0.49751955
2026-03-01,2026-04-01,ME1 BM2,11.8988,0,0.38130313,0.44106996,0.37865153,0.4990684,0.5070672,0.5196831,0.48140365,0.49386775,0.5196831
2026-03-01,2026-04-01,ME1 BM3,9.8256,0,0.49956807,0.45661786,0.52149564,0.5031705,0.4939097,0.51048523,0.5026301,0.48645133,0.51048523
2026-03-01,2026-04-01,ME1 BM4,6.1535,0,0.4778586,0.5586408,0.53032124,0.501459,0.5114442,0.5157765,0.49791896,0.5208835,0.5157765
2026-03-01,2026-04-01,SMALL HiBM,9.3208,0,0.5169784,0.53235734,0.5647567,0.5051422,0.4951048,0.50982344,0.50691766,0.5025553,0.50982344
2026-03-01,2026-04-01,ME2 BM1,18.2754,1,0.43890956,0.5347204,0.53210413,0.5037762,0.5087483,0.5129415,0.4940462,0.5139427,0.5129415
2026-03-01,2026-04-01,ME2 BM2,15.0323,1,0.42161885,0.443888,0.5070772,0.50159895,0.5067278,0.5137756,0.48960194,0.49415985,0.5137756
2026-03-01,2026-04-01,ME2 BM3,13.1418,0,0.43282878,0.45834985,0.50194174,0.5011147,0.49686763,0.51395553,0.49087185,0.48916408,0.51395553
2026-03-01,2026-04-01,ME2 BM4,8.3923,0,0.49632117,0.5508402,0.6064155,0.5060847,0.48256916,0.50599337,0.5046202,0.49622336,0.50599337
2026-03-01,2026-04-01,ME2 BM5,8.147,0,0.40701687,0.46398956,0.5095167,0.50301707,0.47783867,0.5043549,0.48861706,0.47506884,0.5043549
2026-03-01,2026-04-01,ME3 BM1,18.9309,1,0.5021724,0.51771206,0.50997776,0.5071329,0.50153047,0.5126126,0.50638884,0.50476676,0.5126126
2026-03-01,2026-04-01,ME3 BM2,8.9594,0,0.43669105,0.41849414,0.39483398,0.5065974,0.50072485,0.50967705,0.49611145,0.48427874,0.50967705
2026-03-01,2026-04-01,ME3 BM3,9.5042,0,0.47093156,0.3796057,0.45625997,0.50635254,0.49361685,0.5072879,0.50103945,0.47081465,0.5072879
2026-03-01,2026-04-01,ME3 BM4,9.219,0,0.4545845,0.5520167,0.59883183,0.50657773,0.48283118,0.50653523,0.49877876,0.49666828,0.50653523
2026-03-01,2026-04-01,ME3 BM5,8.0843,0,0.48455384,0.556436,0.5482534,0.5051342,0.4920493,0.5072321,0.5020472,0.5049266,0.5072321
2026-03-01,2026-04-01,ME4 BM1,6.8708,0,0.44762695,0.47263634,0.34483206,0.50532067,0.48242056,0.5070698,0.4966666,0.48046374,0.5070698
2026-03-01,2026-04-01,ME4 BM2,9.0172,0,0.47486818,0.4135896,0.3735544,0.5068615,0.4671264,0.5063743,0.50206256,0.45641905,0.5063743
2026-03-01,2026-04-01,ME4 BM3,10.5475,0,0.48799792,0.26900262,0.39441815,0.5050795,0.4788112,0.49660695,0.5025173,0.4368495,0.49660695
2026-03-01,2026-04-01,ME4 BM4,4.6235,0,0.42391312,0.45459604,0.48072207,0.50500476,0.47382298,0.5014168,0.49284104,0.46997762,0.5014168
2026-03-01,2026-04-01,ME4 BM5,6.3781,0,0.5078913,0.5351763,0.58230406,0.5035053,0.47220594,0.50055933,0.5041632,0.4848,0.50055933
2026-03-01,2026-04-01,BIG LoBM,12.2099,0,0.50120777,0.58559525,0.6003874,0.5044954,0.50617814,0.5075547,0.5040023,0.5220616,0.5075547
2026-03-01,2026-04-01,ME5 BM2,7.9694,0,0.4264942,0.34733284,0.3317172,0.5068172,0.4753611,0.49946487,0.4947688,0.44975546,0.49946487
2026-03-01,2026-04-01,ME5 BM3,5.9225,0,0.53350013,0.5107379,0.5232393,0.5007277,0.4981698,0.50424266,0.5056436,0.5006834,0.50424266
2026-03-01,2026-04-01,ME5 BM4,1.2836,0,0.51369005,0.50980407,0.41597518,0.501546,0.5010108,0.50380945,0.50336766,0.5027695,0.50380945
2026-03-01,2026-04-01,BIG HiBM,31.6629,1,0.51717633,0.45544252,0.47319448,0.5036137,0.47603828,0.49975047,0.50564814,0.47191912,0.49975047
