Date,StrategyReturn,SelectedPortfolios,CumulativeValue,Experiment,Dataset,Model
2010-10-12,0.01024,"ME3 BM1, ME3 BM2, ME3 BM3, ME4 BM2, ME4 BM4",1.01024,daily_ff3,Daily FF3,XGBoost Signature
2010-10-13,-0.0064399999999999,"ME3 BM1, ME3 BM2, ME3 BM3, ME3 BM4, ME4 BM2",1.0037340544,daily_ff3,Daily FF3,XGBoost Signature
2010-10-14,-0.00064,"ME4 BM5, ME3 BM1, ME3 BM2, ME3 BM3, ME3 BM4",1.003091664605184,daily_ff3,Daily FF3,XGBoost Signature
2010-10-15,0.00344,"ME3 BM1, ME3 BM3, ME4 BM1, ME4 BM2, ME4 BM5",1.006542299931426,daily_ff3,Daily FF3,XGBoost Signature
2010-10-18,-0.02086,"ME3 BM1, ME3 BM2, ME3 BM3, ME3 BM4, SMALL LoBM",0.9855458275548564,daily_ff3,Daily FF3,XGBoost Signature
2010-10-19,0.012,"ME3 BM1, ME3 BM2, ME3 BM4, ME4 BM2, ME4 BM4",0.9973723774855148,daily_ff3,Daily FF3,XGBoost Signature
2010-10-20,-0.0023799999999999,"ME4 BM3, ME3 BM1, ME3 BM2, ME3 BM4, ME4 BM2",0.9949986312270992,daily_ff3,Daily FF3,XGBoost Signature
2010-10-21,0.00654,"ME3 BM2, ME3 BM3, ME3 BM4, ME4 BM5, SMALL LoBM",1.0015059222753242,daily_ff3,Daily FF3,XGBoost Signature
2010-10-22,0.00558,"ME3 BM2, ME3 BM3, ME3 BM4, ME4 BM5, SMALL LoBM",1.0070943253216205,daily_ff3,Daily FF3,XGBoost Signature
2010-10-25,-0.00142,"ME3 BM1, ME3 BM2, ME3 BM3, ME3 BM4, ME4 BM5",1.005664251379664,daily_ff3,Daily FF3,XGBoost Signature
2010-10-26,-0.00402,"ME3 BM2, ME3 BM3, ME3 BM4, ME4 BM5, SMALL LoBM",1.0016214810891175,daily_ff3,Daily FF3,XGBoost Signature
2010-10-27,-0.0021199999999999,"ME2 BM2, ME3 BM1, ME3 BM3, ME4 BM2, ME4 BM5",0.9994980435492086,daily_ff3,Daily FF3,XGBoost Signature
2010-10-28,0.00282,"ME3 BM3, ME4 BM2, ME4 BM5, SMALL LoBM, ME1 BM2",1.0023166280320177,daily_ff3,Daily FF3,XGBoost Signature
2010-10-29,-0.0037599999999999,"ME2 BM2, ME3 BM1, ME4 BM2, ME4 BM5, SMALL LoBM",0.9985479175106172,daily_ff3,Daily FF3,XGBoost Signature
2010-11-01,0.0118599999999999,"ME2 BM2, ME3 BM1, ME4 BM1, ME4 BM2, ME4 BM5",1.010390695812293,daily_ff3,Daily FF3,XGBoost Signature
2010-11-02,0.00266,"ME2 BM2, ME2 BM4, ME3 BM1, ME4 BM1, ME4 BM2",1.0130783350631538,daily_ff3,Daily FF3,XGBoost Signature
2010-11-03,0.02234,"ME2 BM1, ME2 BM2, ME2 BM4, ME3 BM1, ME3 BM3",1.0357105050684647,daily_ff3,Daily FF3,XGBoost Signature
2010-11-04,0.00514,"ME1 BM2, ME2 BM3, ME2 BM4, ME2 BM5, ME3 BM1",1.0410340570645165,daily_ff3,Daily FF3,XGBoost Signature
2010-11-05,0.0036,"SMALL LoBM, ME1 BM2, ME1 BM3, ME1 BM4, SMALL HiBM",1.0447817796699488,daily_ff3,Daily FF3,XGBoost Signature
2010-11-08,-0.01278,"ME2 BM1, ME1 BM3, SMALL HiBM, ME2 BM3, ME2 BM5",1.0314294685257668,daily_ff3,Daily FF3,XGBoost Signature
2010-11-09,0.01176,"SMALL LoBM, ME1 BM2, ME1 BM3, SMALL HiBM, ME2 BM1",1.0435590790756295,daily_ff3,Daily FF3,XGBoost Signature
2010-11-10,-0.00224,"ME1 BM4, SMALL HiBM, ME2 BM3, ME4 BM1, ME4 BM2",1.0412215067385002,daily_ff3,Daily FF3,XGBoost Signature
2010-11-11,-0.01732,"ME1 BM4, SMALL LoBM, ME1 BM2, SMALL HiBM, ME2 BM3",1.023187550241789,daily_ff3,Daily FF3,XGBoost Signature
2010-11-12,0.00102,"ME1 BM4, SMALL LoBM, ME1 BM2, SMALL HiBM, ME2 BM3",1.024231201543036,daily_ff3,Daily FF3,XGBoost Signature
2010-11-15,-0.01978,"ME1 BM4, SMALL LoBM, ME1 BM2, SMALL HiBM, ME2 BM3",1.0039719083765146,daily_ff3,Daily FF3,XGBoost Signature
2010-11-16,0.00274,"ME1 BM4, SMALL LoBM, SMALL HiBM, ME2 BM3, ME3 BM5",1.0067227914054662,daily_ff3,Daily FF3,XGBoost Signature
2010-11-17,0.0164,"SMALL LoBM, ME1 BM4, ME3 BM5, ME4 BM4, ME4 BM5",1.0232330451845155,daily_ff3,Daily FF3,XGBoost Signature
2010-11-18,0.00274,"ME4 BM1, ME4 BM4, ME4 BM5, ME1 BM4, SMALL LoBM",1.0260367037283211,daily_ff3,Daily FF3,XGBoost Signature
2010-11-19,0.0039799999999999,"ME1 BM4, ME4 BM1, ME4 BM4, ME4 BM5, SMALL LoBM",1.03012032980916,daily_ff3,Daily FF3,XGBoost Signature
2010-11-22,-0.01152,"ME1 BM4, ME4 BM1, ME4 BM4, SMALL LoBM, ME1 BM2",1.0182533436097587,daily_ff3,Daily FF3,XGBoost Signature
2010-11-23,0.0214399999999999,"SMALL LoBM, ME1 BM2, ME1 BM3, ME1 BM4, SMALL HiBM",1.040084695296752,daily_ff3,Daily FF3,XGBoost Signature
2010-11-24,-0.0046,"ME4 BM5, ME4 BM4, SMALL LoBM, ME1 BM2, ME1 BM3",1.035300305698387,daily_ff3,Daily FF3,XGBoost Signature
2010-11-26,0.0001,"SMALL LoBM, ME1 BM2, ME1 BM4, ME3 BM1, ME4 BM1",1.0354038357289568,daily_ff3,Daily FF3,XGBoost Signature
2010-11-29,-0.00478,"ME3 BM1, ME3 BM2, ME4 BM1, ME4 BM4, SMALL LoBM",1.0304546053941723,daily_ff3,Daily FF3,XGBoost Signature
2010-11-30,0.02022,"ME4 BM1, ME4 BM4, ME1 BM4, ME2 BM2, ME2 BM5",1.0512903975152423,daily_ff3,Daily FF3,XGBoost Signature
2010-12-01,0.00894,"ME3 BM1, ME4 BM1, SMALL LoBM, ME1 BM2, ME1 BM3",1.0606889336690286,daily_ff3,Daily FF3,XGBoost Signature
2010-12-02,0.00524,"ME3 BM1, ME4 BM4, SMALL LoBM, ME1 BM2, ME1 BM3",1.066246943681454,daily_ff3,Daily FF3,XGBoost Signature
2010-12-03,0.00266,"ME3 BM1, ME4 BM1, ME2 BM5, ME3 BM4, ME3 BM5",1.0690831605516469,daily_ff3,Daily FF3,XGBoost Signature
2010-12-06,0.00418,"ME3 BM1, ME4 BM1, SMALL LoBM, ME1 BM2, ME1 BM3",1.0735519281627528,daily_ff3,Daily FF3,XGBoost Signature
2010-12-07,0.0009599999999999,"ME3 BM1, ME4 BM1, ME4 BM4, SMALL LoBM, ME1 BM2",1.0745825380137892,daily_ff3,Daily FF3,XGBoost Signature
2010-12-08,0.00498,"ME3 BM1, ME4 BM1, SMALL LoBM, ME1 BM2, ME1 BM3",1.079933959053098,daily_ff3,Daily FF3,XGBoost Signature
2010-12-09,0.01188,"ME3 BM1, ME4 BM1, BIG HiBM, SMALL LoBM, ME1 BM2",1.0927635744866486,daily_ff3,Daily FF3,XGBoost Signature
2010-12-10,-0.00336,"ME3 BM1, ME4 BM1, BIG HiBM, SMALL LoBM, ME1 BM2",1.0890918888763734,daily_ff3,Daily FF3,XGBoost Signature
2010-12-13,-0.00178,"ME3 BM1, ME4 BM1, ME2 BM1, SMALL LoBM, ME1 BM2",1.0871533053141735,daily_ff3,Daily FF3,XGBoost Signature
2010-12-14,-0.00236,"SMALL LoBM, ME1 BM2, ME1 BM4, SMALL HiBM, ME2 BM1",1.084587623513632,daily_ff3,Daily FF3,XGBoost Signature
2010-12-15,0.0115399999999999,"ME4 BM1, SMALL LoBM, ME1 BM2, ME1 BM3, ME1 BM4",1.0971037646889794,daily_ff3,Daily FF3,XGBoost Signature
2010-12-16,0.0042399999999999,"ME3 BM5, BIG HiBM, SMALL LoBM, ME1 BM2, ME1 BM3",1.1017554846512607,daily_ff3,Daily FF3,XGBoost Signature
2010-12-17,0.00464,"SMALL LoBM, ME1 BM2, ME1 BM3, ME1 BM4, SMALL HiBM",1.1068676301000426,daily_ff3,Daily FF3,XGBoost Signature
2010-12-20,0.01064,"SMALL LoBM, ME1 BM2, ME1 BM3, ME1 BM4, SMALL HiBM",1.118644701684307,daily_ff3,Daily FF3,XGBoost Signature
2010-12-21,0.00042,"SMALL LoBM, ME1 BM2, ME1 BM3, ME1 BM4, SMALL HiBM",1.1191145324590146,daily_ff3,Daily FF3,XGBoost Signature
2010-12-22,-0.00138,"SMALL LoBM, ME1 BM2, ME1 BM3, ME1 BM4, SMALL HiBM",1.1175701544042211,daily_ff3,Daily FF3,XGBoost Signature
2010-12-23,0.0069599999999999,"SMALL LoBM, ME1 BM2, ME1 BM3, ME1 BM4, SMALL HiBM",1.125348442678875,daily_ff3,Daily FF3,XGBoost Signature
2010-12-27,-0.00358,"ME3 BM1, SMALL LoBM, ME1 BM2, ME1 BM3, ME1 BM4",1.1213196952540845,daily_ff3,Daily FF3,XGBoost Signature
2010-12-28,0.00128,"ME3 BM1, BIG HiBM, SMALL LoBM, ME1 BM2, ME1 BM3",1.1227549844640097,daily_ff3,Daily FF3,XGBoost Signature
2010-12-29,-9.999999999999996e-05,"ME2 BM2, ME3 BM1, SMALL LoBM, ME1 BM2, ME1 BM3",1.122642708965563,daily_ff3,Daily FF3,XGBoost Signature
2010-12-30,-0.00524,"ME3 BM1, SMALL LoBM, ME1 BM2, ME1 BM3, ME1 BM4",1.1167600611705837,daily_ff3,Daily FF3,XGBoost Signature
2010-12-31,0.01786,"SMALL LoBM, ME1 BM2, ME1 BM3, ME1 BM4, SMALL HiBM",1.1367053958630902,daily_ff3,Daily FF3,XGBoost Signature
2011-01-03,-0.01688,"SMALL LoBM, ME1 BM2, ME1 BM3, ME1 BM4, SMALL HiBM",1.1175178087809212,daily_ff3,Daily FF3,XGBoost Signature
2011-01-04,0.01396,"SMALL LoBM, ME1 BM2, ME1 BM3, ME1 BM4, SMALL HiBM",1.133118357391503,daily_ff3,Daily FF3,XGBoost Signature
2011-01-05,-0.00428,"SMALL LoBM, ME1 BM2, ME1 BM3, ME1 BM4, SMALL HiBM",1.1282686108218674,daily_ff3,Daily FF3,XGBoost Signature
2011-01-06,-0.0056,"SMALL LoBM, ME1 BM2, ME2 BM1, ME2 BM5, BIG HiBM",1.1219503066012648,daily_ff3,Daily FF3,XGBoost Signature
2011-01-07,0.00416,"SMALL LoBM, ME1 BM2, ME1 BM3, ME1 BM4, SMALL HiBM",1.126617619876726,daily_ff3,Daily FF3,XGBoost Signature
2011-01-10,0.0067,"BIG HiBM, ME1 BM2, SMALL LoBM, ME1 BM3, ME1 BM4",1.1341659579299,daily_ff3,Daily FF3,XGBoost Signature
2011-01-11,0.00956,"ME1 BM2, SMALL LoBM, ME1 BM3, ME1 BM4, SMALL HiBM",1.1450085844877098,daily_ff3,Daily FF3,XGBoost Signature
2011-01-12,-0.0021,"ME1 BM2, SMALL LoBM, ME1 BM4, SMALL HiBM, ME2 BM4",1.1426040664602857,daily_ff3,Daily FF3,XGBoost Signature
2011-01-13,0.00788,"ME1 BM2, ME1 BM4, SMALL LoBM, ME1 BM3, SMALL HiBM",1.1516077865039929,daily_ff3,Daily FF3,XGBoost Signature
2011-01-14,-0.00312,"ME1 BM2, ME1 BM4, SMALL LoBM, ME1 BM3, SMALL HiBM",1.1480147702101005,daily_ff3,Daily FF3,XGBoost Signature
2011-01-18,-0.0299199999999999,"ME1 BM2, ME1 BM4, SMALL LoBM, ME1 BM3, SMALL HiBM",1.1136661682854143,daily_ff3,Daily FF3,XGBoost Signature
2011-01-19,-0.01334,"ME1 BM2, SMALL LoBM, ME1 BM3, ME1 BM4, SMALL HiBM",1.0988098616004869,daily_ff3,Daily FF3,XGBoost Signature
2011-01-20,-0.0029799999999999,"SMALL LoBM, SMALL HiBM, ME2 BM5, ME1 BM2, ME1 BM4",1.0955354082129174,daily_ff3,Daily FF3,XGBoost Signature
2011-01-21,0.01046,"ME1 BM2, SMALL LoBM, ME1 BM3, ME1 BM4, SMALL HiBM",1.1069947085828244,daily_ff3,Daily FF3,XGBoost Signature
2011-01-24,0.00088,"ME1 BM2, SMALL LoBM, ME1 BM3, ME1 BM4, SMALL HiBM",1.1079688639263774,daily_ff3,Daily FF3,XGBoost Signature
2011-01-25,0.01644,"ME1 BM2, BIG HiBM, SMALL LoBM, ME1 BM3, ME1 BM4",1.1261838720493271,daily_ff3,Daily FF3,XGBoost Signature
2011-01-26,0.0008799999999999,"ME1 BM2, BIG HiBM, SMALL LoBM, ME1 BM3, ME1 BM4",1.1271749138567306,daily_ff3,Daily FF3,XGBoost Signature
2011-01-27,-0.02724,"ME1 BM2, BIG HiBM, SMALL LoBM, ME1 BM3, ME1 BM4",1.0964706692032733,daily_ff3,Daily FF3,XGBoost Signature
2011-01-28,0.00626,"ME1 BM2, BIG HiBM, ME1 BM3, ME1 BM4, SMALL HiBM",1.1033345755924855,daily_ff3,Daily FF3,XGBoost Signature
2011-01-31,0.02104,"SMALL LoBM, ME1 BM3, SMALL HiBM, ME2 BM3, ME3 BM3",1.1265487350629515,daily_ff3,Daily FF3,XGBoost Signature
2011-02-01,-0.00256,"ME1 BM2, BIG HiBM, SMALL LoBM, ME1 BM3, ME1 BM4",1.1236647703011904,daily_ff3,Daily FF3,XGBoost Signature
2011-02-02,0.0004799999999999,"ME1 BM2, BIG HiBM, SMALL LoBM, ME1 BM3, ME1 BM4",1.124204129390935,daily_ff3,Daily FF3,XGBoost Signature
2011-02-03,-0.00014,"ME1 BM2, ME5 BM4, BIG HiBM, SMALL LoBM, ME1 BM3",1.1240467408128203,daily_ff3,Daily FF3,XGBoost Signature
2011-02-04,0.01216,"ME1 BM2, ME5 BM4, BIG HiBM, SMALL LoBM, ME1 BM3",1.1377151491811042,daily_ff3,Daily FF3,XGBoost Signature
2011-02-07,0.00582,"ME1 BM2, BIG HiBM, ME2 BM2, ME2 BM3, ME3 BM1",1.144336651349338,daily_ff3,Daily FF3,XGBoost Signature
2011-02-08,-0.00602,"ME1 BM2, BIG HiBM, SMALL LoBM, ME1 BM3, ME1 BM4",1.137447744708215,daily_ff3,Daily FF3,XGBoost Signature
2011-02-09,-0.0003,"BIG HiBM, ME1 BM2, SMALL LoBM, ME1 BM3, ME1 BM4",1.1371065103848026,daily_ff3,Daily FF3,XGBoost Signature
2011-02-10,0.01028,"ME1 BM2, BIG HiBM, SMALL LoBM, ME1 BM3, ME1 BM4",1.1487959653115585,daily_ff3,Daily FF3,XGBoost Signature
2011-02-11,0.00444,"ME1 BM2, BIG HiBM, SMALL LoBM, ME1 BM3, ME1 BM4",1.1538966193975415,daily_ff3,Daily FF3,XGBoost Signature
2011-02-14,-0.00546,"ME1 BM2, ME5 BM2, BIG HiBM, ME3 BM1, ME3 BM5",1.1475963438556311,daily_ff3,Daily FF3,XGBoost Signature
2011-02-15,0.00546,"BIG HiBM, ME1 BM2, ME5 BM2, ME5 BM4, SMALL LoBM",1.153862219893083,daily_ff3,Daily FF3,XGBoost Signature
2011-02-16,0.00864,"ME1 BM2, ME5 BM2, BIG HiBM, SMALL LoBM, ME1 BM3",1.1638315894729592,daily_ff3,Daily FF3,XGBoost Signature
2011-02-17,0.00114,"ME1 BM2, ME5 BM2, ME5 BM4, BIG HiBM, ME3 BM1",1.1651583574849582,daily_ff3,Daily FF3,XGBoost Signature
2011-02-18,-0.02784,"SMALL LoBM, ME1 BM2, ME1 BM3, ME1 BM4, SMALL HiBM",1.132720348812577,daily_ff3,Daily FF3,XGBoost Signature
2011-02-22,-0.0120599999999999,"ME5 BM2, BIG HiBM, SMALL LoBM, ME1 BM2, ME1 BM3",1.1190597414058974,daily_ff3,Daily FF3,XGBoost Signature
2011-02-23,0.00618,"ME1 BM2, BIG HiBM, SMALL LoBM, ME1 BM3, ME1 BM4",1.125975530607786,daily_ff3,Daily FF3,XGBoost Signature
2011-02-24,0.01906,"ME2 BM3, BIG HiBM, SMALL LoBM, ME1 BM2, ME1 BM3",1.1474366242211704,daily_ff3,Daily FF3,XGBoost Signature
2011-02-25,0.00094,"BIG HiBM, SMALL LoBM, ME1 BM2, ME1 BM3, ME1 BM4",1.1485152146479385,daily_ff3,Daily FF3,XGBoost Signature
2011-02-28,-0.01776,"SMALL LoBM, ME1 BM2, BIG HiBM, ME1 BM3, ME1 BM4",1.128117584435791,daily_ff3,Daily FF3,XGBoost Signature
2011-03-01,0.00342,"BIG HiBM, ME3 BM2, ME3 BM3, ME3 BM5, ME4 BM3",1.1319757465745612,daily_ff3,Daily FF3,XGBoost Signature
2011-03-02,0.02232,"BIG HiBM, ME2 BM2, SMALL LoBM, ME4 BM2, ME1 BM2",1.1572414452381052,daily_ff3,Daily FF3,XGBoost Signature
2011-03-03,-0.0049,"SMALL LoBM, ME1 BM2, ME4 BM2, BIG HiBM, ME1 BM3",1.1515709621564385,daily_ff3,Daily FF3,XGBoost Signature
2011-03-04,-0.0146799999999999,"ME1 BM2, ME4 BM2, ME4 BM3, SMALL LoBM, ME1 BM3",1.134665900431982,daily_ff3,Daily FF3,XGBoost Signature
2011-03-07,0.0152,"ME4 BM2, BIG HiBM, SMALL LoBM, ME1 BM2, ME1 BM3",1.1519128221185482,daily_ff3,Daily FF3,XGBoost Signature
2011-03-08,-0.00276,"BIG HiBM, ME4 BM2, ME4 BM3, SMALL LoBM, ME1 BM2",1.148733542729501,daily_ff3,Daily FF3,XGBoost Signature
2011-03-09,-0.0248,"ME4 BM2, ME4 BM3, BIG HiBM, SMALL LoBM, ME1 BM2",1.1202449508698091,daily_ff3,Daily FF3,XGBoost Signature
2011-03-10,0.00708,"ME4 BM2, ME4 BM3, BIG HiBM, SMALL LoBM, ME1 BM2",1.1281762851219674,daily_ff3,Daily FF3,XGBoost Signature
2011-03-11,-0.00718,"SMALL LoBM, ME1 BM2, ME1 BM3, ME1 BM4, ME2 BM1",1.1200759793947916,daily_ff3,Daily FF3,XGBoost Signature
2011-03-14,-0.01046,"ME4 BM2, ME4 BM3, BIG HiBM, SMALL LoBM, ME1 BM2",1.108359984650322,daily_ff3,Daily FF3,XGBoost Signature
2011-03-15,-0.0124,"ME4 BM2, ME4 BM3, BIG HiBM, SMALL LoBM, ME1 BM2",1.094616320840658,daily_ff3,Daily FF3,XGBoost Signature
2011-03-16,0.01076,"BIG HiBM, ME4 BM2, ME4 BM3, ME5 BM4, SMALL LoBM",1.1063943924529036,daily_ff3,Daily FF3,XGBoost Signature
2011-03-17,0.00654,"BIG HiBM, ME5 BM4, SMALL LoBM, ME4 BM2, ME4 BM3",1.1136302117795456,daily_ff3,Daily FF3,XGBoost Signature
2011-03-18,0.0149,"BIG HiBM, ME4 BM2, ME4 BM3, ME5 BM4, SMALL LoBM",1.1302233019350607,daily_ff3,Daily FF3,XGBoost Signature
2011-03-21,-0.0045,"BIG HiBM, ME4 BM2, ME4 BM3, ME5 BM4, SMALL LoBM",1.125137297076353,daily_ff3,Daily FF3,XGBoost Signature
2011-03-22,0.003,"BIG HiBM, ME4 BM2, ME4 BM3, ME5 BM4, SMALL LoBM",1.128512708967582,daily_ff3,Daily FF3,XGBoost Signature
2011-03-23,0.00804,"BIG HiBM, ME4 BM2, ME4 BM3, ME5 BM4, SMALL LoBM",1.1375859511476814,daily_ff3,Daily FF3,XGBoost Signature
2011-03-24,0.00484,"BIG HiBM, ME4 BM2, ME4 BM3, ME5 BM4, SMALL LoBM",1.143091867151236,daily_ff3,Daily FF3,XGBoost Signature
2011-03-25,-0.00334,"BIG HiBM, ME4 BM2, ME4 BM3, ME5 BM4, ME3 BM1",1.1392739403149508,daily_ff3,Daily FF3,XGBoost Signature
2011-03-28,0.0081199999999999,"BIG HiBM, ME4 BM2, ME4 BM3, ME5 BM4, SMALL LoBM",1.148524844710308,daily_ff3,Daily FF3,XGBoost Signature
2011-03-29,0.01096,"BIG HiBM, ME4 BM2, ME4 BM3, ME5 BM4, SMALL LoBM",1.161112677008333,daily_ff3,Daily FF3,XGBoost Signature
2011-03-30,-8.000000000000021e-05,"ME4 BM2, ME4 BM3, ME5 BM4, BIG HiBM, SMALL LoBM",1.1610197879941724,daily_ff3,Daily FF3,XGBoost Signature
2011-03-31,0.00634,"BIG HiBM, ME4 BM2, ME4 BM3, ME5 BM4, SMALL LoBM",1.1683806534500554,daily_ff3,Daily FF3,XGBoost Signature
2011-04-01,0.00132,"BIG HiBM, ME4 BM2, ME4 BM3, ME5 BM4, SMALL LoBM",1.1699229159126094,daily_ff3,Daily FF3,XGBoost Signature
2011-04-04,0.00152,"BIG HiBM, ME4 BM2, ME4 BM3, ME5 BM4, SMALL LoBM",1.1717011987447965,daily_ff3,Daily FF3,XGBoost Signature
2011-04-05,0.00292,"BIG HiBM, ME4 BM2, ME4 BM3, ME5 BM4, SMALL LoBM",1.1751225662451317,daily_ff3,Daily FF3,XGBoost Signature
2011-04-06,-0.00436,"BIG HiBM, ME4 BM2, ME4 BM3, ME5 BM4, SMALL LoBM",1.1699990318563027,daily_ff3,Daily FF3,XGBoost Signature
2011-04-07,-0.00662,"BIG HiBM, ME4 BM2, ME4 BM3, ME5 BM4, SMALL LoBM",1.162253638265414,daily_ff3,Daily FF3,XGBoost Signature
2011-04-08,-0.00804,"BIG HiBM, ME4 BM2, ME4 BM3, ME5 BM4, SMALL LoBM",1.15290911901376,daily_ff3,Daily FF3,XGBoost Signature
2011-04-11,-0.01012,"BIG HiBM, ME4 BM2, ME4 BM3, ME5 BM4, SMALL LoBM",1.141241678729341,daily_ff3,Daily FF3,XGBoost Signature
2011-04-12,-0.00062,"BIG HiBM, ME4 BM2, ME5 BM4, SMALL LoBM, ME1 BM2",1.1405341088885288,daily_ff3,Daily FF3,XGBoost Signature
2011-04-13,0.0001,"BIG HiBM, ME4 BM1, ME4 BM2, ME4 BM3, SMALL LoBM",1.1406481622994176,daily_ff3,Daily FF3,XGBoost Signature
2011-04-14,0.00866,"SMALL LoBM, ME1 BM2, ME1 BM3, ME1 BM4, SMALL HiBM",1.1505261753849303,daily_ff3,Daily FF3,XGBoost Signature
2011-04-15,-0.01366,"ME4 BM2, ME4 BM1, ME4 BM3, SMALL LoBM, ME1 BM2",1.1348099878291722,daily_ff3,Daily FF3,XGBoost Signature
2011-04-18,0.00406,"ME4 BM2, ME4 BM1, ME4 BM3, ME5 BM4, SMALL LoBM",1.1394173163797583,daily_ff3,Daily FF3,XGBoost Signature
2011-04-19,0.01846,"ME4 BM2, ME4 BM1, ME4 BM3, SMALL LoBM, ME1 BM2",1.1604509600401287,daily_ff3,Daily FF3,XGBoost Signature
2011-04-20,0.00822,"ME4 BM2, ME4 BM1, ME4 BM3, SMALL LoBM, ME1 BM2",1.1699898669316584,daily_ff3,Daily FF3,XGBoost Signature
2011-04-21,-0.00058,"ME4 BM2, ME4 BM1, ME4 BM3, SMALL LoBM, ME1 BM2",1.169311272808838,daily_ff3,Daily FF3,XGBoost Signature
2011-04-25,0.00678,"ME4 BM2, ME4 BM1, ME4 BM3, ME3 BM2, ME3 BM5",1.177239203238482,daily_ff3,Daily FF3,XGBoost Signature
2011-04-26,0.005,"ME4 BM2, ME4 BM1, ME4 BM3, SMALL LoBM, ME1 BM2",1.1831253992546742,daily_ff3,Daily FF3,XGBoost Signature
2011-04-27,0.00208,"ME4 BM2, ME4 BM3, ME1 BM4, ME2 BM1, ME2 BM2",1.185586300085124,daily_ff3,Daily FF3,XGBoost Signature
2011-04-28,0.00298,"ME4 BM2, ME4 BM3, SMALL LoBM, ME1 BM2, ME1 BM3",1.1891193472593775,daily_ff3,Daily FF3,XGBoost Signature
2011-04-29,-0.00908,"ME4 BM1, ME4 BM2, ME4 BM3, SMALL LoBM, ME1 BM2",1.1783221435862623,daily_ff3,Daily FF3,XGBoost Signature
2011-05-02,-0.0130199999999999,"ME4 BM2, ME4 BM3, ME2 BM2, SMALL LoBM, ME1 BM2",1.1629803892767694,daily_ff3,Daily FF3,XGBoost Signature
2011-05-03,-0.01072,"ME4 BM1, ME4 BM2, ME4 BM3, SMALL LoBM, ME1 BM2",1.1505132395037223,daily_ff3,Daily FF3,XGBoost Signature
2011-05-04,-0.00578,"ME4 BM2, ME4 BM3, BIG HiBM, SMALL LoBM, ME1 BM2",1.143863272979391,daily_ff3,Daily FF3,XGBoost Signature
2011-05-05,0.00688,"ME4 BM2, ME4 BM3, SMALL LoBM, ME1 BM2, ME1 BM3",1.1517330522974891,daily_ff3,Daily FF3,XGBoost Signature
2011-05-06,0.0101599999999999,"ME4 BM2, ME4 BM3, SMALL LoBM, ME1 BM2, ME1 BM3",1.1634346601088317,daily_ff3,Daily FF3,XGBoost Signature
2011-05-09,0.01292,"ME4 BM2, ME4 BM3, ME2 BM2, ME3 BM1, SMALL LoBM",1.1784662359174376,daily_ff3,Daily FF3,XGBoost Signature
2011-05-10,-0.01478,"ME4 BM2, ME4 BM3, SMALL LoBM, ME1 BM2, ME1 BM3",1.161048504950578,daily_ff3,Daily FF3,XGBoost Signature
2011-05-11,0.00794,"ME4 BM2, ME4 BM3, SMALL LoBM, ME1 BM2, ME1 BM3",1.1702672300798855,daily_ff3,Daily FF3,XGBoost Signature
2011-05-12,-0.01296,"ME1 BM4, ME2 BM2, ME4 BM2, ME4 BM3, SMALL LoBM",1.1551005667780505,daily_ff3,Daily FF3,XGBoost Signature
2011-05-13,-0.01508,"ME4 BM2, ME1 BM4, ME4 BM3, SMALL LoBM, ME1 BM2",1.1376816502310374,daily_ff3,Daily FF3,XGBoost Signature
2011-05-16,-0.00296,"ME4 BM2, ME4 BM3, SMALL LoBM, ME1 BM2, ME1 BM3",1.1343141125463536,daily_ff3,Daily FF3,XGBoost Signature
2011-05-17,0.01516,"ME4 BM2, ME4 BM3, SMALL LoBM, ME1 BM2, ME1 BM3",1.1515103144925565,daily_ff3,Daily FF3,XGBoost Signature
2011-05-18,0.00064,"ME1 BM4, ME4 BM2, ME4 BM3, SMALL LoBM, ME1 BM2",1.1522472810938318,daily_ff3,Daily FF3,XGBoost Signature
2011-05-19,-0.0075,"ME1 BM4, ME2 BM3, ME3 BM1, ME4 BM1, ME4 BM2",1.143605426485628,daily_ff3,Daily FF3,XGBoost Signature
2011-05-20,-0.015,"ME4 BM2, ME4 BM3, SMALL LoBM, ME1 BM2, ME1 BM3",1.1264513450883438,daily_ff3,Daily FF3,XGBoost Signature
2011-05-23,-0.00454,"ME4 BM2, ME4 BM3, SMALL LoBM, ME1 BM2, ME1 BM4",1.1213372559816428,daily_ff3,Daily FF3,XGBoost Signature
2011-05-24,0.0118799999999999,"ME4 BM2, ME5 BM4, SMALL LoBM, ME1 BM2, ME1 BM3",1.1346587425827046,daily_ff3,Daily FF3,XGBoost Signature
2011-05-25,0.0115,"ME2 BM1, ME4 BM2, ME5 BM4, SMALL LoBM, ME1 BM2",1.1477073181224058,daily_ff3,Daily FF3,XGBoost Signature
2011-05-26,0.00712,"ME4 BM2, ME5 BM4, BIG HiBM, SMALL LoBM, ME1 BM2",1.1558789942274372,daily_ff3,Daily FF3,XGBoost Signature
2011-05-27,0.01318,"ME5 BM4, BIG HiBM, SMALL LoBM, ME1 BM2, ME1 BM3",1.171113479371355,daily_ff3,Daily FF3,XGBoost Signature
2011-05-31,-0.03116,"ME5 BM4, BIG HiBM, SMALL LoBM, ME1 BM2, ME1 BM3",1.1346215833541435,daily_ff3,Daily FF3,XGBoost Signature
2011-06-01,0.00056,"ME4 BM2, BIG HiBM, SMALL LoBM, ME1 BM2, ME1 BM3",1.1352569714408218,daily_ff3,Daily FF3,XGBoost Signature
2011-06-02,-0.0140999999999999,"ME4 BM2, ME4 BM3, BIG HiBM, SMALL LoBM, ME1 BM2",1.1192498481435065,daily_ff3,Daily FF3,XGBoost Signature
2011-06-03,-0.01926,"ME4 BM2, ME5 BM4, BIG HiBM, SMALL LoBM, ME1 BM2",1.0976930960682625,daily_ff3,Daily FF3,XGBoost Signature
2011-06-06,0.00196,"ME4 BM2, BIG HiBM, SMALL LoBM, ME1 BM2, ME1 BM3",1.099844574536556,daily_ff3,Daily FF3,XGBoost Signature
2011-06-07,-0.01322,"SMALL LoBM, ME1 BM2, ME1 BM3, ME1 BM4, SMALL HiBM",1.0853046292611823,daily_ff3,Daily FF3,XGBoost Signature
2011-06-08,0.00612,"SMALL LoBM, ME1 BM2, ME1 BM3, ME1 BM4, SMALL HiBM",1.0919466935922608,daily_ff3,Daily FF3,XGBoost Signature
2011-06-09,-0.01448,"ME4 BM2, SMALL LoBM, ME1 BM2, ME1 BM3, ME1 BM4",1.0761353054690448,daily_ff3,Daily FF3,XGBoost Signature
2011-06-10,-0.00546,"SMALL LoBM, ME1 BM2, ME1 BM3, ME1 BM4, SMALL HiBM",1.0702596067011838,daily_ff3,Daily FF3,XGBoost Signature
2011-06-13,0.0194599999999999,"SMALL LoBM, ME1 BM2, ME1 BM3, ME1 BM4, SMALL HiBM",1.0910868586475888,daily_ff3,Daily FF3,XGBoost Signature
2011-06-14,-0.0188,"ME1 BM4, BIG HiBM, SMALL LoBM, ME1 BM2, ME1 BM3",1.070574425705014,daily_ff3,Daily FF3,XGBoost Signature
2011-06-15,0.00514,"SMALL LoBM, ME1 BM2, ME1 BM3, ME1 BM4, SMALL HiBM",1.0760771782531378,daily_ff3,Daily FF3,XGBoost Signature
2011-06-16,-1.9999999999999944e-05,"BIG HiBM, SMALL LoBM, ME1 BM2, ME1 BM3, ME1 BM4",1.0760556567095727,daily_ff3,Daily FF3,XGBoost Signature
2011-06-17,0.00244,"ME5 BM4, BIG HiBM, SMALL LoBM, ME1 BM2, ME1 BM3",1.078681232511944,daily_ff3,Daily FF3,XGBoost Signature
2011-06-20,0.01864,"ME5 BM4, BIG HiBM, ME3 BM2, ME3 BM3, ME3 BM5",1.0987878506859667,daily_ff3,Daily FF3,XGBoost Signature
2011-06-21,-0.00936,"ME5 BM4, BIG HiBM, ME1 BM3, ME1 BM4, SMALL HiBM",1.088503196403546,daily_ff3,Daily FF3,XGBoost Signature
2011-06-22,0.00084,"ME5 BM4, BIG HiBM, SMALL LoBM, ME1 BM2, ME1 BM3",1.089417539088525,daily_ff3,Daily FF3,XGBoost Signature
2011-06-23,-0.00546,"ME5 BM4, BIG HiBM, SMALL LoBM, ME1 BM2, ME1 BM3",1.0834693193251017,daily_ff3,Daily FF3,XGBoost Signature
2011-06-24,0.01184,"BIG HiBM, SMALL LoBM, ME1 BM2, ME1 BM3, ME1 BM4",1.096297596065911,daily_ff3,Daily FF3,XGBoost Signature
2011-06-27,0.01206,"ME5 BM4, BIG HiBM, SMALL LoBM, ME1 BM2, ME1 BM3",1.1095189450744658,daily_ff3,Daily FF3,XGBoost Signature
2011-06-28,0.0062799999999999,"ME5 BM4, BIG HiBM, ME1 BM2, ME1 BM3, ME1 BM4",1.1164867240495335,daily_ff3,Daily FF3,XGBoost Signature
2011-06-29,0.00796,"BIG HiBM, ME5 BM4, SMALL LoBM, ME1 BM2, ME1 BM3",1.1253739583729678,daily_ff3,Daily FF3,XGBoost Signature
2011-06-30,0.0177799999999999,"ME5 BM4, BIG HiBM, ME3 BM2, ME3 BM3, ME3 BM4",1.145383107352839,daily_ff3,Daily FF3,XGBoost Signature
2011-07-01,-0.0013199999999999,"ME5 BM4, BIG HiBM, ME1 BM2, ME1 BM3, ME1 BM4",1.1438712016511334,daily_ff3,Daily FF3,XGBoost Signature
2011-07-05,-0.00072,"ME5 BM4, BIG HiBM, ME3 BM3, ME3 BM4, ME4 BM3",1.1430476143859445,daily_ff3,Daily FF3,XGBoost Signature
2011-07-06,0.01484,"BIG HiBM, ME5 BM4, SMALL LoBM, ME1 BM2, ME1 BM3",1.1600104409834318,daily_ff3,Daily FF3,XGBoost Signature
2011-07-07,-0.0078999999999999,"ME5 BM4, BIG HiBM, SMALL LoBM, ME1 BM2, ME1 BM3",1.1508463584996629,daily_ff3,Daily FF3,XGBoost Signature
2011-07-08,-0.0212999999999999,"ME5 BM4, BIG HiBM, SMALL LoBM, ME1 BM2, ME1 BM3",1.12633333106362,daily_ff3,Daily FF3,XGBoost Signature
2011-07-11,-0.00464,"BIG HiBM, ME5 BM4, SMALL LoBM, ME1 BM2, ME1 BM3",1.1211071444074847,daily_ff3,Daily FF3,XGBoost Signature
2011-07-12,0.0075,"ME3 BM1, ME5 BM4, BIG HiBM, SMALL LoBM, ME1 BM2",1.129515447990541,daily_ff3,Daily FF3,XGBoost Signature
2011-07-13,-0.01006,"ME5 BM4, BIG HiBM, ME3 BM5, SMALL LoBM, ME1 BM2",1.118152522583756,daily_ff3,Daily FF3,XGBoost Signature
2011-07-14,0.00296,"ME5 BM4, ME5 BM2, BIG HiBM, SMALL LoBM, ME1 BM2",1.121462254050604,daily_ff3,Daily FF3,XGBoost Signature
2011-07-15,-0.0135799999999999,"ME5 BM4, ME5 BM2, BIG HiBM, SMALL LoBM, ME1 BM2",1.106232796640597,daily_ff3,Daily FF3,XGBoost Signature
2011-07-18,0.0181,"ME4 BM4, ME5 BM2, ME5 BM4, SMALL LoBM, ME1 BM2",1.1262556102597918,daily_ff3,Daily FF3,XGBoost Signature
2011-07-19,-0.0002,"ME5 BM4, BIG HiBM, SMALL LoBM, ME1 BM2, ME1 BM3",1.12603035913774,daily_ff3,Daily FF3,XGBoost Signature
2011-07-20,0.0150599999999999,"ME5 BM4, BIG HiBM, SMALL LoBM, ME1 BM2, ME1 BM3",1.1429883763463542,daily_ff3,Daily FF3,XGBoost Signature
2011-07-21,-0.00134,"ME5 BM4, ME2 BM2, ME3 BM3, ME3 BM4, ME4 BM5",1.14145677192205,daily_ff3,Daily FF3,XGBoost Signature
2011-07-22,-0.0115,"ME5 BM4, BIG HiBM, SMALL LoBM, ME1 BM2, ME1 BM4",1.1283300190449466,daily_ff3,Daily FF3,XGBoost Signature
2011-07-25,-0.0072,"ME5 BM4, BIG HiBM, ME3 BM1, SMALL LoBM, ME1 BM2",1.1202060429078229,daily_ff3,Daily FF3,XGBoost Signature
2011-07-26,-0.02646,"ME5 BM4, BIG HiBM, SMALL LoBM, ME1 BM2, ME1 BM3",1.090565391012482,daily_ff3,Daily FF3,XGBoost Signature
2011-07-27,0.00078,"ME1 BM2, ME5 BM4, BIG HiBM, SMALL LoBM, ME1 BM3",1.0914160320174715,daily_ff3,Daily FF3,XGBoost Signature
2011-07-28,-0.00378,"ME5 BM4, BIG HiBM, SMALL LoBM, ME1 BM2, ME1 BM3",1.0872904794164455,daily_ff3,Daily FF3,XGBoost Signature
2011-07-29,-0.00108,"SMALL HiBM, ME5 BM4, BIG HiBM, SMALL LoBM, ME1 BM2",1.086116205698676,daily_ff3,Daily FF3,XGBoost Signature
2011-08-01,-0.02916,"ME5 BM4, SMALL HiBM, BIG HiBM, SMALL LoBM, ME1 BM2",1.0544450571405026,daily_ff3,Daily FF3,XGBoost Signature
2011-08-02,0.00654,"ME5 BM4, SMALL HiBM, BIG HiBM, SMALL LoBM, ME1 BM2",1.0613411278142015,daily_ff3,Daily FF3,XGBoost Signature
2011-08-03,-0.05514,"ME4 BM3, BIG HiBM, ME5 BM4, SMALL HiBM, SMALL LoBM",1.0028187780265263,daily_ff3,Daily FF3,XGBoost Signature
2011-08-04,-0.01248,"ME5 BM4, SMALL HiBM, BIG HiBM, SMALL LoBM, ME1 BM2",0.9903035996767554,daily_ff3,Daily FF3,XGBoost Signature
2011-08-05,-0.08474,"ME4 BM4, ME4 BM5, ME5 BM4, BIG HiBM, SMALL LoBM",0.9063852726401472,daily_ff3,Daily FF3,XGBoost Signature
2011-08-08,0.05178,"ME5 BM2, ME5 BM4, ME5 BM3, SMALL LoBM, ME1 BM2",0.953317902057454,daily_ff3,Daily FF3,XGBoost Signature
2011-08-09,-0.0522399999999999,"BIG HiBM, ME4 BM4, ME4 BM5, ME5 BM4, SMALL LoBM",0.9035165748539726,daily_ff3,Daily FF3,XGBoost Signature
2011-08-10,0.05526,"ME2 BM1, ME2 BM3, ME4 BM5, BIG HiBM, SMALL LoBM",0.9534449007804032,daily_ff3,Daily FF3,XGBoost Signature
2011-08-11,-0.00464,"SMALL LoBM, SMALL HiBM, ME5 BM4, BIG HiBM, ME1 BM4",0.949020916440782,daily_ff3,Daily FF3,XGBoost Signature
2011-08-12,0.0298599999999999,"ME4 BM5, ME5 BM4, ME5 BM2, BIG HiBM, SMALL LoBM",0.977358681005704,daily_ff3,Daily FF3,XGBoost Signature
2011-08-15,-0.0139,"ME2 BM5, ME3 BM5, ME4 BM5, ME5 BM4, BIG HiBM",0.9637733953397246,daily_ff3,Daily FF3,XGBoost Signature
2011-08-16,0.0033,"ME4 BM5, ME5 BM4, ME2 BM5, ME5 BM2, BIG HiBM",0.9669538475443458,daily_ff3,Daily FF3,XGBoost Signature
2011-08-17,-0.05638,"SMALL LoBM, ME1 BM2, ME1 BM3, ME1 BM4, ME2 BM1",0.9124369896197956,daily_ff3,Daily FF3,XGBoost Signature
2011-08-18,-0.01704,"ME4 BM5, ME5 BM4, BIG HiBM, ME2 BM5, ME3 BM5",0.8968890633166743,daily_ff3,Daily FF3,XGBoost Signature
2011-08-19,-0.00312,"SMALL LoBM, ME1 BM3, ME1 BM4, ME2 BM4, ME2 BM5",0.8940907694391262,daily_ff3,Daily FF3,XGBoost Signature
2011-08-22,0.0486999999999999,"SMALL LoBM, ME1 BM4, ME2 BM1, ME2 BM3, ME3 BM3",0.9376329899108116,daily_ff3,Daily FF3,XGBoost Signature
2011-08-23,0.0144799999999999,"ME3 BM3, ME3 BM5, ME4 BM5, ME5 BM2, ME5 BM4",0.9512099156047202,daily_ff3,Daily FF3,XGBoost Signature
2011-08-24,-0.02078,"ME5 BM2, ME3 BM2, ME3 BM3, ME3 BM5, ME4 BM1",0.931443773558454,daily_ff3,Daily FF3,XGBoost Signature
2011-08-25,0.02508,"ME3 BM2, ME3 BM3, ME3 BM5, ME4 BM1, SMALL LoBM",0.9548043833993,daily_ff3,Daily FF3,XGBoost Signature
2011-08-26,0.04338,"ME2 BM3, ME3 BM1, ME3 BM2, ME3 BM3, ME4 BM1",0.9962237975511616,daily_ff3,Daily FF3,XGBoost Signature
2011-08-29,0.00414,"ME2 BM3, ME3 BM1, ME3 BM2, ME3 BM3, ME3 BM5",1.0003481640730234,daily_ff3,Daily FF3,XGBoost Signature
2011-08-30,-0.0008,"BIG LoBM, SMALL LoBM, ME2 BM1, ME3 BM1, ME3 BM2",0.999547885541765,daily_ff3,Daily FF3,XGBoost Signature
2011-08-31,-0.01894,"SMALL LoBM, ME3 BM2, BIG LoBM, ME2 BM1, ME3 BM1",0.980616448589604,daily_ff3,Daily FF3,XGBoost Signature
2011-09-01,-0.03344,"ME2 BM3, ME3 BM2, BIG LoBM, SMALL LoBM, ME2 BM1",0.9478246345487676,daily_ff3,Daily FF3,XGBoost Signature
2011-09-02,-0.0047399999999999,"ME2 BM3, ME3 BM2, BIG LoBM, SMALL LoBM, ME2 BM1",0.9433319457810064,daily_ff3,Daily FF3,XGBoost Signature
2011-09-06,0.03642,"SMALL HiBM, ME2 BM2, ME2 BM4, ME3 BM5, BIG LoBM",0.9776880952463506,daily_ff3,Daily FF3,XGBoost Signature
2011-09-07,-0.01766,"SMALL HiBM, ME2 BM2, ME2 BM4, ME3 BM5, BIG LoBM",0.9604221234843,daily_ff3,Daily FF3,XGBoost Signature
2011-09-08,-0.02806,"ME2 BM2, ME2 BM5, ME3 BM5, BIG LoBM, SMALL LoBM",0.9334726786993306,daily_ff3,Daily FF3,XGBoost Signature
2011-09-09,0.0067199999999999,"BIG LoBM, ME5 BM2, SMALL LoBM, ME1 BM2, ME1 BM3",0.9397456151001902,daily_ff3,Daily FF3,XGBoost Signature
2011-09-12,0.016,"BIG LoBM, ME5 BM2, SMALL LoBM, ME1 BM2, ME1 BM3",0.9547815449417932,daily_ff3,Daily FF3,XGBoost Signature
2011-09-13,0.0161,"BIG LoBM, ME5 BM2, SMALL LoBM, ME1 BM2, ME1 BM3",0.970153527815356,daily_ff3,Daily FF3,XGBoost Signature
2011-09-14,0.01106,"BIG LoBM, ME5 BM2, SMALL LoBM, ME1 BM2, ME1 BM3",0.980883425832994,daily_ff3,Daily FF3,XGBoost Signature
2011-09-15,0.0042,"BIG LoBM, ME5 BM2, SMALL LoBM, ME1 BM2, ME1 BM3",0.9850031362214926,daily_ff3,Daily FF3,XGBoost Signature
2011-09-16,-0.01462,"BIG LoBM, ME5 BM2, SMALL LoBM, ME1 BM2, ME1 BM3",0.9706023903699345,daily_ff3,Daily FF3,XGBoost Signature
2011-09-19,-0.0118,"BIG LoBM, ME5 BM2, SMALL LoBM, ME1 BM2, ME1 BM3",0.9591492821635692,daily_ff3,Daily FF3,XGBoost Signature
2011-09-20,-0.03456,"BIG HiBM, SMALL LoBM, ME1 BM2, ME1 BM3, ME1 BM4",0.9260010829719962,daily_ff3,Daily FF3,XGBoost Signature
2011-09-21,-0.03308,"BIG LoBM, ME5 BM2, SMALL LoBM, ME1 BM2, ME1 BM3",0.8953689671472826,daily_ff3,Daily FF3,XGBoost Signature
2011-09-22,0.01,"BIG HiBM, ME3 BM4, ME4 BM2, BIG LoBM, ME5 BM2",0.9043226568187556,daily_ff3,Daily FF3,XGBoost Signature
2011-09-23,0.0183599999999999,"ME4 BM2, ME4 BM5, SMALL LoBM, ME1 BM2, ME1 BM3",0.9209260207979476,daily_ff3,Daily FF3,XGBoost Signature
2011-09-26,0.01786,"ME4 BM2, ME4 BM4, ME4 BM5, SMALL LoBM, ME1 BM2",0.937373759529399,daily_ff3,Daily FF3,XGBoost Signature
2011-09-27,-0.03622,"ME4 BM2, ME4 BM4, SMALL LoBM, ME1 BM2, ME1 BM3",0.9034220819592442,daily_ff3,Daily FF3,XGBoost Signature
2011-09-28,0.01508,"ME4 BM4, ME4 BM5, SMALL LoBM, ME1 BM2, ME1 BM3",0.9170456869551896,daily_ff3,Daily FF3,XGBoost Signature
2011-09-29,-0.0260399999999999,"BIG HiBM, ME4 BM4, ME4 BM5, SMALL LoBM, ME1 BM2",0.8931658172668765,daily_ff3,Daily FF3,XGBoost Signature
2011-09-30,-0.05494,"SMALL LoBM, ME1 BM2, ME1 BM3, ME1 BM4, SMALL HiBM",0.8440952872662343,daily_ff3,Daily FF3,XGBoost Signature
2011-10-03,0.05114,"ME4 BM4, ME4 BM5, SMALL LoBM, ME1 BM2, ME1 BM3",0.8872623202570294,daily_ff3,Daily FF3,XGBoost Signature
2011-10-04,0.00962,"SMALL LoBM, ME1 BM2, ME1 BM3, ME1 BM4, SMALL HiBM",0.8957977837779021,daily_ff3,Daily FF3,XGBoost Signature
2011-10-05,0.01678,"BIG LoBM, SMALL LoBM, ME1 BM2, ME1 BM3, ME1 BM4",0.9108292705896952,daily_ff3,Daily FF3,XGBoost Signature
2011-10-06,-0.0271,"SMALL LoBM, ME1 BM2, ME1 BM3, ME1 BM4, SMALL HiBM",0.8861457973567146,daily_ff3,Daily FF3,XGBoost Signature
2011-10-07,0.03902,"SMALL LoBM, ME1 BM2, ME1 BM3, ME1 BM4, SMALL HiBM",0.9207232063695736,daily_ff3,Daily FF3,XGBoost Signature
2011-10-10,0.00924,"BIG HiBM, SMALL LoBM, ME1 BM2, ME1 BM3, ME1 BM4",0.9292306887964285,daily_ff3,Daily FF3,XGBoost Signature
2011-10-11,0.02006,"SMALL LoBM, ME1 BM2, ME1 BM3, ME1 BM4, SMALL HiBM",0.9478710564136849,daily_ff3,Daily FF3,XGBoost Signature
2011-10-12,-0.00026,"SMALL LoBM, ME1 BM2, ME1 BM3, ME1 BM4, SMALL HiBM",0.9476246099390172,daily_ff3,Daily FF3,XGBoost Signature
2011-10-13,0.01768,"SMALL LoBM, ME1 BM2, ME1 BM3, ME1 BM4, SMALL HiBM",0.964378613042739,daily_ff3,Daily FF3,XGBoost Signature
2011-10-14,-0.03524,"SMALL LoBM, ME1 BM2, ME1 BM3, ME1 BM4, SMALL HiBM",0.9303939107191128,daily_ff3,Daily FF3,XGBoost Signature
2011-10-17,0.0304,"SMALL LoBM, ME1 BM2, ME1 BM3, ME1 BM4, SMALL HiBM",0.9586778856049738,daily_ff3,Daily FF3,XGBoost Signature
2011-10-18,-0.02254,"SMALL LoBM, ME1 BM2, ME1 BM3, ME1 BM4, SMALL HiBM",0.9370692860634376,daily_ff3,Daily FF3,XGBoost Signature
2011-10-19,-0.00054,"SMALL LoBM, ME1 BM2, ME1 BM3, ME1 BM4, SMALL HiBM",0.9365632686489634,daily_ff3,Daily FF3,XGBoost Signature
2011-10-20,0.0197,"BIG LoBM, SMALL LoBM, ME1 BM2, ME1 BM3, ME1 BM4",0.955013565041348,daily_ff3,Daily FF3,XGBoost Signature
2011-10-21,0.02908,"SMALL LoBM, ME1 BM2, ME1 BM3, ME1 BM4, SMALL HiBM",0.9827853595127504,daily_ff3,Daily FF3,XGBoost Signature
2011-10-24,-0.0301999999999999,"SMALL LoBM, ME1 BM2, ME1 BM3, ME1 BM4, SMALL HiBM",0.9531052416554654,daily_ff3,Daily FF3,XGBoost Signature
2011-10-25,0.02344,"SMALL LoBM, ME1 BM2, ME1 BM3, ME1 BM4, SMALL HiBM",0.9754460285198694,daily_ff3,Daily FF3,XGBoost Signature
2011-10-26,0.04998,"ME5 BM4, SMALL LoBM, ME1 BM2, ME1 BM3, ME1 BM4",1.0241988210252924,daily_ff3,Daily FF3,XGBoost Signature
2011-10-27,-0.00152,"ME3 BM4, ME4 BM1, ME5 BM2, ME5 BM4, SMALL LoBM",1.0226420388173338,daily_ff3,Daily FF3,XGBoost Signature
2011-10-28,-0.02508,"ME3 BM4, ME5 BM4, SMALL LoBM, ME1 BM2, ME1 BM3",0.9969941764837952,daily_ff3,Daily FF3,XGBoost Signature
2011-10-31,-0.03504,"ME4 BM5, ME5 BM4, SMALL LoBM, ME1 BM2, ME1 BM3",0.9620595005398028,daily_ff3,Daily FF3,XGBoost Signature
2011-11-01,0.02964,"SMALL LoBM, ME1 BM2, ME1 BM3, ME1 BM4, SMALL HiBM",0.9905749441358028,daily_ff3,Daily FF3,XGBoost Signature
2011-11-02,0.02192,"SMALL LoBM, ME1 BM2, ME1 BM3, ME1 BM4, SMALL HiBM",1.0122883469112596,daily_ff3,Daily FF3,XGBoost Signature
2011-11-03,-0.00652,"ME3 BM4, ME5 BM4, ME4 BM4, SMALL LoBM, ME1 BM2",1.0056882268893983,daily_ff3,Daily FF3,XGBoost Signature
2011-11-04,-0.00178,"ME5 BM4, SMALL LoBM, ME1 BM2, ME1 BM3, ME1 BM4",1.003898101845535,daily_ff3,Daily FF3,XGBoost Signature
2011-11-07,0.0118999999999999,"BIG HiBM, ME3 BM5, ME4 BM1, ME4 BM4, ME5 BM2",1.015844489257497,daily_ff3,Daily FF3,XGBoost Signature
2011-11-08,-0.0397999999999999,"ME4 BM4, ME5 BM2, ME5 BM4, SMALL LoBM, ME1 BM2",0.9754138785850486,daily_ff3,Daily FF3,XGBoost Signature
2011-11-09,0.00896,"ME5 BM2, ME5 BM4, SMALL LoBM, ME1 BM2, ME1 BM3",0.9841535869371708,daily_ff3,Daily FF3,XGBoost Signature
2011-11-10,0.0209799999999999,"ME4 BM4, ME5 BM2, SMALL LoBM, ME1 BM2, ME1 BM3",1.0048011291911123,daily_ff3,Daily FF3,XGBoost Signature
2011-11-11,-0.0139199999999999,"ME4 BM4, ME5 BM2, SMALL LoBM, ME1 BM2, ME1 BM3",0.9908142974727722,daily_ff3,Daily FF3,XGBoost Signature
2011-11-14,0.01216,"ME3 BM1, ME3 BM2, SMALL LoBM, ME1 BM2, ME1 BM3",1.002862599330041,daily_ff3,Daily FF3,XGBoost Signature
2011-11-15,-0.0191199999999999,"BIG HiBM, ME3 BM1, ME3 BM2, SMALL LoBM, ME1 BM2",0.9836878664308508,daily_ff3,Daily FF3,XGBoost Signature
2011-11-16,-0.01784,"ME3 BM1, BIG HiBM, ME5 BM2, SMALL LoBM, ME1 BM2",0.9661388748937244,daily_ff3,Daily FF3,XGBoost Signature
2011-11-17,-0.00418,"ME3 BM1, ME3 BM2, ME4 BM1, ME4 BM2, ME4 BM3",0.9621004143966688,daily_ff3,Daily FF3,XGBoost Signature
2011-11-18,-0.0175999999999999,"ME3 BM1, ME3 BM2, ME4 BM1, ME4 BM2, ME4 BM3",0.9451674471032874,daily_ff3,Daily FF3,XGBoost Signature
2011-11-21,-0.00502,"ME3 BM1, ME3 BM2, ME4 BM1, ME4 BM2, ME4 BM3",0.9404227065188288,daily_ff3,Daily FF3,XGBoost Signature
2011-11-22,-0.0268799999999999,"ME3 BM1, ME3 BM2, ME4 BM1, ME4 BM2, ME4 BM3",0.9151441441676028,daily_ff3,Daily FF3,XGBoost Signature
2011-11-23,-0.00552,"ME3 BM1, ME3 BM2, ME4 BM1, ME4 BM2, ME4 BM3",0.9100925484917975,daily_ff3,Daily FF3,XGBoost Signature
2011-11-25,0.0398,"ME3 BM1, ME3 BM2, ME4 BM1, ME4 BM2, ME4 BM3",0.9463142319217712,daily_ff3,Daily FF3,XGBoost Signature
2011-11-28,0.0013399999999999,"ME3 BM1, ME3 BM2, ME4 BM1, ME4 BM2, ME4 BM3",0.947582292992546,daily_ff3,Daily FF3,XGBoost Signature
2011-11-29,0.05096,"ME2 BM1, ME3 BM1, ME3 BM2, ME4 BM1, ME4 BM2",0.995871086643446,daily_ff3,Daily FF3,XGBoost Signature
2011-11-30,-0.00308,"ME2 BM1, ME3 BM1, ME3 BM2, ME4 BM1, ME4 BM2",0.9928038036965844,daily_ff3,Daily FF3,XGBoost Signature
2011-12-01,0.00412,"SMALL LoBM, ME2 BM1, ME3 BM1, ME3 BM2, ME4 BM1",0.9968941553678142,daily_ff3,Daily FF3,XGBoost Signature
2011-12-02,0.01576,"ME2 BM1, ME3 BM1, ME3 BM2, ME4 BM1, ME4 BM2",1.012605207256411,daily_ff3,Daily FF3,XGBoost Signature
2011-12-05,0.00058,"SMALL LoBM, ME1 BM2, ME2 BM1, ME3 BM1, ME3 BM2",1.0131925182766195,daily_ff3,Daily FF3,XGBoost Signature
2011-12-06,-0.00378,"ME2 BM1, ME3 BM1, ME3 BM2, ME4 BM1, ME4 BM2",1.0093626505575342,daily_ff3,Daily FF3,XGBoost Signature
2011-12-07,-0.02746,"ME2 BM1, ME3 BM1, ME3 BM2, ME4 BM1, ME4 BM2",0.9816455521732242,daily_ff3,Daily FF3,XGBoost Signature
2011-12-08,0.02894,"ME1 BM2, ME2 BM1, ME3 BM1, ME3 BM2, ME4 BM1",1.0100543744531174,daily_ff3,Daily FF3,XGBoost Signature
2011-12-09,-0.01512,"SMALL LoBM, ME1 BM2, ME2 BM1, ME3 BM1, ME3 BM2",0.9947823523113862,daily_ff3,Daily FF3,XGBoost Signature
2011-12-12,-0.02046,"ME2 BM1, ME3 BM1, ME3 BM2, ME4 BM1, ME4 BM2",0.9744291053830952,daily_ff3,Daily FF3,XGBoost Signature
2011-12-13,-0.01626,"SMALL LoBM, ME1 BM2, ME2 BM1, ME3 BM1, ME3 BM2",0.958584888129566,daily_ff3,Daily FF3,XGBoost Signature
2011-12-14,0.0063,"SMALL LoBM, ME1 BM2, ME2 BM1, ME3 BM1, ME3 BM2",0.9646239729247824,daily_ff3,Daily FF3,XGBoost Signature
2011-12-15,0.00622,"SMALL LoBM, ME1 BM2, ME2 BM1, ME3 BM1, ME3 BM2",0.9706239340363744,daily_ff3,Daily FF3,XGBoost Signature
2011-12-16,-0.01954,"SMALL LoBM, ME1 BM2, ME2 BM1, ME2 BM2, ME3 BM1",0.9516579423653037,daily_ff3,Daily FF3,XGBoost Signature
2011-12-19,0.03916,"SMALL LoBM, ME1 BM2, ME2 BM1, ME2 BM2, ME3 BM1",0.9889248673883292,daily_ff3,Daily FF3,XGBoost Signature
2011-12-20,0.00092,"SMALL LoBM, ME1 BM2, ME2 BM1, ME2 BM2, ME2 BM3",0.9898346782663264,daily_ff3,Daily FF3,XGBoost Signature
2011-12-21,0.0066199999999999,"SMALL LoBM, ME1 BM2, ME2 BM1, ME2 BM2, ME3 BM1",0.9963873838364494,daily_ff3,Daily FF3,XGBoost Signature
2011-12-22,0.0046,"ME1 BM2, ME2 BM2, ME3 BM1, ME3 BM2, ME4 BM1",1.000970765802097,daily_ff3,Daily FF3,XGBoost Signature
2011-12-23,0.00196,"ME1 BM3, ME1 BM4, SMALL HiBM, ME2 BM3, ME5 BM2",1.002932668503069,daily_ff3,Daily FF3,XGBoost Signature
2011-12-27,-0.02062,"SMALL LoBM, ME1 BM2, ME2 BM1, ME2 BM2, ME3 BM1",0.9822521968785358,daily_ff3,Daily FF3,XGBoost Signature
2011-12-28,0.0137399999999999,"ME2 BM1, ME3 BM1, ME3 BM2, ME3 BM3, ME3 BM4",0.995748342063647,daily_ff3,Daily FF3,XGBoost Signature
2011-12-29,-0.00456,"ME2 BM1, ME2 BM2, ME3 BM1, ME3 BM2, ME3 BM3",0.9912077296238369,daily_ff3,Daily FF3,XGBoost Signature
2011-12-30,0.01546,"SMALL LoBM, ME1 BM2, ME1 BM4, ME2 BM1, ME2 BM2",1.0065318011238211,daily_ff3,Daily FF3,XGBoost Signature
2012-01-03,-0.0072,"SMALL LoBM, ME1 BM2, ME1 BM4, ME2 BM1, ME2 BM2",0.99928477215573,daily_ff3,Daily FF3,XGBoost Signature
2012-01-04,0.00598,"SMALL LoBM, ME1 BM2, ME1 BM4, ME2 BM1, ME2 BM2",1.0052604950932211,daily_ff3,Daily FF3,XGBoost Signature
2012-01-05,-0.0016799999999999,"SMALL LoBM, ME1 BM2, ME1 BM4, ME2 BM1, ME2 BM2",1.0035716574614646,daily_ff3,Daily FF3,XGBoost Signature
2012-01-06,0.00958,"SMALL LoBM, ME1 BM2, ME2 BM1, ME2 BM2, ME2 BM4",1.0131858739399453,daily_ff3,Daily FF3,XGBoost Signature
2012-01-09,0.01328,"SMALL LoBM, ME1 BM2, ME2 BM1, ME2 BM2, ME2 BM4",1.0266409823458678,daily_ff3,Daily FF3,XGBoost Signature
2012-01-10,0.00448,"SMALL LoBM, ME1 BM2, ME2 BM1, ME2 BM2, ME2 BM4",1.0312403339467773,daily_ff3,Daily FF3,XGBoost Signature
2012-01-11,0.00586,"SMALL LoBM, ME1 BM2, ME2 BM1, ME2 BM2, ME3 BM1",1.0372834023037054,daily_ff3,Daily FF3,XGBoost Signature
2012-01-12,-0.00786,"ME1 BM2, ME1 BM4, ME2 BM1, ME2 BM2, ME2 BM3",1.0291303547615984,daily_ff3,Daily FF3,XGBoost Signature
2012-01-13,0.0035199999999999,"ME2 BM1, ME2 BM2, ME3 BM1, ME3 BM2, ME3 BM3",1.0327528936103592,daily_ff3,Daily FF3,XGBoost Signature
2012-01-17,0.01962,"SMALL LoBM, ME1 BM2, ME2 BM1, ME2 BM2, ME2 BM3",1.0530155053829944,daily_ff3,Daily FF3,XGBoost Signature
2012-01-18,0.0036,"ME1 BM2, ME2 BM1, ME2 BM2, ME2 BM3, ME2 BM4",1.0568063612023733,daily_ff3,Daily FF3,XGBoost Signature
2012-01-19,0.0004,"ME1 BM2, ME2 BM1, ME2 BM2, ME3 BM1, ME3 BM2",1.057229083746854,daily_ff3,Daily FF3,XGBoost Signature
2012-01-20,-0.0009,"ME2 BM1, ME2 BM2, ME3 BM1, ME3 BM2, ME4 BM1",1.056277577571482,daily_ff3,Daily FF3,XGBoost Signature
2012-01-23,0.00788,"ME4 BM1, ME1 BM3, ME1 BM4, SMALL HiBM, ME2 BM3",1.0646010448827452,daily_ff3,Daily FF3,XGBoost Signature
2012-01-24,0.0085,"ME4 BM1, ME1 BM3, ME1 BM4, SMALL HiBM, ME2 BM3",1.0736501537642484,daily_ff3,Daily FF3,XGBoost Signature
2012-01-25,-0.00516,"SMALL LoBM, ME2 BM2, ME2 BM4, ME2 BM5, ME4 BM3",1.0681101189708249,daily_ff3,Daily FF3,XGBoost Signature
2012-01-26,0.00278,"ME1 BM3, SMALL HiBM, ME5 BM3, ME5 BM4, BIG HiBM",1.0710794651015638,daily_ff3,Daily FF3,XGBoost Signature
2012-01-27,-0.00566,"SMALL HiBM, ME4 BM3, ME5 BM3, ME5 BM4, BIG HiBM",1.065017155329089,daily_ff3,Daily FF3,XGBoost Signature
2012-01-30,0.0003399999999999,"SMALL HiBM, ME5 BM3, BIG HiBM, ME1 BM3, ME3 BM4",1.0653792611619008,daily_ff3,Daily FF3,XGBoost Signature
2012-01-31,0.0159,"SMALL HiBM, ME5 BM3, BIG HiBM, ME1 BM3, ME5 BM4",1.082318791414375,daily_ff3,Daily FF3,XGBoost Signature
2012-02-01,0.00444,"ME5 BM3, BIG HiBM, SMALL HiBM, ME5 BM4, SMALL LoBM",1.087124286848255,daily_ff3,Daily FF3,XGBoost Signature
2012-02-02,0.02042,"ME5 BM3, SMALL HiBM, ME5 BM4, BIG HiBM, ME2 BM1",1.1093233647856964,daily_ff3,Daily FF3,XGBoost Signature
2012-02-03,-0.0008799999999999,"ME5 BM3, SMALL HiBM, ME4 BM3, ME5 BM4, BIG HiBM",1.108347160224685,daily_ff3,Daily FF3,XGBoost Signature
2012-02-06,-0.0012,"BIG HiBM, ME1 BM3, SMALL HiBM, ME2 BM3, ME4 BM3",1.1070171436324154,daily_ff3,Daily FF3,XGBoost Signature
2012-02-07,0.00302,"ME1 BM3, SMALL HiBM, ME5 BM4, ME1 BM4, ME2 BM3",1.1103603354061853,daily_ff3,Daily FF3,XGBoost Signature
2012-02-08,-0.00292,"SMALL HiBM, BIG HiBM, ME1 BM3, ME4 BM5, ME5 BM4",1.1071180832267993,daily_ff3,Daily FF3,XGBoost Signature
2012-02-09,-0.00924,"SMALL HiBM, BIG HiBM, ME1 BM3, ME4 BM5, ME5 BM4",1.0968883121377837,daily_ff3,Daily FF3,XGBoost Signature
2012-02-10,0.01326,"SMALL LoBM, ME1 BM4, ME2 BM5, BIG HiBM, ME1 BM3",1.1114330511567307,daily_ff3,Daily FF3,XGBoost Signature
2012-02-13,-0.00504,"BIG HiBM, ME1 BM3, SMALL HiBM, ME4 BM5, ME5 BM4",1.1058314285789008,daily_ff3,Daily FF3,XGBoost Signature
2012-02-14,-0.005,"BIG HiBM, ME1 BM3, SMALL HiBM, ME4 BM5, ME5 BM4",1.1003022714360062,daily_ff3,Daily FF3,XGBoost Signature
2012-02-15,0.01774,"ME3 BM1, ME3 BM3, SMALL HiBM, BIG HiBM, SMALL LoBM",1.1198216337312812,daily_ff3,Daily FF3,XGBoost Signature
2012-02-16,0.00286,"SMALL LoBM, ME1 BM3, SMALL HiBM, ME4 BM5, BIG HiBM",1.1230243236037527,daily_ff3,Daily FF3,XGBoost Signature
2012-02-17,-0.00388,"ME1 BM3, SMALL HiBM, ME4 BM5, BIG HiBM, SMALL LoBM",1.1186669892281702,daily_ff3,Daily FF3,XGBoost Signature
2012-02-21,-0.0109,"ME1 BM3, SMALL HiBM, ME4 BM5, BIG HiBM, ME1 BM2",1.1064735190455832,daily_ff3,Daily FF3,XGBoost Signature
2012-02-22,0.0159,"SMALL LoBM, SMALL HiBM, ME4 BM5, ME1 BM2, ME1 BM3",1.124066447998408,daily_ff3,Daily FF3,XGBoost Signature
2012-02-23,-0.00338,"ME2 BM5, SMALL LoBM, ME1 BM3, SMALL HiBM, ME1 BM2",1.1202671034041731,daily_ff3,Daily FF3,XGBoost Signature
2012-02-24,0.0001,"ME2 BM5, ME3 BM1, ME3 BM2, ME4 BM5, SMALL LoBM",1.1203791301145138,daily_ff3,Daily FF3,XGBoost Signature
2012-02-27,-0.0031,"ME1 BM2, ME1 BM4, ME2 BM3, ME2 BM2, ME2 BM4",1.1169059548111588,daily_ff3,Daily FF3,XGBoost Signature
2012-02-28,-0.01446,"ME2 BM1, ME2 BM4, ME4 BM5, SMALL LoBM, ME1 BM2",1.1007554947045894,daily_ff3,Daily FF3,XGBoost Signature
2012-02-29,0.00458,"ME2 BM2, ME2 BM1, ME2 BM3, ME3 BM1, SMALL LoBM",1.1057969548703366,daily_ff3,Daily FF3,XGBoost Signature
2012-03-01,-0.0169,"ME2 BM3, ME3 BM1, ME2 BM1, ME2 BM2, SMALL LoBM",1.087108986333028,daily_ff3,Daily FF3,XGBoost Signature
2012-03-02,0.0047799999999999,"SMALL LoBM, ME1 BM2, ME1 BM3, ME1 BM4, SMALL HiBM",1.0923053672876997,daily_ff3,Daily FF3,XGBoost Signature
2012-03-05,-0.01966,"ME1 BM4, SMALL HiBM, ME2 BM2, ME2 BM3, ME3 BM1",1.0708306437668236,daily_ff3,Daily FF3,XGBoost Signature
2012-03-06,0.01076,"ME3 BM1, ME1 BM2, ME2 BM1, ME2 BM2, ME2 BM3",1.0823527814937548,daily_ff3,Daily FF3,XGBoost Signature
2012-03-07,0.0128,"SMALL LoBM, ME1 BM3, ME1 BM4, SMALL HiBM, ME3 BM1",1.0962068970968748,daily_ff3,Daily FF3,XGBoost Signature
2012-03-08,0.01286,"ME1 BM3, ME1 BM4, SMALL HiBM, BIG HiBM, SMALL LoBM",1.1103041177935409,daily_ff3,Daily FF3,XGBoost Signature
2012-03-09,-0.00392,"BIG HiBM, SMALL LoBM, ME2 BM3, ME1 BM2, ME1 BM3",1.10595172565179,daily_ff3,Daily FF3,XGBoost Signature
2012-03-12,0.0197,"ME2 BM1, ME2 BM2, ME2 BM3, SMALL LoBM, ME1 BM2",1.1277389746471302,daily_ff3,Daily FF3,XGBoost Signature
2012-03-13,-0.0082999999999999,"ME3 BM1, ME3 BM2, ME4 BM2, ME4 BM3, ME2 BM1",1.1183787411575592,daily_ff3,Daily FF3,XGBoost Signature
2012-03-14,0.0083399999999999,"SMALL LoBM, ME1 BM2, ME1 BM3, ME1 BM4, SMALL HiBM",1.1277060198588134,daily_ff3,Daily FF3,XGBoost Signature
2012-03-15,-0.00172,"ME1 BM2, ME1 BM3, ME1 BM4, SMALL HiBM, ME2 BM1",1.125766365504656,daily_ff3,Daily FF3,XGBoost Signature
2012-03-16,0.01134,"ME1 BM2, ME1 BM3, ME1 BM4, ME3 BM1, SMALL HiBM",1.1385325560894788,daily_ff3,Daily FF3,XGBoost Signature
2012-03-19,-0.00582,"ME1 BM3, ME1 BM4, SMALL HiBM, ME3 BM1, BIG HiBM",1.131906296613038,daily_ff3,Daily FF3,XGBoost Signature
2012-03-20,0.0003199999999999,"ME1 BM3, SMALL HiBM, ME2 BM2, ME2 BM5, ME3 BM3",1.1322685066279543,daily_ff3,Daily FF3,XGBoost Signature
2012-03-21,-0.00876,"ME1 BM2, ME1 BM3, ME1 BM4, SMALL HiBM, ME2 BM2",1.1223498345098937,daily_ff3,Daily FF3,XGBoost Signature
2012-03-22,0.01122,"ME1 BM3, ME1 BM4, SMALL HiBM, ME2 BM1, ME2 BM2",1.1349425996530944,daily_ff3,Daily FF3,XGBoost Signature
2012-03-23,0.01884,"BIG HiBM, SMALL HiBM, ME1 BM2, ME1 BM3, ME1 BM4",1.1563249182305586,daily_ff3,Daily FF3,XGBoost Signature
2012-03-26,-0.00722,"ME2 BM1, ME2 BM2, ME2 BM5, ME3 BM1, SMALL LoBM",1.147976252320934,daily_ff3,Daily FF3,XGBoost Signature
2012-03-27,-0.0062599999999999,"ME2 BM1, ME2 BM2, ME2 BM3, ME2 BM4, ME2 BM5",1.140789920981405,daily_ff3,Daily FF3,XGBoost Signature
2012-03-28,-0.0030399999999999,"ME2 BM1, ME2 BM2, ME2 BM4, ME3 BM3, ME3 BM1",1.1373219196216215,daily_ff3,Daily FF3,XGBoost Signature
2012-03-29,-0.00232,"ME2 BM1, ME2 BM2, ME2 BM4, ME3 BM1, ME3 BM2",1.1346833327680994,daily_ff3,Daily FF3,XGBoost Signature
2012-03-30,0.01136,"ME2 BM2, ME3 BM1, ME1 BM3, SMALL HiBM, ME2 BM1",1.147573335428345,daily_ff3,Daily FF3,XGBoost Signature
2012-04-02,-0.00836,"ME1 BM3, SMALL HiBM, ME2 BM1, ME2 BM2, ME2 BM3",1.137979622344164,daily_ff3,Daily FF3,XGBoost Signature
2012-04-03,-0.0177,"ME1 BM2, ME1 BM3, SMALL HiBM, ME2 BM1, ME2 BM2",1.1178373830286723,daily_ff3,Daily FF3,XGBoost Signature
2012-04-04,-0.0003599999999999,"ME1 BM3, SMALL HiBM, ME2 BM1, ME2 BM2, ME2 BM3",1.117434961570782,daily_ff3,Daily FF3,XGBoost Signature
2012-04-05,-0.01754,"ME1 BM2, SMALL HiBM, ME2 BM1, ME2 BM2, ME2 BM3",1.0978351523448304,daily_ff3,Daily FF3,XGBoost Signature
2012-04-09,-0.0239199999999999,"ME2 BM1, ME2 BM2, ME2 BM3, ME2 BM4, ME2 BM5",1.0715749355007422,daily_ff3,Daily FF3,XGBoost Signature
2012-04-10,0.0150999999999999,"ME3 BM3, SMALL HiBM, ME2 BM1, ME2 BM2, ME2 BM4",1.0877557170268033,daily_ff3,Daily FF3,XGBoost Signature
2012-04-11,0.01476,"ME2 BM1, ME2 BM2, ME2 BM4, ME3 BM3, SMALL LoBM",1.103810991410119,daily_ff3,Daily FF3,XGBoost Signature
2012-04-12,-0.0143399999999999,"ME2 BM1, ME2 BM4, ME3 BM1, ME3 BM3, ME3 BM4",1.087982341793298,daily_ff3,Daily FF3,XGBoost Signature
2012-04-13,-0.0004599999999999,"ME2 BM1, ME3 BM1, ME3 BM3, ME3 BM4, ME3 BM5",1.0874818699160729,daily_ff3,Daily FF3,XGBoost Signature
2012-04-16,0.01648,"ME2 BM1, ME3 BM1, ME3 BM2, ME3 BM3, SMALL LoBM",1.1054035711322898,daily_ff3,Daily FF3,XGBoost Signature
2012-04-17,-0.00788,"ME2 BM1, ME3 BM3, ME3 BM4, ME3 BM5, SMALL LoBM",1.096692990991767,daily_ff3,Daily FF3,XGBoost Signature
2012-04-18,-0.00422,"ME2 BM1, ME3 BM3, ME3 BM4, ME3 BM5, SMALL LoBM",1.092064946569782,daily_ff3,Daily FF3,XGBoost Signature
2012-04-19,0.00346,"ME2 BM1, ME3 BM2, ME3 BM3, ME3 BM4, ME3 BM5",1.0958434912849135,daily_ff3,Daily FF3,XGBoost Signature
2012-04-20,-0.0111799999999999,"ME2 BM1, ME3 BM3, ME3 BM4, ME3 BM5, ME4 BM5",1.0835919610523483,daily_ff3,Daily FF3,XGBoost Signature
2012-04-23,0.00526,"ME2 BM1, ME3 BM3, ME3 BM4, ME3 BM5, ME4 BM5",1.0892916547674838,daily_ff3,Daily FF3,XGBoost Signature
2012-04-24,0.01626,"ME2 BM1, ME3 BM3, ME3 BM4, ME3 BM5, ME4 BM5",1.107003537074003,daily_ff3,Daily FF3,XGBoost Signature
2012-04-25,0.0087199999999999,"ME2 BM1, ME3 BM3, ME3 BM4, ME3 BM5, ME4 BM5",1.1166566079172884,daily_ff3,Daily FF3,XGBoost Signature
2012-04-26,0.00678,"ME2 BM1, ME3 BM3, ME3 BM4, ME4 BM4, ME4 BM5",1.1242275397189676,daily_ff3,Daily FF3,XGBoost Signature
2012-04-27,-0.0086,"ME2 BM1, ME3 BM3, ME3 BM4, ME3 BM5, ME4 BM5",1.1145591828773844,daily_ff3,Daily FF3,XGBoost Signature
2012-04-30,-3.4694469519536144e-19,"ME3 BM3, ME3 BM4, ME4 BM5, SMALL LoBM, ME1 BM2",1.1145591828773844,daily_ff3,Daily FF3,XGBoost Signature
2012-05-01,-0.00112,"ME3 BM3, ME3 BM4, ME3 BM5, ME4 BM4, ME4 BM5",1.1133108765925617,daily_ff3,Daily FF3,XGBoost Signature
2012-05-02,-0.01328,"ME3 BM3, ME3 BM4, ME3 BM5, ME4 BM5, ME5 BM3",1.0985261081514126,daily_ff3,Daily FF3,XGBoost Signature
2012-05-03,-0.0162,"ME3 BM4, ME3 BM5, ME4 BM5, ME5 BM3, SMALL LoBM",1.0807299851993597,daily_ff3,Daily FF3,XGBoost Signature
2012-05-04,0.0009,"ME3 BM4, ME3 BM5, ME4 BM4, ME4 BM5, ME5 BM3",1.081702642186039,daily_ff3,Daily FF3,XGBoost Signature
2012-05-07,-0.0026,"ME3 BM5, ME5 BM3, ME3 BM3, ME3 BM4, ME4 BM4",1.078890215316355,daily_ff3,Daily FF3,XGBoost Signature
2012-05-08,-0.00378,"ME3 BM3, ME3 BM4, ME3 BM5, ME4 BM4, ME4 BM5",1.0748120103024592,daily_ff3,Daily FF3,XGBoost Signature
2012-05-09,0.00412,"ME3 BM3, ME3 BM4, ME3 BM5, ME4 BM4, ME4 BM5",1.0792402357849051,daily_ff3,Daily FF3,XGBoost Signature
2012-05-10,-0.0031399999999999,"ME2 BM2, ME3 BM3, ME3 BM4, ME3 BM5, ME4 BM4",1.0758514214445405,daily_ff3,Daily FF3,XGBoost Signature
2012-05-11,-0.01184,"ME3 BM3, ME3 BM4, ME3 BM5, ME4 BM4, ME4 BM5",1.0631133406146371,daily_ff3,Daily FF3,XGBoost Signature
2012-05-14,-0.00592,"ME3 BM3, ME3 BM4, ME3 BM5, ME4 BM4, ME4 BM5",1.0568197096381984,daily_ff3,Daily FF3,XGBoost Signature
2012-05-15,-0.00892,"ME2 BM2, ME3 BM3, ME3 BM4, ME3 BM5, ME4 BM4",1.0473928778282255,daily_ff3,Daily FF3,XGBoost Signature
2012-05-16,-0.01896,"ME2 BM2, ME3 BM4, ME3 BM5, ME4 BM5, ME5 BM3",1.0275343088646025,daily_ff3,Daily FF3,XGBoost Signature
2012-05-17,-0.0098799999999999,"ME3 BM5, ME2 BM2, ME3 BM4, ME4 BM5, ME5 BM3",1.0173822698930202,daily_ff3,Daily FF3,XGBoost Signature
2012-05-18,0.01708,"ME2 BM2, ME3 BM4, ME3 BM5, ME4 BM4, ME5 BM3",1.034759159062793,daily_ff3,Daily FF3,XGBoost Signature
2012-05-21,0.00058,"ME2 BM2, ME3 BM4, ME3 BM5, ME4 BM4, ME4 BM5",1.0353593193750494,daily_ff3,Daily FF3,XGBoost Signature
2012-05-22,0.0036,"ME2 BM2, ME3 BM3, ME3 BM4, ME4 BM4, ME4 BM5",1.0390866129247998,daily_ff3,Daily FF3,XGBoost Signature
2012-05-23,0.00324,"ME3 BM3, ME4 BM4, ME4 BM5, ME5 BM4, SMALL LoBM",1.042453253550676,daily_ff3,Daily FF3,XGBoost Signature
2012-05-24,0.00138,"ME2 BM2, ME3 BM3, ME4 BM4, ME5 BM4, SMALL LoBM",1.043891839040576,daily_ff3,Daily FF3,XGBoost Signature
2012-05-25,0.0111,"ME3 BM3, ME4 BM4, ME5 BM4, SMALL LoBM, ME1 BM2",1.0554790384539263,daily_ff3,Daily FF3,XGBoost Signature
2012-05-29,-0.01596,"ME2 BM2, ME4 BM4, ME5 BM4, SMALL LoBM, ME1 BM2",1.038633593000202,daily_ff3,Daily FF3,XGBoost Signature
2012-05-30,-0.0001599999999999,"ME2 BM2, ME4 BM4, ME4 BM5, ME5 BM4, SMALL LoBM",1.038467411625322,daily_ff3,Daily FF3,XGBoost Signature
2012-05-31,-0.02808,"ME3 BM3, ME4 BM5, ME5 BM4, SMALL LoBM, ME1 BM2",1.0093072467068829,daily_ff3,Daily FF3,XGBoost Signature
2012-06-01,-0.00464,"ME3 BM5, ME4 BM4, ME4 BM5, ME5 BM3, ME5 BM4",1.004624061082163,daily_ff3,Daily FF3,XGBoost Signature
2012-06-04,0.0098999999999999,"ME3 BM3, ME4 BM4, ME4 BM5, ME5 BM4, SMALL LoBM",1.0145698392868765,daily_ff3,Daily FF3,XGBoost Signature
2012-06-05,0.02394,"ME5 BM4, SMALL LoBM, ME1 BM2, ME1 BM3, ME1 BM4",1.0388586412394043,daily_ff3,Daily FF3,XGBoost Signature
2012-06-06,-0.00318,"ME5 BM4, SMALL LoBM, ME1 BM2, ME1 BM3, ME1 BM4",1.035555070760263,daily_ff3,Daily FF3,XGBoost Signature
2012-06-07,0.0116,"ME2 BM1, ME3 BM3, ME4 BM5, ME5 BM4, SMALL LoBM",1.047567509581082,daily_ff3,Daily FF3,XGBoost Signature
2012-06-08,-0.0189799999999999,"ME2 BM1, ME3 BM3, ME4 BM5, ME5 BM4, SMALL LoBM",1.0276846782492333,daily_ff3,Daily FF3,XGBoost Signature
2012-06-11,0.01302,"ME2 BM1, ME3 BM3, ME4 BM5, ME5 BM4, SMALL LoBM",1.0410651327600382,daily_ff3,Daily FF3,XGBoost Signature
2012-06-12,-0.00946,"ME3 BM3, ME4 BM5, ME4 BM4, ME5 BM4, SMALL LoBM",1.0312166566041283,daily_ff3,Daily FF3,XGBoost Signature
2012-06-13,0.01224,"ME3 BM3, ME4 BM5, ME5 BM4, SMALL LoBM, ME1 BM2",1.0438387484809628,daily_ff3,Daily FF3,XGBoost Signature
2012-06-14,0.0101999999999999,"ME2 BM1, ME3 BM3, ME4 BM5, ME5 BM4, SMALL LoBM",1.0544859037154686,daily_ff3,Daily FF3,XGBoost Signature
2012-06-15,0.00202,"ME2 BM2, ME3 BM3, ME4 BM5, ME5 BM4, SMALL LoBM",1.0566159652409737,daily_ff3,Daily FF3,XGBoost Signature
2012-06-18,0.01408,"ME3 BM3, ME4 BM5, ME5 BM4, SMALL LoBM, ME1 BM2",1.0714931180315668,daily_ff3,Daily FF3,XGBoost Signature
2012-06-19,-0.00282,"ME2 BM2, ME5 BM4, SMALL LoBM, ME1 BM2, ME1 BM3",1.0684715074387177,daily_ff3,Daily FF3,XGBoost Signature
2012-06-20,-0.0216799999999999,"ME4 BM5, ME5 BM4, SMALL LoBM, ME1 BM2, ME1 BM3",1.0453070451574462,daily_ff3,Daily FF3,XGBoost Signature
2012-06-21,0.0132399999999999,"ME2 BM2, ME4 BM5, ME5 BM4, SMALL LoBM, ME1 BM2",1.0591469104353308,daily_ff3,Daily FF3,XGBoost Signature
2012-06-22,-0.0151599999999999,"ME2 BM2, ME4 BM5, SMALL LoBM, ME1 BM2, ME1 BM3",1.0430902432731313,daily_ff3,Daily FF3,XGBoost Signature
2012-06-25,0.00492,"ME2 BM1, ME4 BM5, SMALL LoBM, ME1 BM2, ME1 BM3",1.048222247270035,daily_ff3,Daily FF3,XGBoost Signature
2012-06-26,0.0154,"ME2 BM2, ME2 BM4, SMALL LoBM, ME1 BM2, ME1 BM3",1.0643648698779935,daily_ff3,Daily FF3,XGBoost Signature
2012-06-27,-0.00306,"ME2 BM1, ME4 BM4, ME4 BM5, SMALL LoBM, ME1 BM2",1.0611079133761672,daily_ff3,Daily FF3,XGBoost Signature
2012-06-28,0.02922,"ME2 BM1, ME4 BM5, SMALL LoBM, ME1 BM2, ME1 BM3",1.0921134866050188,daily_ff3,Daily FF3,XGBoost Signature
2012-06-29,0.0137,"ME2 BM1, ME2 BM2, ME2 BM4, SMALL LoBM, ME1 BM2",1.1070754413715076,daily_ff3,Daily FF3,XGBoost Signature
2012-07-02,0.01322,"ME1 BM2, ME2 BM1, ME3 BM1, ME3 BM3, ME3 BM4",1.121710978706439,daily_ff3,Daily FF3,XGBoost Signature
2012-07-03,-0.0038,"ME2 BM2, ME2 BM3, ME2 BM4, ME4 BM4, ME4 BM5",1.1174484769873545,daily_ff3,Daily FF3,XGBoost Signature
2012-07-05,-0.01134,"ME2 BM2, ME2 BM3, ME2 BM4, ME4 BM4, SMALL LoBM",1.104776611258318,daily_ff3,Daily FF3,XGBoost Signature
2012-07-06,-0.0052599999999999,"ME2 BM2, ME2 BM3, ME2 BM4, ME4 BM4, ME4 BM5",1.098965486283099,daily_ff3,Daily FF3,XGBoost Signature
2012-07-09,-0.01066,"SMALL LoBM, ME1 BM3, ME1 BM4, SMALL HiBM, ME5 BM4",1.0872505141993212,daily_ff3,Daily FF3,XGBoost Signature
2012-07-10,0.00034,"SMALL LoBM, ME1 BM3, ME1 BM4, SMALL HiBM, ME5 BM4",1.087620179374149,daily_ff3,Daily FF3,XGBoost Signature
2012-07-11,-0.00464,"SMALL LoBM, ME1 BM3, ME1 BM4, SMALL HiBM, ME5 BM4",1.082573621741853,daily_ff3,Daily FF3,XGBoost Signature
2012-07-12,0.019,"SMALL LoBM, ME5 BM4, BIG HiBM, ME1 BM3, ME1 BM4",1.103142520554948,daily_ff3,Daily FF3,XGBoost Signature
2012-07-13,-0.0062,"ME5 BM4, SMALL HiBM, BIG HiBM, SMALL LoBM, ME1 BM4",1.0963030369275075,daily_ff3,Daily FF3,XGBoost Signature
2012-07-16,0.0052,"SMALL LoBM, ME1 BM4, ME5 BM4, BIG HiBM, ME3 BM1",1.1020038127195306,daily_ff3,Daily FF3,XGBoost Signature
2012-07-17,0.00606,"SMALL LoBM, ME1 BM3, ME1 BM4, SMALL HiBM, ME4 BM4",1.108681955824611,daily_ff3,Daily FF3,XGBoost Signature
2012-07-18,-0.00652,"SMALL LoBM, ME1 BM4, ME1 BM3, SMALL HiBM, ME4 BM4",1.1014533494726346,daily_ff3,Daily FF3,XGBoost Signature
2012-07-19,-0.01418,"SMALL LoBM, ME1 BM4, ME5 BM4, BIG HiBM, ME1 BM2",1.0858347409771127,daily_ff3,Daily FF3,XGBoost Signature
2012-07-20,-0.01476,"ME4 BM3, ME5 BM4, ME2 BM1, ME2 BM2, ME2 BM3",1.0698078202002903,daily_ff3,Daily FF3,XGBoost Signature
2012-07-23,-0.01268,"ME5 BM4, SMALL LoBM, ME1 BM4, ME4 BM3, ME4 BM4",1.0562426570401509,daily_ff3,Daily FF3,XGBoost Signature
2012-07-24,0.00146,"BIG HiBM, SMALL LoBM, ME1 BM3, ME1 BM4, ME5 BM4",1.0577847713194295,daily_ff3,Daily FF3,XGBoost Signature
2012-07-25,0.01426,"ME2 BM2, BIG HiBM, SMALL LoBM, ME1 BM4, ME4 BM4",1.0728687821584444,daily_ff3,Daily FF3,XGBoost Signature
2012-07-26,0.02578,"SMALL LoBM, ME1 BM4, BIG HiBM, ME1 BM3, SMALL HiBM",1.100527339362489,daily_ff3,Daily FF3,XGBoost Signature
2012-07-27,-0.0083799999999999,"SMALL LoBM, ME1 BM4, ME5 BM4, BIG HiBM, ME1 BM3",1.0913049202586314,daily_ff3,Daily FF3,XGBoost Signature
2012-07-30,-0.00484,"ME1 BM4, SMALL LoBM, ME1 BM3, ME2 BM1, ME5 BM4",1.0860230044445796,daily_ff3,Daily FF3,XGBoost Signature
2012-07-31,-0.01874,"ME3 BM1, SMALL LoBM, ME1 BM4, ME2 BM1, ME5 BM4",1.0656709333412882,daily_ff3,Daily FF3,XGBoost Signature
2012-08-01,-0.00424,"SMALL LoBM, ME1 BM4, BIG HiBM, ME1 BM3, ME2 BM1",1.061152488583921,daily_ff3,Daily FF3,XGBoost Signature
2012-08-02,0.02546,"SMALL LoBM, ME1 BM4, ME1 BM3, ME2 BM1, ME5 BM4",1.0881694309432677,daily_ff3,Daily FF3,XGBoost Signature
2012-08-03,0.00642,"SMALL LoBM, ME1 BM4, ME5 BM4, BIG HiBM, ME1 BM3",1.0951554786899236,daily_ff3,Daily FF3,XGBoost Signature
2012-08-06,0.0072,"SMALL LoBM, ME1 BM3, ME1 BM4, ME2 BM1, ME2 BM2",1.103040598136491,daily_ff3,Daily FF3,XGBoost Signature
2012-08-07,-0.00544,"SMALL LoBM, ME1 BM3, ME1 BM4, SMALL HiBM, ME2 BM1",1.0970400572826284,daily_ff3,Daily FF3,XGBoost Signature
2012-08-08,0.00372,"SMALL LoBM, ME1 BM3, ME1 BM4, ME2 BM1, ME5 BM4",1.1011210462957195,daily_ff3,Daily FF3,XGBoost Signature
2012-08-09,-0.0022199999999999,"SMALL LoBM, ME1 BM3, ME1 BM4, ME2 BM1, ME5 BM4",1.0986765575729431,daily_ff3,Daily FF3,XGBoost Signature
2012-08-10,-0.0018199999999999,"SMALL LoBM, ME1 BM3, ME1 BM4, ME2 BM1, ME5 BM4",1.0966769662381604,daily_ff3,Daily FF3,XGBoost Signature
2012-08-13,-0.00524,"ME2 BM2, ME3 BM2, ME4 BM1, ME4 BM2, SMALL LoBM",1.0909303789350724,daily_ff3,Daily FF3,XGBoost Signature
2012-08-14,0.01092,"SMALL LoBM, ME1 BM3, ME1 BM4, ME2 BM1, ME3 BM1",1.1028433386730434,daily_ff3,Daily FF3,XGBoost Signature
2012-08-15,0.0113599999999999,"SMALL LoBM, ME1 BM4, ME1 BM3, ME2 BM1, ME5 BM4",1.1153716390003692,daily_ff3,Daily FF3,XGBoost Signature
2012-08-16,0.00932,"SMALL LoBM, ME1 BM3, ME1 BM4, ME2 BM1, ME5 BM4",1.1257669026758526,daily_ff3,Daily FF3,XGBoost Signature
2012-08-17,-0.0043,"SMALL LoBM, ME1 BM3, ME1 BM4, ME2 BM1, ME5 BM4",1.1209261049943464,daily_ff3,Daily FF3,XGBoost Signature
2012-08-20,-0.00276,"SMALL LoBM, ME1 BM3, ME1 BM4, ME2 BM1, ME5 BM4",1.117832348944562,daily_ff3,Daily FF3,XGBoost Signature
2012-08-21,-0.0016399999999999,"SMALL LoBM, ME1 BM3, ME1 BM4, ME2 BM1, ME5 BM3",1.115999103892293,daily_ff3,Daily FF3,XGBoost Signature
2012-08-22,-0.0067,"SMALL LoBM, ME1 BM3, ME1 BM4, ME2 BM1, ME5 BM3",1.1085219098962145,daily_ff3,Daily FF3,XGBoost Signature
2012-08-23,0.00438,"ME2 BM5, ME3 BM4, ME4 BM3, ME4 BM5, BIG HiBM",1.11337723586156,daily_ff3,Daily FF3,XGBoost Signature
2012-08-24,0.00124,"SMALL LoBM, ME1 BM3, ME1 BM4, ME2 BM1, ME5 BM4",1.114757823634028,daily_ff3,Daily FF3,XGBoost Signature
2012-08-27,0.00372,"SMALL LoBM, ME1 BM3, ME2 BM1, ME1 BM4, ME5 BM3",1.1189047227379467,daily_ff3,Daily FF3,XGBoost Signature
2012-08-28,0.0044599999999999,"BIG HiBM, SMALL LoBM, ME1 BM3, ME1 BM4, ME5 BM3",1.123895037801358,daily_ff3,Daily FF3,XGBoost Signature
2012-08-29,-0.0105,"SMALL LoBM, ME1 BM3, ME1 BM4, ME5 BM3, ME5 BM4",1.1120941399044435,daily_ff3,Daily FF3,XGBoost Signature
2012-08-30,0.00584,"SMALL LoBM, ME1 BM3, ME1 BM4, ME5 BM3, ME5 BM4",1.1185887696814858,daily_ff3,Daily FF3,XGBoost Signature
2012-08-31,0.00294,"ME2 BM5, ME1 BM3, ME1 BM4, ME5 BM3, ME5 BM4",1.1218774206643494,daily_ff3,Daily FF3,XGBoost Signature
2012-09-04,-6.505213034913026e-20,"ME1 BM3, ME5 BM3, ME5 BM4, SMALL LoBM, ME1 BM2",1.1218774206643494,daily_ff3,Daily FF3,XGBoost Signature
2012-09-05,0.0207599999999999,"ME5 BM3, BIG HiBM, ME5 BM4, SMALL LoBM, ME1 BM2",1.145167595917341,daily_ff3,Daily FF3,XGBoost Signature
2012-09-06,0.0071399999999999,"ME1 BM3, ME1 BM4, ME5 BM3, ME5 BM4, BIG HiBM",1.1533440925521907,daily_ff3,Daily FF3,XGBoost Signature
2012-09-07,-0.00432,"SMALL LoBM, ME1 BM3, ME1 BM4, ME5 BM3, ME5 BM4",1.1483616460723651,daily_ff3,Daily FF3,XGBoost Signature
2012-09-10,0.0033,"ME1 BM3, ME5 BM3, ME5 BM4, SMALL LoBM, ME1 BM2",1.1521512395044042,daily_ff3,Daily FF3,XGBoost Signature
2012-09-11,0.00496,"ME1 BM3, ME5 BM3, ME5 BM4, SMALL LoBM, ME1 BM2",1.1578659096523465,daily_ff3,Daily FF3,XGBoost Signature
2012-09-12,0.01726,"ME5 BM3, ME5 BM4, SMALL LoBM, ME1 BM2, ME1 BM3",1.1778506752529458,daily_ff3,Daily FF3,XGBoost Signature
2012-09-13,0.00578,"ME1 BM3, ME5 BM3, ME5 BM4, SMALL LoBM, ME1 BM2",1.1846586521559077,daily_ff3,Daily FF3,XGBoost Signature
2012-09-14,-0.00436,"ME1 BM3, ME1 BM4, ME5 BM3, ME5 BM4, SMALL LoBM",1.179493540432508,daily_ff3,Daily FF3,XGBoost Signature
2012-09-17,-0.00014,"ME5 BM3, BIG HiBM, SMALL LoBM, ME1 BM2, ME1 BM3",1.1793284113368474,daily_ff3,Daily FF3,XGBoost Signature
2012-09-18,0.00178,"ME5 BM3, BIG HiBM, SMALL LoBM, ME1 BM2, ME1 BM3",1.181427615909027,daily_ff3,Daily FF3,XGBoost Signature
2012-09-19,-0.0033,"ME5 BM3, ME5 BM4, BIG HiBM, ME2 BM5, ME3 BM3",1.1775289047765272,daily_ff3,Daily FF3,XGBoost Signature
2012-09-20,0.00568,"ME5 BM3, BIG HiBM, SMALL LoBM, ME1 BM2, ME1 BM3",1.1842172689556578,daily_ff3,Daily FF3,XGBoost Signature
2012-09-21,-0.00274,"ME5 BM3, BIG HiBM, ME1 BM2, SMALL LoBM, ME1 BM3",1.1809725136387197,daily_ff3,Daily FF3,XGBoost Signature
2012-09-24,-0.0137,"ME5 BM3, BIG HiBM, SMALL LoBM, ME1 BM2, ME1 BM3",1.1647931902018689,daily_ff3,Daily FF3,XGBoost Signature
2012-09-25,-0.00622,"BIG HiBM, ME1 BM4, ME5 BM3, SMALL LoBM, ME1 BM2",1.1575481765588134,daily_ff3,Daily FF3,XGBoost Signature
2012-09-26,0.01274,"SMALL LoBM, ME1 BM3, BIG HiBM, ME1 BM2, ME1 BM4",1.1722953403281726,daily_ff3,Daily FF3,XGBoost Signature
2012-09-27,-0.0063,"SMALL LoBM, ME1 BM3, ME1 BM4, ME5 BM3, BIG HiBM",1.164909879684105,daily_ff3,Daily FF3,XGBoost Signature
2012-09-28,0.0031399999999999,"SMALL LoBM, ME1 BM3, ME1 BM4, ME5 BM3, ME5 BM4",1.168567696706313,daily_ff3,Daily FF3,XGBoost Signature
2012-10-01,-0.00046,"ME1 BM4, ME1 BM3, SMALL LoBM, ME1 BM2, SMALL HiBM",1.168030155565828,daily_ff3,Daily FF3,XGBoost Signature
2012-10-02,-0.0001,"SMALL LoBM, ME1 BM3, ME1 BM4, ME1 BM2, SMALL HiBM",1.1679133525502716,daily_ff3,Daily FF3,XGBoost Signature
2012-10-03,0.0060999999999999,"SMALL LoBM, ME1 BM2, ME1 BM3, ME1 BM4, SMALL HiBM",1.1750376240008282,daily_ff3,Daily FF3,XGBoost Signature
2012-10-04,-0.0034,"ME1 BM3, SMALL LoBM, ME1 BM4, BIG HiBM, ME1 BM2",1.1710424960792254,daily_ff3,Daily FF3,XGBoost Signature
2012-10-05,-0.00624,"SMALL LoBM, ME1 BM3, ME1 BM4, ME1 BM2, SMALL HiBM",1.163735190903691,daily_ff3,Daily FF3,XGBoost Signature
2012-10-08,-0.013,"SMALL LoBM, ME1 BM3, ME1 BM4, ME2 BM2, ME3 BM4",1.1486066334219431,daily_ff3,Daily FF3,XGBoost Signature
2012-10-09,-0.00134,"SMALL LoBM, ME1 BM3, ME1 BM4, ME1 BM2, SMALL HiBM",1.1470675005331576,daily_ff3,Daily FF3,XGBoost Signature
2012-10-10,0.00466,"SMALL LoBM, ME1 BM3, ME1 BM4, ME1 BM2, SMALL HiBM",1.1524128350856422,daily_ff3,Daily FF3,XGBoost Signature
2012-10-11,-0.00726,"SMALL LoBM, ME1 BM3, ME1 BM4, ME2 BM1, ME1 BM2",1.1440463179029203,daily_ff3,Daily FF3,XGBoost Signature
2012-10-12,0.00614,"SMALL LoBM, ME1 BM4, ME1 BM3, ME2 BM1, ME4 BM3",1.1510707622948444,daily_ff3,Daily FF3,XGBoost Signature
2012-10-15,0.00754,"ME2 BM5, ME3 BM5, ME4 BM5, BIG HiBM, SMALL LoBM",1.1597498358425475,daily_ff3,Daily FF3,XGBoost Signature
2012-10-16,0.00436,"SMALL LoBM, ME1 BM3, ME1 BM4, ME2 BM1, ME1 BM2",1.164806345126821,daily_ff3,Daily FF3,XGBoost Signature
2012-10-17,-0.0127599999999999,"SMALL LoBM, ME1 BM3, ME1 BM4, ME2 BM1, ME1 BM2",1.1499434161630029,daily_ff3,Daily FF3,XGBoost Signature
2012-10-18,-0.02206,"SMALL LoBM, ME1 BM3, ME1 BM4, ME2 BM5, ME3 BM5",1.124575664402447,daily_ff3,Daily FF3,XGBoost Signature
2012-10-19,-0.00248,"SMALL LoBM, ME3 BM3, ME3 BM4, ME4 BM4, ME5 BM3",1.1217867167547289,daily_ff3,Daily FF3,XGBoost Signature
2012-10-22,-0.00568,"SMALL HiBM, SMALL LoBM, ME1 BM2, ME1 BM3, ME1 BM4",1.115414968203562,daily_ff3,Daily FF3,XGBoost Signature
2012-10-23,-0.0019,"ME1 BM4, SMALL LoBM, ME1 BM2, ME1 BM3, SMALL HiBM",1.113295679763975,daily_ff3,Daily FF3,XGBoost Signature
2012-10-24,0.00254,"BIG HiBM, BIG LoBM, SMALL LoBM, ME1 BM2, ME1 BM3",1.1161234507905755,daily_ff3,Daily FF3,XGBoost Signature
2012-10-25,-0.0026799999999999,"ME2 BM1, ME2 BM2, ME3 BM1, ME1 BM4, SMALL LoBM",1.1131322399424568,daily_ff3,Daily FF3,XGBoost Signature
2012-10-26,0.0036399999999999,"ME1 BM2, ME1 BM3, ME1 BM4, BIG LoBM, SMALL LoBM",1.1171840412958474,daily_ff3,Daily FF3,XGBoost Signature
2012-10-31,0.00712,"ME1 BM4, BIG LoBM, SMALL LoBM, ME1 BM2, ME1 BM3",1.1251383916698738,daily_ff3,Daily FF3,XGBoost Signature
2012-11-01,-0.01334,"ME1 BM2, ME1 BM3, ME1 BM4, BIG LoBM, ME2 BM1",1.1101290455249977,daily_ff3,Daily FF3,XGBoost Signature
2012-11-02,0.0073999999999999,"ME1 BM2, ME1 BM3, ME1 BM4, BIG LoBM, SMALL LoBM",1.1183440004618828,daily_ff3,Daily FF3,XGBoost Signature
2012-11-05,0.0070599999999999,"SMALL LoBM, ME1 BM2, ME1 BM3, ME1 BM4, SMALL HiBM",1.1262395091051438,daily_ff3,Daily FF3,XGBoost Signature
2012-11-06,-0.02794,"SMALL LoBM, ME1 BM2, ME1 BM3, ME1 BM4, BIG LoBM",1.094772377220746,daily_ff3,Daily FF3,XGBoost Signature
2012-11-07,-0.0141599999999999,"ME1 BM3, SMALL LoBM, ME1 BM2, ME1 BM4, SMALL HiBM",1.0792704003593003,daily_ff3,Daily FF3,XGBoost Signature
2012-11-08,0.0026,"SMALL LoBM, ME1 BM3, ME1 BM2, ME1 BM4, SMALL HiBM",1.0820765034002344,daily_ff3,Daily FF3,XGBoost Signature
2012-11-09,-0.00148,"ME1 BM3, SMALL LoBM, ME1 BM2, ME1 BM4, SMALL HiBM",1.080475030175202,daily_ff3,Daily FF3,XGBoost Signature
2012-11-12,-0.00542,"SMALL LoBM, ME1 BM2, ME1 BM3, ME1 BM4, SMALL HiBM",1.0746188555116525,daily_ff3,Daily FF3,XGBoost Signature
2012-11-13,-0.02054,"SMALL LoBM, ME1 BM3, ME1 BM2, ME1 BM4, SMALL HiBM",1.0525461842194432,daily_ff3,Daily FF3,XGBoost Signature
2012-11-14,-0.0081199999999999,"SMALL LoBM, ME1 BM2, ME1 BM3, ME1 BM4, SMALL HiBM",1.0439995092035814,daily_ff3,Daily FF3,XGBoost Signature
2012-11-15,0.0052799999999999,"SMALL LoBM, ME1 BM3, ME1 BM2, ME1 BM4, SMALL HiBM",1.0495118266121763,daily_ff3,Daily FF3,XGBoost Signature
2012-11-16,0.02336,"SMALL LoBM, ME1 BM3, ME1 BM2, ME1 BM4, SMALL HiBM",1.0740284228818369,daily_ff3,Daily FF3,XGBoost Signature
2012-11-19,-4.000000000000012e-05,"ME1 BM3, SMALL LoBM, ME1 BM2, ME1 BM4, SMALL HiBM",1.0739854617449216,daily_ff3,Daily FF3,XGBoost Signature
2012-11-20,0.0105199999999999,"SMALL LoBM, ME1 BM2, ME1 BM3, ME1 BM4, SMALL HiBM",1.0852837888024782,daily_ff3,Daily FF3,XGBoost Signature
2012-11-21,0.00986,"SMALL LoBM, ME1 BM2, ME1 BM3, ME1 BM4, SMALL HiBM",1.095984686960071,daily_ff3,Daily FF3,XGBoost Signature
2012-11-23,0.00694,"ME1 BM3, SMALL LoBM, ME1 BM2, ME1 BM4, SMALL HiBM",1.1035908206875735,daily_ff3,Daily FF3,XGBoost Signature
2012-11-26,0.0006399999999999,"ME1 BM2, ME1 BM3, SMALL LoBM, ME1 BM4, SMALL HiBM",1.1042971188128134,daily_ff3,Daily FF3,XGBoost Signature
2012-11-27,0.00598,"ME1 BM2, SMALL LoBM, ME1 BM3, ME1 BM4, SMALL HiBM",1.1109008155833142,daily_ff3,Daily FF3,XGBoost Signature
2012-11-28,0.0128799999999999,"BIG HiBM, SMALL LoBM, ME1 BM2, ME1 BM3, ME1 BM4",1.125209218088027,daily_ff3,Daily FF3,XGBoost Signature
2012-11-29,0.00046,"ME1 BM2, ME1 BM3, SMALL LoBM, ME1 BM4, SMALL HiBM",1.1257268143283476,daily_ff3,Daily FF3,XGBoost Signature
2012-11-30,-0.00234,"SMALL LoBM, ME1 BM2, ME1 BM3, ME1 BM4, SMALL HiBM",1.1230926135828192,daily_ff3,Daily FF3,XGBoost Signature
2012-12-03,0.0003199999999999,"SMALL LoBM, ME1 BM2, ME1 BM3, ME1 BM4, SMALL HiBM",1.1234520032191655,daily_ff3,Daily FF3,XGBoost Signature
2012-12-04,-0.0063799999999999,"SMALL LoBM, ME1 BM2, ME1 BM3, ME1 BM4, SMALL HiBM",1.1162843794386277,daily_ff3,Daily FF3,XGBoost Signature
2012-12-05,0.00062,"BIG HiBM, SMALL LoBM, ME1 BM2, ME1 BM3, ME1 BM4",1.1169764757538794,daily_ff3,Daily FF3,XGBoost Signature
2012-12-06,0.00094,"SMALL LoBM, ME1 BM2, ME1 BM3, BIG HiBM, ME1 BM4",1.118026433641088,daily_ff3,Daily FF3,XGBoost Signature
2012-12-07,0.00362,"BIG HiBM, SMALL LoBM, ME1 BM2, ME1 BM3, ME1 BM4",1.1220736893308685,daily_ff3,Daily FF3,XGBoost Signature
2012-12-10,0.01326,"BIG HiBM, SMALL LoBM, ME1 BM2, ME1 BM3, ME1 BM4",1.136952386451396,daily_ff3,Daily FF3,XGBoost Signature
2012-12-11,-0.00652,"SMALL LoBM, ME1 BM2, ME1 BM3, ME1 BM4, SMALL HiBM",1.129539456891733,daily_ff3,Daily FF3,XGBoost Signature
2012-12-12,-0.00478,"BIG HiBM, SMALL LoBM, ME1 BM2, ME1 BM3, ME1 BM4",1.1241402582877904,daily_ff3,Daily FF3,XGBoost Signature
2012-12-13,0.002,"SMALL LoBM, ME1 BM2, ME1 BM4, SMALL HiBM, ME2 BM1",1.126388538804366,daily_ff3,Daily FF3,XGBoost Signature
2012-12-14,0.01378,"SMALL LoBM, ME1 BM2, ME1 BM4, SMALL HiBM, ME2 BM1",1.14191017286909,daily_ff3,Daily FF3,XGBoost Signature
2012-12-17,0.01566,"ME1 BM2, ME1 BM4, SMALL HiBM, ME2 BM1, BIG HiBM",1.15979248617622,daily_ff3,Daily FF3,XGBoost Signature
2012-12-18,-0.00154,"ME2 BM1, ME2 BM4, SMALL LoBM, ME1 BM2, ME1 BM3",1.1580064057475086,daily_ff3,Daily FF3,XGBoost Signature
2012-12-19,0.0069399999999999,"SMALL LoBM, ME1 BM2, ME1 BM4, SMALL HiBM, ME1 BM3",1.1660429702033963,daily_ff3,Daily FF3,XGBoost Signature
2012-12-20,-0.00788,"SMALL LoBM, ME1 BM3, ME1 BM4, BIG HiBM, ME1 BM2",1.1568545515981936,daily_ff3,Daily FF3,XGBoost Signature
2012-12-21,-0.00402,"SMALL LoBM, ME1 BM2, ME1 BM3, ME1 BM4, SMALL HiBM",1.1522039963007689,daily_ff3,Daily FF3,XGBoost Signature
2012-12-24,-0.0046,"ME1 BM3, ME1 BM4, BIG HiBM, SMALL LoBM, ME1 BM2",1.1469038579177853,daily_ff3,Daily FF3,XGBoost Signature
2012-12-26,-0.00404,"ME1 BM3, BIG HiBM, SMALL LoBM, ME1 BM2, ME1 BM4",1.1422703663317977,daily_ff3,Daily FF3,XGBoost Signature
2012-12-27,-0.0057599999999999,"SMALL LoBM, ME1 BM3, BIG HiBM, ME1 BM4, ME1 BM2",1.1356908890217263,daily_ff3,Daily FF3,XGBoost Signature
2012-12-28,0.022,"SMALL LoBM, ME1 BM3, BIG HiBM, ME1 BM2, ME1 BM4",1.1606760885802043,daily_ff3,Daily FF3,XGBoost Signature
2012-12-31,0.03196,"SMALL LoBM, ME1 BM3, BIG HiBM, ME1 BM2, ME1 BM4",1.1977712963712277,daily_ff3,Daily FF3,XGBoost Signature
2013-01-02,-0.0011,"ME2 BM1, ME2 BM4, SMALL LoBM, ME1 BM2, ME1 BM3",1.1964537479452193,daily_ff3,Daily FF3,XGBoost Signature
2013-01-03,0.01002,"SMALL HiBM, ME2 BM1, ME2 BM2, ME2 BM4, BIG HiBM",1.2084422144996303,daily_ff3,Daily FF3,XGBoost Signature
2013-01-04,-0.00426,"ME2 BM1, ME3 BM1, SMALL LoBM, ME1 BM2, ME1 BM3",1.203294250665862,daily_ff3,Daily FF3,XGBoost Signature
2013-01-07,-7.999999999999994e-05,"ME2 BM1, SMALL LoBM, ME1 BM2, ME1 BM3, ME1 BM4",1.2031979871258087,daily_ff3,Daily FF3,XGBoost Signature
2013-01-08,0.0068,"ME1 BM2, ME2 BM1, SMALL LoBM, ME1 BM3, ME1 BM4",1.211379733438264,daily_ff3,Daily FF3,XGBoost Signature
2013-01-09,0.00032,"ME1 BM2, SMALL HiBM, SMALL LoBM, ME1 BM3, ME1 BM4",1.2117673749529645,daily_ff3,Daily FF3,XGBoost Signature
2013-01-10,0.0001599999999999,"ME1 BM2, SMALL HiBM, ME2 BM1, BIG HiBM, SMALL LoBM",1.2119612577329568,daily_ff3,Daily FF3,XGBoost Signature
2013-01-11,-0.0013,"ME2 BM1, BIG HiBM, SMALL LoBM, ME1 BM2, ME1 BM3",1.210385708097904,daily_ff3,Daily FF3,XGBoost Signature
2013-01-14,0.0033799999999999,"ME2 BM1, BIG HiBM, SMALL LoBM, ME1 BM2, ME1 BM3",1.2144768117912748,daily_ff3,Daily FF3,XGBoost Signature
2013-01-15,-0.0031399999999999,"ME2 BM1, ME3 BM1, BIG HiBM, SMALL LoBM, ME1 BM2",1.21066335460225,daily_ff3,Daily FF3,XGBoost Signature
2013-01-16,0.0047799999999999,"ME2 BM1, ME2 BM4, ME3 BM1, BIG HiBM, SMALL LoBM",1.2164503254372487,daily_ff3,Daily FF3,XGBoost Signature
2013-01-17,0.00176,"ME2 BM4, BIG HiBM, SMALL LoBM, ME1 BM2, ME1 BM3",1.2185912780100183,daily_ff3,Daily FF3,XGBoost Signature
2013-01-18,0.00724,"ME1 BM2, ME1 BM4, SMALL HiBM, SMALL LoBM, ME1 BM3",1.2274138788628108,daily_ff3,Daily FF3,XGBoost Signature
2013-01-22,-0.00272,"ME1 BM2, ME1 BM4, SMALL HiBM, ME3 BM4, ME4 BM3",1.224075313112304,daily_ff3,Daily FF3,XGBoost Signature
2013-01-23,0.002,"ME1 BM3, SMALL LoBM, ME1 BM2, ME1 BM4, SMALL HiBM",1.2265234637385285,daily_ff3,Daily FF3,XGBoost Signature
2013-01-24,0.0040799999999999,"ME2 BM1, ME3 BM1, SMALL LoBM, ME1 BM2, ME1 BM4",1.2315276794705818,daily_ff3,Daily FF3,XGBoost Signature
2013-01-25,0.0063,"SMALL LoBM, ME1 BM2, ME1 BM4, SMALL HiBM, ME2 BM1",1.2392863038512465,daily_ff3,Daily FF3,XGBoost Signature
2013-01-28,0.0024999999999999,"SMALL LoBM, ME1 BM2, ME1 BM4, SMALL HiBM, ME2 BM1",1.2423845196108745,daily_ff3,Daily FF3,XGBoost Signature
2013-01-29,-0.01256,"SMALL LoBM, ME1 BM2, ME1 BM4, SMALL HiBM, ME2 BM1",1.226780170044562,daily_ff3,Daily FF3,XGBoost Signature
2013-01-30,0.0070799999999999,"SMALL LoBM, ME1 BM3, ME1 BM2, ME1 BM4, SMALL HiBM",1.2354657736484775,daily_ff3,Daily FF3,XGBoost Signature
2013-01-31,0.00918,"ME2 BM3, ME2 BM4, ME2 BM5, ME3 BM2, SMALL LoBM",1.2468073494505705,daily_ff3,Daily FF3,XGBoost Signature
2013-02-01,-0.01246,"SMALL LoBM, ME1 BM4, SMALL HiBM, ME2 BM1, ME2 BM2",1.2312721298764164,daily_ff3,Daily FF3,XGBoost Signature
2013-02-04,0.01038,"SMALL LoBM, ME1 BM4, SMALL HiBM, ME2 BM1, ME2 BM4",1.2440527345845338,daily_ff3,Daily FF3,XGBoost Signature
2013-02-05,0.0043,"SMALL HiBM, ME2 BM4, ME2 BM5, ME3 BM1, ME3 BM3",1.249402161343247,daily_ff3,Daily FF3,XGBoost Signature
2013-02-06,-0.00598,"SMALL LoBM, ME1 BM3, ME1 BM4, ME2 BM1, ME2 BM2",1.241930736418415,daily_ff3,Daily FF3,XGBoost Signature
2013-02-07,0.0055199999999999,"ME1 BM3, ME1 BM4, ME2 BM4, ME3 BM1, ME3 BM3",1.2487861940834444,daily_ff3,Daily FF3,XGBoost Signature
2013-02-08,4.0000000000000105e-05,"SMALL LoBM, ME1 BM3, ME1 BM4, ME3 BM1, ME3 BM3",1.2488361455312078,daily_ff3,Daily FF3,XGBoost Signature
2013-02-11,0.0042,"ME1 BM3, ME1 BM4, ME3 BM1, ME3 BM3, ME4 BM3",1.254081257342439,daily_ff3,Daily FF3,XGBoost Signature
2013-02-12,0.0035,"SMALL LoBM, ME2 BM1, ME2 BM2, ME1 BM3, ME1 BM4",1.2584705417431374,daily_ff3,Daily FF3,XGBoost Signature
2013-02-13,0.0044399999999999,"SMALL LoBM, ME1 BM3, ME1 BM4, ME2 BM2, ME3 BM1",1.264058150948477,daily_ff3,Daily FF3,XGBoost Signature
2013-02-14,-0.0003399999999999,"SMALL LoBM, ME1 BM3, ME1 BM4, ME2 BM2, ME2 BM4",1.2636283711771543,daily_ff3,Daily FF3,XGBoost Signature
2013-02-15,0.0101599999999999,"SMALL LoBM, SMALL HiBM, ME2 BM1, ME2 BM2, ME2 BM4",1.2764668354283144,daily_ff3,Daily FF3,XGBoost Signature
2013-02-19,-0.0179,"SMALL LoBM, ME1 BM3, ME1 BM4, ME2 BM1, ME2 BM2",1.2536180790741476,daily_ff3,Daily FF3,XGBoost Signature
2013-02-20,-0.0110999999999999,"SMALL LoBM, ME1 BM3, ME1 BM4, ME2 BM2, ME3 BM1",1.2397029183964243,daily_ff3,Daily FF3,XGBoost Signature
2013-02-21,0.01108,"ME1 BM4, SMALL LoBM, ME1 BM3, ME1 BM2, SMALL HiBM",1.253438826732257,daily_ff3,Daily FF3,XGBoost Signature
2013-02-22,-0.02522,"SMALL LoBM, ME1 BM3, SMALL HiBM, ME2 BM4, ME2 BM5",1.2218270995220697,daily_ff3,Daily FF3,XGBoost Signature
2013-02-25,0.00488,"SMALL LoBM, ME1 BM3, SMALL HiBM, ME2 BM4, ME3 BM1",1.2277896157677373,daily_ff3,Daily FF3,XGBoost Signature
2013-02-26,0.01014,"BIG HiBM, SMALL LoBM, ME1 BM3, ME1 BM4, SMALL HiBM",1.240239402471622,daily_ff3,Daily FF3,XGBoost Signature
2013-02-27,-0.0006,"SMALL LoBM, ME1 BM3, SMALL HiBM, ME2 BM4, ME1 BM4",1.2394952588301391,daily_ff3,Daily FF3,XGBoost Signature
2013-02-28,0.0054,"SMALL LoBM, ME1 BM3, SMALL HiBM, ME2 BM4, ME1 BM4",1.246188533227822,daily_ff3,Daily FF3,XGBoost Signature
2013-03-01,0.00332,"SMALL LoBM, ME1 BM3, SMALL HiBM, ME2 BM4, ME4 BM3",1.2503258791581384,daily_ff3,Daily FF3,XGBoost Signature
2013-03-04,0.01078,"SMALL LoBM, ME1 BM3, SMALL HiBM, ME2 BM4, ME4 BM3",1.2638043921354631,daily_ff3,Daily FF3,XGBoost Signature
2013-03-05,0.0045799999999999,"SMALL LoBM, SMALL HiBM, ME2 BM4, ME1 BM3, ME1 BM4",1.2695926162514437,daily_ff3,Daily FF3,XGBoost Signature
2013-03-06,0.0067599999999999,"SMALL HiBM, ME2 BM4, SMALL LoBM, ME1 BM3, ME1 BM4",1.2781750623373036,daily_ff3,Daily FF3,XGBoost Signature
2013-03-07,0.00908,"SMALL LoBM, ME1 BM3, SMALL HiBM, ME2 BM4, ME1 BM4",1.2897808919033262,daily_ff3,Daily FF3,XGBoost Signature
2013-03-08,0.00018,"SMALL LoBM, ME1 BM3, SMALL HiBM, ME2 BM4, ME1 BM4",1.2900130524638689,daily_ff3,Daily FF3,XGBoost Signature
2013-03-11,-0.00312,"SMALL LoBM, ME1 BM3, SMALL HiBM, ME2 BM4, ME1 BM4",1.2859882117401815,daily_ff3,Daily FF3,XGBoost Signature
2013-03-12,0.0039999999999999,"SMALL LoBM, ME1 BM3, SMALL HiBM, ME2 BM4, ME1 BM4",1.2911321645871423,daily_ff3,Daily FF3,XGBoost Signature
2013-03-13,0.01032,"ME1 BM4, SMALL LoBM, ME1 BM3, SMALL HiBM, ME2 BM4",1.3044566485256817,daily_ff3,Daily FF3,XGBoost Signature
2013-03-14,-0.0014199999999999,"ME1 BM4, SMALL LoBM, ME1 BM3, SMALL HiBM, ME1 BM2",1.3026043200847752,daily_ff3,Daily FF3,XGBoost Signature
2013-03-15,-0.00394,"ME1 BM4, SMALL LoBM, ME1 BM3, SMALL HiBM, ME2 BM4",1.297472059063641,daily_ff3,Daily FF3,XGBoost Signature
2013-03-18,-0.00284,"SMALL LoBM, ME1 BM3, ME1 BM4, SMALL HiBM, ME2 BM5",1.2937872384159004,daily_ff3,Daily FF3,XGBoost Signature
2013-03-19,0.00954,"ME1 BM3, SMALL HiBM, ME2 BM1, ME2 BM4, ME3 BM2",1.3061299686703882,daily_ff3,Daily FF3,XGBoost Signature
2013-03-20,-0.0065599999999999,"ME1 BM3, ME1 BM4, SMALL HiBM, SMALL LoBM, ME1 BM2",1.2975617560759105,daily_ff3,Daily FF3,XGBoost Signature
2013-03-21,0.00176,"ME1 BM3, ME1 BM4, SMALL HiBM, SMALL LoBM, ME1 BM2",1.299845464766604,daily_ff3,Daily FF3,XGBoost Signature
2013-03-22,0.0015,"ME1 BM3, SMALL HiBM, ME1 BM4, SMALL LoBM, ME1 BM2",1.301795232963754,daily_ff3,Daily FF3,XGBoost Signature
2013-03-25,0.00074,"ME1 BM3, SMALL HiBM, ME1 BM4, SMALL LoBM, ME1 BM2",1.302758561436147,daily_ff3,Daily FF3,XGBoost Signature
2013-03-26,-0.00174,"ME1 BM3, ME1 BM4, SMALL HiBM, SMALL LoBM, ME1 BM2",1.3004917615392482,daily_ff3,Daily FF3,XGBoost Signature
2013-03-27,0.00298,"ME1 BM3, SMALL HiBM, ME1 BM4, SMALL LoBM, ME1 BM2",1.304367226988635,daily_ff3,Daily FF3,XGBoost Signature
2013-03-28,-0.0133,"ME1 BM4, SMALL LoBM, ME1 BM2, ME1 BM3, ME2 BM1",1.2870191428696862,daily_ff3,Daily FF3,XGBoost Signature
2013-04-01,-0.0031399999999999,"SMALL LoBM, ME1 BM2, ME1 BM3, ME1 BM4, SMALL HiBM",1.2829779027610753,daily_ff3,Daily FF3,XGBoost Signature
2013-04-02,-0.01538,"ME1 BM4, SMALL LoBM, ME1 BM2, ME1 BM3, SMALL HiBM",1.26324570261661,daily_ff3,Daily FF3,XGBoost Signature
2013-04-03,0.00546,"BIG HiBM, SMALL LoBM, ME1 BM2, ME1 BM3, ME1 BM4",1.2701430241528966,daily_ff3,Daily FF3,XGBoost Signature
2013-04-04,-0.0005,"ME1 BM3, ME2 BM5, BIG HiBM, SMALL LoBM, ME1 BM2",1.2695079526408202,daily_ff3,Daily FF3,XGBoost Signature
2013-04-05,0.00476,"ME2 BM4, SMALL LoBM, ME1 BM2, ME1 BM3, ME1 BM4",1.2755508104953903,daily_ff3,Daily FF3,XGBoost Signature
2013-04-08,-0.00146,"SMALL LoBM, ME1 BM2, ME1 BM3, ME1 BM4, SMALL HiBM",1.273688506312067,daily_ff3,Daily FF3,XGBoost Signature
2013-04-09,0.0155399999999999,"ME2 BM4, ME2 BM5, ME3 BM4, ME4 BM5, ME5 BM4",1.293481625700157,daily_ff3,Daily FF3,XGBoost Signature
2013-04-10,0.00166,"ME2 BM4, SMALL LoBM, ME1 BM2, ME1 BM3, ME1 BM4",1.2956288051988192,daily_ff3,Daily FF3,XGBoost Signature
2013-04-11,-0.0043,"ME1 BM2, ME1 BM3, ME1 BM4, SMALL HiBM, ME2 BM1",1.2900576013364642,daily_ff3,Daily FF3,XGBoost Signature
2013-04-12,-0.03992,"ME2 BM4, SMALL LoBM, ME1 BM2, ME1 BM3, ME1 BM4",1.2385585018911125,daily_ff3,Daily FF3,XGBoost Signature
2013-04-15,0.01684,"ME2 BM4, SMALL LoBM, ME1 BM2, ME1 BM3, ME1 BM4",1.2594158270629587,daily_ff3,Daily FF3,XGBoost Signature
2013-04-16,-0.01718,"SMALL LoBM, ME1 BM2, ME1 BM3, SMALL HiBM, ME2 BM2",1.237779063154017,daily_ff3,Daily FF3,XGBoost Signature
2013-04-17,-0.0027199999999999,"ME4 BM5, SMALL LoBM, ME1 BM2, ME1 BM3, ME1 BM4",1.234412304102238,daily_ff3,Daily FF3,XGBoost Signature
2013-04-18,0.0124199999999999,"ME4 BM5, BIG HiBM, SMALL LoBM, ME1 BM2, ME1 BM3",1.249743704919188,daily_ff3,Daily FF3,XGBoost Signature
2013-04-19,0.00012,"SMALL LoBM, ME1 BM2, ME1 BM3, ME1 BM4, SMALL HiBM",1.249893674163778,daily_ff3,Daily FF3,XGBoost Signature
2013-04-22,0.01734,"ME1 BM4, ME2 BM4, SMALL LoBM, ME1 BM3, ME2 BM1",1.271566830473778,daily_ff3,Daily FF3,XGBoost Signature
2013-04-23,0.00808,"ME1 BM4, ME2 BM4, ME4 BM5, ME3 BM1, ME3 BM4",1.281841090464006,daily_ff3,Daily FF3,XGBoost Signature
2013-04-24,0.00716,"SMALL LoBM, ME1 BM2, ME1 BM3, ME1 BM4, SMALL HiBM",1.2910190726717283,daily_ff3,Daily FF3,XGBoost Signature
2013-04-25,-0.00674,"ME1 BM4, ME2 BM4, ME2 BM5, ME4 BM3, ME4 BM5",1.2823176041219209,daily_ff3,Daily FF3,XGBoost Signature
2013-04-26,0.00712,"ME1 BM4, SMALL LoBM, ME1 BM2, ME1 BM3, SMALL HiBM",1.291447705463269,daily_ff3,Daily FF3,XGBoost Signature
2013-04-29,0.0048,"SMALL LoBM, ME1 BM2, ME1 BM3, ME1 BM4, SMALL HiBM",1.2976466544494925,daily_ff3,Daily FF3,XGBoost Signature
2013-04-30,-0.02822,"ME1 BM2, ME1 BM3, ME1 BM4, SMALL HiBM, ME2 BM1",1.2610270658609275,daily_ff3,Daily FF3,XGBoost Signature
2013-05-01,0.0167599999999999,"SMALL LoBM, ME1 BM2, ME1 BM3, ME1 BM4, SMALL HiBM",1.282161879484757,daily_ff3,Daily FF3,XGBoost Signature
2013-05-02,0.0174599999999999,"SMALL LoBM, ME1 BM2, ME1 BM3, ME1 BM4, SMALL HiBM",1.3045484259005609,daily_ff3,Daily FF3,XGBoost Signature
2013-05-03,0.0060999999999999,"SMALL LoBM, ME1 BM2, ME1 BM3, ME1 BM4, SMALL HiBM",1.3125061712985542,daily_ff3,Daily FF3,XGBoost Signature
2013-05-06,0.00804,"ME2 BM2, ME2 BM3, ME2 BM4, ME2 BM5, ME3 BM3",1.323058720915795,daily_ff3,Daily FF3,XGBoost Signature
2013-05-07,0.00438,"ME1 BM4, ME2 BM5, ME3 BM4, ME3 BM5, ME4 BM3",1.328853718113406,daily_ff3,Daily FF3,XGBoost Signature
2013-05-08,-0.00036,"ME3 BM4, SMALL LoBM, ME1 BM2, ME1 BM3, ME1 BM4",1.3283753307748851,daily_ff3,Daily FF3,XGBoost Signature
2013-05-09,0.00726,"BIG HiBM, SMALL LoBM, ME1 BM2, ME1 BM3, ME1 BM4",1.3380193356763108,daily_ff3,Daily FF3,XGBoost Signature
2013-05-10,6e-05,"SMALL LoBM, ME1 BM2, ME1 BM3, ME1 BM4, SMALL HiBM",1.3380996168364514,daily_ff3,Daily FF3,XGBoost Signature
2013-05-13,0.01376,"ME2 BM1, ME2 BM2, ME2 BM3, ME2 BM5, ME3 BM1",1.356511867564121,daily_ff3,Daily FF3,XGBoost Signature
2013-05-14,0.00356,"SMALL LoBM, ME1 BM2, ME1 BM3, ME1 BM4, SMALL HiBM",1.3613410498126493,daily_ff3,Daily FF3,XGBoost Signature
2013-05-15,-0.0022199999999999,"SMALL LoBM, ME1 BM2, ME1 BM3, ME1 BM4, SMALL HiBM",1.3583188726820652,daily_ff3,Daily FF3,XGBoost Signature
2013-05-16,0.00904,"SMALL LoBM, ME1 BM2, ME1 BM3, ME1 BM4, SMALL HiBM",1.3705980752911109,daily_ff3,Daily FF3,XGBoost Signature
2013-05-17,0.00202,"SMALL LoBM, ME1 BM2, ME1 BM3, ME1 BM4, SMALL HiBM",1.3733666834031988,daily_ff3,Daily FF3,XGBoost Signature
2013-05-20,0.00114,"SMALL LoBM, ME1 BM3, ME1 BM4, SMALL HiBM, ME2 BM1",1.3749323214222784,daily_ff3,Daily FF3,XGBoost Signature
2013-05-21,-0.01296,"SMALL LoBM, ME4 BM4, BIG HiBM, ME1 BM2, ME1 BM3",1.3571131985366458,daily_ff3,Daily FF3,XGBoost Signature
2013-05-22,0.00658,"SMALL LoBM, ME1 BM2, ME1 BM3, ME1 BM4, SMALL HiBM",1.3660430033830169,daily_ff3,Daily FF3,XGBoost Signature
2013-05-23,0.0033599999999999,"SMALL LoBM, ME1 BM2, ME1 BM3, ME1 BM4, SMALL HiBM",1.3706329078743835,daily_ff3,Daily FF3,XGBoost Signature
2013-05-24,0.0158,"SMALL LoBM, ME1 BM2, ME1 BM3, ME1 BM4, SMALL HiBM",1.392288907818799,daily_ff3,Daily FF3,XGBoost Signature
2013-05-28,-0.00884,"SMALL LoBM, ME1 BM2, ME1 BM3, ME1 BM4, SMALL HiBM",1.3799810738736809,daily_ff3,Daily FF3,XGBoost Signature
2013-05-29,0.0101,"SMALL LoBM, ME1 BM2, ME1 BM3, ME1 BM4, SMALL HiBM",1.393918882719805,daily_ff3,Daily FF3,XGBoost Signature
2013-05-30,-0.00938,"SMALL LoBM, ME1 BM2, ME1 BM3, ME1 BM4, SMALL HiBM",1.3808439235998933,daily_ff3,Daily FF3,XGBoost Signature
2013-05-31,0.0047599999999999,"SMALL LoBM, ME2 BM2, ME2 BM3, ME2 BM5, ME3 BM5",1.387416740676229,daily_ff3,Daily FF3,XGBoost Signature
2013-06-03,-0.00776,"SMALL LoBM, ME1 BM2, ME1 BM3, ME1 BM4, SMALL HiBM",1.3766503867685815,daily_ff3,Daily FF3,XGBoost Signature
2013-06-04,-0.01296,"ME2 BM2, ME1 BM2, ME1 BM3, ME1 BM4, SMALL HiBM",1.358808997756061,daily_ff3,Daily FF3,XGBoost Signature
2013-06-05,0.01172,"SMALL LoBM, ME1 BM2, ME1 BM3, ME1 BM4, SMALL HiBM",1.3747342392097617,daily_ff3,Daily FF3,XGBoost Signature
2013-06-06,0.0050799999999999,"SMALL LoBM, ME1 BM2, ME1 BM3, ME1 BM4, SMALL HiBM",1.3817178891449473,daily_ff3,Daily FF3,XGBoost Signature
2013-06-07,0.0081999999999999,"ME1 BM2, ME1 BM3, SMALL HiBM, ME2 BM2, ME2 BM3",1.3930479758359358,daily_ff3,Daily FF3,XGBoost Signature
2013-06-10,-0.00962,"SMALL LoBM, ME1 BM3, ME1 BM4, ME2 BM1, ME2 BM2",1.3796468543083942,daily_ff3,Daily FF3,XGBoost Signature
2013-06-11,-0.00748,"SMALL LoBM, ME1 BM2, ME1 BM3, ME1 BM4, SMALL HiBM",1.3693270958381674,daily_ff3,Daily FF3,XGBoost Signature
2013-06-12,0.0146399999999999,"BIG HiBM, SMALL LoBM, ME1 BM2, ME1 BM3, ME1 BM4",1.389374044521238,daily_ff3,Daily FF3,XGBoost Signature
2013-06-13,-0.0107,"SMALL LoBM, ME1 BM2, ME1 BM3, ME1 BM4, SMALL HiBM",1.3745077422448608,daily_ff3,Daily FF3,XGBoost Signature
2013-06-14,0.0068399999999999,"SMALL LoBM, ME1 BM2, ME1 BM3, ME1 BM4, SMALL HiBM",1.3839093752018157,daily_ff3,Daily FF3,XGBoost Signature
2013-06-17,0.01176,"BIG HiBM, SMALL LoBM, ME1 BM2, ME1 BM3, ME1 BM4",1.4001841494541891,daily_ff3,Daily FF3,XGBoost Signature
2013-06-18,-0.0123,"ME4 BM5, ME5 BM2, ME5 BM3, SMALL LoBM, ME1 BM2",1.3829618844159026,daily_ff3,Daily FF3,XGBoost Signature
2013-06-19,-0.023,"SMALL LoBM, ME1 BM3, ME1 BM4, ME1 BM2, SMALL HiBM",1.351153761074337,daily_ff3,Daily FF3,XGBoost Signature
2013-06-20,0.0047,"SMALL LoBM, ME1 BM2, ME1 BM3, ME1 BM4, SMALL HiBM",1.3575041837513862,daily_ff3,Daily FF3,XGBoost Signature
2013-06-21,-0.01322,"ME3 BM5, ME1 BM2, ME4 BM2, ME4 BM3, ME4 BM4",1.3395579784421927,daily_ff3,Daily FF3,XGBoost Signature
2013-06-24,0.00992,"ME5 BM4, SMALL LoBM, ME1 BM2, ME1 BM3, ME1 BM4",1.3528463935883392,daily_ff3,Daily FF3,XGBoost Signature
2013-06-25,0.0010799999999999,"SMALL LoBM, ME1 BM3, ME1 BM4, ME2 BM2, ME2 BM3",1.3543074676934146,daily_ff3,Daily FF3,XGBoost Signature
2013-06-26,0.01198,"ME3 BM5, ME5 BM4, ME5 BM3, BIG HiBM, SMALL LoBM",1.3705320711563818,daily_ff3,Daily FF3,XGBoost Signature
2013-06-27,-0.00126,"ME1 BM4, ME2 BM3, ME3 BM5, SMALL LoBM, ME1 BM2",1.3688052007467246,daily_ff3,Daily FF3,XGBoost Signature
2013-06-28,0.01328,"SMALL LoBM, ME1 BM2, ME1 BM3, ME1 BM4, SMALL HiBM",1.3869829338126411,daily_ff3,Daily FF3,XGBoost Signature
2013-07-01,-0.00082,"SMALL LoBM, ME1 BM2, ME1 BM3, ME1 BM4, SMALL HiBM",1.3858456078069148,daily_ff3,Daily FF3,XGBoost Signature
2013-07-02,0.00334,"ME1 BM2, ME1 BM3, ME1 BM4, SMALL HiBM, ME2 BM1",1.3904743321369897,daily_ff3,Daily FF3,XGBoost Signature
2013-07-03,0.01576,"ME5 BM4, SMALL LoBM, ME1 BM2, ME1 BM3, ME1 BM4",1.4123882076114689,daily_ff3,Daily FF3,XGBoost Signature
2013-07-05,0.00528,"SMALL LoBM, ME1 BM2, ME1 BM3, ME1 BM4, SMALL HiBM",1.4198456173476572,daily_ff3,Daily FF3,XGBoost Signature
2013-07-08,0.00782,"ME1 BM2, ME1 BM3, SMALL HiBM, ME2 BM1, ME2 BM4",1.4309488100753158,daily_ff3,Daily FF3,XGBoost Signature
2013-07-09,0.00566,"SMALL LoBM, ME1 BM2, ME1 BM3, ME1 BM4, SMALL HiBM",1.4390479803403422,daily_ff3,Daily FF3,XGBoost Signature
2013-07-10,0.0124399999999999,"SMALL LoBM, ME1 BM2, ME1 BM3, ME1 BM4, SMALL HiBM",1.456949737215776,daily_ff3,Daily FF3,XGBoost Signature
2013-07-11,0.0028,"SMALL LoBM, ME1 BM2, ME1 BM3, ME1 BM4, SMALL HiBM",1.46102919647998,daily_ff3,Daily FF3,XGBoost Signature
2013-07-12,0.0121999999999999,"SMALL LoBM, ME1 BM2, ME1 BM3, ME1 BM4, SMALL HiBM",1.4788537526770358,daily_ff3,Daily FF3,XGBoost Signature
2013-07-15,-0.0004399999999999,"SMALL LoBM, ME1 BM2, ME1 BM3, ME1 BM4, SMALL HiBM",1.478203057025858,daily_ff3,Daily FF3,XGBoost Signature
2013-07-16,0.00262,"SMALL LoBM, ME1 BM2, ME1 BM3, ME1 BM4, SMALL HiBM",1.4820759490352655,daily_ff3,Daily FF3,XGBoost Signature
2013-07-17,0.00428,"SMALL LoBM, ME1 BM2, ME1 BM3, ME1 BM4, SMALL HiBM",1.4884192340971367,daily_ff3,Daily FF3,XGBoost Signature
2013-07-18,0.00074,"SMALL LoBM, ME1 BM2, ME1 BM3, ME1 BM4, SMALL HiBM",1.4895206643303684,daily_ff3,Daily FF3,XGBoost Signature
2013-07-19,0.00536,"ME2 BM4, ME2 BM5, ME3 BM4, ME3 BM5, ME4 BM5",1.497504495091179,daily_ff3,Daily FF3,XGBoost Signature
2013-07-22,-0.00218,"SMALL LoBM, ME1 BM2, ME1 BM3, ME1 BM4, SMALL HiBM",1.4942399352918807,daily_ff3,Daily FF3,XGBoost Signature
2013-07-23,-0.00606,"SMALL LoBM, ME1 BM2, ME1 BM3, ME1 BM4, SMALL HiBM",1.485184841284012,daily_ff3,Daily FF3,XGBoost Signature
2013-07-24,0.01232,"SMALL LoBM, ME1 BM2, ME1 BM3, ME1 BM4, SMALL HiBM",1.5034823185286312,daily_ff3,Daily FF3,XGBoost Signature
2013-07-25,-0.00728,"SMALL LoBM, ME1 BM2, ME1 BM3, ME1 BM4, SMALL HiBM",1.4925369672497428,daily_ff3,Daily FF3,XGBoost Signature
2013-07-26,-0.0078,"SMALL LoBM, ME1 BM2, ME1 BM3, ME1 BM4, SMALL HiBM",1.4808951789051947,daily_ff3,Daily FF3,XGBoost Signature
2013-07-29,0.00078,"SMALL LoBM, ME1 BM2, ME1 BM3, ME1 BM4, SMALL HiBM",1.4820502771447408,daily_ff3,Daily FF3,XGBoost Signature
2013-07-30,0.00208,"SMALL LoBM, ME1 BM2, ME1 BM3, ME1 BM4, SMALL HiBM",1.485132941721202,daily_ff3,Daily FF3,XGBoost Signature
2013-07-31,0.01524,"ME3 BM2, ME3 BM4, SMALL LoBM, ME1 BM2, ME1 BM3",1.507766367753033,daily_ff3,Daily FF3,XGBoost Signature
2013-08-01,-0.00126,"ME3 BM2, ME3 BM4, SMALL LoBM, ME1 BM2, ME1 BM3",1.5058665821296642,daily_ff3,Daily FF3,XGBoost Signature
2013-08-02,0.00346,"ME1 BM2, ME2 BM1, ME2 BM2, ME2 BM3, ME2 BM4",1.5110768805038328,daily_ff3,Daily FF3,XGBoost Signature
2013-08-05,-0.00974,"ME1 BM2, ME2 BM3, SMALL LoBM, ME1 BM3, ME1 BM4",1.4963589916877256,daily_ff3,Daily FF3,XGBoost Signature
2013-08-06,-0.0081,"ME1 BM2, ME2 BM3, ME3 BM1, SMALL LoBM, ME1 BM3",1.484238483855055,daily_ff3,Daily FF3,XGBoost Signature
2013-08-07,0.0017399999999999,"SMALL LoBM, ME1 BM2, ME1 BM3, ME1 BM4, SMALL HiBM",1.486821058816963,daily_ff3,Daily FF3,XGBoost Signature
2013-08-08,-0.0055,"ME2 BM3, SMALL LoBM, ME1 BM2, ME1 BM3, ME1 BM4",1.47864354299347,daily_ff3,Daily FF3,XGBoost Signature
2013-08-09,0.00018,"ME3 BM4, BIG HiBM, SMALL LoBM, ME1 BM2, ME1 BM3",1.478909698831209,daily_ff3,Daily FF3,XGBoost Signature
2013-08-12,0.00102,"SMALL LoBM, ME1 BM2, ME1 BM3, ME1 BM4, SMALL HiBM",1.4804181867240167,daily_ff3,Daily FF3,XGBoost Signature
2013-08-13,-0.0026,"ME2 BM1, ME2 BM2, ME2 BM3, ME2 BM4, ME2 BM5",1.476569099438534,daily_ff3,Daily FF3,XGBoost Signature
2013-08-14,-0.01738,"SMALL LoBM, ME1 BM2, ME1 BM3, ME1 BM4, SMALL HiBM",1.4509063284902926,daily_ff3,Daily FF3,XGBoost Signature
2013-08-15,-0.00112,"SMALL LoBM, ME1 BM2, ME1 BM3, ME1 BM4, SMALL HiBM",1.4492813134023834,daily_ff3,Daily FF3,XGBoost Signature
2013-08-16,-0.01028,"SMALL LoBM, ME1 BM2, ME1 BM3, ME1 BM4, SMALL HiBM",1.434382701500607,daily_ff3,Daily FF3,XGBoost Signature
2013-08-19,0.01432,"SMALL LoBM, ME1 BM2, ME1 BM3, ME1 BM4, SMALL HiBM",1.4549230617860958,daily_ff3,Daily FF3,XGBoost Signature
2013-08-20,-0.00592,"SMALL LoBM, ME1 BM2, ME1 BM3, ME1 BM4, SMALL HiBM",1.446309917260322,daily_ff3,Daily FF3,XGBoost Signature
2013-08-21,0.01602,"ME4 BM4, SMALL LoBM, ME1 BM2, ME1 BM3, ME1 BM4",1.4694798021348323,daily_ff3,Daily FF3,XGBoost Signature
2013-08-22,0.00202,"ME4 BM4, SMALL LoBM, ME1 BM2, ME1 BM3, ME1 BM4",1.4724481513351446,daily_ff3,Daily FF3,XGBoost Signature
2013-08-23,0.00142,"SMALL LoBM, ME1 BM2, ME1 BM3, ME1 BM4, SMALL HiBM",1.4745390277100403,daily_ff3,Daily FF3,XGBoost Signature
2013-08-26,-0.0237999999999999,"ME1 BM4, ME2 BM3, ME3 BM1, ME4 BM4, SMALL LoBM",1.4394449988505416,daily_ff3,Daily FF3,XGBoost Signature
2013-08-27,0.00492,"ME3 BM1, ME4 BM4, ME1 BM2, ME1 BM3, ME2 BM2",1.4465270682448863,daily_ff3,Daily FF3,XGBoost Signature
2013-08-28,0.0107199999999999,"ME4 BM4, SMALL LoBM, ME1 BM2, ME1 BM4, SMALL HiBM",1.4620338384164715,daily_ff3,Daily FF3,XGBoost Signature
2013-08-29,-0.0134399999999999,"ME4 BM4, SMALL LoBM, ME1 BM2, ME1 BM3, ME1 BM4",1.4423841036281542,daily_ff3,Daily FF3,XGBoost Signature
2013-08-30,0.00792,"ME4 BM4, SMALL LoBM, ME1 BM2, ME1 BM3, ME1 BM4",1.4538077857288891,daily_ff3,Daily FF3,XGBoost Signature
2013-09-03,0.0081599999999999,"BIG HiBM, SMALL LoBM, ME1 BM2, ME1 BM3, ME1 BM4",1.4656708572604369,daily_ff3,Daily FF3,XGBoost Signature
2013-09-04,0.0043,"SMALL LoBM, ME1 BM2, ME1 BM3, ME1 BM4, SMALL HiBM",1.471973241946657,daily_ff3,Daily FF3,XGBoost Signature
2013-09-05,0.00018,"SMALL LoBM, ME1 BM2, ME1 BM3, ME1 BM4, SMALL HiBM",1.4722381971302072,daily_ff3,Daily FF3,XGBoost Signature
2013-09-06,0.01528,"SMALL LoBM, ME1 BM2, ME1 BM3, ME1 BM4, SMALL HiBM",1.4947339967823567,daily_ff3,Daily FF3,XGBoost Signature
2013-09-09,0.00842,"ME1 BM3, ME1 BM4, ME2 BM2, ME2 BM3, ME2 BM4",1.5073196570352645,daily_ff3,Daily FF3,XGBoost Signature
2013-09-10,4.0000000000000064e-05,"ME4 BM3, SMALL LoBM, ME1 BM2, ME1 BM3, ME1 BM4",1.5073799498215457,daily_ff3,Daily FF3,XGBoost Signature
2013-09-11,-0.0064199999999999,"ME1 BM4, ME2 BM1, ME2 BM3, ME2 BM4, ME2 BM5",1.4977025705436913,daily_ff3,Daily FF3,XGBoost Signature
2013-09-12,0.00568,"ME2 BM5, SMALL LoBM, ME1 BM2, ME1 BM3, ME1 BM4",1.5062095211443791,daily_ff3,Daily FF3,XGBoost Signature
2013-09-13,-0.0007,"SMALL LoBM, ME1 BM2, ME1 BM3, ME1 BM4, SMALL HiBM",1.505155174479578,daily_ff3,Daily FF3,XGBoost Signature
2013-09-16,0.0088,"ME4 BM1, ME4 BM2, SMALL LoBM, ME1 BM2, ME1 BM3",1.5184005400149982,daily_ff3,Daily FF3,XGBoost Signature
2013-09-17,0.00824,"ME3 BM1, ME4 BM4, SMALL LoBM, ME1 BM2, ME1 BM3",1.5309121604647218,daily_ff3,Daily FF3,XGBoost Signature
2013-09-18,-0.0012,"SMALL LoBM, ME1 BM2, ME1 BM3, ME1 BM4, SMALL HiBM",1.529075065872164,daily_ff3,Daily FF3,XGBoost Signature
2013-09-19,6.000000000000014e-05,"SMALL LoBM, ME1 BM3, ME1 BM4, ME2 BM3, ME2 BM4",1.5291668103761165,daily_ff3,Daily FF3,XGBoost Signature
2013-09-20,0.00014,"SMALL LoBM, ME1 BM2, ME1 BM3, ME1 BM4, SMALL HiBM",1.5293808937295692,daily_ff3,Daily FF3,XGBoost Signature
2013-09-23,0.00494,"ME1 BM3, ME1 BM4, ME1 BM2, SMALL HiBM, ME2 BM3",1.536936035344593,daily_ff3,Daily FF3,XGBoost Signature
2013-09-24,0.0013599999999999,"ME1 BM4, SMALL LoBM, ME1 BM2, ME1 BM3, SMALL HiBM",1.539026268352662,daily_ff3,Daily FF3,XGBoost Signature
2013-09-25,0.0030199999999999,"ME1 BM4, ME4 BM4, ME1 BM2, SMALL HiBM, ME2 BM4",1.543674127683087,daily_ff3,Daily FF3,XGBoost Signature
2013-09-26,-0.00184,"ME1 BM4, ME4 BM4, SMALL LoBM, ME1 BM2, ME1 BM3",1.5408337672881502,daily_ff3,Daily FF3,XGBoost Signature
2013-09-27,-0.00044,"ME4 BM4, SMALL LoBM, ME1 BM2, ME1 BM3, ME1 BM4",1.5401558004305436,daily_ff3,Daily FF3,XGBoost Signature
2013-09-30,0.01184,"ME1 BM4, ME4 BM4, ME1 BM2, ME3 BM5, BIG HiBM",1.5583912451076414,daily_ff3,Daily FF3,XGBoost Signature
2013-10-01,-0.0042,"ME4 BM4, SMALL LoBM, ME1 BM2, ME1 BM3, ME1 BM4",1.5518460018781892,daily_ff3,Daily FF3,XGBoost Signature
2013-10-02,-0.0103,"ME4 BM4, SMALL LoBM, ME1 BM2, ME1 BM4, ME2 BM1",1.535861988058844,daily_ff3,Daily FF3,XGBoost Signature
2013-10-03,0.00866,"ME1 BM4, ME4 BM4, SMALL LoBM, ME1 BM2, ME1 BM3",1.5491625528754334,daily_ff3,Daily FF3,XGBoost Signature
2013-10-04,-0.01124,"ME1 BM4, ME4 BM4, SMALL LoBM, ME1 BM2, ME1 BM3",1.5317499657811136,daily_ff3,Daily FF3,XGBoost Signature
2013-10-07,-0.01736,"ME1 BM4, ME4 BM4, ME2 BM1, ME3 BM1, ME3 BM5",1.5051587863751534,daily_ff3,Daily FF3,XGBoost Signature
2013-10-08,-0.0026999999999999,"ME1 BM4, ME4 BM4, ME2 BM5, SMALL LoBM, ME1 BM2",1.5010948576519405,daily_ff3,Daily FF3,XGBoost Signature
2013-10-09,0.0246,"SMALL LoBM, ME2 BM1, ME3 BM1, ME4 BM1, ME1 BM4",1.538021791150178,daily_ff3,Daily FF3,XGBoost Signature
2013-10-10,0.01354,"ME4 BM4, ME1 BM4, ME2 BM5, ME3 BM4, SMALL LoBM",1.5588466062023516,daily_ff3,Daily FF3,XGBoost Signature
2013-10-11,0.00442,"ME1 BM4, ME4 BM4, SMALL LoBM, ME1 BM2, ME1 BM3",1.565736708201766,daily_ff3,Daily FF3,XGBoost Signature
2013-10-14,-0.00676,"ME1 BM4, ME4 BM4, ME4 BM5, BIG HiBM, ME1 BM2",1.5551523280543222,daily_ff3,Daily FF3,XGBoost Signature
2013-10-15,0.01406,"ME4 BM4, ME1 BM4, ME4 BM5, BIG HiBM, ME2 BM5",1.577017769786766,daily_ff3,Daily FF3,XGBoost Signature
2013-10-16,0.00956,"ME4 BM4, ME1 BM4, ME3 BM4, ME4 BM3, ME4 BM5",1.5920940596659274,daily_ff3,Daily FF3,XGBoost Signature
2013-10-17,0.00834,"ME4 BM4, ME1 BM4, ME3 BM4, ME4 BM5, BIG HiBM",1.6053721241235412,daily_ff3,Daily FF3,XGBoost Signature
2013-10-18,-0.0024,"BIG HiBM, ME4 BM4, ME4 BM5, SMALL LoBM, ME1 BM2",1.6015192310256448,daily_ff3,Daily FF3,XGBoost Signature
2013-10-21,0.00328,"BIG HiBM, ME1 BM4, ME4 BM4, ME4 BM5, SMALL LoBM",1.6067722141034089,daily_ff3,Daily FF3,XGBoost Signature
2013-10-22,-0.00758,"ME4 BM4, BIG HiBM, ME4 BM5, SMALL LoBM, ME1 BM2",1.594592880720505,daily_ff3,Daily FF3,XGBoost Signature
2013-10-23,0.00198,"BIG HiBM, ME4 BM4, ME4 BM5, ME4 BM3, SMALL LoBM",1.5977501746243317,daily_ff3,Daily FF3,XGBoost Signature
2013-10-24,0.0018599999999999,"ME4 BM4, BIG HiBM, ME4 BM5, SMALL LoBM, ME1 BM2",1.600721989949133,daily_ff3,Daily FF3,XGBoost Signature
2013-10-25,0.00024,"ME1 BM4, ME4 BM4, ME4 BM5, BIG HiBM, ME1 BM2",1.6011061632267207,daily_ff3,Daily FF3,XGBoost Signature
2013-10-28,0.00464,"BIG HiBM, ME4 BM4, ME4 BM5, SMALL LoBM, ME1 BM2",1.6085352958240926,daily_ff3,Daily FF3,XGBoost Signature
2013-10-29,-0.01176,"ME4 BM4, BIG HiBM, SMALL LoBM, ME1 BM2, ME1 BM3",1.5896189207452014,daily_ff3,Daily FF3,XGBoost Signature
2013-10-30,-0.00806,"BIG HiBM, ME1 BM4, ME4 BM4, SMALL LoBM, ME1 BM2",1.576806592243995,daily_ff3,Daily FF3,XGBoost Signature
2013-10-31,-0.00158,"SMALL LoBM, ME2 BM1, ME1 BM4, ME4 BM4, BIG HiBM",1.5743152378282494,daily_ff3,Daily FF3,XGBoost Signature
2013-11-01,0.0077199999999999,"ME1 BM4, ME4 BM4, ME4 BM5, BIG HiBM, SMALL LoBM",1.5864689514642834,daily_ff3,Daily FF3,XGBoost Signature
2013-11-04,-0.0028399999999999,"ME1 BM4, ME4 BM4, ME4 BM5, BIG HiBM, SMALL LoBM",1.5819633796421249,daily_ff3,Daily FF3,XGBoost Signature
2013-11-05,-0.0022199999999999,"ME4 BM4, ME4 BM5, BIG HiBM, ME1 BM3, ME1 BM4",1.5784514209393194,daily_ff3,Daily FF3,XGBoost Signature
2013-11-06,-0.01582,"ME4 BM4, ME4 BM5, BIG HiBM, SMALL LoBM, ME1 BM2",1.5534803194600597,daily_ff3,Daily FF3,XGBoost Signature
2013-11-07,0.0215199999999999,"ME4 BM4, ME4 BM5, BIG HiBM, SMALL LoBM, ME1 BM2",1.58691121593484,daily_ff3,Daily FF3,XGBoost Signature
2013-11-08,0.0029,"ME4 BM4, ME4 BM5, BIG HiBM, SMALL LoBM, ME1 BM2",1.591513258461051,daily_ff3,Daily FF3,XGBoost Signature
2013-11-11,-0.00224,"BIG HiBM, ME4 BM4, ME4 BM5, SMALL LoBM, ME1 BM2",1.5879482687620985,daily_ff3,Daily FF3,XGBoost Signature
2013-11-12,0.00996,"BIG HiBM, ME1 BM4, ME4 BM4, ME4 BM5, SMALL LoBM",1.6037642335189688,daily_ff3,Daily FF3,XGBoost Signature
2013-11-13,0.00176,"BIG HiBM, ME1 BM4, ME4 BM5, SMALL LoBM, ME2 BM1",1.606586858569962,daily_ff3,Daily FF3,XGBoost Signature
2013-11-14,0.0046199999999999,"BIG HiBM, ME1 BM4, ME4 BM4, ME4 BM5, SMALL LoBM",1.6140092898565557,daily_ff3,Daily FF3,XGBoost Signature
2013-11-15,-0.00668,"BIG HiBM, ME1 BM4, ME4 BM5, SMALL LoBM, ME1 BM2",1.6032277078003137,daily_ff3,Daily FF3,XGBoost Signature
2013-11-18,-0.00172,"BIG HiBM, ME1 BM4, ME4 BM5, SMALL LoBM, ME1 BM2",1.6004701561428971,daily_ff3,Daily FF3,XGBoost Signature
2013-11-19,-0.00152,"BIG HiBM, ME1 BM4, ME4 BM4, ME4 BM5, SMALL LoBM",1.59803744150556,daily_ff3,Daily FF3,XGBoost Signature
2013-11-20,0.01794,"BIG HiBM, ME1 BM4, ME4 BM4, SMALL LoBM, ME1 BM2",1.62670623320617,daily_ff3,Daily FF3,XGBoost Signature
2013-11-21,0.0064,"BIG HiBM, ME1 BM4, ME4 BM5, SMALL LoBM, ME1 BM2",1.6371171530986894,daily_ff3,Daily FF3,XGBoost Signature
2013-11-22,0.0027199999999999,"BIG HiBM, ME1 BM4, SMALL HiBM, ME2 BM5, ME4 BM5",1.641570111755118,daily_ff3,Daily FF3,XGBoost Signature
2013-11-25,0.0103,"SMALL HiBM, ME2 BM2, SMALL LoBM, ME1 BM3, ME1 BM4",1.6584782839061958,daily_ff3,Daily FF3,XGBoost Signature
2013-11-26,0.00804,"SMALL LoBM, ME1 BM3, ME1 BM4, SMALL HiBM, ME2 BM1",1.6718124493088016,daily_ff3,Daily FF3,XGBoost Signature
2013-11-27,0.00522,"SMALL LoBM, ME1 BM3, ME1 BM4, SMALL HiBM, ME2 BM1",1.6805393102941937,daily_ff3,Daily FF3,XGBoost Signature
2013-11-29,-0.0154799999999999,"SMALL LoBM, ME1 BM3, ME1 BM4, SMALL HiBM, ME2 BM1",1.6545245617708393,daily_ff3,Daily FF3,XGBoost Signature
2013-12-02,-0.00358,"SMALL LoBM, ME1 BM3, ME1 BM4, SMALL HiBM, ME2 BM1",1.6486013638396997,daily_ff3,Daily FF3,XGBoost Signature
2013-12-03,-0.00126,"BIG HiBM, ME1 BM4, ME2 BM2, ME3 BM4, ME3 BM5",1.6465241261212615,daily_ff3,Daily FF3,XGBoost Signature
2013-12-04,0.002,"ME1 BM4, SMALL HiBM, ME2 BM1, ME2 BM2, ME2 BM5",1.6498171743735042,daily_ff3,Daily FF3,XGBoost Signature
2013-12-05,0.00874,"BIG HiBM, ME1 BM4, SMALL HiBM, ME2 BM2, ME2 BM5",1.6642365764775289,daily_ff3,Daily FF3,XGBoost Signature
2013-12-06,-0.00224,"BIG HiBM, ME1 BM4, SMALL HiBM, ME2 BM2, ME2 BM5",1.6605086865462189,daily_ff3,Daily FF3,XGBoost Signature
2013-12-09,-0.0095199999999999,"ME1 BM4, SMALL HiBM, ME2 BM1, ME2 BM2, ME2 BM5",1.644700643850299,daily_ff3,Daily FF3,XGBoost Signature
2013-12-10,-0.01588,"ME1 BM3, ME1 BM4, SMALL HiBM, ME2 BM1, ME2 BM2",1.618582797625956,daily_ff3,Daily FF3,XGBoost Signature
2013-12-11,0.0016599999999999,"ME1 BM3, SMALL HiBM, ME2 BM1, ME2 BM2, ME2 BM5",1.6212696450700153,daily_ff3,Daily FF3,XGBoost Signature
2013-12-12,0.00376,"ME1 BM3, SMALL HiBM, ME2 BM1, ME2 BM2, ME2 BM5",1.6273656189354786,daily_ff3,Daily FF3,XGBoost Signature
2013-12-13,0.01094,"ME1 BM3, SMALL HiBM, ME2 BM1, ME2 BM5, ME3 BM4",1.6451689988066327,daily_ff3,Daily FF3,XGBoost Signature
2013-12-16,-0.00122,"ME1 BM3, SMALL HiBM, ME2 BM1, ME2 BM5, ME3 BM4",1.6431618926280886,daily_ff3,Daily FF3,XGBoost Signature
2013-12-17,0.01126,"ME1 BM3, SMALL HiBM, ME2 BM1, ME2 BM2, ME2 BM5",1.661663895539081,daily_ff3,Daily FF3,XGBoost Signature
2013-12-18,-0.0042,"ME1 BM3, SMALL HiBM, ME2 BM1, ME2 BM5, ME3 BM4",1.654684907177817,daily_ff3,Daily FF3,XGBoost Signature
2013-12-19,0.01566,"ME1 BM3, SMALL HiBM, ME2 BM2, ME2 BM5, ME3 BM4",1.6805972728242216,daily_ff3,Daily FF3,XGBoost Signature
2013-12-20,0.0108399999999999,"ME1 BM3, SMALL HiBM, ME2 BM3, ME2 BM5, ME3 BM4",1.698814947261636,daily_ff3,Daily FF3,XGBoost Signature
2013-12-23,0.00474,"ME1 BM3, SMALL HiBM, ME2 BM5, ME3 BM4, BIG HiBM",1.706867330111656,daily_ff3,Daily FF3,XGBoost Signature
2013-12-24,0.0009,"ME1 BM3, SMALL HiBM, ME2 BM2, ME2 BM3, ME3 BM4",1.7084035107087563,daily_ff3,Daily FF3,XGBoost Signature
2013-12-26,-1.0842021724855043e-20,"ME1 BM2, SMALL HiBM, ME2 BM3, ME2 BM5, BIG HiBM",1.7084035107087563,daily_ff3,Daily FF3,XGBoost Signature
2013-12-27,-0.00198,"SMALL HiBM, ME2 BM3, ME2 BM5, ME3 BM4, BIG HiBM",1.7050208717575532,daily_ff3,Daily FF3,XGBoost Signature
2013-12-30,0.0037199999999999,"ME1 BM3, SMALL HiBM, ME2 BM2, ME2 BM3, BIG HiBM",1.7113635494004913,daily_ff3,Daily FF3,XGBoost Signature
2013-12-31,-0.00922,"ME1 BM3, SMALL HiBM, ME2 BM2, ME2 BM3, BIG HiBM",1.6955847774750188,daily_ff3,Daily FF3,XGBoost Signature
2014-01-02,0.00408,"ME1 BM3, SMALL HiBM, ME2 BM2, ME2 BM3, BIG HiBM",1.702502763367117,daily_ff3,Daily FF3,XGBoost Signature
2014-01-03,-0.00726,"ME1 BM2, ME1 BM3, SMALL HiBM, ME2 BM3, ME1 BM4",1.6901425933050718,daily_ff3,Daily FF3,XGBoost Signature
2014-01-06,0.00958,"SMALL LoBM, ME1 BM2, ME1 BM3, SMALL HiBM, ME2 BM3",1.7063341593489345,daily_ff3,Daily FF3,XGBoost Signature
2014-01-07,-0.00046,"ME1 BM2, ME1 BM3, ME1 BM4, SMALL HiBM, ME2 BM2",1.7055492456356338,daily_ff3,Daily FF3,XGBoost Signature
2014-01-08,-0.0027199999999999,"SMALL HiBM, ME2 BM3, ME2 BM4, ME2 BM5, ME3 BM1",1.700910151687505,daily_ff3,Daily FF3,XGBoost Signature
2014-01-09,0.00292,"SMALL HiBM, ME2 BM3, ME2 BM4, ME2 BM5, ME3 BM1",1.7058768093304324,daily_ff3,Daily FF3,XGBoost Signature
2014-01-10,-0.01336,"ME2 BM5, ME2 BM3, ME2 BM4, ME3 BM1, ME3 BM5",1.683086295157778,daily_ff3,Daily FF3,XGBoost Signature
2014-01-13,0.01236,"ME2 BM3, ME2 BM4, ME2 BM5, ME3 BM2, ME3 BM4",1.703889241765928,daily_ff3,Daily FF3,XGBoost Signature
2014-01-14,0.008,"ME2 BM3, ME2 BM4, ME2 BM5, ME3 BM1, ME3 BM2",1.7175203557000551,daily_ff3,Daily FF3,XGBoost Signature
2014-01-15,-0.0023,"ME2 BM3, ME2 BM4, ME2 BM5, ME3 BM2, ME3 BM5",1.7135700588819454,daily_ff3,Daily FF3,XGBoost Signature
2014-01-16,-0.00376,"ME2 BM4, ME2 BM5, ME3 BM2, ME3 BM4, ME3 BM5",1.7071270354605492,daily_ff3,Daily FF3,XGBoost Signature
2014-01-17,0.0053399999999999,"ME2 BM4, ME2 BM5, ME3 BM2, ME3 BM4, ME3 BM5",1.7162430938299085,daily_ff3,Daily FF3,XGBoost Signature
2014-01-21,0.00558,"ME2 BM3, ME2 BM4, ME2 BM5, ME3 BM2, ME3 BM5",1.7258197302934792,daily_ff3,Daily FF3,XGBoost Signature
2014-01-22,-0.00994,"ME2 BM4, ME2 BM5, ME3 BM1, ME3 BM5, SMALL LoBM",1.708665082174362,daily_ff3,Daily FF3,XGBoost Signature
2014-01-23,-0.02548,"ME2 BM4, ME2 BM5, ME3 BM1, ME3 BM5, SMALL LoBM",1.665128295880559,daily_ff3,Daily FF3,XGBoost Signature
2014-01-24,-0.01368,"SMALL HiBM, ME2 BM1, ME2 BM3, ME2 BM4, ME2 BM5",1.6423493407929133,daily_ff3,Daily FF3,XGBoost Signature
2014-01-27,0.00882,"ME1 BM3, SMALL HiBM, ME2 BM1, ME2 BM3, ME2 BM5",1.6568348619787068,daily_ff3,Daily FF3,XGBoost Signature
2014-01-28,-0.01604,"ME2 BM1, SMALL LoBM, ME1 BM2, ME1 BM3, SMALL HiBM",1.6302592307925683,daily_ff3,Daily FF3,XGBoost Signature
2014-01-29,0.0154799999999999,"SMALL HiBM, ME2 BM2, ME3 BM5, ME1 BM4, SMALL LoBM",1.655495643685237,daily_ff3,Daily FF3,XGBoost Signature
2014-01-30,-0.00928,"ME1 BM2, SMALL HiBM, ME2 BM2, ME3 BM5, ME1 BM4",1.6401326441118382,daily_ff3,Daily FF3,XGBoost Signature
2014-01-31,-0.0315,"SMALL HiBM, ME2 BM2, ME3 BM5, ME1 BM4, SMALL LoBM",1.5884684658223154,daily_ff3,Daily FF3,XGBoost Signature
2014-02-03,0.00662,"ME1 BM2, ME1 BM3, ME2 BM2, ME2 BM3, ME2 BM5",1.5989841270660592,daily_ff3,Daily FF3,XGBoost Signature
2014-02-04,-0.00754,"ME1 BM4, SMALL HiBM, ME1 BM3, ME2 BM5, BIG HiBM",1.5869277867479812,daily_ff3,Daily FF3,XGBoost Signature
2014-02-05,0.00898,"ME1 BM4, SMALL HiBM, ME1 BM3, ME2 BM5, ME5 BM4",1.601178398272978,daily_ff3,Daily FF3,XGBoost Signature
2014-02-06,0.0128,"ME1 BM4, ME1 BM3, SMALL HiBM, ME2 BM1, ME2 BM2",1.6216734817708722,daily_ff3,Daily FF3,XGBoost Signature
2014-02-07,0.0031599999999999,"ME1 BM3, ME1 BM4, SMALL HiBM, ME2 BM3, ME3 BM1",1.6267979699732682,daily_ff3,Daily FF3,XGBoost Signature
2014-02-10,0.0107199999999999,"ME1 BM4, SMALL HiBM, ME2 BM3, ME5 BM4, SMALL LoBM",1.6442372442113815,daily_ff3,Daily FF3,XGBoost Signature
2014-02-11,0.00064,"ME1 BM4, SMALL HiBM, ME2 BM3, ME5 BM4, SMALL LoBM",1.645289556047677,daily_ff3,Daily FF3,XGBoost Signature
2014-02-12,0.0123,"ME1 BM4, SMALL HiBM, ME2 BM3, ME5 BM4, ME2 BM4",1.665526617587063,daily_ff3,Daily FF3,XGBoost Signature
2014-02-13,0.0038399999999999,"ME1 BM4, SMALL HiBM, ME2 BM3, ME5 BM4, ME1 BM2",1.6719222397985978,daily_ff3,Daily FF3,XGBoost Signature
2014-02-14,0.01026,"ME1 BM4, SMALL HiBM, ME2 BM3, ME5 BM4, SMALL LoBM",1.6890761619789312,daily_ff3,Daily FF3,XGBoost Signature
2014-02-18,-0.0105799999999999,"ME1 BM4, SMALL HiBM, ME2 BM3, ME5 BM4, SMALL LoBM",1.671205736185194,daily_ff3,Daily FF3,XGBoost Signature
2014-02-19,0.0110799999999999,"ME1 BM4, ME5 BM4, BIG HiBM, ME2 BM1, SMALL LoBM",1.689722695742126,daily_ff3,Daily FF3,XGBoost Signature
2014-02-20,-0.0003999999999999,"ME5 BM4, ME1 BM2, SMALL LoBM, ME1 BM3, ME1 BM4",1.6890468066638291,daily_ff3,Daily FF3,XGBoost Signature
2014-02-21,0.00754,"ME5 BM4, SMALL LoBM, ME1 BM2, ME1 BM3, ME1 BM4",1.7017822195860746,daily_ff3,Daily FF3,XGBoost Signature
2014-02-24,-0.0027199999999999,"ME5 BM4, SMALL LoBM, ME1 BM2, ME1 BM3, ME1 BM4",1.6971533719488006,daily_ff3,Daily FF3,XGBoost Signature
2014-02-25,0.00408,"ME5 BM4, SMALL LoBM, ME1 BM3, ME1 BM4, SMALL HiBM",1.7040777577063515,daily_ff3,Daily FF3,XGBoost Signature
2014-02-26,0.0053599999999999,"ME5 BM4, SMALL LoBM, ME1 BM2, ME1 BM3, ME1 BM4",1.713211614487658,daily_ff3,Daily FF3,XGBoost Signature
2014-02-27,-0.0057599999999999,"ME5 BM4, SMALL LoBM, ME1 BM2, ME1 BM3, ME1 BM4",1.703343515588209,daily_ff3,Daily FF3,XGBoost Signature
2014-02-28,-0.00302,"ME1 BM4, SMALL HiBM, ME2 BM3, ME5 BM4, SMALL LoBM",1.6981994181711326,daily_ff3,Daily FF3,XGBoost Signature
2014-03-03,0.02924,"ME1 BM4, SMALL LoBM, ME1 BM2, ME1 BM3, SMALL HiBM",1.7478547691584565,daily_ff3,Daily FF3,XGBoost Signature
2014-03-04,0.0003,"ME1 BM4, SMALL LoBM, ME1 BM2, ME1 BM3, SMALL HiBM",1.748379125589204,daily_ff3,Daily FF3,XGBoost Signature
2014-03-05,0.00122,"ME1 BM4, SMALL HiBM, ME5 BM4, BIG HiBM, SMALL LoBM",1.7505121481224228,daily_ff3,Daily FF3,XGBoost Signature
2014-03-06,0.00244,"ME1 BM4, SMALL HiBM, ME2 BM3, ME5 BM4, ME4 BM5",1.7547833977638416,daily_ff3,Daily FF3,XGBoost Signature
2014-03-07,0.0003,"ME1 BM4, SMALL HiBM, ME2 BM3, ME5 BM4, SMALL LoBM",1.7553098327831709,daily_ff3,Daily FF3,XGBoost Signature
2014-03-10,-0.0124,"ME1 BM4, SMALL HiBM, ME2 BM3, SMALL LoBM, ME1 BM2",1.7335439908566594,daily_ff3,Daily FF3,XGBoost Signature
2014-03-11,0.00438,"ME3 BM1, ME2 BM3, SMALL LoBM, ME1 BM2, ME1 BM3",1.7411369135366117,daily_ff3,Daily FF3,XGBoost Signature
2014-03-12,-0.01206,"ME2 BM3, SMALL LoBM, ME1 BM2, ME1 BM3, ME1 BM4",1.7201388023593602,daily_ff3,Daily FF3,XGBoost Signature
2014-03-13,0.00374,"ME2 BM3, SMALL LoBM, ME1 BM2, ME1 BM3, ME1 BM4",1.7265721214801844,daily_ff3,Daily FF3,XGBoost Signature
2014-03-14,0.00602,"ME2 BM3, SMALL LoBM, ME1 BM2, ME1 BM3, ME1 BM4",1.736966085651495,daily_ff3,Daily FF3,XGBoost Signature
2014-03-17,0.01598,"ME2 BM3, SMALL LoBM, ME1 BM2, ME1 BM3, ME1 BM4",1.764722803700206,daily_ff3,Daily FF3,XGBoost Signature
2014-03-18,-0.00676,"ME2 BM3, SMALL LoBM, ME1 BM3, ME1 BM4, ME2 BM1",1.7527932775471926,daily_ff3,Daily FF3,XGBoost Signature
2014-03-19,0.00096,"ME2 BM3, ME1 BM2, SMALL LoBM, ME1 BM3, ME1 BM4",1.754475959093638,daily_ff3,Daily FF3,XGBoost Signature
2014-03-20,-0.0036,"ME2 BM3, ME1 BM2, ME1 BM4, SMALL LoBM, ME1 BM3",1.7481598456409009,daily_ff3,Daily FF3,XGBoost Signature
2014-03-21,-0.01068,"ME5 BM4, ME1 BM2, ME1 BM4, ME2 BM4, ME2 BM5",1.729489498489456,daily_ff3,Daily FF3,XGBoost Signature
2014-03-24,0.00126,"SMALL LoBM, ME1 BM2, ME1 BM3, ME1 BM4, SMALL HiBM",1.7316686552575529,daily_ff3,Daily FF3,XGBoost Signature
2014-03-25,-0.0232,"SMALL LoBM, ME1 BM2, ME1 BM3, ME1 BM4, SMALL HiBM",1.6914939424555775,daily_ff3,Daily FF3,XGBoost Signature
2014-03-26,-0.00252,"SMALL LoBM, ME1 BM2, ME1 BM3, ME1 BM4, SMALL HiBM",1.6872313777205896,daily_ff3,Daily FF3,XGBoost Signature
2014-03-27,-0.00098,"ME1 BM3, SMALL LoBM, ME1 BM2, ME1 BM4, SMALL HiBM",1.6855778909704235,daily_ff3,Daily FF3,XGBoost Signature
2014-03-28,0.02064,"SMALL LoBM, ME1 BM2, ME1 BM3, ME1 BM4, SMALL HiBM",1.720368218640053,daily_ff3,Daily FF3,XGBoost Signature
2014-03-31,0.0155,"SMALL LoBM, ME1 BM2, ME1 BM3, ME1 BM4, SMALL HiBM",1.747033926028974,daily_ff3,Daily FF3,XGBoost Signature
2014-04-01,0.00328,"SMALL LoBM, ME1 BM2, ME1 BM3, ME1 BM4, SMALL HiBM",1.752764197306349,daily_ff3,Daily FF3,XGBoost Signature
2014-04-02,-0.01322,"ME5 BM4, ME3 BM1, SMALL LoBM, ME1 BM2, ME1 BM3",1.729592654617959,daily_ff3,Daily FF3,XGBoost Signature
2014-04-03,-0.02092,"ME5 BM4, SMALL LoBM, ME2 BM2, ME2 BM4, ME3 BM3",1.6934095762833512,daily_ff3,Daily FF3,XGBoost Signature
2014-04-04,-0.0156399999999999,"SMALL LoBM, ME1 BM2, ME1 BM3, ME1 BM4, SMALL HiBM",1.6669246505102795,daily_ff3,Daily FF3,XGBoost Signature
2014-04-07,0.00838,"ME1 BM3, ME1 BM4, ME3 BM1, ME5 BM4, SMALL LoBM",1.680893479081556,daily_ff3,Daily FF3,XGBoost Signature
2014-04-08,0.01738,"BIG LoBM, SMALL LoBM, ME1 BM2, ME1 BM3, ME1 BM4",1.7101074077479934,daily_ff3,Daily FF3,XGBoost Signature
2014-04-09,-0.0307199999999999,"BIG LoBM, SMALL LoBM, ME1 BM2, ME1 BM3, ME1 BM4",1.657572908181975,daily_ff3,Daily FF3,XGBoost Signature
2014-04-10,-0.0157,"ME2 BM3, ME4 BM1, BIG LoBM, SMALL LoBM, ME1 BM2",1.631549013523518,daily_ff3,Daily FF3,XGBoost Signature
2014-04-11,0.0016,"SMALL LoBM, ME3 BM1, ME2 BM3, ME2 BM5, ME1 BM2",1.6341594919451556,daily_ff3,Daily FF3,XGBoost Signature
2014-04-14,0.0028,"ME2 BM3, ME2 BM5, ME5 BM4, SMALL LoBM, ME1 BM2",1.638735138522602,daily_ff3,Daily FF3,XGBoost Signature
2014-04-15,0.01174,"ME2 BM3, ME2 BM5, ME5 BM4, SMALL LoBM, ME1 BM2",1.6579738890488571,daily_ff3,Daily FF3,XGBoost Signature
2014-04-16,0.00532,"ME2 BM3, ME5 BM4, ME2 BM1, ME2 BM4, ME3 BM5",1.6667943101385974,daily_ff3,Daily FF3,XGBoost Signature
2014-04-17,0.0072,"ME2 BM3, ME5 BM4, SMALL LoBM, ME1 BM2, ME1 BM3",1.6787952291715955,daily_ff3,Daily FF3,XGBoost Signature
2014-04-21,0.01258,"ME5 BM4, SMALL LoBM, ME1 BM2, ME1 BM3, ME1 BM4",1.6999144731545743,daily_ff3,Daily FF3,XGBoost Signature
2014-04-22,-0.0039,"ME3 BM4, ME2 BM3, ME2 BM5, ME5 BM4, SMALL LoBM",1.6932848067092714,daily_ff3,Daily FF3,XGBoost Signature
2014-04-23,-0.00194,"ME2 BM3, ME2 BM5, ME5 BM4, SMALL LoBM, ME1 BM2",1.6899998341842553,daily_ff3,Daily FF3,XGBoost Signature
2014-04-24,-0.0207,"ME2 BM3, ME2 BM5, BIG HiBM, SMALL LoBM, ME1 BM2",1.655016837616641,daily_ff3,Daily FF3,XGBoost Signature
2014-04-25,-0.00516,"ME2 BM4, ME4 BM1, ME2 BM3, ME2 BM5, SMALL LoBM",1.646476950734539,daily_ff3,Daily FF3,XGBoost Signature
2014-04-28,0.00428,"ME2 BM3, ME2 BM5, ME5 BM4, SMALL LoBM, ME1 BM2",1.653523872083683,daily_ff3,Daily FF3,XGBoost Signature
2014-04-29,0.0055399999999999,"ME2 BM5, ME2 BM3, SMALL LoBM, ME1 BM2, ME1 BM3",1.662684394335027,daily_ff3,Daily FF3,XGBoost Signature
2014-04-30,-0.0047399999999999,"ME1 BM2, ME1 BM3, ME1 BM4, SMALL HiBM, ME2 BM5",1.6548032703058788,daily_ff3,Daily FF3,XGBoost Signature
2014-05-01,0.00034,"ME2 BM3, SMALL LoBM, ME2 BM1, ME3 BM1, ME3 BM4",1.6553659034177828,daily_ff3,Daily FF3,XGBoost Signature
2014-05-02,-0.0020399999999999,"ME2 BM3, SMALL LoBM, ME1 BM2, ME1 BM3, ME1 BM4",1.6519889569748103,daily_ff3,Daily FF3,XGBoost Signature
2014-05-05,-0.01296,"ME2 BM3, ME3 BM1, ME3 BM2, ME3 BM3, ME3 BM5",1.630579180092417,daily_ff3,Daily FF3,XGBoost Signature
2014-05-06,-0.00648,"ME2 BM3, SMALL LoBM, ME2 BM1, ME3 BM1, ME4 BM1",1.620013027005418,daily_ff3,Daily FF3,XGBoost Signature
2014-05-07,-0.0169999999999999,"ME2 BM3, SMALL LoBM, ME1 BM2, ME1 BM3, ME1 BM4",1.592472805546326,daily_ff3,Daily FF3,XGBoost Signature
2014-05-08,0.00588,"ME2 BM3, ME2 BM4, ME2 BM5, ME3 BM4, ME3 BM5",1.6018365456429386,daily_ff3,Daily FF3,XGBoost Signature
2014-05-09,0.0289,"ME2 BM3, SMALL LoBM, ME1 BM2, ME1 BM3, ME1 BM4",1.6481296218120194,daily_ff3,Daily FF3,XGBoost Signature
2014-05-12,-0.00994,"ME2 BM3, SMALL LoBM, ME1 BM2, ME1 BM3, ME1 BM4",1.631747213371208,daily_ff3,Daily FF3,XGBoost Signature
2014-05-13,-0.01888,"SMALL HiBM, ME2 BM3, ME2 BM5, SMALL LoBM, ME1 BM2",1.6009398259827596,daily_ff3,Daily FF3,XGBoost Signature
2014-05-14,-0.00652,"ME1 BM4, SMALL HiBM, ME2 BM4, ME2 BM5, ME2 BM3",1.590501698317352,daily_ff3,Daily FF3,XGBoost Signature
2014-05-15,0.0051,"ME1 BM3, ME3 BM5, SMALL LoBM, ME1 BM2, ME2 BM2",1.5986132569787708,daily_ff3,Daily FF3,XGBoost Signature
2014-05-16,0.0127,"SMALL LoBM, ME1 BM2, ME1 BM3, ME2 BM1, ME2 BM4",1.618915645342401,daily_ff3,Daily FF3,XGBoost Signature
2014-05-19,-0.0168199999999999,"SMALL LoBM, ME1 BM2, ME2 BM1, ME3 BM1, ME1 BM4",1.591685484187742,daily_ff3,Daily FF3,XGBoost Signature
2014-05-20,0.0040999999999999,"SMALL LoBM, ME1 BM2, ME1 BM3, ME2 BM1, ME3 BM1",1.5982113946729115,daily_ff3,Daily FF3,XGBoost Signature
2014-05-21,0.01104,"SMALL HiBM, ME2 BM4, SMALL LoBM, ME2 BM1, ME3 BM1",1.6158556484701003,daily_ff3,Daily FF3,XGBoost Signature
2014-05-22,0.01066,"ME1 BM4, SMALL HiBM, ME2 BM2, ME2 BM4, ME2 BM5",1.6330806696827918,daily_ff3,Daily FF3,XGBoost Signature
2014-05-23,0.01354,"ME1 BM4, SMALL HiBM, ME2 BM2, ME2 BM4, ME2 BM5",1.6551925819502968,daily_ff3,Daily FF3,XGBoost Signature
2014-05-27,-0.0031399999999999,"ME1 BM4, SMALL HiBM, ME2 BM2, ME2 BM4, ME2 BM5",1.649995277242973,daily_ff3,Daily FF3,XGBoost Signature
2014-05-28,0.00312,"ME1 BM4, SMALL HiBM, ME2 BM2, ME2 BM4, ME2 BM5",1.655143262507971,daily_ff3,Daily FF3,XGBoost Signature
2014-05-29,-0.0043,"ME1 BM4, ME2 BM2, ME2 BM3, ME2 BM4, ME2 BM5",1.6480261464791868,daily_ff3,Daily FF3,XGBoost Signature
2014-05-30,-0.003,"ME2 BM2, ME2 BM3, ME2 BM4, ME2 BM5, BIG HiBM",1.643082068039749,daily_ff3,Daily FF3,XGBoost Signature
2014-06-02,-0.00344,"ME1 BM4, ME2 BM2, ME2 BM3, ME2 BM4, ME2 BM5",1.6374298657256925,daily_ff3,Daily FF3,XGBoost Signature
2014-06-03,0.00412,"ME1 BM4, ME2 BM2, ME2 BM3, ME2 BM4, ME2 BM5",1.644176076772482,daily_ff3,Daily FF3,XGBoost Signature
2014-06-04,0.0227,"ME1 BM4, ME2 BM2, ME2 BM3, ME2 BM4, ME2 BM5",1.6814988737152172,daily_ff3,Daily FF3,XGBoost Signature
2014-06-05,0.0102,"ME1 BM4, ME2 BM2, ME2 BM3, ME2 BM4, ME2 BM5",1.6986501622271124,daily_ff3,Daily FF3,XGBoost Signature
2014-06-06,0.0199799999999999,"ME2 BM2, ME2 BM3, ME2 BM5, SMALL LoBM, ME1 BM2",1.7325891924684098,daily_ff3,Daily FF3,XGBoost Signature
2014-06-09,-0.00196,"ME1 BM4, ME2 BM2, ME2 BM3, ME2 BM5, SMALL LoBM",1.7291933176511718,daily_ff3,Daily FF3,XGBoost Signature
2014-06-10,-0.0025,"ME2 BM2, ME2 BM3, SMALL LoBM, ME1 BM2, ME1 BM3",1.724870334357044,daily_ff3,Daily FF3,XGBoost Signature
2014-06-11,-0.00608,"ME2 BM2, ME2 BM3, SMALL LoBM, ME1 BM2, ME1 BM3",1.7143831227241533,daily_ff3,Daily FF3,XGBoost Signature
2014-06-12,0.00096,"ME1 BM4, ME2 BM2, ME2 BM3, SMALL LoBM, ME1 BM2",1.7160289305219685,daily_ff3,Daily FF3,XGBoost Signature
2014-06-13,0.0052599999999999,"ME1 BM4, ME2 BM2, ME2 BM3, ME2 BM5, SMALL LoBM",1.725055242696514,daily_ff3,Daily FF3,XGBoost Signature
2014-06-16,0.01014,"ME1 BM4, ME2 BM2, ME2 BM3, ME2 BM5, ME4 BM5",1.7425473028574567,daily_ff3,Daily FF3,XGBoost Signature
2014-06-17,0.00424,"ME1 BM4, ME2 BM2, ME2 BM3, ME2 BM5, SMALL LoBM",1.7499357034215723,daily_ff3,Daily FF3,XGBoost Signature
2014-06-18,0.00036,"ME1 BM4, ME2 BM2, ME2 BM3, ME2 BM4, SMALL LoBM",1.750565680274804,daily_ff3,Daily FF3,XGBoost Signature
2014-06-19,0.00402,"ME1 BM4, SMALL HiBM, ME2 BM2, ME2 BM4, ME2 BM5",1.7576029543095086,daily_ff3,Daily FF3,XGBoost Signature
2014-06-20,-0.00226,"ME1 BM3, ME2 BM1, ME1 BM4, SMALL HiBM, ME2 BM2",1.753630771632769,daily_ff3,Daily FF3,XGBoost Signature
2014-06-23,-0.0114,"ME1 BM4, SMALL HiBM, ME2 BM2, ME2 BM3, ME2 BM4",1.7336393808361554,daily_ff3,Daily FF3,XGBoost Signature
2014-06-24,0.009,"ME1 BM4, SMALL HiBM, ME2 BM2, ME2 BM3, ME2 BM4",1.7492421352636809,daily_ff3,Daily FF3,XGBoost Signature
2014-06-25,-0.0012399999999999,"ME1 BM4, SMALL HiBM, ME2 BM4, ME2 BM5, ME2 BM2",1.7470730750159538,daily_ff3,Daily FF3,XGBoost Signature
2014-06-26,0.0071,"ME1 BM4, SMALL HiBM, ME2 BM2, ME2 BM3, ME2 BM4",1.7594772938485672,daily_ff3,Daily FF3,XGBoost Signature
2014-06-27,0.0051,"ME1 BM4, SMALL HiBM, ME2 BM2, ME2 BM3, ME2 BM4",1.768450628047195,daily_ff3,Daily FF3,XGBoost Signature
2014-06-30,0.01318,"ME1 BM4, SMALL HiBM, ME2 BM2, ME2 BM3, ME2 BM4",1.791758807324857,daily_ff3,Daily FF3,XGBoost Signature
2014-07-01,-0.00306,"SMALL LoBM, ME1 BM2, ME2 BM1, ME1 BM4, ME2 BM2",1.786276025374443,daily_ff3,Daily FF3,XGBoost Signature
2014-07-02,0.0092,"ME2 BM2, ME2 BM3, ME2 BM4, ME2 BM5, SMALL LoBM",1.802709764807888,daily_ff3,Daily FF3,XGBoost Signature
2014-07-03,-0.01962,"ME2 BM2, ME2 BM3, ME2 BM4, ME2 BM5, SMALL LoBM",1.7673405992223574,daily_ff3,Daily FF3,XGBoost Signature
2014-07-07,-0.01062,"ME2 BM2, ME2 BM3, ME2 BM4, ME2 BM5, ME5 BM3",1.748571442058616,daily_ff3,Daily FF3,XGBoost Signature
2014-07-08,0.0004,"ME1 BM4, SMALL HiBM, ME2 BM3, ME2 BM4, ME2 BM5",1.7492708706354394,daily_ff3,Daily FF3,XGBoost Signature
2014-07-09,-0.01176,"ME1 BM4, ME2 BM3, ME2 BM4, ME2 BM2, SMALL LoBM",1.7286994451967663,daily_ff3,Daily FF3,XGBoost Signature
2014-07-10,0.00172,"ME2 BM2, ME2 BM3, ME5 BM3, SMALL LoBM, ME1 BM2",1.7316728082425048,daily_ff3,Daily FF3,XGBoost Signature
2014-07-11,0.0070799999999999,"ME2 BM2, ME2 BM3, ME2 BM4, SMALL LoBM, ME1 BM2",1.7439330517248617,daily_ff3,Daily FF3,XGBoost Signature
2014-07-14,-0.014,"ME1 BM4, ME2 BM2, ME2 BM3, SMALL LoBM, ME2 BM1",1.7195179890007135,daily_ff3,Daily FF3,XGBoost Signature
2014-07-15,0.00028,"ME1 BM4, SMALL HiBM, ME2 BM3, ME2 BM4, ME2 BM5",1.7199994540376338,daily_ff3,Daily FF3,XGBoost Signature
2014-07-16,-0.01394,"ME1 BM4, SMALL HiBM, ME2 BM3, ME2 BM4, ME2 BM5",1.6960226616483491,daily_ff3,Daily FF3,XGBoost Signature
2014-07-17,0.0135,"ME1 BM4, SMALL HiBM, ME2 BM3, ME2 BM4, ME2 BM5",1.718918967580602,daily_ff3,Daily FF3,XGBoost Signature
2014-07-18,-0.00344,"SMALL LoBM, ME1 BM2, ME2 BM1, ME1 BM4, ME2 BM3",1.7130058863321247,daily_ff3,Daily FF3,XGBoost Signature
2014-07-21,0.00818,"SMALL LoBM, ME1 BM3, ME1 BM4, SMALL HiBM, ME2 BM1",1.7270182744823217,daily_ff3,Daily FF3,XGBoost Signature
2014-07-22,0.0073399999999999,"ME1 BM2, ME2 BM1, ME3 BM1, ME1 BM4, SMALL HiBM",1.739694588617022,daily_ff3,Daily FF3,XGBoost Signature
2014-07-23,-0.0038199999999999,"ME1 BM3, SMALL HiBM, ME2 BM1, ME2 BM4, ME2 BM5",1.7330489552885049,daily_ff3,Daily FF3,XGBoost Signature
2014-07-24,-0.00902,"ME1 BM3, SMALL HiBM, ME2 BM1, ME2 BM4, ME2 BM5",1.7174168537118024,daily_ff3,Daily FF3,XGBoost Signature
2014-07-25,-0.0041,"ME1 BM3, SMALL HiBM, ME2 BM4, ME3 BM2, ME3 BM3",1.710375444611584,daily_ff3,Daily FF3,XGBoost Signature
2014-07-28,-0.00076,"ME2 BM4, ME1 BM3, SMALL HiBM, ME2 BM5, ME3 BM2",1.7090755592736793,daily_ff3,Daily FF3,XGBoost Signature
2014-07-29,0.00508,"ME1 BM3, SMALL HiBM, ME2 BM4, ME3 BM2, ME3 BM3",1.7177576631147895,daily_ff3,Daily FF3,XGBoost Signature
2014-07-30,-0.0209999999999999,"SMALL LoBM, ME1 BM2, ME1 BM3, SMALL HiBM, ME2 BM4",1.681684752189379,daily_ff3,Daily FF3,XGBoost Signature
2014-07-31,-0.00416,"ME1 BM3, SMALL HiBM, ME2 BM3, ME2 BM4, ME2 BM5",1.674688943620271,daily_ff3,Daily FF3,XGBoost Signature
2014-08-01,0.00974,"SMALL LoBM, ME1 BM2, ME2 BM1, ME3 BM1, ME4 BM1",1.6910004139311323,daily_ff3,Daily FF3,XGBoost Signature
2014-08-04,3.999999999999993e-05,"SMALL LoBM, ME1 BM2, ME2 BM1, ME1 BM4, ME2 BM4",1.69106805394769,daily_ff3,Daily FF3,XGBoost Signature
2014-08-05,0.00446,"ME1 BM4, ME2 BM3, ME2 BM4, ME2 BM5, ME3 BM1",1.6986102174682964,daily_ff3,Daily FF3,XGBoost Signature
2014-08-06,-0.00516,"ME1 BM3, ME1 BM4, SMALL HiBM, ME2 BM4, ME3 BM1",1.68984538874616,daily_ff3,Daily FF3,XGBoost Signature
2014-08-07,0.00946,"ME2 BM2, ME2 BM3, ME2 BM4, ME2 BM5, ME3 BM3",1.7058313261236986,daily_ff3,Daily FF3,XGBoost Signature
2014-08-08,0.01106,"ME1 BM2, ME1 BM3, ME1 BM4, ME2 BM5, ME2 BM2",1.7246978205906267,daily_ff3,Daily FF3,XGBoost Signature
2014-08-11,-0.00994,"SMALL LoBM, ME1 BM2, ME1 BM3, ME1 BM4, SMALL HiBM",1.707554324253956,daily_ff3,Daily FF3,XGBoost Signature
2014-08-12,0.00658,"SMALL LoBM, ME1 BM2, ME1 BM3, ME1 BM4, ME2 BM1",1.718790031707547,daily_ff3,Daily FF3,XGBoost Signature
2014-08-13,0.0021999999999999,"SMALL LoBM, ME1 BM2, ME1 BM3, ME1 BM4, SMALL HiBM",1.7225713697773035,daily_ff3,Daily FF3,XGBoost Signature
2014-08-14,-0.00378,"SMALL LoBM, ME1 BM2, ME1 BM3, ME1 BM4, SMALL HiBM",1.7160600499995455,daily_ff3,Daily FF3,XGBoost Signature
2014-08-15,0.00978,"ME3 BM4, ME4 BM5, BIG LoBM, BIG HiBM, SMALL LoBM",1.732843117288541,daily_ff3,Daily FF3,XGBoost Signature
2014-08-18,0.00234,"ME3 BM4, ME4 BM5, SMALL LoBM, ME1 BM2, ME1 BM3",1.7368979701829963,daily_ff3,Daily FF3,XGBoost Signature
2014-08-19,-0.0060799999999999,"ME3 BM4, SMALL LoBM, ME1 BM2, ME1 BM3, ME1 BM4",1.7263376305242837,daily_ff3,Daily FF3,XGBoost Signature
2014-08-20,0.00226,"ME3 BM4, ME4 BM5, SMALL LoBM, ME1 BM2, ME1 BM3",1.7302391535692685,daily_ff3,Daily FF3,XGBoost Signature
2014-08-21,0.00152,"ME3 BM4, ME4 BM5, SMALL LoBM, ME1 BM2, ME1 BM3",1.7328691170826938,daily_ff3,Daily FF3,XGBoost Signature
2014-08-22,0.00506,"ME3 BM4, ME4 BM5, BIG HiBM, SMALL LoBM, ME1 BM2",1.7416374348151322,daily_ff3,Daily FF3,XGBoost Signature
2014-08-25,0.00804,"ME4 BM5, SMALL LoBM, ME1 BM2, ME1 BM3, ME1 BM4",1.755640199791046,daily_ff3,Daily FF3,XGBoost Signature
2014-08-26,-0.00078,"SMALL LoBM, ME1 BM2, ME1 BM3, ME1 BM4, SMALL HiBM",1.754270800435209,daily_ff3,Daily FF3,XGBoost Signature
2014-08-27,-0.00582,"ME4 BM5, SMALL LoBM, ME1 BM2, ME1 BM3, ME1 BM4",1.744060944376676,daily_ff3,Daily FF3,XGBoost Signature
2014-08-28,0.00768,"ME4 BM5, SMALL LoBM, ME1 BM2, ME1 BM3, ME1 BM4",1.7574553324294886,daily_ff3,Daily FF3,XGBoost Signature
2014-08-29,0.0036,"SMALL LoBM, ME1 BM2, ME1 BM3, ME1 BM4, SMALL HiBM",1.7637821716262347,daily_ff3,Daily FF3,XGBoost Signature
2014-09-02,-0.00622,"ME4 BM5, SMALL LoBM, ME1 BM2, ME1 BM3, ME1 BM4",1.7528114465187197,daily_ff3,Daily FF3,XGBoost Signature
2014-09-03,-0.0032,"SMALL LoBM, ME1 BM2, ME1 BM3, ME1 BM4, SMALL HiBM",1.7472024498898595,daily_ff3,Daily FF3,XGBoost Signature
2014-09-04,0.0017599999999999,"SMALL LoBM, ME1 BM2, ME1 BM3, ME1 BM4, SMALL HiBM",1.7502775262016657,daily_ff3,Daily FF3,XGBoost Signature
2014-09-05,0.0058,"SMALL LoBM, ME1 BM2, ME1 BM3, ME1 BM4, SMALL HiBM",1.7604291358536357,daily_ff3,Daily FF3,XGBoost Signature
2014-09-08,-0.01154,"SMALL LoBM, ME1 BM2, ME1 BM3, ME1 BM4, SMALL HiBM",1.7401137836258844,daily_ff3,Daily FF3,XGBoost Signature
2014-09-09,0.0091399999999999,"ME2 BM1, SMALL LoBM, ME1 BM2, ME1 BM3, ME1 BM4",1.7560184236082248,daily_ff3,Daily FF3,XGBoost Signature
2014-09-10,0.0035199999999999,"SMALL LoBM, ME1 BM2, ME1 BM3, ME1 BM4, SMALL HiBM",1.7621996084593257,daily_ff3,Daily FF3,XGBoost Signature
2014-09-11,-0.0083,"SMALL LoBM, ME1 BM2, ME1 BM3, SMALL HiBM, ME2 BM1",1.7475733517091132,daily_ff3,Daily FF3,XGBoost Signature
2014-09-12,-0.01522,"ME2 BM1, ME2 BM4, SMALL LoBM, ME1 BM2, ME1 BM3",1.7209752852961004,daily_ff3,Daily FF3,XGBoost Signature
2014-09-15,0.0014,"SMALL LoBM, ME1 BM2, ME1 BM3, ME1 BM4, SMALL HiBM",1.723384650695515,daily_ff3,Daily FF3,XGBoost Signature
2014-09-16,0.00266,"SMALL LoBM, ME1 BM2, ME1 BM3, ME1 BM4, SMALL HiBM",1.7279688538663651,daily_ff3,Daily FF3,XGBoost Signature
2014-09-17,0.00344,"SMALL LoBM, ME1 BM2, ME1 BM3, ME1 BM4, SMALL HiBM",1.7339130667236655,daily_ff3,Daily FF3,XGBoost Signature
2014-09-18,-0.0101,"SMALL LoBM, ME1 BM2, ME1 BM3, ME1 BM4, SMALL HiBM",1.7164005447497568,daily_ff3,Daily FF3,XGBoost Signature
2014-09-19,-0.0145,"ME1 BM3, ME2 BM2, ME2 BM3, ME2 BM4, ME2 BM5",1.691512736850885,daily_ff3,Daily FF3,XGBoost Signature
2014-09-22,-0.00892,"SMALL LoBM, ME1 BM2, ME1 BM3, ME1 BM4, SMALL HiBM",1.6764244432381754,daily_ff3,Daily FF3,XGBoost Signature
2014-09-23,0.00702,"SMALL LoBM, ME1 BM2, ME1 BM3, ME1 BM4, SMALL HiBM",1.6881929428297076,daily_ff3,Daily FF3,XGBoost Signature
2014-09-24,-0.0155,"SMALL LoBM, ME1 BM2, ME1 BM3, ME1 BM4, SMALL HiBM",1.6620259522158471,daily_ff3,Daily FF3,XGBoost Signature
2014-09-25,0.00994,"SMALL LoBM, ME1 BM2, ME1 BM3, ME1 BM4, SMALL HiBM",1.6785464901808729,daily_ff3,Daily FF3,XGBoost Signature
2014-09-26,-0.00084,"SMALL LoBM, ME1 BM2, ME1 BM3, ME1 BM4, SMALL HiBM",1.677136511129121,daily_ff3,Daily FF3,XGBoost Signature
2014-09-29,-0.01076,"SMALL LoBM, ME1 BM2, ME1 BM3, ME1 BM4, SMALL HiBM",1.6590905222693717,daily_ff3,Daily FF3,XGBoost Signature
2014-09-30,-0.01554,"SMALL LoBM, ME1 BM2, ME1 BM3, ME1 BM4, SMALL HiBM",1.6333082555533056,daily_ff3,Daily FF3,XGBoost Signature
2014-10-01,0.01558,"SMALL LoBM, ME2 BM1, ME2 BM2, ME3 BM1, ME1 BM2",1.658755198174826,daily_ff3,Daily FF3,XGBoost Signature
2014-10-02,0.00664,"SMALL LoBM, ME1 BM2, ME1 BM3, ME1 BM4, SMALL HiBM",1.6697693326907068,daily_ff3,Daily FF3,XGBoost Signature
2014-10-03,-0.00926,"SMALL LoBM, ME1 BM2, ME1 BM3, ME1 BM4, SMALL HiBM",1.654307268669991,daily_ff3,Daily FF3,XGBoost Signature
2014-10-06,-0.0177,"ME3 BM3, ME3 BM4, SMALL LoBM, ME2 BM1, ME3 BM1",1.625026030014532,daily_ff3,Daily FF3,XGBoost Signature
2014-10-07,0.01608,"ME2 BM2, ME3 BM3, ME3 BM4, SMALL LoBM, ME1 BM2",1.651156448577166,daily_ff3,Daily FF3,XGBoost Signature
2014-10-08,-0.02702,"SMALL LoBM, ME1 BM2, ME1 BM3, ME2 BM1, ME2 BM2",1.6065422013366109,daily_ff3,Daily FF3,XGBoost Signature
2014-10-09,-0.01384,"ME1 BM2, ME1 BM4, ME2 BM1, ME2 BM2, ME2 BM4",1.5843076572701122,daily_ff3,Daily FF3,XGBoost Signature
2014-10-10,-0.00968,"ME2 BM2, ME2 BM4, ME3 BM3, ME3 BM4, ME4 BM5",1.5689715591477376,daily_ff3,Daily FF3,XGBoost Signature
2014-10-13,0.0093199999999999,"ME1 BM4, SMALL HiBM, ME2 BM2, ME2 BM5, ME3 BM4",1.5835943740789944,daily_ff3,Daily FF3,XGBoost Signature
2014-10-14,0.01226,"ME1 BM2, ME1 BM3, ME1 BM4, SMALL HiBM, ME2 BM2",1.6030092411052028,daily_ff3,Daily FF3,XGBoost Signature
2014-10-15,0.01022,"ME2 BM1, ME2 BM3, ME3 BM2, ME3 BM3, ME4 BM5",1.619391995549298,daily_ff3,Daily FF3,XGBoost Signature
2014-10-16,-0.00584,"ME1 BM2, ME1 BM3, SMALL HiBM, ME2 BM2, ME2 BM4",1.60993474629529,daily_ff3,Daily FF3,XGBoost Signature
2014-10-17,0.00998,"SMALL HiBM, ME2 BM1, ME2 BM3, ME3 BM2, ME3 BM3",1.626001895063317,daily_ff3,Daily FF3,XGBoost Signature
2014-10-20,0.01894,"ME2 BM3, ME3 BM1, ME3 BM2, ME4 BM3, SMALL LoBM",1.6567983709558165,daily_ff3,Daily FF3,XGBoost Signature
2014-10-21,-0.01458,"SMALL LoBM, SMALL HiBM, ME2 BM1, ME2 BM3, ME3 BM2",1.6326422507072804,daily_ff3,Daily FF3,XGBoost Signature
2014-10-22,0.01792,"ME1 BM2, SMALL HiBM, ME2 BM1, ME3 BM2, ME3 BM3",1.6618991998399548,daily_ff3,Daily FF3,XGBoost Signature
2014-10-23,0.00344,"ME2 BM3, ME3 BM1, ME3 BM2, ME3 BM3, ME4 BM3",1.6676161330874044,daily_ff3,Daily FF3,XGBoost Signature
2014-10-24,-0.00052,"ME2 BM3, ME3 BM1, ME3 BM2, SMALL LoBM, ME1 BM2",1.666748972698199,daily_ff3,Daily FF3,XGBoost Signature
2014-10-27,0.02524,"ME3 BM2, ME3 BM3, ME4 BM3, SMALL LoBM, ME1 BM2",1.7088177167691014,daily_ff3,Daily FF3,XGBoost Signature
2014-10-28,-0.0022,"ME3 BM2, ME3 BM3, ME4 BM3, SMALL LoBM, ME1 BM2",1.7050583177922094,daily_ff3,Daily FF3,XGBoost Signature
2014-10-29,0.0072,"ME2 BM3, ME3 BM2, ME3 BM3, SMALL LoBM, ME1 BM2",1.7173347376803134,daily_ff3,Daily FF3,XGBoost Signature
2014-10-30,0.0144799999999999,"ME3 BM1, ME3 BM2, ME3 BM3, ME4 BM3, SMALL LoBM",1.7422017446819245,daily_ff3,Daily FF3,XGBoost Signature
2014-10-31,-0.00024,"ME3 BM2, ME3 BM3, ME4 BM3, SMALL LoBM, ME1 BM2",1.7417836162632008,daily_ff3,Daily FF3,XGBoost Signature
2014-11-03,-0.00144,"ME3 BM3, SMALL LoBM, ME1 BM2, ME1 BM3, ME1 BM4",1.7392754478557817,daily_ff3,Daily FF3,XGBoost Signature
2014-11-04,-0.0004,"ME3 BM1, ME3 BM3, ME4 BM3, SMALL LoBM, ME1 BM2",1.7385797376766394,daily_ff3,Daily FF3,XGBoost Signature
2014-11-05,0.00558,"ME3 BM1, ME3 BM3, SMALL LoBM, ME1 BM2, ME1 BM3",1.748281012612875,daily_ff3,Daily FF3,XGBoost Signature
2014-11-06,0.00066,"ME3 BM3, ME4 BM3, SMALL LoBM, ME1 BM2, ME1 BM3",1.7494348780811997,daily_ff3,Daily FF3,XGBoost Signature
2014-11-07,0.00562,"ME3 BM3, ME4 BM3, SMALL LoBM, ME1 BM2, ME1 BM3",1.759266702096016,daily_ff3,Daily FF3,XGBoost Signature
2014-11-10,-0.0006,"ME3 BM3, ME4 BM3, SMALL LoBM, ME1 BM2, ME1 BM3",1.7582111420747584,daily_ff3,Daily FF3,XGBoost Signature
2014-11-11,0.00582,"ME3 BM3, ME4 BM3, SMALL LoBM, ME1 BM2, ME1 BM3",1.768443930921633,daily_ff3,Daily FF3,XGBoost Signature
2014-11-12,-0.01098,"ME3 BM3, ME4 BM3, SMALL LoBM, ME1 BM2, ME1 BM3",1.7490264165601137,daily_ff3,Daily FF3,XGBoost Signature
2014-11-13,0.0016,"ME3 BM3, ME4 BM3, SMALL LoBM, ME1 BM2, ME1 BM3",1.75182485882661,daily_ff3,Daily FF3,XGBoost Signature
2014-11-14,-0.00592,"ME3 BM2, ME3 BM3, ME4 BM3, SMALL LoBM, ME1 BM2",1.7414540556623563,daily_ff3,Daily FF3,XGBoost Signature
2014-11-17,0.00614,"ME3 BM3, ME4 BM3, SMALL LoBM, ME1 BM2, ME1 BM3",1.7521465835641232,daily_ff3,Daily FF3,XGBoost Signature
2014-11-18,-0.0115,"ME3 BM3, ME4 BM3, SMALL LoBM, ME1 BM2, ME1 BM3",1.731996897853136,daily_ff3,Daily FF3,XGBoost Signature
2014-11-19,0.00954,"ME3 BM3, ME4 BM3, SMALL LoBM, ME1 BM2, ME1 BM3",1.748520148258655,daily_ff3,Daily FF3,XGBoost Signature
2014-11-20,0.00228,"ME3 BM3, ME4 BM3, SMALL LoBM, ME1 BM2, ME1 BM3",1.7525067741966849,daily_ff3,Daily FF3,XGBoost Signature
2014-11-21,0.0123,"ME3 BM3, ME4 BM3, SMALL LoBM, ME1 BM2, ME1 BM3",1.774062607519304,daily_ff3,Daily FF3,XGBoost Signature
2014-11-24,-0.0021,"ME3 BM3, ME4 BM3, SMALL LoBM, ME1 BM2, ME1 BM3",1.7703370760435135,daily_ff3,Daily FF3,XGBoost Signature
2014-11-25,0.0046,"ME3 BM3, ME4 BM3, SMALL LoBM, ME1 BM2, ME1 BM3",1.7784806265933135,daily_ff3,Daily FF3,XGBoost Signature
2014-11-26,-0.01328,"ME3 BM3, ME4 BM3, SMALL LoBM, ME1 BM2, ME1 BM3",1.7548624038721543,daily_ff3,Daily FF3,XGBoost Signature
2014-11-28,-0.0175,"ME3 BM3, ME4 BM3, SMALL LoBM, ME1 BM2, ME1 BM3",1.7241523118043918,daily_ff3,Daily FF3,XGBoost Signature
2014-12-01,0.0120799999999999,"ME3 BM3, ME4 BM3, SMALL LoBM, ME1 BM2, ME1 BM3",1.744980071730989,daily_ff3,Daily FF3,XGBoost Signature
2014-12-02,0.00762,"ME3 BM1, ME4 BM5, SMALL LoBM, ME1 BM2, ME1 BM3",1.758276819877579,daily_ff3,Daily FF3,XGBoost Signature
2014-12-03,-0.0047,"ME3 BM3, ME4 BM5, ME5 BM4, SMALL LoBM, ME1 BM2",1.7500129188241542,daily_ff3,Daily FF3,XGBoost Signature
2014-12-04,0.00426,"ME3 BM3, ME4 BM4, ME4 BM5, ME5 BM4, SMALL LoBM",1.757467973858345,daily_ff3,Daily FF3,XGBoost Signature
2014-12-05,-0.01202,"ME3 BM3, ME4 BM4, ME4 BM5, ME5 BM4, SMALL LoBM",1.7363432088125677,daily_ff3,Daily FF3,XGBoost Signature
2014-12-08,0.00908,"ME3 BM3, ME4 BM4, ME4 BM5, ME5 BM4, SMALL LoBM",1.7521092051485858,daily_ff3,Daily FF3,XGBoost Signature
2014-12-09,-0.02174,"ME3 BM3, ME4 BM4, ME4 BM5, ME5 BM4, SMALL LoBM",1.7140183510286555,daily_ff3,Daily FF3,XGBoost Signature
2014-12-10,0.0052599999999999,"ME4 BM4, ME4 BM5, ME5 BM4, SMALL LoBM, ME1 BM2",1.7230340875550665,daily_ff3,Daily FF3,XGBoost Signature
2014-12-11,-0.01166,"ME3 BM1, ME3 BM3, ME4 BM5, SMALL LoBM, ME1 BM2",1.702943510094174,daily_ff3,Daily FF3,XGBoost Signature
2014-12-12,-0.01292,"ME3 BM1, ME3 BM3, ME5 BM4, SMALL LoBM, ME1 BM2",1.6809414799437572,daily_ff3,Daily FF3,XGBoost Signature
2014-12-15,-0.00128,"ME3 BM2, ME5 BM4, SMALL LoBM, ME1 BM2, ME1 BM3",1.6787898748494292,daily_ff3,Daily FF3,XGBoost Signature
2014-12-16,0.02966,"ME3 BM2, ME5 BM4, SMALL LoBM, ME1 BM2, ME1 BM3",1.7285827825374631,daily_ff3,Daily FF3,XGBoost Signature
2014-12-17,0.0185,"ME3 BM2, ME3 BM3, ME4 BM5, ME5 BM4, SMALL LoBM",1.7605615640144063,daily_ff3,Daily FF3,XGBoost Signature
2014-12-18,0.00394,"ME4 BM4, SMALL LoBM, ME1 BM2, ME1 BM3, ME1 BM4",1.7674981765766231,daily_ff3,Daily FF3,XGBoost Signature
2014-12-19,0.00526,"ME4 BM3, SMALL LoBM, ME1 BM2, ME1 BM3, ME1 BM4",1.7767952169854162,daily_ff3,Daily FF3,XGBoost Signature
2014-12-22,0.0005199999999999,"ME4 BM3, ME4 BM4, ME4 BM5, SMALL LoBM, ME1 BM2",1.7777191504982488,daily_ff3,Daily FF3,XGBoost Signature
2014-12-23,0.00236,"ME4 BM3, ME4 BM4, ME4 BM5, ME5 BM4, SMALL LoBM",1.7819145676934245,daily_ff3,Daily FF3,XGBoost Signature
2014-12-24,0.0050799999999999,"ME4 BM3, ME4 BM4, ME4 BM5, ME5 BM4, SMALL LoBM",1.790966693697307,daily_ff3,Daily FF3,XGBoost Signature
2014-12-26,0.0029399999999999,"ME4 BM4, ME4 BM5, ME5 BM4, SMALL LoBM, ME1 BM2",1.796232135776777,daily_ff3,Daily FF3,XGBoost Signature
2014-12-29,-0.00414,"ME4 BM4, ME4 BM5, ME5 BM4, SMALL LoBM, ME1 BM2",1.788795734734661,daily_ff3,Daily FF3,XGBoost Signature
2014-12-30,-0.00176,"ME4 BM5, ME5 BM4, SMALL LoBM, ME1 BM2, ME1 BM3",1.7856474542415282,daily_ff3,Daily FF3,XGBoost Signature
2014-12-31,-0.00376,"ME3 BM1, ME3 BM2, ME3 BM3, ME4 BM5, ME5 BM4",1.77893341981358,daily_ff3,Daily FF3,XGBoost Signature
2015-01-02,-0.0161,"ME3 BM1, ME3 BM2, ME3 BM3, ME4 BM5, SMALL LoBM",1.7502925917545813,daily_ff3,Daily FF3,XGBoost Signature
2015-01-05,-0.01748,"ME3 BM2, ME3 BM3, ME4 BM5, SMALL LoBM, ME1 BM2",1.7196974772507112,daily_ff3,Daily FF3,XGBoost Signature
2015-01-06,0.01304,"ME3 BM2, ME3 BM3, SMALL LoBM, ME1 BM2, ME1 BM3",1.7421223323540604,daily_ff3,Daily FF3,XGBoost Signature
2015-01-07,0.01758,"ME3 BM1, ME3 BM2, ME3 BM3, ME5 BM4, SMALL LoBM",1.7727488429568448,daily_ff3,Daily FF3,XGBoost Signature
2015-01-08,-0.00916,"SMALL LoBM, ME1 BM4, SMALL HiBM, ME2 BM3, ME2 BM4",1.75651046355536,daily_ff3,Daily FF3,XGBoost Signature
2015-01-09,-0.00502,"SMALL LoBM, ME1 BM4, SMALL HiBM, ME2 BM4, ME4 BM4",1.747692781028312,daily_ff3,Daily FF3,XGBoost Signature
2015-01-12,0.0001,"BIG HiBM, ME2 BM2, ME3 BM1, ME3 BM3, ME3 BM4",1.747867550306415,daily_ff3,Daily FF3,XGBoost Signature
2015-01-13,-0.0032,"ME1 BM2, ME2 BM2, ME2 BM3, ME2 BM4, ME3 BM3",1.7422743741454343,daily_ff3,Daily FF3,XGBoost Signature
2015-01-14,-0.01758,"ME1 BM3, ME1 BM4, SMALL HiBM, ME2 BM3, ME2 BM4",1.7116451906479575,daily_ff3,Daily FF3,XGBoost Signature
2015-01-15,0.01668,"SMALL LoBM, ME1 BM2, ME2 BM2, ME2 BM3, ME2 BM4",1.7401954324279658,daily_ff3,Daily FF3,XGBoost Signature
2015-01-16,-0.00448,"SMALL LoBM, ME1 BM2, ME3 BM5, ME5 BM4, ME1 BM4",1.7323993568906884,daily_ff3,Daily FF3,XGBoost Signature
2015-01-20,-0.00666,"ME1 BM3, ME1 BM4, SMALL HiBM, ME2 BM1, ME2 BM5",1.7208615771737965,daily_ff3,Daily FF3,XGBoost Signature
2015-01-21,0.02012,"ME1 BM3, ME1 BM4, SMALL HiBM, ME2 BM5, ME4 BM4",1.755485312106533,daily_ff3,Daily FF3,XGBoost Signature
2015-01-22,-0.0041799999999999,"ME3 BM5, ME5 BM4, ME1 BM4, SMALL HiBM, ME2 BM1",1.748147383501928,daily_ff3,Daily FF3,XGBoost Signature
2015-01-23,0.0094799999999999,"ME3 BM5, ME5 BM4, ME1 BM4, ME2 BM5, ME4 BM4",1.764719820697526,daily_ff3,Daily FF3,XGBoost Signature
2015-01-26,-0.0063,"ME3 BM5, ME5 BM4, ME1 BM4, ME2 BM5, ME4 BM4",1.7536020858271315,daily_ff3,Daily FF3,XGBoost Signature
2015-01-27,-0.0182799999999999,"ME3 BM5, ME5 BM4, ME1 BM4, ME2 BM5, ME4 BM4",1.7215462396982115,daily_ff3,Daily FF3,XGBoost Signature
2015-01-28,0.0121999999999999,"ME3 BM5, ME5 BM4, ME1 BM4, ME2 BM5, ME4 BM4",1.7425491038225298,daily_ff3,Daily FF3,XGBoost Signature
2015-01-29,-0.0149,"ME3 BM5, ME5 BM4, ME4 BM4, SMALL LoBM, ME1 BM2",1.716585122175574,daily_ff3,Daily FF3,XGBoost Signature
2015-01-30,0.01338,"ME3 BM5, ME5 BM4, ME1 BM2, ME1 BM4, ME2 BM5",1.7395530311102831,daily_ff3,Daily FF3,XGBoost Signature
2015-02-02,0.01666,"ME2 BM2, ME2 BM3, ME5 BM4, ME3 BM5, SMALL LoBM",1.7685339846085804,daily_ff3,Daily FF3,XGBoost Signature
2015-02-03,-0.00512,"ME2 BM5, ME3 BM5, ME4 BM5, ME5 BM4, ME1 BM4",1.7594790906073845,daily_ff3,Daily FF3,XGBoost Signature
2015-02-04,0.01462,"ME5 BM4, ME2 BM5, ME3 BM5, ME4 BM5, ME1 BM2",1.7852026749120646,daily_ff3,Daily FF3,XGBoost Signature
2015-02-05,-0.0024599999999999,"ME3 BM5, ME5 BM4, ME2 BM5, ME4 BM4, SMALL LoBM",1.7808110763317808,daily_ff3,Daily FF3,XGBoost Signature
2015-02-06,-0.00568,"ME5 BM4, ME2 BM5, ME3 BM5, SMALL LoBM, ME1 BM2",1.7706960694182163,daily_ff3,Daily FF3,XGBoost Signature
2015-02-09,0.00632,"ME5 BM4, ME2 BM5, ME3 BM5, SMALL LoBM, ME1 BM2",1.7818868685769396,daily_ff3,Daily FF3,XGBoost Signature
2015-02-10,-0.0027,"ME5 BM4, ME2 BM5, ME3 BM5, ME4 BM4, SMALL LoBM",1.7770757740317815,daily_ff3,Daily FF3,XGBoost Signature
2015-02-11,0.01048,"ME5 BM4, ME2 BM5, ME3 BM5, ME4 BM4, ME5 BM2",1.795699528143635,daily_ff3,Daily FF3,XGBoost Signature
2015-02-12,0.00506,"ME5 BM4, ME3 BM5, ME4 BM4, SMALL LoBM, ME1 BM2",1.804785767756042,daily_ff3,Daily FF3,XGBoost Signature
2015-02-13,0.00114,"ME5 BM4, ME3 BM5, ME4 BM4, ME4 BM2, ME5 BM3",1.806843223531284,daily_ff3,Daily FF3,XGBoost Signature
2015-02-17,-0.0003,"ME5 BM4, ME3 BM5, ME4 BM4, ME2 BM2, ME3 BM3",1.8063011705642245,daily_ff3,Daily FF3,XGBoost Signature
2015-02-18,-0.00062,"ME5 BM4, ME3 BM5, ME4 BM4, SMALL LoBM, ME1 BM2",1.8051812638384748,daily_ff3,Daily FF3,XGBoost Signature
2015-02-19,0.00274,"ME5 BM4, ME3 BM5, ME4 BM4, SMALL LoBM, ME1 BM2",1.810127460501392,daily_ff3,Daily FF3,XGBoost Signature
2015-02-20,-0.0016999999999999,"ME5 BM4, ME3 BM5, SMALL LoBM, ME1 BM2, ME1 BM3",1.80705024381854,daily_ff3,Daily FF3,XGBoost Signature
2015-02-23,0.00098,"ME5 BM4, ME3 BM5, SMALL LoBM, ME1 BM2, ME2 BM1",1.808821153057482,daily_ff3,Daily FF3,XGBoost Signature
2015-02-24,0.0025399999999999,"ME3 BM5, ME5 BM4, SMALL LoBM, ME1 BM2, ME1 BM3",1.813415558786248,daily_ff3,Daily FF3,XGBoost Signature
2015-02-25,3.999999999999985e-05,"ME5 BM4, ME3 BM5, SMALL LoBM, ME1 BM2, ME1 BM3",1.8134880954085997,daily_ff3,Daily FF3,XGBoost Signature
2015-02-26,-0.00632,"ME2 BM5, ME5 BM4, ME3 BM5, SMALL LoBM, ME1 BM2",1.8020268506456167,daily_ff3,Daily FF3,XGBoost Signature
2015-02-27,0.00668,"ME3 BM5, ME5 BM4, SMALL LoBM, ME1 BM2, ME1 BM3",1.8140643900079296,daily_ff3,Daily FF3,XGBoost Signature
2015-03-02,-0.0055,"ME3 BM5, ME5 BM4, ME1 BM3, SMALL LoBM, ME1 BM2",1.8040870358628864,daily_ff3,Daily FF3,XGBoost Signature
2015-03-03,-0.00238,"ME3 BM5, ME5 BM4, SMALL LoBM, ME1 BM2, ME1 BM3",1.7997933087175326,daily_ff3,Daily FF3,XGBoost Signature
2015-03-04,0.0045,"ME3 BM5, ME5 BM4, SMALL LoBM, ME1 BM2, ME1 BM3",1.807892378606761,daily_ff3,Daily FF3,XGBoost Signature
2015-03-05,-0.01162,"ME3 BM5, ME5 BM4, SMALL LoBM, ME1 BM2, ME2 BM1",1.7868846691673508,daily_ff3,Daily FF3,XGBoost Signature
2015-03-06,0.0010199999999999,"ME5 BM4, ME3 BM5, SMALL LoBM, ME1 BM2, ME1 BM3",1.7887072915299016,daily_ff3,Daily FF3,XGBoost Signature
2015-03-09,-0.01464,"ME5 BM4, ME3 BM5, ME1 BM2, SMALL LoBM, ME1 BM3",1.762520616781904,daily_ff3,Daily FF3,XGBoost Signature
2015-03-10,0.00604,"SMALL LoBM, ME3 BM5, ME5 BM4, ME1 BM2, ME1 BM3",1.7731662413072666,daily_ff3,Daily FF3,XGBoost Signature
2015-03-11,0.01558,"ME3 BM5, ME5 BM4, SMALL LoBM, ME1 BM2, ME1 BM3",1.8007921713468338,daily_ff3,Daily FF3,XGBoost Signature
2015-03-12,-0.0032999999999999,"ME3 BM5, ME5 BM4, SMALL LoBM, ME1 BM2, ME1 BM3",1.7948495571813894,daily_ff3,Daily FF3,XGBoost Signature
2015-03-13,0.00464,"ME3 BM5, ME2 BM5, ME5 BM4, ME1 BM4, SMALL LoBM",1.803177659126711,daily_ff3,Daily FF3,XGBoost Signature
2015-03-16,0.0034,"ME3 BM5, ME2 BM5, ME5 BM4, SMALL LoBM, ME1 BM2",1.8093084631677416,daily_ff3,Daily FF3,XGBoost Signature
2015-03-17,0.00614,"SMALL LoBM, ME1 BM2, ME1 BM3, ME1 BM4, SMALL HiBM",1.820417617131592,daily_ff3,Daily FF3,XGBoost Signature
2015-03-18,0.0066399999999999,"SMALL LoBM, ME1 BM2, ME1 BM3, ME1 BM4, SMALL HiBM",1.8325051901093452,daily_ff3,Daily FF3,XGBoost Signature
2015-03-19,0.0053,"SMALL LoBM, ME1 BM2, ME2 BM4, ME3 BM4, ME4 BM2",1.8422174676169247,daily_ff3,Daily FF3,XGBoost Signature
2015-03-20,0.0019199999999999,"SMALL LoBM, ME1 BM2, ME1 BM3, ME1 BM4, SMALL HiBM",1.8457545251547496,daily_ff3,Daily FF3,XGBoost Signature
2015-03-23,-0.00146,"ME2 BM3, ME2 BM4, ME2 BM5, ME3 BM4, ME3 BM5",1.843059723548024,daily_ff3,Daily FF3,XGBoost Signature
2015-03-24,-0.02328,"ME5 BM4, SMALL LoBM, ME1 BM2, ME1 BM3, ME1 BM4",1.8001532931838258,daily_ff3,Daily FF3,XGBoost Signature
2015-03-25,-0.0016999999999999,"ME1 BM2, SMALL LoBM, ME1 BM3, ME1 BM4, SMALL HiBM",1.7970930325854133,daily_ff3,Daily FF3,XGBoost Signature
2015-03-26,0.00596,"SMALL LoBM, ME1 BM2, ME2 BM1, ME5 BM4, ME1 BM3",1.8078037070596225,daily_ff3,Daily FF3,XGBoost Signature
2015-03-27,0.0116999999999999,"ME5 BM4, SMALL LoBM, ME1 BM2, ME1 BM3, ME1 BM4",1.82895501043222,daily_ff3,Daily FF3,XGBoost Signature
2015-03-30,-0.00456,"ME5 BM4, SMALL LoBM, ME1 BM2, ME1 BM3, ME1 BM4",1.820614975584649,daily_ff3,Daily FF3,XGBoost Signature
2015-03-31,-0.0002399999999999,"ME4 BM4, ME5 BM4, BIG HiBM, SMALL LoBM, ME1 BM2",1.8201780279905089,daily_ff3,Daily FF3,XGBoost Signature
2015-04-01,0.00514,"ME5 BM4, ME3 BM5, ME4 BM4, ME4 BM5, BIG HiBM",1.82953374305438,daily_ff3,Daily FF3,XGBoost Signature
2015-04-02,0.0001799999999999,"SMALL LoBM, ME1 BM2, ME1 BM3, ME1 BM4, SMALL HiBM",1.8298630591281293,daily_ff3,Daily FF3,XGBoost Signature
2015-04-06,-0.0010799999999999,"ME5 BM4, SMALL LoBM, ME1 BM2, ME1 BM3, ME2 BM1",1.827886807024271,daily_ff3,Daily FF3,XGBoost Signature
2015-04-07,0.0097,"ME5 BM4, SMALL LoBM, ME1 BM2, ME1 BM3, ME2 BM1",1.8456173090524064,daily_ff3,Daily FF3,XGBoost Signature
2015-04-08,-0.00292,"SMALL LoBM, ME1 BM2, ME1 BM3, ME1 BM4, SMALL HiBM",1.8402281065099733,daily_ff3,Daily FF3,XGBoost Signature
2015-04-09,0.00394,"ME5 BM4, SMALL LoBM, ME1 BM2, ME1 BM3, ME1 BM4",1.8474786052496228,daily_ff3,Daily FF3,XGBoost Signature
2015-04-10,0.0017,"ME5 BM4, SMALL LoBM, ME1 BM2, ME1 BM3, ME1 BM4",1.8506193188785471,daily_ff3,Daily FF3,XGBoost Signature
2015-04-13,0.00152,"ME5 BM4, SMALL LoBM, ME1 BM2, ME1 BM3, ME1 BM4",1.8534322602432425,daily_ff3,Daily FF3,XGBoost Signature
2015-04-14,0.00838,"SMALL LoBM, ME1 BM2, ME1 BM3, ME1 BM4, SMALL HiBM",1.868964022584081,daily_ff3,Daily FF3,XGBoost Signature
2015-04-15,-0.00108,"ME5 BM4, SMALL LoBM, ME1 BM4, ME2 BM1, ME2 BM3",1.86694554143969,daily_ff3,Daily FF3,XGBoost Signature
2015-04-16,-0.016,"ME5 BM4, SMALL LoBM, ME1 BM2, ME1 BM3, ME1 BM4",1.837074412776655,daily_ff3,Daily FF3,XGBoost Signature
2015-04-17,0.01092,"ME5 BM4, SMALL LoBM, ME1 BM2, ME1 BM3, ME1 BM4",1.857135265364176,daily_ff3,Daily FF3,XGBoost Signature
2015-04-20,0.0002399999999999,"SMALL LoBM, ME1 BM2, ME1 BM3, ME1 BM4, SMALL HiBM",1.857580977827864,daily_ff3,Daily FF3,XGBoost Signature
2015-04-21,0.0015,"SMALL LoBM, ME1 BM2, ME1 BM3, ME1 BM4, SMALL HiBM",1.8603673492946056,daily_ff3,Daily FF3,XGBoost Signature
2015-04-22,0.00648,"SMALL LoBM, ME1 BM2, ME1 BM3, ME1 BM4, SMALL HiBM",1.8724225297180344,daily_ff3,Daily FF3,XGBoost Signature
2015-04-23,-0.00338,"SMALL LoBM, ME1 BM2, ME1 BM3, ME1 BM4, SMALL HiBM",1.866093741567588,daily_ff3,Daily FF3,XGBoost Signature
2015-04-24,-0.0143,"ME5 BM4, SMALL LoBM, ME1 BM2, ME1 BM3, ME1 BM4",1.8394086010631712,daily_ff3,Daily FF3,XGBoost Signature
2015-04-27,0.00396,"ME5 BM4, ME1 BM4, BIG LoBM, ME5 BM2, SMALL LoBM",1.8466926591233808,daily_ff3,Daily FF3,XGBoost Signature
2015-04-28,-0.01246,"SMALL LoBM, ME1 BM2, ME1 BM3, ME1 BM4, SMALL HiBM",1.823682868590704,daily_ff3,Daily FF3,XGBoost Signature
2015-04-29,-0.01538,"ME3 BM5, ME5 BM4, BIG HiBM, ME1 BM3, ME1 BM4",1.7956346260717788,daily_ff3,Daily FF3,XGBoost Signature
2015-04-30,0.0059,"ME4 BM2, ME5 BM4, ME2 BM4, ME3 BM3, ME3 BM4",1.8062288703656024,daily_ff3,Daily FF3,XGBoost Signature
2015-05-01,0.00432,"SMALL LoBM, ME1 BM2, ME1 BM3, ME1 BM4, ME2 BM1",1.814031779085582,daily_ff3,Daily FF3,XGBoost Signature
2015-05-04,-0.0139,"ME4 BM2, SMALL LoBM, ME1 BM2, ME1 BM3, ME1 BM4",1.7888167373562924,daily_ff3,Daily FF3,XGBoost Signature
2015-05-05,-8.000000000000003e-05,"ME4 BM2, BIG HiBM, SMALL LoBM, ME1 BM2, ME1 BM3",1.788673632017304,daily_ff3,Daily FF3,XGBoost Signature
2015-05-06,0.00622,"SMALL LoBM, ME2 BM1, ME4 BM2, ME1 BM2, ME1 BM3",1.7997991820084511,daily_ff3,Daily FF3,XGBoost Signature
2015-05-07,0.00854,"ME3 BM1, ME4 BM2, ME2 BM1, ME2 BM2, SMALL LoBM",1.815169467022804,daily_ff3,Daily FF3,XGBoost Signature
2015-05-08,0.0018,"ME4 BM2, SMALL LoBM, ME1 BM2, ME1 BM3, ME1 BM4",1.818436772063445,daily_ff3,Daily FF3,XGBoost Signature
2015-05-11,-0.0047399999999999,"ME4 BM2, SMALL LoBM, ME1 BM2, ME1 BM3, ME2 BM1",1.809817381763864,daily_ff3,Daily FF3,XGBoost Signature
2015-05-12,-0.00062,"ME4 BM2, ME3 BM3, SMALL LoBM, ME1 BM2, ME1 BM3",1.8086952949871704,daily_ff3,Daily FF3,XGBoost Signature
2015-05-13,0.00994,"ME4 BM2, SMALL LoBM, ME1 BM2, ME1 BM3, ME1 BM4",1.8266737262193435,daily_ff3,Daily FF3,XGBoost Signature
2015-05-14,5.99999999999999e-05,"ME4 BM2, SMALL LoBM, ME1 BM2, ME1 BM3, ME1 BM4",1.8267833266429163,daily_ff3,Daily FF3,XGBoost Signature
2015-05-15,0.0092,"ME4 BM2, ME2 BM2, ME2 BM3, ME3 BM1, BIG LoBM",1.8435897332480315,daily_ff3,Daily FF3,XGBoost Signature
2015-05-18,-0.00456,"ME4 BM2, SMALL LoBM, ME1 BM2, ME1 BM3, ME1 BM4",1.8351829640644204,daily_ff3,Daily FF3,XGBoost Signature
2015-05-19,0.0026,"ME4 BM2, ME2 BM1, ME3 BM2, SMALL LoBM, ME1 BM2",1.839954439770988,daily_ff3,Daily FF3,XGBoost Signature
2015-05-20,-0.0008399999999999,"ME4 BM2, BIG HiBM, SMALL LoBM, ME1 BM2, ME1 BM3",1.83840887804158,daily_ff3,Daily FF3,XGBoost Signature
2015-05-21,-0.00326,"ME4 BM2, ME1 BM2, SMALL LoBM, ME1 BM3, ME1 BM4",1.8324156650991643,daily_ff3,Daily FF3,XGBoost Signature
2015-05-22,-0.00992,"ME4 BM2, SMALL LoBM, ME1 BM2, ME1 BM3, ME1 BM4",1.814238101701381,daily_ff3,Daily FF3,XGBoost Signature
2015-05-26,0.011,"ME4 BM2, SMALL LoBM, ME1 BM2, ME1 BM3, ME1 BM4",1.834194720820096,daily_ff3,Daily FF3,XGBoost Signature
2015-05-27,-0.0015,"ME4 BM1, ME4 BM2, SMALL LoBM, ME1 BM2, ME1 BM3",1.8314434287388657,daily_ff3,Daily FF3,XGBoost Signature
2015-05-28,-0.00172,"ME4 BM2, SMALL LoBM, ME1 BM2, ME1 BM3, ME1 BM4",1.8282933460414348,daily_ff3,Daily FF3,XGBoost Signature
2015-05-29,0.00204,"ME4 BM2, SMALL LoBM, ME1 BM2, ME1 BM3, ME1 BM4",1.8320230644673596,daily_ff3,Daily FF3,XGBoost Signature
2015-06-01,0.00458,"ME4 BM2, SMALL LoBM, ME1 BM2, ME1 BM3, ME1 BM4",1.84041373010262,daily_ff3,Daily FF3,XGBoost Signature
2015-06-02,0.01474,"ME4 BM2, SMALL LoBM, ME1 BM2, ME1 BM3, ME1 BM4",1.8675414284843328,daily_ff3,Daily FF3,XGBoost Signature
2015-06-03,-0.00874,"ME4 BM2, SMALL LoBM, ME1 BM2, ME1 BM3, ME1 BM4",1.85121911639938,daily_ff3,Daily FF3,XGBoost Signature
2015-06-04,0.0107,"SMALL LoBM, ME1 BM2, ME1 BM3, ME1 BM4, SMALL HiBM",1.8710271609448528,daily_ff3,Daily FF3,XGBoost Signature
2015-06-05,-0.00472,"SMALL LoBM, ME1 BM2, ME1 BM3, ME1 BM4, SMALL HiBM",1.8621959127451928,daily_ff3,Daily FF3,XGBoost Signature
2015-06-08,-0.0033799999999999,"SMALL LoBM, ME1 BM2, ME1 BM3, ME1 BM4, SMALL HiBM",1.8559016905601144,daily_ff3,Daily FF3,XGBoost Signature
2015-06-09,0.01086,"SMALL LoBM, ME1 BM2, ME1 BM3, ME1 BM4, SMALL HiBM",1.876056782919597,daily_ff3,Daily FF3,XGBoost Signature
2015-06-10,0.0018199999999999,"BIG LoBM, ME5 BM2, ME5 BM3, ME5 BM4, BIG HiBM",1.8794712062645111,daily_ff3,Daily FF3,XGBoost Signature
2015-06-11,-0.00334,"ME1 BM3, ME1 BM4, SMALL HiBM, ME2 BM1, ME2 BM2",1.873193772435588,daily_ff3,Daily FF3,XGBoost Signature
2015-06-12,-0.0062799999999999,"ME3 BM4, ME4 BM2, ME4 BM3, ME4 BM4, ME5 BM2",1.861430115544692,daily_ff3,Daily FF3,XGBoost Signature
2015-06-15,0.0037199999999999,"SMALL LoBM, ME1 BM2, ME1 BM3, ME1 BM4, SMALL HiBM",1.8683546355745184,daily_ff3,Daily FF3,XGBoost Signature
2015-06-16,-0.0017399999999999,"SMALL LoBM, ME1 BM2, ME1 BM3, ME1 BM4, SMALL HiBM",1.865103698508619,daily_ff3,Daily FF3,XGBoost Signature
2015-06-17,0.01322,"ME2 BM5, SMALL LoBM, ME1 BM2, ME1 BM3, ME1 BM4",1.8897603694029028,daily_ff3,Daily FF3,XGBoost Signature
2015-06-18,-7.999999999999997e-05,"SMALL LoBM, ME1 BM2, ME1 BM3, ME1 BM4, SMALL HiBM",1.8896091885733504,daily_ff3,Daily FF3,XGBoost Signature
2015-06-19,0.0066599999999999,"SMALL LoBM, ME1 BM2, ME1 BM3, ME1 BM4, SMALL HiBM",1.9021939857692491,daily_ff3,Daily FF3,XGBoost Signature
2015-06-22,0.0033599999999999,"SMALL LoBM, ME1 BM2, ME1 BM3, ME1 BM4, SMALL HiBM",1.908585357561434,daily_ff3,Daily FF3,XGBoost Signature
2015-06-23,-0.0110599999999999,"SMALL LoBM, ME2 BM1, ME2 BM2, ME3 BM1, ME3 BM3",1.8874764035068048,daily_ff3,Daily FF3,XGBoost Signature
2015-06-24,0.00032,"ME1 BM4, ME2 BM1, ME2 BM3, ME2 BM4, ME2 BM5",1.888080395955927,daily_ff3,Daily FF3,XGBoost Signature
2015-06-25,-0.00368,"SMALL LoBM, ME1 BM2, ME1 BM3, ME1 BM4, SMALL HiBM",1.8811322600988087,daily_ff3,Daily FF3,XGBoost Signature
2015-06-26,-0.02518,"SMALL LoBM, ME1 BM2, ME1 BM3, ME1 BM4, SMALL HiBM",1.8337653497895208,daily_ff3,Daily FF3,XGBoost Signature
2015-06-29,0.01034,"SMALL LoBM, ME1 BM2, ME1 BM3, ME1 BM4, SMALL HiBM",1.8527264835063448,daily_ff3,Daily FF3,XGBoost Signature
2015-06-30,-0.00138,"SMALL LoBM, ME1 BM2, ME2 BM1, ME1 BM3, ME1 BM4",1.850169720959106,daily_ff3,Daily FF3,XGBoost Signature
2015-07-01,-0.0091,"SMALL LoBM, ME1 BM2, ME2 BM1, ME1 BM3, ME1 BM4",1.833333176498378,daily_ff3,Daily FF3,XGBoost Signature
2015-07-02,6.000000000000007e-05,"ME3 BM1, BIG LoBM, SMALL LoBM, ME1 BM2, ME1 BM3",1.833443176488968,daily_ff3,Daily FF3,XGBoost Signature
2015-07-06,-0.0032199999999999,"SMALL LoBM, ME1 BM2, ME1 BM3, ME1 BM4, SMALL HiBM",1.8275394894606731,daily_ff3,Daily FF3,XGBoost Signature
2015-07-07,-0.0182799999999999,"SMALL LoBM, ME1 BM2, ME1 BM3, ME1 BM4, SMALL HiBM",1.7941320675933323,daily_ff3,Daily FF3,XGBoost Signature
2015-07-08,0.0064399999999999,"SMALL LoBM, ME1 BM2, ME1 BM3, ME1 BM4, SMALL HiBM",1.8056862781086331,daily_ff3,Daily FF3,XGBoost Signature
2015-07-09,0.017,"SMALL LoBM, ME1 BM2, ME1 BM3, ME1 BM4, SMALL HiBM",1.83638294483648,daily_ff3,Daily FF3,XGBoost Signature
2015-07-10,0.0140999999999999,"SMALL LoBM, ME1 BM2, ME1 BM3, ME2 BM1, ME3 BM1",1.8622759443586745,daily_ff3,Daily FF3,XGBoost Signature
2015-07-13,0.008,"SMALL LoBM, ME3 BM1, ME1 BM2, ME1 BM3, SMALL HiBM",1.877174151913544,daily_ff3,Daily FF3,XGBoost Signature
2015-07-14,-0.00928,"ME1 BM2, ME1 BM3, ME1 BM4, SMALL HiBM, ME2 BM1",1.859753975783786,daily_ff3,Daily FF3,XGBoost Signature
2015-07-15,0.00928,"ME1 BM2, ME1 BM3, ME2 BM1, ME2 BM2, SMALL LoBM",1.8770124926790597,daily_ff3,Daily FF3,XGBoost Signature
2015-07-16,-0.00286,"ME1 BM2, ME1 BM3, ME2 BM1, ME2 BM2, SMALL LoBM",1.8716442369499973,daily_ff3,Daily FF3,XGBoost Signature
2015-07-17,-0.01136,"ME1 BM2, ME1 BM3, ME2 BM2, SMALL LoBM, ME2 BM1",1.8503823584182453,daily_ff3,Daily FF3,XGBoost Signature
2015-07-20,-0.00292,"ME1 BM2, ME1 BM3, ME2 BM2, SMALL LoBM, ME2 BM1",1.844979241931664,daily_ff3,Daily FF3,XGBoost Signature
2015-07-21,0.0021199999999999,"ME1 BM2, ME2 BM1, ME2 BM2, SMALL LoBM, ME3 BM1",1.8488905979245591,daily_ff3,Daily FF3,XGBoost Signature
2015-07-22,-0.01118,"ME1 BM2, ME2 BM1, ME2 BM2, ME1 BM3, SMALL LoBM",1.828220001039763,daily_ff3,Daily FF3,XGBoost Signature
2015-07-23,-0.01856,"ME1 BM2, ME1 BM3, SMALL HiBM, ME2 BM2, SMALL LoBM",1.7942882378204643,daily_ff3,Daily FF3,XGBoost Signature
2015-07-24,-0.0107199999999999,"ME1 BM2, ME1 BM3, SMALL HiBM, ME2 BM1, ME2 BM2",1.7750534679110292,daily_ff3,Daily FF3,XGBoost Signature
2015-07-27,0.0052,"SMALL LoBM, ME1 BM2, ME1 BM3, SMALL HiBM, ME2 BM1",1.7842837459441667,daily_ff3,Daily FF3,XGBoost Signature
2015-07-28,0.0014199999999999,"ME1 BM3, ME1 BM4, SMALL HiBM, ME2 BM2, SMALL LoBM",1.786817428863407,daily_ff3,Daily FF3,XGBoost Signature
2015-07-29,0.00184,"ME1 BM2, ME1 BM3, ME1 BM4, SMALL HiBM, ME2 BM1",1.790105172932516,daily_ff3,Daily FF3,XGBoost Signature
2015-07-30,0.0076399999999999,"ME1 BM4, ME2 BM2, SMALL LoBM, ME1 BM2, ME1 BM3",1.8037815764537208,daily_ff3,Daily FF3,XGBoost Signature
2015-07-31,-0.00796,"ME1 BM2, ME1 BM3, ME1 BM4, ME2 BM2, ME3 BM1",1.7894234751051492,daily_ff3,Daily FF3,XGBoost Signature
2015-08-03,0.0006999999999999,"ME1 BM2, ME1 BM3, ME1 BM4, ME2 BM2, ME3 BM1",1.7906760715377226,daily_ff3,Daily FF3,XGBoost Signature
2015-08-04,0.00214,"SMALL LoBM, ME1 BM2, ME2 BM1, ME5 BM2, ME1 BM3",1.7945081183308134,daily_ff3,Daily FF3,XGBoost Signature
2015-08-05,-0.01798,"ME1 BM2, ME1 BM4, ME2 BM1, ME2 BM2, ME3 BM1",1.7622428623632254,daily_ff3,Daily FF3,XGBoost Signature
2015-08-06,-0.00604,"ME1 BM2, ME1 BM4, SMALL HiBM, ME2 BM1, ME2 BM2",1.7515989154745517,daily_ff3,Daily FF3,XGBoost Signature
2015-08-07,0.01266,"ME1 BM2, ME2 BM2, ME3 BM1, ME1 BM4, SMALL LoBM",1.773774157744459,daily_ff3,Daily FF3,XGBoost Signature
2015-08-10,-0.01364,"SMALL LoBM, ME1 BM2, ME2 BM1, ME1 BM4, ME2 BM2",1.749579878232825,daily_ff3,Daily FF3,XGBoost Signature
2015-08-11,0.00144,"SMALL LoBM, ME1 BM2, ME2 BM1, ME1 BM4, ME2 BM2",1.75209927325748,daily_ff3,Daily FF3,XGBoost Signature
2015-08-12,-0.00506,"ME1 BM3, ME1 BM4, ME2 BM2, ME3 BM1, SMALL LoBM",1.7432336509347972,daily_ff3,Daily FF3,XGBoost Signature
2015-08-13,0.0036,"SMALL LoBM, ME1 BM2, ME2 BM1, ME1 BM4, ME2 BM2",1.7495092920781623,daily_ff3,Daily FF3,XGBoost Signature
2015-08-14,0.0107599999999999,"SMALL LoBM, ME1 BM2, ME2 BM1, ME1 BM4, ME2 BM2",1.7683340120609237,daily_ff3,Daily FF3,XGBoost Signature
2015-08-17,-0.01228,"SMALL LoBM, ME1 BM2, ME2 BM1, ME1 BM4, ME2 BM2",1.7466188703928156,daily_ff3,Daily FF3,XGBoost Signature
2015-08-18,-0.00974,"SMALL LoBM, ME1 BM2, ME2 BM1, ME1 BM4, ME2 BM2",1.7296068025951896,daily_ff3,Daily FF3,XGBoost Signature
2015-08-19,-0.02702,"SMALL LoBM, ME1 BM2, ME2 BM1, ME1 BM3, ME1 BM4",1.6828728267890676,daily_ff3,Daily FF3,XGBoost Signature
2015-08-20,-0.00618,"SMALL LoBM, ME1 BM2, ME2 BM1, ME1 BM3, ME1 BM4",1.6724726727195112,daily_ff3,Daily FF3,XGBoost Signature
2015-08-21,-0.0396399999999999,"SMALL LoBM, ME2 BM1, ME1 BM2, ME1 BM3, ME1 BM4",1.6061758559729098,daily_ff3,Daily FF3,XGBoost Signature
2015-08-24,-0.00392,"ME4 BM5, SMALL HiBM, SMALL LoBM, ME1 BM2, ME1 BM3",1.599879646617496,daily_ff3,Daily FF3,XGBoost Signature
2015-08-25,0.02404,"ME2 BM1, SMALL LoBM, ME1 BM2, ME2 BM2, ME3 BM1",1.6383407533221808,daily_ff3,Daily FF3,XGBoost Signature
2015-08-26,0.01672,"ME1 BM3, ME1 BM4, ME4 BM1, SMALL LoBM, ME1 BM2",1.6657338107177275,daily_ff3,Daily FF3,XGBoost Signature
2015-08-27,0.0095,"SMALL LoBM, ME2 BM1, ME3 BM1, ME4 BM1, BIG LoBM",1.6815582819195465,daily_ff3,Daily FF3,XGBoost Signature
2015-08-28,-0.00452,"ME1 BM3, ME4 BM1, BIG LoBM, SMALL LoBM, ME1 BM2",1.67395763848527,daily_ff3,Daily FF3,XGBoost Signature
2015-08-31,-0.02424,"SMALL LoBM, ME2 BM1, ME3 BM1, BIG LoBM, ME1 BM2",1.633380905328387,daily_ff3,Daily FF3,XGBoost Signature
2015-09-01,0.022,"SMALL LoBM, ME2 BM1, ME3 BM1, BIG LoBM, ME4 BM1",1.6693152852456117,daily_ff3,Daily FF3,XGBoost Signature
2015-09-02,-0.00674,"ME2 BM1, ME3 BM1, BIG LoBM, SMALL LoBM, ME1 BM2",1.658064100223056,daily_ff3,Daily FF3,XGBoost Signature
2015-09-03,-0.00332,"SMALL LoBM, ME1 BM2, ME2 BM1, ME3 BM1, ME4 BM1",1.6525593274103156,daily_ff3,Daily FF3,XGBoost Signature
2015-09-04,0.0249,"SMALL LoBM, ME1 BM2, ME2 BM1, ME3 BM1, ME4 BM1",1.6937080546628325,daily_ff3,Daily FF3,XGBoost Signature
2015-09-08,-0.0131199999999999,"SMALL LoBM, ME1 BM2, ME2 BM1, ME3 BM1, ME4 BM1",1.671486604985656,daily_ff3,Daily FF3,XGBoost Signature
2015-09-09,0.00742,"SMALL LoBM, ME1 BM2, ME2 BM1, ME3 BM1, ME4 BM1",1.6838890355946496,daily_ff3,Daily FF3,XGBoost Signature
2015-09-10,0.00598,"SMALL LoBM, ME1 BM2, ME2 BM1, ME3 BM1, ME4 BM1",1.6939586920275058,daily_ff3,Daily FF3,XGBoost Signature
2015-09-11,-0.0040999999999999,"SMALL LoBM, ME1 BM2, ME2 BM1, ME3 BM1, ME4 BM1",1.687013461390193,daily_ff3,Daily FF3,XGBoost Signature
2015-09-14,0.00852,"SMALL LoBM, ME1 BM2, ME2 BM1, ME3 BM1, ME4 BM1",1.7013868160812375,daily_ff3,Daily FF3,XGBoost Signature
2015-09-15,0.0059,"ME2 BM2, ME5 BM2, SMALL LoBM, ME1 BM2, ME2 BM1",1.711424998296117,daily_ff3,Daily FF3,XGBoost Signature
2015-09-16,0.0132199999999999,"SMALL LoBM, ME1 BM2, ME2 BM1, ME3 BM1, ME4 BM1",1.7340500367735916,daily_ff3,Daily FF3,XGBoost Signature
2015-09-17,-0.0066,"SMALL LoBM, ME1 BM2, ME2 BM1, ME3 BM1, ME4 BM1",1.7226053065308855,daily_ff3,Daily FF3,XGBoost Signature
2015-09-18,-0.0139,"SMALL LoBM, ME1 BM2, ME2 BM1, ME3 BM1, ME4 BM1",1.6986610927701065,daily_ff3,Daily FF3,XGBoost Signature
2015-09-21,-0.01738,"SMALL LoBM, ME1 BM2, ME2 BM1, ME3 BM1, ME4 BM1",1.669138362977762,daily_ff3,Daily FF3,XGBoost Signature
2015-09-22,-0.0038799999999999,"SMALL LoBM, ME1 BM2, ME2 BM1, ME3 BM1, BIG LoBM",1.6626621061294085,daily_ff3,Daily FF3,XGBoost Signature
2015-09-23,-0.0048,"SMALL LoBM, ME1 BM2, ME2 BM1, ME3 BM1, BIG LoBM",1.6546813280199872,daily_ff3,Daily FF3,XGBoost Signature
2015-09-24,-0.0292,"SMALL LoBM, ME1 BM2, ME2 BM1, ME3 BM1, BIG LoBM",1.6063646332418036,daily_ff3,Daily FF3,XGBoost Signature
2015-09-25,-0.03834,"SMALL LoBM, ME1 BM2, ME2 BM1, ME3 BM1, BIG LoBM",1.5447766132033127,daily_ff3,Daily FF3,XGBoost Signature
2015-09-28,-0.01172,"ME1 BM3, ME1 BM2, ME2 BM1, ME3 BM1, BIG LoBM",1.52667183129657,daily_ff3,Daily FF3,XGBoost Signature
2015-09-29,0.0191,"SMALL LoBM, ME1 BM2, ME2 BM1, ME3 BM1, ME4 BM1",1.5558312632743343,daily_ff3,Daily FF3,XGBoost Signature
2015-09-30,-0.00428,"SMALL LoBM, ME1 BM2, ME2 BM1, ME3 BM1, BIG LoBM",1.5491723054675202,daily_ff3,Daily FF3,XGBoost Signature
2015-10-01,0.0194999999999999,"ME1 BM2, ME2 BM1, ME3 BM1, BIG LoBM, ME5 BM2",1.579381165424137,daily_ff3,Daily FF3,XGBoost Signature
2015-10-02,0.01934,"ME1 BM2, ME2 BM1, ME3 BM1, BIG LoBM, ME5 BM2",1.6099263971634397,daily_ff3,Daily FF3,XGBoost Signature
2015-10-05,-0.01164,"ME1 BM2, ME2 BM1, ME3 BM1, BIG LoBM, ME5 BM2",1.5911868539004572,daily_ff3,Daily FF3,XGBoost Signature
2015-10-06,0.0146799999999999,"ME1 BM2, ME2 BM1, ME3 BM1, BIG LoBM, ME5 BM2",1.614545476915716,daily_ff3,Daily FF3,XGBoost Signature
2015-10-07,0.00366,"ME1 BM2, ME2 BM1, ME3 BM1, ME4 BM1, BIG LoBM",1.6204547133612277,daily_ff3,Daily FF3,XGBoost Signature
2015-10-08,0.00692,"ME1 BM2, ME2 BM1, ME3 BM1, ME4 BM1, BIG LoBM",1.6316682599776873,daily_ff3,Daily FF3,XGBoost Signature
2015-10-09,-0.00336,"ME1 BM2, ME2 BM1, ME3 BM1, ME4 BM1, BIG LoBM",1.626185854624162,daily_ff3,Daily FF3,XGBoost Signature
2015-10-12,-0.0153599999999999,"ME1 BM2, ME2 BM1, ME3 BM1, ME4 BM1, BIG LoBM",1.6012076398971349,daily_ff3,Daily FF3,XGBoost Signature
2015-10-13,-0.00678,"ME1 BM2, ME2 BM1, ME3 BM1, ME4 BM1, BIG LoBM",1.5903514520986324,daily_ff3,Daily FF3,XGBoost Signature
2015-10-14,0.02544,"ME1 BM2, ME2 BM1, ME3 BM1, ME4 BM1, BIG LoBM",1.6308099930400215,daily_ff3,Daily FF3,XGBoost Signature
2015-10-15,0.00092,"ME1 BM2, ME2 BM1, ME3 BM1, ME4 BM1, BIG LoBM",1.6323103382336184,daily_ff3,Daily FF3,XGBoost Signature
2015-10-16,0.00324,"ME1 BM2, ME2 BM1, ME3 BM1, BIG LoBM, ME5 BM2",1.637599023729495,daily_ff3,Daily FF3,XGBoost Signature
2015-10-19,-0.0085,"SMALL LoBM, ME1 BM2, ME2 BM1, ME3 BM1, ME4 BM1",1.6236794320277943,daily_ff3,Daily FF3,XGBoost Signature
2015-10-20,-0.01566,"SMALL LoBM, ME1 BM2, ME2 BM1, ME3 BM1, ME4 BM1",1.5982526121222391,daily_ff3,Daily FF3,XGBoost Signature
2015-10-21,0.00824,"ME1 BM2, ME2 BM1, ME3 BM1, ME4 BM1, BIG LoBM",1.6114222136461267,daily_ff3,Daily FF3,XGBoost Signature
2015-10-22,0.01202,"ME1 BM2, ME2 BM1, ME3 BM1, ME4 BM1, BIG LoBM",1.6307915086541531,daily_ff3,Daily FF3,XGBoost Signature
2015-10-23,-0.0038,"ME1 BM2, ME2 BM1, ME3 BM1, ME4 BM1, BIG LoBM",1.6245945009212672,daily_ff3,Daily FF3,XGBoost Signature
2015-10-26,-0.00434,"ME1 BM2, ME2 BM1, ME3 BM1, BIG LoBM, ME5 BM2",1.617543760787269,daily_ff3,Daily FF3,XGBoost Signature
2015-10-27,0.0246,"ME1 BM2, ME2 BM1, ME3 BM1, ME4 BM1, BIG LoBM",1.6573353373026356,daily_ff3,Daily FF3,XGBoost Signature
2015-10-28,-0.01206,"ME1 BM2, ME2 BM1, ME3 BM1, ME4 BM1, BIG LoBM",1.637347873134766,daily_ff3,Daily FF3,XGBoost Signature
2015-10-29,-0.00164,"SMALL LoBM, ME1 BM2, ME2 BM1, ME3 BM1, ME4 BM1",1.634662622622825,daily_ff3,Daily FF3,XGBoost Signature
2015-10-30,0.02744,"SMALL LoBM, ME1 BM2, ME2 BM1, ME3 BM1, ME4 BM1",1.679517764987595,daily_ff3,Daily FF3,XGBoost Signature
2015-11-02,0.00626,"SMALL LoBM, ME1 BM2, ME2 BM1, ME3 BM1, ME4 BM1",1.6900315461964173,daily_ff3,Daily FF3,XGBoost Signature
2015-11-03,0.00114,"SMALL LoBM, ME1 BM2, ME2 BM1, ME3 BM1, ME4 BM1",1.691958182159081,daily_ff3,Daily FF3,XGBoost Signature
2015-11-04,-0.00596,"SMALL LoBM, ME1 BM2, ME2 BM1, ME3 BM1, ME4 BM1",1.681874111393413,daily_ff3,Daily FF3,XGBoost Signature
2015-11-05,0.01232,"SMALL LoBM, ME1 BM2, ME2 BM1, ME3 BM1, ME4 BM1",1.70259480044578,daily_ff3,Daily FF3,XGBoost Signature
2015-11-06,-0.0086,"SMALL LoBM, ME1 BM2, ME2 BM1, ME3 BM1, ME4 BM1",1.6879524851619463,daily_ff3,Daily FF3,XGBoost Signature
2015-11-09,-0.00196,"SMALL LoBM, ME1 BM2, ME2 BM1, ME3 BM1, ME4 BM1",1.684644098291029,daily_ff3,Daily FF3,XGBoost Signature
2015-11-10,-0.00978,"SMALL LoBM, ME1 BM2, ME2 BM1, ME3 BM1, ME4 BM1",1.6681682790097423,daily_ff3,Daily FF3,XGBoost Signature
2015-11-11,-0.0193199999999999,"SMALL LoBM, ME1 BM2, ME2 BM1, ME3 BM1, ME4 BM1",1.6359392678592743,daily_ff3,Daily FF3,XGBoost Signature
2015-11-12,-0.0063,"ME3 BM5, SMALL LoBM, ME1 BM2, ME2 BM1, ME3 BM1",1.625632850471761,daily_ff3,Daily FF3,XGBoost Signature
2015-11-13,0.00214,"SMALL LoBM, ME1 BM2, ME2 BM1, ME3 BM1, ME4 BM1",1.6291117047717707,daily_ff3,Daily FF3,XGBoost Signature
2015-11-16,0.00056,"ME1 BM2, ME2 BM1, ME3 BM1, ME4 BM1, BIG LoBM",1.6300240073264427,daily_ff3,Daily FF3,XGBoost Signature
2015-11-17,0.01666,"SMALL LoBM, ME1 BM2, ME2 BM1, ME3 BM1, ME4 BM1",1.6571802072885011,daily_ff3,Daily FF3,XGBoost Signature
2015-11-18,-0.00522,"ME5 BM4, SMALL LoBM, ME1 BM2, ME2 BM1, ME3 BM1",1.6485297266064551,daily_ff3,Daily FF3,XGBoost Signature
2015-11-19,0.00698,"ME1 BM2, ME2 BM1, ME3 BM1, ME4 BM1, SMALL LoBM",1.6600364640981682,daily_ff3,Daily FF3,XGBoost Signature
2015-11-20,0.00814,"ME1 BM2, ME2 BM1, ME3 BM1, SMALL LoBM, ME4 BM1",1.6735491609159274,daily_ff3,Daily FF3,XGBoost Signature
2015-11-23,0.0068999999999999,"SMALL LoBM, ME1 BM2, ME2 BM1, ME3 BM1, ME4 BM1",1.6850966501262472,daily_ff3,Daily FF3,XGBoost Signature
2015-11-24,0.01296,"SMALL LoBM, ME1 BM2, ME2 BM1, ME3 BM1, ME4 BM1",1.7069355027118835,daily_ff3,Daily FF3,XGBoost Signature
2015-11-25,0.00526,"SMALL LoBM, ME1 BM2, ME2 BM1, ME3 BM1, ME4 BM1",1.715913983456148,daily_ff3,Daily FF3,XGBoost Signature
2015-11-27,-0.00248,"ME1 BM4, ME4 BM1, ME5 BM4, SMALL LoBM, ME1 BM2",1.7116585167771767,daily_ff3,Daily FF3,XGBoost Signature
2015-11-30,0.00426,"SMALL LoBM, ME1 BM2, ME2 BM1, ME3 BM1, ME5 BM4",1.7189501820586477,daily_ff3,Daily FF3,XGBoost Signature
2015-12-01,-0.0056399999999999,"SMALL LoBM, ME1 BM2, ME2 BM1, ME3 BM1, ME4 BM1",1.7092553030318367,daily_ff3,Daily FF3,XGBoost Signature
2015-12-02,-0.01762,"ME1 BM2, ME5 BM4, ME4 BM5, SMALL LoBM, ME1 BM3",1.6791382245924158,daily_ff3,Daily FF3,XGBoost Signature
2015-12-03,0.0108999999999999,"SMALL LoBM, ME4 BM5, ME5 BM4, ME1 BM2, ME3 BM1",1.697440831240473,daily_ff3,Daily FF3,XGBoost Signature
2015-12-04,-0.01898,"ME4 BM5, ME5 BM4, SMALL LoBM, ME1 BM2, ME3 BM5",1.6652234042635288,daily_ff3,Daily FF3,XGBoost Signature
2015-12-07,-0.0066199999999999,"ME5 BM4, ME4 BM5, ME5 BM3, ME1 BM3, ME2 BM1",1.6541996253273044,daily_ff3,Daily FF3,XGBoost Signature
2015-12-08,-0.0093,"ME1 BM2, ME3 BM5, ME4 BM5, ME5 BM4, SMALL LoBM",1.6388155688117605,daily_ff3,Daily FF3,XGBoost Signature
2015-12-09,0.0055,"SMALL LoBM, ME1 BM2, ME3 BM5, ME4 BM5, ME5 BM4",1.6478290544402252,daily_ff3,Daily FF3,XGBoost Signature
2015-12-10,-0.0220399999999999,"ME1 BM2, ME3 BM5, ME4 BM5, ME5 BM3, ME5 BM4",1.6115109020803626,daily_ff3,Daily FF3,XGBoost Signature
2015-12-11,-0.00572,"ME1 BM2, ME3 BM5, ME4 BM5, ME5 BM4, SMALL LoBM",1.602293059720463,daily_ff3,Daily FF3,XGBoost Signature
2015-12-14,0.0134199999999999,"ME1 BM3, ME1 BM4, SMALL HiBM, ME3 BM5, ME4 BM1",1.6237958325819115,daily_ff3,Daily FF3,XGBoost Signature
2015-12-15,0.01732,"SMALL LoBM, ME1 BM2, ME5 BM3, ME5 BM4, ME2 BM1",1.6519199764022303,daily_ff3,Daily FF3,XGBoost Signature
2015-12-16,-0.0123,"ME1 BM2, ME5 BM4, SMALL LoBM, ME5 BM3, BIG HiBM",1.6316013606924828,daily_ff3,Daily FF3,XGBoost Signature
2015-12-17,-0.01066,"ME1 BM2, ME3 BM5, ME5 BM3, ME5 BM4, SMALL LoBM",1.614208490187501,daily_ff3,Daily FF3,XGBoost Signature
2015-12-18,0.0064,"BIG HiBM, ME3 BM5, ME5 BM3, ME5 BM4, ME4 BM5",1.624539424524701,daily_ff3,Daily FF3,XGBoost Signature
2015-12-21,0.00524,"SMALL LoBM, ME1 BM2, ME2 BM1, ME2 BM2, ME3 BM1",1.6330520111092102,daily_ff3,Daily FF3,XGBoost Signature
2015-12-22,0.01334,"SMALL LoBM, ME1 BM2, ME2 BM1, ME3 BM1, ME4 BM1",1.6548369249374069,daily_ff3,Daily FF3,XGBoost Signature
2015-12-23,-0.00092,"ME3 BM5, ME5 BM3, ME5 BM4, ME4 BM3, ME4 BM5",1.6533144749664643,daily_ff3,Daily FF3,XGBoost Signature
2015-12-24,-0.00612,"ME3 BM5, ME5 BM3, ME5 BM4, ME4 BM1, ME4 BM3",1.6431961903796697,daily_ff3,Daily FF3,XGBoost Signature
2015-12-28,0.00858,"ME3 BM5, ME5 BM3, ME5 BM4, SMALL LoBM, ME1 BM2",1.6572948136931271,daily_ff3,Daily FF3,XGBoost Signature
2015-12-29,-0.00874,"ME5 BM3, ME5 BM4, ME3 BM5, ME4 BM1, SMALL LoBM",1.6428100570214492,daily_ff3,Daily FF3,XGBoost Signature
2015-12-30,-0.00682,"ME5 BM3, ME5 BM4, ME3 BM5, ME4 BM5, SMALL LoBM",1.6316060924325628,daily_ff3,Daily FF3,XGBoost Signature
2015-12-31,-0.01608,"ME2 BM1, ME3 BM5, ME4 BM5, ME5 BM3, ME5 BM4",1.6053698664662472,daily_ff3,Daily FF3,XGBoost Signature
2016-01-04,0.0004399999999999,"ME3 BM5, ME4 BM5, ME5 BM3, ME5 BM4, ME2 BM5",1.6060762292074924,daily_ff3,Daily FF3,XGBoost Signature
2016-01-05,-0.0208,"ME2 BM1, ME3 BM5, ME4 BM5, ME5 BM3, ME5 BM4",1.5726698436399764,daily_ff3,Daily FF3,XGBoost Signature
2016-01-06,-0.0276,"ME3 BM5, ME5 BM3, ME5 BM4, ME4 BM5, SMALL LoBM",1.5292641559555131,daily_ff3,Daily FF3,XGBoost Signature
2016-01-07,-0.0143399999999999,"SMALL LoBM, ME2 BM1, ME3 BM5, ME5 BM3, ME5 BM4",1.507334507959111,daily_ff3,Daily FF3,XGBoost Signature
2016-01-08,-0.00404,"ME3 BM5, ME4 BM5, ME5 BM3, ME5 BM4, ME4 BM3",1.5012448765469562,daily_ff3,Daily FF3,XGBoost Signature
2016-01-11,0.00204,"ME2 BM2, ME2 BM5, ME3 BM5, ME4 BM5, ME5 BM3",1.504307416095112,daily_ff3,Daily FF3,XGBoost Signature
2016-01-12,-0.02596,"ME3 BM5, ME4 BM5, ME5 BM3, ME5 BM4, SMALL LoBM",1.4652555955732829,daily_ff3,Daily FF3,XGBoost Signature
2016-01-13,0.01838,"ME3 BM5, ME5 BM3, ME5 BM4, ME4 BM5, ME3 BM1",1.49218699341992,daily_ff3,Daily FF3,XGBoost Signature
2016-01-14,-0.02134,"ME3 BM5, ME4 BM5, ME5 BM3, ME5 BM4, SMALL LoBM",1.4603437229803389,daily_ff3,Daily FF3,XGBoost Signature
2016-01-15,-0.01146,"ME3 BM5, ME5 BM3, ME5 BM4, ME4 BM5, ME1 BM2",1.443608183914984,daily_ff3,Daily FF3,XGBoost Signature
2016-01-19,-0.00864,"ME3 BM5, ME4 BM5, ME5 BM3, ME5 BM4, SMALL LoBM",1.4311354092059585,daily_ff3,Daily FF3,XGBoost Signature
2016-01-20,0.0057,"ME3 BM5, ME5 BM3, ME5 BM4, ME4 BM5, BIG HiBM",1.4392928810384324,daily_ff3,Daily FF3,XGBoost Signature
2016-01-21,0.02064,"ME3 BM5, ME4 BM5, ME5 BM3, ME2 BM5, ME4 BM3",1.4689998861030658,daily_ff3,Daily FF3,XGBoost Signature
2016-01-22,-0.02752,"ME3 BM5, ME4 BM5, ME5 BM3, ME2 BM5, ME4 BM3",1.4285730092375093,daily_ff3,Daily FF3,XGBoost Signature
2016-01-25,0.0259799999999999,"ME3 BM5, ME4 BM5, ME5 BM3, ME5 BM4, ME2 BM5",1.4656873360174996,daily_ff3,Daily FF3,XGBoost Signature
2016-01-26,-0.0022999999999999,"ME2 BM5, ME3 BM5, ME4 BM5, ME5 BM3, ME5 BM4",1.4623162551446591,daily_ff3,Daily FF3,XGBoost Signature
2016-01-27,0.0108399999999999,"ME3 BM5, ME4 BM5, ME5 BM3, ME5 BM4, ME2 BM5",1.478167763350427,daily_ff3,Daily FF3,XGBoost Signature
2016-01-28,0.02852,"ME3 BM5, ME4 BM5, ME5 BM3, ME4 BM3, ME5 BM4",1.5203251079611817,daily_ff3,Daily FF3,XGBoost Signature
2016-01-29,-0.00682,"BIG HiBM, ME3 BM5, ME4 BM5, ME5 BM3, ME5 BM4",1.5099564907248864,daily_ff3,Daily FF3,XGBoost Signature
2016-02-01,-0.0256399999999999,"BIG HiBM, ME3 BM5, ME4 BM5, ME5 BM3, ME5 BM4",1.4712412063027005,daily_ff3,Daily FF3,XGBoost Signature
2016-02-02,0.0064199999999999,"ME5 BM2, BIG HiBM, ME2 BM5, ME3 BM5, ME4 BM5",1.4806865748471638,daily_ff3,Daily FF3,XGBoost Signature
2016-02-03,0.0075799999999999,"ME2 BM1, ME3 BM2, ME3 BM3, ME4 BM1, ME4 BM3",1.4919101790845053,daily_ff3,Daily FF3,XGBoost Signature
2016-02-04,-0.02882,"ME2 BM1, ME2 BM4, ME3 BM2, ME4 BM1, ME4 BM3",1.44891332772329,daily_ff3,Daily FF3,XGBoost Signature
2016-02-05,-0.0201799999999999,"ME2 BM4, ME3 BM2, ME4 BM1, ME4 BM3, ME4 BM4",1.419674256769834,daily_ff3,Daily FF3,XGBoost Signature
2016-02-08,-0.0014,"ME2 BM4, ME3 BM2, BIG LoBM, ME5 BM2, BIG HiBM",1.4176867128103563,daily_ff3,Daily FF3,XGBoost Signature
2016-02-09,-0.0025399999999999,"BIG LoBM, ME5 BM2, BIG HiBM, SMALL LoBM, ME2 BM1",1.414085788559818,daily_ff3,Daily FF3,XGBoost Signature
2016-02-10,-0.01612,"ME3 BM2, BIG LoBM, ME5 BM2, BIG HiBM, ME2 BM5",1.3912907256482336,daily_ff3,Daily FF3,XGBoost Signature
2016-02-11,0.02882,"ME5 BM2, BIG HiBM, ME2 BM5, ME3 BM5, ME5 BM3",1.431387724361416,daily_ff3,Daily FF3,XGBoost Signature
2016-02-12,0.0177,"BIG HiBM, ME2 BM5, ME3 BM5, ME5 BM3, ME5 BM4",1.456723287082613,daily_ff3,Daily FF3,XGBoost Signature
2016-02-16,0.0149799999999999,"BIG HiBM, ME2 BM5, ME3 BM5, ME5 BM3, ME5 BM4",1.4785450019231106,daily_ff3,Daily FF3,XGBoost Signature
2016-02-17,-0.00368,"ME2 BM4, BIG HiBM, ME2 BM5, ME3 BM5, ME5 BM3",1.4731039563160335,daily_ff3,Daily FF3,XGBoost Signature
2016-02-18,0.00242,"ME2 BM4, ME3 BM2, BIG LoBM, ME5 BM2, BIG HiBM",1.4766688678903184,daily_ff3,Daily FF3,XGBoost Signature
2016-02-19,0.01372,"ME2 BM4, ME3 BM2, ME5 BM2, BIG HiBM, ME2 BM5",1.4969287647577734,daily_ff3,Daily FF3,XGBoost Signature
2016-02-22,-0.01472,"ME3 BM2, BIG HiBM, ME2 BM5, ME3 BM5, ME5 BM3",1.474893973340539,daily_ff3,Daily FF3,XGBoost Signature
2016-02-23,0.00624,"ME2 BM4, BIG HiBM, ME2 BM5, ME3 BM5, ME5 BM3",1.484097311734184,daily_ff3,Daily FF3,XGBoost Signature
2016-02-24,0.0109,"ME2 BM5, ME3 BM5, ME5 BM3, ME5 BM4, BIG HiBM",1.5002739724320866,daily_ff3,Daily FF3,XGBoost Signature
2016-02-25,0.00676,"BIG HiBM, ME2 BM5, ME3 BM5, ME5 BM3, ME5 BM4",1.5104158244857278,daily_ff3,Daily FF3,XGBoost Signature
2016-02-26,-0.00606,"BIG HiBM, ME2 BM4, ME2 BM5, ME3 BM5, ME5 BM3",1.5012627045893443,daily_ff3,Daily FF3,XGBoost Signature
2016-02-29,0.0254399999999999,"BIG HiBM, ME2 BM4, ME2 BM5, ME3 BM5, ME5 BM3",1.5394548277940971,daily_ff3,Daily FF3,XGBoost Signature
2016-03-01,0.01272,"ME3 BM5, ME5 BM3, ME5 BM4, ME2 BM4, ME2 BM5",1.559036693203638,daily_ff3,Daily FF3,XGBoost Signature
2016-03-02,0.01032,"ME2 BM4, ME3 BM5, ME5 BM3, ME5 BM4, ME1 BM4",1.5751259518774998,daily_ff3,Daily FF3,XGBoost Signature
2016-03-03,0.0081,"ME2 BM4, ME2 BM5, ME3 BM5, ME5 BM3, ME5 BM4",1.5878844720877077,daily_ff3,Daily FF3,XGBoost Signature
2016-03-04,0.0092,"ME5 BM3, ME5 BM4, ME2 BM4, BIG LoBM, SMALL LoBM",1.6024930092309146,daily_ff3,Daily FF3,XGBoost Signature
2016-03-07,-0.0182,"ME5 BM3, ME5 BM4, ME2 BM4, BIG LoBM, ME2 BM1",1.573327636462912,daily_ff3,Daily FF3,XGBoost Signature
2016-03-08,0.00712,"ME5 BM3, ME5 BM4, BIG LoBM, ME1 BM2, ME1 BM4",1.584529729234528,daily_ff3,Daily FF3,XGBoost Signature
2016-03-09,-0.00766,"ME5 BM3, BIG LoBM, ME5 BM4, SMALL LoBM, ME1 BM2",1.5723922315085914,daily_ff3,Daily FF3,XGBoost Signature
2016-03-10,0.01564,"ME5 BM3, BIG LoBM, ME5 BM4, SMALL LoBM, ME1 BM2",1.596984446009386,daily_ff3,Daily FF3,XGBoost Signature
2016-03-11,-0.00112,"ME5 BM3, ME2 BM4, BIG LoBM, ME5 BM4, SMALL LoBM",1.5951958234298556,daily_ff3,Daily FF3,XGBoost Signature
2016-03-14,-0.00902,"ME5 BM3, ME2 BM4, BIG LoBM, ME5 BM4, SMALL LoBM",1.5808071571025182,daily_ff3,Daily FF3,XGBoost Signature
2016-03-15,0.00422,"ME2 BM4, BIG LoBM, ME5 BM3, ME5 BM4, SMALL LoBM",1.5874781633054906,daily_ff3,Daily FF3,XGBoost Signature
2016-03-16,0.0142,"SMALL LoBM, ME2 BM1, ME2 BM2, ME2 BM5, ME3 BM1",1.6100203532244286,daily_ff3,Daily FF3,XGBoost Signature
2016-03-17,0.0068999999999999,"ME2 BM4, BIG LoBM, ME5 BM3, ME5 BM4, SMALL LoBM",1.621129493661677,daily_ff3,Daily FF3,XGBoost Signature
2016-03-18,0.001,"ME5 BM4, ME2 BM4, BIG LoBM, ME5 BM3, SMALL LoBM",1.6227506231553384,daily_ff3,Daily FF3,XGBoost Signature
2016-03-21,0.00032,"ME5 BM4, ME2 BM4, BIG LoBM, ME5 BM3, SMALL LoBM",1.6232699033547482,daily_ff3,Daily FF3,XGBoost Signature
2016-03-22,-0.01558,"ME5 BM4, BIG LoBM, ME5 BM3, SMALL LoBM, ME1 BM2",1.597979358260481,daily_ff3,Daily FF3,XGBoost Signature
2016-03-23,0.00202,"ME5 BM4, ME2 BM4, BIG LoBM, ME5 BM3, SMALL LoBM",1.6012072765641672,daily_ff3,Daily FF3,XGBoost Signature
2016-03-24,-0.00162,"SMALL LoBM, ME1 BM2, ME1 BM3, ME1 BM4, ME2 BM1",1.5986133207761333,daily_ff3,Daily FF3,XGBoost Signature
2016-03-28,0.01572,"ME5 BM4, ME2 BM4, BIG LoBM, ME5 BM3, SMALL LoBM",1.623743522178734,daily_ff3,Daily FF3,XGBoost Signature
2016-03-29,0.00356,"ME5 BM4, ME2 BM4, BIG LoBM, ME5 BM3, SMALL LoBM",1.6295240491176903,daily_ff3,Daily FF3,XGBoost Signature
2016-03-30,-0.00078,"ME5 BM4, ME2 BM4, BIG LoBM, ME5 BM3, SMALL LoBM",1.6282530203593786,daily_ff3,Daily FF3,XGBoost Signature
2016-03-31,0.00458,"ME2 BM1, ME2 BM4, ME5 BM4, ME1 BM4, BIG LoBM",1.6357104191926246,daily_ff3,Daily FF3,XGBoost Signature
2016-04-01,-0.00442,"ME2 BM4, BIG LoBM, ME5 BM3, ME5 BM4, SMALL LoBM",1.6284805791397932,daily_ff3,Daily FF3,XGBoost Signature
2016-04-04,-0.01048,"ME2 BM4, ME5 BM4, ME3 BM5, BIG LoBM, ME5 BM3",1.611414102670408,daily_ff3,Daily FF3,XGBoost Signature
2016-04-05,0.0097,"ME2 BM4, ME1 BM4, BIG LoBM, ME5 BM3, ME5 BM4",1.6270448194663112,daily_ff3,Daily FF3,XGBoost Signature
2016-04-06,-0.01298,"ME2 BM4, ME1 BM4, BIG LoBM, ME5 BM3, ME5 BM4",1.6059257777096383,daily_ff3,Daily FF3,XGBoost Signature
2016-04-07,0.00492,"ME2 BM4, ME1 BM4, SMALL HiBM, BIG LoBM, ME5 BM3",1.61382693253597,daily_ff3,Daily FF3,XGBoost Signature
2016-04-08,-0.002,"ME2 BM4, ME1 BM4, BIG LoBM, ME5 BM3, ME5 BM4",1.610599278670898,daily_ff3,Daily FF3,XGBoost Signature
2016-04-11,0.0105799999999999,"ME2 BM4, BIG LoBM, ME1 BM4, ME5 BM3, ME5 BM4",1.6276394190392365,daily_ff3,Daily FF3,XGBoost Signature
2016-04-12,0.01886,"ME1 BM4, ME2 BM4, SMALL HiBM, ME2 BM5, BIG LoBM",1.6583366984823165,daily_ff3,Daily FF3,XGBoost Signature
2016-04-13,-7.999999999999997e-05,"ME2 BM4, BIG LoBM, ME1 BM4, ME5 BM3, ME5 BM4",1.658204031546438,daily_ff3,Daily FF3,XGBoost Signature
2016-04-14,0.00114,"ME1 BM4, SMALL HiBM, ME2 BM4, ME2 BM5, ME3 BM5",1.6600943841424007,daily_ff3,Daily FF3,XGBoost Signature
2016-04-15,0.00582,"ME2 BM4, BIG LoBM, ME3 BM5, ME5 BM3, ME5 BM4",1.6697561334581097,daily_ff3,Daily FF3,XGBoost Signature
2016-04-18,0.0050799999999999,"ME2 BM4, BIG LoBM, ME1 BM4, SMALL HiBM, ME2 BM5",1.6782384946160769,daily_ff3,Daily FF3,XGBoost Signature
2016-04-19,0.00202,"ME1 BM4, ME2 BM4, ME2 BM5, SMALL HiBM, BIG LoBM",1.681628536375201,daily_ff3,Daily FF3,XGBoost Signature
2016-04-20,0.00082,"SMALL LoBM, ME1 BM3, ME2 BM1, ME3 BM1, ME3 BM2",1.6830074717750287,daily_ff3,Daily FF3,XGBoost Signature
2016-04-21,0.00762,"ME2 BM4, BIG LoBM, ME1 BM4, ME2 BM5, SMALL LoBM",1.6958319887099544,daily_ff3,Daily FF3,XGBoost Signature
2016-04-22,-0.00832,"ME2 BM3, ME3 BM1, ME2 BM4, ME2 BM5, ME5 BM4",1.6817226665638876,daily_ff3,Daily FF3,XGBoost Signature
2016-04-25,0.0105199999999999,"ME2 BM4, ME1 BM4, ME2 BM5, ME3 BM4, BIG LoBM",1.6994143890161395,daily_ff3,Daily FF3,XGBoost Signature
2016-04-26,-0.0003799999999999,"ME2 BM4, ME1 BM4, BIG LoBM, SMALL LoBM, ME1 BM2",1.6987686115483136,daily_ff3,Daily FF3,XGBoost Signature
2016-04-27,-0.00946,"ME2 BM4, ME1 BM4, BIG LoBM, SMALL LoBM, ME1 BM2",1.6826982604830665,daily_ff3,Daily FF3,XGBoost Signature
2016-04-28,-0.0088799999999999,"ME2 BM4, BIG LoBM, ME1 BM2, ME2 BM1, ME3 BM1",1.6677558999299769,daily_ff3,Daily FF3,XGBoost Signature
2016-04-29,0.00738,"ME2 BM4, BIG LoBM, ME1 BM4, SMALL LoBM, ME1 BM2",1.68006393847146,daily_ff3,Daily FF3,XGBoost Signature
2016-05-02,-0.0144999999999999,"ME2 BM4, BIG LoBM, ME1 BM4, SMALL LoBM, ME1 BM2",1.655703011363624,daily_ff3,Daily FF3,XGBoost Signature
2016-05-03,-0.01336,"SMALL LoBM, ME1 BM2, ME1 BM3, ME2 BM1, ME3 BM1",1.6335828191318058,daily_ff3,Daily FF3,XGBoost Signature
2016-05-04,-0.00698,"ME2 BM4, ME2 BM5, BIG LoBM, SMALL LoBM, ME1 BM2",1.622180411054266,daily_ff3,Daily FF3,XGBoost Signature
2016-05-05,0.00172,"SMALL LoBM, ME1 BM2, ME2 BM1, ME3 BM5, ME2 BM4",1.6249705613612793,daily_ff3,Daily FF3,XGBoost Signature
2016-05-06,0.00312,"ME2 BM4, ME2 BM5, SMALL LoBM, ME1 BM2, ME1 BM3",1.6300404695127264,daily_ff3,Daily FF3,XGBoost Signature
2016-05-09,0.01424,"ME3 BM5, ME4 BM5, BIG HiBM, ME2 BM4, SMALL LoBM",1.6532522457985876,daily_ff3,Daily FF3,XGBoost Signature
2016-05-10,-0.01194,"ME2 BM4, BIG LoBM, SMALL LoBM, ME1 BM2, ME1 BM3",1.633512413983753,daily_ff3,Daily FF3,XGBoost Signature
2016-05-11,-0.0105599999999999,"ME2 BM4, BIG LoBM, SMALL LoBM, ME1 BM2, ME1 BM3",1.6162625228920842,daily_ff3,Daily FF3,XGBoost Signature
2016-05-12,-0.00274,"ME2 BM4, BIG LoBM, SMALL LoBM, ME1 BM2, ME1 BM3",1.61183396357936,daily_ff3,Daily FF3,XGBoost Signature
2016-05-13,0.01282,"SMALL LoBM, ME2 BM4, BIG LoBM, ME1 BM2, ME1 BM3",1.6324976749924474,daily_ff3,Daily FF3,XGBoost Signature
2016-05-16,-0.01826,"ME2 BM4, BIG LoBM, SMALL LoBM, ME1 BM2, ME1 BM3",1.6026882674470853,daily_ff3,Daily FF3,XGBoost Signature
2016-05-17,0.00666,"ME2 BM4, ME4 BM3, BIG LoBM, SMALL LoBM, ME1 BM2",1.613362171308283,daily_ff3,Daily FF3,XGBoost Signature
2016-05-18,-0.0068,"ME2 BM4, ME4 BM3, BIG LoBM, SMALL LoBM, ME1 BM2",1.6023913085433867,daily_ff3,Daily FF3,XGBoost Signature
2016-05-19,0.015,"ME2 BM4, ME4 BM3, BIG LoBM, SMALL LoBM, ME1 BM2",1.6264271781715374,daily_ff3,Daily FF3,XGBoost Signature
2016-05-20,0.00426,"ME4 BM3, BIG LoBM, SMALL LoBM, ME1 BM2, ME1 BM3",1.633355757950548,daily_ff3,Daily FF3,XGBoost Signature
2016-05-23,0.01812,"ME4 BM3, BIG LoBM, SMALL LoBM, ME1 BM2, ME1 BM3",1.6629521642846117,daily_ff3,Daily FF3,XGBoost Signature
2016-05-24,0.0066,"ME4 BM3, SMALL LoBM, ME1 BM2, ME1 BM3, ME1 BM4",1.67392764856889,daily_ff3,Daily FF3,XGBoost Signature
2016-05-25,-0.00138,"ME1 BM4, ME2 BM2, ME2 BM3, ME2 BM4, ME4 BM3",1.6716176284138649,daily_ff3,Daily FF3,XGBoost Signature
2016-05-26,0.00748,"ME1 BM4, ME4 BM3, SMALL LoBM, ME1 BM2, ME1 BM3",1.6841213282744003,daily_ff3,Daily FF3,XGBoost Signature
2016-05-27,0.0037,"ME1 BM4, ME4 BM3, ME4 BM4, ME1 BM3, ME3 BM5",1.6903525771890158,daily_ff3,Daily FF3,XGBoost Signature
2016-05-31,0.0066199999999999,"ME1 BM4, ME4 BM3, ME4 BM4, ME2 BM1, ME2 BM2",1.7015427112500072,daily_ff3,Daily FF3,XGBoost Signature
2016-06-01,0.0042,"ME1 BM4, ME2 BM5, ME4 BM3, ME4 BM4, SMALL LoBM",1.7086891906372572,daily_ff3,Daily FF3,XGBoost Signature
2016-06-02,-0.01078,"ME2 BM1, BIG HiBM, ME2 BM3, ME2 BM4, ME2 BM5",1.6902695211621876,daily_ff3,Daily FF3,XGBoost Signature
2016-06-03,0.01352,"ME2 BM2, ME2 BM3, ME2 BM4, ME3 BM3, ME3 BM5",1.7131219650883005,daily_ff3,Daily FF3,XGBoost Signature
2016-06-06,0.00224,"SMALL LoBM, ME2 BM1, ME2 BM3, ME2 BM4, ME3 BM5",1.7169593582900982,daily_ff3,Daily FF3,XGBoost Signature
2016-06-07,0.00574,"SMALL HiBM, ME2 BM2, ME3 BM3, ME3 BM4, ME4 BM3",1.7268147050066835,daily_ff3,Daily FF3,XGBoost Signature
2016-06-08,-0.00654,"SMALL HiBM, ME2 BM2, ME2 BM3, ME2 BM4, ME2 BM5",1.71552133683594,daily_ff3,Daily FF3,XGBoost Signature
2016-06-09,-0.01462,"ME3 BM1, SMALL HiBM, ME2 BM2, ME2 BM4, ME2 BM5",1.6904404148913983,daily_ff3,Daily FF3,XGBoost Signature
2016-06-10,-0.0112,"ME1 BM3, SMALL HiBM, ME2 BM2, ME2 BM4, ME2 BM5",1.6715074822446148,daily_ff3,Daily FF3,XGBoost Signature
2016-06-13,-0.00228,"SMALL LoBM, ME1 BM3, SMALL HiBM, ME3 BM1, ME3 BM2",1.667696445185097,daily_ff3,Daily FF3,XGBoost Signature
2016-06-14,0.00332,"SMALL LoBM, ME1 BM2, ME1 BM3, SMALL HiBM, ME2 BM1",1.6732331973831116,daily_ff3,Daily FF3,XGBoost Signature
2016-06-15,-0.0004799999999999,"SMALL LoBM, ME1 BM3, SMALL HiBM, ME2 BM1, ME2 BM4",1.6724300454483676,daily_ff3,Daily FF3,XGBoost Signature
2016-06-16,-0.0059999999999999,"SMALL LoBM, ME1 BM3, SMALL HiBM, ME2 BM1, ME2 BM2",1.6623954651756774,daily_ff3,Daily FF3,XGBoost Signature
2016-06-17,0.01292,"SMALL LoBM, ME1 BM2, ME1 BM3, SMALL HiBM, ME2 BM1",1.6838736145857471,daily_ff3,Daily FF3,XGBoost Signature
2016-06-20,-0.00518,"SMALL LoBM, ME1 BM3, SMALL HiBM, ME2 BM1, ME2 BM2",1.675151149262193,daily_ff3,Daily FF3,XGBoost Signature
2016-06-21,-0.00546,"SMALL LoBM, ME1 BM3, SMALL HiBM, ME2 BM1, ME2 BM2",1.6660048239872216,daily_ff3,Daily FF3,XGBoost Signature
2016-06-22,0.01928,"SMALL LoBM, ME1 BM3, SMALL HiBM, ME2 BM1, ME2 BM2",1.6981253969936951,daily_ff3,Daily FF3,XGBoost Signature
2016-06-23,-0.03426,"SMALL LoBM, ME1 BM3, SMALL HiBM, ME2 BM1, ME2 BM2",1.6399476208926913,daily_ff3,Daily FF3,XGBoost Signature
2016-06-24,-0.03196,"SMALL LoBM, ME1 BM3, SMALL HiBM, ME2 BM2, ME2 BM4",1.587534894928961,daily_ff3,Daily FF3,XGBoost Signature
2016-06-27,0.01808,"SMALL LoBM, ME1 BM4, ME3 BM1, SMALL HiBM, ME2 BM1",1.6162375258292767,daily_ff3,Daily FF3,XGBoost Signature
2016-06-28,0.0152,"SMALL LoBM, ME1 BM2, ME1 BM3, ME1 BM4, SMALL HiBM",1.6408043362218818,daily_ff3,Daily FF3,XGBoost Signature
2016-06-29,0.01368,"ME4 BM1, BIG HiBM, SMALL LoBM, ME1 BM2, ME1 BM3",1.663250539541397,daily_ff3,Daily FF3,XGBoost Signature
2016-06-30,0.0107,"SMALL LoBM, ME1 BM2, ME1 BM3, ME1 BM4, SMALL HiBM",1.6810473203144898,daily_ff3,Daily FF3,XGBoost Signature
2016-07-01,-0.0154799999999999,"SMALL LoBM, ME1 BM2, ME1 BM3, ME1 BM4, SMALL HiBM",1.6550247077960214,daily_ff3,Daily FF3,XGBoost Signature
2016-07-05,0.00768,"ME1 BM2, SMALL HiBM, ME2 BM5, ME3 BM5, SMALL LoBM",1.6677352975518946,daily_ff3,Daily FF3,XGBoost Signature
2016-07-06,0.0050799999999999,"ME2 BM1, SMALL LoBM, ME1 BM2, ME1 BM3, ME1 BM4",1.6762073928634582,daily_ff3,Daily FF3,XGBoost Signature
2016-07-07,0.0217599999999999,"BIG LoBM, SMALL LoBM, ME1 BM2, ME1 BM3, ME1 BM4",1.712681665732167,daily_ff3,Daily FF3,XGBoost Signature
2016-07-08,0.0093,"SMALL LoBM, ME1 BM2, ME1 BM3, ME1 BM4, SMALL HiBM",1.7286096052234765,daily_ff3,Daily FF3,XGBoost Signature
2016-07-11,0.01496,"SMALL LoBM, ME1 BM2, ME1 BM3, ME1 BM4, SMALL HiBM",1.7544696049176196,daily_ff3,Daily FF3,XGBoost Signature
2016-07-12,-0.00628,"ME1 BM3, ME2 BM3, SMALL LoBM, ME1 BM2, ME1 BM4",1.743451535798737,daily_ff3,Daily FF3,XGBoost Signature
2016-07-13,-0.00126,"SMALL LoBM, ME1 BM2, ME1 BM3, ME1 BM4, SMALL HiBM",1.7412547868636306,daily_ff3,Daily FF3,XGBoost Signature
2016-07-14,0.00354,"ME5 BM4, BIG HiBM, SMALL LoBM, ME1 BM2, ME1 BM3",1.747418828809128,daily_ff3,Daily FF3,XGBoost Signature
2016-07-15,0.00404,"ME4 BM5, BIG HiBM, SMALL LoBM, ME1 BM2, ME1 BM3",1.754478400877517,daily_ff3,Daily FF3,XGBoost Signature
2016-07-18,-0.01088,"SMALL LoBM, ME1 BM2, ME1 BM3, ME1 BM4, SMALL HiBM",1.7353896758759697,daily_ff3,Daily FF3,XGBoost Signature
2016-07-19,0.0087,"SMALL LoBM, ME1 BM2, ME3 BM5, ME4 BM5, BIG HiBM",1.7504875660560903,daily_ff3,Daily FF3,XGBoost Signature
2016-07-20,-0.00536,"SMALL LoBM, ME1 BM2, ME1 BM3, ME1 BM4, SMALL HiBM",1.7411049527020297,daily_ff3,Daily FF3,XGBoost Signature
2016-07-21,0.00452,"SMALL LoBM, ME1 BM2, ME1 BM3, ME1 BM4, SMALL HiBM",1.748974747088243,daily_ff3,Daily FF3,XGBoost Signature
2016-07-22,-0.00516,"SMALL LoBM, ME1 BM2, ME1 BM3, ME1 BM4, SMALL HiBM",1.7399500373932677,daily_ff3,Daily FF3,XGBoost Signature
2016-07-25,0.0045799999999999,"SMALL LoBM, ME1 BM2, ME1 BM3, ME1 BM4, SMALL HiBM",1.7479190085645289,daily_ff3,Daily FF3,XGBoost Signature
2016-07-26,0.00622,"SMALL LoBM, ME1 BM2, ME1 BM3, ME1 BM4, SMALL HiBM",1.7587910647978,daily_ff3,Daily FF3,XGBoost Signature
2016-07-27,-0.0047,"ME2 BM1, ME2 BM2, ME2 BM3, ME2 BM4, ME2 BM5",1.7505247467932503,daily_ff3,Daily FF3,XGBoost Signature
2016-07-28,-0.00026,"ME4 BM3, SMALL LoBM, ME1 BM2, ME1 BM3, ME1 BM4",1.750069610359084,daily_ff3,Daily FF3,XGBoost Signature
2016-07-29,1.7347234759768072e-19,"SMALL LoBM, ME1 BM2, ME1 BM3, ME1 BM4, SMALL HiBM",1.750069610359084,daily_ff3,Daily FF3,XGBoost Signature
2016-08-01,-0.0108399999999999,"SMALL LoBM, ME1 BM2, ME1 BM3, ME1 BM4, SMALL HiBM",1.7310988557827915,daily_ff3,Daily FF3,XGBoost Signature
2016-08-02,0.0111799999999999,"SMALL LoBM, ME1 BM2, ME1 BM3, ME1 BM4, SMALL HiBM",1.750452540990443,daily_ff3,Daily FF3,XGBoost Signature
2016-08-03,-0.0002,"SMALL LoBM, ME1 BM2, ME1 BM3, ME1 BM4, SMALL HiBM",1.7501024504822449,daily_ff3,Daily FF3,XGBoost Signature
2016-08-04,0.01468,"ME5 BM3, ME1 BM2, ME1 BM3, SMALL HiBM, ME2 BM3",1.7757939544553245,daily_ff3,Daily FF3,XGBoost Signature
2016-08-05,0.00064,"ME5 BM3, SMALL LoBM, ME1 BM2, ME1 BM3, ME1 BM4",1.7769304625861757,daily_ff3,Daily FF3,XGBoost Signature
2016-08-08,0.00066,"ME3 BM5, ME4 BM5, BIG HiBM, SMALL LoBM, ME1 BM2",1.7781032366914828,daily_ff3,Daily FF3,XGBoost Signature
2016-08-09,-0.01076,"SMALL LoBM, ME1 BM2, ME1 BM3, ME1 BM4, SMALL HiBM",1.7589708458646824,daily_ff3,Daily FF3,XGBoost Signature
2016-08-10,0.0068399999999999,"SMALL LoBM, ME1 BM2, ME2 BM1, ME3 BM1, ME1 BM3",1.7710022064503967,daily_ff3,Daily FF3,XGBoost Signature
2016-08-11,0.00252,"SMALL LoBM, ME1 BM2, ME1 BM3, ME1 BM4, ME2 BM1",1.7754651320106518,daily_ff3,Daily FF3,XGBoost Signature
2016-08-12,0.01048,"ME5 BM3, SMALL LoBM, ME1 BM4, ME2 BM5, ME4 BM5",1.7940720065941236,daily_ff3,Daily FF3,XGBoost Signature
2016-08-15,-0.00658,"ME5 BM3, SMALL LoBM, ME1 BM2, ME1 BM3, ME1 BM4",1.7822670127907343,daily_ff3,Daily FF3,XGBoost Signature
2016-08-16,-0.00294,"SMALL LoBM, ME1 BM2, ME1 BM3, ME1 BM4, SMALL HiBM",1.7770271477731294,daily_ff3,Daily FF3,XGBoost Signature
2016-08-17,0.0073999999999999,"SMALL LoBM, ME1 BM2, ME1 BM3, ME1 BM4, SMALL HiBM",1.790177148666651,daily_ff3,Daily FF3,XGBoost Signature
2016-08-18,-0.0006199999999999,"ME5 BM3, SMALL LoBM, ME1 BM3, ME1 BM4, ME2 BM2",1.7890672388344775,daily_ff3,Daily FF3,XGBoost Signature
2016-08-19,-0.0017,"ME5 BM3, SMALL HiBM, ME2 BM5, ME3 BM4, ME3 BM5",1.7860258245284588,daily_ff3,Daily FF3,XGBoost Signature
2016-08-22,0.0059,"ME5 BM3, SMALL LoBM, ME1 BM2, ME1 BM3, ME1 BM4",1.7965633768931768,daily_ff3,Daily FF3,XGBoost Signature
2016-08-23,-0.01158,"ME5 BM3, SMALL LoBM, ME2 BM1, ME1 BM2, ME1 BM3",1.775759172988754,daily_ff3,Daily FF3,XGBoost Signature
2016-08-24,0.0004799999999999,"ME5 BM3, SMALL LoBM, ME1 BM2, ME2 BM1, ME1 BM3",1.7766115373917886,daily_ff3,Daily FF3,XGBoost Signature
2016-08-25,0.00134,"ME5 BM3, SMALL LoBM, ME1 BM2, ME1 BM3, ME1 BM4",1.7789921968518934,daily_ff3,Daily FF3,XGBoost Signature
2016-08-26,0.00606,"ME5 BM3, SMALL LoBM, ME1 BM2, ME1 BM3, ME1 BM4",1.7897728895648155,daily_ff3,Daily FF3,XGBoost Signature
2016-08-29,0.0036,"ME5 BM3, SMALL LoBM, ME1 BM2, ME1 BM3, ME1 BM4",1.796216071967249,daily_ff3,Daily FF3,XGBoost Signature
2016-08-30,-0.00518,"ME5 BM3, ME1 BM3, ME1 BM4, SMALL HiBM, ME2 BM1",1.7869116727144587,daily_ff3,Daily FF3,XGBoost Signature
2016-08-31,0.0009,"ME5 BM3, SMALL LoBM, ME1 BM2, ME1 BM3, ME1 BM4",1.7885198932199016,daily_ff3,Daily FF3,XGBoost Signature
2016-09-01,0.0067,"ME5 BM3, SMALL LoBM, ME1 BM2, ME1 BM3, ME1 BM4",1.8005029765044749,daily_ff3,Daily FF3,XGBoost Signature
2016-09-02,0.0074399999999999,"ME5 BM3, SMALL LoBM, ME1 BM2, ME1 BM3, ME1 BM4",1.813898718649668,daily_ff3,Daily FF3,XGBoost Signature
2016-09-06,0.0061,"ME5 BM3, SMALL LoBM, ME1 BM2, ME1 BM3, ME1 BM4",1.824963500833431,daily_ff3,Daily FF3,XGBoost Signature
2016-09-07,0.00482,"ME5 BM3, SMALL LoBM, ME1 BM2, ME1 BM3, ME1 BM4",1.8337598249074485,daily_ff3,Daily FF3,XGBoost Signature
2016-09-08,-0.0287399999999999,"ME5 BM3, SMALL LoBM, ME1 BM2, ME1 BM3, ME1 BM4",1.7810575675396083,daily_ff3,Daily FF3,XGBoost Signature
2016-09-09,0.0157,"ME5 BM3, SMALL LoBM, ME1 BM2, ME1 BM3, ME1 BM4",1.8090201713499805,daily_ff3,Daily FF3,XGBoost Signature
2016-09-12,-0.0169199999999999,"BIG LoBM, SMALL LoBM, ME1 BM2, ME1 BM3, SMALL HiBM",1.7784115500507385,daily_ff3,Daily FF3,XGBoost Signature
2016-09-13,-0.00204,"BIG LoBM, ME1 BM2, ME2 BM5, ME3 BM4, ME3 BM5",1.7747835904886349,daily_ff3,Daily FF3,XGBoost Signature
2016-09-14,0.01308,"SMALL LoBM, ME1 BM2, ME1 BM3, ME1 BM4, SMALL HiBM",1.797997759852226,daily_ff3,Daily FF3,XGBoost Signature
2016-09-15,0.0038599999999999,"BIG LoBM, SMALL LoBM, ME1 BM2, ME1 BM3, ME1 BM4",1.804938031205256,daily_ff3,Daily FF3,XGBoost Signature
2016-09-16,0.00246,"BIG LoBM, SMALL LoBM, ME1 BM2, ME1 BM3, ME1 BM4",1.8093781787620205,daily_ff3,Daily FF3,XGBoost Signature
2016-09-19,0.00604,"BIG LoBM, SMALL LoBM, ME1 BM2, ME1 BM3, ME1 BM4",1.8203068229617432,daily_ff3,Daily FF3,XGBoost Signature
2016-09-20,0.00992,"BIG LoBM, SMALL LoBM, ME1 BM2, ME1 BM3, ME1 BM4",1.8383642666455235,daily_ff3,Daily FF3,XGBoost Signature
2016-09-21,0.0139999999999999,"ME1 BM2, ME1 BM3, ME1 BM4, SMALL HiBM, ME2 BM1",1.8641013663785608,daily_ff3,Daily FF3,XGBoost Signature
2016-09-22,-0.00476,"SMALL LoBM, ME1 BM2, ME1 BM3, ME1 BM4, SMALL HiBM",1.8552282438745988,daily_ff3,Daily FF3,XGBoost Signature
2016-09-23,-0.01094,"SMALL LoBM, ME1 BM2, ME1 BM3, ME1 BM4, SMALL HiBM",1.8349320468866108,daily_ff3,Daily FF3,XGBoost Signature
2016-09-26,0.00786,"ME2 BM4, SMALL LoBM, ME1 BM2, ME1 BM3, ME1 BM4",1.8493546127751397,daily_ff3,Daily FF3,XGBoost Signature
2016-09-27,0.0064,"SMALL LoBM, ME1 BM2, ME1 BM3, ME1 BM4, SMALL HiBM",1.8611904822969003,daily_ff3,Daily FF3,XGBoost Signature
2016-09-28,-0.01302,"ME2 BM5, ME3 BM5, ME4 BM5, SMALL LoBM, ME1 BM2",1.8369577822173944,daily_ff3,Daily FF3,XGBoost Signature
2016-09-29,0.0137399999999999,"SMALL HiBM, ME2 BM1, ME2 BM3, ME2 BM4, ME2 BM5",1.8621975821450616,daily_ff3,Daily FF3,XGBoost Signature
2016-09-30,-0.0011,"SMALL LoBM, BIG LoBM, ME1 BM2, ME1 BM3, ME1 BM4",1.8601491648047024,daily_ff3,Daily FF3,XGBoost Signature
2016-10-03,-0.00418,"SMALL LoBM, ME1 BM2, ME1 BM3, ME1 BM4, SMALL HiBM",1.8523737412958183,daily_ff3,Daily FF3,XGBoost Signature
2016-10-04,0.01114,"SMALL LoBM, ME1 BM2, ME1 BM3, ME1 BM4, SMALL HiBM",1.873009184773854,daily_ff3,Daily FF3,XGBoost Signature
2016-10-05,-0.00052,"SMALL HiBM, ME2 BM4, ME2 BM5, ME3 BM5, ME4 BM5",1.872035219997772,daily_ff3,Daily FF3,XGBoost Signature
2016-10-06,-0.00726,"SMALL LoBM, ME1 BM2, ME1 BM3, ME1 BM4, SMALL HiBM",1.858444244300588,daily_ff3,Daily FF3,XGBoost Signature
2016-10-07,0.0129,"BIG HiBM, SMALL LoBM, ME1 BM2, ME1 BM3, ME1 BM4",1.8824181750520648,daily_ff3,Daily FF3,XGBoost Signature
2016-10-10,-0.01906,"SMALL LoBM, ME1 BM2, ME1 BM3, ME1 BM4, SMALL HiBM",1.8465392846355728,daily_ff3,Daily FF3,XGBoost Signature
2016-10-11,-0.00574,"SMALL LoBM, ME1 BM2, ME2 BM1, ME2 BM5, ME1 BM3",1.8359401491417648,daily_ff3,Daily FF3,XGBoost Signature
2016-10-12,-0.01056,"SMALL LoBM, ME1 BM2, ME1 BM3, ME2 BM1, ME2 BM2",1.8165526211668277,daily_ff3,Daily FF3,XGBoost Signature
2016-10-13,-0.00414,"SMALL LoBM, ME1 BM2, ME1 BM3, ME1 BM4, SMALL HiBM",1.8090320933151969,daily_ff3,Daily FF3,XGBoost Signature
2016-10-14,-0.00516,"SMALL LoBM, ME1 BM2, ME1 BM3, ME1 BM4, SMALL HiBM",1.7996974877136902,daily_ff3,Daily FF3,XGBoost Signature
2016-10-17,0.00522,"SMALL LoBM, ME1 BM2, ME1 BM3, ME1 BM4, SMALL HiBM",1.809091908599556,daily_ff3,Daily FF3,XGBoost Signature
2016-10-18,0.0032,"SMALL LoBM, ME1 BM2, ME1 BM3, ME1 BM4, SMALL HiBM",1.8148810027070743,daily_ff3,Daily FF3,XGBoost Signature
2016-10-19,-0.00324,"ME2 BM3, ME2 BM5, ME3 BM1, ME3 BM5, ME4 BM5",1.8090007882583037,daily_ff3,Daily FF3,XGBoost Signature
2016-10-20,-0.00218,"ME3 BM5, SMALL LoBM, ME1 BM2, ME1 BM3, ME1 BM4",1.8050571665399004,daily_ff3,Daily FF3,XGBoost Signature
2016-10-21,0.00214,"SMALL LoBM, ME1 BM2, ME1 BM3, ME1 BM4, SMALL HiBM",1.808919988876296,daily_ff3,Daily FF3,XGBoost Signature
2016-10-24,-0.01126,"SMALL LoBM, ME1 BM2, ME1 BM3, ME1 BM4, SMALL HiBM",1.7885515498015487,daily_ff3,Daily FF3,XGBoost Signature
2016-10-25,-0.00986,"ME3 BM1, SMALL LoBM, ME1 BM2, ME1 BM3, ME1 BM4",1.7709164315205057,daily_ff3,Daily FF3,XGBoost Signature
2016-10-26,-0.0107,"SMALL LoBM, ME2 BM3, ME2 BM5, ME1 BM2, ME1 BM3",1.751967625703236,daily_ff3,Daily FF3,XGBoost Signature
2016-10-27,-0.00482,"ME4 BM5, BIG HiBM, SMALL LoBM, ME1 BM2, ME1 BM3",1.7435231417473462,daily_ff3,Daily FF3,XGBoost Signature
2016-10-28,-0.00226,"BIG LoBM, SMALL LoBM, ME1 BM2, ME1 BM3, ME1 BM4",1.7395827794469971,daily_ff3,Daily FF3,XGBoost Signature
2016-10-31,-0.01022,"ME1 BM2, ME1 BM3, ME2 BM3, ME2 BM4, ME3 BM1",1.7218042434410488,daily_ff3,Daily FF3,XGBoost Signature
2016-11-01,-0.01492,"SMALL LoBM, ME1 BM2, ME1 BM3, ME1 BM4, SMALL HiBM",1.6961149241289082,daily_ff3,Daily FF3,XGBoost Signature
2016-11-02,-0.01296,"SMALL LoBM, ME1 BM2, ME1 BM3, ME1 BM4, SMALL HiBM",1.6741332747121975,daily_ff3,Daily FF3,XGBoost Signature
2016-11-03,0.01006,"SMALL LoBM, ME1 BM2, ME2 BM1, ME1 BM3, ME1 BM4",1.690975055455802,daily_ff3,Daily FF3,XGBoost Signature
2016-11-04,0.02436,"ME3 BM5, SMALL LoBM, ME1 BM2, ME1 BM3, ME1 BM4",1.7321672078067052,daily_ff3,Daily FF3,XGBoost Signature
2016-11-07,0.0033799999999999,"SMALL LoBM, ME1 BM2, ME2 BM1, ME2 BM2, ME1 BM3",1.7380219329690918,daily_ff3,Daily FF3,XGBoost Signature
2016-11-08,0.04302,"SMALL LoBM, ME2 BM1, ME1 BM2, ME1 BM3, ME1 BM4",1.8127916365254224,daily_ff3,Daily FF3,XGBoost Signature
2016-11-09,0.02158,"SMALL LoBM, ME2 BM1, ME1 BM2, ME1 BM3, ME1 BM4",1.8519116800416409,daily_ff3,Daily FF3,XGBoost Signature
2016-11-10,0.02968,"SMALL LoBM, ME2 BM1, ME3 BM1, ME1 BM2, ME1 BM3",1.9068764187052765,daily_ff3,Daily FF3,XGBoost Signature
2016-11-11,0.00388,"SMALL LoBM, ME2 BM1, BIG LoBM, ME1 BM2, ME1 BM3",1.9142750992098527,daily_ff3,Daily FF3,XGBoost Signature
2016-11-14,0.00262,"SMALL LoBM, ME2 BM1, BIG LoBM, ME1 BM2, ME1 BM3",1.919290499969783,daily_ff3,Daily FF3,XGBoost Signature
2016-11-15,-0.00076,"SMALL LoBM, ME2 BM1, BIG LoBM, ME2 BM2, ME2 BM3",1.9178318391898064,daily_ff3,Daily FF3,XGBoost Signature
2016-11-16,0.00874,"SMALL LoBM, ME2 BM1, BIG LoBM, ME2 BM5, ME3 BM1",1.934593689464325,daily_ff3,Daily FF3,XGBoost Signature
2016-11-17,0.00578,"SMALL LoBM, ME2 BM1, ME1 BM2, ME1 BM3, ME1 BM4",1.945775640989429,daily_ff3,Daily FF3,XGBoost Signature
2016-11-18,0.0060999999999999,"SMALL LoBM, ME2 BM1, ME3 BM1, ME4 BM3, ME1 BM2",1.957644872399464,daily_ff3,Daily FF3,XGBoost Signature
2016-11-21,0.00342,"SMALL LoBM, ME2 BM1, ME1 BM2, ME1 BM3, ME1 BM4",1.9643400178630703,daily_ff3,Daily FF3,XGBoost Signature
2016-11-22,0.00834,"SMALL LoBM, ME2 BM1, BIG LoBM, ME2 BM5, ME3 BM5",1.9807226136120484,daily_ff3,Daily FF3,XGBoost Signature
2016-11-23,0.00404,"SMALL LoBM, ME2 BM1, ME3 BM1, ME1 BM2, ME1 BM3",1.988724732971041,daily_ff3,Daily FF3,XGBoost Signature
2016-11-25,-0.0173999999999999,"SMALL LoBM, ME2 BM1, ME1 BM2, ME1 BM3, ME1 BM4",1.954120922617345,daily_ff3,Daily FF3,XGBoost Signature
2016-11-28,-0.00274,"SMALL LoBM, ME2 BM1, ME1 BM2, ME1 BM3, ME1 BM4",1.9487666312893737,daily_ff3,Daily FF3,XGBoost Signature
2016-11-29,-0.0136,"SMALL LoBM, ME2 BM1, ME3 BM1, ME1 BM2, ME1 BM3",1.922263405103838,daily_ff3,Daily FF3,XGBoost Signature
2016-11-30,-0.0162,"SMALL LoBM, ME2 BM1, ME3 BM1, ME1 BM2, ME1 BM3",1.891122737941156,daily_ff3,Daily FF3,XGBoost Signature
2016-12-01,0.0008199999999999,"SMALL LoBM, ME2 BM1, ME3 BM1, ME2 BM5, ME3 BM5",1.892673458586268,daily_ff3,Daily FF3,XGBoost Signature
2016-12-02,0.01714,"SMALL LoBM, ME2 BM1, ME3 BM1, BIG HiBM, ME1 BM2",1.925113881666436,daily_ff3,Daily FF3,XGBoost Signature
2016-12-05,0.0124,"SMALL LoBM, ME2 BM1, ME1 BM3, ME1 BM4, SMALL HiBM",1.9489852937991,daily_ff3,Daily FF3,XGBoost Signature
2016-12-06,0.00268,"SMALL LoBM, ME2 BM1, ME3 BM1, ME4 BM1, ME1 BM2",1.9542085743864812,daily_ff3,Daily FF3,XGBoost Signature
2016-12-07,0.0155,"SMALL LoBM, ME2 BM1, ME1 BM2, ME1 BM3, ME1 BM4",1.984498807289472,daily_ff3,Daily FF3,XGBoost Signature
2016-12-08,0.00068,"SMALL LoBM, ME2 BM1, ME3 BM1, BIG LoBM, ME5 BM4",1.985848266478429,daily_ff3,Daily FF3,XGBoost Signature
2016-12-09,-0.01038,"SMALL LoBM, ME2 BM1, ME1 BM2, ME1 BM3, ME1 BM4",1.9652351614723824,daily_ff3,Daily FF3,XGBoost Signature
2016-12-12,0.00122,"SMALL LoBM, ME2 BM1, ME1 BM2, ME1 BM3, ME1 BM4",1.967632748369379,daily_ff3,Daily FF3,XGBoost Signature
2016-12-13,-0.0096599999999999,"SMALL LoBM, ME2 BM1, ME1 BM2, ME1 BM3, ME1 BM4",1.9486254160201308,daily_ff3,Daily FF3,XGBoost Signature
2016-12-14,0.00898,"SMALL LoBM, ME2 BM1, ME1 BM2, ME1 BM3, ME1 BM4",1.966124072255992,daily_ff3,Daily FF3,XGBoost Signature
2016-12-15,0.00312,"SMALL LoBM, ME2 BM1, ME1 BM2, ME1 BM3, ME1 BM4",1.9722583793614303,daily_ff3,Daily FF3,XGBoost Signature
2016-12-16,0.00494,"SMALL LoBM, ME2 BM1, ME3 BM1, ME1 BM2, ME1 BM3",1.982001335755476,daily_ff3,Daily FF3,XGBoost Signature
2016-12-19,0.0067599999999999,"SMALL LoBM, ME2 BM1, ME3 BM1, ME1 BM2, ME1 BM3",1.995399664785183,daily_ff3,Daily FF3,XGBoost Signature
2016-12-20,-0.00658,"SMALL LoBM, ME2 BM1, ME3 BM1, ME1 BM2, ME1 BM3",1.9822699349908963,daily_ff3,Daily FF3,XGBoost Signature
2016-12-21,-0.0111799999999999,"SMALL LoBM, ME2 BM1, ME3 BM1, ME1 BM3, ME1 BM4",1.9601081571176984,daily_ff3,Daily FF3,XGBoost Signature
2016-12-22,0.0094,"SMALL LoBM, ME2 BM1, ME3 BM1, ME3 BM5, ME4 BM5",1.9785331737946048,daily_ff3,Daily FF3,XGBoost Signature
2016-12-23,0.00334,"ME1 BM2, ME2 BM2, ME2 BM3, ME3 BM1, SMALL LoBM",1.9851414745950784,daily_ff3,Daily FF3,XGBoost Signature
2016-12-27,-0.0124,"SMALL LoBM, ME2 BM1, ME1 BM2, ME3 BM1, ME1 BM3",1.9605257203101,daily_ff3,Daily FF3,XGBoost Signature
2016-12-28,-0.00082,"SMALL LoBM, ME2 BM1, ME1 BM2, ME1 BM3, ME1 BM4",1.958918089219445,daily_ff3,Daily FF3,XGBoost Signature
2016-12-29,-0.0043,"SMALL LoBM, ME2 BM1, ME2 BM2, ME1 BM2, ME1 BM3",1.9504947414358016,daily_ff3,Daily FF3,XGBoost Signature
2016-12-30,0.00692,"SMALL LoBM, ME2 BM1, ME1 BM2, ME1 BM3, ME1 BM4",1.9639921650465375,daily_ff3,Daily FF3,XGBoost Signature
2017-01-03,0.01962,"SMALL LoBM, ME2 BM1, ME1 BM2, ME1 BM3, ME1 BM4",2.0025256913247507,daily_ff3,Daily FF3,XGBoost Signature
2017-01-04,-0.0110199999999999,"SMALL LoBM, ME2 BM1, ME1 BM2, ME1 BM3, ME1 BM4",1.980457858206352,daily_ff3,Daily FF3,XGBoost Signature
2017-01-05,-0.00326,"SMALL LoBM, ME2 BM1, ME1 BM2, ME1 BM3, ME1 BM4",1.9740015655885992,daily_ff3,Daily FF3,XGBoost Signature
2017-01-06,-0.00904,"ME1 BM2, ME1 BM3, ME1 BM4, SMALL HiBM, ME2 BM3",1.9561565914356784,daily_ff3,Daily FF3,XGBoost Signature
2017-01-09,0.00976,"SMALL LoBM, ME2 BM1, ME1 BM2, ME1 BM3, ME1 BM4",1.9752486797680904,daily_ff3,Daily FF3,XGBoost Signature
2017-01-10,0.0052,"ME1 BM4, SMALL HiBM, ME2 BM4, ME2 BM5, ME3 BM4",1.9855199729028847,daily_ff3,Daily FF3,XGBoost Signature
2017-01-11,-0.0060999999999999,"SMALL LoBM, ME2 BM1, ME2 BM2, ME1 BM2, ME1 BM3",1.973408301068177,daily_ff3,Daily FF3,XGBoost Signature
2017-01-12,0.0104,"SMALL LoBM, ME2 BM1, ME2 BM2, ME3 BM1, ME1 BM2",1.993931747399286,daily_ff3,Daily FF3,XGBoost Signature
2017-01-13,-0.01866,"SMALL LoBM, ME2 BM1, ME2 BM2, ME3 BM1, ME1 BM2",1.9567249809928156,daily_ff3,Daily FF3,XGBoost Signature
2017-01-17,0.00488,"ME2 BM2, ME3 BM1, SMALL LoBM, ME2 BM1, SMALL HiBM",1.9662737989000605,daily_ff3,Daily FF3,XGBoost Signature
2017-01-18,-0.00976,"ME2 BM4, ME4 BM5, ME1 BM2, ME2 BM2, ME3 BM1",1.947082966622796,daily_ff3,Daily FF3,XGBoost Signature
2017-01-19,0.00182,"SMALL LoBM, ME2 BM1, ME2 BM2, ME3 BM1, ME1 BM2",1.9506266576220488,daily_ff3,Daily FF3,XGBoost Signature
2017-01-20,-0.00504,"SMALL LoBM, ME2 BM1, ME2 BM2, ME1 BM2, ME1 BM3",1.940795499267634,daily_ff3,Daily FF3,XGBoost Signature
2017-01-23,0.01272,"SMALL LoBM, ME2 BM1, ME2 BM2, ME1 BM2, ME1 BM3",1.9654824180183184,daily_ff3,Daily FF3,XGBoost Signature
2017-01-24,0.0098,"SMALL LoBM, ME2 BM1, ME2 BM2, ME1 BM2, ME1 BM3",1.984744145714898,daily_ff3,Daily FF3,XGBoost Signature
2017-01-25,-0.0091,"ME2 BM2, ME3 BM1, SMALL LoBM, ME2 BM1, ME1 BM2",1.9666829739888925,daily_ff3,Daily FF3,XGBoost Signature
2017-01-26,0.00172,"ME2 BM1, ME2 BM2, SMALL LoBM, ME1 BM2, ME1 BM3",1.9700656687041531,daily_ff3,Daily FF3,XGBoost Signature
2017-01-27,-0.01484,"ME2 BM2, ME3 BM1, SMALL LoBM, ME2 BM1, ME1 BM2",1.940829894180584,daily_ff3,Daily FF3,XGBoost Signature
2017-01-30,0.01292,"ME2 BM2, ME3 BM1, SMALL LoBM, ME2 BM1, ME1 BM2",1.9659054164133969,daily_ff3,Daily FF3,XGBoost Signature
2017-01-31,-0.0016,"ME1 BM2, ME1 BM3, ME1 BM4, SMALL HiBM, ME2 BM3",1.9627599677471357,daily_ff3,Daily FF3,XGBoost Signature
2017-02-01,-0.00138,"ME1 BM2, ME2 BM2, ME3 BM1, SMALL LoBM, ME2 BM1",1.9600513589916444,daily_ff3,Daily FF3,XGBoost Signature
2017-02-02,0.01316,"ME1 BM2, ME2 BM2, ME3 BM1, SMALL LoBM, ME2 BM1",1.9858456348759743,daily_ff3,Daily FF3,XGBoost Signature
2017-02-03,-0.00744,"ME2 BM1, SMALL LoBM, ME1 BM2, ME1 BM3, ME2 BM2",1.971070943352497,daily_ff3,Daily FF3,XGBoost Signature
2017-02-06,-0.00398,"SMALL LoBM, ME1 BM3, ME2 BM1, ME2 BM3, ME2 BM4",1.9632260809979545,daily_ff3,Daily FF3,XGBoost Signature
2017-02-07,-0.0024,"SMALL LoBM, ME2 BM1, ME1 BM2, ME1 BM3, ME1 BM4",1.9585143384035597,daily_ff3,Daily FF3,XGBoost Signature
2017-02-08,0.0158,"SMALL LoBM, ME1 BM2, ME1 BM3, ME2 BM1, ME2 BM2",1.989458864950336,daily_ff3,Daily FF3,XGBoost Signature
2017-02-09,0.00522,"SMALL LoBM, ME1 BM2, ME1 BM3, ME2 BM2, ME3 BM1",1.9998438402253764,daily_ff3,Daily FF3,XGBoost Signature
2017-02-10,0.00086,"SMALL LoBM, ME1 BM2, ME2 BM1, ME2 BM2, ME3 BM1",2.0015637059279703,daily_ff3,Daily FF3,XGBoost Signature
2017-02-13,0.00498,"SMALL LoBM, ME1 BM2, ME1 BM3, ME2 BM1, ME2 BM2",2.011531493183492,daily_ff3,Daily FF3,XGBoost Signature
2017-02-14,0.0084599999999999,"SMALL LoBM, ME1 BM2, ME2 BM1, ME2 BM2, ME3 BM1",2.028549049615824,daily_ff3,Daily FF3,XGBoost Signature
2017-02-15,-0.0049999999999999,"SMALL LoBM, ME1 BM2, ME2 BM1, ME2 BM2, ME4 BM3",2.0184063043677445,daily_ff3,Daily FF3,XGBoost Signature
2017-02-16,0.00508,"SMALL LoBM, ME1 BM2, ME2 BM1, ME2 BM2, ME1 BM3",2.0286598083939325,daily_ff3,Daily FF3,XGBoost Signature
2017-02-17,0.00092,"SMALL LoBM, ME1 BM2, ME2 BM1, ME2 BM2, ME1 BM3",2.030526175417655,daily_ff3,Daily FF3,XGBoost Signature
2017-02-21,-0.00904,"SMALL LoBM, ME1 BM2, ME1 BM3, ME2 BM1, ME2 BM2",2.0121702187918795,daily_ff3,Daily FF3,XGBoost Signature
2017-02-22,-0.0071399999999999,"SMALL LoBM, ME1 BM2, ME1 BM3, ME2 BM1, ME2 BM2",1.9978033234297052,daily_ff3,Daily FF3,XGBoost Signature
2017-02-23,0.00366,"SMALL LoBM, ME1 BM2, ME1 BM3, ME2 BM1, ME2 BM2",2.005115283593458,daily_ff3,Daily FF3,XGBoost Signature
2017-02-24,0.01824,"SMALL LoBM, ME1 BM2, ME2 BM1, ME2 BM2, ME1 BM3",2.041688586366203,daily_ff3,Daily FF3,XGBoost Signature
2017-02-27,-0.0162,"SMALL LoBM, ME1 BM2, ME1 BM3, ME2 BM1, ME2 BM2",2.0086132312670704,daily_ff3,Daily FF3,XGBoost Signature
2017-02-28,0.01954,"SMALL LoBM, ME1 BM2, ME1 BM3, ME2 BM1, ME2 BM2",2.0478615338060293,daily_ff3,Daily FF3,XGBoost Signature
2017-03-01,-0.0072,"ME3 BM1, SMALL LoBM, ME1 BM2, ME1 BM3, ME2 BM1",2.033116930762626,daily_ff3,Daily FF3,XGBoost Signature
2017-03-02,-0.00158,"SMALL LoBM, ME1 BM2, ME1 BM3, ME1 BM4, SMALL HiBM",2.0299046060120207,daily_ff3,Daily FF3,XGBoost Signature
2017-03-03,-0.00932,"SMALL LoBM, ME1 BM2, ME1 BM3, ME1 BM4, SMALL HiBM",2.0109858950839885,daily_ff3,Daily FF3,XGBoost Signature
2017-03-06,-0.00758,"SMALL LoBM, ME2 BM5, ME3 BM5, ME1 BM2, ME1 BM3",1.995742621999252,daily_ff3,Daily FF3,XGBoost Signature
2017-03-07,-0.00216,"ME5 BM4, SMALL LoBM, ME1 BM2, ME1 BM3, ME1 BM4",1.991431817935733,daily_ff3,Daily FF3,XGBoost Signature
2017-03-08,-0.00472,"ME1 BM3, ME2 BM1, ME2 BM2, ME3 BM5, ME1 BM4",1.9820322597550768,daily_ff3,Daily FF3,XGBoost Signature
2017-03-09,0.0029399999999999,"ME1 BM2, SMALL LoBM, ME1 BM3, ME1 BM4, SMALL HiBM",1.9878594345987568,daily_ff3,Daily FF3,XGBoost Signature
2017-03-10,0.006,"SMALL LoBM, ME1 BM2, ME1 BM3, ME1 BM4, SMALL HiBM",1.999786591206349,daily_ff3,Daily FF3,XGBoost Signature
2017-03-13,-0.00754,"SMALL LoBM, ME1 BM2, ME1 BM3, ME1 BM4, SMALL HiBM",1.9847082003086527,daily_ff3,Daily FF3,XGBoost Signature
2017-03-14,0.0152399999999999,"SMALL LoBM, ME1 BM2, ME1 BM3, ME1 BM4, SMALL HiBM",2.014955153281357,daily_ff3,Daily FF3,XGBoost Signature
2017-03-15,0.00534,"SMALL LoBM, ME1 BM2, ME1 BM3, ME1 BM4, SMALL HiBM",2.0257150137998794,daily_ff3,Daily FF3,XGBoost Signature
2017-03-16,0.00456,"SMALL LoBM, ME1 BM2, ME1 BM3, ME1 BM4, ME2 BM1",2.034952274262807,daily_ff3,Daily FF3,XGBoost Signature
2017-03-17,-0.00462,"ME1 BM4, SMALL HiBM, ME2 BM5, SMALL LoBM, ME1 BM2",2.0255507947557128,daily_ff3,Daily FF3,XGBoost Signature
2017-03-20,-0.0283599999999999,"ME1 BM3, ME1 BM4, SMALL HiBM, ME2 BM3, ME2 BM4",1.968106174216441,daily_ff3,Daily FF3,XGBoost Signature
2017-03-21,-0.00418,"SMALL LoBM, ME1 BM2, ME1 BM3, ME1 BM4, SMALL HiBM",1.9598794904082164,daily_ff3,Daily FF3,XGBoost Signature
2017-03-22,0.01092,"SMALL LoBM, ME1 BM2, ME1 BM3, ME1 BM4, SMALL HiBM",1.9812813744434743,daily_ff3,Daily FF3,XGBoost Signature
2017-03-23,0.00296,"SMALL LoBM, ME1 BM2, ME2 BM1, ME1 BM3, ME1 BM4",1.987145967311827,daily_ff3,Daily FF3,XGBoost Signature
2017-03-24,0.00608,"ME1 BM2, ME1 BM3, ME1 BM4, SMALL HiBM, ME2 BM3",1.999227814793083,daily_ff3,Daily FF3,XGBoost Signature
2017-03-27,0.00404,"SMALL LoBM, ME1 BM2, ME1 BM3, ME1 BM4, SMALL HiBM",2.0073046951648474,daily_ff3,Daily FF3,XGBoost Signature
2017-03-28,0.0057,"SMALL LoBM, ME1 BM2, ME1 BM3, ME1 BM4, SMALL HiBM",2.018746331927287,daily_ff3,Daily FF3,XGBoost Signature
2017-03-29,0.00648,"ME4 BM5, BIG HiBM, SMALL LoBM, ME1 BM2, ME1 BM3",2.031827808158176,daily_ff3,Daily FF3,XGBoost Signature
2017-03-30,0.00346,"ME1 BM3, SMALL HiBM, ME2 BM2, ME2 BM3, ME2 BM5",2.038857932374404,daily_ff3,Daily FF3,XGBoost Signature
2017-03-31,-0.01246,"SMALL LoBM, ME1 BM2, ME1 BM3, ME1 BM4, SMALL HiBM",2.0134537625370186,daily_ff3,Daily FF3,XGBoost Signature
2017-04-03,-0.00284,"SMALL LoBM, ME1 BM2, ME1 BM3, ME1 BM4, SMALL HiBM",2.007735553851413,daily_ff3,Daily FF3,XGBoost Signature
2017-04-04,-0.01408,"SMALL LoBM, ME1 BM2, ME1 BM3, ME1 BM4, SMALL HiBM",1.9794666372531853,daily_ff3,Daily FF3,XGBoost Signature
2017-04-05,0.00944,"SMALL LoBM, ME1 BM2, ME1 BM3, ME1 BM4, SMALL HiBM",1.9981528023088555,daily_ff3,Daily FF3,XGBoost Signature
2017-04-06,0.001,"SMALL LoBM, ME1 BM2, ME1 BM3, ME1 BM4, SMALL HiBM",2.000150955111164,daily_ff3,Daily FF3,XGBoost Signature
2017-04-07,0.00078,"ME1 BM4, SMALL HiBM, ME2 BM4, ME2 BM5, ME3 BM3",2.0017110728561507,daily_ff3,Daily FF3,XGBoost Signature
2017-04-10,0.00654,"SMALL LoBM, ME1 BM2, ME1 BM3, ME1 BM4, SMALL HiBM",2.01480226327263,daily_ff3,Daily FF3,XGBoost Signature
2017-04-11,-0.0127,"SMALL LoBM, ME2 BM3, ME1 BM2, ME1 BM3, ME1 BM4",1.9892142745290675,daily_ff3,Daily FF3,XGBoost Signature
2017-04-12,-0.0067,"SMALL LoBM, ME1 BM2, ME1 BM3, ME1 BM4, SMALL HiBM",1.9758865388897229,daily_ff3,Daily FF3,XGBoost Signature
2017-04-13,0.01072,"SMALL LoBM, ME1 BM2, ME1 BM3, ME1 BM4, SMALL HiBM",1.9970680425866203,daily_ff3,Daily FF3,XGBoost Signature
2017-04-17,-0.00116,"SMALL LoBM, ME1 BM2, ME1 BM3, ME1 BM4, SMALL HiBM",1.99475144365722,daily_ff3,Daily FF3,XGBoost Signature
2017-04-18,0.00566,"SMALL LoBM, ME1 BM3, ME1 BM4, ME2 BM2, ME2 BM3",2.00604173682832,daily_ff3,Daily FF3,XGBoost Signature
2017-04-19,0.01266,"SMALL LoBM, ME1 BM2, ME1 BM3, ME1 BM4, SMALL HiBM",2.0314382252165664,daily_ff3,Daily FF3,XGBoost Signature
2017-04-20,-0.0021999999999999,"SMALL LoBM, ME1 BM3, ME1 BM4, SMALL HiBM, ME2 BM1",2.0269690611210898,daily_ff3,Daily FF3,XGBoost Signature
2017-04-21,0.01492,"SMALL LoBM, ME1 BM2, ME1 BM3, ME1 BM4, SMALL HiBM",2.0572114395130163,daily_ff3,Daily FF3,XGBoost Signature
2017-04-24,0.01228,"SMALL LoBM, ME1 BM2, ME1 BM3, ME1 BM4, SMALL HiBM",2.0824739959902363,daily_ff3,Daily FF3,XGBoost Signature
2017-04-25,0.01012,"SMALL LoBM, ME1 BM2, ME1 BM4, SMALL HiBM, ME2 BM1",2.103548632829657,daily_ff3,Daily FF3,XGBoost Signature
2017-04-26,-0.00332,"SMALL LoBM, ME1 BM2, ME1 BM3, ME1 BM4, SMALL HiBM",2.0965648513686626,daily_ff3,Daily FF3,XGBoost Signature
2017-04-27,-0.00902,"SMALL LoBM, ME1 BM2, ME1 BM3, ME2 BM1, ME2 BM2",2.077653836409317,daily_ff3,Daily FF3,XGBoost Signature
2017-04-28,0.00492,"SMALL LoBM, ME1 BM2, ME1 BM3, ME1 BM4, SMALL HiBM",2.0878758932844512,daily_ff3,Daily FF3,XGBoost Signature
2017-05-01,-0.00748,"SMALL LoBM, ME1 BM2, ME1 BM3, ME1 BM4, SMALL HiBM",2.0722585816026835,daily_ff3,Daily FF3,XGBoost Signature
2017-05-02,-0.0064,"SMALL LoBM, ME1 BM2, ME1 BM3, ME1 BM4, SMALL HiBM",2.058996126680426,daily_ff3,Daily FF3,XGBoost Signature
2017-05-03,-0.00356,"SMALL LoBM, ME1 BM2, ME1 BM3, ME1 BM4, SMALL HiBM",2.051666100469444,daily_ff3,Daily FF3,XGBoost Signature
2017-05-04,0.00266,"SMALL LoBM, ME1 BM2, ME1 BM3, ME1 BM4, SMALL HiBM",2.0571235322966928,daily_ff3,Daily FF3,XGBoost Signature
2017-05-05,0.0017199999999999,"SMALL LoBM, ME1 BM2, ME1 BM3, ME1 BM4, SMALL HiBM",2.060661784772243,daily_ff3,Daily FF3,XGBoost Signature
2017-05-08,0.0072399999999999,"SMALL LoBM, ME1 BM3, SMALL HiBM, ME2 BM1, ME2 BM2",2.0755809760939936,daily_ff3,Daily FF3,XGBoost Signature
2017-05-09,0.00236,"ME4 BM5, SMALL LoBM, ME1 BM2, ME1 BM3, ME1 BM4",2.080479347197575,daily_ff3,Daily FF3,XGBoost Signature
2017-05-10,-0.00572,"ME2 BM1, SMALL LoBM, ME1 BM2, ME1 BM3, ME1 BM4",2.068579005331605,daily_ff3,Daily FF3,XGBoost Signature
2017-05-11,-0.00298,"ME4 BM5, BIG HiBM, SMALL LoBM, ME1 BM2, ME1 BM3",2.062414639895717,daily_ff3,Daily FF3,XGBoost Signature
2017-05-12,0.00704,"SMALL LoBM, ME1 BM2, ME1 BM3, ME1 BM4, SMALL HiBM",2.0769340389605824,daily_ff3,Daily FF3,XGBoost Signature
2017-05-15,7.999999999999999e-05,"SMALL LoBM, ME1 BM2, ME1 BM3, ME1 BM4, SMALL HiBM",2.0771001936836995,daily_ff3,Daily FF3,XGBoost Signature
2017-05-16,-0.0283,"SMALL LoBM, ME1 BM2, ME1 BM3, ME1 BM4, SMALL HiBM",2.018318258202451,daily_ff3,Daily FF3,XGBoost Signature
2017-05-17,0.0070599999999999,"SMALL LoBM, ME1 BM2, ME1 BM3, ME1 BM4, SMALL HiBM",2.0325675851053604,daily_ff3,Daily FF3,XGBoost Signature
2017-05-18,0.00246,"SMALL LoBM, ME1 BM2, ME1 BM3, ME1 BM4, SMALL HiBM",2.0375677013647198,daily_ff3,Daily FF3,XGBoost Signature
2017-05-19,0.00708,"SMALL LoBM, ME1 BM2, ME1 BM3, ME1 BM4, SMALL HiBM",2.0519936806903813,daily_ff3,Daily FF3,XGBoost Signature
2017-05-22,0.00198,"SMALL LoBM, ME1 BM2, ME1 BM3, ME1 BM4, SMALL HiBM",2.0560566281781485,daily_ff3,Daily FF3,XGBoost Signature
2017-05-23,0.00052,"SMALL LoBM, ME1 BM2, ME1 BM3, SMALL HiBM, ME2 BM1",2.057125777624801,daily_ff3,Daily FF3,XGBoost Signature
2017-05-24,0.00072,"SMALL LoBM, ME1 BM2, ME1 BM3, ME1 BM4, SMALL HiBM",2.058606908184691,daily_ff3,Daily FF3,XGBoost Signature
2017-05-25,-0.0012,"SMALL LoBM, ME1 BM2, ME1 BM3, ME1 BM4, SMALL HiBM",2.0561365798948694,daily_ff3,Daily FF3,XGBoost Signature
2017-05-26,-0.00932,"ME3 BM5, SMALL LoBM, ME1 BM2, ME1 BM3, ME1 BM4",2.0369733869702493,daily_ff3,Daily FF3,XGBoost Signature
2017-05-30,-0.0008,"SMALL LoBM, ME1 BM2, ME1 BM3, ME1 BM4, SMALL HiBM",2.035343808260673,daily_ff3,Daily FF3,XGBoost Signature
2017-05-31,0.01958,"SMALL LoBM, ME1 BM2, ME1 BM3, ME1 BM4, SMALL HiBM",2.075195840026417,daily_ff3,Daily FF3,XGBoost Signature
2017-06-01,0.01112,"SMALL LoBM, ME1 BM2, ME1 BM3, ME1 BM4, SMALL HiBM",2.098272017767511,daily_ff3,Daily FF3,XGBoost Signature
2017-06-02,-0.007,"SMALL LoBM, ME1 BM2, ME1 BM3, ME2 BM1, ME2 BM2",2.0835841136431386,daily_ff3,Daily FF3,XGBoost Signature
2017-06-05,-0.0030399999999999,"SMALL LoBM, ME1 BM2, ME1 BM3, ME1 BM4, SMALL HiBM",2.077250017937663,daily_ff3,Daily FF3,XGBoost Signature
2017-06-06,0.00038,"SMALL LoBM, ME1 BM2, ME1 BM3, ME1 BM4, SMALL HiBM",2.07803937294448,daily_ff3,Daily FF3,XGBoost Signature
2017-06-07,0.015,"SMALL LoBM, ME1 BM2, ME1 BM3, ME1 BM4, SMALL HiBM",2.1092099635386465,daily_ff3,Daily FF3,XGBoost Signature
2017-06-08,0.00202,"SMALL LoBM, ME1 BM2, ME1 BM3, ME1 BM4, SMALL HiBM",2.1134705676649945,daily_ff3,Daily FF3,XGBoost Signature
2017-06-09,-0.0026799999999999,"SMALL LoBM, ME1 BM2, ME1 BM3, ME1 BM4, SMALL HiBM",2.107806466543652,daily_ff3,Daily FF3,XGBoost Signature
2017-06-12,0.0057599999999999,"ME1 BM4, SMALL HiBM, ME2 BM4, ME2 BM5, ME3 BM4",2.119947431790944,daily_ff3,Daily FF3,XGBoost Signature
2017-06-13,-0.00378,"SMALL LoBM, ME1 BM2, ME1 BM3, ME1 BM4, SMALL HiBM",2.111934030498774,daily_ff3,Daily FF3,XGBoost Signature
2017-06-14,-0.00414,"SMALL LoBM, ME1 BM2, ME1 BM3, ME1 BM4, SMALL HiBM",2.103190623612509,daily_ff3,Daily FF3,XGBoost Signature
2017-06-15,-0.00178,"SMALL LoBM, ME1 BM2, ME1 BM3, ME1 BM4, SMALL HiBM",2.099446944302479,daily_ff3,Daily FF3,XGBoost Signature
2017-06-16,0.01394,"SMALL LoBM, ME1 BM2, ME1 BM3, ME1 BM4, SMALL HiBM",2.128713234706056,daily_ff3,Daily FF3,XGBoost Signature
2017-06-19,-0.0053399999999999,"SMALL LoBM, ME1 BM2, ME1 BM3, ME1 BM4, SMALL HiBM",2.117345906032725,daily_ff3,Daily FF3,XGBoost Signature
2017-06-20,0.00654,"SMALL LoBM, ME1 BM2, ME2 BM2, ME3 BM1, ME1 BM3",2.1311933482581797,daily_ff3,Daily FF3,XGBoost Signature
2017-06-21,0.0076199999999999,"SMALL LoBM, ME1 BM2, ME1 BM3, ME1 BM4, SMALL HiBM",2.1474330415719067,daily_ff3,Daily FF3,XGBoost Signature
2017-06-22,0.01164,"SMALL LoBM, ME1 BM2, ME1 BM3, ME1 BM4, SMALL HiBM",2.172429162175804,daily_ff3,Daily FF3,XGBoost Signature
2017-06-23,0.00324,"ME1 BM2, SMALL LoBM, ME1 BM3, ME1 BM4, SMALL HiBM",2.179467832661253,daily_ff3,Daily FF3,XGBoost Signature
2017-06-26,-0.00958,"ME1 BM2, ME1 BM3, ME1 BM4, SMALL HiBM, ME2 BM1",2.158588530824358,daily_ff3,Daily FF3,XGBoost Signature
2017-06-27,0.01758,"SMALL LoBM, ME1 BM2, ME1 BM3, ME1 BM4, SMALL HiBM",2.1965365171962508,daily_ff3,Daily FF3,XGBoost Signature
2017-06-28,-0.0107,"SMALL LoBM, ME1 BM2, ME2 BM1, ME2 BM2, ME3 BM1",2.1730335764622506,daily_ff3,Daily FF3,XGBoost Signature
2017-06-29,-0.0007,"SMALL LoBM, ME2 BM1, ME2 BM2, ME2 BM3, ME2 BM4",2.171512452958727,daily_ff3,Daily FF3,XGBoost Signature
2017-06-30,0.0081199999999999,"SMALL LoBM, ME2 BM1, ME1 BM2, ME1 BM3, ME1 BM4",2.189145134076752,daily_ff3,Daily FF3,XGBoost Signature
2017-07-03,-0.00496,"ME3 BM5, ME4 BM2, SMALL LoBM, ME1 BM2, ME1 BM3",2.178286974211731,daily_ff3,Daily FF3,XGBoost Signature
2017-07-05,-0.01192,"ME2 BM4, SMALL LoBM, ME1 BM2, ME1 BM3, ME1 BM4",2.152321793479127,daily_ff3,Daily FF3,XGBoost Signature
2017-07-06,0.01062,"SMALL LoBM, ME1 BM2, ME1 BM3, ME1 BM4, SMALL HiBM",2.1751794509258757,daily_ff3,Daily FF3,XGBoost Signature
2017-07-07,-0.0075,"SMALL LoBM, ME1 BM2, ME1 BM3, ME1 BM4, SMALL HiBM",2.1588656050439314,daily_ff3,Daily FF3,XGBoost Signature
2017-07-10,0.00506,"SMALL LoBM, ME1 BM2, ME1 BM3, ME1 BM4, SMALL HiBM",2.169789465005454,daily_ff3,Daily FF3,XGBoost Signature
2017-07-11,0.00912,"ME2 BM1, SMALL LoBM, ME1 BM2, ME1 BM3, ME1 BM4",2.189577944926304,daily_ff3,Daily FF3,XGBoost Signature
2017-07-12,0.00074,"SMALL LoBM, ME2 BM4, ME3 BM1, ME3 BM4, ME3 BM5",2.191198232605549,daily_ff3,Daily FF3,XGBoost Signature
2017-07-13,0.00014,"SMALL LoBM, ME1 BM2, ME1 BM3, ME1 BM4, SMALL HiBM",2.191505000358114,daily_ff3,Daily FF3,XGBoost Signature
2017-07-14,0.00168,"SMALL LoBM, ME1 BM2, ME1 BM3, ME1 BM4, SMALL HiBM",2.1951867287587152,daily_ff3,Daily FF3,XGBoost Signature
2017-07-17,-0.0029399999999999,"ME2 BM1, ME2 BM3, ME2 BM4, ME2 BM5, ME3 BM2",2.1887328797761647,daily_ff3,Daily FF3,XGBoost Signature
2017-07-18,0.0062,"SMALL LoBM, ME1 BM2, ME1 BM3, ME1 BM4, SMALL HiBM",2.202303023630777,daily_ff3,Daily FF3,XGBoost Signature
2017-07-19,-0.0013999999999999,"ME2 BM4, ME3 BM5, ME4 BM5, BIG HiBM, SMALL LoBM",2.199219799397694,daily_ff3,Daily FF3,XGBoost Signature
2017-07-20,-0.00564,"SMALL LoBM, ME1 BM2, ME1 BM3, ME1 BM4, SMALL HiBM",2.186816199729091,daily_ff3,Daily FF3,XGBoost Signature
2017-07-21,-0.00176,"SMALL LoBM, ME1 BM2, ME1 BM3, ME1 BM4, SMALL HiBM",2.182967403217568,daily_ff3,Daily FF3,XGBoost Signature
2017-07-24,0.0051199999999999,"SMALL LoBM, ME1 BM2, ME1 BM3, ME1 BM4, SMALL HiBM",2.194144196322042,daily_ff3,Daily FF3,XGBoost Signature
2017-07-25,-0.0010999999999999,"SMALL LoBM, ME1 BM2, ME1 BM3, ME1 BM4, SMALL HiBM",2.191730637706088,daily_ff3,Daily FF3,XGBoost Signature
2017-07-26,-0.00502,"SMALL HiBM, ME2 BM2, ME2 BM3, ME2 BM4, ME2 BM5",2.180728149904803,daily_ff3,Daily FF3,XGBoost Signature
2017-07-27,-0.00206,"SMALL LoBM, ME1 BM2, ME1 BM3, ME1 BM4, SMALL HiBM",2.176235849915999,daily_ff3,Daily FF3,XGBoost Signature
2017-07-28,-0.0044199999999999,"ME1 BM2, SMALL LoBM, ME1 BM3, ME1 BM4, SMALL HiBM",2.1666168874593703,daily_ff3,Daily FF3,XGBoost Signature
2017-07-31,-0.00032,"SMALL LoBM, ME1 BM2, ME1 BM3, ME1 BM4, SMALL HiBM",2.165923570055383,daily_ff3,Daily FF3,XGBoost Signature
2017-08-01,-0.01142,"ME3 BM5, SMALL LoBM, ME1 BM2, ME1 BM3, ME1 BM4",2.141188722885351,daily_ff3,Daily FF3,XGBoost Signature
2017-08-02,-0.00832,"SMALL LoBM, ME1 BM2, ME1 BM3, ME1 BM4, SMALL HiBM",2.1233740327109447,daily_ff3,Daily FF3,XGBoost Signature
2017-08-03,0.00804,"SMALL LoBM, ME1 BM2, ME1 BM3, ME1 BM4, SMALL HiBM",2.140445959933941,daily_ff3,Daily FF3,XGBoost Signature
2017-08-04,-0.0004199999999999,"SMALL LoBM, ME1 BM2, ME1 BM3, ME1 BM4, SMALL HiBM",2.1395469726307685,daily_ff3,Daily FF3,XGBoost Signature
2017-08-07,-0.00304,"SMALL LoBM, ME1 BM2, ME1 BM3, ME1 BM4, SMALL HiBM",2.133042749833971,daily_ff3,Daily FF3,XGBoost Signature
2017-08-08,-0.01164,"SMALL LoBM, ME1 BM2, ME1 BM3, ME1 BM4, SMALL HiBM",2.108214132225904,daily_ff3,Daily FF3,XGBoost Signature
2017-08-09,-0.01974,"SMALL LoBM, ME1 BM2, ME1 BM3, ME1 BM4, SMALL HiBM",2.0665979852557643,daily_ff3,Daily FF3,XGBoost Signature
2017-08-10,0.0028799999999999,"SMALL LoBM, ME1 BM2, ME1 BM3, ME1 BM4, SMALL HiBM",2.0725497874533008,daily_ff3,Daily FF3,XGBoost Signature
2017-08-11,0.0151799999999999,"SMALL LoBM, ME2 BM1, ME3 BM1, ME1 BM2, ME1 BM3",2.1040110932268417,daily_ff3,Daily FF3,XGBoost Signature
2017-08-14,-0.00804,"ME2 BM1, ME2 BM2, ME3 BM1, SMALL LoBM, ME1 BM2",2.087094844037298,daily_ff3,Daily FF3,XGBoost Signature
2017-08-15,0.00086,"SMALL LoBM, ME1 BM2, ME2 BM1, ME2 BM2, ME3 BM1",2.08888974560317,daily_ff3,Daily FF3,XGBoost Signature
2017-08-16,-0.01578,"SMALL LoBM, ME2 BM1, ME2 BM2, ME3 BM1, ME3 BM2",2.055927065417552,daily_ff3,Daily FF3,XGBoost Signature
2017-08-17,-0.0013799999999999,"SMALL LoBM, ME1 BM2, ME2 BM1, ME2 BM2, ME3 BM1",2.0530898860672755,daily_ff3,Daily FF3,XGBoost Signature
2017-08-18,-0.00224,"ME1 BM2, ME3 BM2, SMALL LoBM, ME2 BM2, ME4 BM1",2.0484909647224847,daily_ff3,Daily FF3,XGBoost Signature
2017-08-21,0.01076,"SMALL LoBM, ME1 BM2, ME2 BM1, ME2 BM2, ME2 BM3",2.070532727502899,daily_ff3,Daily FF3,XGBoost Signature
2017-08-22,-0.0010599999999999,"SMALL LoBM, ME1 BM2, ME1 BM3, ME2 BM1, ME2 BM2",2.068337962811746,daily_ff3,Daily FF3,XGBoost Signature
2017-08-23,0.00702,"SMALL LoBM, ME1 BM2, ME1 BM3, ME2 BM1, ME2 BM2",2.0828576953106843,daily_ff3,Daily FF3,XGBoost Signature
2017-08-24,8.000000000000003e-05,"ME2 BM1, ME2 BM2, ME2 BM3, ME3 BM1, ME3 BM2",2.0830243239263093,daily_ff3,Daily FF3,XGBoost Signature
2017-08-25,0.00788,"SMALL LoBM, ME1 BM2, ME1 BM3, ME2 BM1, ME2 BM2",2.099438555598849,daily_ff3,Daily FF3,XGBoost Signature
2017-08-28,0.00366,"SMALL LoBM, ME1 BM2, ME1 BM3, ME2 BM1, ME2 BM2",2.1071225007123404,daily_ff3,Daily FF3,XGBoost Signature
2017-08-29,0.0065,"SMALL LoBM, ME1 BM2, ME2 BM1, ME2 BM2, ME2 BM3",2.1208187969669705,daily_ff3,Daily FF3,XGBoost Signature
2017-08-30,0.01124,"SMALL LoBM, ME1 BM2, ME2 BM1, ME2 BM2, ME2 BM3",2.144656800244879,daily_ff3,Daily FF3,XGBoost Signature
2017-08-31,0.00526,"SMALL LoBM, ME1 BM2, ME2 BM1, ME2 BM2, ME2 BM3",2.1559376950141678,daily_ff3,Daily FF3,XGBoost Signature
2017-09-01,-0.00442,"SMALL LoBM, ME1 BM2, ME2 BM1, ME2 BM2, ME3 BM1",2.146408450402205,daily_ff3,Daily FF3,XGBoost Signature
2017-09-05,0.00248,"SMALL LoBM, ME1 BM2, ME2 BM1, ME2 BM2, ME2 BM3",2.1517315433592024,daily_ff3,Daily FF3,XGBoost Signature
2017-09-06,-0.0018,"ME3 BM5, SMALL LoBM, ME1 BM2, ME2 BM1, ME2 BM2",2.147858426581156,daily_ff3,Daily FF3,XGBoost Signature
2017-09-07,-0.0013599999999999,"SMALL LoBM, ME1 BM2, ME2 BM1, ME2 BM2, ME3 BM1",2.144937339121005,daily_ff3,Daily FF3,XGBoost Signature
2017-09-08,0.00964,"ME3 BM5, SMALL LoBM, ME1 BM2, ME2 BM1, ME2 BM2",2.165614535070132,daily_ff3,Daily FF3,XGBoost Signature
2017-09-11,0.00218,"SMALL LoBM, ME1 BM2, ME2 BM1, ME2 BM2, ME3 BM1",2.170335574756585,daily_ff3,Daily FF3,XGBoost Signature
2017-09-12,0.0031,"SMALL LoBM, ME1 BM2, ME2 BM1, ME2 BM2, ME2 BM3",2.177063615038331,daily_ff3,Daily FF3,XGBoost Signature
2017-09-13,-0.00274,"ME2 BM1, ME2 BM2, ME2 BM3, ME2 BM4, ME3 BM1",2.171098460733126,daily_ff3,Daily FF3,XGBoost Signature
2017-09-14,0.004,"ME1 BM2, ME2 BM1, ME2 BM2, ME3 BM1, SMALL LoBM",2.1797828545760587,daily_ff3,Daily FF3,XGBoost Signature
2017-09-15,0.00906,"SMALL LoBM, ME1 BM2, ME2 BM1, ME2 BM2, ME3 BM1",2.199531687238518,daily_ff3,Daily FF3,XGBoost Signature
2017-09-18,-0.00218,"SMALL LoBM, ME1 BM2, ME2 BM1, ME2 BM2, ME2 BM3",2.194736708160338,daily_ff3,Daily FF3,XGBoost Signature
2017-09-19,0.0034799999999999,"SMALL LoBM, ME1 BM2, ME2 BM1, ME2 BM2, ME3 BM1",2.202374391904736,daily_ff3,Daily FF3,XGBoost Signature
2017-09-20,-0.0006599999999999,"SMALL LoBM, ME1 BM2, ME2 BM1, ME2 BM2, ME2 BM3",2.200920824806079,daily_ff3,Daily FF3,XGBoost Signature
2017-09-21,0.00148,"SMALL LoBM, ME1 BM2, ME2 BM2, ME3 BM1, ME1 BM3",2.204178187626792,daily_ff3,Daily FF3,XGBoost Signature
2017-09-22,0.00098,"SMALL LoBM, ME1 BM2, ME2 BM1, ME2 BM2, ME2 BM3",2.2063382822506656,daily_ff3,Daily FF3,XGBoost Signature
2017-09-25,0.0014,"SMALL LoBM, ME2 BM1, ME2 BM2, ME3 BM1, ME1 BM2",2.2094271558458165,daily_ff3,Daily FF3,XGBoost Signature
2017-09-26,0.0209999999999999,"SMALL LoBM, ME1 BM2, ME1 BM4, ME2 BM1, ME2 BM2",2.2558251261185784,daily_ff3,Daily FF3,XGBoost Signature
2017-09-27,0.00408,"ME1 BM2, ME1 BM4, ME2 BM1, ME2 BM2, ME2 BM3",2.2650288926331426,daily_ff3,Daily FF3,XGBoost Signature
2017-09-28,0.00248,"ME1 BM3, ME1 BM4, ME2 BM1, ME2 BM2, ME2 BM3",2.2706461642868727,daily_ff3,Daily FF3,XGBoost Signature
2017-09-29,0.01718,"SMALL LoBM, ME1 BM2, ME2 BM2, ME3 BM1, ME1 BM3",2.3096558653893213,daily_ff3,Daily FF3,XGBoost Signature
2017-10-02,0.00258,"SMALL LoBM, ME1 BM2, ME2 BM2, ME3 BM1, ME1 BM3",2.315614777522026,daily_ff3,Daily FF3,XGBoost Signature
2017-10-03,-0.00048,"SMALL LoBM, ME1 BM2, ME3 BM1, ME1 BM3, ME1 BM4",2.314503282428815,daily_ff3,Daily FF3,XGBoost Signature
2017-10-04,0.0052999999999999,"SMALL LoBM, ME1 BM2, ME1 BM3, ME1 BM4, SMALL HiBM",2.326770149825688,daily_ff3,Daily FF3,XGBoost Signature
2017-10-05,-0.0009,"ME1 BM2, SMALL LoBM, ME1 BM3, ME1 BM4, SMALL HiBM",2.324676056690845,daily_ff3,Daily FF3,XGBoost Signature
2017-10-06,-0.00686,"ME1 BM2, BIG HiBM, SMALL LoBM, ME1 BM3, ME1 BM4",2.308728778941946,daily_ff3,Daily FF3,XGBoost Signature
2017-10-09,0.0054199999999999,"ME1 BM2, SMALL LoBM, ME1 BM3, ME1 BM4, SMALL HiBM",2.3212420889238112,daily_ff3,Daily FF3,XGBoost Signature
2017-10-10,-0.00106,"ME1 BM2, SMALL LoBM, ME1 BM3, ME1 BM4, SMALL HiBM",2.318781572309552,daily_ff3,Daily FF3,XGBoost Signature
2017-10-11,-0.00416,"ME1 BM2, SMALL LoBM, ME1 BM3, ME1 BM4, SMALL HiBM",2.309135440968744,daily_ff3,Daily FF3,XGBoost Signature
2017-10-12,-0.00516,"ME1 BM2, SMALL LoBM, ME1 BM3, ME1 BM4, SMALL HiBM",2.2972203020933453,daily_ff3,Daily FF3,XGBoost Signature
2017-10-13,-0.00332,"ME1 BM2, ME2 BM2, SMALL LoBM, ME1 BM3, ME1 BM4",2.289593530690395,daily_ff3,Daily FF3,XGBoost Signature
2017-10-16,-0.00398,"ME1 BM2, ME2 BM2, SMALL LoBM, ME1 BM3, ME1 BM4",2.280480948438248,daily_ff3,Daily FF3,XGBoost Signature
2017-10-17,0.0038599999999999,"ME1 BM2, ME2 BM2, SMALL LoBM, ME1 BM3, ME1 BM4",2.289283604899219,daily_ff3,Daily FF3,XGBoost Signature
2017-10-18,-0.00312,"ME1 BM2, SMALL LoBM, ME1 BM3, ME1 BM4, SMALL HiBM",2.282141040051933,daily_ff3,Daily FF3,XGBoost Signature
2017-10-19,0.00368,"ME1 BM2, SMALL LoBM, ME1 BM3, ME1 BM4, SMALL HiBM",2.2905393190793246,daily_ff3,Daily FF3,XGBoost Signature
2017-10-20,-0.0081999999999999,"ME1 BM2, ME2 BM2, SMALL LoBM, ME1 BM3, ME1 BM4",2.271756896662874,daily_ff3,Daily FF3,XGBoost Signature
2017-10-23,-0.0009199999999999,"ME1 BM2, SMALL LoBM, ME1 BM3, ME1 BM4, SMALL HiBM",2.2696668803179443,daily_ff3,Daily FF3,XGBoost Signature
2017-10-24,-0.00442,"ME1 BM2, SMALL LoBM, ME1 BM3, ME1 BM4, SMALL HiBM",2.259634952706939,daily_ff3,Daily FF3,XGBoost Signature
2017-10-25,-0.00052,"ME1 BM2, BIG HiBM, SMALL LoBM, ME1 BM3, ME1 BM4",2.2584599425315317,daily_ff3,Daily FF3,XGBoost Signature
2017-10-26,0.00878,"SMALL LoBM, ME1 BM2, ME1 BM3, ME1 BM4, SMALL HiBM",2.278289220826958,daily_ff3,Daily FF3,XGBoost Signature
2017-10-27,-0.01262,"SMALL LoBM, ME1 BM2, ME1 BM3, ME1 BM4, SMALL HiBM",2.249537210860122,daily_ff3,Daily FF3,XGBoost Signature
2017-10-30,0.0108399999999999,"SMALL LoBM, ME1 BM2, SMALL HiBM, ME2 BM1, ME2 BM2",2.2739221942258454,daily_ff3,Daily FF3,XGBoost Signature
2017-10-31,-0.01066,"SMALL LoBM, ME1 BM2, ME1 BM3, ME1 BM4, SMALL HiBM",2.249682183635398,daily_ff3,Daily FF3,XGBoost Signature
2017-11-01,0.0021999999999999,"ME2 BM2, SMALL LoBM, ME1 BM2, ME1 BM3, ME1 BM4",2.254631484439396,daily_ff3,Daily FF3,XGBoost Signature
2017-11-02,0.0004199999999999,"SMALL LoBM, ME1 BM2, ME1 BM4, ME2 BM2, ME2 BM3",2.2555784296628607,daily_ff3,Daily FF3,XGBoost Signature
2017-11-03,0.00072,"SMALL LoBM, ME1 BM2, ME1 BM3, ME1 BM4, SMALL HiBM",2.257202446132218,daily_ff3,Daily FF3,XGBoost Signature
2017-11-06,-0.02078,"SMALL LoBM, ME3 BM1, ME1 BM2, ME1 BM3, ME1 BM4",2.2102977793015905,daily_ff3,Daily FF3,XGBoost Signature
2017-11-07,-0.00182,"ME1 BM2, ME1 BM4, SMALL HiBM, ME2 BM3, ME2 BM4",2.2062750373432616,daily_ff3,Daily FF3,XGBoost Signature
2017-11-08,0.00162,"SMALL LoBM, ME1 BM2, ME1 BM3, ME1 BM4, SMALL HiBM",2.209849202903757,daily_ff3,Daily FF3,XGBoost Signature
2017-11-09,0.00486,"SMALL LoBM, ME1 BM2, ME1 BM3, ME1 BM4, SMALL HiBM",2.22058907002987,daily_ff3,Daily FF3,XGBoost Signature
2017-11-10,-0.00094,"ME2 BM3, ME2 BM4, ME3 BM3, ME3 BM4, SMALL LoBM",2.2185017163040417,daily_ff3,Daily FF3,XGBoost Signature
2017-11-13,-0.0043399999999999,"SMALL LoBM, ME1 BM2, ME1 BM3, ME1 BM4, SMALL HiBM",2.208873418855282,daily_ff3,Daily FF3,XGBoost Signature
2017-11-14,-0.00408,"SMALL LoBM, ME1 BM2, ME1 BM3, ME1 BM4, SMALL HiBM",2.1998612153063526,daily_ff3,Daily FF3,XGBoost Signature
2017-11-15,0.01884,"SMALL LoBM, ME1 BM2, ME1 BM3, ME1 BM4, SMALL HiBM",2.241306600602724,daily_ff3,Daily FF3,XGBoost Signature
2017-11-16,0.00618,"SMALL LoBM, ME1 BM2, ME1 BM3, ME1 BM4, SMALL HiBM",2.255157875394449,daily_ff3,Daily FF3,XGBoost Signature
2017-11-17,0.00946,"SMALL LoBM, ME1 BM2, ME1 BM3, ME1 BM4, SMALL HiBM",2.276491668895681,daily_ff3,Daily FF3,XGBoost Signature
2017-11-20,0.00772,"ME2 BM5, ME4 BM5, SMALL LoBM, ME1 BM2, ME1 BM3",2.294066184579556,daily_ff3,Daily FF3,XGBoost Signature
2017-11-21,0.0015399999999999,"ME1 BM2, ME1 BM3, SMALL LoBM, ME1 BM4, SMALL HiBM",2.2975990465038083,daily_ff3,Daily FF3,XGBoost Signature
2017-11-22,0.00378,"ME1 BM2, SMALL LoBM, ME1 BM3, ME1 BM4, SMALL HiBM",2.3062839708995924,daily_ff3,Daily FF3,XGBoost Signature
2017-11-24,-0.00564,"SMALL LoBM, ME1 BM2, ME1 BM3, ME1 BM4, SMALL HiBM",2.2932765293037187,daily_ff3,Daily FF3,XGBoost Signature
2017-11-27,0.0129,"SMALL LoBM, ME1 BM2, ME3 BM1, ME1 BM3, ME1 BM4",2.3228597965317364,daily_ff3,Daily FF3,XGBoost Signature
2017-11-28,0.0033799999999999,"SMALL LoBM, ME1 BM2, ME1 BM3, ME1 BM4, SMALL HiBM",2.330711062644013,daily_ff3,Daily FF3,XGBoost Signature
2017-11-29,0.00168,"SMALL LoBM, ME1 BM2, ME1 BM3, ME1 BM4, SMALL HiBM",2.334626657229255,daily_ff3,Daily FF3,XGBoost Signature
2017-11-30,-0.00448,"BIG HiBM, SMALL LoBM, ME1 BM2, ME1 BM3, ME1 BM4",2.324167529804868,daily_ff3,Daily FF3,XGBoost Signature
2017-12-01,-0.00826,"SMALL LoBM, BIG LoBM, ME1 BM2, ME1 BM3, ME1 BM4",2.30496990600868,daily_ff3,Daily FF3,XGBoost Signature
2017-12-04,-0.00824,"ME1 BM3, ME1 BM4, SMALL LoBM, ME1 BM2, SMALL HiBM",2.285976953983168,daily_ff3,Daily FF3,XGBoost Signature
2017-12-05,-0.00642,"ME1 BM4, ME2 BM4, ME2 BM5, ME3 BM4, ME4 BM5",2.2713009819385963,daily_ff3,Daily FF3,XGBoost Signature
2017-12-06,0.00854,"ME1 BM4, SMALL LoBM, ME1 BM2, ME1 BM3, SMALL HiBM",2.290697892324352,daily_ff3,Daily FF3,XGBoost Signature
2017-12-07,-0.0008,"ME1 BM4, SMALL LoBM, ME1 BM2, ME1 BM3, SMALL HiBM",2.2888653340104925,daily_ff3,Daily FF3,XGBoost Signature
2017-12-08,-0.00212,"ME1 BM4, ME3 BM1, SMALL LoBM, ME1 BM2, ME1 BM3",2.2840129395023903,daily_ff3,Daily FF3,XGBoost Signature
2017-12-11,-0.00262,"SMALL LoBM, ME1 BM2, ME1 BM3, ME1 BM4, SMALL HiBM",2.2780288256008943,daily_ff3,Daily FF3,XGBoost Signature
2017-12-12,0.00926,"SMALL LoBM, ME1 BM2, ME1 BM3, ME1 BM4, SMALL HiBM",2.2991233725259588,daily_ff3,Daily FF3,XGBoost Signature
2017-12-13,-0.01126,"ME1 BM4, SMALL LoBM, ME1 BM2, ME1 BM3, SMALL HiBM",2.2732352433513165,daily_ff3,Daily FF3,XGBoost Signature
2017-12-14,0.01756,"ME1 BM4, SMALL LoBM, ME1 BM3, ME1 BM2, SMALL HiBM",2.3131532542245656,daily_ff3,Daily FF3,XGBoost Signature
2017-12-15,0.01194,"ME1 BM4, ME3 BM3, SMALL LoBM, ME1 BM2, ME1 BM3",2.3407723040800072,daily_ff3,Daily FF3,XGBoost Signature
2017-12-18,-0.00672,"SMALL LoBM, ME1 BM3, ME1 BM4, SMALL HiBM, ME2 BM1",2.32504231419659,daily_ff3,Daily FF3,XGBoost Signature
2017-12-19,0.0032199999999999,"ME1 BM3, SMALL HiBM, ME2 BM2, ME2 BM3, ME2 BM4",2.332528950448303,daily_ff3,Daily FF3,XGBoost Signature
2017-12-20,0.0065,"ME1 BM4, SMALL LoBM, ME1 BM2, ME1 BM3, SMALL HiBM",2.347690388626217,daily_ff3,Daily FF3,XGBoost Signature
2017-12-21,-0.0032,"SMALL LoBM, ME1 BM2, ME1 BM3, ME1 BM4, SMALL HiBM",2.3401777793826133,daily_ff3,Daily FF3,XGBoost Signature
2017-12-22,0.00308,"ME4 BM5, SMALL LoBM, ME1 BM2, ME1 BM3, ME1 BM4",2.347385526943112,daily_ff3,Daily FF3,XGBoost Signature
2017-12-26,0.0006,"SMALL LoBM, ME1 BM2, ME1 BM3, ME1 BM4, SMALL HiBM",2.3487939582592774,daily_ff3,Daily FF3,XGBoost Signature
2017-12-27,0.0037199999999999,"ME1 BM4, SMALL LoBM, ME1 BM2, ME1 BM3, ME2 BM1",2.357531471784002,daily_ff3,Daily FF3,XGBoost Signature
2017-12-28,-0.01048,"SMALL LoBM, ME1 BM2, ME1 BM3, ME1 BM4, SMALL HiBM",2.3328245419597056,daily_ff3,Daily FF3,XGBoost Signature
2017-12-29,0.01474,"SMALL LoBM, ME1 BM2, ME1 BM3, ME1 BM4, SMALL HiBM",2.367210375708192,daily_ff3,Daily FF3,XGBoost Signature
2018-01-02,0.00426,"SMALL LoBM, ME1 BM2, ME1 BM3, ME1 BM4, SMALL HiBM",2.377294691908709,daily_ff3,Daily FF3,XGBoost Signature
2018-01-03,0.00442,"SMALL LoBM, ME1 BM2, ME1 BM3, ME1 BM4, SMALL HiBM",2.387802334446945,daily_ff3,Daily FF3,XGBoost Signature
2018-01-04,0.00132,"ME1 BM4, SMALL LoBM, ME1 BM2, ME1 BM3, SMALL HiBM",2.3909542335284155,daily_ff3,Daily FF3,XGBoost Signature
2018-01-05,-0.0044199999999999,"BIG HiBM, SMALL LoBM, ME1 BM2, ME1 BM3, ME1 BM4",2.38038621581622,daily_ff3,Daily FF3,XGBoost Signature
2018-01-08,-0.0018599999999999,"SMALL LoBM, ME1 BM2, ME1 BM3, ME1 BM4, SMALL HiBM",2.375958697454802,daily_ff3,Daily FF3,XGBoost Signature
2018-01-09,0.0019199999999999,"ME1 BM2, SMALL LoBM, ME1 BM3, ME1 BM4, SMALL HiBM",2.3805205381539154,daily_ff3,Daily FF3,XGBoost Signature
2018-01-10,0.01762,"ME1 BM2, SMALL LoBM, ME1 BM3, ME1 BM4, SMALL HiBM",2.4224653100361877,daily_ff3,Daily FF3,XGBoost Signature
2018-01-11,0.00442,"ME1 BM2, BIG HiBM, SMALL LoBM, ME1 BM3, ME1 BM4",2.433172606706548,daily_ff3,Daily FF3,XGBoost Signature
2018-01-12,-0.01714,"SMALL LoBM, ME1 BM2, ME1 BM4, ME2 BM4, ME1 BM3",2.3914680282275973,daily_ff3,Daily FF3,XGBoost Signature
2018-01-16,0.00852,"SMALL LoBM, ME1 BM2, ME1 BM4, ME2 BM4, BIG HiBM",2.4118433358280966,daily_ff3,Daily FF3,XGBoost Signature
2018-01-17,-0.00652,"SMALL LoBM, ME1 BM3, ME1 BM4, ME2 BM4, ME1 BM2",2.3961181172784976,daily_ff3,Daily FF3,XGBoost Signature
2018-01-18,0.0143,"SMALL LoBM, ME1 BM2, ME1 BM4, ME2 BM4, ME2 BM1",2.43038260635558,daily_ff3,Daily FF3,XGBoost Signature
2018-01-19,0.00268,"ME1 BM2, ME1 BM3, ME1 BM4, ME2 BM4, ME3 BM3",2.436896031740613,daily_ff3,Daily FF3,XGBoost Signature
2018-01-22,0.00414,"SMALL LoBM, ME1 BM2, ME1 BM4, ME2 BM4, ME3 BM3",2.44698478131202,daily_ff3,Daily FF3,XGBoost Signature
2018-01-23,-0.0066599999999999,"SMALL LoBM, ME1 BM3, ME1 BM4, ME2 BM3, ME2 BM4",2.4306878626684814,daily_ff3,Daily FF3,XGBoost Signature
2018-01-24,0.00264,"SMALL LoBM, ME1 BM3, ME1 BM4, ME2 BM4, ME3 BM2",2.437104878625926,daily_ff3,Daily FF3,XGBoost Signature
2018-01-25,0.00312,"SMALL LoBM, ME1 BM4, ME2 BM4, ME3 BM2, ME1 BM2",2.4447086458472387,daily_ff3,Daily FF3,XGBoost Signature
2018-01-26,-0.00664,"SMALL LoBM, ME1 BM4, ME2 BM1, ME2 BM4, ME1 BM2",2.428475780438813,daily_ff3,Daily FF3,XGBoost Signature
2018-01-29,-0.00908,"ME1 BM2, ME1 BM4, SMALL LoBM, ME2 BM1, ME3 BM1",2.4064252203524283,daily_ff3,Daily FF3,XGBoost Signature
2018-01-30,-0.00998,"SMALL LoBM, ME1 BM4, ME2 BM4, ME1 BM2, ME1 BM3",2.382409096653311,daily_ff3,Daily FF3,XGBoost Signature
2018-01-31,0.0013999999999999,"SMALL LoBM, SMALL HiBM, ME2 BM1, ME2 BM3, ME2 BM4",2.385744469388626,daily_ff3,Daily FF3,XGBoost Signature
2018-02-01,-0.02034,"ME2 BM4, SMALL LoBM, ME1 BM2, ME1 BM4, ME2 BM1",2.337218426881261,daily_ff3,Daily FF3,XGBoost Signature
2018-02-02,-0.03212,"SMALL LoBM, ME1 BM2, ME1 BM4, ME2 BM1, ME2 BM4",2.262146971009835,daily_ff3,Daily FF3,XGBoost Signature
2018-02-05,0.0115,"SMALL LoBM, ME1 BM2, ME1 BM3, ME1 BM4, SMALL HiBM",2.2881616611764484,daily_ff3,Daily FF3,XGBoost Signature
2018-02-06,0.00142,"ME1 BM3, SMALL HiBM, ME2 BM1, ME2 BM2, ME3 BM2",2.291410850735319,daily_ff3,Daily FF3,XGBoost Signature
2018-02-07,-0.0295599999999999,"SMALL LoBM, ME1 BM3, ME1 BM4, ME2 BM1, ME1 BM2",2.223676745987583,daily_ff3,Daily FF3,XGBoost Signature
2018-02-08,0.00872,"SMALL LoBM, ME1 BM3, ME2 BM1, ME1 BM2, ME1 BM4",2.243067207212595,daily_ff3,Daily FF3,XGBoost Signature
2018-02-09,0.01178,"ME4 BM5, BIG LoBM, ME5 BM2, SMALL LoBM, ME1 BM2",2.26949053891356,daily_ff3,Daily FF3,XGBoost Signature
2018-02-12,0.00278,"ME2 BM1, BIG LoBM, ME5 BM2, ME1 BM4, ME5 BM4",2.275799722611739,daily_ff3,Daily FF3,XGBoost Signature
2018-02-13,0.01774,"ME1 BM4, ME2 BM1, BIG LoBM, ME5 BM2, ME4 BM5",2.316172409690872,daily_ff3,Daily FF3,XGBoost Signature
2018-02-14,0.01304,"BIG LoBM, ME5 BM2, SMALL LoBM, ME1 BM2, ME1 BM3",2.34637529791324,daily_ff3,Daily FF3,XGBoost Signature
2018-02-15,-0.00034,"BIG LoBM, ME5 BM2, SMALL LoBM, ME1 BM2, ME1 BM3",2.345577530311949,daily_ff3,Daily FF3,XGBoost Signature
2018-02-16,-0.00746,"ME4 BM5, ME5 BM2, BIG LoBM, ME1 BM2, ME1 BM3",2.3280795219358223,daily_ff3,Daily FF3,XGBoost Signature
2018-02-20,-0.0028,"ME4 BM5, BIG LoBM, ME5 BM2, ME2 BM1, ME2 BM2",2.321560899274402,daily_ff3,Daily FF3,XGBoost Signature
2018-02-21,-0.00046,"ME4 BM5, BIG LoBM, ME5 BM2, SMALL LoBM, ME1 BM2",2.320492981260736,daily_ff3,Daily FF3,XGBoost Signature
2018-02-22,0.01408,"ME4 BM5, ME5 BM2, ME1 BM4, ME2 BM1, ME1 BM2",2.353165522436887,daily_ff3,Daily FF3,XGBoost Signature
2018-02-23,0.00894,"ME4 BM5, ME5 BM2, ME2 BM1, BIG LoBM, SMALL LoBM",2.3742028222074723,daily_ff3,Daily FF3,XGBoost Signature
2018-02-26,-0.0138799999999999,"ME5 BM2, ME2 BM1, ME4 BM5, BIG LoBM, SMALL LoBM",2.3412488870352326,daily_ff3,Daily FF3,XGBoost Signature
2018-02-27,-0.0141199999999999,"ME4 BM5, ME5 BM2, ME2 BM1, ME1 BM2, ME1 BM3",2.308190452750295,daily_ff3,Daily FF3,XGBoost Signature
2018-02-28,-0.0060799999999999,"ME4 BM5, ME5 BM2, SMALL LoBM, ME2 BM1, ME1 BM2",2.2941566547975736,daily_ff3,Daily FF3,XGBoost Signature
2018-03-01,0.0177,"ME4 BM5, ME5 BM2, ME2 BM1, SMALL LoBM, ME1 BM2",2.3347632275874908,daily_ff3,Daily FF3,XGBoost Signature
2018-03-02,0.00942,"ME4 BM5, ME5 BM2, ME1 BM4, ME2 BM1, ME2 BM4",2.356756697191365,daily_ff3,Daily FF3,XGBoost Signature
2018-03-05,0.00946,"ME1 BM2, ME1 BM3, ME2 BM4, ME2 BM5, ME3 BM3",2.379051615546796,daily_ff3,Daily FF3,XGBoost Signature
2018-03-06,0.0053,"SMALL HiBM, ME2 BM4, ME3 BM1, ME3 BM2, ME3 BM3",2.3916605891091938,daily_ff3,Daily FF3,XGBoost Signature
2018-03-07,-0.0015799999999999,"SMALL HiBM, ME2 BM4, ME2 BM5, ME3 BM3, SMALL LoBM",2.387881765378401,daily_ff3,Daily FF3,XGBoost Signature
2018-03-08,0.01724,"ME1 BM3, SMALL HiBM, ME2 BM4, ME2 BM5, SMALL LoBM",2.4290488470135245,daily_ff3,Daily FF3,XGBoost Signature
2018-03-09,0.00448,"ME1 BM3, SMALL HiBM, ME2 BM4, ME2 BM5, SMALL LoBM",2.4399309858481453,daily_ff3,Daily FF3,XGBoost Signature
2018-03-12,-0.00694,"ME1 BM3, SMALL HiBM, ME2 BM5, ME3 BM1, SMALL LoBM",2.4229978648063595,daily_ff3,Daily FF3,XGBoost Signature
2018-03-13,-0.0064,"ME1 BM3, SMALL HiBM, SMALL LoBM, ME1 BM2, ME1 BM4",2.407490678471599,daily_ff3,Daily FF3,XGBoost Signature
2018-03-14,-0.0086,"ME1 BM3, ME1 BM4, SMALL LoBM, ME1 BM2, ME2 BM1",2.386786258636743,daily_ff3,Daily FF3,XGBoost Signature
2018-03-15,0.00754,"ME1 BM3, SMALL HiBM, ME3 BM1, SMALL LoBM, ME1 BM2",2.404782627026864,daily_ff3,Daily FF3,XGBoost Signature
2018-03-16,-0.0093,"SMALL LoBM, ME1 BM2, ME1 BM3, SMALL HiBM, ME3 BM1",2.3824181485955145,daily_ff3,Daily FF3,XGBoost Signature
2018-03-19,0.0002999999999999,"SMALL LoBM, ME1 BM2, ME1 BM3, SMALL HiBM, ME3 BM1",2.383132874040093,daily_ff3,Daily FF3,XGBoost Signature
2018-03-20,0.0096,"SMALL LoBM, ME1 BM2, ME1 BM3, ME1 BM4, SMALL HiBM",2.406010949630878,daily_ff3,Daily FF3,XGBoost Signature
2018-03-21,-0.01934,"SMALL LoBM, ME1 BM2, ME1 BM4, ME3 BM1, ME2 BM1",2.359478697865017,daily_ff3,Daily FF3,XGBoost Signature
2018-03-22,-0.0198199999999999,"SMALL LoBM, ME1 BM2, ME1 BM3, ME1 BM4, ME3 BM1",2.3127138300733328,daily_ff3,Daily FF3,XGBoost Signature
2018-03-23,0.02642,"ME5 BM2, ME2 BM1, ME3 BM1, ME4 BM5, BIG LoBM",2.3738157294638698,daily_ff3,Daily FF3,XGBoost Signature
2018-03-26,-0.0201,"BIG HiBM, ME5 BM2, ME2 BM1, ME4 BM5, BIG LoBM",2.326102033301646,daily_ff3,Daily FF3,XGBoost Signature
2018-03-27,-0.006,"ME5 BM2, ME4 BM5, BIG LoBM, SMALL LoBM, ME1 BM2",2.312145421101836,daily_ff3,Daily FF3,XGBoost Signature
2018-03-28,0.0148799999999999,"ME5 BM2, ME2 BM1, ME3 BM1, ME4 BM5, BIG LoBM",2.346550144967832,daily_ff3,Daily FF3,XGBoost Signature
2018-03-29,-0.02404,"ME5 BM2, ME1 BM4, ME2 BM1, ME3 BM1, ME4 BM5",2.290139079482805,daily_ff3,Daily FF3,XGBoost Signature
2018-04-02,0.0118599999999999,"ME5 BM2, ME2 BM1, ME3 BM1, ME4 BM5, BIG LoBM",2.317300128965471,daily_ff3,Daily FF3,XGBoost Signature
2018-04-03,0.0152,"ME3 BM1, ME5 BM2, ME1 BM4, ME2 BM1, BIG LoBM",2.352523090925746,daily_ff3,Daily FF3,XGBoost Signature
2018-04-04,0.00726,"ME1 BM4, ME2 BM1, ME3 BM1, ME4 BM5, BIG LoBM",2.369602408565868,daily_ff3,Daily FF3,XGBoost Signature
2018-04-05,-0.0210799999999999,"ME5 BM2, ME2 BM1, ME4 BM5, BIG LoBM, SMALL LoBM",2.319651189793299,daily_ff3,Daily FF3,XGBoost Signature
2018-04-06,0.0021,"ME5 BM2, ME2 BM1, ME4 BM5, BIG LoBM, ME2 BM5",2.324522457291865,daily_ff3,Daily FF3,XGBoost Signature
2018-04-09,0.01918,"ME5 BM2, ME2 BM1, ME3 BM1, BIG LoBM, ME1 BM4",2.369106798022723,daily_ff3,Daily FF3,XGBoost Signature
2018-04-10,-0.0001599999999999,"ME3 BM1, ME5 BM2, ME2 BM1, BIG LoBM, SMALL LoBM",2.36872774093504,daily_ff3,Daily FF3,XGBoost Signature
2018-04-11,0.0087999999999999,"ME3 BM1, ME5 BM2, SMALL LoBM, BIG LoBM, ME1 BM2",2.3895725450552674,daily_ff3,Daily FF3,XGBoost Signature
2018-04-12,-0.0046,"ME3 BM1, ME5 BM2, BIG LoBM, SMALL LoBM, ME1 BM2",2.378580511348013,daily_ff3,Daily FF3,XGBoost Signature
2018-04-13,0.00712,"ME3 BM1, ME5 BM2, BIG LoBM, SMALL LoBM, ME1 BM2",2.395516004588811,daily_ff3,Daily FF3,XGBoost Signature
2018-04-16,0.01604,"ME3 BM1, ME5 BM2, BIG LoBM, SMALL LoBM, ME1 BM2",2.433940081302416,daily_ff3,Daily FF3,XGBoost Signature
2018-04-17,0.00294,"ME3 BM1, ME5 BM2, BIG LoBM, SMALL LoBM, ME1 BM2",2.4410958651414445,daily_ff3,Daily FF3,XGBoost Signature
2018-04-18,-0.00738,"ME3 BM1, ME5 BM2, BIG LoBM, SMALL LoBM, ME1 BM2",2.4230805776567004,daily_ff3,Daily FF3,XGBoost Signature
2018-04-19,-0.00856,"ME3 BM1, ME5 BM2, BIG LoBM, SMALL LoBM, ME1 BM2",2.402339007911959,daily_ff3,Daily FF3,XGBoost Signature
2018-04-20,-0.00252,"ME3 BM1, ME5 BM2, BIG LoBM, BIG HiBM, SMALL LoBM",2.396285113612021,daily_ff3,Daily FF3,XGBoost Signature
2018-04-23,-0.01342,"ME3 BM1, ME5 BM2, BIG LoBM, SMALL LoBM, ME1 BM2",2.364126967387348,daily_ff3,Daily FF3,XGBoost Signature
2018-04-24,0.00112,"ME3 BM1, ME5 BM2, BIG LoBM, ME4 BM3, ME5 BM3",2.366774789590821,daily_ff3,Daily FF3,XGBoost Signature
2018-04-25,0.01046,"ME3 BM1, ME5 BM2, BIG LoBM, SMALL LoBM, ME1 BM2",2.391531253889941,daily_ff3,Daily FF3,XGBoost Signature
2018-04-26,-0.00138,"ME3 BM1, ME5 BM2, BIG LoBM, SMALL LoBM, ME1 BM2",2.388230940759573,daily_ff3,Daily FF3,XGBoost Signature
2018-04-27,-0.0084599999999999,"ME3 BM1, ME5 BM2, BIG LoBM, SMALL LoBM, ME1 BM2",2.368026507000747,daily_ff3,Daily FF3,XGBoost Signature
2018-04-30,0.0039799999999999,"ME3 BM1, ME5 BM2, BIG LoBM, ME3 BM5, SMALL LoBM",2.3774512524986102,daily_ff3,Daily FF3,XGBoost Signature
2018-05-01,0.0032799999999999,"ME3 BM1, ME5 BM2, ME1 BM2, ME1 BM3, ME1 BM4",2.3852492926068054,daily_ff3,Daily FF3,XGBoost Signature
2018-05-02,-0.00612,"ME3 BM1, ME5 BM2, ME1 BM3, ME1 BM4, ME2 BM1",2.3706515669360515,daily_ff3,Daily FF3,XGBoost Signature
2018-05-03,0.0161399999999999,"ME3 BM1, ME5 BM2, ME3 BM4, SMALL LoBM, ME1 BM2",2.4089138832264,daily_ff3,Daily FF3,XGBoost Signature
2018-05-04,0.00674,"ME3 BM1, ME5 BM2, SMALL LoBM, ME1 BM2, ME1 BM3",2.4251499627993454,daily_ff3,Daily FF3,XGBoost Signature
2018-05-07,0.0036199999999999,"ME3 BM1, ME3 BM4, ME5 BM2, BIG HiBM, SMALL LoBM",2.433929005664679,daily_ff3,Daily FF3,XGBoost Signature
2018-05-08,0.0077,"ME3 BM1, ME5 BM2, ME1 BM3, ME1 BM4, ME2 BM1",2.452670259008297,daily_ff3,Daily FF3,XGBoost Signature
2018-05-09,0.00412,"ME3 BM1, ME2 BM1, ME2 BM2, ME2 BM3, ME3 BM2",2.4627752604754107,daily_ff3,Daily FF3,XGBoost Signature
2018-05-10,0.00548,"ME3 BM1, SMALL LoBM, ME5 BM2, ME1 BM2, BIG HiBM",2.476271268902816,daily_ff3,Daily FF3,XGBoost Signature
2018-05-11,-0.00196,"ME3 BM1, ME5 BM2, ME1 BM2, ME1 BM3, ME1 BM4",2.471417777215766,daily_ff3,Daily FF3,XGBoost Signature
2018-05-14,-0.0001599999999999,"ME3 BM1, SMALL LoBM, ME5 BM2, ME1 BM2, ME2 BM2",2.4710223503714115,daily_ff3,Daily FF3,XGBoost Signature
2018-05-15,0.01122,"ME3 BM1, SMALL LoBM, ME1 BM2, ME1 BM3, ME1 BM4",2.4987472211425787,daily_ff3,Daily FF3,XGBoost Signature
2018-05-16,0.00736,"ME3 BM1, SMALL LoBM, ME1 BM2, ME1 BM3, ME1 BM4",2.517138000690188,daily_ff3,Daily FF3,XGBoost Signature
2018-05-17,0.00084,"ME3 BM1, SMALL LoBM, ME1 BM2, ME1 BM3, ME1 BM4",2.519252396610768,daily_ff3,Daily FF3,XGBoost Signature
2018-05-18,0.00146,"ME3 BM1, SMALL LoBM, ME1 BM2, ME1 BM3, ME1 BM4",2.5229305051098194,daily_ff3,Daily FF3,XGBoost Signature
2018-05-21,-0.0085199999999999,"ME3 BM1, ME2 BM1, ME2 BM2, ME4 BM3, ME4 BM4",2.501435137206284,daily_ff3,Daily FF3,XGBoost Signature
2018-05-22,0.0019999999999999,"ME3 BM1, ME1 BM3, ME3 BM2, ME3 BM3, ME3 BM4",2.5064380074806967,daily_ff3,Daily FF3,XGBoost Signature
2018-05-23,0.00142,"ME2 BM1, ME2 BM5, ME3 BM2, ME3 BM1, SMALL LoBM",2.509997149451319,daily_ff3,Daily FF3,XGBoost Signature
2018-05-24,-0.0001,"ME3 BM1, SMALL LoBM, ME1 BM2, ME1 BM3, ME1 BM4",2.509746149736374,daily_ff3,Daily FF3,XGBoost Signature
2018-05-25,-0.00114,"ME3 BM1, SMALL LoBM, ME1 BM2, ME1 BM3, ME1 BM4",2.5068850391256747,daily_ff3,Daily FF3,XGBoost Signature
2018-05-29,0.01278,"ME3 BM1, SMALL LoBM, ME1 BM2, ME1 BM3, ME1 BM4",2.538923029925701,daily_ff3,Daily FF3,XGBoost Signature
2018-05-30,0.00288,"ME3 BM1, SMALL LoBM, ME1 BM2, ME1 BM3, ME1 BM4",2.546235128251887,daily_ff3,Daily FF3,XGBoost Signature
2018-05-31,0.0100399999999999,"ME3 BM1, SMALL LoBM, ME1 BM3, ME1 BM4, SMALL HiBM",2.571799328939536,daily_ff3,Daily FF3,XGBoost Signature
2018-06-01,-0.0017,"ME3 BM1, SMALL LoBM, ME1 BM2, ME1 BM3, ME1 BM4",2.567427270080339,daily_ff3,Daily FF3,XGBoost Signature
2018-06-04,0.00264,"ME3 BM1, ME4 BM1, BIG LoBM, ME5 BM2, ME5 BM3",2.574205278073351,daily_ff3,Daily FF3,XGBoost Signature
2018-06-05,0.00742,"ME3 BM1, SMALL LoBM, ME1 BM2, ME1 BM3, ME1 BM4",2.593305881236655,daily_ff3,Daily FF3,XGBoost Signature
2018-06-06,-0.0106,"ME3 BM1, SMALL LoBM, ME1 BM2, ME2 BM1, ME1 BM3",2.5658168388955467,daily_ff3,Daily FF3,XGBoost Signature
2018-06-07,0.0035399999999999,"ME3 BM1, SMALL LoBM, ME1 BM2, ME1 BM3, ME1 BM4",2.5748998305052373,daily_ff3,Daily FF3,XGBoost Signature
2018-06-08,0.0002199999999999,"ME3 BM1, BIG LoBM, SMALL LoBM, ME1 BM2, ME1 BM3",2.575466308467949,daily_ff3,Daily FF3,XGBoost Signature
2018-06-11,0.006,"ME3 BM1, SMALL LoBM, ME1 BM2, ME1 BM3, ME1 BM4",2.5909191063187564,daily_ff3,Daily FF3,XGBoost Signature
2018-06-12,0.0014599999999999,"ME3 BM1, ME2 BM5, SMALL LoBM, ME1 BM2, ME1 BM3",2.594701848213982,daily_ff3,Daily FF3,XGBoost Signature
2018-06-13,0.00364,"ME3 BM1, SMALL LoBM, ME1 BM2, ME1 BM3, ME1 BM4",2.604146562941481,daily_ff3,Daily FF3,XGBoost Signature
2018-06-14,0.0024,"ME3 BM1, SMALL LoBM, ME1 BM2, ME1 BM3, ME1 BM4",2.6103965146925403,daily_ff3,Daily FF3,XGBoost Signature
2018-06-15,0.00908,"ME3 BM1, ME1 BM3, ME2 BM2, SMALL LoBM, ME1 BM2",2.6340989150459486,daily_ff3,Daily FF3,XGBoost Signature
2018-06-18,-0.00052,"ME3 BM1, ME2 BM3, ME2 BM4, ME2 BM5, ME3 BM3",2.6327291836101248,daily_ff3,Daily FF3,XGBoost Signature
2018-06-19,0.00648,"ME3 BM1, ME5 BM3, BIG HiBM, SMALL LoBM, ME1 BM2",2.6497892687199185,daily_ff3,Daily FF3,XGBoost Signature
2018-06-20,-0.01462,"ME1 BM3, ME2 BM3, ME3 BM4, SMALL LoBM, ME3 BM1",2.6110493496112333,daily_ff3,Daily FF3,XGBoost Signature
2018-06-21,0.0036,"ME3 BM1, SMALL LoBM, ME1 BM2, ME1 BM3, ME1 BM4",2.620449127269834,daily_ff3,Daily FF3,XGBoost Signature
2018-06-22,-0.01772,"SMALL LoBM, ME1 BM2, ME3 BM1, ME1 BM3, ME1 BM4",2.574014768734613,daily_ff3,Daily FF3,XGBoost Signature
2018-06-25,0.0068,"ME3 BM1, ME5 BM3, ME1 BM2, ME1 BM3, SMALL HiBM",2.591518069162008,daily_ff3,Daily FF3,XGBoost Signature
2018-06-26,-0.0229,"ME3 BM1, SMALL LoBM, ME1 BM2, ME1 BM3, ME1 BM4",2.532172305378198,daily_ff3,Daily FF3,XGBoost Signature
2018-06-27,0.00558,"ME3 BM1, SMALL LoBM, ME1 BM2, SMALL HiBM, ME2 BM1",2.546301826842208,daily_ff3,Daily FF3,XGBoost Signature
2018-06-28,0.00028,"ME3 BM1, SMALL LoBM, ME1 BM2, ME1 BM3, ME1 BM4",2.547014791353724,daily_ff3,Daily FF3,XGBoost Signature
2018-06-29,0.00468,"ME3 BM1, ME2 BM2, ME3 BM3, ME3 BM5, ME4 BM1",2.55893482057726,daily_ff3,Daily FF3,XGBoost Signature
2018-07-02,0.00232,"ME3 BM1, BIG HiBM, SMALL LoBM, ME1 BM2, ME1 BM3",2.564871549360999,daily_ff3,Daily FF3,XGBoost Signature
2018-07-03,0.01114,"ME3 BM1, SMALL LoBM, ME1 BM2, ME1 BM3, ME1 BM4",2.5934442184208804,daily_ff3,Daily FF3,XGBoost Signature
2018-07-05,0.0079599999999999,"ME3 BM1, SMALL LoBM, ME1 BM2, ME1 BM3, ME1 BM4",2.6140880343995105,daily_ff3,Daily FF3,XGBoost Signature
2018-07-06,0.00798,"ME3 BM1, ME1 BM2, ME2 BM2, ME2 BM4, ME2 BM5",2.6349484569140187,daily_ff3,Daily FF3,XGBoost Signature
2018-07-09,-0.00612,"ME2 BM2, ME3 BM1, ME1 BM2, ME1 BM3, ME2 BM4",2.618822572357705,daily_ff3,Daily FF3,XGBoost Signature
2018-07-10,-0.00838,"ME2 BM2, ME3 BM1, ME4 BM5, SMALL LoBM, ME1 BM2",2.5968768392013475,daily_ff3,Daily FF3,XGBoost Signature
2018-07-11,0.0087,"ME2 BM2, ME3 BM1, ME5 BM3, SMALL LoBM, ME1 BM2",2.619469667702399,daily_ff3,Daily FF3,XGBoost Signature
2018-07-12,-0.00184,"SMALL LoBM, ME2 BM1, ME2 BM2, ME3 BM1, ME1 BM2",2.614649843513827,daily_ff3,Daily FF3,XGBoost Signature
2018-07-13,-0.0087,"SMALL LoBM, ME2 BM1, ME2 BM2, ME3 BM1, ME1 BM2",2.591902389875256,daily_ff3,Daily FF3,XGBoost Signature
2018-07-16,0.00868,"SMALL LoBM, ME2 BM1, ME2 BM2, ME3 BM1, ME1 BM2",2.6144001026193737,daily_ff3,Daily FF3,XGBoost Signature
2018-07-17,0.00034,"SMALL LoBM, ME1 BM2, ME2 BM1, ME2 BM2, ME3 BM1",2.615288998654264,daily_ff3,Daily FF3,XGBoost Signature
2018-07-18,0.00568,"SMALL LoBM, ME2 BM1, ME2 BM2, ME3 BM1, ME1 BM2",2.63014384016662,daily_ff3,Daily FF3,XGBoost Signature
2018-07-19,-0.00266,"SMALL LoBM, ME2 BM1, ME2 BM2, ME3 BM1, ME1 BM2",2.623147657551777,daily_ff3,Daily FF3,XGBoost Signature
2018-07-20,0.00066,"SMALL LoBM, ME2 BM1, ME2 BM2, ME3 BM1, ME1 BM2",2.624878935005761,daily_ff3,Daily FF3,XGBoost Signature
2018-07-23,-0.01048,"SMALL LoBM, ME2 BM1, ME2 BM2, ME3 BM1, BIG LoBM",2.597370203766901,daily_ff3,Daily FF3,XGBoost Signature
2018-07-24,0.00566,"SMALL LoBM, ME2 BM1, ME2 BM2, ME3 BM1, ME1 BM2",2.6120713191202216,daily_ff3,Daily FF3,XGBoost Signature
2018-07-25,0.0037599999999999,"SMALL LoBM, ME1 BM2, ME2 BM1, ME2 BM2, ME4 BM1",2.621892707280113,daily_ff3,Daily FF3,XGBoost Signature
2018-07-26,-0.02154,"ME3 BM1, BIG LoBM, SMALL LoBM, ME1 BM2, ME1 BM3",2.5654171383653,daily_ff3,Daily FF3,XGBoost Signature
2018-07-27,-0.0095599999999999,"BIG LoBM, ME3 BM1, SMALL LoBM, ME1 BM3, SMALL HiBM",2.5408917505225275,daily_ff3,Daily FF3,XGBoost Signature
2018-07-30,0.01474,"SMALL LoBM, ME1 BM2, ME1 BM3, ME2 BM1, ME2 BM2",2.5783444949252297,daily_ff3,Daily FF3,XGBoost Signature
2018-07-31,-0.0004999999999999,"SMALL LoBM, ME1 BM2, ME3 BM1, ME3 BM5, ME4 BM4",2.5770553226777677,daily_ff3,Daily FF3,XGBoost Signature
2018-08-01,0.0098399999999999,"SMALL LoBM, ME1 BM2, ME2 BM1, ME2 BM2, ME3 BM1",2.6024135470529166,daily_ff3,Daily FF3,XGBoost Signature
2018-08-02,-0.0090199999999999,"SMALL LoBM, ME1 BM2, ME2 BM1, ME2 BM2, ME3 BM1",2.5789397768584994,daily_ff3,Daily FF3,XGBoost Signature
2018-08-03,0.00896,"SMALL LoBM, ME1 BM2, ME2 BM1, ME2 BM2, BIG LoBM",2.602047077259152,daily_ff3,Daily FF3,XGBoost Signature
2018-08-06,0.00578,"SMALL LoBM, ME2 BM1, ME2 BM2, ME3 BM1, BIG LoBM",2.617086909365709,daily_ff3,Daily FF3,XGBoost Signature
2018-08-07,-0.00342,"SMALL LoBM, ME1 BM2, ME2 BM1, ME2 BM2, ME3 BM1",2.6081364721356786,daily_ff3,Daily FF3,XGBoost Signature
2018-08-08,0.00296,"SMALL LoBM, ME1 BM2, ME2 BM1, ME2 BM2, BIG LoBM",2.6158565560932003,daily_ff3,Daily FF3,XGBoost Signature
2018-08-09,-0.00162,"SMALL LoBM, ME1 BM2, ME2 BM1, ME2 BM2, BIG LoBM",2.6116188684723296,daily_ff3,Daily FF3,XGBoost Signature
2018-08-10,-0.00736,"SMALL LoBM, ME1 BM2, ME2 BM1, ME2 BM2, ME3 BM1",2.592397353600373,daily_ff3,Daily FF3,XGBoost Signature
2018-08-13,0.00728,"SMALL LoBM, ME1 BM2, ME2 BM1, ME2 BM2, ME3 BM1",2.611270006334584,daily_ff3,Daily FF3,XGBoost Signature
2018-08-14,-0.01474,"SMALL LoBM, ME1 BM2, ME2 BM1, ME3 BM1, BIG LoBM",2.572779886441212,daily_ff3,Daily FF3,XGBoost Signature
2018-08-15,0.0081999999999999,"ME1 BM2, ME2 BM1, ME3 BM1, BIG LoBM, ME1 BM4",2.59387668151003,daily_ff3,Daily FF3,XGBoost Signature
2018-08-16,0.00334,"ME2 BM1, ME2 BM5, SMALL LoBM, BIG LoBM, ME1 BM2",2.6025402296262734,daily_ff3,Daily FF3,XGBoost Signature
2018-08-17,0.00308,"SMALL LoBM, ME3 BM4, ME5 BM4, ME1 BM2, ME1 BM3",2.6105560535335224,daily_ff3,Daily FF3,XGBoost Signature
2018-08-20,0.01064,"SMALL LoBM, ME1 BM2, ME1 BM3, ME1 BM4, SMALL HiBM",2.638332369943119,daily_ff3,Daily FF3,XGBoost Signature
2018-08-21,0.0049999999999999,"SMALL LoBM, BIG LoBM, ME1 BM2, ME1 BM3, ME1 BM4",2.6515240317928344,daily_ff3,Daily FF3,XGBoost Signature
2018-08-22,-0.00184,"BIG HiBM, BIG LoBM, ME2 BM1, SMALL LoBM, ME1 BM2",2.646645227574336,daily_ff3,Daily FF3,XGBoost Signature
2018-08-23,0.00614,"BIG LoBM, SMALL LoBM, ME1 BM2, ME1 BM4, SMALL HiBM",2.662895629271642,daily_ff3,Daily FF3,XGBoost Signature
2018-08-24,-0.00162,"SMALL LoBM, ME1 BM2, ME1 BM3, ME1 BM4, SMALL HiBM",2.6585817383522223,daily_ff3,Daily FF3,XGBoost Signature
2018-08-27,0.00076,"SMALL LoBM, BIG LoBM, ME1 BM2, ME1 BM3, ME1 BM4",2.6606022604733703,daily_ff3,Daily FF3,XGBoost Signature
2018-08-28,0.00732,"SMALL LoBM, BIG LoBM, ME2 BM1, ME4 BM1, BIG HiBM",2.6800778690200358,daily_ff3,Daily FF3,XGBoost Signature
2018-08-29,0.0019599999999999,"SMALL LoBM, BIG LoBM, ME1 BM2, ME1 BM3, ME1 BM4",2.6853308216433143,daily_ff3,Daily FF3,XGBoost Signature
2018-08-30,0.00388,"BIG LoBM, SMALL LoBM, ME2 BM1, ME4 BM5, ME5 BM3",2.6957499052312905,daily_ff3,Daily FF3,XGBoost Signature
2018-08-31,-0.00426,"SMALL LoBM, ME1 BM2, ME1 BM3, ME1 BM4, SMALL HiBM",2.684266010635005,daily_ff3,Daily FF3,XGBoost Signature
2018-09-04,-0.0035399999999999,"ME1 BM2, ME3 BM1, SMALL LoBM, ME1 BM3, ME1 BM4",2.674763708957357,daily_ff3,Daily FF3,XGBoost Signature
2018-09-05,-0.01066,"SMALL LoBM, ME1 BM2, ME1 BM3, ME1 BM4, SMALL HiBM",2.6462507278198717,daily_ff3,Daily FF3,XGBoost Signature
2018-09-06,5.999999999999994e-05,"SMALL LoBM, ME1 BM2, ME1 BM3, ME1 BM4, SMALL HiBM",2.6464095028635404,daily_ff3,Daily FF3,XGBoost Signature
2018-09-07,0.00094,"SMALL LoBM, ME1 BM2, ME1 BM3, ME1 BM4, SMALL HiBM",2.648897127796232,daily_ff3,Daily FF3,XGBoost Signature
2018-09-10,-0.00182,"ME2 BM2, SMALL LoBM, ME1 BM2, ME1 BM3, ME1 BM4",2.644076135023643,daily_ff3,Daily FF3,XGBoost Signature
2018-09-11,-0.0047,"SMALL LoBM, ME1 BM2, ME1 BM3, ME1 BM4, SMALL HiBM",2.631648977189032,daily_ff3,Daily FF3,XGBoost Signature
2018-09-12,-0.0016,"ME2 BM2, SMALL LoBM, ME1 BM2, ME1 BM3, ME1 BM4",2.627438338825529,daily_ff3,Daily FF3,XGBoost Signature
2018-09-13,0.0016,"SMALL LoBM, ME1 BM2, ME1 BM3, ME1 BM4, SMALL HiBM",2.63164224016765,daily_ff3,Daily FF3,XGBoost Signature
2018-09-14,-0.0081,"ME1 BM2, SMALL LoBM, ME1 BM3, ME1 BM4, SMALL HiBM",2.6103259380222923,daily_ff3,Daily FF3,XGBoost Signature
2018-09-17,0.00798,"BIG LoBM, SMALL LoBM, ME1 BM2, ME1 BM3, ME1 BM4",2.6311563390077106,daily_ff3,Daily FF3,XGBoost Signature
2018-09-18,-0.00358,"BIG LoBM, SMALL LoBM, ME1 BM2, ME1 BM3, ME1 BM4",2.621736799314063,daily_ff3,Daily FF3,XGBoost Signature
2018-09-19,0.0112799999999999,"SMALL LoBM, ME1 BM2, ME1 BM3, ME1 BM4, SMALL HiBM",2.651309990410325,daily_ff3,Daily FF3,XGBoost Signature
2018-09-20,-0.0034199999999999,"ME3 BM5, ME4 BM5, BIG HiBM, SMALL LoBM, ME1 BM2",2.642242510243122,daily_ff3,Daily FF3,XGBoost Signature
2018-09-21,-0.00286,"SMALL LoBM, ME1 BM2, ME1 BM3, ME1 BM4, SMALL HiBM",2.634685696663827,daily_ff3,Daily FF3,XGBoost Signature
2018-09-24,0.00176,"SMALL LoBM, ME1 BM2, ME1 BM3, ME1 BM4, SMALL HiBM",2.639322743489955,daily_ff3,Daily FF3,XGBoost Signature
2018-09-25,-0.00664,"SMALL LoBM, ME1 BM2, ME1 BM3, ME1 BM4, SMALL HiBM",2.621797640473181,daily_ff3,Daily FF3,XGBoost Signature
2018-09-26,0.00022,"SMALL LoBM, ME1 BM2, ME2 BM1, ME1 BM3, ME1 BM4",2.622374435954086,daily_ff3,Daily FF3,XGBoost Signature
2018-09-27,0.00438,"SMALL LoBM, ME1 BM2, ME1 BM3, ME1 BM4, SMALL HiBM",2.633860435983565,daily_ff3,Daily FF3,XGBoost Signature
2018-09-28,-0.0111599999999999,"SMALL LoBM, ME1 BM2, ME2 BM2, BIG LoBM, ME1 BM3",2.6044665535179887,daily_ff3,Daily FF3,XGBoost Signature
2018-10-01,-0.0142,"SMALL LoBM, ME1 BM2, ME1 BM3, ME2 BM4, ME3 BM1",2.5674831284580333,daily_ff3,Daily FF3,XGBoost Signature
2018-10-02,0.00956,"ME3 BM5, ME4 BM5, ME5 BM4, BIG HiBM, SMALL LoBM",2.592028267166092,daily_ff3,Daily FF3,XGBoost Signature
2018-10-03,-0.01376,"SMALL LoBM, ME1 BM2, ME1 BM3, ME1 BM4, SMALL HiBM",2.5563619582098864,daily_ff3,Daily FF3,XGBoost Signature
2018-10-04,-0.0113599999999999,"SMALL LoBM, ME1 BM2, ME1 BM3, ME1 BM4, SMALL HiBM",2.527321686364622,daily_ff3,Daily FF3,XGBoost Signature
2018-10-05,-0.00378,"SMALL LoBM, ME1 BM2, ME1 BM3, ME1 BM4, SMALL HiBM",2.517768410390164,daily_ff3,Daily FF3,XGBoost Signature
2018-10-08,-0.0026399999999999,"SMALL LoBM, ME1 BM2, ME1 BM3, ME1 BM4, SMALL HiBM",2.511121501786734,daily_ff3,Daily FF3,XGBoost Signature
2018-10-09,-0.0271399999999999,"BIG HiBM, SMALL LoBM, ME1 BM2, ME1 BM3, ME1 BM4",2.4429696642282424,daily_ff3,Daily FF3,XGBoost Signature
2018-10-10,-0.0145,"SMALL LoBM, ME1 BM2, ME1 BM3, ME1 BM4, SMALL HiBM",2.407546604096933,daily_ff3,Daily FF3,XGBoost Signature
2018-10-11,0.01024,"SMALL LoBM, ME1 BM2, ME2 BM1, ME3 BM1, ME3 BM2",2.4321998813228856,daily_ff3,Daily FF3,XGBoost Signature
2018-10-12,-0.0026,"BIG LoBM, SMALL LoBM, ME2 BM1, ME4 BM5, ME5 BM4",2.425876161631446,daily_ff3,Daily FF3,XGBoost Signature
2018-10-15,0.03212,"SMALL LoBM, ME2 BM1, BIG LoBM, ME4 BM1, ME5 BM2",2.503795303943048,daily_ff3,Daily FF3,XGBoost Signature
2018-10-16,-0.00428,"BIG LoBM, ME2 BM1, ME3 BM5, SMALL LoBM, ME1 BM2",2.4930790600421715,daily_ff3,Daily FF3,XGBoost Signature
2018-10-17,-0.0181199999999999,"ME1 BM2, ME3 BM2, ME4 BM1, ME4 BM2, BIG LoBM",2.447904467474207,daily_ff3,Daily FF3,XGBoost Signature
2018-10-18,-0.01446,"ME3 BM1, ME4 BM1, BIG LoBM, SMALL LoBM, ME2 BM1",2.41250776887453,daily_ff3,Daily FF3,XGBoost Signature
2018-10-19,-0.0008799999999999,"BIG LoBM, ME1 BM2, ME1 BM3, ME2 BM2, ME3 BM2",2.4103847620379204,daily_ff3,Daily FF3,XGBoost Signature
2018-10-22,-0.00746,"ME1 BM2, ME1 BM3, ME2 BM2, ME3 BM2, ME4 BM1",2.392403291713117,daily_ff3,Daily FF3,XGBoost Signature
2018-10-23,-0.038,"SMALL LoBM, ME4 BM1, ME2 BM1, ME4 BM2, BIG LoBM",2.301491966628019,daily_ff3,Daily FF3,XGBoost Signature
2018-10-24,0.01986,"SMALL LoBM, ME4 BM1, ME4 BM2, BIG LoBM, ME5 BM2",2.3471995970852517,daily_ff3,Daily FF3,XGBoost Signature
2018-10-25,-0.01434,"SMALL LoBM, ME2 BM1, ME4 BM1, BIG LoBM, ME3 BM1",2.3135407548630487,daily_ff3,Daily FF3,XGBoost Signature
2018-10-26,-0.01224,"ME3 BM1, SMALL LoBM, ME2 BM1, BIG LoBM, ME5 BM2",2.285223016023525,daily_ff3,Daily FF3,XGBoost Signature
2018-10-29,0.0183,"BIG LoBM, ME4 BM2, SMALL LoBM, ME1 BM2, ME1 BM3",2.327042597216755,daily_ff3,Daily FF3,XGBoost Signature
2018-10-30,0.01162,"ME3 BM1, ME4 BM2, ME3 BM4, ME5 BM4, SMALL LoBM",2.354082832196414,daily_ff3,Daily FF3,XGBoost Signature
2018-10-31,0.02412,"ME4 BM1, ME4 BM2, SMALL LoBM, ME1 BM2, ME1 BM3",2.410863310108992,daily_ff3,Daily FF3,XGBoost Signature
2018-11-01,-0.0008799999999999,"ME4 BM2, ME1 BM3, ME3 BM2, ME4 BM1, SMALL LoBM",2.4087417503960955,daily_ff3,Daily FF3,XGBoost Signature
2018-11-02,-0.0031399999999999,"ME4 BM2, ME5 BM3, SMALL LoBM, ME1 BM2, ME1 BM3",2.4011783012998515,daily_ff3,Daily FF3,XGBoost Signature
2018-11-05,0.0062399999999999,"ME4 BM2, ME5 BM3, ME1 BM2, SMALL LoBM, ME1 BM3",2.416161653899963,daily_ff3,Daily FF3,XGBoost Signature
2018-11-06,0.0154399999999999,"ME4 BM2, ME5 BM3, SMALL LoBM, ME1 BM2, ME1 BM3",2.453467189836178,daily_ff3,Daily FF3,XGBoost Signature
2018-11-07,-0.0023,"ME4 BM2, ME5 BM3, ME1 BM2, ME1 BM4, ME2 BM1",2.447824215299555,daily_ff3,Daily FF3,XGBoost Signature
2018-11-08,-0.01082,"ME4 BM2, ME4 BM4, ME5 BM3, ME4 BM1, BIG LoBM",2.4213387572900134,daily_ff3,Daily FF3,XGBoost Signature
2018-11-09,-0.01922,"ME4 BM2, ME5 BM3, ME1 BM4, BIG HiBM, SMALL LoBM",2.374800626374899,daily_ff3,Daily FF3,XGBoost Signature
2018-11-12,-0.00432,"ME4 BM2, ME4 BM4, ME5 BM3, SMALL LoBM, ME1 BM2",2.3645414876689594,daily_ff3,Daily FF3,XGBoost Signature
2018-11-13,-0.00698,"ME4 BM2, ME3 BM2, ME4 BM1, ME4 BM3, ME4 BM4",2.3480369880850303,daily_ff3,Daily FF3,XGBoost Signature
2018-11-14,0.01676,"ME4 BM2, ME3 BM2, ME4 BM1, ME5 BM3, ME2 BM1",2.387390088005336,daily_ff3,Daily FF3,XGBoost Signature
2018-11-15,0.00276,"ME4 BM2, ME3 BM2, ME4 BM1, ME5 BM3, SMALL LoBM",2.3939792846482306,daily_ff3,Daily FF3,XGBoost Signature
2018-11-16,-0.02234,"ME4 BM2, ME3 BM2, ME4 BM1, ME5 BM3, SMALL LoBM",2.340497787429189,daily_ff3,Daily FF3,XGBoost Signature
2018-11-19,-0.01602,"ME4 BM2, ME3 BM2, ME4 BM1, ME5 BM3, SMALL LoBM",2.3030030128745733,daily_ff3,Daily FF3,XGBoost Signature
2018-11-20,0.013,"ME2 BM1, ME4 BM2, ME3 BM2, ME4 BM1, ME5 BM3",2.3329420520419424,daily_ff3,Daily FF3,XGBoost Signature
2018-11-21,-0.00068,"ME4 BM4, ME3 BM2, ME4 BM1, ME4 BM2, ME3 BM1",2.331355651446554,daily_ff3,Daily FF3,XGBoost Signature
2018-11-23,0.015,"SMALL LoBM, ME2 BM1, ME4 BM3, ME3 BM1, ME3 BM2",2.366325986218252,daily_ff3,Daily FF3,XGBoost Signature
2018-11-26,-0.00938,"ME3 BM2, ME4 BM1, ME4 BM2, SMALL LoBM, ME3 BM1",2.344129848467525,daily_ff3,Daily FF3,XGBoost Signature
2018-11-27,0.02862,"ME3 BM1, ME3 BM2, ME4 BM1, ME4 BM2, SMALL LoBM",2.4112188447306657,daily_ff3,Daily FF3,XGBoost Signature
2018-11-28,-0.0024,"SMALL LoBM, ME2 BM1, ME3 BM1, ME3 BM2, ME4 BM1",2.4054319195033123,daily_ff3,Daily FF3,XGBoost Signature
2018-11-29,0.0059,"ME3 BM2, ME4 BM1, ME4 BM2, SMALL LoBM, ME3 BM1",2.419623967828382,daily_ff3,Daily FF3,XGBoost Signature
2018-11-30,0.01254,"ME3 BM2, ME4 BM1, ME4 BM2, SMALL LoBM, ME3 BM1",2.44996605238495,daily_ff3,Daily FF3,XGBoost Signature
2018-12-03,-0.03934,"ME3 BM2, ME4 BM1, ME4 BM2, SMALL LoBM, ME3 BM1",2.353584387884126,daily_ff3,Daily FF3,XGBoost Signature
2018-12-04,-0.00304,"ME3 BM2, ME4 BM1, ME4 BM2, SMALL LoBM, ME3 BM1",2.346429491344958,daily_ff3,Daily FF3,XGBoost Signature
2018-12-06,-0.02614,"ME3 BM2, ME4 BM1, ME4 BM2, BIG LoBM, SMALL LoBM",2.285093824441201,daily_ff3,Daily FF3,XGBoost Signature
2018-12-07,0.0006599999999999,"SMALL LoBM, ME3 BM3, BIG LoBM, ME3 BM2, ME4 BM1",2.286601986365332,daily_ff3,Daily FF3,XGBoost Signature
2018-12-10,-0.00422,"ME3 BM2, ME4 BM1, ME4 BM2, SMALL LoBM, ME1 BM2",2.2769525259828707,daily_ff3,Daily FF3,XGBoost Signature
2018-12-11,0.0094799999999999,"SMALL LoBM, BIG LoBM, ME3 BM2, ME4 BM1, ME4 BM2",2.2985380359291883,daily_ff3,Daily FF3,XGBoost Signature
2018-12-12,-0.01204,"SMALL LoBM, BIG LoBM, ME3 BM2, ME4 BM1, ME4 BM2",2.2708636379766007,daily_ff3,Daily FF3,XGBoost Signature
2018-12-13,-0.01678,"ME3 BM3, BIG LoBM, ME3 BM2, ME4 BM1, ME4 BM2",2.232758546131353,daily_ff3,Daily FF3,XGBoost Signature
2018-12-14,-0.0238999999999999,"SMALL LoBM, ME3 BM3, BIG LoBM, ME3 BM2, ME4 BM1",2.1793956168788142,daily_ff3,Daily FF3,XGBoost Signature
2018-12-17,-0.0019199999999999,"ME1 BM4, ME2 BM2, ME2 BM4, BIG LoBM, SMALL LoBM",2.1752111772944067,daily_ff3,Daily FF3,XGBoost Signature
2018-12-18,-0.01738,"SMALL LoBM, ME1 BM3, ME2 BM1, ME3 BM1, BIG LoBM",2.13740600703303,daily_ff3,Daily FF3,XGBoost Signature
2018-12-19,-0.023,"SMALL LoBM, ME1 BM3, ME2 BM1, ME2 BM2, ME3 BM1",2.0882456688712705,daily_ff3,Daily FF3,XGBoost Signature
2018-12-20,-0.02976,"SMALL LoBM, ME1 BM3, ME2 BM1, ME2 BM2, ME3 BM1",2.0260994777656616,daily_ff3,Daily FF3,XGBoost Signature
2018-12-21,-0.01592,"ME2 BM1, ME3 BM1, ME1 BM3, ME2 BM4, ME3 BM3",1.993843974079632,daily_ff3,Daily FF3,XGBoost Signature
2018-12-24,0.0527199999999999,"ME2 BM1, ME3 BM1, ME3 BM3, SMALL LoBM, BIG LoBM",2.09895942839311,daily_ff3,Daily FF3,XGBoost Signature
2018-12-26,0.00254,"ME5 BM4, BIG LoBM, ME1 BM4, ME2 BM3, ME2 BM5",2.1042907853412287,daily_ff3,Daily FF3,XGBoost Signature
2018-12-27,0.012,"BIG LoBM, SMALL LoBM, ME1 BM2, ME1 BM3, ME1 BM4",2.129542274765324,daily_ff3,Daily FF3,XGBoost Signature
2018-12-28,0.0084599999999999,"SMALL HiBM, SMALL LoBM, ME1 BM2, ME1 BM3, ME1 BM4",2.1475582024098383,daily_ff3,Daily FF3,XGBoost Signature
2018-12-31,0.0197199999999999,"SMALL HiBM, ME3 BM3, SMALL LoBM, ME1 BM2, ME1 BM3",2.1899080501613604,daily_ff3,Daily FF3,XGBoost Signature
2019-01-02,-0.01566,"SMALL HiBM, SMALL LoBM, ME1 BM2, ME1 BM3, ME1 BM4",2.1556140900958334,daily_ff3,Daily FF3,XGBoost Signature
2019-01-03,0.03932,"SMALL LoBM, ME1 BM2, ME1 BM3, ME1 BM4, ME2 BM1",2.240372836118401,daily_ff3,Daily FF3,XGBoost Signature
2019-01-04,0.02206,"ME1 BM2, ME1 BM4, SMALL LoBM, ME2 BM1, ME2 BM2",2.289795460883173,daily_ff3,Daily FF3,XGBoost Signature
2019-01-07,0.01182,"ME4 BM3, ME4 BM4, BIG LoBM, SMALL LoBM, ME1 BM2",2.316860843230812,daily_ff3,Daily FF3,XGBoost Signature
2019-01-08,0.0087599999999999,"ME5 BM2, ME1 BM4, ME2 BM3, ME3 BM3, ME4 BM2",2.337156544217514,daily_ff3,Daily FF3,XGBoost Signature
2019-01-09,0.0063,"ME1 BM2, ME2 BM2, ME3 BM5, ME4 BM1, ME4 BM2",2.351880630446084,daily_ff3,Daily FF3,XGBoost Signature
2019-01-10,0.0024,"ME1 BM3, SMALL HiBM, ME4 BM1, ME4 BM3, SMALL LoBM",2.3575251439591547,daily_ff3,Daily FF3,XGBoost Signature
2019-01-11,-0.00892,"ME1 BM3, SMALL HiBM, ME4 BM1, ME4 BM5, SMALL LoBM",2.336496019675039,daily_ff3,Daily FF3,XGBoost Signature
2019-01-14,0.00948,"ME1 BM2, ME2 BM2, ME3 BM4, ME4 BM1, ME4 BM2",2.3586460019415583,daily_ff3,Daily FF3,XGBoost Signature
2019-01-15,0.00548,"ME3 BM4, ME3 BM5, ME4 BM1, ME4 BM2, ME4 BM4",2.3715713820321978,daily_ff3,Daily FF3,XGBoost Signature
2019-01-16,0.00922,"ME3 BM4, ME3 BM5, ME4 BM2, ME4 BM4, SMALL LoBM",2.393437270174535,daily_ff3,Daily FF3,XGBoost Signature
2019-01-17,0.0118,"ME1 BM2, ME2 BM2, ME3 BM3, ME3 BM4, ME3 BM5",2.4216798299625943,daily_ff3,Daily FF3,XGBoost Signature
2019-01-18,-0.01696,"ME1 BM2, ME3 BM4, ME3 BM5, ME4 BM1, ME4 BM2",2.3806081400464287,daily_ff3,Daily FF3,XGBoost Signature
2019-01-22,-0.00332,"ME1 BM2, ME3 BM4, ME3 BM5, ME4 BM1, ME4 BM2",2.3727045210214746,daily_ff3,Daily FF3,XGBoost Signature
2019-01-23,0.00784,"ME2 BM2, ME3 BM3, ME3 BM4, ME4 BM1, ME4 BM2",2.391306524466283,daily_ff3,Daily FF3,XGBoost Signature
2019-01-24,0.01314,"ME1 BM2, ME2 BM2, ME3 BM1, ME3 BM3, ME3 BM4",2.4227282921977698,daily_ff3,Daily FF3,XGBoost Signature
2019-01-25,-0.0064399999999999,"BIG LoBM, ME2 BM2, ME3 BM3, ME3 BM4, ME3 BM5",2.407125921996016,daily_ff3,Daily FF3,XGBoost Signature
2019-01-28,-0.00126,"ME1 BM3, ME3 BM3, ME3 BM4, ME3 BM5, ME4 BM1",2.404092943334301,daily_ff3,Daily FF3,XGBoost Signature
2019-01-29,0.0109,"ME3 BM3, ME3 BM5, ME4 BM1, ME4 BM2, ME4 BM5",2.4302975564166447,daily_ff3,Daily FF3,XGBoost Signature
2019-01-30,0.00826,"ME4 BM1, ME4 BM5, SMALL LoBM, ME1 BM2, ME1 BM4",2.450371814232646,daily_ff3,Daily FF3,XGBoost Signature
2019-01-31,0.00088,"SMALL LoBM, ME1 BM2, ME1 BM4, ME2 BM1, ME2 BM2",2.45252814142917,daily_ff3,Daily FF3,XGBoost Signature
2019-02-01,0.00856,"ME1 BM3, ME3 BM3, ME3 BM5, ME4 BM1, ME4 BM2",2.473521782319804,daily_ff3,Daily FF3,XGBoost Signature
2019-02-04,0.00302,"ME1 BM3, ME3 BM3, ME3 BM5, ME4 BM1, ME4 BM2",2.4809918181024098,daily_ff3,Daily FF3,XGBoost Signature
2019-02-05,-0.00058,"ME1 BM3, ME3 BM3, ME3 BM5, ME4 BM1, ME4 BM2",2.47955284284791,daily_ff3,Daily FF3,XGBoost Signature
2019-02-06,-0.00798,"SMALL HiBM, ME3 BM3, ME3 BM5, ME4 BM1, ME4 BM2",2.459766011161984,daily_ff3,Daily FF3,XGBoost Signature
2019-02-07,0.00174,"ME1 BM3, SMALL HiBM, ME3 BM3, ME4 BM1, SMALL LoBM",2.464046004021406,daily_ff3,Daily FF3,XGBoost Signature
2019-02-08,0.00658,"SMALL HiBM, BIG HiBM, ME1 BM3, ME4 BM1, SMALL LoBM",2.480259426727867,daily_ff3,Daily FF3,XGBoost Signature
2019-02-11,0.01386,"ME3 BM5, ME4 BM1, ME1 BM3, SMALL LoBM, ME1 BM2",2.5146358223823158,daily_ff3,Daily FF3,XGBoost Signature
2019-02-12,0.00538,"ME1 BM3, ME4 BM1, SMALL LoBM, ME1 BM2, ME1 BM4",2.528164563106732,daily_ff3,Daily FF3,XGBoost Signature
2019-02-13,0.0008799999999999,"ME3 BM5, ME4 BM1, SMALL LoBM, ME1 BM2, ME1 BM3",2.530389347922266,daily_ff3,Daily FF3,XGBoost Signature
2019-02-14,0.0153,"ME1 BM3, ME3 BM5, ME4 BM1, SMALL LoBM, ME1 BM2",2.569104304945477,daily_ff3,Daily FF3,XGBoost Signature
2019-02-15,0.00556,"ME1 BM3, ME4 BM1, SMALL LoBM, ME1 BM2, ME1 BM4",2.583388524880974,daily_ff3,Daily FF3,XGBoost Signature
2019-02-19,0.00508,"SMALL LoBM, ME1 BM2, ME1 BM4, ME2 BM1, ME2 BM2",2.5965121385873693,daily_ff3,Daily FF3,XGBoost Signature
2019-02-20,-0.00394,"ME3 BM5, ME4 BM1, BIG LoBM, SMALL LoBM, ME1 BM2",2.586281880761335,daily_ff3,Daily FF3,XGBoost Signature
2019-02-21,0.0086,"ME3 BM5, BIG LoBM, SMALL LoBM, ME1 BM2, ME1 BM4",2.608523904935882,daily_ff3,Daily FF3,XGBoost Signature
2019-02-22,-0.00096,"ME3 BM5, BIG LoBM, SMALL LoBM, ME1 BM2, ME1 BM4",2.606019721987144,daily_ff3,Daily FF3,XGBoost Signature
2019-02-25,-0.00452,"ME1 BM3, ME3 BM5, BIG LoBM, SMALL LoBM, ME1 BM2",2.594240512843762,daily_ff3,Daily FF3,XGBoost Signature
2019-02-26,0.0016,"ME3 BM5, BIG LoBM, SMALL LoBM, ME1 BM2, ME1 BM4",2.598391297664312,daily_ff3,Daily FF3,XGBoost Signature
2019-02-27,-0.0048,"ME1 BM3, ME3 BM5, BIG LoBM, SMALL LoBM, ME1 BM2",2.585919019435523,daily_ff3,Daily FF3,XGBoost Signature
2019-02-28,0.01002,"ME1 BM3, ME3 BM5, BIG LoBM, SMALL LoBM, ME1 BM2",2.6118299280102666,daily_ff3,Daily FF3,XGBoost Signature
2019-03-01,-0.00546,"ME1 BM3, ME3 BM5, BIG LoBM, SMALL LoBM, ME1 BM2",2.5975693366033306,daily_ff3,Daily FF3,XGBoost Signature
2019-03-04,-0.00448,"ME1 BM3, SMALL HiBM, BIG LoBM, SMALL LoBM, ME1 BM2",2.5859322259753474,daily_ff3,Daily FF3,XGBoost Signature
2019-03-05,-0.01744,"ME3 BM5, ME4 BM1, BIG LoBM, SMALL LoBM, ME1 BM2",2.540833567954337,daily_ff3,Daily FF3,XGBoost Signature
2019-03-06,-0.00678,"SMALL HiBM, BIG LoBM, SMALL LoBM, ME1 BM2, ME1 BM4",2.523606716363607,daily_ff3,Daily FF3,XGBoost Signature
2019-03-07,-0.00248,"ME1 BM3, ME4 BM5, BIG LoBM, SMALL LoBM, ME1 BM2",2.517348171707025,daily_ff3,Daily FF3,XGBoost Signature
2019-03-08,0.01592,"BIG HiBM, SMALL HiBM, ME4 BM5, SMALL LoBM, ME1 BM2",2.557424354600601,daily_ff3,Daily FF3,XGBoost Signature
2019-03-11,0.0015599999999999,"SMALL HiBM, ME4 BM5, SMALL LoBM, ME1 BM2, ME1 BM4",2.561413936593778,daily_ff3,Daily FF3,XGBoost Signature
2019-03-12,0.0027999999999999,"ME1 BM3, SMALL HiBM, ME4 BM5, SMALL LoBM, ME1 BM2",2.5685858956162404,daily_ff3,Daily FF3,XGBoost Signature
2019-03-13,-0.0015,"ME1 BM3, SMALL HiBM, ME3 BM4, ME4 BM5, SMALL LoBM",2.5647330167728164,daily_ff3,Daily FF3,XGBoost Signature
2019-03-14,0.00662,"BIG LoBM, SMALL LoBM, ME1 BM2, ME1 BM4, ME2 BM1",2.5817115493438525,daily_ff3,Daily FF3,XGBoost Signature
2019-03-15,0.00694,"SMALL LoBM, ME1 BM2, ME1 BM4, ME2 BM1, ME2 BM2",2.5996286274962985,daily_ff3,Daily FF3,XGBoost Signature
2019-03-18,-0.00354,"ME4 BM5, SMALL LoBM, ME1 BM2, ME1 BM4, ME2 BM1",2.590425942154962,daily_ff3,Daily FF3,XGBoost Signature
2019-03-19,-0.00592,"ME3 BM5, SMALL LoBM, ME1 BM2, ME1 BM4, ME2 BM1",2.5750906205774045,daily_ff3,Daily FF3,XGBoost Signature
2019-03-20,0.0076,"ME4 BM5, SMALL LoBM, ME1 BM2, ME1 BM4, ME2 BM1",2.5946613092937927,daily_ff3,Daily FF3,XGBoost Signature
2019-03-21,-0.03796,"ME4 BM5, SMALL LoBM, ME1 BM2, ME1 BM4, ME2 BM1",2.4961679659930005,daily_ff3,Daily FF3,XGBoost Signature
2019-03-22,0.00138,"ME5 BM4, BIG HiBM, ME1 BM2, ME2 BM4, ME3 BM5",2.4996126777860708,daily_ff3,Daily FF3,XGBoost Signature
2019-03-25,0.00766,"ME5 BM2, ME3 BM2, ME4 BM1, ME4 BM2, ME4 BM3",2.5187597108979123,daily_ff3,Daily FF3,XGBoost Signature
2019-03-26,-0.0053999999999999,"SMALL LoBM, ME1 BM4, ME2 BM1, ME2 BM2, ME2 BM3",2.505158408459064,daily_ff3,Daily FF3,XGBoost Signature
2019-03-27,0.00814,"SMALL LoBM, ME1 BM4, ME2 BM1, ME2 BM2, ME2 BM3",2.5255503979039204,daily_ff3,Daily FF3,XGBoost Signature
2019-03-28,0.00424,"SMALL LoBM, ME1 BM4, ME2 BM1, ME2 BM2, ME2 BM3",2.536258731591033,daily_ff3,Daily FF3,XGBoost Signature
2019-03-29,0.01114,"ME1 BM4, ME2 BM1, ME2 BM2, ME2 BM3, ME2 BM5",2.564512653860957,daily_ff3,Daily FF3,XGBoost Signature
2019-04-01,0.0002399999999999,"ME2 BM1, ME2 BM2, ME3 BM4, BIG HiBM, SMALL LoBM",2.565128136897884,daily_ff3,Daily FF3,XGBoost Signature
2019-04-02,0.00566,"SMALL LoBM, ME1 BM2, ME1 BM3, ME2 BM3, ME2 BM4",2.5796467621527257,daily_ff3,Daily FF3,XGBoost Signature
2019-04-03,0.0041,"SMALL HiBM, ME2 BM3, ME2 BM5, ME3 BM1, SMALL LoBM",2.590223313877552,daily_ff3,Daily FF3,XGBoost Signature
2019-04-04,0.0113,"SMALL HiBM, ME2 BM3, ME2 BM5, ME3 BM1, SMALL LoBM",2.6194928373243687,daily_ff3,Daily FF3,XGBoost Signature
2019-04-05,-0.00234,"SMALL HiBM, ME2 BM3, ME2 BM5, ME3 BM1, SMALL LoBM",2.6133632240850297,daily_ff3,Daily FF3,XGBoost Signature
2019-04-08,-0.01174,"SMALL HiBM, ME2 BM3, ME2 BM5, ME3 BM1, SMALL LoBM",2.5826823398342715,daily_ff3,Daily FF3,XGBoost Signature
2019-04-09,0.01468,"SMALL HiBM, ME2 BM3, ME2 BM5, ME3 BM1, SMALL LoBM",2.6205961165830387,daily_ff3,Daily FF3,XGBoost Signature
2019-04-10,-0.0009999999999999,"SMALL HiBM, ME2 BM3, ME2 BM4, ME2 BM5, ME3 BM1",2.617975520466456,daily_ff3,Daily FF3,XGBoost Signature
2019-04-11,0.00208,"SMALL HiBM, ME2 BM4, ME3 BM2, ME3 BM3, SMALL LoBM",2.623420909549026,daily_ff3,Daily FF3,XGBoost Signature
2019-04-12,-0.00402,"SMALL HiBM, ME2 BM4, ME3 BM1, ME3 BM2, ME3 BM4",2.612874757492639,daily_ff3,Daily FF3,XGBoost Signature
2019-04-15,0.00306,"SMALL HiBM, ME2 BM4, ME3 BM1, ME3 BM2, SMALL LoBM",2.6208701542505666,daily_ff3,Daily FF3,XGBoost Signature
2019-04-16,-0.00732,"SMALL HiBM, ME2 BM4, ME2 BM5, ME3 BM1, ME3 BM2",2.6016853847214523,daily_ff3,Daily FF3,XGBoost Signature
2019-04-17,-0.0009999999999999,"ME3 BM2, SMALL HiBM, ME2 BM3, ME2 BM5, SMALL LoBM",2.599083699336731,daily_ff3,Daily FF3,XGBoost Signature
2019-04-18,-0.0048,"SMALL HiBM, ME2 BM4, ME2 BM5, ME3 BM2, ME3 BM3",2.586608097579915,daily_ff3,Daily FF3,XGBoost Signature
2019-04-22,0.01318,"SMALL HiBM, ME2 BM4, ME2 BM5, ME3 BM2, ME3 BM3",2.620699592306018,daily_ff3,Daily FF3,XGBoost Signature
2019-04-23,0.00052,"SMALL HiBM, ME2 BM3, ME2 BM4, ME2 BM5, ME3 BM2",2.622062356094017,daily_ff3,Daily FF3,XGBoost Signature
2019-04-24,-0.0106799999999999,"SMALL HiBM, ME2 BM3, ME2 BM4, ME2 BM5, ME3 BM2",2.594058730130933,daily_ff3,Daily FF3,XGBoost Signature
2019-04-25,0.00958,"SMALL HiBM, ME2 BM3, ME2 BM4, ME2 BM5, ME3 BM2",2.618909812765588,daily_ff3,Daily FF3,XGBoost Signature
2019-04-26,0.00526,"ME1 BM3, ME1 BM4, ME2 BM5, ME3 BM1, SMALL LoBM",2.632685278380735,daily_ff3,Daily FF3,XGBoost Signature
2019-04-29,-0.0088799999999999,"SMALL HiBM, ME2 BM5, ME3 BM2, SMALL LoBM, ME1 BM2",2.609307033108714,daily_ff3,Daily FF3,XGBoost Signature
2019-04-30,-0.00784,"ME1 BM4, ME2 BM3, ME2 BM5, ME3 BM2, SMALL LoBM",2.5888500659691416,daily_ff3,Daily FF3,XGBoost Signature
2019-05-01,0.001,"ME1 BM3, ME1 BM4, ME2 BM3, ME2 BM5, ME3 BM2",2.5914389160351106,daily_ff3,Daily FF3,XGBoost Signature
2019-05-02,0.0231199999999999,"ME1 BM4, ME2 BM3, ME2 BM5, SMALL LoBM, ME1 BM2",2.6513529837738425,daily_ff3,Daily FF3,XGBoost Signature
2019-05-03,-0.0008199999999999,"SMALL HiBM, ME2 BM3, ME2 BM5, ME3 BM2, ME4 BM1",2.649178874327148,daily_ff3,Daily FF3,XGBoost Signature
2019-05-06,-0.01598,"ME1 BM4, SMALL HiBM, ME2 BM3, ME2 BM5, ME3 BM2",2.6068449959154,daily_ff3,Daily FF3,XGBoost Signature
2019-05-07,-0.00224,"SMALL HiBM, ME2 BM3, ME2 BM5, ME3 BM2, ME4 BM1",2.6010056631245497,daily_ff3,Daily FF3,XGBoost Signature
2019-05-08,-0.00374,"ME4 BM1, SMALL HiBM, ME2 BM4, ME2 BM5, ME3 BM2",2.591277901944464,daily_ff3,Daily FF3,XGBoost Signature
2019-05-09,0.0013399999999999,"ME1 BM2, ME1 BM3, ME1 BM4, ME2 BM1, ME4 BM1",2.594750214333069,daily_ff3,Daily FF3,XGBoost Signature
2019-05-10,-0.03074,"ME1 BM3, ME1 BM4, ME2 BM3, ME3 BM1, SMALL LoBM",2.5149875927444705,daily_ff3,Daily FF3,XGBoost Signature
2019-05-13,0.01412,"ME1 BM3, ME1 BM4, ME3 BM1, SMALL LoBM, ME1 BM2",2.550499217554022,daily_ff3,Daily FF3,XGBoost Signature
2019-05-14,0.00494,"SMALL HiBM, ME2 BM3, ME2 BM5, SMALL LoBM, ME1 BM2",2.563098683688739,daily_ff3,Daily FF3,XGBoost Signature
2019-05-15,0.00524,"SMALL HiBM, ME2 BM3, ME2 BM5, ME3 BM2, ME4 BM1",2.576529320791268,daily_ff3,Daily FF3,XGBoost Signature
2019-05-16,-0.01248,"SMALL HiBM, ME2 BM3, ME3 BM2, ME4 BM1, SMALL LoBM",2.5443742348677927,daily_ff3,Daily FF3,XGBoost Signature
2019-05-17,-0.0066,"SMALL HiBM, ME2 BM3, ME3 BM2, ME4 BM1, SMALL LoBM",2.527581364917665,daily_ff3,Daily FF3,XGBoost Signature
2019-05-20,0.01074,"ME2 BM3, ME2 BM4, ME3 BM2, ME4 BM1, SMALL LoBM",2.5547275887768808,daily_ff3,Daily FF3,XGBoost Signature
2019-05-21,-0.00936,"ME2 BM3, ME2 BM4, ME3 BM2, ME3 BM5, ME4 BM1",2.530815338545929,daily_ff3,Daily FF3,XGBoost Signature
2019-05-22,-0.02136,"ME2 BM4, ME3 BM2, ME3 BM3, ME3 BM5, ME4 BM1",2.476757122914588,daily_ff3,Daily FF3,XGBoost Signature
2019-05-23,0.00724,"ME2 BM4, ME3 BM2, ME3 BM3, ME3 BM5, ME4 BM1",2.494688844484489,daily_ff3,Daily FF3,XGBoost Signature
2019-05-24,-0.00976,"ME3 BM2, ME3 BM3, ME4 BM1, ME4 BM5, BIG HiBM",2.470340681362321,daily_ff3,Daily FF3,XGBoost Signature
2019-05-28,-0.00834,"ME3 BM2, ME3 BM3, ME4 BM1, ME4 BM5, SMALL LoBM",2.449738040079759,daily_ff3,Daily FF3,XGBoost Signature
2019-05-29,-0.00206,"ME3 BM2, BIG HiBM, ME2 BM4, ME3 BM3, ME4 BM1",2.444691579717195,daily_ff3,Daily FF3,XGBoost Signature
2019-05-30,-0.01208,"ME3 BM2, ME3 BM3, ME4 BM1, ME4 BM5, SMALL LoBM",2.415159705434211,daily_ff3,Daily FF3,XGBoost Signature
2019-05-31,0.00234,"ME3 BM3, ME4 BM5, ME3 BM2, ME4 BM1, SMALL LoBM",2.4208111791449274,daily_ff3,Daily FF3,XGBoost Signature
2019-06-03,0.02712,"ME2 BM4, ME3 BM2, ME3 BM3, ME4 BM5, SMALL LoBM",2.4864635783233378,daily_ff3,Daily FF3,XGBoost Signature
2019-06-04,-0.0012799999999999,"ME3 BM2, ME3 BM4, ME4 BM4, SMALL LoBM, ME1 BM2",2.483280904943084,daily_ff3,Daily FF3,XGBoost Signature
2019-06-05,-0.00432,"ME4 BM2, ME4 BM3, SMALL LoBM, ME1 BM2, ME1 BM3",2.47255313143373,daily_ff3,Daily FF3,XGBoost Signature
2019-06-06,0.0081999999999999,"ME4 BM2, ME4 BM3, SMALL LoBM, ME1 BM2, ME1 BM3",2.492828067111487,daily_ff3,Daily FF3,XGBoost Signature
2019-06-07,0.0057,"ME4 BM2, ME4 BM3, SMALL LoBM, ME1 BM2, ME1 BM3",2.5070371870940225,daily_ff3,Daily FF3,XGBoost Signature
2019-06-10,-0.0073999999999999,"ME4 BM2, ME4 BM3, SMALL LoBM, ME1 BM2, ME1 BM3",2.488485111909527,daily_ff3,Daily FF3,XGBoost Signature
2019-06-11,0.0022799999999999,"ME4 BM2, ME4 BM3, SMALL LoBM, ME1 BM2, ME1 BM3",2.4941588579646807,daily_ff3,Daily FF3,XGBoost Signature
2019-06-12,0.0093,"ME3 BM1, ME4 BM2, ME4 BM3, SMALL LoBM, ME1 BM2",2.5173545353437525,daily_ff3,Daily FF3,XGBoost Signature
2019-06-13,-0.00722,"ME3 BM2, ME4 BM2, ME4 BM3, SMALL LoBM, ME1 BM2",2.4991792355985707,daily_ff3,Daily FF3,XGBoost Signature
2019-06-14,0.00632,"ME4 BM2, ME4 BM3, SMALL LoBM, ME1 BM2, ME1 BM3",2.514974048367554,daily_ff3,Daily FF3,XGBoost Signature
2019-06-17,0.0103399999999999,"ME4 BM2, ME4 BM3, SMALL LoBM, ME1 BM2, ME1 BM3",2.5409788800276747,daily_ff3,Daily FF3,XGBoost Signature
2019-06-18,0.00534,"ME3 BM1, ME4 BM2, SMALL LoBM, ME1 BM2, ME1 BM3",2.554547707247022,daily_ff3,Daily FF3,XGBoost Signature
2019-06-19,0.0051,"ME3 BM2, ME4 BM2, ME4 BM3, SMALL LoBM, ME1 BM2",2.567575900553982,daily_ff3,Daily FF3,XGBoost Signature
2019-06-20,-0.00392,"ME3 BM2, ME4 BM2, ME4 BM3, SMALL LoBM, ME1 BM2",2.5575110030238104,daily_ff3,Daily FF3,XGBoost Signature
2019-06-21,-0.00904,"ME4 BM2, ME4 BM3, SMALL LoBM, ME1 BM2, ME1 BM3",2.5343911035564752,daily_ff3,Daily FF3,XGBoost Signature
2019-06-24,-0.00488,"ME4 BM2, ME4 BM3, SMALL LoBM, ME1 BM2, ME1 BM3",2.52202327497112,daily_ff3,Daily FF3,XGBoost Signature
2019-06-25,-0.00246,"ME3 BM2, ME4 BM2, ME4 BM3, SMALL LoBM, ME1 BM2",2.5158190977146906,daily_ff3,Daily FF3,XGBoost Signature
2019-06-26,0.01634,"ME4 BM2, ME4 BM3, SMALL LoBM, ME1 BM2, ME1 BM3",2.556927581771349,daily_ff3,Daily FF3,XGBoost Signature
2019-06-27,0.01646,"ME4 BM2, ME4 BM3, SMALL LoBM, ME1 BM2, ME1 BM3",2.599014609767305,daily_ff3,Daily FF3,XGBoost Signature
2019-06-28,0.0049,"ME4 BM2, ME4 BM3, SMALL LoBM, ME1 BM2, ME1 BM3",2.6117497813551647,daily_ff3,Daily FF3,XGBoost Signature
2019-07-01,-0.0073,"ME4 BM2, ME4 BM3, SMALL LoBM, ME1 BM2, ME1 BM3",2.592684007951272,daily_ff3,Daily FF3,XGBoost Signature
2019-07-02,0.00946,"ME4 BM2, ME4 BM3, SMALL LoBM, ME1 BM2, ME1 BM3",2.6172107986664908,daily_ff3,Daily FF3,XGBoost Signature
2019-07-03,0.00104,"ME4 BM2, ME4 BM3, SMALL LoBM, ME1 BM2, ME1 BM3",2.619932697897104,daily_ff3,Daily FF3,XGBoost Signature
2019-07-05,-0.00842,"ME4 BM2, ME4 BM3, SMALL LoBM, ME1 BM2, ME1 BM3",2.5978728645808102,daily_ff3,Daily FF3,XGBoost Signature
2019-07-08,0.0003799999999999,"ME4 BM2, ME4 BM3, SMALL LoBM, ME1 BM2, ME1 BM3",2.598860056269351,daily_ff3,Daily FF3,XGBoost Signature
2019-07-09,0.00208,"ME4 BM2, ME4 BM3, SMALL LoBM, ME1 BM2, ME1 BM3",2.6042656851863915,daily_ff3,Daily FF3,XGBoost Signature
2019-07-10,-0.0044,"ME4 BM2, SMALL LoBM, ME1 BM2, ME1 BM3, ME1 BM4",2.5928069161715714,daily_ff3,Daily FF3,XGBoost Signature
2019-07-11,0.00594,"ME4 BM2, ME4 BM3, SMALL LoBM, ME1 BM2, ME1 BM3",2.608208189253631,daily_ff3,Daily FF3,XGBoost Signature
2019-07-12,-0.0028599999999999,"ME4 BM2, ME4 BM3, SMALL LoBM, ME1 BM2, ME1 BM3",2.600748713832365,daily_ff3,Daily FF3,XGBoost Signature
2019-07-15,0.00106,"ME4 BM2, SMALL LoBM, ME1 BM2, ME1 BM3, ME1 BM4",2.603505507469028,daily_ff3,Daily FF3,XGBoost Signature
2019-07-16,-0.00722,"ME4 BM2, SMALL LoBM, ME1 BM2, ME1 BM3, ME1 BM4",2.5847081977051016,daily_ff3,Daily FF3,XGBoost Signature
2019-07-17,-0.00194,"ME4 BM2, SMALL LoBM, ME1 BM2, ME1 BM3, ME1 BM4",2.5796938638015536,daily_ff3,Daily FF3,XGBoost Signature
2019-07-18,-0.0076,"ME4 BM1, ME4 BM2, SMALL LoBM, ME1 BM2, ME1 BM3",2.560088190436662,daily_ff3,Daily FF3,XGBoost Signature
2019-07-19,-0.00204,"ME4 BM2, ME4 BM3, SMALL LoBM, ME1 BM2, ME1 BM3",2.554865610528171,daily_ff3,Daily FF3,XGBoost Signature
2019-07-22,0.0021,"ME4 BM2, ME4 BM3, SMALL LoBM, ME1 BM2, ME1 BM3",2.56023082831028,daily_ff3,Daily FF3,XGBoost Signature
2019-07-23,0.01254,"ME4 BM2, ME4 BM3, ME5 BM4, SMALL LoBM, ME1 BM2",2.592336122897291,daily_ff3,Daily FF3,XGBoost Signature
2019-07-24,-0.01036,"ME4 BM2, ME4 BM3, ME5 BM4, SMALL LoBM, ME1 BM2",2.565479520664075,daily_ff3,Daily FF3,XGBoost Signature
2019-07-25,0.0106799999999999,"ME4 BM2, ME4 BM3, ME5 BM4, SMALL LoBM, ME1 BM2",2.592878841944767,daily_ff3,Daily FF3,XGBoost Signature
2019-07-26,-0.00252,"SMALL LoBM, ME4 BM2, ME4 BM3, ME5 BM4, ME1 BM2",2.5863447872630663,daily_ff3,Daily FF3,XGBoost Signature
2019-07-29,0.00516,"ME1 BM3, ME3 BM2, ME3 BM4, ME4 BM2, ME4 BM3",2.599690326365344,daily_ff3,Daily FF3,XGBoost Signature
2019-07-30,-0.00896,"ME1 BM3, ME3 BM1, ME3 BM2, ME3 BM4, ME4 BM2",2.57639710104111,daily_ff3,Daily FF3,XGBoost Signature
2019-07-31,-0.0139,"SMALL LoBM, ME3 BM2, ME4 BM2, ME4 BM3, ME1 BM2",2.540585181336639,daily_ff3,Daily FF3,XGBoost Signature
2019-08-01,-0.01034,"SMALL LoBM, ME3 BM1, ME3 BM2, ME4 BM2, ME5 BM4",2.514315530561618,daily_ff3,Daily FF3,XGBoost Signature
2019-08-02,-0.03094,"SMALL HiBM, ME3 BM2, ME3 BM4, ME5 BM4, SMALL LoBM",2.4365226080460416,daily_ff3,Daily FF3,XGBoost Signature
2019-08-05,0.00888,"SMALL LoBM, ME3 BM2, ME1 BM3, SMALL HiBM, ME4 BM3",2.4581589288054904,daily_ff3,Daily FF3,XGBoost Signature
2019-08-06,0.00134,"SMALL LoBM, ME1 BM3, SMALL HiBM, ME3 BM1, ME3 BM2",2.461452861770089,daily_ff3,Daily FF3,XGBoost Signature
2019-08-07,0.01654,"SMALL LoBM, ME1 BM3, SMALL HiBM, ME4 BM3, ME5 BM4",2.5021652921037667,daily_ff3,Daily FF3,XGBoost Signature
2019-08-08,-0.01162,"ME3 BM1, ME3 BM2, ME4 BM3, ME5 BM4, ME1 BM2",2.473090131409521,daily_ff3,Daily FF3,XGBoost Signature
2019-08-09,-0.01138,"ME1 BM2, ME3 BM2, ME4 BM1, ME4 BM3, ME5 BM4",2.4449463657140806,daily_ff3,Daily FF3,XGBoost Signature
2019-08-12,0.01128,"ME1 BM4, ME3 BM1, ME3 BM2, ME4 BM2, ME4 BM3",2.472525360719336,daily_ff3,Daily FF3,XGBoost Signature
2019-08-13,-0.03074,"ME1 BM2, SMALL HiBM, ME3 BM1, ME3 BM2, ME4 BM2",2.396519931130823,daily_ff3,Daily FF3,XGBoost Signature
2019-08-14,-0.0060999999999999,"ME1 BM4, SMALL HiBM, ME2 BM4, ME3 BM1, ME3 BM2",2.381901159550925,daily_ff3,Daily FF3,XGBoost Signature
2019-08-15,0.01756,"ME4 BM1, ME4 BM2, ME5 BM4, ME1 BM2, ME1 BM4",2.423727343912639,daily_ff3,Daily FF3,XGBoost Signature
2019-08-16,0.01002,"ME4 BM5, ME1 BM4, ME2 BM2, ME2 BM3, ME2 BM4",2.448013091898644,daily_ff3,Daily FF3,XGBoost Signature
2019-08-19,-0.00678,"ME1 BM2, ME2 BM2, ME2 BM4, ME3 BM2, ME3 BM5",2.431415563135571,daily_ff3,Daily FF3,XGBoost Signature
2019-08-20,0.00886,"ME2 BM1, ME1 BM2, ME2 BM2, ME3 BM2, ME3 BM3",2.4529579050249524,daily_ff3,Daily FF3,XGBoost Signature
2019-08-21,0.00122,"ME2 BM4, ME3 BM4, ME3 BM5, ME4 BM3, ME5 BM4",2.455950513669083,daily_ff3,Daily FF3,XGBoost Signature
2019-08-22,-0.03124,"ME1 BM2, ME1 BM4, ME2 BM2, ME2 BM4, ME3 BM2",2.379226619622061,daily_ff3,Daily FF3,XGBoost Signature
2019-08-23,0.01096,"ME1 BM4, ME2 BM3, ME2 BM4, ME3 BM2, ME3 BM4",2.405302943373119,daily_ff3,Daily FF3,XGBoost Signature
2019-08-26,-0.01006,"ME2 BM3, ME3 BM1, ME3 BM2, ME4 BM2, ME4 BM3",2.3811055957627856,daily_ff3,Daily FF3,XGBoost Signature
2019-08-27,0.00894,"ME2 BM2, ME3 BM1, ME4 BM1, ME1 BM2, ME2 BM1",2.4023926797889046,daily_ff3,Daily FF3,XGBoost Signature
2019-08-28,0.01642,"ME3 BM1, ME1 BM2, ME2 BM1, ME4 BM1, ME2 BM3",2.4418399675910387,daily_ff3,Daily FF3,XGBoost Signature
2019-08-29,-0.00196,"ME3 BM1, ME1 BM2, ME2 BM1, ME4 BM1, SMALL LoBM",2.4370539612545605,daily_ff3,Daily FF3,XGBoost Signature
2019-08-30,-0.0167399999999999,"ME3 BM1, ME4 BM1, ME1 BM2, ME2 BM1, SMALL HiBM",2.3962576779431592,daily_ff3,Daily FF3,XGBoost Signature
2019-09-03,0.0057799999999999,"ME1 BM2, ME2 BM1, ME4 BM1, BIG LoBM, SMALL LoBM",2.4101080473216703,daily_ff3,Daily FF3,XGBoost Signature
2019-09-04,0.01634,"ME3 BM1, ME1 BM2, ME2 BM1, ME4 BM1, SMALL LoBM",2.4494892128149064,daily_ff3,Daily FF3,XGBoost Signature
2019-09-05,-0.0016399999999999,"ME1 BM2, ME2 BM1, ME4 BM1, SMALL HiBM, ME2 BM5",2.4454720505058902,daily_ff3,Daily FF3,XGBoost Signature
2019-09-06,0.00066,"ME1 BM2, ME2 BM1, ME4 BM1, SMALL LoBM, ME1 BM3",2.4470860620592245,daily_ff3,Daily FF3,XGBoost Signature
2019-09-09,0.01714,"ME1 BM2, ME2 BM1, ME4 BM1, SMALL LoBM, SMALL HiBM",2.4890291171629197,daily_ff3,Daily FF3,XGBoost Signature
2019-09-10,0.02128,"ME4 BM1, ME1 BM2, ME2 BM1, ME1 BM4, SMALL HiBM",2.541995656776146,daily_ff3,Daily FF3,XGBoost Signature
2019-09-11,-0.00182,"ME1 BM2, ME2 BM1, ME4 BM1, SMALL LoBM, ME1 BM3",2.537369224680813,daily_ff3,Daily FF3,XGBoost Signature
2019-09-12,-0.0007,"ME2 BM1, ME4 BM1, ME1 BM2, SMALL LoBM, ME1 BM3",2.5355930662235364,daily_ff3,Daily FF3,XGBoost Signature
2019-09-13,0.00556,"ME1 BM2, ME2 BM1, ME4 BM1, SMALL LoBM, ME1 BM3",2.5496909636717398,daily_ff3,Daily FF3,XGBoost Signature
2019-09-16,-0.00184,"ME1 BM2, ME2 BM1, ME4 BM1, ME4 BM5, BIG HiBM",2.5449995322985832,daily_ff3,Daily FF3,XGBoost Signature
2019-09-17,-0.00684,"ME1 BM2, ME2 BM1, ME4 BM1, ME2 BM5, SMALL LoBM",2.527591735497661,daily_ff3,Daily FF3,XGBoost Signature
2019-09-18,-0.00438,"ME2 BM5, ME1 BM2, ME2 BM1, ME4 BM1, SMALL LoBM",2.516520883696181,daily_ff3,Daily FF3,XGBoost Signature
2019-09-19,-0.0001199999999999,"ME2 BM1, ME1 BM2, ME4 BM1, SMALL LoBM, ME1 BM3",2.516218901190138,daily_ff3,Daily FF3,XGBoost Signature
2019-09-20,-0.00348,"ME1 BM2, ME4 BM1, SMALL LoBM, ME1 BM3, ME1 BM4",2.507462459413996,daily_ff3,Daily FF3,XGBoost Signature
2019-09-23,-0.01988,"ME1 BM2, ME2 BM1, ME4 BM1, SMALL LoBM, ME1 BM3",2.457614105720846,daily_ff3,Daily FF3,XGBoost Signature
2019-09-24,0.00736,"ME4 BM1, SMALL LoBM, ME1 BM2, ME1 BM4, SMALL HiBM",2.475702145538951,daily_ff3,Daily FF3,XGBoost Signature
2019-09-25,-0.01474,"ME4 BM1, SMALL LoBM, ME1 BM2, ME1 BM3, ME1 BM4",2.439210295913707,daily_ff3,Daily FF3,XGBoost Signature
2019-09-26,-0.00976,"ME4 BM1, SMALL LoBM, ME1 BM2, ME1 BM3, ME1 BM4",2.415403603425589,daily_ff3,Daily FF3,XGBoost Signature
2019-09-27,0.00076,"ME4 BM1, SMALL LoBM, ME1 BM2, ME1 BM3, ME1 BM4",2.417239310164193,daily_ff3,Daily FF3,XGBoost Signature
2019-09-30,-0.01898,"ME4 BM1, SMALL LoBM, ME1 BM2, ME1 BM3, ME1 BM4",2.3713601080572766,daily_ff3,Daily FF3,XGBoost Signature
2019-10-01,-0.00936,"ME4 BM1, SMALL LoBM, ME1 BM2, ME1 BM3, ME1 BM4",2.3491641774458603,daily_ff3,Daily FF3,XGBoost Signature
2019-10-02,0.00342,"ME1 BM2, ME4 BM1, SMALL LoBM, ME1 BM3, ME1 BM4",2.357198318932725,daily_ff3,Daily FF3,XGBoost Signature
2019-10-03,0.00824,"ME2 BM1, ME4 BM1, ME1 BM2, SMALL LoBM, ME1 BM3",2.3766216330807306,daily_ff3,Daily FF3,XGBoost Signature
2019-10-04,-0.00304,"ME2 BM2, ME3 BM1, ME1 BM2, ME2 BM1, ME4 BM1",2.369396703316165,daily_ff3,Daily FF3,XGBoost Signature
2019-10-07,-0.0181,"ME3 BM1, ME1 BM2, ME2 BM1, ME4 BM1, ME1 BM3",2.3265106229861425,daily_ff3,Daily FF3,XGBoost Signature
2019-10-08,0.00472,"ME2 BM2, ME3 BM1, ME1 BM2, ME2 BM1, ME4 BM1",2.337491753126637,daily_ff3,Daily FF3,XGBoost Signature
2019-10-09,0.0062799999999999,"ME4 BM5, ME2 BM2, ME3 BM1, ME5 BM2, ME1 BM2",2.3521712013362723,daily_ff3,Daily FF3,XGBoost Signature
2019-10-10,0.01494,"ME1 BM2, ME4 BM1, ME5 BM2, ME2 BM1, SMALL LoBM",2.3873126390842363,daily_ff3,Daily FF3,XGBoost Signature
2019-10-11,-0.00396,"ME1 BM2, ME5 BM2, ME2 BM1, ME4 BM1, ME2 BM2",2.377858881033463,daily_ff3,Daily FF3,XGBoost Signature
2019-10-14,0.0140799999999999,"ME2 BM1, ME1 BM2, ME4 BM1, ME5 BM2, SMALL HiBM",2.411339134078414,daily_ff3,Daily FF3,XGBoost Signature
2019-10-15,-0.00198,"ME2 BM1, ME1 BM2, ME4 BM1, ME5 BM2, SMALL LoBM",2.406564682592939,daily_ff3,Daily FF3,XGBoost Signature
2019-10-16,0.00882,"ME1 BM2, ME4 BM1, ME5 BM2, ME2 BM1, SMALL HiBM",2.427790583093409,daily_ff3,Daily FF3,XGBoost Signature
2019-10-17,-0.00924,"ME1 BM2, ME2 BM1, ME4 BM1, SMALL LoBM, ME1 BM3",2.405357798105626,daily_ff3,Daily FF3,XGBoost Signature
2019-10-18,0.0136,"ME1 BM2, ME4 BM1, ME2 BM1, SMALL LoBM, ME1 BM3",2.438070664159863,daily_ff3,Daily FF3,XGBoost Signature
2019-10-21,-0.00154,"ME1 BM2, ME2 BM2, ME4 BM1, ME2 BM1, ME2 BM4",2.4343160353370568,daily_ff3,Daily FF3,XGBoost Signature
2019-10-22,0.0018,"ME1 BM2, ME2 BM2, ME4 BM1, ME2 BM1, SMALL LoBM",2.438697804200664,daily_ff3,Daily FF3,XGBoost Signature
2019-10-23,-0.0014599999999999,"ME2 BM1, ME1 BM2, ME4 BM1, ME1 BM4, SMALL HiBM",2.435137305406531,daily_ff3,Daily FF3,XGBoost Signature
2019-10-24,0.00858,"ME2 BM2, ME3 BM1, ME4 BM1, ME1 BM2, ME2 BM1",2.456030783486919,daily_ff3,Daily FF3,XGBoost Signature
2019-10-25,0.0051199999999999,"ME2 BM4, ME2 BM5, ME3 BM4, ME4 BM5, BIG HiBM",2.468605661098372,daily_ff3,Daily FF3,XGBoost Signature
2019-10-28,0.0008,"ME1 BM2, ME2 BM2, ME3 BM1, ME2 BM1, ME4 BM1",2.4705805456272505,daily_ff3,Daily FF3,XGBoost Signature
2019-10-29,-0.00112,"ME1 BM2, ME4 BM1, ME5 BM3, ME1 BM3, SMALL HiBM",2.467813495416148,daily_ff3,Daily FF3,XGBoost Signature
2019-10-30,-0.00758,"SMALL HiBM, ME2 BM1, ME2 BM2, ME2 BM5, ME3 BM1",2.449107469120894,daily_ff3,Daily FF3,XGBoost Signature
2019-10-31,0.0191,"ME2 BM5, SMALL HiBM, ME2 BM1, ME3 BM1, ME4 BM1",2.495885421781103,daily_ff3,Daily FF3,XGBoost Signature
2019-11-01,0.00514,"ME2 BM1, ME2 BM2, ME2 BM5, ME4 BM1, ME1 BM2",2.508714272849057,daily_ff3,Daily FF3,XGBoost Signature
2019-11-04,0.0024799999999999,"ME2 BM1, ME2 BM5, ME4 BM1, ME1 BM2, BIG HiBM",2.5149358842457232,daily_ff3,Daily FF3,XGBoost Signature
2019-11-05,-0.00498,"ME1 BM2, ME3 BM1, ME4 BM1, ME2 BM1, ME5 BM3",2.5024115035421794,daily_ff3,Daily FF3,XGBoost Signature
2019-11-06,0.00356,"ME2 BM1, ME3 BM1, ME4 BM1, ME5 BM3, ME1 BM2",2.5113200884947897,daily_ff3,Daily FF3,XGBoost Signature
2019-11-07,0.0066199999999999,"SMALL LoBM, ME1 BM2, ME4 BM1, ME5 BM3, ME2 BM1",2.527945027480625,daily_ff3,Daily FF3,XGBoost Signature
2019-11-08,-0.0015599999999999,"ME2 BM2, ME2 BM5, ME3 BM1, ME4 BM1, ME5 BM3",2.524001433237756,daily_ff3,Daily FF3,XGBoost Signature
2019-11-11,-0.0010399999999999,"SMALL LoBM, SMALL HiBM, ME2 BM2, ME2 BM5, ME4 BM1",2.521376471747188,daily_ff3,Daily FF3,XGBoost Signature
2019-11-12,-0.00478,"ME1 BM2, SMALL HiBM, ME2 BM1, ME2 BM2, ME2 BM5",2.5093242922122365,daily_ff3,Daily FF3,XGBoost Signature
2019-11-13,-0.00024,"SMALL LoBM, SMALL HiBM, ME2 BM2, ME3 BM1, ME5 BM3",2.5087220543821056,daily_ff3,Daily FF3,XGBoost Signature
2019-11-14,0.00496,"SMALL LoBM, ME1 BM2, SMALL HiBM, ME2 BM1, ME2 BM2",2.521165315771841,daily_ff3,Daily FF3,XGBoost Signature
2019-11-15,-0.00534,"ME1 BM2, SMALL HiBM, ME2 BM1, ME2 BM2, ME2 BM5",2.5077022929856194,daily_ff3,Daily FF3,XGBoost Signature
2019-11-18,0.00414,"ME1 BM2, SMALL HiBM, ME2 BM1, ME2 BM2, ME4 BM4",2.51808418047858,daily_ff3,Daily FF3,XGBoost Signature
2019-11-19,-0.0012399999999999,"ME1 BM2, ME2 BM1, ME2 BM2, ME5 BM3, ME2 BM5",2.514961756094787,daily_ff3,Daily FF3,XGBoost Signature
2019-11-20,-0.00216,"ME2 BM5, ME2 BM1, ME2 BM2, ME5 BM3, SMALL LoBM",2.509529438701622,daily_ff3,Daily FF3,XGBoost Signature
2019-11-21,0.00368,"ME2 BM5, ME1 BM2, ME2 BM1, ME2 BM2, ME5 BM3",2.518764507036044,daily_ff3,Daily FF3,XGBoost Signature
2019-11-22,0.0158,"ME2 BM1, ME2 BM5, ME5 BM3, SMALL LoBM, SMALL HiBM",2.5585609862472127,daily_ff3,Daily FF3,XGBoost Signature
2019-11-25,0.0024,"ME2 BM1, ME2 BM5, ME5 BM3, ME4 BM5, SMALL LoBM",2.564701532614206,daily_ff3,Daily FF3,XGBoost Signature
2019-11-26,0.00658,"ME4 BM4, ME5 BM3, ME5 BM4, SMALL LoBM, ME1 BM2",2.5815772686988074,daily_ff3,Daily FF3,XGBoost Signature
2019-11-27,-0.0019,"ME2 BM1, ME2 BM2, ME3 BM1, SMALL LoBM, ME4 BM1",2.57667227188828,daily_ff3,Daily FF3,XGBoost Signature
2019-11-29,-0.00736,"ME1 BM2, ME2 BM2, ME2 BM5, ME3 BM1, ME2 BM1",2.557707963967182,daily_ff3,Daily FF3,XGBoost Signature
2019-12-02,-0.00622,"ME2 BM1, ME2 BM5, ME2 BM2, ME4 BM4, ME5 BM4",2.541799020431306,daily_ff3,Daily FF3,XGBoost Signature
2019-12-03,0.00868,"ME4 BM1, ME2 BM1, SMALL HiBM, ME2 BM3, ME2 BM4",2.56386183592865,daily_ff3,Daily FF3,XGBoost Signature
2019-12-04,1.999999999999979e-05,"ME1 BM2, SMALL HiBM, ME2 BM3, ME2 BM5, ME3 BM5",2.5639131131653685,daily_ff3,Daily FF3,XGBoost Signature
2019-12-05,0.01214,"ME2 BM1, ME2 BM2, ME2 BM3, ME2 BM5, ME4 BM1",2.5950390183591963,daily_ff3,Daily FF3,XGBoost Signature
2019-12-06,0.00524,"ME2 BM1, ME2 BM2, ME4 BM1, SMALL LoBM, ME1 BM2",2.6086370228153983,daily_ff3,Daily FF3,XGBoost Signature
2019-12-09,0.00206,"ME2 BM1, ME2 BM2, ME4 BM1, ME1 BM3, ME1 BM4",2.614010815082398,daily_ff3,Daily FF3,XGBoost Signature
2019-12-10,2.0000000000000097e-05,"ME2 BM1, ME2 BM2, ME4 BM1, ME1 BM2, SMALL HiBM",2.6140630952986994,daily_ff3,Daily FF3,XGBoost Signature
2019-12-11,0.00862,"ME2 BM1, ME2 BM2, ME4 BM1, SMALL LoBM, ME1 BM2",2.6365963191801742,daily_ff3,Daily FF3,XGBoost Signature
2019-12-12,-0.0038,"ME2 BM1, ME2 BM2, ME4 BM1, SMALL LoBM, ME1 BM2",2.626577253167289,daily_ff3,Daily FF3,XGBoost Signature
2019-12-13,0.00988,"ME2 BM1, ME2 BM2, ME4 BM1, ME3 BM5, ME4 BM5",2.652527836428582,daily_ff3,Daily FF3,XGBoost Signature
2019-12-16,0.00362,"ME2 BM1, ME2 BM2, SMALL LoBM, ME1 BM2, ME1 BM3",2.662129987196453,daily_ff3,Daily FF3,XGBoost Signature
2019-12-17,0.00038,"ME2 BM1, ME4 BM1, SMALL LoBM, ME1 BM2, ME1 BM3",2.663141596591588,daily_ff3,Daily FF3,XGBoost Signature
2019-12-18,0.00554,"ME3 BM1, ME2 BM1, ME4 BM1, SMALL LoBM, ME1 BM2",2.677895401036706,daily_ff3,Daily FF3,XGBoost Signature
2019-12-19,0.00238,"ME2 BM1, ME4 BM1, ME1 BM4, ME2 BM3, ME2 BM4",2.6842687920911734,daily_ff3,Daily FF3,XGBoost Signature
2019-12-20,0.00732,"ME2 BM1, ME4 BM1, SMALL LoBM, ME1 BM2, ME1 BM3",2.703917639649281,daily_ff3,Daily FF3,XGBoost Signature
2019-12-23,0.0075,"ME2 BM1, ME4 BM1, SMALL LoBM, ME1 BM2, ME1 BM3",2.7241970219466505,daily_ff3,Daily FF3,XGBoost Signature
2019-12-24,0.0007399999999999,"ME2 BM1, ME4 BM1, SMALL LoBM, ME1 BM2, ME1 BM3",2.726212927742891,daily_ff3,Daily FF3,XGBoost Signature
2019-12-26,-0.00854,"ME4 BM1, SMALL LoBM, ME1 BM2, ME1 BM3, ME1 BM4",2.702931069339966,daily_ff3,Daily FF3,XGBoost Signature
2019-12-27,-0.00326,"ME4 BM1, SMALL LoBM, ME1 BM2, ME1 BM3, ME1 BM4",2.6941195140539183,daily_ff3,Daily FF3,XGBoost Signature
2019-12-30,0.00558,"SMALL LoBM, ME1 BM2, ME1 BM3, ME1 BM4, SMALL HiBM",2.709152700942339,daily_ff3,Daily FF3,XGBoost Signature
2019-12-31,-0.00462,"SMALL LoBM, ME1 BM2, ME1 BM3, ME1 BM4, SMALL HiBM",2.696636415463985,daily_ff3,Daily FF3,XGBoost Signature
2020-01-02,-0.00522,"SMALL LoBM, ME1 BM2, ME1 BM3, ME1 BM4, SMALL HiBM",2.6825599733752634,daily_ff3,Daily FF3,XGBoost Signature
2020-01-03,0.0025,"SMALL LoBM, ME1 BM2, ME2 BM5, ME3 BM5, ME1 BM3",2.689266373308701,daily_ff3,Daily FF3,XGBoost Signature
2020-01-06,-0.0030199999999999,"SMALL LoBM, ME1 BM2, ME1 BM3, ME1 BM4, SMALL HiBM",2.681144788861309,daily_ff3,Daily FF3,XGBoost Signature
2020-01-07,-6.0000000000000334e-05,"SMALL LoBM, ME1 BM2, ME1 BM3, ME1 BM4, SMALL HiBM",2.6809839201739774,daily_ff3,Daily FF3,XGBoost Signature
2020-01-08,0.0003399999999999,"ME2 BM2, ME2 BM5, ME3 BM1, ME3 BM2, ME3 BM3",2.6818954547068365,daily_ff3,Daily FF3,XGBoost Signature
2020-01-09,-0.00634,"SMALL LoBM, ME1 BM2, ME1 BM3, ME1 BM4, SMALL HiBM",2.664892237523995,daily_ff3,Daily FF3,XGBoost Signature
2020-01-10,0.00494,"SMALL LoBM, ME1 BM2, ME2 BM1, ME3 BM1, ME4 BM1",2.678056805177364,daily_ff3,Daily FF3,XGBoost Signature
2020-01-13,0.0036399999999999,"ME3 BM3, SMALL LoBM, ME1 BM2, ME1 BM3, ME1 BM4",2.6878049319482096,daily_ff3,Daily FF3,XGBoost Signature
2020-01-14,0.00608,"SMALL LoBM, ME1 BM3, ME2 BM1, ME2 BM2, ME2 BM3",2.704146785934455,daily_ff3,Daily FF3,XGBoost Signature
2020-01-15,0.01604,"SMALL LoBM, ME1 BM2, ME1 BM3, ME1 BM4, SMALL HiBM",2.747521300380844,daily_ff3,Daily FF3,XGBoost Signature
2020-01-16,-0.0036,"SMALL LoBM, ME1 BM2, ME1 BM3, SMALL HiBM, ME2 BM1",2.7376302236994725,daily_ff3,Daily FF3,XGBoost Signature
2020-01-17,-0.0108999999999999,"ME1 BM4, SMALL HiBM, ME2 BM2, ME2 BM3, ME2 BM4",2.707790054261148,daily_ff3,Daily FF3,XGBoost Signature
2020-01-21,0.00056,"ME2 BM1, ME3 BM3, SMALL LoBM, ME1 BM2, ME1 BM3",2.709306416691534,daily_ff3,Daily FF3,XGBoost Signature
2020-01-22,-0.00202,"ME2 BM1, ME3 BM3, SMALL LoBM, ME1 BM2, ME1 BM3",2.703833617729817,daily_ff3,Daily FF3,XGBoost Signature
2020-01-23,-0.0154,"ME2 BM1, ME3 BM3, SMALL LoBM, ME1 BM2, ME1 BM3",2.662194580016778,daily_ff3,Daily FF3,XGBoost Signature
2020-01-24,-0.01014,"ME2 BM1, ME3 BM3, SMALL LoBM, ME1 BM2, ME1 BM3",2.635199926975408,daily_ff3,Daily FF3,XGBoost Signature
2020-01-27,0.00752,"ME1 BM2, ME2 BM3, ME1 BM3, ME2 BM4, ME2 BM5",2.655016630426263,daily_ff3,Daily FF3,XGBoost Signature
2020-01-28,-0.00852,"SMALL HiBM, ME2 BM5, ME3 BM5, ME4 BM5, BIG HiBM",2.632395888735031,daily_ff3,Daily FF3,XGBoost Signature
2020-01-29,-0.0029,"ME1 BM2, ME1 BM3, ME2 BM3, ME2 BM4, ME3 BM1",2.6247619406577,daily_ff3,Daily FF3,XGBoost Signature
2020-01-30,-0.02178,"ME1 BM2, ME2 BM3, ME3 BM1, ME3 BM2, ME3 BM3",2.567594625590175,daily_ff3,Daily FF3,XGBoost Signature
2020-01-31,0.01066,"ME2 BM3, ME2 BM4, ME2 BM5, ME3 BM1, ME3 BM2",2.594965184298966,daily_ff3,Daily FF3,XGBoost Signature
2020-02-03,0.01676,"SMALL LoBM, ME2 BM2, ME2 BM5, ME3 BM1, ME3 BM2",2.638456800787817,daily_ff3,Daily FF3,XGBoost Signature
2020-02-04,0.02062,"SMALL LoBM, ME1 BM3, ME1 BM4, SMALL HiBM, ME2 BM3",2.692861780020062,daily_ff3,Daily FF3,XGBoost Signature
2020-02-05,-0.0045,"SMALL LoBM, ME1 BM3, SMALL HiBM, ME2 BM2, ME2 BM3",2.680743902009972,daily_ff3,Daily FF3,XGBoost Signature
2020-02-06,-0.0134,"SMALL LoBM, ME1 BM4, ME2 BM2, ME2 BM3, ME3 BM2",2.6448219337230383,daily_ff3,Daily FF3,XGBoost Signature
2020-02-07,0.0057599999999999,"SMALL LoBM, ME1 BM3, ME1 BM4, SMALL HiBM, ME2 BM2",2.660056108061283,daily_ff3,Daily FF3,XGBoost Signature
2020-02-10,0.00582,"SMALL LoBM, SMALL HiBM, ME2 BM2, ME3 BM3, ME1 BM3",2.6755376346101998,daily_ff3,Daily FF3,XGBoost Signature
2020-02-11,0.00768,"SMALL LoBM, ME1 BM3, ME1 BM4, SMALL HiBM, ME2 BM3",2.696085763644005,daily_ff3,Daily FF3,XGBoost Signature
2020-02-12,0.00062,"SMALL LoBM, ME1 BM3, ME1 BM4, ME2 BM2, ME2 BM3",2.6977573368174648,daily_ff3,Daily FF3,XGBoost Signature
2020-02-13,-0.00278,"SMALL LoBM, ME1 BM3, ME1 BM4, SMALL HiBM, ME2 BM3",2.690257571421112,daily_ff3,Daily FF3,XGBoost Signature
2020-02-14,0.00156,"SMALL LoBM, ME1 BM3, ME1 BM4, ME2 BM2, ME2 BM3",2.694454373232529,daily_ff3,Daily FF3,XGBoost Signature
2020-02-18,0.00916,"SMALL LoBM, ME1 BM3, ME1 BM4, ME2 BM2, ME2 BM3",2.7191355752913395,daily_ff3,Daily FF3,XGBoost Signature
2020-02-19,0.00244,"SMALL LoBM, ME1 BM4, ME2 BM2, ME2 BM3, ME3 BM2",2.7257702660950502,daily_ff3,Daily FF3,XGBoost Signature
2020-02-20,-0.0103,"SMALL LoBM, ME1 BM3, ME1 BM4, ME2 BM2, ME2 BM3",2.697694832354271,daily_ff3,Daily FF3,XGBoost Signature
2020-02-21,-0.0297199999999999,"SMALL LoBM, ME1 BM3, ME1 BM4, ME2 BM2, ME2 BM3",2.617519341936702,daily_ff3,Daily FF3,XGBoost Signature
2020-02-24,-0.03294,"SMALL LoBM, ME1 BM3, ME1 BM4, ME2 BM3, ME3 BM2",2.5312982548133074,daily_ff3,Daily FF3,XGBoost Signature
2020-02-25,-0.0120599999999999,"ME1 BM2, ME2 BM2, ME3 BM2, ME3 BM3, SMALL LoBM",2.500770797860259,daily_ff3,Daily FF3,XGBoost Signature
2020-02-26,-0.0378,"ME1 BM2, ME2 BM2, ME3 BM2, ME4 BM1, BIG LoBM",2.406241661701141,daily_ff3,Daily FF3,XGBoost Signature
2020-02-27,-0.0046,"ME2 BM5, ME3 BM3, ME4 BM4, SMALL LoBM, ME1 BM2",2.395172950057316,daily_ff3,Daily FF3,XGBoost Signature
2020-02-28,0.0339,"ME2 BM2, ME3 BM1, ME3 BM2, SMALL LoBM, ME1 BM2",2.4763693130642586,daily_ff3,Daily FF3,XGBoost Signature
2020-03-02,-0.02928,"ME4 BM5, BIG HiBM, ME2 BM5, ME3 BM1, ME4 BM1",2.4038612195777374,daily_ff3,Daily FF3,XGBoost Signature
2020-03-03,0.02762,"ME3 BM1, ME4 BM1, SMALL LoBM, ME1 BM2, SMALL HiBM",2.4702558664624745,daily_ff3,Daily FF3,XGBoost Signature
2020-03-04,-0.0307799999999999,"ME1 BM2, ME3 BM1, BIG LoBM, SMALL LoBM, SMALL HiBM",2.3942213908927594,daily_ff3,Daily FF3,XGBoost Signature
2020-03-05,-0.02052,"ME3 BM1, SMALL LoBM, ME1 BM2, ME2 BM1, ME4 BM1",2.34509196795164,daily_ff3,Daily FF3,XGBoost Signature
2020-03-06,-0.0829399999999999,"ME1 BM4, ME2 BM3, ME3 BM1, ME4 BM1, BIG LoBM",2.1505900401297318,daily_ff3,Daily FF3,XGBoost Signature
2020-03-09,0.05554,"ME4 BM4, ME4 BM5, BIG HiBM, ME4 BM1, BIG LoBM",2.2700338109585365,daily_ff3,Daily FF3,XGBoost Signature
2020-03-10,-0.05682,"SMALL LoBM, ME3 BM1, ME4 BM1, BIG LoBM, ME1 BM2",2.141050489819873,daily_ff3,Daily FF3,XGBoost Signature
2020-03-11,-0.1022,"ME4 BM1, SMALL LoBM, ME1 BM2, ME1 BM3, ME1 BM4",1.9222351297602815,daily_ff3,Daily FF3,XGBoost Signature
2020-03-12,0.06934,"SMALL HiBM, ME2 BM1, ME3 BM1, ME4 BM1, BIG LoBM",2.0555229136578594,daily_ff3,Daily FF3,XGBoost Signature
2020-03-13,-0.11992,"SMALL LoBM, ME4 BM2, BIG LoBM, ME5 BM2, SMALL HiBM",1.809024605852009,daily_ff3,Daily FF3,XGBoost Signature
2020-03-16,0.05614,"SMALL LoBM, ME1 BM2, ME3 BM5, ME4 BM1, BIG LoBM",1.910583247224541,daily_ff3,Daily FF3,XGBoost Signature
2020-03-17,-0.09996,"ME1 BM3, ME3 BM3, ME3 BM5, BIG LoBM, SMALL LoBM",1.719601345831976,daily_ff3,Daily FF3,XGBoost Signature
2020-03-18,0.08176,"SMALL HiBM, SMALL LoBM, ME1 BM2, ME1 BM3, ME1 BM4",1.8601959518671984,daily_ff3,Daily FF3,XGBoost Signature
2020-03-19,-0.0265,"SMALL LoBM, ME1 BM2, ME1 BM3, ME1 BM4, SMALL HiBM",1.8109007591427173,daily_ff3,Daily FF3,XGBoost Signature
2020-03-20,-0.0079,"SMALL LoBM, ME1 BM2, ME1 BM3, ME1 BM4, SMALL HiBM",1.79659464314549,daily_ff3,Daily FF3,XGBoost Signature
2020-03-23,0.07778,"SMALL LoBM, ME1 BM2, ME1 BM3, ME1 BM4, SMALL HiBM",1.936333774489346,daily_ff3,Daily FF3,XGBoost Signature
2020-03-24,0.01818,"ME5 BM4, BIG HiBM, SMALL LoBM, ME1 BM2, ME1 BM3",1.9715363225095623,daily_ff3,Daily FF3,XGBoost Signature
2020-03-25,0.05752,"SMALL LoBM, ME1 BM2, ME1 BM3, ME1 BM4, SMALL HiBM",2.084939091780313,daily_ff3,Daily FF3,XGBoost Signature
2020-03-26,-0.04362,"SMALL LoBM, ME1 BM2, ME1 BM3, ME1 BM4, SMALL HiBM",1.9939940485968557,daily_ff3,Daily FF3,XGBoost Signature
2020-03-27,0.0209999999999999,"SMALL LoBM, ME1 BM2, ME1 BM3, ME1 BM4, SMALL HiBM",2.035867923617389,daily_ff3,Daily FF3,XGBoost Signature
2020-03-30,0.00106,"ME3 BM5, SMALL LoBM, ME1 BM2, ME1 BM3, ME1 BM4",2.0380259436164234,daily_ff3,Daily FF3,XGBoost Signature
2020-03-31,-0.06556,"ME3 BM4, SMALL LoBM, ME1 BM2, ME1 BM3, ME1 BM4",1.9044129627529307,daily_ff3,Daily FF3,XGBoost Signature
2020-04-01,0.00838,"SMALL LoBM, ME1 BM2, ME1 BM3, ME1 BM4, SMALL HiBM",1.9203719433808004,daily_ff3,Daily FF3,XGBoost Signature
2020-04-02,-0.02862,"ME2 BM4, SMALL LoBM, ME1 BM2, ME1 BM3, ME1 BM4",1.8654108983612416,daily_ff3,Daily FF3,XGBoost Signature
2020-04-03,0.0683999999999999,"SMALL LoBM, ME1 BM2, ME1 BM3, ME1 BM4, SMALL HiBM",1.993005003809151,daily_ff3,Daily FF3,XGBoost Signature
2020-04-06,-8.000000000000039e-05,"ME3 BM4, SMALL LoBM, ME1 BM2, ME1 BM3, ME1 BM4",1.9928455634088464,daily_ff3,Daily FF3,XGBoost Signature
2020-04-07,0.04348,"ME4 BM2, SMALL LoBM, ME1 BM2, ME1 BM3, ME1 BM4",2.079494488505863,daily_ff3,Daily FF3,XGBoost Signature
2020-04-08,0.0461599999999999,"SMALL LoBM, ME1 BM2, ME1 BM3, ME1 BM4, SMALL HiBM",2.1754839540952933,daily_ff3,Daily FF3,XGBoost Signature
2020-04-09,-0.0101199999999999,"SMALL LoBM, ME1 BM2, ME1 BM3, ME1 BM4, SMALL HiBM",2.153468056479849,daily_ff3,Daily FF3,XGBoost Signature
2020-04-13,0.02722,"ME4 BM2, SMALL LoBM, ME1 BM2, ME1 BM3, ME2 BM1",2.2120854569772304,daily_ff3,Daily FF3,XGBoost Signature
2020-04-14,-0.0336599999999999,"ME4 BM2, SMALL LoBM, ME1 BM2, ME1 BM3, ME2 BM1",2.1376266604953766,daily_ff3,Daily FF3,XGBoost Signature
2020-04-15,0.00436,"SMALL LoBM, ME1 BM2, ME1 BM3, ME2 BM1, ME2 BM2",2.1469467127351365,daily_ff3,Daily FF3,XGBoost Signature
2020-04-16,0.05116,"SMALL HiBM, ME2 BM4, ME3 BM4, ME3 BM5, ME4 BM3",2.2567845065586662,daily_ff3,Daily FF3,XGBoost Signature
2020-04-17,-0.00206,"ME4 BM2, SMALL LoBM, ME1 BM2, ME1 BM3, ME2 BM1",2.252135530475156,daily_ff3,Daily FF3,XGBoost Signature
2020-04-20,-0.0206,"SMALL LoBM, ME1 BM2, ME1 BM3, ME2 BM1, ME2 BM2",2.2057415385473678,daily_ff3,Daily FF3,XGBoost Signature
2020-04-21,0.0192,"SMALL LoBM, ME1 BM2, ME1 BM3, ME2 BM1, ME2 BM2",2.248091776087477,daily_ff3,Daily FF3,XGBoost Signature
2020-04-22,0.00994,"SMALL LoBM, ME1 BM2, ME1 BM3, ME2 BM1, ME2 BM2",2.2704378083417867,daily_ff3,Daily FF3,XGBoost Signature
2020-04-23,0.01748,"SMALL LoBM, ME1 BM2, ME1 BM3, ME2 BM1, ME2 BM2",2.310125061231601,daily_ff3,Daily FF3,XGBoost Signature
2020-04-24,0.03412,"ME2 BM2, ME3 BM3, SMALL LoBM, ME1 BM2, ME1 BM3",2.388946528320823,daily_ff3,Daily FF3,XGBoost Signature
2020-04-27,0.00652,"SMALL LoBM, ME1 BM2, ME1 BM3, ME2 BM1, ME2 BM2",2.404522459685474,daily_ff3,Daily FF3,XGBoost Signature
2020-04-28,0.04612,"SMALL LoBM, ME1 BM3, ME2 BM1, ME3 BM1, ME3 BM2",2.5154190355261687,daily_ff3,Daily FF3,XGBoost Signature
2020-04-29,-0.02722,"ME5 BM2, SMALL LoBM, ME1 BM3, ME2 BM1, ME3 BM1",2.446949329379146,daily_ff3,Daily FF3,XGBoost Signature
2020-04-30,-0.0344,"ME1 BM2, ME2 BM2, ME5 BM2, SMALL LoBM, ME1 BM3",2.362774272448504,daily_ff3,Daily FF3,XGBoost Signature
2020-05-01,0.01134,"SMALL LoBM, ME1 BM2, ME1 BM3, ME2 BM1, ME2 BM2",2.3895681326980696,daily_ff3,Daily FF3,XGBoost Signature
2020-05-04,0.01192,"SMALL LoBM, ME1 BM2, ME1 BM3, ME2 BM1, ME2 BM2",2.41805178483983,daily_ff3,Daily FF3,XGBoost Signature
2020-05-05,-0.00132,"SMALL LoBM, ME1 BM2, ME1 BM3, ME2 BM1, ME2 BM2",2.4148599564838418,daily_ff3,Daily FF3,XGBoost Signature
2020-05-06,0.01656,"SMALL LoBM, ME1 BM2, ME1 BM3, ME2 BM1, ME2 BM2",2.454850037363214,daily_ff3,Daily FF3,XGBoost Signature
2020-05-07,0.02948,"ME4 BM2, SMALL LoBM, ME1 BM2, ME1 BM3, ME2 BM1",2.5272190164646813,daily_ff3,Daily FF3,XGBoost Signature
2020-05-08,0.008,"ME4 BM2, SMALL LoBM, ME1 BM2, ME1 BM3, ME2 BM1",2.547436768596399,daily_ff3,Daily FF3,XGBoost Signature
2020-05-11,-0.02622,"ME4 BM2, SMALL LoBM, ME1 BM2, ME1 BM3, ME2 BM1",2.480642976523801,daily_ff3,Daily FF3,XGBoost Signature
2020-05-12,-0.0357199999999999,"ME3 BM5, SMALL LoBM, ME1 BM2, ME1 BM3, ME2 BM1",2.392034409402371,daily_ff3,Daily FF3,XGBoost Signature
2020-05-13,0.0084,"ME1 BM4, ME2 BM4, ME2 BM5, ME3 BM4, ME3 BM5",2.4121274984413508,daily_ff3,Daily FF3,XGBoost Signature
2020-05-14,0.00882,"ME3 BM4, ME3 BM5, ME4 BM5, SMALL LoBM, ME1 BM2",2.4334024629776034,daily_ff3,Daily FF3,XGBoost Signature
2020-05-15,0.04562,"ME1 BM2, SMALL LoBM, ME1 BM3, ME2 BM1, ME2 BM2",2.5444142833386416,daily_ff3,Daily FF3,XGBoost Signature
2020-05-18,-0.0171,"ME4 BM5, SMALL LoBM, ME1 BM3, ME2 BM1, ME2 BM2",2.5009047990935507,daily_ff3,Daily FF3,XGBoost Signature
2020-05-19,0.0288599999999999,"ME1 BM2, SMALL LoBM, ME1 BM3, ME2 BM1, ME3 BM1",2.5730809115953903,daily_ff3,Daily FF3,XGBoost Signature
2020-05-20,-0.00092,"SMALL LoBM, ME1 BM2, ME1 BM3, ME1 BM4, ME2 BM1",2.5707136771567223,daily_ff3,Daily FF3,XGBoost Signature
2020-05-21,0.00702,"ME1 BM4, ME2 BM3, SMALL LoBM, ME1 BM2, ME1 BM3",2.5887600871703627,daily_ff3,Daily FF3,XGBoost Signature
2020-05-22,0.0134,"ME4 BM2, SMALL LoBM, ME1 BM2, ME1 BM3, ME2 BM1",2.6234494723384456,daily_ff3,Daily FF3,XGBoost Signature
2020-05-26,0.0258,"ME1 BM4, SMALL LoBM, ME1 BM3, ME2 BM1, ME2 BM2",2.6911344687247776,daily_ff3,Daily FF3,XGBoost Signature
2020-05-27,-0.02276,"SMALL LoBM, ME1 BM3, ME1 BM4, ME2 BM1, ME2 BM2",2.6298842482166016,daily_ff3,Daily FF3,XGBoost Signature
2020-05-28,0.0029,"ME5 BM2, ME1 BM2, SMALL LoBM, ME1 BM3, ME2 BM1",2.6375109125364293,daily_ff3,Daily FF3,XGBoost Signature
2020-05-29,0.0096,"ME2 BM2, SMALL LoBM, ME1 BM3, ME2 BM1, ME3 BM1",2.6628310172967797,daily_ff3,Daily FF3,XGBoost Signature
2020-06-01,0.00924,"ME2 BM3, SMALL LoBM, ME1 BM2, ME1 BM3, ME1 BM4",2.6874355758966013,daily_ff3,Daily FF3,XGBoost Signature
2020-06-02,0.01282,"ME4 BM2, SMALL LoBM, ME1 BM2, ME1 BM3, ME2 BM1",2.721888499979596,daily_ff3,Daily FF3,XGBoost Signature
2020-06-03,-0.00252,"ME1 BM2, ME5 BM2, SMALL LoBM, ME1 BM3, ME2 BM1",2.7150293409596475,daily_ff3,Daily FF3,XGBoost Signature
2020-06-04,0.02848,"SMALL LoBM, ME1 BM2, ME1 BM3, ME1 BM4, ME2 BM1",2.7923533765901785,daily_ff3,Daily FF3,XGBoost Signature
2020-06-05,0.02114,"ME4 BM2, SMALL LoBM, ME1 BM2, ME1 BM3, ME2 BM1",2.8513837269712945,daily_ff3,Daily FF3,XGBoost Signature
2020-06-08,-0.01184,"ME3 BM3, ME5 BM2, SMALL LoBM, ME1 BM2, ME1 BM3",2.8176233436439544,daily_ff3,Daily FF3,XGBoost Signature
2020-06-09,-0.0273799999999999,"SMALL LoBM, ME1 BM2, ME1 BM3, ME1 BM4, SMALL HiBM",2.740476816494983,daily_ff3,Daily FF3,XGBoost Signature
2020-06-10,-0.06996,"ME2 BM4, ME5 BM2, ME5 BM3, ME1 BM2, ME1 BM3",2.5487530584129936,daily_ff3,Daily FF3,XGBoost Signature
2020-06-11,0.0321199999999999,"ME3 BM5, ME4 BM4, BIG HiBM, ME1 BM3, ME2 BM1",2.6306190066492188,daily_ff3,Daily FF3,XGBoost Signature
2020-06-12,0.02618,"SMALL LoBM, ME1 BM2, ME1 BM3, ME1 BM4, SMALL HiBM",2.699488612243296,daily_ff3,Daily FF3,XGBoost Signature
2020-06-15,0.0216,"SMALL LoBM, ME1 BM2, ME1 BM3, ME1 BM4, SMALL HiBM",2.757797566267751,daily_ff3,Daily FF3,XGBoost Signature
2020-06-16,-0.0092,"ME2 BM1, ME3 BM1, ME3 BM2, ME4 BM5, BIG LoBM",2.732425828658088,daily_ff3,Daily FF3,XGBoost Signature
2020-06-17,-0.0007,"ME2 BM5, ME3 BM5, ME4 BM4, ME5 BM3, ME5 BM4",2.730513130578027,daily_ff3,Daily FF3,XGBoost Signature
2020-06-18,-0.00292,"BIG LoBM, SMALL LoBM, ME1 BM2, ME1 BM3, ME1 BM4",2.722540032236739,daily_ff3,Daily FF3,XGBoost Signature
2020-06-19,0.00426,"SMALL HiBM, SMALL LoBM, ME4 BM5, ME5 BM3, ME5 BM4",2.7341380527740675,daily_ff3,Daily FF3,XGBoost Signature
2020-06-22,0.0057599999999999,"ME4 BM5, ME5 BM2, ME5 BM3, ME5 BM4, SMALL LoBM",2.749886687958046,daily_ff3,Daily FF3,XGBoost Signature
2020-06-23,-0.02818,"SMALL LoBM, SMALL HiBM, ME4 BM5, ME5 BM2, ME5 BM3",2.6723948810913885,daily_ff3,Daily FF3,XGBoost Signature
2020-06-24,0.01934,"SMALL HiBM, SMALL LoBM, ME1 BM2, ME4 BM5, ME5 BM2",2.7240789980916955,daily_ff3,Daily FF3,XGBoost Signature
2020-06-25,-0.0298,"SMALL HiBM, SMALL LoBM, ME1 BM2, ME1 BM3, ME4 BM5",2.642901443948563,daily_ff3,Daily FF3,XGBoost Signature
2020-06-26,0.02178,"SMALL LoBM, SMALL HiBM, ME1 BM3, ME4 BM5, ME5 BM2",2.7004638373977623,daily_ff3,Daily FF3,XGBoost Signature
2020-06-29,0.0133999999999999,"SMALL LoBM, SMALL HiBM, ME1 BM2, ME2 BM2, ME2 BM5",2.7366500528188924,daily_ff3,Daily FF3,XGBoost Signature
2020-06-30,-0.00554,"SMALL LoBM, ME1 BM2, SMALL HiBM, ME2 BM1, ME1 BM3",2.721489011526276,daily_ff3,Daily FF3,XGBoost Signature
2020-07-01,0.00292,"SMALL LoBM, ME1 BM2, ME2 BM5, ME1 BM3, ME1 BM4",2.7294357594399328,daily_ff3,Daily FF3,XGBoost Signature
2020-07-02,0.00968,"SMALL LoBM, ME1 BM2, ME2 BM1, BIG LoBM, ME1 BM3",2.755856697591311,daily_ff3,Daily FF3,XGBoost Signature
2020-07-06,-0.0191,"SMALL LoBM, ME1 BM2, ME2 BM5, BIG LoBM, ME1 BM3",2.703219834667317,daily_ff3,Daily FF3,XGBoost Signature
2020-07-07,0.0063199999999999,"SMALL LoBM, ME1 BM2, ME2 BM5, BIG LoBM, ME1 BM3",2.7203041840224147,daily_ff3,Daily FF3,XGBoost Signature
2020-07-08,-0.00958,"ME1 BM2, BIG LoBM, ME5 BM2, ME3 BM1, SMALL LoBM",2.69424366993948,daily_ff3,Daily FF3,XGBoost Signature
2020-07-09,0.00398,"ME1 BM2, ME2 BM1, ME4 BM1, BIG LoBM, ME5 BM2",2.7049667597458398,daily_ff3,Daily FF3,XGBoost Signature
2020-07-10,-0.02258,"ME1 BM2, BIG LoBM, ME5 BM2, SMALL LoBM, ME3 BM1",2.6438886103107784,daily_ff3,Daily FF3,XGBoost Signature
2020-07-13,0.0157,"ME1 BM2, ME2 BM1, ME3 BM1, ME4 BM1, BIG LoBM",2.6853976614926576,daily_ff3,Daily FF3,XGBoost Signature
2020-07-14,0.02508,"ME1 BM2, ME2 BM1, ME3 BM1, ME4 BM1, BIG LoBM",2.752747434842893,daily_ff3,Daily FF3,XGBoost Signature
2020-07-15,-0.00554,"ME1 BM2, ME4 BM1, BIG LoBM, ME5 BM2, ME2 BM1",2.737497214053864,daily_ff3,Daily FF3,XGBoost Signature
2020-07-16,0.0087999999999999,"ME1 BM2, ME2 BM1, BIG LoBM, ME5 BM2, SMALL LoBM",2.7615871895375377,daily_ff3,Daily FF3,XGBoost Signature
2020-07-17,0.0133,"ME4 BM1, BIG LoBM, ME5 BM2, ME1 BM2, ME2 BM1",2.798316299158387,daily_ff3,Daily FF3,XGBoost Signature
2020-07-20,0.0001199999999999,"ME4 BM1, BIG LoBM, ME5 BM2, ME1 BM2, SMALL LoBM",2.798652097114286,daily_ff3,Daily FF3,XGBoost Signature
2020-07-21,-0.00154,"ME4 BM1, BIG LoBM, ME5 BM2, ME1 BM2, SMALL LoBM",2.79434217288473,daily_ff3,Daily FF3,XGBoost Signature
2020-07-22,-0.0110199999999999,"ME4 BM1, BIG LoBM, ME5 BM2, ME1 BM2, SMALL LoBM",2.76354852213954,daily_ff3,Daily FF3,XGBoost Signature
2020-07-23,-0.01272,"ME4 BM1, BIG LoBM, ME5 BM2, SMALL LoBM, ME1 BM2",2.728396184937925,daily_ff3,Daily FF3,XGBoost Signature
2020-07-24,0.0133,"ME4 BM1, BIG LoBM, ME5 BM2, SMALL LoBM, ME1 BM2",2.7646838541976,daily_ff3,Daily FF3,XGBoost Signature
2020-07-27,-0.0127,"ME1 BM2, ME4 BM1, BIG LoBM, ME5 BM2, SMALL LoBM",2.7295723692492904,daily_ff3,Daily FF3,XGBoost Signature
2020-07-28,0.01248,"ME1 BM2, ME2 BM1, ME3 BM1, ME4 BM1, BIG LoBM",2.763637432417521,daily_ff3,Daily FF3,XGBoost Signature
2020-07-29,0.00718,"SMALL LoBM, ME1 BM2, ME2 BM1, ME3 BM1, ME4 BM1",2.783480349182279,daily_ff3,Daily FF3,XGBoost Signature
2020-07-30,-0.01176,"SMALL LoBM, ME1 BM2, ME2 BM1, ME3 BM1, ME4 BM1",2.7507466202758954,daily_ff3,Daily FF3,XGBoost Signature
2020-07-31,0.01782,"SMALL LoBM, ME1 BM2, ME4 BM1, BIG LoBM, ME5 BM2",2.799764925049212,daily_ff3,Daily FF3,XGBoost Signature
2020-08-03,0.0091599999999999,"SMALL LoBM, ME1 BM2, ME2 BM1, ME3 BM1, ME4 BM1",2.8254107717626624,daily_ff3,Daily FF3,XGBoost Signature
2020-08-04,0.01588,"SMALL LoBM, ME1 BM2, ME2 BM1, ME3 BM1, ME4 BM1",2.8702782948182533,daily_ff3,Daily FF3,XGBoost Signature
2020-08-05,-0.00334,"SMALL LoBM, ME1 BM2, ME2 BM1, ME3 BM1, ME4 BM1",2.86069156531356,daily_ff3,Daily FF3,XGBoost Signature
2020-08-06,0.0087599999999999,"ME1 BM2, ME4 BM1, BIG LoBM, ME1 BM3, ME1 BM4",2.8857512234257072,daily_ff3,Daily FF3,XGBoost Signature
2020-08-07,0.00514,"ME1 BM2, ME4 BM1, BIG LoBM, ME5 BM2, ME5 BM3",2.9005839847141157,daily_ff3,Daily FF3,XGBoost Signature
2020-08-10,-0.00988,"ME4 BM1, BIG LoBM, ME5 BM2, ME5 BM3, ME2 BM1",2.87192621494514,daily_ff3,Daily FF3,XGBoost Signature
2020-08-11,0.0103799999999999,"ME1 BM2, ME4 BM1, BIG LoBM, ME5 BM3, SMALL LoBM",2.9017368090562705,daily_ff3,Daily FF3,XGBoost Signature
2020-08-12,0.0068,"ME1 BM2, ME2 BM1, ME4 BM1, BIG LoBM, ME5 BM2",2.921468619357853,daily_ff3,Daily FF3,XGBoost Signature
2020-08-13,-0.00454,"ME1 BM2, ME2 BM1, ME4 BM1, BIG LoBM, ME5 BM2",2.9082051518259684,daily_ff3,Daily FF3,XGBoost Signature
2020-08-14,0.0040599999999999,"ME1 BM2, ME4 BM1, BIG LoBM, ME5 BM2, ME5 BM3",2.9200124647423817,daily_ff3,Daily FF3,XGBoost Signature
2020-08-17,0.00024,"ME1 BM2, ME2 BM1, ME4 BM1, BIG LoBM, ME5 BM2",2.92071326773392,daily_ff3,Daily FF3,XGBoost Signature
2020-08-18,0.0038799999999999,"ME1 BM2, ME2 BM1, ME3 BM1, ME4 BM1, BIG LoBM",2.932045635212728,daily_ff3,Daily FF3,XGBoost Signature
2020-08-19,0.00114,"ME1 BM2, ME2 BM1, ME3 BM1, ME4 BM1, BIG LoBM",2.9353881672368702,daily_ff3,Daily FF3,XGBoost Signature
2020-08-20,-0.0043,"ME1 BM2, ME2 BM1, ME4 BM1, BIG LoBM, ME5 BM2",2.922765998117752,daily_ff3,Daily FF3,XGBoost Signature
2020-08-21,-0.00514,"ME1 BM2, ME2 BM1, ME3 BM1, ME4 BM1, BIG LoBM",2.907742980887426,daily_ff3,Daily FF3,XGBoost Signature
2020-08-24,0.0066,"ME1 BM2, ME2 BM1, ME3 BM1, ME4 BM1, BIG LoBM",2.926934084561283,daily_ff3,Daily FF3,XGBoost Signature
2020-08-25,0.00282,"ME1 BM2, ME2 BM1, ME3 BM1, ME4 BM1, BIG LoBM",2.9351880386797458,daily_ff3,Daily FF3,XGBoost Signature
2020-08-26,-0.00362,"ME1 BM2, ME2 BM1, ME3 BM1, ME4 BM1, BIG LoBM",2.9245626579797253,daily_ff3,Daily FF3,XGBoost Signature
2020-08-27,0.01114,"SMALL LoBM, ME1 BM2, ME2 BM1, ME3 BM1, ME4 BM1",2.9571422859896197,daily_ff3,Daily FF3,XGBoost Signature
2020-08-28,0.00124,"ME1 BM2, ME2 BM1, ME3 BM1, ME4 BM1, BIG LoBM",2.960809142424246,daily_ff3,Daily FF3,XGBoost Signature
2020-08-31,0.00948,"ME1 BM2, ME2 BM1, ME3 BM1, ME4 BM1, BIG LoBM",2.988877613094428,daily_ff3,Daily FF3,XGBoost Signature
2020-09-01,0.00998,"ME1 BM2, ME2 BM1, ME3 BM1, ME4 BM1, BIG LoBM",3.0187066116731103,daily_ff3,Daily FF3,XGBoost Signature
2020-09-02,-0.04056,"ME1 BM2, ME2 BM1, ME3 BM1, ME4 BM1, BIG LoBM",2.8962678715036487,daily_ff3,Daily FF3,XGBoost Signature
2020-09-03,-0.0135799999999999,"ME1 BM2, ME2 BM1, ME4 BM1, BIG LoBM, ME5 BM2",2.856936553808629,daily_ff3,Daily FF3,XGBoost Signature
2020-09-04,-0.01464,"SMALL LoBM, ME3 BM1, ME4 BM1, BIG LoBM, ME1 BM2",2.8151110026608706,daily_ff3,Daily FF3,XGBoost Signature
2020-09-08,0.02078,"ME2 BM1, ME2 BM2, ME3 BM1, ME4 BM1, ME4 BM2",2.8736090092961635,daily_ff3,Daily FF3,XGBoost Signature
2020-09-09,-0.0114799999999999,"ME3 BM4, ME4 BM1, ME4 BM2, SMALL LoBM, ME1 BM3",2.8406199778694434,daily_ff3,Daily FF3,XGBoost Signature
2020-09-10,-0.0056999999999999,"SMALL LoBM, ME3 BM1, ME3 BM3, ME4 BM1, BIG LoBM",2.824428443995588,daily_ff3,Daily FF3,XGBoost Signature
2020-09-11,0.0241,"BIG LoBM, ME4 BM1, ME1 BM3, ME1 BM4, SMALL HiBM",2.892497169495881,daily_ff3,Daily FF3,XGBoost Signature
2020-09-14,0.00332,"ME3 BM3, BIG LoBM, SMALL LoBM, ME1 BM2, ME1 BM3",2.902100260098608,daily_ff3,Daily FF3,XGBoost Signature
2020-09-15,0.00618,"ME3 BM3, BIG LoBM, SMALL LoBM, ME1 BM2, ME1 BM3",2.9200352397060176,daily_ff3,Daily FF3,XGBoost Signature
2020-09-16,-0.00502,"BIG HiBM, ME2 BM5, ME3 BM3, BIG LoBM, SMALL LoBM",2.9053766628026936,daily_ff3,Daily FF3,XGBoost Signature
2020-09-17,-0.00454,"ME3 BM1, ME2 BM4, ME2 BM5, ME3 BM3, BIG LoBM",2.8921862527535693,daily_ff3,Daily FF3,XGBoost Signature
2020-09-18,-0.0345,"BIG LoBM, ME1 BM2, ME1 BM3, ME1 BM4, SMALL HiBM",2.7924058270335714,daily_ff3,Daily FF3,XGBoost Signature
2020-09-21,0.00326,"ME2 BM5, BIG LoBM, SMALL LoBM, ME1 BM2, ME1 BM3",2.801509070029701,daily_ff3,Daily FF3,XGBoost Signature
2020-09-22,-0.0276399999999999,"ME1 BM4, ME2 BM4, ME3 BM1, ME4 BM2, BIG LoBM",2.72407535933408,daily_ff3,Daily FF3,XGBoost Signature
2020-09-23,-0.0031799999999999,"BIG LoBM, ME4 BM1, SMALL LoBM, ME1 BM3, ME1 BM4",2.7154127996913977,daily_ff3,Daily FF3,XGBoost Signature
2020-09-24,0.01938,"SMALL LoBM, ME1 BM2, SMALL HiBM, BIG LoBM, ME4 BM1",2.768037499749417,daily_ff3,Daily FF3,XGBoost Signature
2020-09-25,0.0218,"ME3 BM5, BIG LoBM, SMALL LoBM, ME1 BM2, ME1 BM3",2.8283807172439546,daily_ff3,Daily FF3,XGBoost Signature
2020-09-28,0.0062799999999999,"BIG LoBM, SMALL LoBM, ME1 BM2, ME1 BM3, ME2 BM1",2.846142948148247,daily_ff3,Daily FF3,XGBoost Signature
2020-09-29,-8.000000000000003e-05,"BIG LoBM, SMALL LoBM, ME1 BM2, ME1 BM3, ME1 BM4",2.845915256712395,daily_ff3,Daily FF3,XGBoost Signature
2020-09-30,0.01376,"ME1 BM3, ME1 BM4, ME2 BM4, ME2 BM5, ME3 BM3",2.8850750506447578,daily_ff3,Daily FF3,XGBoost Signature
2020-10-01,0.0015,"BIG LoBM, ME3 BM1, ME3 BM4, ME3 BM5, ME4 BM1",2.889402663220725,daily_ff3,Daily FF3,XGBoost Signature
2020-10-02,0.02462,"ME4 BM4, ME4 BM5, BIG HiBM, BIG LoBM, SMALL LoBM",2.9605397567892195,daily_ff3,Daily FF3,XGBoost Signature
2020-10-05,-0.0059599999999999,"BIG LoBM, ME1 BM3, ME1 BM4, SMALL HiBM, ME2 BM3",2.942894939838756,daily_ff3,Daily FF3,XGBoost Signature
2020-10-06,0.02394,"SMALL LoBM, BIG LoBM, ME1 BM4, ME2 BM3, ME2 BM4",3.013347844698496,daily_ff3,Daily FF3,XGBoost Signature
2020-10-07,0.00908,"SMALL LoBM, BIG LoBM, ME2 BM2, ME2 BM3, ME3 BM2",3.0407090431283583,daily_ff3,Daily FF3,XGBoost Signature
2020-10-08,0.00752,"SMALL LoBM, BIG LoBM, ME1 BM2, ME1 BM3, ME1 BM4",3.063575175132684,daily_ff3,Daily FF3,XGBoost Signature
2020-10-09,0.00752,"SMALL LoBM, SMALL HiBM, BIG LoBM, ME2 BM4, ME3 BM5",3.086613260449681,daily_ff3,Daily FF3,XGBoost Signature
2020-10-12,2.0000000000000225e-05,"SMALL LoBM, SMALL HiBM, ME3 BM1, BIG LoBM, ME2 BM1",3.0866749927148898,daily_ff3,Daily FF3,XGBoost Signature
2020-10-13,-0.00726,"SMALL LoBM, SMALL HiBM, ME3 BM1, BIG LoBM, BIG HiBM",3.0642657322677795,daily_ff3,Daily FF3,XGBoost Signature
2020-10-14,0.0063799999999999,"SMALL LoBM, ME1 BM3, SMALL HiBM, ME3 BM1, BIG LoBM",3.083815747639648,daily_ff3,Daily FF3,XGBoost Signature
2020-10-15,-0.00242,"SMALL LoBM, ME1 BM2, ME1 BM3, SMALL HiBM, ME2 BM1",3.07635291353036,daily_ff3,Daily FF3,XGBoost Signature
2020-10-16,-0.0099,"SMALL LoBM, ME1 BM2, ME1 BM3, SMALL HiBM, ME3 BM1",3.045897019686409,daily_ff3,Daily FF3,XGBoost Signature
2020-10-19,0.0032999999999999,"SMALL LoBM, ME1 BM2, ME1 BM3, ME1 BM4, SMALL HiBM",3.055948479851375,daily_ff3,Daily FF3,XGBoost Signature
2020-10-20,-0.00874,"SMALL LoBM, ME1 BM2, ME1 BM3, ME1 BM4, SMALL HiBM",3.029239490137474,daily_ff3,Daily FF3,XGBoost Signature
2020-10-21,0.01244,"SMALL LoBM, ME1 BM2, ME1 BM3, ME1 BM4, SMALL HiBM",3.066923229394785,daily_ff3,Daily FF3,XGBoost Signature
2020-10-22,0.00856,"SMALL LoBM, ME1 BM2, ME1 BM3, ME1 BM4, SMALL HiBM",3.093176092238404,daily_ff3,Daily FF3,XGBoost Signature
2020-10-23,-0.02708,"SMALL LoBM, ME1 BM2, ME1 BM3, ME1 BM4, SMALL HiBM",3.009412883660588,daily_ff3,Daily FF3,XGBoost Signature
2020-10-26,-0.0062,"SMALL LoBM, ME1 BM2, ME1 BM3, SMALL HiBM, ME2 BM1",2.990754523781892,daily_ff3,Daily FF3,XGBoost Signature
2020-10-27,-0.03134,"SMALL LoBM, ME1 BM2, ME1 BM3, SMALL HiBM, ME2 BM1",2.8970242770065675,daily_ff3,Daily FF3,XGBoost Signature
2020-10-28,0.0129399999999999,"SMALL LoBM, SMALL HiBM, ME3 BM1, BIG HiBM, BIG LoBM",2.9345117711510325,daily_ff3,Daily FF3,XGBoost Signature
2020-10-29,-0.02102,"SMALL LoBM, ME1 BM2, ME1 BM3, ME1 BM4, SMALL HiBM",2.8728283337214378,daily_ff3,Daily FF3,XGBoost Signature
2020-10-30,0.0161399999999999,"SMALL LoBM, ME1 BM2, ME1 BM3, ME1 BM4, SMALL HiBM",2.919195783027702,daily_ff3,Daily FF3,XGBoost Signature
2020-11-02,0.03288,"SMALL LoBM, ME1 BM2, ME1 BM3, SMALL HiBM, ME2 BM1",3.015178940373653,daily_ff3,Daily FF3,XGBoost Signature
2020-11-03,-0.0091,"SMALL LoBM, ME1 BM2, ME1 BM3, ME1 BM4, SMALL HiBM",2.9877408120162525,daily_ff3,Daily FF3,XGBoost Signature
2020-11-04,0.0273599999999999,"SMALL LoBM, ME1 BM2, ME1 BM3, ME1 BM4, SMALL HiBM",3.069485400633017,daily_ff3,Daily FF3,XGBoost Signature
2020-11-05,-0.01226,"SMALL LoBM, ME1 BM2, ME1 BM3, SMALL HiBM, ME2 BM1",3.031853509621256,daily_ff3,Daily FF3,XGBoost Signature
2020-11-06,0.0271599999999999,"SMALL LoBM, ME1 BM2, ME1 BM3, SMALL HiBM, ME2 BM1",3.1141986509425696,daily_ff3,Daily FF3,XGBoost Signature
2020-11-09,0.01992,"SMALL LoBM, ME1 BM2, ME1 BM3, SMALL HiBM, ME2 BM1",3.176233488069345,daily_ff3,Daily FF3,XGBoost Signature
2020-11-10,0.0068,"SMALL LoBM, ME1 BM2, ME1 BM3, SMALL HiBM, ME2 BM1",3.1978318757882165,daily_ff3,Daily FF3,XGBoost Signature
2020-11-11,-0.0137799999999999,"SMALL LoBM, ME1 BM2, ME1 BM3, ME1 BM4, SMALL HiBM",3.153765752539855,daily_ff3,Daily FF3,XGBoost Signature
2020-11-12,0.0194599999999999,"SMALL LoBM, ME1 BM2, ME1 BM3, ME1 BM4, SMALL HiBM",3.2151380340842803,daily_ff3,Daily FF3,XGBoost Signature
2020-11-13,0.02394,"SMALL LoBM, ME1 BM2, ME1 BM3, SMALL HiBM, ME2 BM1",3.292108438620258,daily_ff3,Daily FF3,XGBoost Signature
2020-11-16,0.00412,"SMALL LoBM, ME1 BM2, ME1 BM3, SMALL HiBM, ME2 BM1",3.305671925387373,daily_ff3,Daily FF3,XGBoost Signature
2020-11-17,-0.00574,"SMALL LoBM, ME1 BM3, SMALL HiBM, ME2 BM1, ME2 BM2",3.2866973685356498,daily_ff3,Daily FF3,XGBoost Signature
2020-11-18,0.0121599999999999,"SMALL LoBM, ME1 BM2, ME1 BM3, ME1 BM4, SMALL HiBM",3.326663608537043,daily_ff3,Daily FF3,XGBoost Signature
2020-11-19,0.00418,"SMALL LoBM, ME1 BM2, ME1 BM3, ME1 BM4, SMALL HiBM",3.340569062420728,daily_ff3,Daily FF3,XGBoost Signature
2020-11-20,0.0230399999999999,"SMALL LoBM, ME1 BM2, ME1 BM3, ME1 BM4, SMALL HiBM",3.4175357736189014,daily_ff3,Daily FF3,XGBoost Signature
2020-11-23,0.0228999999999999,"SMALL LoBM, ME1 BM2, ME1 BM3, ME1 BM4, SMALL HiBM",3.495797342834774,daily_ff3,Daily FF3,XGBoost Signature
2020-11-24,0.00096,"SMALL LoBM, ME1 BM2, ME1 BM3, ME1 BM4, SMALL HiBM",3.4991533082838955,daily_ff3,Daily FF3,XGBoost Signature
2020-11-25,0.0118,"ME1 BM2, ME1 BM3, SMALL HiBM, ME2 BM1, ME2 BM2",3.5404433173216456,daily_ff3,Daily FF3,XGBoost Signature
2020-11-27,-0.0145,"ME1 BM2, ME1 BM3, ME1 BM4, SMALL HiBM, ME2 BM1",3.4891068892204817,daily_ff3,Daily FF3,XGBoost Signature
2020-11-30,-0.00064,"SMALL LoBM, ME1 BM2, ME1 BM3, SMALL HiBM, ME2 BM1",3.4868738608113805,daily_ff3,Daily FF3,XGBoost Signature
2020-12-01,0.00342,"SMALL LoBM, ME1 BM2, ME1 BM3, SMALL HiBM, ME2 BM1",3.4987989694153554,daily_ff3,Daily FF3,XGBoost Signature
2020-12-02,0.00612,"SMALL LoBM, ME1 BM2, ME1 BM3, ME1 BM4, SMALL HiBM",3.520211619108177,daily_ff3,Daily FF3,XGBoost Signature
2020-12-03,0.02736,"SMALL LoBM, ME1 BM2, ME1 BM3, SMALL HiBM, ME2 BM1",3.616524609006977,daily_ff3,Daily FF3,XGBoost Signature
2020-12-04,0.00028,"SMALL LoBM, ME1 BM2, ME1 BM3, ME1 BM4, SMALL HiBM",3.617537235897499,daily_ff3,Daily FF3,XGBoost Signature
2020-12-07,0.01512,"SMALL LoBM, ME1 BM2, ME1 BM3, ME1 BM4, SMALL HiBM",3.672234398904269,daily_ff3,Daily FF3,XGBoost Signature
2020-12-08,-0.0123,"SMALL LoBM, ME1 BM2, ME1 BM3, ME1 BM4, SMALL HiBM",3.627065915797747,daily_ff3,Daily FF3,XGBoost Signature
2020-12-09,0.0126199999999999,"SMALL LoBM, ME1 BM2, ME1 BM3, ME1 BM4, SMALL HiBM",3.6728394876551143,daily_ff3,Daily FF3,XGBoost Signature
2020-12-10,-0.00824,"SMALL LoBM, ME1 BM2, ME1 BM3, ME1 BM4, SMALL HiBM",3.642575290276836,daily_ff3,Daily FF3,XGBoost Signature
2020-12-11,-0.00456,"SMALL LoBM, ME1 BM2, ME1 BM3, ME1 BM4, SMALL HiBM",3.625965146953174,daily_ff3,Daily FF3,XGBoost Signature
2020-12-14,0.0245199999999999,"SMALL LoBM, ME1 BM2, ME1 BM3, ME1 BM4, SMALL HiBM",3.714873812356466,daily_ff3,Daily FF3,XGBoost Signature
2020-12-15,-0.0014199999999999,"SMALL LoBM, ME1 BM2, ME1 BM3, SMALL HiBM, ME2 BM1",3.70959869154292,daily_ff3,Daily FF3,XGBoost Signature
2020-12-16,0.01874,"ME3 BM1, ME2 BM1, SMALL LoBM, ME1 BM2, ME1 BM3",3.7791165710224335,daily_ff3,Daily FF3,XGBoost Signature
2020-12-17,-0.00078,"SMALL LoBM, ME1 BM2, ME1 BM3, SMALL HiBM, ME2 BM1",3.776168860097037,daily_ff3,Daily FF3,XGBoost Signature
2020-12-18,0.0063,"ME1 BM3, SMALL HiBM, ME2 BM1, ME3 BM1, ME1 BM2",3.799958723915648,daily_ff3,Daily FF3,XGBoost Signature
2020-12-21,0.01628,"ME1 BM3, SMALL HiBM, ME3 BM1, ME1 BM2, ME2 BM1",3.861822051940995,daily_ff3,Daily FF3,XGBoost Signature
2020-12-22,0.00576,"ME1 BM3, ME2 BM1, ME3 BM1, SMALL LoBM, ME1 BM2",3.884066146960176,daily_ff3,Daily FF3,XGBoost Signature
2020-12-23,-0.0053599999999999,"ME3 BM1, ME2 BM1, SMALL LoBM, ME1 BM2, ME1 BM3",3.863247552412469,daily_ff3,Daily FF3,XGBoost Signature
2020-12-24,-0.0087,"ME2 BM1, ME3 BM1, SMALL LoBM, ME1 BM2, ME1 BM3",3.82963729870648,daily_ff3,Daily FF3,XGBoost Signature
2020-12-28,-0.02102,"ME2 BM1, ME3 BM1, SMALL LoBM, ME1 BM2, ME1 BM3",3.7491383226876698,daily_ff3,Daily FF3,XGBoost Signature
2020-12-29,0.0151799999999999,"SMALL LoBM, ME1 BM2, ME1 BM3, ME1 BM4, SMALL HiBM",3.806050242426069,daily_ff3,Daily FF3,XGBoost Signature
2020-12-30,-0.0043,"SMALL HiBM, ME2 BM1, ME3 BM1, ME1 BM2, ME1 BM3",3.789684226383637,daily_ff3,Daily FF3,XGBoost Signature
2020-12-31,-0.00328,"SMALL LoBM, ME1 BM2, ME1 BM3, ME1 BM4, SMALL HiBM",3.7772540621210986,daily_ff3,Daily FF3,XGBoost Signature
2021-01-04,0.021,"ME1 BM2, ME1 BM3, SMALL HiBM, ME3 BM1, SMALL LoBM",3.856576397425641,daily_ff3,Daily FF3,XGBoost Signature
2021-01-05,0.03158,"SMALL LoBM, ME1 BM2, ME1 BM3, ME1 BM4, SMALL HiBM",3.978367080056343,daily_ff3,Daily FF3,XGBoost Signature
2021-01-06,0.02368,"ME5 BM3, SMALL LoBM, ME1 BM2, ME1 BM3, ME1 BM4",4.072574812512077,daily_ff3,Daily FF3,XGBoost Signature
2021-01-07,-0.00078,"BIG LoBM, SMALL LoBM, ME1 BM2, ME1 BM3, ME1 BM4",4.069398204158317,daily_ff3,Daily FF3,XGBoost Signature
2021-01-08,0.00182,"ME3 BM1, SMALL LoBM, ME1 BM2, ME1 BM3, ME1 BM4",4.076804508889885,daily_ff3,Daily FF3,XGBoost Signature
2021-01-11,0.0265399999999999,"SMALL LoBM, ME1 BM2, ME1 BM3, ME1 BM4, SMALL HiBM",4.185002900555823,daily_ff3,Daily FF3,XGBoost Signature
2021-01-12,-0.0063199999999999,"SMALL LoBM, ME1 BM2, ME1 BM3, ME1 BM4, SMALL HiBM",4.15855368222431,daily_ff3,Daily FF3,XGBoost Signature
2021-01-13,0.0277599999999999,"SMALL LoBM, ME1 BM2, ME1 BM3, ME1 BM4, SMALL HiBM",4.273995132442857,daily_ff3,Daily FF3,XGBoost Signature
2021-01-14,-0.01582,"SMALL LoBM, ME1 BM2, ME1 BM3, ME1 BM4, SMALL HiBM",4.206380529447611,daily_ff3,Daily FF3,XGBoost Signature
2021-01-15,0.02416,"SMALL LoBM, ME1 BM2, ME1 BM3, ME1 BM4, SMALL HiBM",4.308006683039065,daily_ff3,Daily FF3,XGBoost Signature
2021-01-19,0.00036,"ME3 BM1, SMALL LoBM, ME1 BM2, ME1 BM3, ME1 BM4",4.309557565444959,daily_ff3,Daily FF3,XGBoost Signature
2021-01-20,-0.00662,"ME3 BM1, ME5 BM3, SMALL LoBM, ME1 BM2, ME1 BM3",4.281028294361714,daily_ff3,Daily FF3,XGBoost Signature
2021-01-21,0.01456,"ME5 BM3, SMALL LoBM, ME1 BM2, ME1 BM3, ME1 BM4",4.34336006632762,daily_ff3,Daily FF3,XGBoost Signature
2021-01-22,0.00898,"SMALL LoBM, ME1 BM2, ME1 BM3, ME1 BM4, SMALL HiBM",4.382363439723242,daily_ff3,Daily FF3,XGBoost Signature
2021-01-25,0.0121999999999999,"SMALL LoBM, ME1 BM2, ME1 BM3, ME1 BM4, SMALL HiBM",4.435828273687865,daily_ff3,Daily FF3,XGBoost Signature
2021-01-26,-0.0329,"ME4 BM1, SMALL LoBM, ME1 BM2, ME1 BM3, ME1 BM4",4.289889523483534,daily_ff3,Daily FF3,XGBoost Signature
2021-01-27,-0.01804,"SMALL LoBM, ME1 BM2, ME1 BM3, ME1 BM4, SMALL HiBM",4.212499916479891,daily_ff3,Daily FF3,XGBoost Signature
2021-01-28,-0.0132,"SMALL LoBM, ME1 BM2, ME1 BM3, ME1 BM4, ME2 BM1",4.156894917582357,daily_ff3,Daily FF3,XGBoost Signature
2021-01-29,0.01596,"SMALL HiBM, ME1 BM3, SMALL LoBM, ME1 BM2, ME1 BM4",4.223238960466971,daily_ff3,Daily FF3,XGBoost Signature
2021-02-01,0.01906,"ME5 BM3, ME5 BM4, SMALL LoBM, ME1 BM2, ME1 BM3",4.303733895053472,daily_ff3,Daily FF3,XGBoost Signature
2021-02-02,0.02346,"SMALL HiBM, ME4 BM5, SMALL LoBM, ME1 BM2, ME1 BM3",4.404699492231426,daily_ff3,Daily FF3,XGBoost Signature
2021-02-03,0.0159999999999999,"SMALL HiBM, SMALL LoBM, ME1 BM2, ME1 BM3, ME1 BM4",4.475174684107129,daily_ff3,Daily FF3,XGBoost Signature
2021-02-04,0.01556,"ME4 BM5, ME1 BM2, ME1 BM3, ME1 BM4, SMALL HiBM",4.544808402191836,daily_ff3,Daily FF3,XGBoost Signature
2021-02-05,0.0493,"ME1 BM3, ME1 BM4, SMALL LoBM, ME1 BM2, SMALL HiBM",4.768867456419893,daily_ff3,Daily FF3,XGBoost Signature
2021-02-08,0.0114,"BIG HiBM, SMALL LoBM, ME1 BM2, ME1 BM3, ME1 BM4",4.82323254542308,daily_ff3,Daily FF3,XGBoost Signature
2021-02-09,-0.00704,"ME5 BM4, BIG HiBM, SMALL LoBM, ME1 BM2, ME1 BM3",4.7892769883033015,daily_ff3,Daily FF3,XGBoost Signature
2021-02-10,-0.00716,"BIG HiBM, ME1 BM3, ME1 BM4, ME4 BM5, ME1 BM2",4.754985765067049,daily_ff3,Daily FF3,XGBoost Signature
2021-02-11,0.00718,"ME1 BM3, BIG HiBM, ME1 BM2, ME1 BM4, SMALL HiBM",4.789126562860231,daily_ff3,Daily FF3,XGBoost Signature
2021-02-12,0.01006,"ME4 BM5, BIG HiBM, ME1 BM2, ME1 BM3, ME1 BM4",4.837305176082604,daily_ff3,Daily FF3,XGBoost Signature
2021-02-16,-0.00562,"BIG HiBM, ME1 BM2, ME1 BM3, ME1 BM4, SMALL HiBM",4.8101195209930205,daily_ff3,Daily FF3,XGBoost Signature
2021-02-17,-0.02584,"SMALL LoBM, ME4 BM5, ME1 BM2, ME1 BM3, ME1 BM4",4.685826032570561,daily_ff3,Daily FF3,XGBoost Signature
2021-02-18,0.02164,"BIG HiBM, ME1 BM2, ME1 BM3, ME1 BM4, SMALL HiBM",4.787227307915388,daily_ff3,Daily FF3,XGBoost Signature
2021-02-19,-0.0108,"BIG HiBM, SMALL LoBM, ME1 BM2, ME1 BM3, ME1 BM4",4.735525252989902,daily_ff3,Daily FF3,XGBoost Signature
2021-02-22,-0.01988,"SMALL LoBM, BIG HiBM, ME1 BM2, ME1 BM3, ME1 BM4",4.641383010960463,daily_ff3,Daily FF3,XGBoost Signature
2021-02-23,0.01968,"SMALL LoBM, ME3 BM1, ME4 BM1, ME5 BM4, ME1 BM2",4.732725428616164,daily_ff3,Daily FF3,XGBoost Signature
2021-02-24,-0.03574,"SMALL LoBM, ME1 BM4, ME1 BM3, ME1 BM2, SMALL HiBM",4.563577821797423,daily_ff3,Daily FF3,XGBoost Signature
2021-02-25,-0.0051199999999999,"ME1 BM3, ME4 BM1, ME4 BM5, ME1 BM2, SMALL HiBM",4.540212303349819,daily_ff3,Daily FF3,XGBoost Signature
2021-02-26,0.03906,"ME2 BM3, ME2 BM4, ME2 BM5, ME3 BM4, ME1 BM2",4.717552995918664,daily_ff3,Daily FF3,XGBoost Signature
2021-03-01,-0.02262,"SMALL LoBM, ME1 BM2, ME2 BM1, ME2 BM2, ME2 BM3",4.610841947150983,daily_ff3,Daily FF3,XGBoost Signature
2021-03-02,-0.01402,"ME4 BM4, ME1 BM2, ME2 BM1, ME2 BM2, ME2 BM3",4.546197943051927,daily_ff3,Daily FF3,XGBoost Signature
2021-03-03,-0.03606,"ME4 BM4, ME1 BM2, ME2 BM1, ME2 BM2, ME2 BM3",4.382262045225474,daily_ff3,Daily FF3,XGBoost Signature
2021-03-04,0.01856,"ME1 BM2, ME2 BM1, ME2 BM2, ME2 BM3, ME2 BM4",4.463596828784858,daily_ff3,Daily FF3,XGBoost Signature
2021-03-05,0.01984,"SMALL LoBM, ME1 BM3, ME1 BM4, SMALL HiBM, ME4 BM4",4.552154589867951,daily_ff3,Daily FF3,XGBoost Signature
2021-03-08,0.01444,"ME2 BM3, ME4 BM4, ME2 BM1, ME2 BM2, ME2 BM4",4.617887702145644,daily_ff3,Daily FF3,XGBoost Signature
2021-03-09,0.01634,"SMALL LoBM, BIG LoBM, ME2 BM5, ME3 BM5, ME2 BM1",4.693343987198705,daily_ff3,Daily FF3,XGBoost Signature
2021-03-10,0.0242799999999999,"ME1 BM2, ME2 BM3, ME2 BM1, ME2 BM2, ME2 BM4",4.807298379207889,daily_ff3,Daily FF3,XGBoost Signature
2021-03-11,0.00186,"ME2 BM3, ME2 BM5, BIG LoBM, ME1 BM2, ME2 BM1",4.816239954193216,daily_ff3,Daily FF3,XGBoost Signature
2021-03-12,0.00876,"ME1 BM2, ME2 BM3, ME2 BM1, ME2 BM2, ME2 BM4",4.858430216191948,daily_ff3,Daily FF3,XGBoost Signature
2021-03-15,-0.01612,"ME2 BM3, ME1 BM2, ME2 BM1, ME2 BM2, ME2 BM4",4.780112321106934,daily_ff3,Daily FF3,XGBoost Signature
2021-03-16,0.00906,"SMALL HiBM, ME2 BM5, ME2 BM3, ME1 BM2, ME2 BM1",4.823420138736163,daily_ff3,Daily FF3,XGBoost Signature
2021-03-17,-0.0315999999999999,"SMALL HiBM, ME1 BM2, ME2 BM3, ME2 BM1, ME2 BM2",4.6710000623521,daily_ff3,Daily FF3,XGBoost Signature
2021-03-18,0.0125,"ME1 BM2, ME2 BM3, ME2 BM1, ME2 BM2, ME2 BM4",4.7293875631315005,daily_ff3,Daily FF3,XGBoost Signature
2021-03-19,-0.0121,"ME2 BM3, ME2 BM5, ME3 BM5, ME1 BM2, ME2 BM1",4.67216197361761,daily_ff3,Daily FF3,XGBoost Signature
2021-03-22,-0.03806,"BIG HiBM, ME3 BM5, ME2 BM3, ME1 BM2, ME2 BM1",4.494339488901724,daily_ff3,Daily FF3,XGBoost Signature
2021-03-23,-0.0291799999999999,"ME2 BM3, ME1 BM2, ME2 BM1, ME2 BM2, ME2 BM4",4.363194662615571,daily_ff3,Daily FF3,XGBoost Signature
2021-03-24,0.0298,"SMALL LoBM, ME1 BM3, ME1 BM4, SMALL HiBM, ME4 BM4",4.493217863561515,daily_ff3,Daily FF3,XGBoost Signature
2021-03-25,0.00176,"SMALL HiBM, SMALL LoBM, ME1 BM2, ME2 BM1, ME2 BM2",4.501125927001383,daily_ff3,Daily FF3,XGBoost Signature
2021-03-26,-0.03248,"SMALL HiBM, ME1 BM2, ME2 BM1, ME2 BM2, ME2 BM3",4.354929356892378,daily_ff3,Daily FF3,XGBoost Signature
2021-03-29,0.02008,"ME1 BM2, SMALL HiBM, ME2 BM1, ME2 BM2, ME2 BM3",4.442376338378778,daily_ff3,Daily FF3,XGBoost Signature
2021-03-30,0.01692,"SMALL LoBM, ME1 BM3, ME1 BM4, ME4 BM4, ME1 BM2",4.517541346024147,daily_ff3,Daily FF3,XGBoost Signature
2021-03-31,0.01684,"ME4 BM4, ME1 BM2, SMALL HiBM, ME2 BM1, ME2 BM2",4.593616742291193,daily_ff3,Daily FF3,XGBoost Signature
2021-04-01,0.00312,"ME4 BM4, ME1 BM2, SMALL HiBM, ME2 BM1, ME2 BM2",4.607948826527141,daily_ff3,Daily FF3,XGBoost Signature
2021-04-05,-0.0040999999999999,"ME1 BM2, SMALL HiBM, ME2 BM1, ME2 BM2, ME2 BM3",4.58905623633838,daily_ff3,Daily FF3,XGBoost Signature
2021-04-06,-0.02006,"ME1 BM2, SMALL HiBM, ME2 BM1, ME2 BM2, ME2 BM3",4.4969997682374325,daily_ff3,Daily FF3,XGBoost Signature
2021-04-07,0.0104,"ME1 BM2, SMALL HiBM, ME2 BM1, ME2 BM2, ME2 BM3",4.543768565827102,daily_ff3,Daily FF3,XGBoost Signature
2021-04-08,-0.00412,"ME1 BM4, ME1 BM2, SMALL HiBM, ME2 BM1, ME2 BM2",4.525048239335894,daily_ff3,Daily FF3,XGBoost Signature
2021-04-09,-0.0079599999999999,"ME2 BM3, ME3 BM5, ME1 BM2, ME2 BM1, ME2 BM2",4.489028855350781,daily_ff3,Daily FF3,XGBoost Signature
2021-04-12,0.0002,"SMALL HiBM, ME1 BM2, ME2 BM1, ME2 BM2, ME2 BM3",4.489926661121851,daily_ff3,Daily FF3,XGBoost Signature
2021-04-13,0.013,"ME3 BM5, ME1 BM2, SMALL HiBM, ME2 BM1, ME2 BM2",4.548295707716434,daily_ff3,Daily FF3,XGBoost Signature
2021-04-14,-0.00228,"ME1 BM4, ME4 BM4, ME5 BM4, BIG HiBM, ME1 BM2",4.537925593502841,daily_ff3,Daily FF3,XGBoost Signature
2021-04-15,-0.00274,"ME1 BM2, SMALL HiBM, ME2 BM1, ME2 BM2, ME2 BM3",4.525491677376643,daily_ff3,Daily FF3,XGBoost Signature
2021-04-16,-0.01368,"SMALL HiBM, ME1 BM2, ME2 BM1, ME2 BM2, ME2 BM3",4.463582951230131,daily_ff3,Daily FF3,XGBoost Signature
2021-04-19,-0.0228799999999999,"ME1 BM2, SMALL HiBM, ME2 BM1, ME2 BM2, ME2 BM3",4.361456173305985,daily_ff3,Daily FF3,XGBoost Signature
2021-04-20,0.0313,"ME1 BM2, SMALL HiBM, ME2 BM1, ME2 BM2, ME2 BM3",4.497969751530463,daily_ff3,Daily FF3,XGBoost Signature
2021-04-21,-0.00966,"ME4 BM4, ME4 BM5, BIG HiBM, SMALL HiBM, ME2 BM3",4.454519363730679,daily_ff3,Daily FF3,XGBoost Signature
2021-04-22,0.01636,"ME2 BM3, ME1 BM2, ME2 BM1, ME2 BM2, ME2 BM4",4.527395300521312,daily_ff3,Daily FF3,XGBoost Signature
2021-04-23,0.01422,"ME2 BM3, ME4 BM2, BIG LoBM, ME1 BM2, SMALL HiBM",4.5917748616947245,daily_ff3,Daily FF3,XGBoost Signature
2021-04-26,0.0025199999999999,"ME1 BM3, ME3 BM5, BIG LoBM, ME1 BM2, SMALL HiBM",4.603346134346196,daily_ff3,Daily FF3,XGBoost Signature
2021-04-27,0.0039,"SMALL HiBM, ME3 BM5, ME1 BM2, ME2 BM1, ME2 BM2",4.621299184270146,daily_ff3,Daily FF3,XGBoost Signature
2021-04-28,-0.0076399999999999,"SMALL HiBM, ME4 BM2, ME1 BM2, ME2 BM1, ME2 BM2",4.585992458502322,daily_ff3,Daily FF3,XGBoost Signature
2021-04-29,-0.01218,"SMALL HiBM, ME1 BM2, ME2 BM5, ME4 BM2, ME4 BM3",4.5301350703577645,daily_ff3,Daily FF3,XGBoost Signature
2021-04-30,0.00592,"ME1 BM2, ME2 BM5, ME4 BM2, ME4 BM3, ME2 BM1",4.556953469974282,daily_ff3,Daily FF3,XGBoost Signature
2021-05-03,-0.00776,"SMALL HiBM, ME2 BM5, ME4 BM2, ME4 BM3, ME1 BM2",4.521591511047282,daily_ff3,Daily FF3,XGBoost Signature
2021-05-04,-0.00328,"ME2 BM3, ME4 BM2, ME1 BM2, ME2 BM1, ME2 BM2",4.506760690891047,daily_ff3,Daily FF3,XGBoost Signature
2021-05-05,-0.00838,"ME1 BM3, ME2 BM3, ME4 BM2, ME1 BM2, ME2 BM1",4.468994036301379,daily_ff3,Daily FF3,XGBoost Signature
2021-05-06,0.01636,"ME2 BM3, ME2 BM5, ME4 BM2, ME1 BM2, ME2 BM1",4.54210677873527,daily_ff3,Daily FF3,XGBoost Signature
2021-05-07,-0.0267,"SMALL LoBM, ME2 BM3, ME2 BM5, ME4 BM2, ME1 BM2",4.420832527743039,daily_ff3,Daily FF3,XGBoost Signature
2021-05-10,-0.00344,"ME2 BM3, ME2 BM5, ME4 BM2, ME4 BM3, ME1 BM2",4.405624863847603,daily_ff3,Daily FF3,XGBoost Signature
2021-05-11,-0.03362,"ME2 BM3, ME2 BM5, ME1 BM2, ME2 BM1, ME2 BM2",4.257507755925047,daily_ff3,Daily FF3,XGBoost Signature
2021-05-12,0.01076,"ME2 BM3, ME2 BM5, ME1 BM2, ME2 BM1, ME2 BM2",4.3033185393788,daily_ff3,Daily FF3,XGBoost Signature
2021-05-13,0.02968,"ME1 BM2, ME2 BM1, ME2 BM2, ME2 BM4, ME3 BM1",4.4310410336275625,daily_ff3,Daily FF3,XGBoost Signature
2021-05-14,0.0082,"SMALL LoBM, SMALL HiBM, ME2 BM3, ME4 BM2, ME4 BM3",4.467375570103308,daily_ff3,Daily FF3,XGBoost Signature
2021-05-17,-0.0048,"SMALL HiBM, ME5 BM2, ME2 BM1, ME2 BM2, ME2 BM4",4.445932167366812,daily_ff3,Daily FF3,XGBoost Signature
2021-05-18,-0.0079,"ME2 BM3, ME4 BM2, ME4 BM3, ME2 BM1, ME2 BM2",4.410809303244614,daily_ff3,Daily FF3,XGBoost Signature
2021-05-19,0.00786,"SMALL HiBM, ME1 BM4, ME4 BM2, ME4 BM3, ME2 BM1",4.445478264368116,daily_ff3,Daily FF3,XGBoost Signature
2021-05-20,0.00498,"SMALL HiBM, ME1 BM2, ME1 BM4, ME4 BM2, ME2 BM1",4.467616746124669,daily_ff3,Daily FF3,XGBoost Signature
2021-05-21,0.00244,"ME4 BM4, ME4 BM5, ME1 BM3, ME3 BM5, ME4 BM2",4.478517730985214,daily_ff3,Daily FF3,XGBoost Signature
2021-05-24,-0.01182,"ME1 BM2, ME2 BM5, ME4 BM1, ME4 BM2, ME1 BM4",4.425581651404968,daily_ff3,Daily FF3,XGBoost Signature
2021-05-25,0.02902,"ME1 BM4, ME2 BM5, SMALL HiBM, ME2 BM1, ME2 BM2",4.554012030928741,daily_ff3,Daily FF3,XGBoost Signature
2021-05-26,0.01214,"ME4 BM3, ME5 BM3, ME1 BM2, ME1 BM3, ME1 BM4",4.609297736984216,daily_ff3,Daily FF3,XGBoost Signature
2021-05-27,-0.0054,"ME2 BM3, ME3 BM2, ME1 BM4, SMALL HiBM, ME2 BM1",4.584407529204501,daily_ff3,Daily FF3,XGBoost Signature
2021-05-28,0.01514,"SMALL LoBM, ME4 BM4, ME1 BM2, ME1 BM3, ME1 BM4",4.653815459196657,daily_ff3,Daily FF3,XGBoost Signature
2021-06-01,0.0007,"ME4 BM3, ME4 BM4, SMALL LoBM, ME1 BM2, ME1 BM3",4.657073130018095,daily_ff3,Daily FF3,XGBoost Signature
2021-06-02,0.0006799999999999,"ME4 BM2, ME4 BM3, ME5 BM3, BIG HiBM, SMALL LoBM",4.660239939746507,daily_ff3,Daily FF3,XGBoost Signature
2021-06-03,0.00364,"ME4 BM3, ME4 BM5, ME5 BM3, BIG HiBM, SMALL LoBM",4.677203213127185,daily_ff3,Daily FF3,XGBoost Signature
2021-06-04,0.01458,"ME4 BM2, ME5 BM4, SMALL LoBM, ME1 BM2, ME1 BM3",4.74539683597458,daily_ff3,Daily FF3,XGBoost Signature
2021-06-07,0.00718,"ME4 BM2, ME5 BM3, SMALL LoBM, ME1 BM2, ME1 BM3",4.779468785256877,daily_ff3,Daily FF3,XGBoost Signature
2021-06-08,-0.00554,"ME4 BM2, ME5 BM4, SMALL LoBM, ME1 BM2, ME1 BM3",4.752990528186554,daily_ff3,Daily FF3,XGBoost Signature
2021-06-09,-0.00702,"ME4 BM2, ME5 BM3, SMALL LoBM, ME1 BM2, ME1 BM3",4.719624534678684,daily_ff3,Daily FF3,XGBoost Signature
2021-06-10,0.0064,"ME4 BM2, ME5 BM3, SMALL LoBM, ME1 BM2, ME1 BM3",4.749830131700628,daily_ff3,Daily FF3,XGBoost Signature
2021-06-11,-0.0084,"SMALL HiBM, ME4 BM2, ME4 BM3, ME4 BM5, ME5 BM3",4.709931558594342,daily_ff3,Daily FF3,XGBoost Signature
2021-06-14,-7.999999999999998e-05,"ME3 BM1, SMALL HiBM, ME4 BM2, ME4 BM5, ME5 BM3",4.709554764069655,daily_ff3,Daily FF3,XGBoost Signature
2021-06-15,-0.00202,"ME5 BM4, SMALL LoBM, SMALL HiBM, ME3 BM1, ME4 BM2",4.700041463446235,daily_ff3,Daily FF3,XGBoost Signature
2021-06-16,-0.01336,"SMALL HiBM, SMALL LoBM, ME4 BM2, ME5 BM3, ME5 BM4",4.637248909494593,daily_ff3,Daily FF3,XGBoost Signature
2021-06-17,-0.0198,"SMALL LoBM, ME1 BM2, ME1 BM3, SMALL HiBM, ME2 BM5",4.5454313810866,daily_ff3,Daily FF3,XGBoost Signature
2021-06-18,0.02012,"SMALL HiBM, ME1 BM3, ME2 BM5, ME3 BM1, SMALL LoBM",4.636885460474062,daily_ff3,Daily FF3,XGBoost Signature
2021-06-21,0.00336,"ME1 BM3, SMALL HiBM, ME3 BM1, ME4 BM5, ME5 BM3",4.652465395621255,daily_ff3,Daily FF3,XGBoost Signature
2021-06-22,0.00422,"ME1 BM2, ME2 BM3, ME3 BM1, ME3 BM5, ME4 BM5",4.672098799590777,daily_ff3,Daily FF3,XGBoost Signature
2021-06-23,0.0178,"SMALL LoBM, ME1 BM2, ME1 BM3, ME2 BM1, ME2 BM5",4.755262158223493,daily_ff3,Daily FF3,XGBoost Signature
2021-06-24,0.00278,"ME2 BM4, ME3 BM4, ME1 BM4, ME3 BM2, ME3 BM3",4.7684817870233545,daily_ff3,Daily FF3,XGBoost Signature
2021-06-25,-0.0138199999999999,"ME2 BM4, ME3 BM4, ME3 BM2, ME3 BM3, ME4 BM4",4.702581368726692,daily_ff3,Daily FF3,XGBoost Signature
2021-06-28,-0.00402,"ME2 BM4, ME3 BM4, ME3 BM2, ME3 BM3, ME4 BM4",4.683676991624411,daily_ff3,Daily FF3,XGBoost Signature
2021-06-29,0.00196,"ME2 BM4, ME3 BM3, ME3 BM4, BIG LoBM, ME5 BM2",4.692856998527994,daily_ff3,Daily FF3,XGBoost Signature
2021-06-30,0.00806,"ME2 BM4, ME3 BM4, ME3 BM3, ME4 BM4, SMALL LoBM",4.73068142593613,daily_ff3,Daily FF3,XGBoost Signature
2021-07-01,-0.01178,"SMALL LoBM, ME2 BM1, ME2 BM4, ME3 BM4, ME3 BM3",4.6749539987386015,daily_ff3,Daily FF3,XGBoost Signature
2021-07-02,-0.0157,"ME2 BM4, ME3 BM4, ME1 BM4, ME3 BM2, ME3 BM3",4.601557220958405,daily_ff3,Daily FF3,XGBoost Signature
2021-07-06,0.0003399999999999,"ME2 BM4, ME3 BM4, ME3 BM2, ME3 BM3, ME4 BM4",4.603121750413531,daily_ff3,Daily FF3,XGBoost Signature
2021-07-07,-0.0065,"SMALL LoBM, ME1 BM2, SMALL HiBM, ME2 BM4, ME3 BM3",4.573201459035843,daily_ff3,Daily FF3,XGBoost Signature
2021-07-08,0.0230399999999999,"SMALL LoBM, ME2 BM4, ME3 BM3, ME3 BM4, ME4 BM4",4.678568020652029,daily_ff3,Daily FF3,XGBoost Signature
2021-07-09,0.00282,"ME2 BM4, ME3 BM3, ME3 BM4, ME3 BM5, ME4 BM4",4.691761582470268,daily_ff3,Daily FF3,XGBoost Signature
2021-07-12,-0.01644,"ME1 BM4, ME2 BM4, ME3 BM2, ME3 BM3, ME3 BM4",4.614629022054457,daily_ff3,Daily FF3,XGBoost Signature
2021-07-13,-0.00822,"ME2 BM4, ME3 BM3, ME3 BM4, ME3 BM5, ME1 BM4",4.576696771493169,daily_ff3,Daily FF3,XGBoost Signature
2021-07-14,-0.00756,"SMALL LoBM, ME1 BM2, ME1 BM3, ME2 BM1, ME2 BM2",4.54209694390068,daily_ff3,Daily FF3,XGBoost Signature
2021-07-15,-0.01078,"SMALL LoBM, ME1 BM2, ME1 BM3, SMALL HiBM, ME2 BM1",4.493133138845431,daily_ff3,Daily FF3,XGBoost Signature
2021-07-16,-0.0230399999999999,"ME1 BM4, ME2 BM4, ME3 BM3, ME3 BM4, ME3 BM5",4.389611351326432,daily_ff3,Daily FF3,XGBoost Signature
2021-07-19,0.02416,"SMALL HiBM, ME1 BM4, ME2 BM4, ME3 BM2, ME3 BM3",4.495664361574479,daily_ff3,Daily FF3,XGBoost Signature
2021-07-20,0.0169199999999999,"ME1 BM4, ME2 BM4, ME3 BM2, ME3 BM3, ME3 BM4",4.571731002572319,daily_ff3,Daily FF3,XGBoost Signature
2021-07-21,-0.01496,"ME1 BM4, ME2 BM4, ME3 BM2, ME3 BM3, ME3 BM4",4.5033379067738375,daily_ff3,Daily FF3,XGBoost Signature
2021-07-22,0.00742,"ME2 BM4, ME3 BM2, ME3 BM3, ME3 BM4, ME3 BM5",4.536752674042099,daily_ff3,Daily FF3,XGBoost Signature
2021-07-23,0.00436,"ME2 BM5, SMALL LoBM, ME4 BM2, ME4 BM3, ME5 BM4",4.556532915700923,daily_ff3,Daily FF3,XGBoost Signature
2021-07-26,-0.00776,"ME1 BM4, ME2 BM2, ME3 BM1, ME4 BM2, ME4 BM3",4.521174220275084,daily_ff3,Daily FF3,XGBoost Signature
2021-07-27,0.0076199999999999,"ME2 BM4, ME3 BM2, ME3 BM3, ME3 BM4, ME4 BM4",4.555625567833579,daily_ff3,Daily FF3,XGBoost Signature
2021-07-28,0.01122,"ME2 BM4, ME3 BM2, ME3 BM3, ME3 BM4, ME4 BM4",4.606739686704672,daily_ff3,Daily FF3,XGBoost Signature
2021-07-29,-0.00414,"ME2 BM4, ME3 BM2, ME3 BM3, ME3 BM4, ME4 BM4",4.587667784401715,daily_ff3,Daily FF3,XGBoost Signature
2021-07-30,0.00028,"SMALL LoBM, ME1 BM4, ME2 BM1, ME2 BM2, ME2 BM3",4.588952331381347,daily_ff3,Daily FF3,XGBoost Signature
2021-08-02,-0.00246,"SMALL LoBM, ME2 BM1, ME1 BM4, ME2 BM2, ME3 BM1",4.577663508646149,daily_ff3,Daily FF3,XGBoost Signature
2021-08-03,-0.01292,"ME1 BM2, ME1 BM4, ME2 BM3, ME3 BM1, ME3 BM5",4.5185200961144405,daily_ff3,Daily FF3,XGBoost Signature
2021-08-04,0.01462,"ME2 BM3, ME3 BM1, ME1 BM4, ME3 BM5, ME4 BM1",4.584580859919634,daily_ff3,Daily FF3,XGBoost Signature
2021-08-05,0.00798,"SMALL LoBM, ME1 BM4, ME2 BM4, ME3 BM2, ME3 BM3",4.621165815181794,daily_ff3,Daily FF3,XGBoost Signature
2021-08-06,-0.00216,"ME2 BM3, ME3 BM1, ME4 BM2, ME4 BM3, SMALL LoBM",4.611184097021001,daily_ff3,Daily FF3,XGBoost Signature
2021-08-09,0.00898,"ME1 BM3, ME1 BM4, ME2 BM3, ME3 BM5, ME4 BM2",4.6525925302122495,daily_ff3,Daily FF3,XGBoost Signature
2021-08-10,0.00422,"ME1 BM3, ME3 BM2, ME3 BM3, SMALL LoBM, ME1 BM2",4.672226470689744,daily_ff3,Daily FF3,XGBoost Signature
2021-08-11,-0.00608,"ME1 BM4, ME2 BM4, ME3 BM2, ME3 BM3, ME3 BM4",4.643819333747951,daily_ff3,Daily FF3,XGBoost Signature
2021-08-12,-0.0063599999999999,"ME1 BM4, ME2 BM4, ME3 BM2, ME3 BM3, ME3 BM4",4.6142846427853135,daily_ff3,Daily FF3,XGBoost Signature
2021-08-13,-0.00644,"SMALL HiBM, ME2 BM3, ME2 BM5, ME2 BM4, ME3 BM4",4.584568649685776,daily_ff3,Daily FF3,XGBoost Signature
2021-08-16,-0.01378,"ME1 BM4, ME2 BM3, ME2 BM4, ME3 BM4, ME3 BM5",4.521393293693106,daily_ff3,Daily FF3,XGBoost Signature
2021-08-17,-0.0073799999999999,"ME2 BM3, ME2 BM5, ME4 BM5, SMALL LoBM, ME1 BM2",4.48802541118565,daily_ff3,Daily FF3,XGBoost Signature
2021-08-18,-0.01326,"ME3 BM4, ME1 BM4, ME2 BM3, ME2 BM4, ME2 BM5",4.428514194233329,daily_ff3,Daily FF3,XGBoost Signature
2021-08-19,0.01472,"ME2 BM4, ME2 BM5, ME4 BM5, ME1 BM4, ME2 BM3",4.493701923172444,daily_ff3,Daily FF3,XGBoost Signature
2021-08-20,0.0128799999999999,"ME1 BM4, ME2 BM3, ME2 BM4, ME3 BM4, ME3 BM5",4.551580803942905,daily_ff3,Daily FF3,XGBoost Signature
2021-08-23,0.01014,"ME3 BM2, ME3 BM3, ME3 BM4, ME4 BM3, ME4 BM4",4.597733833294886,daily_ff3,Daily FF3,XGBoost Signature
2021-08-24,0.00442,"ME1 BM4, ME2 BM3, ME2 BM4, ME3 BM4, ME3 BM5",4.61805581683805,daily_ff3,Daily FF3,XGBoost Signature
2021-08-25,-0.01108,"ME2 BM4, ME3 BM2, ME3 BM3, ME3 BM4, ME4 BM3",4.566887758387484,daily_ff3,Daily FF3,XGBoost Signature
2021-08-26,0.0257799999999999,"ME2 BM3, ME2 BM4, ME3 BM3, ME3 BM4, ME3 BM5",4.684622124798713,daily_ff3,Daily FF3,XGBoost Signature
2021-08-27,-0.00606,"ME3 BM2, ME3 BM5, ME2 BM4, ME3 BM3, ME3 BM4",4.656233314722432,daily_ff3,Daily FF3,XGBoost Signature
2021-08-30,4.000000000000019e-05,"ME2 BM3, ME2 BM5, ME3 BM4, ME4 BM3, ME4 BM4",4.656419564055022,daily_ff3,Daily FF3,XGBoost Signature
2021-08-31,0.00138,"ME1 BM4, ME2 BM3, ME3 BM4, ME4 BM3, ME4 BM4",4.662845423053417,daily_ff3,Daily FF3,XGBoost Signature
2021-09-01,0.00838,"ME2 BM3, ME3 BM4, ME4 BM3, ME4 BM4, SMALL LoBM",4.701920067698605,daily_ff3,Daily FF3,XGBoost Signature
2021-09-02,-0.00878,"ME2 BM3, ME3 BM4, ME4 BM3, ME4 BM4, SMALL LoBM",4.660637209504212,daily_ff3,Daily FF3,XGBoost Signature
2021-09-03,-0.0090599999999999,"SMALL HiBM, ME3 BM4, ME4 BM3, ME4 BM5, SMALL LoBM",4.618411836386104,daily_ff3,Daily FF3,XGBoost Signature
2021-09-07,-0.00876,"SMALL HiBM, ME4 BM3, ME4 BM5, SMALL LoBM, ME1 BM2",4.577954548699362,daily_ff3,Daily FF3,XGBoost Signature
2021-09-08,0.00176,"ME3 BM4, ME4 BM3, ME4 BM4, SMALL LoBM, ME1 BM2",4.586011748705072,daily_ff3,Daily FF3,XGBoost Signature
2021-09-09,-0.0095399999999999,"ME4 BM3, ME4 BM5, SMALL LoBM, ME1 BM2, ME1 BM3",4.542261196622426,daily_ff3,Daily FF3,XGBoost Signature
2021-09-10,0.00614,"ME4 BM3, ME4 BM5, SMALL LoBM, ME1 BM2, ME1 BM3",4.570150680369688,daily_ff3,Daily FF3,XGBoost Signature
2021-09-13,-0.0154599999999999,"ME4 BM5, ME5 BM4, BIG HiBM, ME3 BM4, ME4 BM3",4.499496150851172,daily_ff3,Daily FF3,XGBoost Signature
2021-09-14,0.01516,"ME3 BM4, ME2 BM5, ME3 BM5, ME4 BM3, SMALL LoBM",4.5677085124980765,daily_ff3,Daily FF3,XGBoost Signature
2021-09-15,-0.00398,"ME1 BM4, ME2 BM5, ME3 BM4, ME3 BM5, ME4 BM3",4.549529032618334,daily_ff3,Daily FF3,XGBoost Signature
2021-09-16,0.00106,"ME1 BM4, ME2 BM5, ME3 BM5, ME4 BM3, SMALL LoBM",4.55435153339291,daily_ff3,Daily FF3,XGBoost Signature
2021-09-17,-0.02074,"ME1 BM4, ME2 BM4, ME2 BM5, ME3 BM5, ME4 BM3",4.459894282590341,daily_ff3,Daily FF3,XGBoost Signature
2021-09-20,0.0028,"SMALL HiBM, ME3 BM5, ME4 BM3, SMALL LoBM, ME1 BM2",4.472381986581594,daily_ff3,Daily FF3,XGBoost Signature
2021-09-21,0.01342,"ME2 BM3, ME3 BM2, ME3 BM4, ME3 BM5, ME4 BM2",4.532401352841519,daily_ff3,Daily FF3,XGBoost Signature
2021-09-22,0.01882,"ME2 BM3, ME3 BM2, ME3 BM3, SMALL LoBM, ME1 BM2",4.617701146301997,daily_ff3,Daily FF3,XGBoost Signature
2021-09-23,-0.00478,"ME2 BM3, ME3 BM2, SMALL LoBM, ME1 BM2, ME1 BM3",4.595628534822673,daily_ff3,Daily FF3,XGBoost Signature
2021-09-24,0.01732,"ME2 BM3, ME3 BM2, ME3 BM3, SMALL LoBM, ME1 BM2",4.675224821045801,daily_ff3,Daily FF3,XGBoost Signature
2021-09-27,-0.0208199999999999,"ME2 BM3, ME3 BM2, ME3 BM3, SMALL LoBM, ME1 BM2",4.577886640271628,daily_ff3,Daily FF3,XGBoost Signature
2021-09-28,-0.00568,"ME2 BM3, ME3 BM2, ME3 BM3, SMALL LoBM, ME1 BM2",4.551884244154885,daily_ff3,Daily FF3,XGBoost Signature
2021-09-29,-0.00188,"ME1 BM2, ME2 BM2, SMALL LoBM, ME2 BM1, ME3 BM1",4.543326701775874,daily_ff3,Daily FF3,XGBoost Signature
2021-09-30,0.01224,"ME1 BM2, ME2 BM2, BIG LoBM, SMALL LoBM, ME2 BM1",4.598937020605611,daily_ff3,Daily FF3,XGBoost Signature
2021-10-01,-0.00062,"ME3 BM4, ME4 BM2, ME4 BM3, ME4 BM4, ME4 BM5",4.596085679652836,daily_ff3,Daily FF3,XGBoost Signature
2021-10-04,0.0082,"ME2 BM2, BIG LoBM, SMALL LoBM, ME2 BM1, ME3 BM1",4.633773582225989,daily_ff3,Daily FF3,XGBoost Signature
2021-10-05,-0.00166,"BIG LoBM, SMALL LoBM, ME2 BM1, ME3 BM1, ME4 BM1",4.626081518079494,daily_ff3,Daily FF3,XGBoost Signature
2021-10-06,0.01372,"ME2 BM2, BIG LoBM, SMALL LoBM, ME2 BM1, ME3 BM1",4.689551356507544,daily_ff3,Daily FF3,XGBoost Signature
2021-10-07,-0.0058,"ME1 BM2, ME2 BM2, BIG LoBM, SMALL LoBM, ME2 BM1",4.662351958639801,daily_ff3,Daily FF3,XGBoost Signature
2021-10-08,-0.00542,"SMALL LoBM, ME2 BM1, ME3 BM1, ME4 BM1, BIG LoBM",4.637082011023973,daily_ff3,Daily FF3,XGBoost Signature
2021-10-11,0.00564,"ME2 BM5, SMALL LoBM, BIG LoBM, ME2 BM1, ME3 BM1",4.6632351535661485,daily_ff3,Daily FF3,XGBoost Signature
2021-10-12,0.00818,"ME2 BM1, ME3 BM1, ME4 BM1, BIG LoBM, SMALL LoBM",4.70138041712232,daily_ff3,Daily FF3,XGBoost Signature
2021-10-13,0.0145999999999999,"ME2 BM1, ME3 BM1, ME4 BM1, BIG LoBM, SMALL LoBM",4.770020571212306,daily_ff3,Daily FF3,XGBoost Signature
2021-10-14,-0.00274,"ME2 BM1, ME3 BM1, ME4 BM1, BIG LoBM, SMALL LoBM",4.756950714847184,daily_ff3,Daily FF3,XGBoost Signature
2021-10-15,-0.00162,"SMALL LoBM, ME4 BM1, BIG LoBM, ME2 BM1, ME3 BM1",4.749244454689132,daily_ff3,Daily FF3,XGBoost Signature
2021-10-18,0.00784,"SMALL LoBM, BIG LoBM, ME2 BM1, ME3 BM1, ME4 BM1",4.786478531213895,daily_ff3,Daily FF3,XGBoost Signature
2021-10-19,-8.000000000000003e-05,"SMALL LoBM, BIG LoBM, ME2 BM1, ME3 BM1, ME4 BM1",4.786095612931398,daily_ff3,Daily FF3,XGBoost Signature
2021-10-20,0.0072,"ME4 BM1, BIG LoBM, ME2 BM1, ME3 BM1, SMALL LoBM",4.820555501344504,daily_ff3,Daily FF3,XGBoost Signature
2021-10-21,-0.00598,"ME2 BM1, ME3 BM1, ME4 BM1, BIG LoBM, SMALL LoBM",4.791728579446464,daily_ff3,Daily FF3,XGBoost Signature
2021-10-22,0.008,"ME2 BM1, ME3 BM1, ME4 BM1, BIG LoBM, ME3 BM4",4.830062408082036,daily_ff3,Daily FF3,XGBoost Signature
2021-10-25,-0.0036,"ME2 BM1, ME3 BM1, ME4 BM1, BIG LoBM, SMALL LoBM",4.81267418341294,daily_ff3,Daily FF3,XGBoost Signature
2021-10-26,-0.0130599999999999,"ME2 BM1, ME3 BM1, ME4 BM1, BIG LoBM, SMALL LoBM",4.749820658577567,daily_ff3,Daily FF3,XGBoost Signature
2021-10-27,0.01994,"SMALL LoBM, ME2 BM1, ME3 BM1, ME4 BM1, BIG LoBM",4.8445320825096045,daily_ff3,Daily FF3,XGBoost Signature
2021-10-28,0.0013,"ME1 BM2, ME1 BM3, ME1 BM4, SMALL HiBM, ME2 BM2",4.850829974216867,daily_ff3,Daily FF3,XGBoost Signature
2021-10-29,0.01922,"ME3 BM1, ME2 BM1, ME4 BM1, BIG LoBM, SMALL LoBM",4.944062926321315,daily_ff3,Daily FF3,XGBoost Signature
2021-11-01,-0.00024,"ME3 BM1, ME2 BM1, ME4 BM1, BIG LoBM, SMALL LoBM",4.942876351218998,daily_ff3,Daily FF3,XGBoost Signature
2021-11-02,0.01554,"ME3 BM1, ME2 BM1, ME4 BM1, BIG LoBM, SMALL LoBM",5.019688649716942,daily_ff3,Daily FF3,XGBoost Signature
2021-11-03,0.0028399999999999,"ME4 BM1, BIG LoBM, ME2 BM1, ME3 BM1, SMALL LoBM",5.0339445654821375,daily_ff3,Daily FF3,XGBoost Signature
2021-11-04,-0.0001999999999999,"ME2 BM1, ME3 BM1, ME4 BM1, BIG LoBM, SMALL LoBM",5.0329377765690415,daily_ff3,Daily FF3,XGBoost Signature
2021-11-05,0.0043,"ME4 BM1, BIG LoBM, ME2 BM1, ME3 BM1, SMALL LoBM",5.054579409008288,daily_ff3,Daily FF3,XGBoost Signature
2021-11-08,-0.00508,"ME2 BM1, ME3 BM1, ME4 BM1, BIG LoBM, ME2 BM3",5.028902145610526,daily_ff3,Daily FF3,XGBoost Signature
2021-11-09,-0.02142,"ME2 BM1, ME3 BM1, ME4 BM1, BIG LoBM, SMALL LoBM",4.921183061651549,daily_ff3,Daily FF3,XGBoost Signature
2021-11-10,0.00522,"ME2 BM1, BIG LoBM, ME3 BM1, ME4 BM1, SMALL LoBM",4.94687163723337,daily_ff3,Daily FF3,XGBoost Signature
2021-11-11,0.0040399999999999,"ME2 BM1, ME3 BM1, ME4 BM1, BIG LoBM, ME3 BM5",4.966856998647793,daily_ff3,Daily FF3,XGBoost Signature
2021-11-12,-0.00884,"ME2 BM1, ME3 BM1, BIG LoBM, SMALL LoBM, ME1 BM2",4.9229499827797465,daily_ff3,Daily FF3,XGBoost Signature
2021-11-15,0.00394,"ME2 BM1, ME3 BM1, ME4 BM1, BIG LoBM, SMALL LoBM",4.942346405711899,daily_ff3,Daily FF3,XGBoost Signature
2021-11-16,-0.0118,"ME3 BM1, ME4 BM1, BIG LoBM, ME2 BM1, SMALL LoBM",4.884026718124499,daily_ff3,Daily FF3,XGBoost Signature
2021-11-17,-0.01048,"ME4 BM1, BIG LoBM, ME2 BM1, ME3 BM1, SMALL LoBM",4.832842118118554,daily_ff3,Daily FF3,XGBoost Signature
2021-11-18,-0.00346,"ME4 BM1, BIG LoBM, ME2 BM1, ME3 BM1, SMALL LoBM",4.816120484389864,daily_ff3,Daily FF3,XGBoost Signature
2021-11-19,-0.0201799999999999,"SMALL LoBM, ME4 BM1, ME2 BM1, ME3 BM1, ME1 BM2",4.718931173014877,daily_ff3,Daily FF3,XGBoost Signature
2021-11-22,-0.00778,"ME2 BM1, ME3 BM1, ME4 BM1, BIG LoBM, SMALL LoBM",4.682217888488821,daily_ff3,Daily FF3,XGBoost Signature
2021-11-23,0.00738,"SMALL LoBM, ME2 BM1, ME3 BM1, BIG LoBM, ME1 BM2",4.716772656505868,daily_ff3,Daily FF3,XGBoost Signature
2021-11-24,-0.02826,"ME2 BM1, ME3 BM1, BIG LoBM, SMALL LoBM, ME1 BM3",4.5834766612330125,daily_ff3,Daily FF3,XGBoost Signature
2021-11-26,2.00000000000004e-05,"ME2 BM1, ME3 BM1, BIG LoBM, SMALL LoBM, ME4 BM1",4.583568330766236,daily_ff3,Daily FF3,XGBoost Signature
2021-11-29,-0.0215999999999999,"SMALL HiBM, ME2 BM3, ME2 BM4, ME2 BM5, ME3 BM3",4.484563254821686,daily_ff3,Daily FF3,XGBoost Signature
2021-11-30,-0.02456,"BIG LoBM, SMALL LoBM, ME1 BM2, ME1 BM3, ME1 BM4",4.374422381283265,daily_ff3,Daily FF3,XGBoost Signature
2021-12-01,0.0295599999999999,"ME2 BM3, ME2 BM4, ME3 BM3, ME3 BM4, ME3 BM5",4.503730306873999,daily_ff3,Daily FF3,XGBoost Signature
2021-12-02,-0.03238,"SMALL LoBM, ME1 BM2, ME1 BM3, ME2 BM1, ME2 BM2",4.357899519537419,daily_ff3,Daily FF3,XGBoost Signature
2021-12-03,0.01686,"ME3 BM4, ME4 BM2, ME4 BM4, SMALL LoBM, ME1 BM2",4.431373705436821,daily_ff3,Daily FF3,XGBoost Signature
2021-12-06,0.03606,"SMALL LoBM, ME1 BM2, ME2 BM1, ME2 BM2, ME3 BM1",4.591169041254872,daily_ff3,Daily FF3,XGBoost Signature
2021-12-07,0.0105599999999999,"ME3 BM4, ME4 BM2, SMALL LoBM, ME1 BM2, ME1 BM3",4.639651786330523,daily_ff3,Daily FF3,XGBoost Signature
2021-12-08,-0.0118199999999999,"ME2 BM3, ME2 BM4, ME3 BM4, ME4 BM2, ME4 BM4",4.584811102216096,daily_ff3,Daily FF3,XGBoost Signature
2021-12-09,0.0017,"ME3 BM4, ME4 BM2, ME4 BM4, ME5 BM3, ME2 BM3",4.592605281089864,daily_ff3,Daily FF3,XGBoost Signature
2021-12-10,-0.01148,"ME2 BM1, ME3 BM4, ME4 BM4, ME5 BM3, ME2 BM3",4.539882172462952,daily_ff3,Daily FF3,XGBoost Signature
2021-12-13,-0.0070599999999999,"ME3 BM4, ME4 BM4, ME5 BM3, ME4 BM2, SMALL LoBM",4.507830604325363,daily_ff3,Daily FF3,XGBoost Signature
2021-12-14,0.01086,"ME2 BM4, ME3 BM4, ME4 BM4, ME5 BM3, ME2 BM3",4.556785644688337,daily_ff3,Daily FF3,XGBoost Signature
2021-12-15,-0.0048,"ME2 BM3, ME2 BM4, ME3 BM4, ME4 BM4, ME5 BM3",4.534913073593833,daily_ff3,Daily FF3,XGBoost Signature
2021-12-16,-0.0057799999999999,"ME2 BM3, ME2 BM4, ME3 BM4, ME4 BM4, ME5 BM3",4.508701276028461,daily_ff3,Daily FF3,XGBoost Signature
2021-12-17,-0.01708,"ME2 BM1, ME2 BM3, ME2 BM4, ME2 BM5, ME3 BM4",4.431692658233895,daily_ff3,Daily FF3,XGBoost Signature
2021-12-20,0.0237,"ME2 BM3, ME2 BM4, ME3 BM4, ME4 BM4, ME5 BM3",4.536723774234038,daily_ff3,Daily FF3,XGBoost Signature
2021-12-21,0.01094,"ME2 BM1, ME2 BM3, ME2 BM4, ME2 BM5, ME3 BM3",4.586355532324158,daily_ff3,Daily FF3,XGBoost Signature
2021-12-22,0.00852,"ME2 BM1, ME2 BM3, ME2 BM4, ME2 BM5, ME3 BM4",4.62543128145956,daily_ff3,Daily FF3,XGBoost Signature
2021-12-23,0.0066199999999999,"ME1 BM2, ME2 BM1, ME3 BM1, ME2 BM2, ME3 BM2",4.656051636542823,daily_ff3,Daily FF3,XGBoost Signature
2021-12-27,-0.00938,"ME1 BM2, ME2 BM1, ME3 BM1, SMALL HiBM, ME2 BM3",4.612377872192051,daily_ff3,Daily FF3,XGBoost Signature
2021-12-28,0.0001399999999999,"ME1 BM2, ME2 BM1, ME3 BM1, ME2 BM3, ME2 BM4",4.613023605094159,daily_ff3,Daily FF3,XGBoost Signature
2021-12-29,0.00594,"SMALL LoBM, ME1 BM2, ME2 BM1, ME3 BM1, BIG LoBM",4.640424965308418,daily_ff3,Daily FF3,XGBoost Signature
2021-12-30,-0.00354,"ME1 BM2, ME2 BM1, ME3 BM1, ME2 BM2, SMALL HiBM",4.623997860931227,daily_ff3,Daily FF3,XGBoost Signature
2021-12-31,0.0161,"ME1 BM2, ME2 BM1, ME3 BM1, SMALL HiBM, ME2 BM2",4.69844422649222,daily_ff3,Daily FF3,XGBoost Signature
2022-01-03,-0.01216,"ME1 BM2, ME2 BM1, ME3 BM1, ME1 BM4, ME2 BM2",4.641311144698075,daily_ff3,Daily FF3,XGBoost Signature
2022-01-04,-0.0382,"ME1 BM2, ME2 BM1, ME3 BM1, ME1 BM4, ME2 BM2",4.464013058970608,daily_ff3,Daily FF3,XGBoost Signature
2022-01-05,0.00094,"ME2 BM1, ME2 BM2, ME3 BM2, ME4 BM2, ME4 BM3",4.468209231246041,daily_ff3,Daily FF3,XGBoost Signature
2022-01-06,-0.0101999999999999,"ME2 BM2, ME3 BM1, ME3 BM2, ME4 BM3, ME5 BM3",4.422633497087332,daily_ff3,Daily FF3,XGBoost Signature
2022-01-07,-0.0035,"ME3 BM1, ME2 BM1, ME2 BM2, ME3 BM2, ME4 BM3",4.407154279847526,daily_ff3,Daily FF3,XGBoost Signature
2022-01-10,0.01088,"ME2 BM1, ME3 BM1, ME3 BM3, ME4 BM3, SMALL HiBM",4.455104118412267,daily_ff3,Daily FF3,XGBoost Signature
2022-01-11,-0.00486,"ME2 BM1, ME3 BM3, ME5 BM4, SMALL HiBM, ME2 BM3",4.433452312396784,daily_ff3,Daily FF3,XGBoost Signature
2022-01-12,-0.00354,"ME2 BM1, ME3 BM3, ME5 BM4, SMALL HiBM, ME2 BM3",4.4177578912109,daily_ff3,Daily FF3,XGBoost Signature
2022-01-13,0.0003199999999999,"ME2 BM1, ME3 BM3, ME4 BM4, ME5 BM4, SMALL HiBM",4.419171573736088,daily_ff3,Daily FF3,XGBoost Signature
2022-01-14,-0.03132,"ME3 BM1, ME1 BM3, ME2 BM2, ME3 BM2, ME4 BM2",4.280763120046673,daily_ff3,Daily FF3,XGBoost Signature
2022-01-18,-0.0121199999999999,"ME1 BM3, ME2 BM2, ME4 BM4, SMALL HiBM, ME2 BM1",4.228880271031708,daily_ff3,Daily FF3,XGBoost Signature
2022-01-19,-0.01262,"ME3 BM1, ME3 BM2, ME4 BM2, ME5 BM3, ME4 BM3",4.175511802011288,daily_ff3,Daily FF3,XGBoost Signature
2022-01-20,-0.01778,"ME1 BM3, SMALL HiBM, ME3 BM1, ME3 BM2, ME4 BM4",4.101271202171527,daily_ff3,Daily FF3,XGBoost Signature
2022-01-21,0.01996,"SMALL HiBM, ME2 BM2, ME3 BM3, ME4 BM4, ME3 BM1",4.183132575366871,daily_ff3,Daily FF3,XGBoost Signature
2022-01-24,-0.0064,"ME1 BM3, SMALL HiBM, ME2 BM2, ME2 BM5, ME3 BM3",4.156360526884523,daily_ff3,Daily FF3,XGBoost Signature
2022-01-25,-0.0075799999999999,"ME1 BM4, ME4 BM1, ME4 BM2, ME4 BM3, ME4 BM5",4.1248553140907385,daily_ff3,Daily FF3,XGBoost Signature
2022-01-26,-0.01882,"ME3 BM1, ME3 BM2, ME4 BM2, ME1 BM3, ME1 BM4",4.047225537079551,daily_ff3,Daily FF3,XGBoost Signature
2022-01-27,0.0197,"ME1 BM3, ME3 BM1, ME3 BM2, ME4 BM2, ME4 BM4",4.126955880160018,daily_ff3,Daily FF3,XGBoost Signature
2022-01-28,0.0298,"SMALL HiBM, ME3 BM1, ME1 BM3, ME3 BM2, ME4 BM2",4.249939165388788,daily_ff3,Daily FF3,XGBoost Signature
2022-01-31,0.0118999999999999,"ME3 BM5, ME5 BM3, ME2 BM3, ME2 BM4, ME2 BM5",4.300513441456914,daily_ff3,Daily FF3,XGBoost Signature
2022-02-01,-0.00286,"ME2 BM3, ME2 BM4, ME2 BM5, ME3 BM4, ME3 BM5",4.288213973014347,daily_ff3,Daily FF3,XGBoost Signature
2022-02-02,-0.01074,"ME5 BM3, ME2 BM3, ME2 BM4, ME2 BM5, ME3 BM4",4.242158554944173,daily_ff3,Daily FF3,XGBoost Signature
2022-02-03,0.00134,"ME2 BM3, ME2 BM4, ME2 BM5, ME3 BM5, ME5 BM3",4.247843047407798,daily_ff3,Daily FF3,XGBoost Signature
2022-02-04,0.00594,"ME2 BM2, ME3 BM2, ME3 BM3, ME4 BM4, ME2 BM1",4.273075235109401,daily_ff3,Daily FF3,XGBoost Signature
2022-02-07,0.01542,"SMALL HiBM, ME2 BM2, ME3 BM3, ME3 BM4, ME4 BM1",4.338966055234788,daily_ff3,Daily FF3,XGBoost Signature
2022-02-08,0.01578,"ME2 BM2, ME2 BM4, ME3 BM3, ME3 BM4, ME4 BM1",4.407434939586392,daily_ff3,Daily FF3,XGBoost Signature
2022-02-09,-0.0116,"SMALL HiBM, ME3 BM3, ME3 BM4, ME4 BM1, BIG HiBM",4.35630869428719,daily_ff3,Daily FF3,XGBoost Signature
2022-02-10,-0.0087199999999999,"SMALL HiBM, ME3 BM3, ME3 BM4, ME4 BM1, BIG HiBM",4.318321682473005,daily_ff3,Daily FF3,XGBoost Signature
2022-02-11,-0.0072,"SMALL HiBM, ME2 BM2, ME3 BM3, BIG HiBM, ME2 BM1",4.2872297663592,daily_ff3,Daily FF3,XGBoost Signature
2022-02-14,0.0226199999999999,"ME3 BM1, ME3 BM3, ME3 BM5, SMALL HiBM, ME4 BM4",4.3842069036742455,daily_ff3,Daily FF3,XGBoost Signature
2022-02-15,0.00242,"SMALL HiBM, ME3 BM1, ME3 BM3, ME3 BM5, ME4 BM4",4.394816684381137,daily_ff3,Daily FF3,XGBoost Signature
2022-02-16,-0.0187799999999999,"BIG HiBM, ME3 BM2, ME3 BM3, ME4 BM4, SMALL HiBM",4.312282027048459,daily_ff3,Daily FF3,XGBoost Signature
2022-02-17,-0.01066,"ME3 BM2, ME3 BM3, BIG LoBM, ME2 BM1, ME2 BM2",4.266313100640122,daily_ff3,Daily FF3,XGBoost Signature
2022-02-18,-0.01552,"SMALL LoBM, ME4 BM1, ME3 BM3, BIG LoBM, SMALL HiBM",4.200099921318188,daily_ff3,Daily FF3,XGBoost Signature
2022-02-22,-0.02266,"ME3 BM2, ME3 BM4, BIG LoBM, ME5 BM3, ME2 BM1",4.104925657101117,daily_ff3,Daily FF3,XGBoost Signature
2022-02-23,0.03128,"ME2 BM2, ME2 BM5, ME4 BM1, BIG LoBM, ME2 BM1",4.2333277316552405,daily_ff3,Daily FF3,XGBoost Signature
2022-02-24,0.02218,"SMALL LoBM, ME1 BM2, ME3 BM4, ME3 BM5, ME3 BM2",4.327222940743354,daily_ff3,Daily FF3,XGBoost Signature
2022-02-25,-0.00302,"ME4 BM5, ME5 BM4, BIG HiBM, ME3 BM5, ME5 BM3",4.314154727462309,daily_ff3,Daily FF3,XGBoost Signature
2022-02-28,-0.01758,"ME2 BM4, ME2 BM5, ME3 BM2, SMALL LoBM, ME1 BM2",4.238311887353522,daily_ff3,Daily FF3,XGBoost Signature
2022-03-01,0.022,"ME1 BM3, ME2 BM3, ME2 BM4, ME3 BM2, SMALL LoBM",4.331554748875299,daily_ff3,Daily FF3,XGBoost Signature
2022-03-02,-0.01756,"ME1 BM3, ME3 BM2, ME1 BM2, ME2 BM1, ME2 BM2",4.255492647485049,daily_ff3,Daily FF3,XGBoost Signature
2022-03-03,-0.0157399999999999,"ME2 BM3, ME2 BM4, ME3 BM2, SMALL LoBM, ME1 BM2",4.1885111932136345,daily_ff3,Daily FF3,XGBoost Signature
2022-03-04,-0.01628,"ME3 BM2, SMALL LoBM, ME1 BM2, ME1 BM3, ME2 BM1",4.1203222309881165,daily_ff3,Daily FF3,XGBoost Signature
2022-03-07,0.00538,"ME3 BM2, SMALL LoBM, ME1 BM2, ME1 BM3, ME2 BM1",4.142489564590832,daily_ff3,Daily FF3,XGBoost Signature
2022-03-08,0.03614,"ME1 BM3, ME3 BM2, SMALL LoBM, ME1 BM2, ME2 BM1",4.292199137455145,daily_ff3,Daily FF3,XGBoost Signature
2022-03-09,-0.00476,"ME2 BM3, SMALL LoBM, ME1 BM2, ME1 BM3, ME2 BM1",4.271768269560859,daily_ff3,Daily FF3,XGBoost Signature
2022-03-10,-0.0258799999999999,"SMALL LoBM, ME1 BM2, ME1 BM3, ME2 BM1, ME2 BM2",4.161214906744624,daily_ff3,Daily FF3,XGBoost Signature
2022-03-11,-0.03412,"SMALL LoBM, ME1 BM2, ME1 BM3, ME2 BM1, ME2 BM2",4.019234254126497,daily_ff3,Daily FF3,XGBoost Signature
2022-03-14,0.01642,"SMALL LoBM, ME1 BM2, ME1 BM3, ME2 BM1, ME2 BM2",4.085230080579255,daily_ff3,Daily FF3,XGBoost Signature
2022-03-15,0.03982,"SMALL LoBM, ME1 BM2, ME1 BM3, ME2 BM1, ME2 BM2",4.247903942387921,daily_ff3,Daily FF3,XGBoost Signature
2022-03-16,0.02864,"BIG HiBM, SMALL LoBM, ME1 BM2, ME2 BM1, ME2 BM2",4.36956391129791,daily_ff3,Daily FF3,XGBoost Signature
2022-03-17,0.0194799999999999,"SMALL LoBM, ME1 BM2, ME2 BM1, ME2 BM2, ME3 BM1",4.4546830162899935,daily_ff3,Daily FF3,XGBoost Signature
2022-03-18,-0.01928,"ME1 BM3, SMALL LoBM, ME1 BM2, ME2 BM1, ME2 BM2",4.368796727735923,daily_ff3,Daily FF3,XGBoost Signature
2022-03-21,0.0206799999999999,"SMALL LoBM, ME1 BM2, ME2 BM1, ME2 BM2, ME3 BM1",4.459143444065502,daily_ff3,Daily FF3,XGBoost Signature
2022-03-22,-0.01736,"ME1 BM3, SMALL LoBM, ME1 BM2, ME2 BM1, ME2 BM2",4.3817327138765245,daily_ff3,Daily FF3,XGBoost Signature
2022-03-23,0.01394,"ME1 BM3, SMALL LoBM, ME1 BM2, ME2 BM1, ME2 BM2",4.442814067907964,daily_ff3,Daily FF3,XGBoost Signature
2022-03-24,-0.01132,"SMALL LoBM, ME1 BM2, ME2 BM1, ME2 BM2, ME3 BM1",4.392521412659246,daily_ff3,Daily FF3,XGBoost Signature
2022-03-25,7.999999999999978e-05,"SMALL LoBM, ME1 BM2, ME2 BM1, ME2 BM2, ME3 BM1",4.392872814372259,daily_ff3,Daily FF3,XGBoost Signature
2022-03-28,0.03366,"SMALL LoBM, ME1 BM2, ME2 BM1, ME2 BM2, ME3 BM1",4.54073691330403,daily_ff3,Daily FF3,XGBoost Signature
2022-03-29,-0.02054,"SMALL LoBM, ME1 BM2, ME2 BM1, ME2 BM2, ME3 BM1",4.447470177104765,daily_ff3,Daily FF3,XGBoost Signature
2022-03-30,-0.00596,"SMALL LoBM, ME1 BM2, ME2 BM1, ME2 BM2, ME3 BM1",4.42096325484922,daily_ff3,Daily FF3,XGBoost Signature
2022-03-31,0.0151399999999999,"SMALL LoBM, ME1 BM2, ME2 BM1, ME2 BM2, ME3 BM1",4.487896638527637,daily_ff3,Daily FF3,XGBoost Signature
2022-04-01,0.00996,"SMALL LoBM, ME3 BM4, ME1 BM2, ME2 BM1, ME2 BM2",4.532596089047372,daily_ff3,Daily FF3,XGBoost Signature
2022-04-04,-0.0236599999999999,"ME2 BM3, ME3 BM4, SMALL LoBM, ME1 BM2, ME2 BM1",4.425354865580511,daily_ff3,Daily FF3,XGBoost Signature
2022-04-05,-0.0157999999999999,"ME1 BM3, ME3 BM4, SMALL LoBM, ME1 BM2, ME2 BM1",4.355434258704339,daily_ff3,Daily FF3,XGBoost Signature
2022-04-06,-0.00374,"ME1 BM3, SMALL LoBM, ME1 BM2, ME2 BM1, ME2 BM2",4.339144934576785,daily_ff3,Daily FF3,XGBoost Signature
2022-04-07,-0.01304,"ME1 BM3, ME3 BM3, SMALL LoBM, ME1 BM2, ME2 BM1",4.282562484629904,daily_ff3,Daily FF3,XGBoost Signature
2022-04-08,-0.01446,"ME1 BM3, SMALL LoBM, ME1 BM2, ME2 BM1, ME2 BM2",4.220636631102155,daily_ff3,Daily FF3,XGBoost Signature
2022-04-11,-0.00058,"ME1 BM3, SMALL LoBM, ME1 BM2, ME2 BM1, ME2 BM2",4.218188661856116,daily_ff3,Daily FF3,XGBoost Signature
2022-04-12,0.02554,"ME1 BM3, SMALL LoBM, ME1 BM2, ME2 BM1, ME2 BM2",4.325921200279921,daily_ff3,Daily FF3,XGBoost Signature
2022-04-13,-0.0128,"SMALL LoBM, ME1 BM2, ME2 BM1, ME2 BM2, ME2 BM3",4.270549408916338,daily_ff3,Daily FF3,XGBoost Signature
2022-04-14,-0.0125399999999999,"ME1 BM2, ME2 BM1, ME2 BM2, ME2 BM3, ME2 BM4",4.216996719328527,daily_ff3,Daily FF3,XGBoost Signature
2022-04-18,0.0205399999999999,"ME1 BM2, ME2 BM1, ME2 BM2, ME2 BM3, ME3 BM1",4.303613831943536,daily_ff3,Daily FF3,XGBoost Signature
2022-04-19,-0.0004399999999999,"ME1 BM2, ME2 BM1, ME2 BM2, ME2 BM3, ME3 BM1",4.30172024185748,daily_ff3,Daily FF3,XGBoost Signature
2022-04-20,-0.0257399999999999,"ME2 BM1, ME3 BM1, ME3 BM2, BIG LoBM, SMALL LoBM",4.190993962832069,daily_ff3,Daily FF3,XGBoost Signature
2022-04-21,-0.02438,"ME4 BM1, ME2 BM2, ME3 BM4, ME1 BM2, ME2 BM1",4.088817530018224,daily_ff3,Daily FF3,XGBoost Signature
2022-04-22,0.00166,"SMALL LoBM, ME1 BM3, ME1 BM4, SMALL HiBM, ME2 BM3",4.095604967118054,daily_ff3,Daily FF3,XGBoost Signature
2022-04-25,-0.0411399999999999,"ME1 BM2, ME3 BM2, ME4 BM1, ME2 BM1, ME3 BM1",3.927111778770817,daily_ff3,Daily FF3,XGBoost Signature
2022-04-26,-0.0066,"ME2 BM3, ME3 BM4, SMALL LoBM, ME1 BM2, ME2 BM1",3.90119284103093,daily_ff3,Daily FF3,XGBoost Signature
2022-04-27,0.01204,"ME2 BM4, SMALL LoBM, ME1 BM2, ME1 BM3, ME2 BM1",3.9481632028369424,daily_ff3,Daily FF3,XGBoost Signature
2022-04-28,-0.0264799999999999,"ME2 BM4, SMALL LoBM, ME1 BM2, ME2 BM1, ME2 BM2",3.84361584122582,daily_ff3,Daily FF3,XGBoost Signature
2022-04-29,0.01842,"ME1 BM3, ME2 BM4, SMALL LoBM, ME1 BM2, ME2 BM1",3.9144152450212,daily_ff3,Daily FF3,XGBoost Signature
2022-05-02,0.00612,"ME2 BM3, ME3 BM2, ME3 BM4, ME1 BM2, ME2 BM1",3.9383714663207297,daily_ff3,Daily FF3,XGBoost Signature
2022-05-03,0.02666,"ME2 BM4, SMALL LoBM, ME1 BM2, ME2 BM1, ME2 BM2",4.04336844961284,daily_ff3,Daily FF3,XGBoost Signature
2022-05-04,-0.03728,"ME2 BM3, ME2 BM4, ME3 BM4, SMALL LoBM, ME1 BM2",3.8926316738112736,daily_ff3,Daily FF3,XGBoost Signature
2022-05-05,-0.02196,"ME2 BM3, ME2 BM4, SMALL LoBM, ME1 BM2, ME2 BM1",3.807149482254378,daily_ff3,Daily FF3,XGBoost Signature
2022-05-06,-0.04516,"ME3 BM5, ME2 BM3, ME1 BM3, SMALL LoBM, ME1 BM2",3.6352186116357705,daily_ff3,Daily FF3,XGBoost Signature
2022-05-09,0.0057599999999999,"ME3 BM2, SMALL LoBM, ME1 BM2, ME2 BM1, ME2 BM2",3.6561574708387927,daily_ff3,Daily FF3,XGBoost Signature
2022-05-10,-0.0366999999999999,"ME2 BM3, SMALL LoBM, ME1 BM2, ME1 BM3, ME2 BM1",3.521976491659009,daily_ff3,Daily FF3,XGBoost Signature
2022-05-11,0.01798,"ME1 BM3, ME3 BM2, SMALL LoBM, ME1 BM2, ME2 BM1",3.5853016289790385,daily_ff3,Daily FF3,XGBoost Signature
2022-05-12,0.04438,"ME1 BM3, ME3 BM2, SMALL LoBM, ME1 BM2, ME2 BM1",3.744417315273128,daily_ff3,Daily FF3,XGBoost Signature
2022-05-13,-0.0047,"SMALL LoBM, ME1 BM2, ME1 BM3, ME2 BM1, ME2 BM2",3.726818553891345,daily_ff3,Daily FF3,XGBoost Signature
2022-05-16,0.03438,"SMALL LoBM, ME1 BM2, ME1 BM3, ME2 BM1, ME2 BM2",3.854946575774129,daily_ff3,Daily FF3,XGBoost Signature
2022-05-17,-0.0385,"ME2 BM3, SMALL LoBM, ME1 BM2, ME1 BM3, ME2 BM1",3.7065311326068255,daily_ff3,Daily FF3,XGBoost Signature
2022-05-18,0.00614,"SMALL LoBM, ME1 BM2, ME1 BM3, ME2 BM1, ME2 BM2",3.729289233761032,daily_ff3,Daily FF3,XGBoost Signature
2022-05-19,-0.0016799999999999,"SMALL LoBM, ME1 BM3, ME3 BM2, ME1 BM2, ME2 BM1",3.723024027848313,daily_ff3,Daily FF3,XGBoost Signature
2022-05-20,0.00392,"ME3 BM2, SMALL LoBM, ME1 BM2, ME2 BM1, ME2 BM2",3.737618282037478,daily_ff3,Daily FF3,XGBoost Signature
2022-05-23,-0.02492,"ME3 BM2, ME1 BM2, ME2 BM1, ME2 BM2, ME3 BM1",3.644476834449104,daily_ff3,Daily FF3,XGBoost Signature
2022-05-24,0.0174,"ME3 BM2, ME1 BM2, ME2 BM1, ME2 BM2, ME3 BM1",3.707890731368519,daily_ff3,Daily FF3,XGBoost Signature
2022-05-25,0.02218,"ME3 BM2, SMALL LoBM, ME1 BM2, ME2 BM1, ME2 BM2",3.790131747790273,daily_ff3,Daily FF3,XGBoost Signature
2022-05-26,0.03434,"ME2 BM3, ME3 BM2, SMALL LoBM, ME1 BM2, ME2 BM1",3.920284872009391,daily_ff3,Daily FF3,XGBoost Signature
2022-05-27,-0.0155,"ME1 BM3, ME3 BM2, SMALL LoBM, ME1 BM2, ME2 BM1",3.8595204564932457,daily_ff3,Daily FF3,XGBoost Signature
2022-05-31,-0.0071,"ME1 BM2, ME2 BM1, ME2 BM2, ME2 BM3, ME3 BM1",3.832117861252144,daily_ff3,Daily FF3,XGBoost Signature
2022-06-01,0.0193,"ME1 BM3, ME3 BM2, ME3 BM4, ME4 BM3, ME1 BM2",3.90607773597431,daily_ff3,Daily FF3,XGBoost Signature
2022-06-02,-0.00598,"ME1 BM2, ME2 BM1, ME2 BM2, ME2 BM3, ME3 BM1",3.882719391113184,daily_ff3,Daily FF3,XGBoost Signature
2022-06-03,-0.00294,"ME1 BM2, ME2 BM1, ME2 BM2, ME2 BM3, ME3 BM1",3.871304196103311,daily_ff3,Daily FF3,XGBoost Signature
2022-06-06,0.0141999999999999,"ME5 BM3, ME2 BM1, ME2 BM2, ME2 BM3, ME3 BM1",3.926276715687978,daily_ff3,Daily FF3,XGBoost Signature
2022-06-07,-0.0076,"SMALL LoBM, ME1 BM2, ME2 BM1, ME2 BM2, ME2 BM3",3.896437012648749,daily_ff3,Daily FF3,XGBoost Signature
2022-06-08,-0.02138,"ME4 BM3, ME2 BM1, ME2 BM2, ME2 BM3, ME3 BM1",3.813131189318319,daily_ff3,Daily FF3,XGBoost Signature
2022-06-09,-0.0304,"ME1 BM2, ME2 BM1, ME2 BM2, ME2 BM3, ME3 BM1",3.6972120011630416,daily_ff3,Daily FF3,XGBoost Signature
2022-06-10,-0.0467,"ME3 BM2, ME3 BM4, ME4 BM3, ME5 BM3, ME1 BM2",3.524552200708728,daily_ff3,Daily FF3,XGBoost Signature
2022-06-13,-0.0018599999999999,"BIG LoBM, ME1 BM2, ME1 BM3, ME2 BM1, ME2 BM2",3.5179965336154098,daily_ff3,Daily FF3,XGBoost Signature
2022-06-14,0.01876,"ME2 BM1, ME2 BM2, ME2 BM3, ME3 BM1, ME4 BM1",3.5839941485860343,daily_ff3,Daily FF3,XGBoost Signature
2022-06-15,-0.04728,"ME4 BM3, ME2 BM1, ME2 BM2, ME2 BM3, ME3 BM1",3.4145429052408867,daily_ff3,Daily FF3,XGBoost Signature
2022-06-16,0.01526,"ME1 BM2, ME2 BM4, ME2 BM1, ME2 BM2, ME2 BM3",3.466648829974863,daily_ff3,Daily FF3,XGBoost Signature
2022-06-17,0.0216799999999999,"ME1 BM2, ME3 BM5, ME2 BM1, ME2 BM2, ME2 BM3",3.541805776608717,daily_ff3,Daily FF3,XGBoost Signature
2022-06-21,0.00224,"ME3 BM2, ME1 BM2, ME1 BM3, ME2 BM1, ME2 BM2",3.549739421548321,daily_ff3,Daily FF3,XGBoost Signature
2022-06-22,0.02044,"ME4 BM3, ME1 BM2, ME1 BM3, ME2 BM1, ME2 BM2",3.622296095324769,daily_ff3,Daily FF3,XGBoost Signature
2022-06-23,0.02096,"ME2 BM5, ME4 BM5, ME1 BM2, ME1 BM3, ME2 BM1",3.698219421482776,daily_ff3,Daily FF3,XGBoost Signature
2022-06-24,0.0059,"ME1 BM2, ME1 BM3, ME2 BM1, ME2 BM2, ME2 BM3",3.720038916069525,daily_ff3,Daily FF3,XGBoost Signature
2022-06-27,-0.0220399999999999,"ME4 BM3, SMALL LoBM, ME1 BM2, ME1 BM3, ME2 BM1",3.638049258359352,daily_ff3,Daily FF3,XGBoost Signature
2022-06-28,-0.00546,"ME1 BM3, ME3 BM2, ME1 BM2, ME2 BM1, ME2 BM2",3.61818550940871,daily_ff3,Daily FF3,XGBoost Signature
2022-06-29,-0.00224,"ME1 BM2, ME1 BM3, ME2 BM1, ME2 BM2, ME2 BM3",3.6100807738676335,daily_ff3,Daily FF3,XGBoost Signature
2022-06-30,0.01472,"ME2 BM1, ME2 BM2, ME3 BM1, ME4 BM1, BIG LoBM",3.6632211628589664,daily_ff3,Daily FF3,XGBoost Signature
2022-07-01,0.02516,"ME2 BM5, ME2 BM1, ME2 BM2, ME3 BM1, ME4 BM1",3.7553878073164975,daily_ff3,Daily FF3,XGBoost Signature
2022-07-05,-0.0072199999999999,"ME1 BM2, ME2 BM1, ME2 BM2, ME3 BM1, ME4 BM1",3.728273907347673,daily_ff3,Daily FF3,XGBoost Signature
2022-07-06,0.03174,"ME2 BM1, ME2 BM2, ME3 BM1, ME4 BM1, BIG LoBM",3.8466093211668886,daily_ff3,Daily FF3,XGBoost Signature
2022-07-07,-0.00156,"ME2 BM1, ME2 BM2, ME3 BM1, ME4 BM1, BIG LoBM",3.840608610625868,daily_ff3,Daily FF3,XGBoost Signature
2022-07-08,-0.0288799999999999,"ME2 BM1, ME2 BM2, ME3 BM1, ME4 BM1, BIG LoBM",3.729691833950993,daily_ff3,Daily FF3,XGBoost Signature
2022-07-11,-0.00714,"ME2 BM1, ME2 BM2, ME3 BM1, ME4 BM1, BIG LoBM",3.703061834256583,daily_ff3,Daily FF3,XGBoost Signature
2022-07-12,-0.00162,"ME2 BM1, ME2 BM2, ME3 BM1, ME4 BM1, BIG LoBM",3.6970628740850873,daily_ff3,Daily FF3,XGBoost Signature
2022-07-13,-0.00852,"ME2 BM1, ME2 BM2, ME3 BM1, ME4 BM1, BIG LoBM",3.6655638983978815,daily_ff3,Daily FF3,XGBoost Signature
2022-07-14,0.02064,"ME1 BM2, ME2 BM1, ME2 BM2, ME3 BM1, ME4 BM1",3.741221137260815,daily_ff3,Daily FF3,XGBoost Signature
2022-07-15,-0.00718,"ME1 BM2, ME2 BM1, ME2 BM2, ME3 BM1, ME4 BM1",3.714359169495282,daily_ff3,Daily FF3,XGBoost Signature
2022-07-18,0.0409599999999999,"ME1 BM2, ME2 BM1, ME2 BM2, ME3 BM1, ME4 BM1",3.86649932107781,daily_ff3,Daily FF3,XGBoost Signature
2022-07-19,0.03038,"SMALL LoBM, ME1 BM3, ME1 BM2, ME2 BM1, ME2 BM2",3.9839635704521537,daily_ff3,Daily FF3,XGBoost Signature
2022-07-20,0.01172,"ME2 BM1, ME2 BM2, ME3 BM1, ME4 BM1, BIG LoBM",4.030655623497853,daily_ff3,Daily FF3,XGBoost Signature
2022-07-21,-0.02064,"ME2 BM3, ME4 BM3, ME5 BM3, ME2 BM1, ME2 BM2",3.947462891428857,daily_ff3,Daily FF3,XGBoost Signature
2022-07-22,0.00134,"SMALL LoBM, ME1 BM2, ME1 BM3, ME3 BM4, ME2 BM3",3.952752491703372,daily_ff3,Daily FF3,XGBoost Signature
2022-07-25,-0.00992,"SMALL LoBM, ME1 BM2, ME1 BM3, ME2 BM3, ME5 BM3",3.913541186985674,daily_ff3,Daily FF3,XGBoost Signature
2022-07-26,0.02878,"BIG LoBM, ME5 BM3, ME2 BM1, ME2 BM2, ME2 BM3",4.026172902347122,daily_ff3,Daily FF3,XGBoost Signature
2022-07-27,0.01228,"ME1 BM2, ME3 BM2, ME4 BM2, ME2 BM1, ME2 BM2",4.075614305587945,daily_ff3,Daily FF3,XGBoost Signature
2022-07-28,0.00524,"ME3 BM2, ME2 BM1, ME2 BM2, ME2 BM3, ME3 BM1",4.096970524549225,daily_ff3,Daily FF3,XGBoost Signature
2022-07-29,-0.00138,"ME3 BM2, ME2 BM1, ME2 BM2, ME2 BM3, ME3 BM1",4.091316705225347,daily_ff3,Daily FF3,XGBoost Signature
2022-08-01,0.0071,"ME2 BM3, ME2 BM1, ME2 BM2, ME3 BM1, ME4 BM1",4.120365053832447,daily_ff3,Daily FF3,XGBoost Signature
2022-08-02,0.0280999999999999,"BIG LoBM, ME2 BM1, ME2 BM2, ME2 BM3, ME3 BM1",4.236147311845139,daily_ff3,Daily FF3,XGBoost Signature
2022-08-03,0.0074599999999999,"BIG LoBM, ME5 BM3, ME2 BM1, ME2 BM2, ME2 BM3",4.267748970791504,daily_ff3,Daily FF3,XGBoost Signature
2022-08-04,0.01326,"SMALL LoBM, ME1 BM2, ME3 BM5, ME4 BM3, ME4 BM5",4.3243393221442,daily_ff3,Daily FF3,XGBoost Signature
2022-08-05,0.0105999999999999,"BIG LoBM, ME2 BM1, ME2 BM2, ME2 BM3, ME3 BM1",4.370177318958928,daily_ff3,Daily FF3,XGBoost Signature
2022-08-08,-0.0254199999999999,"BIG LoBM, ME2 BM1, ME2 BM2, ME2 BM3, ME3 BM1",4.259087411510992,daily_ff3,Daily FF3,XGBoost Signature
2022-08-09,0.03848,"BIG LoBM, ME2 BM1, ME2 BM2, ME2 BM3, ME3 BM1",4.422977095105935,daily_ff3,Daily FF3,XGBoost Signature
2022-08-10,-0.00712,"BIG LoBM, ME2 BM1, ME3 BM1, ME4 BM1, SMALL LoBM",4.39148549818878,daily_ff3,Daily FF3,XGBoost Signature
2022-08-11,0.02402,"BIG LoBM, ME2 BM1, ME3 BM1, ME4 BM1, SMALL LoBM",4.496968979855274,daily_ff3,Daily FF3,XGBoost Signature
2022-08-12,0.00292,"BIG LoBM, ME2 BM1, ME3 BM1, ME4 BM1, SMALL LoBM",4.510100129276451,daily_ff3,Daily FF3,XGBoost Signature
2022-08-15,-0.00112,"BIG LoBM, ME2 BM1, ME3 BM1, ME4 BM1, SMALL LoBM",4.505048817131661,daily_ff3,Daily FF3,XGBoost Signature
2022-08-16,-0.0189,"ME2 BM2, ME2 BM3, ME3 BM4, BIG LoBM, ME2 BM1",4.419903394487873,daily_ff3,Daily FF3,XGBoost Signature
2022-08-17,0.00342,"ME2 BM2, ME2 BM3, ME3 BM2, BIG LoBM, ME2 BM1",4.435019464097022,daily_ff3,Daily FF3,XGBoost Signature
2022-08-18,-0.0298599999999999,"SMALL LoBM, ME1 BM2, ME4 BM1, BIG LoBM, ME2 BM1",4.3025897828990844,daily_ff3,Daily FF3,XGBoost Signature
2022-08-19,-0.0264799999999999,"SMALL LoBM, ME1 BM2, ME4 BM1, BIG LoBM, ME2 BM3",4.1886572054479165,daily_ff3,Daily FF3,XGBoost Signature
2022-08-22,0.00294,"SMALL LoBM, ME1 BM2, ME2 BM3, ME4 BM1, BIG LoBM",4.2009718576319335,daily_ff3,Daily FF3,XGBoost Signature
2022-08-23,0.0121,"ME2 BM2, ME3 BM2, BIG LoBM, ME2 BM1, ME3 BM1",4.25180361710928,daily_ff3,Daily FF3,XGBoost Signature
2022-08-24,0.01606,"BIG LoBM, ME2 BM1, ME2 BM2, ME3 BM1, ME4 BM1",4.320087583200055,daily_ff3,Daily FF3,XGBoost Signature
2022-08-25,-0.04196,"ME4 BM1, ME2 BM1, ME2 BM2, ME3 BM1, BIG LoBM",4.138816708208981,daily_ff3,Daily FF3,XGBoost Signature
2022-08-26,-0.0111,"ME4 BM1, BIG LoBM, ME2 BM1, ME2 BM2, ME3 BM1",4.092875842747861,daily_ff3,Daily FF3,XGBoost Signature
2022-08-29,-0.01064,"ME3 BM2, ME2 BM1, ME2 BM2, ME3 BM1, ME4 BM1",4.049327643781024,daily_ff3,Daily FF3,XGBoost Signature
2022-08-30,-0.00072,"BIG LoBM, SMALL LoBM, ME1 BM3, ME2 BM1, ME2 BM2",4.046412127877502,daily_ff3,Daily FF3,XGBoost Signature
2022-08-31,-0.0065,"ME1 BM2, SMALL LoBM, ME1 BM3, ME3 BM2, BIG LoBM",4.020110449046298,daily_ff3,Daily FF3,XGBoost Signature
2022-09-01,-0.01074,"ME3 BM2, BIG LoBM, SMALL LoBM, ME1 BM3, ME2 BM1",3.976934462823541,daily_ff3,Daily FF3,XGBoost Signature
2022-09-02,-0.00944,"ME3 BM5, ME3 BM2, ME1 BM2, BIG LoBM, SMALL LoBM",3.939392201494487,daily_ff3,Daily FF3,XGBoost Signature
2022-09-06,0.0345799999999999,"ME1 BM2, SMALL LoBM, ME1 BM3, ME2 BM1, ME2 BM2",4.075616383822166,daily_ff3,Daily FF3,XGBoost Signature
2022-09-07,0.01178,"ME1 BM2, ME3 BM2, SMALL LoBM, ME1 BM3, ME2 BM1",4.123627144823591,daily_ff3,Daily FF3,XGBoost Signature
2022-09-08,0.0189,"BIG LoBM, SMALL LoBM, ME1 BM2, ME1 BM3, ME2 BM1",4.201563697860757,daily_ff3,Daily FF3,XGBoost Signature
2022-09-09,0.01198,"ME3 BM2, BIG LoBM, SMALL LoBM, ME1 BM2, ME1 BM3",4.25189843096113,daily_ff3,Daily FF3,XGBoost Signature
2022-09-12,-0.03976,"SMALL LoBM, ME1 BM2, ME1 BM3, ME2 BM1, ME2 BM2",4.082842949346115,daily_ff3,Daily FF3,XGBoost Signature
2022-09-13,0.00512,"BIG LoBM, SMALL LoBM, ME1 BM2, ME1 BM3, ME2 BM1",4.103747105246767,daily_ff3,Daily FF3,XGBoost Signature
2022-09-14,-0.00778,"BIG LoBM, SMALL LoBM, ME1 BM2, ME1 BM3, ME2 BM1",4.071819952767947,daily_ff3,Daily FF3,XGBoost Signature
2022-09-15,-0.03016,"SMALL LoBM, ME2 BM1, ME2 BM2, ME3 BM1, ME1 BM2",3.949013862992466,daily_ff3,Daily FF3,XGBoost Signature
2022-09-16,0.00118,"SMALL LoBM, ME2 BM1, ME2 BM2, ME3 BM1, BIG LoBM",3.9536736993507966,daily_ff3,Daily FF3,XGBoost Signature
2022-09-19,-0.0135799999999999,"ME3 BM5, ME4 BM5, SMALL LoBM, ME2 BM1, ME3 BM1",3.8999828105136127,daily_ff3,Daily FF3,XGBoost Signature
2022-09-20,-0.01384,"ME1 BM4, SMALL HiBM, ME2 BM1, ME2 BM2, ME2 BM3",3.8460070484161046,daily_ff3,Daily FF3,XGBoost Signature
2022-09-21,-0.01974,"ME5 BM4, SMALL LoBM, ME2 BM2, ME5 BM3, ME1 BM2",3.770086869280371,daily_ff3,Daily FF3,XGBoost Signature
2022-09-22,-0.02532,"ME5 BM3, ME5 BM4, ME1 BM2, ME1 BM3, ME2 BM2",3.674628269750192,daily_ff3,Daily FF3,XGBoost Signature
2022-09-23,-0.0111,"ME1 BM3, ME1 BM4, SMALL HiBM, ME2 BM1, ME2 BM2",3.633839895955965,daily_ff3,Daily FF3,XGBoost Signature
2022-09-26,0.0071999999999999,"SMALL LoBM, ME1 BM2, ME2 BM2, ME5 BM3, ME5 BM4",3.660003543206848,daily_ff3,Daily FF3,XGBoost Signature
2022-09-27,0.03686,"SMALL LoBM, ME1 BM2, ME2 BM2, ME5 BM4, ME1 BM3",3.794911273809452,daily_ff3,Daily FF3,XGBoost Signature
2022-09-28,-0.0287599999999999,"SMALL LoBM, ME1 BM2, ME1 BM3, ME2 BM1, ME2 BM2",3.685769625574692,daily_ff3,Daily FF3,XGBoost Signature
2022-09-29,-0.0060799999999999,"ME3 BM1, ME4 BM1, ME5 BM4, SMALL LoBM, ME1 BM2",3.663360146251198,daily_ff3,Daily FF3,XGBoost Signature
2022-09-30,0.01752,"ME3 BM1, ME4 BM1, SMALL LoBM, ME1 BM2, ME1 BM3",3.727542216013519,daily_ff3,Daily FF3,XGBoost Signature
2022-10-03,0.04184,"ME1 BM4, BIG LoBM, SMALL LoBM, ME1 BM2, ME1 BM3",3.883502582331525,daily_ff3,Daily FF3,XGBoost Signature
2022-10-04,-0.0040999999999999,"ME2 BM3, ME4 BM1, BIG LoBM, SMALL LoBM, ME1 BM2",3.867580221743966,daily_ff3,Daily FF3,XGBoost Signature
2022-10-05,-0.00482,"SMALL LoBM, ME2 BM1, ME5 BM4, ME1 BM2, ME1 BM3",3.84893848507516,daily_ff3,Daily FF3,XGBoost Signature
2022-10-06,-0.03946,"SMALL LoBM, ME1 BM3, ME2 BM1, ME2 BM2, ME1 BM2",3.697059372454094,daily_ff3,Daily FF3,XGBoost Signature
2022-10-07,-0.0110599999999999,"ME4 BM5, BIG HiBM, SMALL LoBM, ME1 BM3, ME2 BM1",3.656169895794752,daily_ff3,Daily FF3,XGBoost Signature
2022-10-10,-0.0038399999999999,"ME1 BM2, ME3 BM1, SMALL LoBM, ME2 BM1, ME2 BM2",3.6421302033949,daily_ff3,Daily FF3,XGBoost Signature
2022-10-11,-0.00146,"SMALL LoBM, ME1 BM3, ME2 BM1, ME2 BM2, ME4 BM5",3.636812693297944,daily_ff3,Daily FF3,XGBoost Signature
2022-10-12,0.02912,"ME2 BM3, ME4 BM3, ME4 BM5, ME5 BM3, ME5 BM4",3.74271667892678,daily_ff3,Daily FF3,XGBoost Signature
2022-10-13,-0.0256,"ME2 BM3, ME3 BM1, ME4 BM1, ME4 BM5, ME5 BM4",3.646903131946255,daily_ff3,Daily FF3,XGBoost Signature
2022-10-14,0.0351,"SMALL LoBM, ME1 BM2, ME1 BM3, ME1 BM4, ME2 BM1",3.774909431877568,daily_ff3,Daily FF3,XGBoost Signature
2022-10-17,0.0141199999999999,"SMALL LoBM, ME2 BM1, ME2 BM2, ME3 BM2, ME4 BM1",3.828211153055679,daily_ff3,Daily FF3,XGBoost Signature
2022-10-18,-0.0227799999999999,"BIG LoBM, SMALL LoBM, ME1 BM2, ME1 BM3, ME1 BM4",3.74100450298907,daily_ff3,Daily FF3,XGBoost Signature
2022-10-19,-0.00596,"ME2 BM3, ME4 BM1, BIG LoBM, SMALL LoBM, ME1 BM2",3.718708116151256,daily_ff3,Daily FF3,XGBoost Signature
2022-10-20,0.02036,"ME1 BM3, ME1 BM4, ME3 BM1, ME3 BM2, BIG LoBM",3.794421013396095,daily_ff3,Daily FF3,XGBoost Signature
2022-10-21,-0.0026199999999999,"BIG LoBM, SMALL LoBM, ME1 BM2, ME1 BM3, ME1 BM4",3.7844796303409978,daily_ff3,Daily FF3,XGBoost Signature
2022-10-24,0.03206,"ME4 BM2, SMALL LoBM, ME1 BM2, ME1 BM3, ME1 BM4",3.90581004728973,daily_ff3,Daily FF3,XGBoost Signature
2022-10-25,-0.00112,"ME2 BM3, ME4 BM2, BIG LoBM, SMALL LoBM, ME1 BM2",3.9014355400367657,daily_ff3,Daily FF3,XGBoost Signature
2022-10-26,-0.0052599999999999,"SMALL LoBM, ME1 BM2, ME2 BM1, ME2 BM2, ME3 BM1",3.880913989096172,daily_ff3,Daily FF3,XGBoost Signature
2022-10-27,0.02384,"SMALL LoBM, ME1 BM2, ME2 BM1, ME2 BM2, ME3 BM1",3.973434978596225,daily_ff3,Daily FF3,XGBoost Signature
2022-10-28,-0.0052599999999999,"SMALL LoBM, ME1 BM2, ME2 BM1, BIG LoBM, ME2 BM2",3.9525347106088087,daily_ff3,Daily FF3,XGBoost Signature
2022-10-31,-0.0017199999999999,"ME2 BM1, BIG LoBM, ME4 BM1, SMALL LoBM, ME1 BM2",3.945736350906561,daily_ff3,Daily FF3,XGBoost Signature
2022-11-01,-0.0411399999999999,"SMALL LoBM, ME1 BM2, ME2 BM1, ME4 BM1, BIG LoBM",3.7834087574302657,daily_ff3,Daily FF3,XGBoost Signature
2022-11-02,-0.0054399999999999,"SMALL LoBM, ME1 BM2, ME2 BM1, ME4 BM1, BIG LoBM",3.762827013789845,daily_ff3,Daily FF3,XGBoost Signature
2022-11-03,-0.00214,"ME3 BM2, SMALL LoBM, ME1 BM2, ME1 BM3, ME2 BM1",3.754774563980335,daily_ff3,Daily FF3,XGBoost Signature
2022-11-04,0.0056799999999999,"BIG LoBM, ME1 BM3, ME3 BM2, ME4 BM2, SMALL LoBM",3.776101683503743,daily_ff3,Daily FF3,XGBoost Signature
2022-11-07,0.00392,"ME1 BM3, ME2 BM2, ME3 BM1, ME3 BM2, BIG LoBM",3.790904002103077,daily_ff3,Daily FF3,XGBoost Signature
2022-11-08,-0.03168,"ME1 BM3, ME2 BM3, ME3 BM2, BIG LoBM, SMALL LoBM",3.670808163316452,daily_ff3,Daily FF3,XGBoost Signature
2022-11-09,0.07542,"ME2 BM3, ME3 BM2, BIG LoBM, SMALL LoBM, ME1 BM2",3.9476605149937782,daily_ff3,Daily FF3,XGBoost Signature
2022-11-10,0.0215,"ME1 BM3, ME2 BM2, SMALL LoBM, ME1 BM2, ME1 BM4",4.032535216066146,daily_ff3,Daily FF3,XGBoost Signature
2022-11-11,-0.01236,"ME1 BM3, ME1 BM4, ME3 BM2, SMALL LoBM, ME1 BM2",3.982693080795568,daily_ff3,Daily FF3,XGBoost Signature
2022-11-14,0.01484,"ME1 BM4, BIG LoBM, ME2 BM1, ME2 BM3, ME2 BM4",4.041796246114574,daily_ff3,Daily FF3,XGBoost Signature
2022-11-15,-0.02156,"BIG LoBM, ME2 BM1, ME2 BM3, ME3 BM2, ME4 BM1",3.954655119048344,daily_ff3,Daily FF3,XGBoost Signature
2022-11-16,-0.0074399999999999,"ME2 BM3, ME2 BM4, ME5 BM2, ME2 BM1, ME3 BM2",3.925232484962624,daily_ff3,Daily FF3,XGBoost Signature
2022-11-17,0.00416,"ME2 BM4, BIG LoBM, ME5 BM2, ME2 BM1, ME2 BM3",3.941561452100068,daily_ff3,Daily FF3,XGBoost Signature
2022-11-18,-0.00686,"ME2 BM4, ME3 BM2, ME4 BM2, ME5 BM2, ME2 BM1",3.9145223405386615,daily_ff3,Daily FF3,XGBoost Signature
2022-11-21,0.01188,"ME2 BM4, ME3 BM2, ME4 BM2, ME2 BM1, ME2 BM3",3.96102686594426,daily_ff3,Daily FF3,XGBoost Signature
2022-11-22,0.00538,"ME2 BM4, ME4 BM2, ME5 BM2, ME2 BM1, ME2 BM3",3.98233719048304,daily_ff3,Daily FF3,XGBoost Signature
2022-11-23,0.00178,"ME2 BM1, ME3 BM4, ME4 BM2, BIG LoBM, ME5 BM2",3.9894257506821,daily_ff3,Daily FF3,XGBoost Signature
2022-11-25,-0.01538,"ME3 BM2, ME3 BM4, ME4 BM2, BIG LoBM, ME5 BM2",3.928068382636609,daily_ff3,Daily FF3,XGBoost Signature
2022-11-28,-0.00034,"ME2 BM1, ME3 BM4, ME4 BM2, BIG LoBM, ME5 BM2",3.9267328393865126,daily_ff3,Daily FF3,XGBoost Signature
2022-11-29,0.03006,"ME3 BM2, ME3 BM4, ME4 BM2, BIG LoBM, ME5 BM2",4.044770428538471,daily_ff3,Daily FF3,XGBoost Signature
2022-11-30,-0.00052,"ME3 BM2, ME3 BM4, ME4 BM2, BIG LoBM, ME5 BM2",4.042667147915632,daily_ff3,Daily FF3,XGBoost Signature
2022-12-01,0.00472,"ME1 BM4, ME3 BM2, ME4 BM2, BIG LoBM, ME2 BM3",4.061748536853793,daily_ff3,Daily FF3,XGBoost Signature
2022-12-02,-0.02584,"ME1 BM4, ME3 BM2, ME3 BM5, ME4 BM2, ME5 BM2",3.9567929546614913,daily_ff3,Daily FF3,XGBoost Signature
2022-12-05,-0.01446,"ME1 BM4, ME2 BM1, ME2 BM5, ME3 BM5, ME4 BM2",3.899577728537086,daily_ff3,Daily FF3,XGBoost Signature
2022-12-06,-0.00494,"ME3 BM5, ME2 BM4, ME3 BM4, ME4 BM1, ME2 BM3",3.880313814558113,daily_ff3,Daily FF3,XGBoost Signature
2022-12-07,0.01026,"ME1 BM4, ME2 BM1, ME3 BM2, ME4 BM1, ME4 BM2",3.920125834295479,daily_ff3,Daily FF3,XGBoost Signature
2022-12-08,-0.011,"ME1 BM4, ME4 BM1, ME4 BM2, ME4 BM3, ME5 BM2",3.877004450118229,daily_ff3,Daily FF3,XGBoost Signature
2022-12-09,0.01354,"ME1 BM4, ME4 BM1, ME4 BM2, ME4 BM3, ME5 BM2",3.92949909037283,daily_ff3,Daily FF3,XGBoost Signature
2022-12-12,0.01064,"SMALL LoBM, ME1 BM2, ME1 BM3, ME2 BM1, ME2 BM2",3.971308960694397,daily_ff3,Daily FF3,XGBoost Signature
2022-12-13,-0.00548,"ME2 BM1, ME2 BM5, ME3 BM2, ME4 BM1, ME4 BM3",3.949546187589792,daily_ff3,Daily FF3,XGBoost Signature
2022-12-14,-0.02292,"ME1 BM4, ME4 BM1, ME4 BM3, ME4 BM4, ME4 BM5",3.8590225889702334,daily_ff3,Daily FF3,XGBoost Signature
2022-12-15,-0.0088,"ME4 BM2, ME4 BM3, ME4 BM4, ME1 BM4, ME2 BM3",3.8250631901872953,daily_ff3,Daily FF3,XGBoost Signature
2022-12-16,-0.0098,"ME4 BM2, ME4 BM4, ME2 BM3, ME2 BM4, ME2 BM5",3.78757757092346,daily_ff3,Daily FF3,XGBoost Signature
2022-12-19,0.00374,"ME4 BM2, ME4 BM4, ME2 BM3, ME2 BM4, ME2 BM5",3.801743111038714,daily_ff3,Daily FF3,XGBoost Signature
2022-12-20,0.01718,"ME1 BM4, ME3 BM2, ME4 BM2, ME4 BM3, ME4 BM4",3.867057057686359,daily_ff3,Daily FF3,XGBoost Signature
2022-12-21,-0.01212,"ME4 BM2, ME4 BM3, ME4 BM4, ME4 BM5, BIG HiBM",3.8201883261472,daily_ff3,Daily FF3,XGBoost Signature
2022-12-22,0.00892,"ME2 BM4, ME2 BM5, ME3 BM4, ME3 BM5, ME4 BM3",3.854264406016433,daily_ff3,Daily FF3,XGBoost Signature
2022-12-23,-0.00144,"ME2 BM3, ME2 BM4, ME2 BM5, ME3 BM4, ME3 BM5",3.848714265271769,daily_ff3,Daily FF3,XGBoost Signature
2022-12-27,-0.01814,"ME2 BM4, ME2 BM5, ME3 BM4, ME3 BM5, ME2 BM3",3.778898588499739,daily_ff3,Daily FF3,XGBoost Signature
2022-12-28,0.02086,"ME2 BM4, ME2 BM5, ME3 BM4, ME3 BM5, ME4 BM3",3.857726413055844,daily_ff3,Daily FF3,XGBoost Signature
2022-12-29,-0.00276,"ME2 BM3, BIG HiBM, ME2 BM4, ME2 BM5, ME3 BM4",3.84707908815581,daily_ff3,Daily FF3,XGBoost Signature
2022-12-30,-0.00522,"ME2 BM3, ME2 BM4, ME2 BM5, ME3 BM4, ME3 BM5",3.826997335315637,daily_ff3,Daily FF3,XGBoost Signature
2023-01-03,0.0101,"ME2 BM4, ME2 BM5, ME3 BM4, ME3 BM5, SMALL LoBM",3.8656500084023246,daily_ff3,Daily FF3,XGBoost Signature
2023-01-04,-0.00816,"ME4 BM1, ME2 BM4, ME2 BM5, ME3 BM4, ME3 BM5",3.8341063043337615,daily_ff3,Daily FF3,XGBoost Signature
2023-01-05,0.02128,"ME2 BM1, ME3 BM4, ME4 BM1, ME2 BM4, ME2 BM5",3.915696086489984,daily_ff3,Daily FF3,XGBoost Signature
2023-01-06,1.999999999999979e-05,"ME4 BM1, ME3 BM4, ME2 BM4, ME2 BM5, ME3 BM5",3.915774400411713,daily_ff3,Daily FF3,XGBoost Signature
2023-01-09,0.0135999999999999,"ME2 BM4, ME2 BM5, ME3 BM4, ME3 BM5, ME1 BM2",3.969028932257313,daily_ff3,Daily FF3,XGBoost Signature
2023-01-10,0.00972,"ME2 BM4, ME2 BM5, ME3 BM4, ME3 BM5, SMALL LoBM",4.007607893478854,daily_ff3,Daily FF3,XGBoost Signature
2023-01-11,0.01214,"BIG LoBM, ME2 BM4, ME2 BM5, ME3 BM4, ME3 BM5",4.056260253305688,daily_ff3,Daily FF3,XGBoost Signature
2023-01-12,0.0035,"ME2 BM4, ME2 BM5, ME3 BM4, ME3 BM5, BIG HiBM",4.070457164192257,daily_ff3,Daily FF3,XGBoost Signature
2023-01-13,-0.0032799999999999,"BIG LoBM, ME2 BM4, ME2 BM5, ME3 BM4, ME3 BM5",4.057106064693707,daily_ff3,Daily FF3,XGBoost Signature
2023-01-17,-0.0158,"BIG LoBM, ME3 BM1, ME2 BM4, ME2 BM5, ME3 BM4",3.9930037888715466,daily_ff3,Daily FF3,XGBoost Signature
2023-01-18,-0.00708,"ME4 BM5, BIG LoBM, ME2 BM4, ME2 BM5, ME3 BM4",3.964733322046336,daily_ff3,Daily FF3,XGBoost Signature
2023-01-19,0.0189599999999999,"ME4 BM5, BIG LoBM, ME2 BM4, ME2 BM5, ME3 BM4",4.039904665832335,daily_ff3,Daily FF3,XGBoost Signature
2023-01-20,0.01698,"ME3 BM2, ME4 BM1, ME4 BM2, BIG LoBM, SMALL LoBM",4.108502247058168,daily_ff3,Daily FF3,XGBoost Signature
2023-01-23,-0.00326,"ME4 BM1, ME4 BM2, BIG LoBM, ME2 BM4, ME2 BM5",4.095108529732759,daily_ff3,Daily FF3,XGBoost Signature
2023-01-24,0.00114,"ME3 BM2, ME4 BM1, ME4 BM2, BIG LoBM, ME2 BM4",4.0997769534566535,daily_ff3,Daily FF3,XGBoost Signature
2023-01-25,0.0093,"ME2 BM2, ME2 BM3, ME3 BM1, ME3 BM2, ME4 BM1",4.137904879123801,daily_ff3,Daily FF3,XGBoost Signature
2023-01-26,0.00786,"ME2 BM2, ME3 BM2, ME4 BM1, ME4 BM2, BIG LoBM",4.170428811473714,daily_ff3,Daily FF3,XGBoost Signature
2023-01-27,-0.01336,"ME3 BM2, ME4 BM1, ME4 BM2, BIG LoBM, ME2 BM4",4.114711882552426,daily_ff3,Daily FF3,XGBoost Signature
2023-01-30,0.02192,"ME2 BM2, ME3 BM2, ME4 BM1, ME4 BM2, BIG LoBM",4.204906367017975,daily_ff3,Daily FF3,XGBoost Signature
2023-01-31,0.0193,"ME1 BM4, ME2 BM1, ME2 BM2, ME2 BM3, ME3 BM1",4.286061059901422,daily_ff3,Daily FF3,XGBoost Signature
2023-02-01,0.02908,"ME2 BM1, ME2 BM2, ME2 BM3, ME3 BM1, ME3 BM2",4.410699715523355,daily_ff3,Daily FF3,XGBoost Signature
2023-02-02,-0.00846,"SMALL LoBM, ME1 BM4, ME2 BM1, ME2 BM2, ME2 BM3",4.373385195930028,daily_ff3,Daily FF3,XGBoost Signature
2023-02-03,-0.01228,"SMALL LoBM, ME1 BM4, ME2 BM1, ME2 BM2, ME2 BM3",4.319680025724007,daily_ff3,Daily FF3,XGBoost Signature
2023-02-06,0.00902,"ME1 BM4, ME2 BM1, ME2 BM2, ME2 BM3, ME3 BM1",4.358643539556038,daily_ff3,Daily FF3,XGBoost Signature
2023-02-07,-0.01912,"ME2 BM1, ME2 BM2, ME2 BM3, ME3 BM1, ME3 BM2",4.275306275079727,daily_ff3,Daily FF3,XGBoost Signature
2023-02-08,-0.02056,"SMALL LoBM, ME1 BM4, ME2 BM1, ME2 BM2, ME2 BM3",4.187405978064088,daily_ff3,Daily FF3,XGBoost Signature
2023-02-09,-0.00492,"SMALL LoBM, ME1 BM4, ME2 BM1, ME2 BM2, ME2 BM3",4.166803940652012,daily_ff3,Daily FF3,XGBoost Signature
2023-02-10,0.01018,"SMALL LoBM, ME1 BM4, ME2 BM1, ME2 BM2, ME2 BM3",4.20922200476785,daily_ff3,Daily FF3,XGBoost Signature
2023-02-13,0.0049,"SMALL LoBM, ME1 BM2, ME1 BM4, ME2 BM1, ME2 BM2",4.229847192591212,daily_ff3,Daily FF3,XGBoost Signature
2023-02-14,0.01792,"SMALL LoBM, ME1 BM2, ME1 BM4, ME2 BM1, ME2 BM2",4.305646054282446,daily_ff3,Daily FF3,XGBoost Signature
2023-02-15,-0.01444,"SMALL LoBM, ME1 BM2, ME1 BM4, ME2 BM1, ME2 BM2",4.243472525258608,daily_ff3,Daily FF3,XGBoost Signature
2023-02-16,0.00254,"SMALL LoBM, ME1 BM4, ME2 BM1, ME2 BM2, ME2 BM3",4.254250945472765,daily_ff3,Daily FF3,XGBoost Signature
2023-02-17,-0.0387,"SMALL LoBM, ME1 BM4, ME2 BM1, ME2 BM2, ME2 BM3",4.089611433882969,daily_ff3,Daily FF3,XGBoost Signature
2023-02-21,0.00472,"SMALL LoBM, ME1 BM4, ME2 BM1, ME2 BM2, ME2 BM3",4.108914399850897,daily_ff3,Daily FF3,XGBoost Signature
2023-02-22,0.00632,"SMALL LoBM, ME2 BM1, ME2 BM2, ME3 BM2, ME3 BM3",4.1348827388579545,daily_ff3,Daily FF3,XGBoost Signature
2023-02-23,-0.01652,"SMALL LoBM, ME2 BM1, ME2 BM2, ME2 BM3, ME3 BM1",4.066574476012021,daily_ff3,Daily FF3,XGBoost Signature
2023-02-24,0.00442,"SMALL LoBM, ME1 BM4, ME2 BM1, ME2 BM2, ME2 BM3",4.084548735195995,daily_ff3,Daily FF3,XGBoost Signature
2023-02-27,0.0059,"SMALL LoBM, ME2 BM1, ME2 BM2, ME2 BM3, ME3 BM1",4.108647572733651,daily_ff3,Daily FF3,XGBoost Signature
2023-02-28,-0.00324,"SMALL LoBM, ME2 BM1, ME2 BM2, ME3 BM1, ME3 BM2",4.095335554597994,daily_ff3,Daily FF3,XGBoost Signature
2023-03-01,0.0052,"ME2 BM2, ME3 BM1, ME3 BM2, ME4 BM1, ME4 BM2",4.116631299481903,daily_ff3,Daily FF3,XGBoost Signature
2023-03-02,0.01894,"SMALL LoBM, ME2 BM1, ME2 BM2, ME3 BM1, ME3 BM2",4.19460029629409,daily_ff3,Daily FF3,XGBoost Signature
2023-03-03,-0.00916,"ME3 BM1, ME3 BM2, ME4 BM1, ME4 BM2, BIG LoBM",4.156177757580036,daily_ff3,Daily FF3,XGBoost Signature
2023-03-06,-0.0180799999999999,"ME4 BM1, ME3 BM5, ME5 BM3, ME5 BM4, BIG HiBM",4.0810340637229885,daily_ff3,Daily FF3,XGBoost Signature
2023-03-07,0.00066,"ME4 BM1, BIG LoBM, ME1 BM2, ME1 BM3, ME2 BM3",4.083727546205046,daily_ff3,Daily FF3,XGBoost Signature
2023-03-08,-0.02628,"ME4 BM1, SMALL HiBM, ME2 BM4, ME2 BM5, ME3 BM4",3.9764071862907775,daily_ff3,Daily FF3,XGBoost Signature
2023-03-09,-0.02502,"ME4 BM1, BIG LoBM, SMALL HiBM, ME2 BM4, ME2 BM5",3.876917478489782,daily_ff3,Daily FF3,XGBoost Signature
2023-03-10,-0.00874,"ME4 BM1, BIG LoBM, ME1 BM3, ME2 BM4, ME2 BM5",3.843033219727781,daily_ff3,Daily FF3,XGBoost Signature
2023-03-13,0.0160599999999999,"ME4 BM1, ME4 BM2, BIG LoBM, SMALL LoBM, ME1 BM3",3.9047523332366096,daily_ff3,Daily FF3,XGBoost Signature
2023-03-14,-0.01588,"BIG LoBM, SMALL HiBM, ME3 BM4, ME4 BM5, ME2 BM4",3.842744866184813,daily_ff3,Daily FF3,XGBoost Signature
2023-03-15,0.00958,"ME5 BM4, SMALL LoBM, ME1 BM2, ME1 BM3, ME1 BM4",3.879558362002863,daily_ff3,Daily FF3,XGBoost Signature
2023-03-16,-0.02622,"ME3 BM3, ME3 BM4, ME3 BM5, ME4 BM2, ME4 BM5",3.777836341751148,daily_ff3,Daily FF3,XGBoost Signature
2023-03-17,0.0007599999999999,"SMALL LoBM, ME1 BM2, ME1 BM3, ME5 BM4, ME5 BM2",3.780707497370879,daily_ff3,Daily FF3,XGBoost Signature
2023-03-20,0.01746,"ME2 BM3, ME5 BM4, BIG HiBM, ME1 BM3, ME5 BM2",3.8467186502749744,daily_ff3,Daily FF3,XGBoost Signature
2023-03-21,-0.02148,"ME5 BM2, ME5 BM4, BIG HiBM, ME4 BM3, ME1 BM4",3.764091133667068,daily_ff3,Daily FF3,XGBoost Signature
2023-03-22,-0.00506,"ME5 BM2, ME5 BM4, ME4 BM3, ME5 BM3, BIG HiBM",3.745044832530713,daily_ff3,Daily FF3,XGBoost Signature
2023-03-23,0.0002,"SMALL LoBM, ME1 BM2, ME1 BM3, ME2 BM1, ME2 BM2",3.745793841497219,daily_ff3,Daily FF3,XGBoost Signature
2023-03-24,0.0111,"ME5 BM2, ME5 BM4, ME4 BM3, ME5 BM3, BIG HiBM",3.7873721531378384,daily_ff3,Daily FF3,XGBoost Signature
2023-03-27,0.00138,"ME5 BM2, ME5 BM4, ME4 BM3, ME5 BM3, BIG HiBM",3.792598726709168,daily_ff3,Daily FF3,XGBoost Signature
2023-03-28,0.0134,"ME5 BM2, ME5 BM3, ME5 BM4, BIG HiBM, ME4 BM3",3.8434195496470713,daily_ff3,Daily FF3,XGBoost Signature
2023-03-29,0.00292,"ME5 BM2, ME5 BM4, ME4 BM3, ME5 BM3, BIG HiBM",3.854642334732041,daily_ff3,Daily FF3,XGBoost Signature
2023-03-30,0.0120799999999999,"ME5 BM2, ME5 BM4, ME3 BM4, ME4 BM3, ME5 BM3",3.901206414135604,daily_ff3,Daily FF3,XGBoost Signature
2023-03-31,0.0058799999999999,"ME5 BM2, ME5 BM4, ME4 BM3, ME5 BM3, ME1 BM2",3.924145507850722,daily_ff3,Daily FF3,XGBoost Signature
2023-04-03,-0.009,"ME4 BM3, ME5 BM2, ME5 BM3, ME5 BM4, BIG HiBM",3.8888281982800654,daily_ff3,Daily FF3,XGBoost Signature
2023-04-04,0.0040999999999999,"ME5 BM2, ME5 BM4, ME4 BM3, ME5 BM3, BIG HiBM",3.9047723938930137,daily_ff3,Daily FF3,XGBoost Signature
2023-04-05,0.0018,"ME1 BM4, ME2 BM5, ME5 BM4, ME4 BM3, ME5 BM2",3.911800984202021,daily_ff3,Daily FF3,XGBoost Signature
2023-04-06,0.00546,"ME5 BM2, ME5 BM4, ME4 BM3, ME5 BM3, BIG HiBM",3.933159417575765,daily_ff3,Daily FF3,XGBoost Signature
2023-04-10,0.00586,"ME5 BM2, ME4 BM3, ME5 BM3, ME5 BM4, BIG HiBM",3.9562077317627584,daily_ff3,Daily FF3,XGBoost Signature
2023-04-11,-0.00224,"ME5 BM2, ME5 BM4, ME4 BM3, ME5 BM3, BIG HiBM",3.94734582644361,daily_ff3,Daily FF3,XGBoost Signature
2023-04-12,0.00688,"ME5 BM2, ME4 BM3, ME5 BM3, ME5 BM4, BIG HiBM",3.9745035657295418,daily_ff3,Daily FF3,XGBoost Signature
2023-04-13,-0.0030399999999999,"SMALL LoBM, ME4 BM3, ME5 BM2, ME5 BM3, ME5 BM4",3.962421074889724,daily_ff3,Daily FF3,XGBoost Signature
2023-04-14,0.0063,"ME5 BM2, ME5 BM4, ME4 BM3, ME5 BM3, SMALL LoBM",3.987384327661529,daily_ff3,Daily FF3,XGBoost Signature
2023-04-17,0.0007199999999999,"ME3 BM1, ME4 BM3, ME5 BM2, ME5 BM3, SMALL LoBM",3.9902552443774457,daily_ff3,Daily FF3,XGBoost Signature
2023-04-18,-0.00126,"ME1 BM3, ME4 BM3, ME5 BM2, ME5 BM3, ME5 BM4",3.98522752276953,daily_ff3,Daily FF3,XGBoost Signature
2023-04-19,-0.00712,"ME4 BM3, ME5 BM2, ME5 BM3, ME5 BM4, SMALL LoBM",3.956852702807411,daily_ff3,Daily FF3,XGBoost Signature
2023-04-20,0.0019999999999999,"ME1 BM3, ME4 BM3, ME5 BM2, ME5 BM3, SMALL LoBM",3.9647664082130256,daily_ff3,Daily FF3,XGBoost Signature
2023-04-21,0.00142,"ME1 BM3, ME4 BM3, ME5 BM2, ME5 BM3, ME5 BM4",3.970396376512688,daily_ff3,Daily FF3,XGBoost Signature
2023-04-24,-0.0217,"ME1 BM3, ME5 BM2, ME5 BM3, ME2 BM1, ME2 BM2",3.8842387751423626,daily_ff3,Daily FF3,XGBoost Signature
2023-04-25,-0.00536,"ME1 BM3, ME5 BM2, SMALL LoBM, ME1 BM2, ME1 BM4",3.8634192553076,daily_ff3,Daily FF3,XGBoost Signature
2023-04-26,0.01206,"ME1 BM3, ME5 BM2, SMALL LoBM, ME1 BM2, ME1 BM4",3.910012091526609,daily_ff3,Daily FF3,XGBoost Signature
2023-04-27,0.0133,"ME1 BM3, SMALL LoBM, ME1 BM2, ME1 BM4, SMALL HiBM",3.9620152523439134,daily_ff3,Daily FF3,XGBoost Signature
2023-04-28,0.01108,"SMALL LoBM, ME1 BM2, ME1 BM3, ME1 BM4, SMALL HiBM",4.005914381339884,daily_ff3,Daily FF3,XGBoost Signature
2023-05-01,-0.01928,"SMALL LoBM, ME1 BM2, ME1 BM3, ME1 BM4, SMALL HiBM",3.928680352067651,daily_ff3,Daily FF3,XGBoost Signature
2023-05-02,0.012,"BIG LoBM, SMALL LoBM, ME1 BM2, ME1 BM3, ME1 BM4",3.975824516292463,daily_ff3,Daily FF3,XGBoost Signature
2023-05-03,-0.01226,"ME2 BM1, ME2 BM2, ME2 BM3, ME2 BM4, ME2 BM5",3.927080907722717,daily_ff3,Daily FF3,XGBoost Signature
2023-05-04,0.02224,"ME1 BM3, ME2 BM2, BIG LoBM, SMALL LoBM, ME1 BM2",4.01441918711047,daily_ff3,Daily FF3,XGBoost Signature
2023-05-05,-0.0006199999999999,"ME1 BM4, ME2 BM1, ME2 BM2, ME2 BM3, ME4 BM5",4.011930247214462,daily_ff3,Daily FF3,XGBoost Signature
2023-05-08,0.00074,"ME2 BM2, BIG LoBM, ME1 BM3, ME1 BM4, SMALL HiBM",4.0148990755974,daily_ff3,Daily FF3,XGBoost Signature
2023-05-09,-0.00172,"ME2 BM2, BIG LoBM, ME4 BM5, ME5 BM4, BIG HiBM",4.0079934491873725,daily_ff3,Daily FF3,XGBoost Signature
2023-05-10,-0.00856,"BIG LoBM, ME1 BM3, ME2 BM2, ME1 BM2, ME2 BM1",3.973685025262329,daily_ff3,Daily FF3,XGBoost Signature
2023-05-11,-0.00748,"BIG LoBM, ME1 BM3, ME2 BM2, SMALL LoBM, ME1 BM2",3.9439618612733662,daily_ff3,Daily FF3,XGBoost Signature
2023-05-12,0.0126,"BIG LoBM, ME1 BM3, ME2 BM2, ME2 BM1, ME2 BM3",3.9936557807254105,daily_ff3,Daily FF3,XGBoost Signature
2023-05-15,-0.01208,"SMALL LoBM, ME1 BM3, ME2 BM2, BIG LoBM, ME3 BM1",3.945412418894248,daily_ff3,Daily FF3,XGBoost Signature
2023-05-16,0.02118,"BIG LoBM, ME1 BM3, ME2 BM2, SMALL LoBM, ME1 BM2",4.028976253926428,daily_ff3,Daily FF3,XGBoost Signature
2023-05-17,0.00676,"ME1 BM3, ME2 BM2, ME3 BM1, BIG LoBM, SMALL LoBM",4.056212133402971,daily_ff3,Daily FF3,XGBoost Signature
2023-05-18,0.00054,"BIG LoBM, ME1 BM3, ME2 BM2, SMALL LoBM, ME1 BM2",4.058402487955008,daily_ff3,Daily FF3,XGBoost Signature
2023-05-19,0.0132399999999999,"ME1 BM3, ME2 BM2, BIG LoBM, SMALL HiBM, ME2 BM1",4.112135736895532,daily_ff3,Daily FF3,XGBoost Signature
2023-05-22,-0.007,"ME2 BM1, ME1 BM3, ME2 BM2, BIG LoBM, SMALL LoBM",4.083350786737263,daily_ff3,Daily FF3,XGBoost Signature
2023-05-23,-0.0121,"BIG LoBM, ME1 BM3, ME2 BM2, SMALL LoBM, ME1 BM2",4.0339422422177424,daily_ff3,Daily FF3,XGBoost Signature
2023-05-24,-0.0096,"ME1 BM3, BIG LoBM, ME2 BM2, SMALL LoBM, ME1 BM2",3.995216396692452,daily_ff3,Daily FF3,XGBoost Signature
2023-05-25,0.01368,"SMALL LoBM, BIG LoBM, ME1 BM3, ME2 BM2, ME1 BM2",4.049870956999205,daily_ff3,Daily FF3,XGBoost Signature
2023-05-26,-0.00302,"BIG LoBM, SMALL LoBM, ME1 BM2, ME1 BM3, ME1 BM4",4.037640346709067,daily_ff3,Daily FF3,XGBoost Signature
2023-05-30,-0.0012,"BIG LoBM, SMALL LoBM, ME1 BM2, ME1 BM3, ME1 BM4",4.032795178293017,daily_ff3,Daily FF3,XGBoost Signature
2023-05-31,0.01144,"BIG LoBM, SMALL LoBM, ME1 BM2, ME1 BM3, ME1 BM4",4.078930355132688,daily_ff3,Daily FF3,XGBoost Signature
2023-06-01,0.0304199999999999,"BIG LoBM, ME2 BM4, ME3 BM5, ME4 BM5, BIG HiBM",4.2030114165358246,daily_ff3,Daily FF3,XGBoost Signature
2023-06-02,-0.00674,"BIG LoBM, SMALL LoBM, ME1 BM4, SMALL HiBM, ME2 BM2",4.174683119588373,daily_ff3,Daily FF3,XGBoost Signature
2023-06-05,0.025,"BIG LoBM, SMALL HiBM, ME2 BM5, ME3 BM3, ME3 BM4",4.279050197578082,daily_ff3,Daily FF3,XGBoost Signature
2023-06-06,0.00904,"BIG LoBM, SMALL LoBM, ME1 BM2, ME1 BM3, ME1 BM4",4.317732811364187,daily_ff3,Daily FF3,XGBoost Signature
2023-06-07,0.00112,"ME4 BM5, BIG LoBM, SMALL LoBM, ME1 BM2, ME1 BM3",4.322568672112915,daily_ff3,Daily FF3,XGBoost Signature
2023-06-08,-0.00958,"BIG LoBM, SMALL LoBM, ME1 BM2, ME1 BM3, ME1 BM4",4.281158464234073,daily_ff3,Daily FF3,XGBoost Signature
2023-06-09,0.00194,"ME1 BM3, ME2 BM5, ME3 BM3, ME3 BM5, ME4 BM4",4.289463911654687,daily_ff3,Daily FF3,XGBoost Signature
2023-06-12,0.0133,"BIG LoBM, SMALL LoBM, ME1 BM2, ME1 BM3, ME1 BM4",4.346513781679695,daily_ff3,Daily FF3,XGBoost Signature
2023-06-13,-0.01552,"SMALL LoBM, SMALL HiBM, ME2 BM5, ME3 BM5, ME4 BM5",4.279055887788027,daily_ff3,Daily FF3,XGBoost Signature
2023-06-14,0.0089,"BIG LoBM, ME1 BM4, ME2 BM1, ME2 BM2, ME2 BM3",4.317139485189339,daily_ff3,Daily FF3,XGBoost Signature
2023-06-15,-0.0070999999999999,"BIG LoBM, SMALL LoBM, ME4 BM1, ME4 BM2, ME4 BM5",4.286487794844495,daily_ff3,Daily FF3,XGBoost Signature
2023-06-16,8.000000000000021e-05,"ME1 BM2, ME1 BM3, BIG LoBM, SMALL LoBM, ME1 BM4",4.286830713868083,daily_ff3,Daily FF3,XGBoost Signature
2023-06-20,-0.0057599999999999,"ME3 BM5, BIG LoBM, SMALL LoBM, ME1 BM2, ME1 BM3",4.262138568956203,daily_ff3,Daily FF3,XGBoost Signature
2023-06-21,-0.00334,"BIG LoBM, SMALL LoBM, ME1 BM2, ME1 BM3, ME1 BM4",4.24790302613589,daily_ff3,Daily FF3,XGBoost Signature
2023-06-22,-0.0089799999999999,"BIG LoBM, ME4 BM4, ME4 BM5, ME5 BM4, SMALL LoBM",4.20975685696119,daily_ff3,Daily FF3,XGBoost Signature
2023-06-23,-0.01508,"BIG LoBM, SMALL LoBM, ME1 BM2, ME1 BM3, ME1 BM4",4.146273723558215,daily_ff3,Daily FF3,XGBoost Signature
2023-06-26,0.00914,"BIG LoBM, SMALL LoBM, ME1 BM2, ME1 BM3, ME1 BM4",4.1841706653915365,daily_ff3,Daily FF3,XGBoost Signature
2023-06-27,0.0076,"BIG LoBM, SMALL LoBM, ME1 BM2, ME1 BM3, ME1 BM4",4.2159703624485125,daily_ff3,Daily FF3,XGBoost Signature
2023-06-28,0.00568,"BIG LoBM, SMALL LoBM, ME1 BM2, ME1 BM3, ME1 BM4",4.23991707410722,daily_ff3,Daily FF3,XGBoost Signature
2023-06-29,0.00978,"BIG LoBM, SMALL LoBM, ME5 BM4, ME1 BM2, ME1 BM3",4.281383463091989,daily_ff3,Daily FF3,XGBoost Signature
2023-06-30,0.0037599999999999,"BIG LoBM, SMALL LoBM, ME1 BM2, ME1 BM3, ME1 BM4",4.297481464913215,daily_ff3,Daily FF3,XGBoost Signature
2023-07-03,-0.0065599999999999,"BIG LoBM, ME2 BM4, ME5 BM2, ME5 BM4, SMALL LoBM",4.269289986503384,daily_ff3,Daily FF3,XGBoost Signature
2023-07-05,-0.01534,"BIG LoBM, ME2 BM4, ME1 BM4, ME2 BM5, BIG HiBM",4.203799078110422,daily_ff3,Daily FF3,XGBoost Signature
2023-07-06,0.00962,"BIG LoBM, ME2 BM4, SMALL LoBM, ME1 BM2, ME1 BM3",4.244239625241844,daily_ff3,Daily FF3,XGBoost Signature
2023-07-07,0.01336,"BIG LoBM, ME2 BM4, SMALL LoBM, ME1 BM2, ME1 BM3",4.300942666635075,daily_ff3,Daily FF3,XGBoost Signature
2023-07-10,0.01108,"BIG LoBM, ME2 BM4, ME3 BM5, SMALL HiBM, ME2 BM5",4.348597111381392,daily_ff3,Daily FF3,XGBoost Signature
2023-07-11,0.01046,"BIG LoBM, ME2 BM4, ME3 BM5, SMALL LoBM, ME1 BM2",4.394083437166441,daily_ff3,Daily FF3,XGBoost Signature
2023-07-12,0.00658,"BIG LoBM, ME2 BM4, ME3 BM5, ME4 BM5, ME5 BM4",4.422996506182996,daily_ff3,Daily FF3,XGBoost Signature
2023-07-13,-0.00946,"ME3 BM5, BIG LoBM, ME2 BM4, SMALL LoBM, ME1 BM2",4.381154959234505,daily_ff3,Daily FF3,XGBoost Signature
2023-07-14,0.00726,"BIG LoBM, ME2 BM4, ME3 BM5, ME5 BM2, SMALL LoBM",4.412962144238548,daily_ff3,Daily FF3,XGBoost Signature
2023-07-17,0.0135199999999999,"BIG LoBM, ME2 BM4, ME3 BM5, SMALL LoBM, ME1 BM2",4.472625392428653,daily_ff3,Daily FF3,XGBoost Signature
2023-07-18,0.00592,"BIG LoBM, ME2 BM4, ME3 BM5, SMALL LoBM, ME1 BM2",4.499103334751831,daily_ff3,Daily FF3,XGBoost Signature
2023-07-19,-0.00906,"BIG LoBM, ME2 BM4, ME3 BM5, ME1 BM2, ME1 BM4",4.458341458538979,daily_ff3,Daily FF3,XGBoost Signature
2023-07-20,-0.0058,"BIG LoBM, ME2 BM4, ME3 BM5, ME2 BM5, ME4 BM5",4.432483078079453,daily_ff3,Daily FF3,XGBoost Signature
2023-07-21,-0.0007399999999999,"ME2 BM4, ME3 BM5, BIG LoBM, SMALL LoBM, ME1 BM2",4.429203040601674,daily_ff3,Daily FF3,XGBoost Signature
2023-07-24,-0.00266,"ME2 BM4, BIG LoBM, ME3 BM5, SMALL LoBM, ME1 BM2",4.417421360513674,daily_ff3,Daily FF3,XGBoost Signature
2023-07-25,0.01344,"ME2 BM4, ME3 BM5, ME1 BM4, ME2 BM3, ME2 BM5",4.476791503598977,daily_ff3,Daily FF3,XGBoost Signature
2023-07-26,-0.0124,"ME3 BM2, ME2 BM4, ME3 BM5, SMALL LoBM, ME4 BM5",4.42127928895435,daily_ff3,Daily FF3,XGBoost Signature
2023-07-27,0.0164999999999999,"ME3 BM2, ME2 BM4, ME3 BM5, SMALL LoBM, ME1 BM3",4.494230397222097,daily_ff3,Daily FF3,XGBoost Signature
2023-07-28,0.0111799999999999,"SMALL LoBM, ME3 BM2, ME3 BM3, ME3 BM5, ME2 BM4",4.54447589306304,daily_ff3,Daily FF3,XGBoost Signature
2023-07-31,-0.0076,"ME3 BM5, SMALL LoBM, ME1 BM2, ME1 BM3, ME2 BM1",4.50993787627576,daily_ff3,Daily FF3,XGBoost Signature
2023-08-01,-0.01458,"ME4 BM5, ME3 BM5, SMALL LoBM, ME1 BM2, ME1 BM3",4.44418298203966,daily_ff3,Daily FF3,XGBoost Signature
2023-08-02,0.0007999999999999,"ME2 BM4, ME3 BM5, ME1 BM2, ME1 BM4, SMALL HiBM",4.447738328425292,daily_ff3,Daily FF3,XGBoost Signature
2023-08-03,-0.00122,"ME3 BM5, SMALL LoBM, ME1 BM2, ME1 BM3, ME1 BM4",4.442312087664613,daily_ff3,Daily FF3,XGBoost Signature
2023-08-04,-0.00744,"ME1 BM2, SMALL LoBM, ME1 BM3, ME1 BM4, SMALL HiBM",4.409261285732388,daily_ff3,Daily FF3,XGBoost Signature
2023-08-07,-0.0050999999999999,"SMALL LoBM, ME1 BM2, ME1 BM3, ME1 BM4, SMALL HiBM",4.386774053175153,daily_ff3,Daily FF3,XGBoost Signature
2023-08-08,-0.01134,"SMALL LoBM, ME3 BM5, ME1 BM2, ME1 BM3, ME1 BM4",4.337028035412147,daily_ff3,Daily FF3,XGBoost Signature
2023-08-09,-0.00548,"ME3 BM5, SMALL LoBM, ME1 BM2, ME1 BM3, ME1 BM4",4.313261121778089,daily_ff3,Daily FF3,XGBoost Signature
2023-08-10,0.00032,"ME2 BM4, ME4 BM1, SMALL LoBM, ME1 BM2, ME1 BM3",4.314641365337058,daily_ff3,Daily FF3,XGBoost Signature
2023-08-11,-0.0038,"ME2 BM5, ME4 BM5, ME2 BM4, SMALL LoBM, ME1 BM2",4.298245728148777,daily_ff3,Daily FF3,XGBoost Signature
2023-08-14,-0.01328,"ME4 BM1, SMALL LoBM, ME1 BM2, ME1 BM3, ME1 BM4",4.241165024878962,daily_ff3,Daily FF3,XGBoost Signature
2023-08-15,-0.01106,"ME4 BM1, ME3 BM1, ME4 BM5, BIG LoBM, SMALL LoBM",4.194257739703801,daily_ff3,Daily FF3,XGBoost Signature
2023-08-16,-0.0082,"ME2 BM5, ME3 BM4, ME3 BM5, ME4 BM4, ME4 BM5",4.15986482623823,daily_ff3,Daily FF3,XGBoost Signature
2023-08-17,0.00558,"ME2 BM4, SMALL LoBM, ME1 BM2, ME1 BM3, ME1 BM4",4.183076871968638,daily_ff3,Daily FF3,XGBoost Signature
2023-08-18,-0.00014,"ME3 BM2, ME2 BM4, ME3 BM1, ME4 BM1, SMALL LoBM",4.182491241206563,daily_ff3,Daily FF3,XGBoost Signature
2023-08-21,-0.0041,"ME2 BM4, ME3 BM2, SMALL LoBM, ME1 BM2, ME1 BM3",4.165343027117616,daily_ff3,Daily FF3,XGBoost Signature
2023-08-22,0.01044,"ME2 BM4, ME3 BM2, ME4 BM1, BIG LoBM, SMALL LoBM",4.208829208320724,daily_ff3,Daily FF3,XGBoost Signature
2023-08-23,-0.01458,"SMALL LoBM, ME2 BM1, ME2 BM2, ME3 BM1, ME3 BM3",4.147464478463408,daily_ff3,Daily FF3,XGBoost Signature
2023-08-24,0.00504,"SMALL LoBM, ME2 BM1, ME2 BM2, ME3 BM1, ME3 BM2",4.168367699434863,daily_ff3,Daily FF3,XGBoost Signature
2023-08-25,0.0063799999999999,"ME2 BM2, ME2 BM4, ME3 BM1, ME3 BM2, ME4 BM1",4.194961885357258,daily_ff3,Daily FF3,XGBoost Signature
2023-08-28,0.0138,"ME3 BM2, ME2 BM1, ME2 BM4, ME3 BM1, ME3 BM3",4.252852359375188,daily_ff3,Daily FF3,XGBoost Signature
2023-08-29,0.00536,"ME2 BM1, ME3 BM1, ME3 BM3, ME3 BM4, ME3 BM5",4.275647648021439,daily_ff3,Daily FF3,XGBoost Signature
2023-08-30,-0.0037,"ME1 BM2, ME2 BM1, ME2 BM2, ME2 BM3, ME3 BM1",4.25982775172376,daily_ff3,Daily FF3,XGBoost Signature
2023-08-31,0.00972,"ME3 BM2, ME1 BM2, ME2 BM4, ME3 BM1, ME3 BM3",4.301233277470515,daily_ff3,Daily FF3,XGBoost Signature
2023-09-01,-0.0189,"SMALL LoBM, ME2 BM1, ME2 BM2, ME2 BM3, ME3 BM1",4.219939968526322,daily_ff3,Daily FF3,XGBoost Signature
2023-09-05,-0.00266,"ME2 BM1, ME2 BM2, ME2 BM3, ME3 BM1, ME4 BM2",4.208714928210043,daily_ff3,Daily FF3,XGBoost Signature
2023-09-06,-0.01046,"SMALL LoBM, ME1 BM4, SMALL HiBM, ME2 BM1, ME2 BM5",4.164691770060966,daily_ff3,Daily FF3,XGBoost Signature
2023-09-07,-0.00056,"ME2 BM2, ME2 BM3, ME4 BM3, ME4 BM4, ME5 BM3",4.162359542669732,daily_ff3,Daily FF3,XGBoost Signature
2023-09-08,0.00292,"SMALL LoBM, ME2 BM1, ME2 BM2, ME2 BM3, ME2 BM5",4.174513632534327,daily_ff3,Daily FF3,XGBoost Signature
2023-09-11,0.00014,"ME2 BM1, ME2 BM3, ME3 BM1, ME4 BM3, ME4 BM4",4.175098064442882,daily_ff3,Daily FF3,XGBoost Signature
2023-09-12,-0.0097,"SMALL LoBM, ME2 BM1, ME2 BM2, ME2 BM3, ME2 BM5",4.1345996132177865,daily_ff3,Daily FF3,XGBoost Signature
2023-09-13,0.01108,"ME2 BM1, ME2 BM3, ME2 BM5, ME3 BM1, ME4 BM3",4.180410976932239,daily_ff3,Daily FF3,XGBoost Signature
2023-09-14,-0.0094799999999999,"ME2 BM5, ME4 BM4, ME2 BM1, ME2 BM3, ME3 BM1",4.140780680870922,daily_ff3,Daily FF3,XGBoost Signature
2023-09-15,-0.0065,"ME3 BM2, ME4 BM1, ME1 BM2, ME2 BM4, ME3 BM1",4.113865606445261,daily_ff3,Daily FF3,XGBoost Signature
2023-09-18,-0.00378,"ME3 BM2, ME1 BM2, ME3 BM3, ME3 BM4, ME3 BM5",4.098315194452898,daily_ff3,Daily FF3,XGBoost Signature
2023-09-19,-0.0089,"ME2 BM4, ME3 BM2, ME3 BM1, ME3 BM4, ME3 BM5",4.061840189222266,daily_ff3,Daily FF3,XGBoost Signature
2023-09-20,-0.0171799999999999,"ME3 BM1, ME3 BM2, ME3 BM3, ME4 BM1, ME4 BM2",3.992057774771428,daily_ff3,Daily FF3,XGBoost Signature
2023-09-21,-0.0025199999999999,"ME3 BM1, ME3 BM2, ME4 BM1, ME4 BM2, SMALL LoBM",3.981997789179004,daily_ff3,Daily FF3,XGBoost Signature
2023-09-22,-0.0007599999999999,"ME4 BM1, SMALL LoBM, ME1 BM3, ME1 BM4, ME2 BM1",3.978971470859228,daily_ff3,Daily FF3,XGBoost Signature
2023-09-25,-0.00568,"ME1 BM2, ME3 BM2, ME4 BM1, SMALL LoBM, ME2 BM3",3.956370912904748,daily_ff3,Daily FF3,XGBoost Signature
2023-09-26,0.0081199999999999,"ME1 BM2, ME3 BM2, ME2 BM4, ME3 BM3, ME4 BM1",3.9884966447175336,daily_ff3,Daily FF3,XGBoost Signature
2023-09-27,0.0063799999999999,"ME1 BM2, ME3 BM2, BIG HiBM, SMALL LoBM, ME1 BM3",4.013943253310832,daily_ff3,Daily FF3,XGBoost Signature
2023-09-28,-0.00122,"ME1 BM2, ME3 BM2, ME4 BM1, SMALL LoBM, ME1 BM3",4.0090462425417925,daily_ff3,Daily FF3,XGBoost Signature
2023-09-29,-0.0154799999999999,"ME1 BM2, ME1 BM3, ME3 BM1, ME3 BM2, ME4 BM1",3.946986206707245,daily_ff3,Daily FF3,XGBoost Signature
2023-10-02,-0.01484,"ME1 BM2, ME3 BM1, ME3 BM2, ME4 BM1, ME5 BM3",3.88841293139971,daily_ff3,Daily FF3,XGBoost Signature
2023-10-03,0.00208,"ME1 BM2, ME5 BM3, SMALL LoBM, ME1 BM3, ME1 BM4",3.896500830297022,daily_ff3,Daily FF3,XGBoost Signature
2023-10-04,0.0003599999999999,"ME1 BM2, ME3 BM2, ME4 BM1, ME5 BM3, BIG HiBM",3.8979035705959286,daily_ff3,Daily FF3,XGBoost Signature
2023-10-05,0.00866,"ME1 BM2, ME4 BM1, ME1 BM3, ME1 BM4, SMALL HiBM",3.931659415517289,daily_ff3,Daily FF3,XGBoost Signature
2023-10-06,-0.0028199999999999,"ME1 BM2, ME4 BM1, SMALL LoBM, ME1 BM3, ME1 BM4",3.92057213596553,daily_ff3,Daily FF3,XGBoost Signature
2023-10-09,0.00842,"ME1 BM2, ME4 BM1, ME3 BM1, BIG LoBM, ME5 BM2",3.95358335335036,daily_ff3,Daily FF3,XGBoost Signature
2023-10-10,-0.00556,"ME1 BM2, ME4 BM1, ME1 BM3, ME1 BM4, SMALL HiBM",3.931601429905732,daily_ff3,Daily FF3,XGBoost Signature
2023-10-11,-0.0253999999999999,"ME1 BM2, ME4 BM1, SMALL LoBM, ME1 BM3, ME1 BM4",3.8317387535861274,daily_ff3,Daily FF3,XGBoost Signature
2023-10-12,-0.00902,"ME1 BM2, SMALL HiBM, ME2 BM5, ME3 BM4, ME3 BM5",3.7971764700287793,daily_ff3,Daily FF3,XGBoost Signature
2023-10-13,0.0182,"SMALL LoBM, ME3 BM5, ME1 BM2, ME1 BM3, ME2 BM1",3.866285081783303,daily_ff3,Daily FF3,XGBoost Signature
2023-10-16,0.0108799999999999,"ME1 BM2, SMALL LoBM, ME1 BM3, ME2 BM2, ME3 BM2",3.9083502634731055,daily_ff3,Daily FF3,XGBoost Signature
2023-10-17,-0.02252,"SMALL LoBM, ME1 BM2, ME1 BM3, ME2 BM1, ME2 BM2",3.8203342155396913,daily_ff3,Daily FF3,XGBoost Signature
2023-10-18,-0.01498,"ME1 BM2, SMALL LoBM, ME3 BM1, ME3 BM2, ME4 BM1",3.763105608990907,daily_ff3,Daily FF3,XGBoost Signature
2023-10-19,-0.01138,"ME1 BM2, SMALL LoBM, ME2 BM2, ME5 BM3, ME1 BM3",3.720281467160591,daily_ff3,Daily FF3,XGBoost Signature
2023-10-20,-0.01274,"SMALL LoBM, ME1 BM3, ME2 BM2, ME1 BM2, ME5 BM3",3.672885081268965,daily_ff3,Daily FF3,XGBoost Signature
2023-10-23,0.01286,"ME1 BM2, SMALL LoBM, ME1 BM3, ME2 BM2, ME3 BM1",3.720118383414084,daily_ff3,Daily FF3,XGBoost Signature
2023-10-24,-0.0205,"ME1 BM2, SMALL LoBM, ME2 BM2, ME3 BM1, ME3 BM5",3.643855956554096,daily_ff3,Daily FF3,XGBoost Signature
2023-10-25,-0.00118,"ME1 BM2, SMALL LoBM, ME2 BM2, ME3 BM1, ME2 BM1",3.639556206525362,daily_ff3,Daily FF3,XGBoost Signature
2023-10-26,-0.013,"ME1 BM2, ME5 BM2, ME2 BM2, ME2 BM1, ME3 BM1",3.5922419758405324,daily_ff3,Daily FF3,XGBoost Signature
2023-10-27,0.0067399999999999,"ME1 BM2, ME3 BM1, ME5 BM2, ME2 BM2, ME4 BM1",3.616453686757697,daily_ff3,Daily FF3,XGBoost Signature
2023-10-30,0.0077399999999999,"ME1 BM2, ME2 BM2, ME3 BM1, ME4 BM1, ME5 BM2",3.644445038293202,daily_ff3,Daily FF3,XGBoost Signature
2023-10-31,-0.0008399999999999,"SMALL LoBM, ME1 BM3, ME2 BM2, ME5 BM2, ME1 BM2",3.641383704461036,daily_ff3,Daily FF3,XGBoost Signature
2023-11-01,0.0250799999999999,"ME1 BM2, ME5 BM2, SMALL LoBM, SMALL HiBM, ME2 BM1",3.732709607768919,daily_ff3,Daily FF3,XGBoost Signature
2023-11-02,0.0298599999999999,"ME1 BM2, SMALL LoBM, ME2 BM2, ME5 BM2, ME1 BM3",3.8441683166568974,daily_ff3,Daily FF3,XGBoost Signature
2023-11-03,-0.0089799999999999,"ME5 BM2, SMALL LoBM, ME1 BM2, ME1 BM3, ME1 BM4",3.80964768517332,daily_ff3,Daily FF3,XGBoost Signature
2023-11-06,0.00292,"ME5 BM2, SMALL LoBM, ME1 BM2, ME1 BM3, ME1 BM4",3.8207718564140256,daily_ff3,Daily FF3,XGBoost Signature
2023-11-07,-0.00808,"ME5 BM2, BIG LoBM, SMALL LoBM, ME1 BM2, ME1 BM3",3.7899000198142,daily_ff3,Daily FF3,XGBoost Signature
2023-11-08,-0.0241999999999999,"ME5 BM2, SMALL LoBM, ME1 BM2, ME1 BM3, ME1 BM4",3.698184439334697,daily_ff3,Daily FF3,XGBoost Signature
2023-11-09,0.00776,"SMALL LoBM, ME1 BM3, BIG HiBM, ME5 BM2, ME1 BM2",3.7268823505839337,daily_ff3,Daily FF3,XGBoost Signature
2023-11-10,0.0015,"SMALL LoBM, ME1 BM2, ME1 BM3, ME2 BM1, ME3 BM1",3.7324726741098098,daily_ff3,Daily FF3,XGBoost Signature
2023-11-13,0.0452,"ME5 BM2, SMALL LoBM, ME1 BM2, ME1 BM3, ME1 BM4",3.901180438979573,daily_ff3,Daily FF3,XGBoost Signature
2023-11-14,0.00338,"ME5 BM2, SMALL LoBM, ME1 BM2, ME1 BM3, ME1 BM4",3.9143664288633233,daily_ff3,Daily FF3,XGBoost Signature
2023-11-15,-0.01492,"SMALL LoBM, ME1 BM2, ME1 BM3, ME1 BM4, SMALL HiBM",3.8559640817446814,daily_ff3,Daily FF3,XGBoost Signature
2023-11-16,0.01686,"SMALL LoBM, ME1 BM3, SMALL HiBM, ME2 BM1, ME2 BM2",3.920975636162898,daily_ff3,Daily FF3,XGBoost Signature
2023-11-17,0.00822,"ME1 BM3, SMALL HiBM, ME2 BM1, ME2 BM5, SMALL LoBM",3.953206055892157,daily_ff3,Daily FF3,XGBoost Signature
2023-11-20,-0.01234,"ME5 BM3, SMALL LoBM, ME1 BM2, ME1 BM3, ME1 BM4",3.904423493162448,daily_ff3,Daily FF3,XGBoost Signature
2023-11-21,0.0053399999999999,"ME5 BM3, SMALL LoBM, ME1 BM2, ME1 BM3, SMALL HiBM",3.925273114615935,daily_ff3,Daily FF3,XGBoost Signature
2023-11-22,0.00438,"ME5 BM2, ME5 BM3, ME4 BM1, BIG LoBM, SMALL LoBM",3.9424658108579527,daily_ff3,Daily FF3,XGBoost Signature
2023-11-24,-0.00316,"ME5 BM3, ME1 BM3, ME2 BM1, ME2 BM2, ME3 BM1",3.930007618895641,daily_ff3,Daily FF3,XGBoost Signature
2023-11-27,-0.00818,"ME2 BM1, SMALL LoBM, ME1 BM2, ME1 BM3, ME1 BM4",3.897860156573075,daily_ff3,Daily FF3,XGBoost Signature
2023-11-28,0.01,"SMALL LoBM, ME2 BM4, ME3 BM5, ME1 BM2, ME1 BM3",3.936838758138806,daily_ff3,Daily FF3,XGBoost Signature
2023-11-29,-0.00014,"ME1 BM4, ME3 BM3, SMALL LoBM, ME1 BM2, ME1 BM3",3.9362876007126655,daily_ff3,Daily FF3,XGBoost Signature
2023-11-30,0.01942,"ME5 BM2, ME5 BM3, ME2 BM1, SMALL LoBM, ME1 BM2",4.012730305918506,daily_ff3,Daily FF3,XGBoost Signature
2023-12-01,0.01604,"SMALL LoBM, ME1 BM2, ME1 BM3, ME1 BM4, SMALL HiBM",4.077094500025439,daily_ff3,Daily FF3,XGBoost Signature
2023-12-04,-0.01204,"SMALL LoBM, ME1 BM2, ME1 BM3, ME1 BM4, SMALL HiBM",4.028006282245132,daily_ff3,Daily FF3,XGBoost Signature
2023-12-05,0.0049999999999999,"SMALL LoBM, ME1 BM2, ME1 BM3, ME1 BM4, ME2 BM1",4.048146313656357,daily_ff3,Daily FF3,XGBoost Signature
2023-12-06,0.0103,"ME5 BM3, SMALL LoBM, ME1 BM2, ME1 BM3, ME1 BM4",4.089842220687017,daily_ff3,Daily FF3,XGBoost Signature
2023-12-07,0.00696,"ME5 BM3, SMALL LoBM, ME1 BM2, ME1 BM3, ME1 BM4",4.118307522542999,daily_ff3,Daily FF3,XGBoost Signature
2023-12-08,-0.0045,"ME5 BM2, ME5 BM3, SMALL LoBM, ME1 BM2, ME1 BM3",4.099775138691555,daily_ff3,Daily FF3,XGBoost Signature
2023-12-11,-0.0009199999999999,"ME5 BM2, ME5 BM3, SMALL LoBM, ME1 BM2, ME1 BM3",4.096003345563959,daily_ff3,Daily FF3,XGBoost Signature
2023-12-12,0.0302799999999999,"SMALL LoBM, ME5 BM2, ME1 BM2, ME1 BM3, ME1 BM4",4.2200303268676365,daily_ff3,Daily FF3,XGBoost Signature
2023-12-13,0.01444,"ME5 BM2, ME5 BM3, SMALL LoBM, ME1 BM2, ME1 BM3",4.2809675647876055,daily_ff3,Daily FF3,XGBoost Signature
2023-12-14,-0.00336,"ME5 BM2, ME5 BM3, SMALL LoBM, ME1 BM3, ME1 BM4",4.266583513769919,daily_ff3,Daily FF3,XGBoost Signature
2023-12-15,0.00152,"BIG LoBM, ME5 BM2, SMALL HiBM, ME2 BM2, ME2 BM5",4.273068720710849,daily_ff3,Daily FF3,XGBoost Signature
2023-12-18,0.0187999999999999,"ME3 BM5, ME5 BM2, ME5 BM3, SMALL LoBM, ME1 BM2",4.353402412660213,daily_ff3,Daily FF3,XGBoost Signature
2023-12-19,-0.01492,"ME5 BM2, ME5 BM3, SMALL LoBM, ME1 BM2, ME1 BM3",4.288449648663322,daily_ff3,Daily FF3,XGBoost Signature
2023-12-20,0.0183599999999999,"ME5 BM2, SMALL LoBM, ME1 BM2, ME1 BM3, ME1 BM4",4.3671855842127805,daily_ff3,Daily FF3,XGBoost Signature
2023-12-21,0.00956,"ME3 BM5, ME5 BM2, ME5 BM3, SMALL LoBM, ME1 BM2",4.408935878397855,daily_ff3,Daily FF3,XGBoost Signature
2023-12-22,0.0163999999999999,"ME5 BM2, SMALL LoBM, ME1 BM2, ME1 BM3, ME1 BM4",4.481242426803579,daily_ff3,Daily FF3,XGBoost Signature
2023-12-26,0.00548,"BIG LoBM, ME5 BM2, ME1 BM2, SMALL LoBM, ME1 BM3",4.505799635302463,daily_ff3,Daily FF3,XGBoost Signature
2023-12-27,-0.00116,"ME5 BM2, SMALL LoBM, ME1 BM2, ME1 BM3, ME1 BM4",4.500572907725512,daily_ff3,Daily FF3,XGBoost Signature
2023-12-28,-0.00968,"ME3 BM5, BIG LoBM, ME5 BM2, SMALL LoBM, ME1 BM2",4.457007361978729,daily_ff3,Daily FF3,XGBoost Signature
2023-12-29,-0.00876,"BIG LoBM, ME5 BM2, SMALL LoBM, ME1 BM2, ME1 BM3",4.417963977487795,daily_ff3,Daily FF3,XGBoost Signature
2024-01-02,-0.02134,"BIG LoBM, SMALL LoBM, ME1 BM2, ME1 BM3, ME1 BM4",4.323684626208205,daily_ff3,Daily FF3,XGBoost Signature
2024-01-03,-0.00022,"ME5 BM2, ME5 BM4, SMALL LoBM, ME1 BM2, ME1 BM3",4.32273341559044,daily_ff3,Daily FF3,XGBoost Signature
2024-01-04,-0.00618,"SMALL LoBM, ME1 BM3, ME1 BM4, SMALL HiBM, ME2 BM1",4.296018923082091,daily_ff3,Daily FF3,XGBoost Signature
2024-01-05,0.0238999999999999,"BIG LoBM, ME1 BM2, ME1 BM3, SMALL LoBM, ME1 BM4",4.398693775343753,daily_ff3,Daily FF3,XGBoost Signature
2024-01-08,-0.0028799999999999,"SMALL LoBM, ME2 BM1, BIG LoBM, ME1 BM2, ME1 BM3",4.386025537270763,daily_ff3,Daily FF3,XGBoost Signature
2024-01-09,0.002,"ME5 BM3, SMALL LoBM, BIG LoBM, ME1 BM2, ME1 BM3",4.3947975883453045,daily_ff3,Daily FF3,XGBoost Signature
2024-01-10,-0.00928,"ME1 BM4, SMALL HiBM, ME2 BM1, ME2 BM3, ME2 BM5",4.35401386672546,daily_ff3,Daily FF3,XGBoost Signature
2024-01-11,-0.0023599999999999,"BIG LoBM, SMALL HiBM, ME2 BM1, ME2 BM5, ME3 BM2",4.343738393999988,daily_ff3,Daily FF3,XGBoost Signature
2024-01-12,-0.0145999999999999,"BIG LoBM, SMALL LoBM, ME1 BM2, ME1 BM3, ME1 BM4",4.280319813447589,daily_ff3,Daily FF3,XGBoost Signature
2024-01-16,-0.0057599999999999,"ME1 BM2, ME1 BM3, ME1 BM4, SMALL HiBM, ME2 BM1",4.255665171322131,daily_ff3,Daily FF3,XGBoost Signature
2024-01-17,-0.0010599999999999,"SMALL LoBM, ME1 BM3, ME1 BM4, SMALL HiBM, ME2 BM3",4.25115416624053,daily_ff3,Daily FF3,XGBoost Signature
2024-01-18,0.013,"ME5 BM3, ME2 BM5, ME3 BM4, ME3 BM5, ME4 BM4",4.306419170401657,daily_ff3,Daily FF3,XGBoost Signature
2024-01-19,0.0213,"SMALL LoBM, ME1 BM3, ME5 BM3, ME1 BM2, ME1 BM4",4.3981458987312125,daily_ff3,Daily FF3,XGBoost Signature
2024-01-22,0.0009,"ME5 BM3, SMALL LoBM, SMALL HiBM, ME2 BM1, ME3 BM1",4.40210423004007,daily_ff3,Daily FF3,XGBoost Signature
2024-01-23,-0.0033,"ME5 BM2, ME5 BM3, ME2 BM4, SMALL LoBM, ME1 BM2",4.387577286080938,daily_ff3,Daily FF3,XGBoost Signature
2024-01-24,0.01258,"BIG LoBM, ME5 BM3, SMALL LoBM, ME1 BM2, ME1 BM3",4.442773008339836,daily_ff3,Daily FF3,XGBoost Signature
2024-01-25,0.00208,"ME1 BM2, ME1 BM3, ME2 BM1, ME2 BM2, ME2 BM4",4.452013976197184,daily_ff3,Daily FF3,XGBoost Signature
2024-01-26,0.02154,"ME5 BM3, SMALL LoBM, ME1 BM2, ME1 BM3, ME1 BM4",4.54791035724447,daily_ff3,Daily FF3,XGBoost Signature
2024-01-29,-0.01108,"ME5 BM3, SMALL LoBM, ME1 BM2, ME1 BM3, ME1 BM4",4.497519510486201,daily_ff3,Daily FF3,XGBoost Signature
2024-01-30,-0.0175399999999999,"ME5 BM3, SMALL LoBM, ME1 BM2, ME1 BM3, ME2 BM1",4.418633018272273,daily_ff3,Daily FF3,XGBoost Signature
2024-01-31,0.00848,"ME5 BM3, ME1 BM4, SMALL HiBM, ME2 BM4, ME2 BM5",4.456103026267223,daily_ff3,Daily FF3,XGBoost Signature
2024-02-01,-0.00672,"SMALL LoBM, ME1 BM3, ME1 BM2, ME1 BM4, SMALL HiBM",4.426158013930707,daily_ff3,Daily FF3,XGBoost Signature
2024-02-02,-0.01032,"BIG LoBM, SMALL LoBM, ME1 BM2, ME1 BM3, ME1 BM4",4.380480063226942,daily_ff3,Daily FF3,XGBoost Signature
2024-02-05,0.01098,"BIG LoBM, ME5 BM3, SMALL LoBM, ME1 BM2, ME1 BM3",4.428577734321174,daily_ff3,Daily FF3,XGBoost Signature
2024-02-06,-0.00812,"SMALL LoBM, ME1 BM2, ME1 BM3, SMALL HiBM, ME2 BM4",4.392617683118487,daily_ff3,Daily FF3,XGBoost Signature
2024-02-07,0.0138199999999999,"BIG LoBM, SMALL LoBM, ME1 BM2, ME1 BM3, ME1 BM4",4.453323659499184,daily_ff3,Daily FF3,XGBoost Signature
2024-02-08,0.00904,"ME4 BM2, BIG LoBM, ME5 BM2, ME5 BM3, SMALL LoBM",4.4935817053810565,daily_ff3,Daily FF3,XGBoost Signature
2024-02-09,0.02106,"ME2 BM1, ME2 BM5, SMALL LoBM, ME1 BM2, ME1 BM3",4.588216536096382,daily_ff3,Daily FF3,XGBoost Signature
2024-02-12,-0.04158,"BIG LoBM, SMALL LoBM, ME1 BM2, ME1 BM3, ME1 BM4",4.397438492525494,daily_ff3,Daily FF3,XGBoost Signature
2024-02-13,0.03182,"SMALL LoBM, ME1 BM2, ME1 BM3, ME1 BM4, SMALL HiBM",4.537364985357655,daily_ff3,Daily FF3,XGBoost Signature
2024-02-14,0.02708,"SMALL LoBM, ME1 BM2, ME1 BM3, ME1 BM4, SMALL HiBM",4.660236829161141,daily_ff3,Daily FF3,XGBoost Signature
2024-02-15,-0.0067599999999999,"BIG LoBM, SMALL LoBM, ME1 BM2, ME1 BM3, ME1 BM4",4.628733628196012,daily_ff3,Daily FF3,XGBoost Signature
2024-02-16,-0.01902,"BIG LoBM, SMALL LoBM, ME1 BM2, ME1 BM3, ME1 BM4",4.540695114587724,daily_ff3,Daily FF3,XGBoost Signature
2024-02-20,-0.0077399999999999,"SMALL LoBM, ME1 BM2, ME1 BM4, SMALL HiBM, ME2 BM1",4.505550134400814,daily_ff3,Daily FF3,XGBoost Signature
2024-02-21,0.00658,"ME1 BM2, BIG LoBM, SMALL LoBM, ME1 BM3, ME1 BM4",4.535196654285172,daily_ff3,Daily FF3,XGBoost Signature
2024-02-22,0.00438,"BIG LoBM, SMALL LoBM, ME1 BM2, ME1 BM3, ME1 BM4",4.555060815630941,daily_ff3,Daily FF3,XGBoost Signature
2024-02-23,0.0038,"BIG LoBM, ME5 BM2, ME4 BM2, SMALL LoBM, ME1 BM2",4.572370046730338,daily_ff3,Daily FF3,XGBoost Signature
2024-02-26,0.01682,"BIG LoBM, ME5 BM2, SMALL LoBM, ME1 BM2, ME1 BM3",4.649277310916343,daily_ff3,Daily FF3,XGBoost Signature
2024-02-27,-0.00832,"BIG LoBM, SMALL LoBM, ME1 BM2, ME1 BM3, ME1 BM4",4.610595323689519,daily_ff3,Daily FF3,XGBoost Signature
2024-02-28,0.0031,"BIG LoBM, ME5 BM2, ME1 BM2, ME1 BM3, ME2 BM1",4.624888169192957,daily_ff3,Daily FF3,XGBoost Signature
2024-02-29,0.01078,"BIG LoBM, SMALL LoBM, ME1 BM2, ME1 BM4, SMALL HiBM",4.674744463656857,daily_ff3,Daily FF3,XGBoost Signature
2024-03-01,-0.00734,"BIG LoBM, ME1 BM3, ME1 BM4, SMALL HiBM, ME2 BM4",4.640431839293616,daily_ff3,Daily FF3,XGBoost Signature
2024-03-04,-0.0138,"BIG LoBM, SMALL LoBM, ME1 BM2, ME1 BM3, ME1 BM4",4.576393879911365,daily_ff3,Daily FF3,XGBoost Signature
2024-03-05,0.00746,"BIG LoBM, ME5 BM2, SMALL LoBM, ME1 BM2, ME1 BM3",4.610533778255504,daily_ff3,Daily FF3,XGBoost Signature
2024-03-06,0.0070799999999999,"BIG LoBM, ME5 BM2, ME2 BM5, ME3 BM5, SMALL LoBM",4.643176357405553,daily_ff3,Daily FF3,XGBoost Signature
2024-03-07,0.00162,"BIG LoBM, ME1 BM3, SMALL HiBM, ME2 BM5, ME3 BM5",4.65069830310455,daily_ff3,Daily FF3,XGBoost Signature
2024-03-08,-0.00696,"BIG LoBM, ME4 BM1, ME4 BM5, SMALL LoBM, ME1 BM2",4.618329442914942,daily_ff3,Daily FF3,XGBoost Signature
2024-03-11,9.999999999999976e-05,"BIG LoBM, SMALL LoBM, ME1 BM2, ME1 BM3, ME1 BM4",4.618791275859234,daily_ff3,Daily FF3,XGBoost Signature
2024-03-12,0.00236,"BIG LoBM, ME5 BM2, ME1 BM2, ME1 BM3, ME1 BM4",4.629691623270261,daily_ff3,Daily FF3,XGBoost Signature
2024-03-13,-0.01402,"BIG LoBM, ME5 BM2, ME1 BM2, ME1 BM3, SMALL HiBM",4.564783346712012,daily_ff3,Daily FF3,XGBoost Signature
2024-03-14,0.01152,"SMALL LoBM, ME1 BM2, ME1 BM3, ME1 BM4, SMALL HiBM",4.617369650866134,daily_ff3,Daily FF3,XGBoost Signature
2024-03-15,-0.00334,"SMALL LoBM, ME1 BM3, ME2 BM1, ME5 BM2, ME1 BM2",4.601947636232241,daily_ff3,Daily FF3,XGBoost Signature
2024-03-18,0.01046,"SMALL LoBM, ME1 BM2, ME1 BM3, ME1 BM4, SMALL HiBM",4.65008400850723,daily_ff3,Daily FF3,XGBoost Signature
2024-03-19,0.02066,"ME1 BM3, ME2 BM1, SMALL LoBM, ME1 BM2, ME1 BM4",4.746154744122989,daily_ff3,Daily FF3,XGBoost Signature
2024-03-20,0.00648,"SMALL LoBM, ME1 BM2, ME1 BM3, ME1 BM4, SMALL HiBM",4.776909826864906,daily_ff3,Daily FF3,XGBoost Signature
2024-03-21,-0.0136199999999999,"SMALL LoBM, ME1 BM2, ME1 BM3, ME1 BM4, SMALL HiBM",4.711848315023007,daily_ff3,Daily FF3,XGBoost Signature
2024-03-22,-0.0035599999999999,"SMALL LoBM, ME1 BM2, ME1 BM3, ME1 BM4, SMALL HiBM",4.695074135021525,daily_ff3,Daily FF3,XGBoost Signature
2024-03-25,-0.00344,"SMALL LoBM, ME1 BM2, ME1 BM3, ME1 BM4, SMALL HiBM",4.678923079997051,daily_ff3,Daily FF3,XGBoost Signature
2024-03-26,0.02334,"SMALL LoBM, ME1 BM2, ME1 BM3, ME1 BM4, SMALL HiBM",4.788129144684182,daily_ff3,Daily FF3,XGBoost Signature
2024-03-27,0.00656,"SMALL LoBM, ME1 BM2, ME1 BM3, ME1 BM4, SMALL HiBM",4.819539271873309,daily_ff3,Daily FF3,XGBoost Signature
2024-03-28,-0.01194,"ME1 BM3, ME1 BM4, SMALL HiBM, ME2 BM1, ME2 BM3",4.761993972967143,daily_ff3,Daily FF3,XGBoost Signature
2024-04-01,-0.01916,"SMALL LoBM, ME1 BM2, ME1 BM3, ME1 BM4, SMALL HiBM",4.670754168445092,daily_ff3,Daily FF3,XGBoost Signature
2024-04-02,0.0036,"ME5 BM2, SMALL LoBM, ME1 BM2, ME1 BM3, ME1 BM4",4.687568883451495,daily_ff3,Daily FF3,XGBoost Signature
2024-04-03,-0.01018,"SMALL LoBM, ME1 BM3, ME2 BM1, ME1 BM2, ME1 BM4",4.639849432217959,daily_ff3,Daily FF3,XGBoost Signature
2024-04-04,0.0047,"ME5 BM2, SMALL LoBM, ME1 BM2, ME1 BM3, ME1 BM4",4.661656724549383,daily_ff3,Daily FF3,XGBoost Signature
2024-04-05,0.00268,"BIG HiBM, ME5 BM2, SMALL LoBM, BIG LoBM, ME1 BM2",4.674149964571176,daily_ff3,Daily FF3,XGBoost Signature
2024-04-08,0.0023799999999999,"ME5 BM2, BIG LoBM, ME5 BM3, SMALL LoBM, ME1 BM2",4.685274441486856,daily_ff3,Daily FF3,XGBoost Signature
2024-04-09,-0.0227,"SMALL LoBM, ME1 BM2, ME1 BM3, ME1 BM4, SMALL HiBM",4.578918711665104,daily_ff3,Daily FF3,XGBoost Signature
2024-04-10,0.01408,"SMALL LoBM, ME1 BM2, ME1 BM3, ME1 BM4, SMALL HiBM",4.643389887125348,daily_ff3,Daily FF3,XGBoost Signature
2024-04-11,-0.02194,"SMALL LoBM, ME1 BM2, ME1 BM3, ME1 BM4, SMALL HiBM",4.541513913001818,daily_ff3,Daily FF3,XGBoost Signature
2024-04-12,-0.01826,"BIG LoBM, SMALL LoBM, ME1 BM3, ME1 BM2, ME1 BM4",4.458585868950405,daily_ff3,Daily FF3,XGBoost Signature
2024-04-15,-0.00522,"SMALL LoBM, ME1 BM2, ME1 BM3, BIG LoBM, ME1 BM4",4.435312050714484,daily_ff3,Daily FF3,XGBoost Signature
2024-04-16,-0.01148,"BIG HiBM, SMALL LoBM, ME1 BM2, ME1 BM3, ME1 BM4",4.384394668372281,daily_ff3,Daily FF3,XGBoost Signature
2024-04-17,-0.0061199999999999,"SMALL LoBM, ME1 BM2, ME1 BM3, ME1 BM4, SMALL HiBM",4.357562173001843,daily_ff3,Daily FF3,XGBoost Signature
2024-04-18,0.0052599999999999,"SMALL LoBM, ME1 BM2, ME1 BM3, ME1 BM4, SMALL HiBM",4.3804829500318325,daily_ff3,Daily FF3,XGBoost Signature
2024-04-19,0.00566,"SMALL LoBM, ME1 BM2, ME1 BM3, ME1 BM4, SMALL HiBM",4.405276483529013,daily_ff3,Daily FF3,XGBoost Signature
2024-04-22,0.01608,"SMALL LoBM, ME1 BM2, ME1 BM3, ME1 BM4, SMALL HiBM",4.47611332938416,daily_ff3,Daily FF3,XGBoost Signature
2024-04-23,-0.00592,"SMALL LoBM, ME1 BM2, ME2 BM2, ME2 BM4, ME2 BM5",4.449614738474206,daily_ff3,Daily FF3,XGBoost Signature
2024-04-24,-0.01386,"SMALL LoBM, ME1 BM2, ME1 BM3, ME1 BM4, SMALL HiBM",4.387943078198953,daily_ff3,Daily FF3,XGBoost Signature
2024-04-25,0.01376,"SMALL LoBM, ME1 BM2, ME1 BM3, ME1 BM4, SMALL HiBM",4.4483211749549705,daily_ff3,Daily FF3,XGBoost Signature
2024-04-26,0.0063,"SMALL LoBM, ME5 BM4, ME1 BM2, ME1 BM3, ME1 BM4",4.476345598357186,daily_ff3,Daily FF3,XGBoost Signature
2024-04-29,-0.0130999999999999,"ME5 BM2, SMALL LoBM, ME1 BM2, ME1 BM3, ME1 BM4",4.417705471018707,daily_ff3,Daily FF3,XGBoost Signature
2024-04-30,-0.00218,"ME5 BM2, ME5 BM4, ME4 BM2, BIG LoBM, ME5 BM3",4.408074873091887,daily_ff3,Daily FF3,XGBoost Signature
2024-05-01,0.0139999999999999,"ME5 BM2, ME5 BM4, SMALL LoBM, SMALL HiBM, ME2 BM3",4.469787921315174,daily_ff3,Daily FF3,XGBoost Signature
2024-05-02,0.01128,"ME5 BM2, ME5 BM4, SMALL LoBM, ME1 BM2, ME1 BM3",4.520207129067608,daily_ff3,Daily FF3,XGBoost Signature
2024-05-03,0.0091,"ME5 BM2, ME5 BM4, SMALL LoBM, ME1 BM3, ME2 BM2",4.561341013942124,daily_ff3,Daily FF3,XGBoost Signature
2024-05-06,0.00222,"ME5 BM2, ME5 BM4, SMALL LoBM, ME1 BM2, ME1 BM3",4.571467190993076,daily_ff3,Daily FF3,XGBoost Signature
2024-05-07,-0.00692,"ME5 BM2, ME5 BM4, SMALL LoBM, ME1 BM2, ME1 BM3",4.539832638031403,daily_ff3,Daily FF3,XGBoost Signature
2024-05-08,0.0081199999999999,"ME5 BM2, ME5 BM4, SMALL LoBM, ME1 BM2, ME1 BM3",4.576696079052218,daily_ff3,Daily FF3,XGBoost Signature
2024-05-09,-0.00926,"ME1 BM3, ME1 BM4, SMALL HiBM, ME2 BM1, ME2 BM2",4.534315873360194,daily_ff3,Daily FF3,XGBoost Signature
2024-05-10,0.00196,"ME2 BM5, ME5 BM2, ME5 BM4, ME1 BM2, ME3 BM5",4.54320313247198,daily_ff3,Daily FF3,XGBoost Signature
2024-05-13,0.00878,"ME2 BM5, ME5 BM2, ME5 BM4, ME1 BM2, ME3 BM5",4.583092455975084,daily_ff3,Daily FF3,XGBoost Signature
2024-05-14,0.0077,"ME1 BM2, ME2 BM5, ME5 BM2, ME5 BM4, ME1 BM4",4.618382267886092,daily_ff3,Daily FF3,XGBoost Signature
2024-05-15,4.000000000000018e-05,"SMALL LoBM, ME1 BM2, ME2 BM5, ME5 BM2, ME5 BM4",4.618567003176808,daily_ff3,Daily FF3,XGBoost Signature
2024-05-16,0.0013399999999999,"SMALL LoBM, ME1 BM2, ME2 BM4, ME2 BM5, ME5 BM2",4.624755882961065,daily_ff3,Daily FF3,XGBoost Signature
2024-05-17,0.0007399999999999,"SMALL LoBM, ME1 BM2, SMALL HiBM, ME2 BM4, ME2 BM5",4.628178202314456,daily_ff3,Daily FF3,XGBoost Signature
2024-05-20,-3.999999999999993e-05,"ME3 BM1, ME4 BM4, ME5 BM2, BIG HiBM, SMALL LoBM",4.627993075186363,daily_ff3,Daily FF3,XGBoost Signature
2024-05-21,-0.00562,"ME5 BM2, ME3 BM1, ME4 BM4, BIG HiBM, SMALL LoBM",4.601983754103816,daily_ff3,Daily FF3,XGBoost Signature
2024-05-22,-0.01558,"ME3 BM1, ME4 BM4, ME5 BM2, SMALL LoBM, ME1 BM2",4.530284847214878,daily_ff3,Daily FF3,XGBoost Signature
2024-05-23,0.00746,"ME3 BM4, ME3 BM1, ME4 BM4, ME5 BM2, SMALL LoBM",4.5640807721751,daily_ff3,Daily FF3,XGBoost Signature
2024-05-24,-0.00098,"SMALL HiBM, ME3 BM1, ME3 BM4, ME4 BM4, ME5 BM2",4.559607973018369,daily_ff3,Daily FF3,XGBoost Signature
2024-05-28,-0.01156,"SMALL HiBM, ME2 BM2, ME3 BM1, ME4 BM4, ME5 BM2",4.506898904850276,daily_ff3,Daily FF3,XGBoost Signature
2024-05-29,0.00558,"ME5 BM2, ME1 BM4, SMALL HiBM, ME3 BM1, ME4 BM4",4.53204740073934,daily_ff3,Daily FF3,XGBoost Signature
2024-05-30,0.0081199999999999,"ME1 BM3, ME1 BM2, ME2 BM4, ME2 BM5, ME3 BM5",4.568847625633343,daily_ff3,Daily FF3,XGBoost Signature
2024-05-31,-0.00318,"SMALL HiBM, ME2 BM1, ME2 BM2, ME3 BM1, ME3 BM3",4.5543186901838295,daily_ff3,Daily FF3,XGBoost Signature
2024-06-03,-0.01196,"SMALL HiBM, ME2 BM1, ME2 BM2, ME2 BM3, ME3 BM1",4.499849038649231,daily_ff3,Daily FF3,XGBoost Signature
2024-06-04,0.01716,"SMALL LoBM, ME2 BM2, ME2 BM3, ME3 BM1, ME3 BM2",4.5770664481524514,daily_ff3,Daily FF3,XGBoost Signature
2024-06-05,-0.0077,"ME1 BM3, ME2 BM1, ME2 BM3, ME3 BM3, ME3 BM1",4.541823036501677,daily_ff3,Daily FF3,XGBoost Signature
2024-06-06,-0.00998,"ME1 BM3, ME2 BM1, ME2 BM3, ME3 BM2, ME3 BM3",4.496495642597391,daily_ff3,Daily FF3,XGBoost Signature
2024-06-07,0.00214,"ME2 BM1, ME2 BM3, ME3 BM1, ME3 BM2, ME3 BM3",4.506118143272549,daily_ff3,Daily FF3,XGBoost Signature
2024-06-10,-0.00204,"ME1 BM3, ME2 BM1, ME2 BM3, ME3 BM1, ME3 BM2",4.496925662260273,daily_ff3,Daily FF3,XGBoost Signature
2024-06-11,0.0145,"ME1 BM4, SMALL HiBM, ME2 BM1, ME2 BM2, ME3 BM2",4.562131084363047,daily_ff3,Daily FF3,XGBoost Signature
2024-06-12,-0.00982,"ME2 BM1, ME2 BM2, ME2 BM3, ME3 BM2, ME3 BM3",4.517330957114602,daily_ff3,Daily FF3,XGBoost Signature
2024-06-13,-0.01354,"ME2 BM1, ME2 BM3, ME3 BM1, ME3 BM2, ME3 BM3",4.456166295955271,daily_ff3,Daily FF3,XGBoost Signature
2024-06-14,0.00536,"ME2 BM1, ME2 BM3, ME3 BM2, ME3 BM3, ME4 BM3",4.480051347301591,daily_ff3,Daily FF3,XGBoost Signature
2024-06-17,0.0002599999999999,"ME2 BM1, ME2 BM3, ME3 BM1, ME3 BM2, ME3 BM3",4.481216160651889,daily_ff3,Daily FF3,XGBoost Signature
2024-06-18,-0.00434,"ME2 BM1, ME2 BM3, ME3 BM1, ME3 BM2, ME3 BM3",4.46176768251466,daily_ff3,Daily FF3,XGBoost Signature
2024-06-20,0.0058,"ME2 BM1, ME2 BM3, ME3 BM1, ME3 BM2, ME3 BM3",4.487645935073245,daily_ff3,Daily FF3,XGBoost Signature
2024-06-21,0.00504,"ME2 BM1, ME2 BM3, ME3 BM1, ME3 BM2, ME3 BM3",4.510263670586014,daily_ff3,Daily FF3,XGBoost Signature
2024-06-24,-0.00572,"ME2 BM1, ME2 BM3, ME3 BM1, ME3 BM2, ME3 BM3",4.484464962390263,daily_ff3,Daily FF3,XGBoost Signature
2024-06-25,-0.0029,"ME2 BM2, ME2 BM3, ME3 BM1, ME3 BM2, ME3 BM3",4.471460013999331,daily_ff3,Daily FF3,XGBoost Signature
2024-06-26,0.0053999999999999,"ME3 BM3, ME2 BM3, ME3 BM1, ME3 BM2, ME4 BM3",4.495605898074928,daily_ff3,Daily FF3,XGBoost Signature
2024-06-27,0.00726,"ME2 BM2, ME3 BM1, ME3 BM2, ME2 BM3, ME3 BM3",4.528243996894952,daily_ff3,Daily FF3,XGBoost Signature
2024-06-28,-0.00708,"ME2 BM2, ME3 BM1, ME3 BM2, ME4 BM3, ME4 BM4",4.496184029396936,daily_ff3,Daily FF3,XGBoost Signature
2024-07-01,-0.00108,"ME1 BM4, SMALL HiBM, ME2 BM2, ME2 BM4, ME3 BM4",4.491328150645187,daily_ff3,Daily FF3,XGBoost Signature
2024-07-02,0.00116,"ME1 BM4, SMALL HiBM, ME2 BM2, ME3 BM4, ME4 BM3",4.496538091299936,daily_ff3,Daily FF3,XGBoost Signature
2024-07-03,0.0016999999999999,"ME2 BM2, ME3 BM1, ME3 BM2, ME4 BM3, ME5 BM2",4.5041822060551455,daily_ff3,Daily FF3,XGBoost Signature
2024-07-05,0.0063799999999999,"ME2 BM2, ME3 BM2, ME4 BM3, ME5 BM2, SMALL LoBM",4.532918888529777,daily_ff3,Daily FF3,XGBoost Signature
2024-07-08,-0.00654,"ME1 BM3, ME2 BM3, ME3 BM1, ME3 BM2, ME3 BM3",4.503273598998793,daily_ff3,Daily FF3,XGBoost Signature
2024-07-09,0.00936,"ME2 BM3, ME3 BM1, ME3 BM2, ME3 BM3, SMALL LoBM",4.545424239885421,daily_ff3,Daily FF3,XGBoost Signature
2024-07-10,0.03688,"ME2 BM1, ME1 BM3, ME2 BM3, ME3 BM1, ME3 BM2",4.713059485852396,daily_ff3,Daily FF3,XGBoost Signature
2024-07-11,0.0116999999999999,"ME1 BM3, ME2 BM3, ME3 BM1, ME4 BM3, ME5 BM4",4.768202281836869,daily_ff3,Daily FF3,XGBoost Signature
2024-07-12,0.01038,"ME3 BM5, ME4 BM5, ME5 BM2, BIG HiBM, ME1 BM2",4.817696221522336,daily_ff3,Daily FF3,XGBoost Signature
2024-07-15,0.02872,"ME1 BM4, SMALL HiBM, ME2 BM2, ME5 BM2, ME5 BM4",4.956060457004458,daily_ff3,Daily FF3,XGBoost Signature
2024-07-16,-0.00586,"ME1 BM4, ME2 BM2, ME2 BM4, ME3 BM4, ME4 BM3",4.927017942726412,daily_ff3,Daily FF3,XGBoost Signature
2024-07-17,-0.01738,"SMALL LoBM, ME2 BM5, ME3 BM5, ME4 BM4, ME4 BM5",4.841386370881827,daily_ff3,Daily FF3,XGBoost Signature
2024-07-18,-0.0053599999999999,"SMALL LoBM, ME3 BM5, ME4 BM4, ME4 BM5, ME5 BM2",4.8154365399339,daily_ff3,Daily FF3,XGBoost Signature
2024-07-19,0.02062,"ME5 BM2, SMALL LoBM, ME1 BM2, ME1 BM3, ME1 BM4",4.914730841387338,daily_ff3,Daily FF3,XGBoost Signature
2024-07-22,0.0125,"SMALL LoBM, ME5 BM2, ME1 BM2, ME1 BM3, ME1 BM4",4.97616497690468,daily_ff3,Daily FF3,XGBoost Signature
2024-07-23,-0.0221599999999999,"ME5 BM2, SMALL LoBM, ME1 BM2, ME1 BM3, ME1 BM4",4.865893161016472,daily_ff3,Daily FF3,XGBoost Signature
2024-07-24,0.01702,"ME5 BM2, SMALL LoBM, ME1 BM2, ME1 BM3, ME1 BM4",4.948710662616972,daily_ff3,Daily FF3,XGBoost Signature
2024-07-25,0.0155,"BIG LoBM, ME5 BM2, SMALL LoBM, ME1 BM2, ME1 BM3",5.025415677887535,daily_ff3,Daily FF3,XGBoost Signature
2024-07-26,-0.0139,"BIG LoBM, SMALL LoBM, ME1 BM2, ME1 BM3, ME1 BM4",4.955562399964898,daily_ff3,Daily FF3,XGBoost Signature
2024-07-29,-0.0014,"ME3 BM2, ME4 BM4, SMALL LoBM, ME1 BM2, ME1 BM3",4.948624612604948,daily_ff3,Daily FF3,XGBoost Signature
2024-07-30,0.0083,"ME3 BM2, ME4 BM4, SMALL LoBM, ME1 BM2, ME1 BM3",4.989698196889568,daily_ff3,Daily FF3,XGBoost Signature
2024-07-31,-0.03044,"ME3 BM2, ME3 BM5, ME4 BM4, ME4 BM5, SMALL LoBM",4.8378117837762495,daily_ff3,Daily FF3,XGBoost Signature
2024-08-01,-0.03264,"ME3 BM2, SMALL LoBM, ME1 BM3, ME2 BM2, ME2 BM5",4.679905607153793,daily_ff3,Daily FF3,XGBoost Signature
2024-08-02,-0.03812,"SMALL LoBM, ME1 BM2, ME1 BM4, SMALL HiBM, ME2 BM2",4.50150760540909,daily_ff3,Daily FF3,XGBoost Signature
2024-08-05,0.00546,"ME3 BM2, ME3 BM5, ME4 BM5, SMALL LoBM, ME1 BM4",4.526085836934624,daily_ff3,Daily FF3,XGBoost Signature
2024-08-06,-0.01336,"ME3 BM3, BIG HiBM, ME4 BM3, SMALL LoBM, ME1 BM2",4.465617330153178,daily_ff3,Daily FF3,XGBoost Signature
2024-08-07,0.02212,"ME1 BM3, ME1 BM4, ME2 BM4, ME3 BM3, ME4 BM1",4.564396785496165,daily_ff3,Daily FF3,XGBoost Signature
2024-08-08,-0.0112399999999999,"ME1 BM4, ME1 BM2, ME1 BM3, ME2 BM4, ME2 BM5",4.513092965627188,daily_ff3,Daily FF3,XGBoost Signature
2024-08-09,-0.00878,"ME2 BM1, ME2 BM5, ME3 BM1, ME3 BM2, ME3 BM5",4.473468009388982,daily_ff3,Daily FF3,XGBoost Signature
2024-08-12,0.0223,"SMALL LoBM, ME1 BM3, ME1 BM4, ME2 BM4, ME3 BM4",4.573226345998356,daily_ff3,Daily FF3,XGBoost Signature
2024-08-13,-0.0049,"ME1 BM2, ME2 BM4, ME3 BM3, ME3 BM4, ME5 BM3",4.550817536902964,daily_ff3,Daily FF3,XGBoost Signature
2024-08-14,0.0259,"ME1 BM2, ME1 BM4, ME2 BM2, ME2 BM4, ME3 BM4",4.668683711108751,daily_ff3,Daily FF3,XGBoost Signature
2024-08-15,0.00438,"ME2 BM4, ME3 BM4, ME4 BM4, ME5 BM3, SMALL LoBM",4.689132545763408,daily_ff3,Daily FF3,XGBoost Signature
2024-08-16,0.01328,"ME1 BM2, ME1 BM4, ME2 BM2, ME2 BM4, ME3 BM4",4.751404225971146,daily_ff3,Daily FF3,XGBoost Signature
2024-08-19,-0.00992,"ME1 BM3, ME1 BM4, ME2 BM2, ME3 BM4, ME4 BM1",4.704270296049512,daily_ff3,Daily FF3,XGBoost Signature
2024-08-20,0.01222,"ME1 BM3, ME1 BM4, ME2 BM2, ME2 BM4, ME3 BM4",4.761756479067237,daily_ff3,Daily FF3,XGBoost Signature
2024-08-21,-0.0101,"ME1 BM3, ME1 BM4, ME2 BM2, ME2 BM4, ME3 BM4",4.713662738628657,daily_ff3,Daily FF3,XGBoost Signature
2024-08-22,0.02922,"ME1 BM2, ME2 BM2, ME2 BM4, ME3 BM4, ME4 BM1",4.851395963851386,daily_ff3,Daily FF3,XGBoost Signature
2024-08-23,0.00344,"ME1 BM2, ME1 BM3, ME1 BM4, ME2 BM2, ME2 BM3",4.868084765967036,daily_ff3,Daily FF3,XGBoost Signature
2024-08-26,-0.00746,"ME3 BM1, ME3 BM2, ME3 BM5, ME4 BM5, SMALL LoBM",4.831768853612922,daily_ff3,Daily FF3,XGBoost Signature
2024-08-27,-0.00224,"ME2 BM5, ME3 BM1, ME3 BM2, ME3 BM5, ME4 BM5",4.820945691380829,daily_ff3,Daily FF3,XGBoost Signature
2024-08-28,0.00528,"ME3 BM1, ME3 BM2, ME3 BM5, ME4 BM5, ME1 BM4",4.846400284631319,daily_ff3,Daily FF3,XGBoost Signature
2024-08-29,0.00622,"ME1 BM3, ME3 BM1, ME3 BM2, ME3 BM5, SMALL LoBM",4.876544894401726,daily_ff3,Daily FF3,XGBoost Signature
2024-08-30,-0.0279799999999999,"ME1 BM2, ME2 BM2, ME2 BM4, ME4 BM1, ME4 BM2",4.740099168256366,daily_ff3,Daily FF3,XGBoost Signature
2024-09-03,8.000000000000007e-05,"ME1 BM2, ME1 BM3, ME2 BM2, ME2 BM4, ME4 BM1",4.740478376189827,daily_ff3,Daily FF3,XGBoost Signature
2024-09-04,-0.00486,"ME1 BM3, ME2 BM2, ME2 BM3, ME2 BM4, ME4 BM1",4.717439651281545,daily_ff3,Daily FF3,XGBoost Signature
2024-09-05,-0.0128,"ME4 BM1, ME4 BM2, ME4 BM4, ME5 BM2, ME5 BM3",4.657056423745141,daily_ff3,Daily FF3,XGBoost Signature
2024-09-06,0.00994,"ME4 BM4, ME4 BM1, ME4 BM2, ME5 BM2, ME5 BM3",4.703347564597168,daily_ff3,Daily FF3,XGBoost Signature
2024-09-09,-0.00162,"ME3 BM3, ME3 BM4, ME4 BM2, ME5 BM2, ME5 BM3",4.695728141542521,daily_ff3,Daily FF3,XGBoost Signature
2024-09-10,0.00266,"ME2 BM4, ME2 BM5, ME4 BM1, ME4 BM2, ME5 BM2",4.708218778399024,daily_ff3,Daily FF3,XGBoost Signature
2024-09-11,0.00456,"ME2 BM5, ME5 BM4, BIG HiBM, ME1 BM3, ME4 BM1",4.729688256028523,daily_ff3,Daily FF3,XGBoost Signature
2024-09-12,0.0142999999999999,"ME2 BM5, ME4 BM1, ME4 BM2, ME4 BM4, ME5 BM2",4.797322798089731,daily_ff3,Daily FF3,XGBoost Signature
2024-09-13,0.007,"ME2 BM3, ME2 BM5, ME4 BM1, ME4 BM2, ME4 BM4",4.830904057676358,daily_ff3,Daily FF3,XGBoost Signature
2024-09-16,0.00634,"SMALL LoBM, ME2 BM1, ME3 BM1, ME3 BM2, ME3 BM5",4.861531989402026,daily_ff3,Daily FF3,XGBoost Signature
2024-09-17,-0.0006599999999999,"ME1 BM3, ME2 BM2, ME2 BM3, ME4 BM1, ME4 BM2",4.858323378289021,daily_ff3,Daily FF3,XGBoost Signature
2024-09-18,0.02404,"ME1 BM2, ME1 BM3, ME1 BM4, ME2 BM2, ME2 BM3",4.975117472303089,daily_ff3,Daily FF3,XGBoost Signature
2024-09-19,-0.01352,"ME1 BM3, ME1 BM2, ME1 BM4, ME2 BM2, ME2 BM3",4.907853884077552,daily_ff3,Daily FF3,XGBoost Signature
2024-09-20,-0.00686,"ME1 BM3, ME1 BM4, ME2 BM3, ME4 BM4, ME5 BM2",4.87418600643278,daily_ff3,Daily FF3,XGBoost Signature
2024-09-23,0.00318,"ME2 BM5, ME4 BM1, ME4 BM4, ME5 BM3, SMALL LoBM",4.889685917933235,daily_ff3,Daily FF3,XGBoost Signature
2024-09-24,-0.01126,"ME2 BM5, ME4 BM1, ME4 BM4, ME5 BM3, SMALL LoBM",4.834628054497307,daily_ff3,Daily FF3,XGBoost Signature
2024-09-25,0.00958,"ME2 BM5, SMALL LoBM, ME1 BM2, ME1 BM3, ME1 BM4",4.880943791259391,daily_ff3,Daily FF3,XGBoost Signature
2024-09-26,0.00832,"ME1 BM3, ME2 BM3, ME2 BM5, ME5 BM3, SMALL LoBM",4.921553243602669,daily_ff3,Daily FF3,XGBoost Signature
2024-09-27,0.00418,"ME2 BM4, ME2 BM5, SMALL LoBM, ME1 BM2, ME1 BM3",4.942125336160928,daily_ff3,Daily FF3,XGBoost Signature
2024-09-30,-0.00852,"ME2 BM3, ME2 BM5, ME4 BM4, ME5 BM2, ME5 BM3",4.900018428296837,daily_ff3,Daily FF3,XGBoost Signature
2024-10-01,0.00018,"ME2 BM5, ME4 BM4, ME5 BM2, ME5 BM3, SMALL LoBM",4.900900431613931,daily_ff3,Daily FF3,XGBoost Signature
2024-10-02,-0.00636,"ME2 BM5, ME5 BM3, SMALL LoBM, ME1 BM2, ME1 BM3",4.869730704868867,daily_ff3,Daily FF3,XGBoost Signature
2024-10-03,0.01404,"ME2 BM5, ME4 BM4, ME5 BM3, SMALL LoBM, ME1 BM2",4.938101723965226,daily_ff3,Daily FF3,XGBoost Signature
2024-10-04,3.999999999999941e-05,"ME3 BM4, ME5 BM2, SMALL LoBM, ME1 BM2, ME1 BM3",4.938299248034185,daily_ff3,Daily FF3,XGBoost Signature
2024-10-07,-0.00018,"ME2 BM4, ME5 BM2, SMALL LoBM, ME1 BM2, ME1 BM3",4.937410354169539,daily_ff3,Daily FF3,XGBoost Signature
2024-10-08,0.0012,"SMALL HiBM, ME2 BM4, ME3 BM3, ME5 BM2, SMALL LoBM",4.943335246594542,daily_ff3,Daily FF3,XGBoost Signature
2024-10-09,-0.00558,"ME1 BM2, ME2 BM2, ME2 BM3, ME4 BM2, ME4 BM4",4.915751435918545,daily_ff3,Daily FF3,XGBoost Signature
2024-10-10,0.01776,"ME5 BM2, ME3 BM3, ME3 BM4, ME5 BM3, SMALL LoBM",5.003055181420458,daily_ff3,Daily FF3,XGBoost Signature
2024-10-11,0.00698,"ME5 BM4, ME5 BM2, SMALL LoBM, ME1 BM2, ME1 BM3",5.037976506586773,daily_ff3,Daily FF3,XGBoost Signature
2024-10-14,0.00376,"ME5 BM4, BIG HiBM, SMALL LoBM, ME1 BM2, ME1 BM3",5.056919298251539,daily_ff3,Daily FF3,XGBoost Signature
2024-10-15,0.02266,"SMALL LoBM, ME1 BM2, ME1 BM3, ME1 BM4, SMALL HiBM",5.171509089549918,daily_ff3,Daily FF3,XGBoost Signature
2024-10-16,-0.0025599999999999,"ME5 BM4, SMALL LoBM, ME1 BM2, ME1 BM3, ME1 BM4",5.15827002628067,daily_ff3,Daily FF3,XGBoost Signature
2024-10-17,0.0071199999999999,"BIG LoBM, ME5 BM3, SMALL LoBM, ME1 BM2, ME1 BM3",5.194996908867789,daily_ff3,Daily FF3,XGBoost Signature
2024-10-18,-0.01096,"ME5 BM3, ME5 BM4, SMALL LoBM, ME1 BM2, ME1 BM3",5.138059742746598,daily_ff3,Daily FF3,XGBoost Signature
2024-10-21,-0.0036199999999999,"ME3 BM3, ME3 BM4, ME4 BM4, ME5 BM3, ME5 BM4",5.119459966477855,daily_ff3,Daily FF3,XGBoost Signature
2024-10-22,-0.00624,"ME3 BM3, ME3 BM4, ME5 BM3, ME5 BM4, SMALL LoBM",5.087514536287033,daily_ff3,Daily FF3,XGBoost Signature
2024-10-23,-0.00172,"ME3 BM4, ME5 BM3, ME5 BM4, SMALL LoBM, ME1 BM2",5.078764011284619,daily_ff3,Daily FF3,XGBoost Signature
2024-10-24,-0.00502,"SMALL LoBM, ME1 BM2, ME1 BM3, ME1 BM4, SMALL HiBM",5.05326861594797,daily_ff3,Daily FF3,XGBoost Signature
2024-10-25,0.01476,"ME2 BM4, ME4 BM4, ME4 BM5, BIG HiBM, ME3 BM3",5.127854860719363,daily_ff3,Daily FF3,XGBoost Signature
2024-10-28,-0.00096,"SMALL LoBM, ME1 BM3, SMALL HiBM, ME2 BM2, ME2 BM4",5.122932120053072,daily_ff3,Daily FF3,XGBoost Signature
2024-10-29,-0.00422,"ME1 BM2, ME4 BM1, ME5 BM2, ME2 BM2, BIG LoBM",5.101313346506448,daily_ff3,Daily FF3,XGBoost Signature
2024-10-30,-0.0169999999999999,"SMALL LoBM, ME1 BM3, SMALL HiBM, ME3 BM1, ME3 BM2",5.014591019615838,daily_ff3,Daily FF3,XGBoost Signature
2024-10-31,0.0081999999999999,"SMALL LoBM, ME1 BM3, ME1 BM4, ME2 BM1, ME3 BM1",5.055710665976688,daily_ff3,Daily FF3,XGBoost Signature
2024-11-01,0.00144,"SMALL HiBM, ME3 BM2, ME4 BM4, ME5 BM2, ME5 BM3",5.062990889335694,daily_ff3,Daily FF3,XGBoost Signature
2024-11-04,0.02244,"ME1 BM4, ME2 BM2, ME3 BM2, ME4 BM1, ME1 BM2",5.176604404892387,daily_ff3,Daily FF3,XGBoost Signature
2024-11-05,0.0476399999999999,"SMALL LoBM, ME1 BM2, ME2 BM1, ME3 BM1, ME3 BM2",5.4232178387414605,daily_ff3,Daily FF3,XGBoost Signature
2024-11-06,-0.0063799999999999,"ME1 BM3, SMALL HiBM, ME4 BM1, ME4 BM4, ME1 BM2",5.38861770893029,daily_ff3,Daily FF3,XGBoost Signature
2024-11-07,0.0133,"SMALL LoBM, ME1 BM3, SMALL HiBM, ME3 BM2, ME5 BM2",5.460286324459063,daily_ff3,Daily FF3,XGBoost Signature
2024-11-08,0.01592,"ME1 BM3, ME2 BM4, ME4 BM4, ME5 BM2, ME1 BM2",5.547214082744451,daily_ff3,Daily FF3,XGBoost Signature
2024-11-11,-0.00946,"ME2 BM5, ME3 BM3, ME3 BM5, ME4 BM4, ME5 BM3",5.494737437521688,daily_ff3,Daily FF3,XGBoost Signature
2024-11-12,-0.0057799999999999,"ME2 BM3, ME3 BM3, ME3 BM5, ME4 BM2, ME5 BM3",5.462977855132813,daily_ff3,Daily FF3,XGBoost Signature
2024-11-13,-0.01414,"SMALL LoBM, ME2 BM3, ME2 BM5, ME3 BM5, ME2 BM4",5.385731348261235,daily_ff3,Daily FF3,XGBoost Signature
2024-11-14,-0.01118,"ME1 BM3, ME2 BM4, ME3 BM2, ME3 BM3, ME4 BM4",5.325518871787675,daily_ff3,Daily FF3,XGBoost Signature
2024-11-15,0.0021999999999999,"ME2 BM3, SMALL LoBM, ME3 BM3, ME3 BM5, ME4 BM2",5.337235013305608,daily_ff3,Daily FF3,XGBoost Signature
2024-11-18,-0.00102,"ME2 BM3, ME2 BM5, ME3 BM4, ME3 BM5, ME4 BM3",5.331791033592036,daily_ff3,Daily FF3,XGBoost Signature
2024-11-19,0.00214,"SMALL LoBM, ME2 BM4, ME3 BM3, ME4 BM4, ME5 BM3",5.343201066403923,daily_ff3,Daily FF3,XGBoost Signature
2024-11-20,0.01824,"SMALL LoBM, ME2 BM3, ME2 BM4, ME3 BM3, ME4 BM3",5.4406610538551305,daily_ff3,Daily FF3,XGBoost Signature
2024-11-21,0.01468,"SMALL LoBM, ME2 BM4, ME3 BM3, ME4 BM4, ME5 BM3",5.520529958125724,daily_ff3,Daily FF3,XGBoost Signature
2024-11-22,0.01182,"ME2 BM4, ME3 BM2, ME3 BM3, ME4 BM4, ME5 BM3",5.58578262223077,daily_ff3,Daily FF3,XGBoost Signature
2024-11-25,-0.00754,"SMALL LoBM, ME2 BM4, ME3 BM3, ME4 BM3, ME4 BM4",5.54366582125915,daily_ff3,Daily FF3,XGBoost Signature
2024-11-26,0.00264,"SMALL LoBM, BIG LoBM, ME1 BM2, ME1 BM4, ME2 BM1",5.5583010990272745,daily_ff3,Daily FF3,XGBoost Signature
2024-11-27,0.00486,"ME1 BM2, ME1 BM4, SMALL HiBM, ME3 BM1, ME4 BM1",5.585314442368548,daily_ff3,Daily FF3,XGBoost Signature
2024-11-29,0.00334,"ME1 BM2, ME1 BM4, SMALL HiBM, ME3 BM1, ME4 BM1",5.603969392606058,daily_ff3,Daily FF3,XGBoost Signature
2024-12-02,-0.0064599999999999,"ME1 BM3, ME2 BM1, ME2 BM4, ME4 BM4, ME5 BM4",5.567767750329823,daily_ff3,Daily FF3,XGBoost Signature
2024-12-03,0.00528,"ME1 BM2, ME1 BM3, ME2 BM5, ME3 BM1, ME3 BM2",5.597165564051564,daily_ff3,Daily FF3,XGBoost Signature
2024-12-04,-0.00738,"ME4 BM5, ME2 BM1, ME2 BM5, ME3 BM3, ME3 BM5",5.555858482188863,daily_ff3,Daily FF3,XGBoost Signature
2024-12-05,0.0076,"ME1 BM2, ME1 BM3, ME2 BM5, ME3 BM1, ME3 BM2",5.598083006653498,daily_ff3,Daily FF3,XGBoost Signature
2024-12-06,-0.0020399999999999,"ME1 BM2, ME1 BM3, ME2 BM5, ME3 BM1, ME3 BM2",5.5866629173199245,daily_ff3,Daily FF3,XGBoost Signature
2024-12-09,-0.00496,"ME2 BM3, ME3 BM2, ME3 BM3, ME3 BM4, ME3 BM5",5.558953069250018,daily_ff3,Daily FF3,XGBoost Signature
2024-12-10,0.0063799999999999,"ME1 BM2, ME2 BM3, ME3 BM3, ME3 BM4, ME4 BM2",5.594419189831833,daily_ff3,Daily FF3,XGBoost Signature
2024-12-11,-0.00924,"ME2 BM3, ME3 BM1, ME3 BM3, ME3 BM4, ME4 BM2",5.542726756517787,daily_ff3,Daily FF3,XGBoost Signature
2024-12-12,-0.008,"ME2 BM3, ME3 BM1, ME3 BM2, ME3 BM3, ME3 BM4",5.498384942465645,daily_ff3,Daily FF3,XGBoost Signature
2024-12-13,0.0081599999999999,"ME1 BM2, ME2 BM3, ME3 BM1, ME3 BM2, ME3 BM3",5.543251763596164,daily_ff3,Daily FF3,XGBoost Signature
2024-12-16,-0.01276,"ME1 BM2, ME2 BM5, ME3 BM2, ME3 BM4, ME3 BM5",5.472519871092676,daily_ff3,Daily FF3,XGBoost Signature
2024-12-17,-0.0430199999999999,"ME2 BM5, ME3 BM1, ME3 BM2, ME3 BM4, ME3 BM5",5.23709206623827,daily_ff3,Daily FF3,XGBoost Signature
2024-12-18,-8.000000000000003e-05,"ME2 BM5, ME3 BM5, BIG HiBM, ME1 BM2, ME3 BM1",5.236673098872971,daily_ff3,Daily FF3,XGBoost Signature
2024-12-19,0.0091399999999999,"ME1 BM4, ME2 BM5, ME3 BM1, ME3 BM2, ME3 BM4",5.2845362909966695,daily_ff3,Daily FF3,XGBoost Signature
2024-12-20,-0.00184,"ME2 BM1, ME3 BM2, ME3 BM3, ME4 BM1, ME4 BM2",5.274812744221236,daily_ff3,Daily FF3,XGBoost Signature
2024-12-23,0.00868,"SMALL HiBM, ME2 BM1, ME3 BM2, ME3 BM3, ME3 BM4",5.320598118841076,daily_ff3,Daily FF3,XGBoost Signature
2024-12-24,0.00842,"ME2 BM1, ME3 BM2, ME3 BM3, ME3 BM5, ME4 BM1",5.365397555001718,daily_ff3,Daily FF3,XGBoost Signature
2024-12-26,-0.01086,"ME3 BM2, ME3 BM3, ME4 BM1, ME4 BM2, ME4 BM3",5.307129337554399,daily_ff3,Daily FF3,XGBoost Signature
2024-12-27,-0.0066,"ME1 BM2, ME1 BM3, SMALL HiBM, ME3 BM2, ME3 BM3",5.27210228392654,daily_ff3,Daily FF3,XGBoost Signature
2024-12-30,-0.00242,"SMALL LoBM, ME1 BM3, ME2 BM1, ME2 BM3, ME2 BM2",5.259343796399438,daily_ff3,Daily FF3,XGBoost Signature
2024-12-31,0.0013799999999999,"ME1 BM2, ME1 BM3, SMALL HiBM, ME3 BM2, ME4 BM1",5.266601690838469,daily_ff3,Daily FF3,XGBoost Signature
2025-01-02,0.02012,"ME1 BM2, ME1 BM3, SMALL HiBM, ME3 BM2, ME3 BM3",5.372565716858138,daily_ff3,Daily FF3,XGBoost Signature
2025-01-03,-8.000000000000022e-05,"ME1 BM3, SMALL HiBM, ME4 BM1, ME4 BM2, ME4 BM3",5.37213591160079,daily_ff3,Daily FF3,XGBoost Signature
2025-01-06,-0.00836,"SMALL LoBM, ME4 BM1, ME4 BM2, ME4 BM3, ME4 BM5",5.327224855379807,daily_ff3,Daily FF3,XGBoost Signature
2025-01-07,0.0002399999999999,"ME4 BM1, ME4 BM2, ME4 BM5, ME5 BM2, ME5 BM3",5.328503389345099,daily_ff3,Daily FF3,XGBoost Signature
2025-01-08,-0.0194999999999999,"SMALL LoBM, ME2 BM1, ME2 BM3, ME4 BM1, ME4 BM2",5.224597573252869,daily_ff3,Daily FF3,XGBoost Signature
2025-01-10,0.00676,"ME1 BM3, ME3 BM2, ME4 BM1, ME4 BM2, ME4 BM3",5.259915852848059,daily_ff3,Daily FF3,XGBoost Signature
2025-01-13,0.0064399999999999,"SMALL LoBM, ME2 BM1, ME2 BM3, ME4 BM2, ME4 BM5",5.293789710940401,daily_ff3,Daily FF3,XGBoost Signature
2025-01-14,0.01928,"ME1 BM3, SMALL HiBM, ME4 BM1, ME4 BM2, ME4 BM5",5.395853976567332,daily_ff3,Daily FF3,XGBoost Signature
2025-01-15,0.00334,"ME1 BM3, SMALL HiBM, ME4 BM1, ME4 BM2, ME4 BM5",5.413876128849066,daily_ff3,Daily FF3,XGBoost Signature
2025-01-16,0.0047,"ME2 BM3, ME1 BM3, ME4 BM1, ME4 BM2, ME5 BM2",5.439321346654656,daily_ff3,Daily FF3,XGBoost Signature
2025-01-17,0.01696,"ME1 BM3, SMALL HiBM, ME3 BM1, ME4 BM2, ME4 BM5",5.531572236693919,daily_ff3,Daily FF3,XGBoost Signature
2025-01-21,-0.00252,"ME1 BM3, SMALL HiBM, ME4 BM1, ME4 BM5, ME5 BM2",5.517632674657451,daily_ff3,Daily FF3,XGBoost Signature
2025-01-22,0.0053,"ME1 BM4, ME2 BM2, ME2 BM4, ME2 BM5, ME3 BM3",5.546876127833135,daily_ff3,Daily FF3,XGBoost Signature
2025-01-23,-0.0014399999999999,"ME1 BM4, ME2 BM2, ME2 BM4, ME2 BM5, ME3 BM2",5.538888626209055,daily_ff3,Daily FF3,XGBoost Signature
2025-01-24,-0.00916,"ME1 BM4, ME2 BM2, ME2 BM4, ME2 BM5, ME3 BM2",5.48815240639298,daily_ff3,Daily FF3,XGBoost Signature
2025-01-27,-0.00028,"ME2 BM3, ME1 BM4, ME2 BM2, ME2 BM4, ME2 BM5",5.48661572371919,daily_ff3,Daily FF3,XGBoost Signature
2025-01-28,-0.00158,"SMALL LoBM, ME1 BM4, ME2 BM2, ME2 BM4, ME2 BM5",5.477946870875713,daily_ff3,Daily FF3,XGBoost Signature
2025-01-29,0.00968,"ME1 BM4, ME2 BM2, ME2 BM4, ME2 BM5, ME3 BM1",5.5309733965857895,daily_ff3,Daily FF3,XGBoost Signature
2025-01-30,-0.01014,"ME1 BM4, ME2 BM2, ME2 BM4, ME2 BM5, ME3 BM2",5.474889326344409,daily_ff3,Daily FF3,XGBoost Signature
2025-01-31,-0.01508,"ME2 BM3, ME3 BM1, ME1 BM4, ME2 BM2, ME2 BM4",5.392327995303136,daily_ff3,Daily FF3,XGBoost Signature
2025-02-03,0.0147799999999999,"ME2 BM3, ME3 BM1, ME1 BM4, ME2 BM2, ME2 BM4",5.472026603073716,daily_ff3,Daily FF3,XGBoost Signature
2025-02-04,0.01096,"ME2 BM3, ME3 BM1, ME1 BM4, ME2 BM2, ME2 BM4",5.532000014643404,daily_ff3,Daily FF3,XGBoost Signature
2025-02-05,-0.00112,"ME2 BM3, ME1 BM3, ME1 BM4, SMALL HiBM, ME2 BM2",5.525804174627004,daily_ff3,Daily FF3,XGBoost Signature
2025-02-06,-0.0105399999999999,"ME2 BM4, ME2 BM5, ME3 BM4, ME3 BM5, ME4 BM4",5.467562198626434,daily_ff3,Daily FF3,XGBoost Signature
2025-02-07,-0.00108,"ME2 BM4, ME2 BM5, ME3 BM4, ME3 BM5, ME4 BM4",5.461657231451918,daily_ff3,Daily FF3,XGBoost Signature
2025-02-10,-0.00214,"ME2 BM2, ME2 BM4, ME2 BM5, ME3 BM3, ME3 BM4",5.449969284976611,daily_ff3,Daily FF3,XGBoost Signature
2025-02-11,-0.0125599999999999,"ME2 BM2, ME2 BM4, ME2 BM5, ME3 BM3, ME3 BM4",5.3815176707573045,daily_ff3,Daily FF3,XGBoost Signature
2025-02-12,0.01576,"SMALL LoBM, ME1 BM2, ME2 BM1, ME2 BM2, ME2 BM4",5.46633038924844,daily_ff3,Daily FF3,XGBoost Signature
2025-02-13,0.00206,"ME1 BM3, ME2 BM2, ME2 BM4, ME2 BM5, ME3 BM3",5.4775910298502914,daily_ff3,Daily FF3,XGBoost Signature
2025-02-14,0.00592,"ME3 BM4, ME3 BM5, ME4 BM5, ME2 BM2, ME2 BM4",5.510018368747005,daily_ff3,Daily FF3,XGBoost Signature
2025-02-18,-0.0031799999999999,"ME3 BM4, ME3 BM5, ME5 BM4, ME2 BM2, ME2 BM4",5.49249651033439,daily_ff3,Daily FF3,XGBoost Signature
2025-02-19,-0.0121,"ME3 BM4, ME3 BM5, ME5 BM4, ME2 BM2, ME2 BM4",5.426037302559344,daily_ff3,Daily FF3,XGBoost Signature
2025-02-20,-0.02064,"ME3 BM4, ME3 BM5, ME5 BM4, ME2 BM2, ME2 BM4",5.314043892634519,daily_ff3,Daily FF3,XGBoost Signature
2025-02-21,-0.00616,"ME2 BM2, ME2 BM4, ME2 BM5, ME3 BM3, ME3 BM4",5.28130938225589,daily_ff3,Daily FF3,XGBoost Signature
2025-02-24,-0.00726,"SMALL LoBM, ME1 BM2, ME1 BM3, ME2 BM1, ME4 BM2",5.242967076140713,daily_ff3,Daily FF3,XGBoost Signature
2025-02-25,0.0008,"ME2 BM1, ME2 BM2, ME2 BM4, ME2 BM5, ME3 BM1",5.247161449801625,daily_ff3,Daily FF3,XGBoost Signature
2025-02-26,-0.00762,"ME2 BM4, ME3 BM3, ME3 BM4, ME3 BM5, ME4 BM4",5.2071780795541365,daily_ff3,Daily FF3,XGBoost Signature
2025-02-27,0.0126399999999999,"ME3 BM3, ME3 BM4, ME3 BM5, ME4 BM4, ME5 BM4",5.2729968104797,daily_ff3,Daily FF3,XGBoost Signature
2025-02-28,-0.01972,"ME2 BM4, ME3 BM3, ME3 BM4, ME3 BM5, ME4 BM4",5.16901331337704,daily_ff3,Daily FF3,XGBoost Signature
2025-03-03,-0.0150399999999999,"ME2 BM1, ME2 BM4, ME2 BM5, ME3 BM3, ME3 BM4",5.09127135314385,daily_ff3,Daily FF3,XGBoost Signature
2025-03-04,0.01486,"SMALL LoBM, ME1 BM2, ME1 BM3, SMALL HiBM, ME2 BM1",5.166927645451568,daily_ff3,Daily FF3,XGBoost Signature
2025-03-05,-0.01686,"BIG HiBM, ME3 BM5, ME4 BM4, ME4 BM5, ME5 BM4",5.079813245349254,daily_ff3,Daily FF3,XGBoost Signature
2025-03-06,0.00636,"ME3 BM5, ME4 BM2, ME4 BM3, ME4 BM4, ME4 BM5",5.112120857589675,daily_ff3,Daily FF3,XGBoost Signature
2025-03-07,-0.02986,"ME4 BM4, ME4 BM5, SMALL LoBM, ME1 BM3, ME1 BM4",4.959472928782047,daily_ff3,Daily FF3,XGBoost Signature
2025-03-10,0.00346,"ME1 BM3, ME1 BM4, ME2 BM4, ME4 BM4, ME4 BM5",4.976632705115633,daily_ff3,Daily FF3,XGBoost Signature
2025-03-11,0.003,"ME2 BM4, ME3 BM2, ME3 BM5, ME4 BM5, ME1 BM2",4.991562603230979,daily_ff3,Daily FF3,XGBoost Signature
2025-03-12,-0.02208,"SMALL HiBM, ME2 BM3, ME3 BM2, SMALL LoBM, ME1 BM2",4.881348900951639,daily_ff3,Daily FF3,XGBoost Signature
2025-03-13,0.0246,"ME3 BM2, SMALL LoBM, ME1 BM2, ME1 BM3, ME1 BM4",5.001430083915049,daily_ff3,Daily FF3,XGBoost Signature
2025-03-14,0.01076,"ME3 BM2, SMALL LoBM, ME1 BM2, ME1 BM3, ME1 BM4",5.055245471617976,daily_ff3,Daily FF3,XGBoost Signature
2025-03-17,-0.01224,"SMALL LoBM, ME2 BM3, ME4 BM3, ME1 BM2, ME1 BM3",4.993369267045372,daily_ff3,Daily FF3,XGBoost Signature
2025-03-18,0.01628,"ME2 BM3, ME2 BM4, ME3 BM2, ME4 BM4, SMALL LoBM",5.074661318712871,daily_ff3,Daily FF3,XGBoost Signature
2025-03-19,-0.0047,"ME1 BM3, ME1 BM4, ME2 BM1, ME3 BM4, BIG LoBM",5.05081041051492,daily_ff3,Daily FF3,XGBoost Signature
2025-03-20,-0.0065599999999999,"ME2 BM3, ME2 BM4, ME2 BM5, ME3 BM2, ME4 BM5",5.017677094221942,daily_ff3,Daily FF3,XGBoost Signature
2025-03-21,0.0244199999999999,"ME2 BM3, ME2 BM4, ME2 BM5, ME3 BM2, ME4 BM5",5.140208768862842,daily_ff3,Daily FF3,XGBoost Signature
2025-03-24,-0.00732,"ME2 BM3, ME2 BM5, ME3 BM2, ME4 BM5, SMALL LoBM",5.102582440674766,daily_ff3,Daily FF3,XGBoost Signature
2025-03-25,-0.01004,"ME2 BM3, ME2 BM5, ME3 BM2, ME4 BM5, SMALL LoBM",5.051352512970391,daily_ff3,Daily FF3,XGBoost Signature
2025-03-26,-0.00584,"ME2 BM4, ME3 BM2, ME4 BM5, SMALL LoBM, ME1 BM2",5.0218526142946445,daily_ff3,Daily FF3,XGBoost Signature
2025-03-27,-0.0232,"ME2 BM4, ME4 BM5, SMALL LoBM, ME1 BM2, ME1 BM3",4.905345633643009,daily_ff3,Daily FF3,XGBoost Signature
2025-03-28,-0.0091,"ME2 BM4, ME4 BM5, SMALL LoBM, ME1 BM2, ME1 BM3",4.860706988376857,daily_ff3,Daily FF3,XGBoost Signature
2025-03-31,-0.0033,"ME4 BM4, ME4 BM5, SMALL LoBM, ME1 BM2, ME1 BM3",4.844666655315214,daily_ff3,Daily FF3,XGBoost Signature
2025-04-01,0.01576,"ME2 BM3, ME2 BM4, ME2 BM5, ME3 BM2, ME4 BM5",4.921018601802982,daily_ff3,Daily FF3,XGBoost Signature
2025-04-02,-0.07046,"ME2 BM4, ME2 BM5, ME3 BM2, ME4 BM5, SMALL LoBM",4.574283631119944,daily_ff3,Daily FF3,XGBoost Signature
2025-04-03,-0.05014,"ME2 BM4, ME2 BM5, ME3 BM2, ME4 BM5, SMALL LoBM",4.34492904985559,daily_ff3,Daily FF3,XGBoost Signature
2025-04-04,-0.00636,"SMALL HiBM, ME4 BM4, ME1 BM2, ME1 BM3, ME1 BM4",4.3172953010985085,daily_ff3,Daily FF3,XGBoost Signature
2025-04-07,-0.0243999999999999,"BIG LoBM, ME1 BM2, ME1 BM3, ME1 BM4, SMALL HiBM",4.211953295751705,daily_ff3,Daily FF3,XGBoost Signature
2025-04-08,0.0972,"ME4 BM2, ME4 BM1, BIG LoBM, SMALL LoBM, ME1 BM2",4.621355156098771,daily_ff3,Daily FF3,XGBoost Signature
2025-04-09,-0.0376,"ME4 BM1, ME4 BM2, BIG LoBM, SMALL LoBM, ME1 BM2",4.447592202229457,daily_ff3,Daily FF3,XGBoost Signature
2025-04-10,0.0156,"SMALL HiBM, ME1 BM2, ME1 BM3, ME1 BM4, ME2 BM1",4.5169746405842375,daily_ff3,Daily FF3,XGBoost Signature
2025-04-11,0.0126,"ME3 BM2, SMALL LoBM, ME2 BM4, ME3 BM1, ME1 BM2",4.573888521055599,daily_ff3,Daily FF3,XGBoost Signature
2025-04-14,0.00454,"ME1 BM2, ME1 BM3, ME1 BM4, SMALL HiBM, ME2 BM1",4.594653974941191,daily_ff3,Daily FF3,XGBoost Signature
2025-04-15,-0.0075,"ME3 BM2, ME1 BM2, ME1 BM3, ME1 BM4, SMALL HiBM",4.560194070129132,daily_ff3,Daily FF3,XGBoost Signature
2025-04-16,0.0096,"SMALL LoBM, ME2 BM2, ME3 BM2, ME1 BM2, ME1 BM3",4.603971933202372,daily_ff3,Daily FF3,XGBoost Signature
2025-04-17,-0.01948,"ME4 BM4, ME1 BM2, ME3 BM4, BIG LoBM, ME1 BM3",4.5142865599435895,daily_ff3,Daily FF3,XGBoost Signature
2025-04-21,0.0322799999999999,"SMALL LoBM, ME2 BM4, ME3 BM2, ME1 BM2, ME1 BM3",4.660007730098569,daily_ff3,Daily FF3,XGBoost Signature
2025-04-22,0.01564,"SMALL LoBM, ME5 BM2, ME1 BM2, BIG HiBM, ME1 BM3",4.732890250997311,daily_ff3,Daily FF3,XGBoost Signature
2025-04-23,0.02464,"ME3 BM4, BIG LoBM, SMALL LoBM, ME1 BM2, ME1 BM3",4.849508666781885,daily_ff3,Daily FF3,XGBoost Signature
2025-04-24,-0.0040599999999999,"ME3 BM1, ME3 BM2, ME5 BM2, SMALL LoBM, ME1 BM2",4.829819661594751,daily_ff3,Daily FF3,XGBoost Signature
2025-04-25,0.0016399999999999,"ME2 BM4, SMALL LoBM, ME1 BM2, ME1 BM3, ME1 BM4",4.837740565839767,daily_ff3,Daily FF3,XGBoost Signature
2025-04-28,0.00776,"SMALL LoBM, ME1 BM2, ME1 BM3, ME1 BM4, SMALL HiBM",4.875281432630684,daily_ff3,Daily FF3,XGBoost Signature
2025-04-29,-0.00248,"ME3 BM2, ME5 BM2, SMALL LoBM, ME1 BM2, ME1 BM3",4.863190734677759,daily_ff3,Daily FF3,XGBoost Signature
2025-04-30,0.0038,"ME3 BM2, SMALL LoBM, ME1 BM2, ME1 BM3, ME1 BM4",4.881670859469534,daily_ff3,Daily FF3,XGBoost Signature
2025-05-01,0.02196,"ME3 BM2, ME5 BM2, SMALL LoBM, ME1 BM2, ME1 BM3",4.988872351543486,daily_ff3,Daily FF3,XGBoost Signature
2025-05-02,-0.0102399999999999,"ME3 BM2, ME5 BM2, SMALL LoBM, ME1 BM2, ME1 BM3",4.9377862986636805,daily_ff3,Daily FF3,XGBoost Signature
2025-05-05,-0.0149799999999999,"ME2 BM2, ME3 BM2, ME5 BM2, SMALL LoBM, ME1 BM2",4.863818259909698,daily_ff3,Daily FF3,XGBoost Signature
2025-05-06,0.0025,"SMALL LoBM, ME1 BM2, ME1 BM3, ME1 BM4, SMALL HiBM",4.875977805559472,daily_ff3,Daily FF3,XGBoost Signature
2025-05-07,0.0301999999999999,"SMALL LoBM, ME1 BM2, ME1 BM3, ME1 BM4, SMALL HiBM",5.023232335287369,daily_ff3,Daily FF3,XGBoost Signature
2025-05-08,-0.0012999999999999,"ME3 BM1, ME5 BM4, SMALL LoBM, ME1 BM2, ME1 BM3",5.016702133251496,daily_ff3,Daily FF3,XGBoost Signature
2025-05-09,0.0319,"ME2 BM1, ME2 BM4, ME3 BM1, ME5 BM4, ME1 BM2",5.176734931302218,daily_ff3,Daily FF3,XGBoost Signature
2025-05-12,0.00258,"ME2 BM1, ME3 BM1, ME5 BM4, ME1 BM2, ME1 BM3",5.190090907424978,daily_ff3,Daily FF3,XGBoost Signature
2025-05-13,-0.0069,"ME1 BM2, ME2 BM1, ME3 BM1, ME5 BM4, ME1 BM3",5.154279280163746,daily_ff3,Daily FF3,XGBoost Signature
2025-05-14,0.00642,"ME2 BM1, ME3 BM1, ME5 BM4, ME1 BM2, ME1 BM3",5.187369753142398,daily_ff3,Daily FF3,XGBoost Signature
2025-05-15,0.01012,"ME2 BM1, ME1 BM2, ME1 BM3, ME1 BM4, SMALL HiBM",5.239865935044199,daily_ff3,Daily FF3,XGBoost Signature
2025-05-16,-0.00136,"ME1 BM2, ME2 BM1, ME1 BM3, ME1 BM4, SMALL HiBM",5.232739717372538,daily_ff3,Daily FF3,XGBoost Signature
2025-05-19,0.00226,"ME2 BM1, ME3 BM1, ME5 BM4, ME1 BM2, ME1 BM3",5.244565709133799,daily_ff3,Daily FF3,XGBoost Signature
2025-05-20,-0.02494,"ME2 BM1, ME3 BM2, ME5 BM2, ME1 BM2, ME1 BM3",5.113766240348003,daily_ff3,Daily FF3,XGBoost Signature
2025-05-21,-0.0005,"ME1 BM2, ME2 BM1, ME3 BM1, ME5 BM4, ME1 BM3",5.111209357227829,daily_ff3,Daily FF3,XGBoost Signature
2025-05-22,-0.0043,"ME2 BM2, ME1 BM2, ME2 BM1, ME2 BM4, ME3 BM1",5.08923115699175,daily_ff3,Daily FF3,XGBoost Signature
2025-05-23,0.02316,"SMALL LoBM, ME1 BM2, ME2 BM1, ME2 BM4, ME3 BM1",5.207097750587679,daily_ff3,Daily FF3,XGBoost Signature
2025-05-27,-0.0088199999999999,"ME2 BM1, ME2 BM4, ME4 BM4, SMALL LoBM, ME1 BM2",5.161171148427496,daily_ff3,Daily FF3,XGBoost Signature
2025-05-28,0.00454,"ME2 BM4, ME4 BM4, SMALL LoBM, ME1 BM2, ME1 BM3",5.184602865441357,daily_ff3,Daily FF3,XGBoost Signature
2025-05-29,-0.0046799999999999,"ME3 BM1, ME5 BM3, ME5 BM2, ME1 BM3, ME1 BM4",5.160338924031091,daily_ff3,Daily FF3,XGBoost Signature
2025-05-30,0.0013599999999999,"SMALL LoBM, ME3 BM1, ME3 BM2, ME4 BM1, ME4 BM2",5.167356984967774,daily_ff3,Daily FF3,XGBoost Signature
2025-06-02,0.0142999999999999,"SMALL LoBM, ME3 BM2, ME4 BM1, ME4 BM2, ME4 BM3",5.2412501898528125,daily_ff3,Daily FF3,XGBoost Signature
2025-06-03,0.00618,"SMALL LoBM, ME3 BM1, ME3 BM2, ME4 BM1, ME4 BM2",5.273641116026103,daily_ff3,Daily FF3,XGBoost Signature
2025-06-04,-0.00058,"ME3 BM1, ME4 BM1, ME4 BM2, BIG LoBM, ME2 BM4",5.270582404178808,daily_ff3,Daily FF3,XGBoost Signature
2025-06-05,0.00958,"ME3 BM1, ME3 BM2, ME4 BM1, ME4 BM2, ME4 BM3",5.321074583610841,daily_ff3,Daily FF3,XGBoost Signature
2025-06-06,0.00216,"ME3 BM1, ME3 BM2, ME4 BM1, ME4 BM2, ME4 BM3",5.33256810471144,daily_ff3,Daily FF3,XGBoost Signature
2025-06-09,0.00332,"ME3 BM1, ME3 BM2, ME4 BM1, ME4 BM2, BIG LoBM",5.3502722308190815,daily_ff3,Daily FF3,XGBoost Signature
2025-06-10,-0.00434,"ME3 BM1, BIG LoBM, ME5 BM2, ME5 BM3, ME1 BM3",5.327052049337326,daily_ff3,Daily FF3,XGBoost Signature
2025-06-11,0.00058,"ME3 BM1, ME4 BM1, BIG LoBM, ME5 BM3, ME1 BM3",5.330141739525942,daily_ff3,Daily FF3,XGBoost Signature
2025-06-12,-0.01776,"ME3 BM1, ME4 BM1, ME4 BM2, BIG LoBM, ME3 BM2",5.235478422231961,daily_ff3,Daily FF3,XGBoost Signature
2025-06-13,0.01334,"ME3 BM1, ME4 BM1, BIG LoBM, ME1 BM3, ME1 BM4",5.305319704384535,daily_ff3,Daily FF3,XGBoost Signature
2025-06-16,-0.01164,"ME3 BM1, ME4 BM1, BIG LoBM, SMALL LoBM, ME1 BM2",5.243565783025499,daily_ff3,Daily FF3,XGBoost Signature
2025-06-17,0.00126,"ME3 BM1, ME4 BM1, ME4 BM2, BIG LoBM, ME3 BM2",5.250172675912111,daily_ff3,Daily FF3,XGBoost Signature
2025-06-18,-0.00174,"ME3 BM1, ME4 BM1, ME4 BM2, BIG LoBM, ME3 BM2",5.241037375456024,daily_ff3,Daily FF3,XGBoost Signature
2025-06-20,0.00794,"ME3 BM1, ME3 BM2, ME4 BM1, ME4 BM2, ME4 BM3",5.282651212217145,daily_ff3,Daily FF3,XGBoost Signature
2025-06-23,0.0135199999999999,"ME3 BM1, ME3 BM2, ME4 BM1, ME4 BM2, BIG LoBM",5.354072656606321,daily_ff3,Daily FF3,XGBoost Signature
2025-06-24,-0.00818,"ME3 BM1, ME3 BM2, ME4 BM1, ME4 BM2, ME4 BM3",5.310276342275281,daily_ff3,Daily FF3,XGBoost Signature
2025-06-25,0.01082,"ME3 BM1, ME3 BM2, ME4 BM1, ME4 BM3, BIG LoBM",5.3677335322987,daily_ff3,Daily FF3,XGBoost Signature
2025-06-26,0.0021799999999999,"ME3 BM1, ME4 BM1, ME4 BM3, BIG LoBM, SMALL LoBM",5.379435191399112,daily_ff3,Daily FF3,XGBoost Signature
2025-06-27,0.0032,"ME3 BM1, ME4 BM1, ME4 BM3, BIG LoBM, ME3 BM2",5.39664938401159,daily_ff3,Daily FF3,XGBoost Signature
2025-06-30,0.0047,"ME3 BM1, ME4 BM1, ME4 BM3, BIG LoBM, ME3 BM2",5.422013636116444,daily_ff3,Daily FF3,XGBoost Signature
2025-07-01,0.00866,"ME3 BM1, ME4 BM3, BIG LoBM, ME2 BM2, ME5 BM3",5.468968274205212,daily_ff3,Daily FF3,XGBoost Signature
2025-07-02,0.00734,"ME4 BM5, ME5 BM2, ME5 BM3, ME5 BM4, SMALL LoBM",5.509110501337878,daily_ff3,Daily FF3,XGBoost Signature
2025-07-03,-0.01892,"ME1 BM2, ME1 BM3, ME2 BM1, ME2 BM2, ME2 BM3",5.404878130652564,daily_ff3,Daily FF3,XGBoost Signature
2025-07-07,0.0089799999999999,"ME1 BM3, ME2 BM2, ME2 BM3, ME3 BM1, ME3 BM2",5.453413936265824,daily_ff3,Daily FF3,XGBoost Signature
2025-07-08,0.0060999999999999,"ME1 BM4, SMALL HiBM, ME2 BM4, ME2 BM5, ME3 BM3",5.4866797612770455,daily_ff3,Daily FF3,XGBoost Signature
2025-07-09,0.0071399999999999,"ME5 BM3, ME5 BM4, ME1 BM2, ME1 BM3, ME2 BM4",5.525854654772563,daily_ff3,Daily FF3,XGBoost Signature
2025-07-10,-0.01704,"ME2 BM1, ME2 BM2, ME3 BM1, ME3 BM2, ME4 BM1",5.431694091455238,daily_ff3,Daily FF3,XGBoost Signature
2025-07-11,0.00454,"ME2 BM2, ME3 BM1, ME3 BM2, ME4 BM1, ME4 BM2",5.456353982630445,daily_ff3,Daily FF3,XGBoost Signature
2025-07-14,-0.0167399999999999,"ME2 BM1, ME2 BM2, ME3 BM1, ME3 BM2, ME4 BM1",5.365014616961211,daily_ff3,Daily FF3,XGBoost Signature
2025-07-15,0.0130799999999999,"ME1 BM2, ME1 BM3, ME1 BM4, SMALL HiBM, ME2 BM3",5.435189008151064,daily_ff3,Daily FF3,XGBoost Signature
2025-07-16,0.01366,"ME1 BM2, ME1 BM3, ME1 BM4, SMALL HiBM, ME2 BM3",5.509433690002408,daily_ff3,Daily FF3,XGBoost Signature
2025-07-17,-0.0101199999999999,"ME1 BM2, ME1 BM3, ME1 BM4, SMALL HiBM, ME2 BM3",5.453678221059583,daily_ff3,Daily FF3,XGBoost Signature
2025-07-18,-0.0073999999999999,"ME3 BM1, ME3 BM2, ME4 BM2, ME4 BM3, ME4 BM4",5.413321002223743,daily_ff3,Daily FF3,XGBoost Signature
2025-07-21,0.0133199999999999,"ME2 BM4, ME2 BM5, ME3 BM1, ME3 BM4, ME3 BM5",5.485426437973363,daily_ff3,Daily FF3,XGBoost Signature
2025-07-22,0.01574,"SMALL HiBM, ME2 BM1, ME3 BM1, ME3 BM3, ME4 BM1",5.571767050107064,daily_ff3,Daily FF3,XGBoost Signature
2025-07-23,-0.01028,"SMALL LoBM, ME1 BM3, ME3 BM2, ME5 BM3, ME1 BM2",5.514489284831964,daily_ff3,Daily FF3,XGBoost Signature
2025-07-24,0.0002,"SMALL LoBM, ME1 BM3, SMALL HiBM, ME3 BM2, ME4 BM4",5.51559218268893,daily_ff3,Daily FF3,XGBoost Signature
2025-07-25,-0.0056999999999999,"ME1 BM3, SMALL HiBM, ME4 BM4, SMALL LoBM, ME3 BM2",5.4841533072476025,daily_ff3,Daily FF3,XGBoost Signature
2025-07-28,-0.0175,"SMALL LoBM, SMALL HiBM, ME1 BM3, ME3 BM2, ME4 BM4",5.3881806243707695,daily_ff3,Daily FF3,XGBoost Signature
2025-07-29,-0.01054,"SMALL LoBM, ME1 BM3, SMALL HiBM, ME3 BM2, ME4 BM4",5.331389200589902,daily_ff3,Daily FF3,XGBoost Signature
2025-07-30,-0.01202,"ME1 BM2, ME1 BM3, SMALL HiBM, ME2 BM2, ME3 BM2",5.267305902398811,daily_ff3,Daily FF3,XGBoost Signature
2025-07-31,-0.0144199999999999,"SMALL LoBM, ME3 BM2, ME4 BM1, ME4 BM2, ME5 BM3",5.191351351286221,daily_ff3,Daily FF3,XGBoost Signature
2025-08-01,0.01608,"SMALL LoBM, ME3 BM1, ME3 BM2, ME4 BM2, BIG HiBM",5.274828281014903,daily_ff3,Daily FF3,XGBoost Signature
2025-08-04,0.00176,"ME2 BM1, ME3 BM1, BIG HiBM, ME5 BM2, ME5 BM3",5.28411197878949,daily_ff3,Daily FF3,XGBoost Signature
2025-08-05,-0.0053999999999999,"SMALL LoBM, ME3 BM1, ME3 BM2, ME4 BM2, ME4 BM4",5.255577774104027,daily_ff3,Daily FF3,XGBoost Signature
2025-08-06,-0.00208,"ME2 BM1, ME4 BM2, ME4 BM4, ME5 BM2, ME5 BM4",5.244646172333891,daily_ff3,Daily FF3,XGBoost Signature
2025-08-07,0.0009999999999999,"SMALL LoBM, SMALL HiBM, ME2 BM1, ME2 BM5, ME3 BM2",5.249890818506224,daily_ff3,Daily FF3,XGBoost Signature
2025-08-08,-0.0026799999999999,"ME2 BM1, ME3 BM1, ME3 BM2, ME4 BM1, ME4 BM2",5.235821111112627,daily_ff3,Daily FF3,XGBoost Signature
2025-08-11,0.0252599999999999,"ME2 BM1, ME3 BM1, ME3 BM2, ME4 BM1, ME4 BM2",5.368077952379332,daily_ff3,Daily FF3,XGBoost Signature
2025-08-12,0.0198199999999999,"ME3 BM1, ME3 BM2, ME4 BM1, ME4 BM2, ME4 BM3",5.47447325739549,daily_ff3,Daily FF3,XGBoost Signature
2025-08-13,-0.0122,"ME2 BM1, ME3 BM1, ME4 BM1, ME4 BM2, ME4 BM3",5.4076846836552654,daily_ff3,Daily FF3,XGBoost Signature
2025-08-14,-0.00338,"ME2 BM3, ME3 BM2, ME4 BM1, ME4 BM2, ME4 BM3",5.38940670942451,daily_ff3,Daily FF3,XGBoost Signature
2025-08-15,0.0031799999999999,"ME3 BM2, ME4 BM1, ME4 BM2, ME2 BM3, ME4 BM3",5.40654502276048,daily_ff3,Daily FF3,XGBoost Signature
2025-08-18,-0.00384,"ME3 BM1, ME3 BM2, ME4 BM1, ME4 BM2, ME4 BM3",5.38578388987308,daily_ff3,Daily FF3,XGBoost Signature
2025-08-19,-0.00452,"ME3 BM1, ME3 BM2, ME4 BM1, ME4 BM2, ME4 BM3",5.361440146690854,daily_ff3,Daily FF3,XGBoost Signature
2025-08-20,0.0021,"ME2 BM1, ME3 BM1, ME3 BM2, ME4 BM1, ME4 BM2",5.372699170998905,daily_ff3,Daily FF3,XGBoost Signature
2025-08-21,0.0359999999999999,"ME2 BM3, ME2 BM4, ME3 BM1, ME4 BM2, ME4 BM3",5.566116341154865,daily_ff3,Daily FF3,XGBoost Signature
2025-08-22,-0.00722,"ME2 BM5, ME3 BM3, ME3 BM4, ME3 BM5, ME4 BM4",5.525928981171727,daily_ff3,Daily FF3,XGBoost Signature
2025-08-25,0.00388,"ME3 BM2, ME4 BM2, ME4 BM3, ME5 BM2, SMALL LoBM",5.547369585618674,daily_ff3,Daily FF3,XGBoost Signature
2025-08-26,0.00612,"ME2 BM5, ME3 BM1, ME4 BM2, ME3 BM2, ME4 BM4",5.58131948748266,daily_ff3,Daily FF3,XGBoost Signature
2025-08-27,-0.0002,"ME3 BM2, ME4 BM2, ME4 BM4, ME5 BM2, SMALL LoBM",5.580203223585164,daily_ff3,Daily FF3,XGBoost Signature
2025-08-28,-0.00346,"ME3 BM2, ME4 BM1, ME4 BM4, ME5 BM2, SMALL LoBM",5.560895720431559,daily_ff3,Daily FF3,XGBoost Signature
2025-08-29,-0.00684,"ME3 BM2, ME4 BM1, ME4 BM4, ME5 BM2, SMALL LoBM",5.522859193703807,daily_ff3,Daily FF3,XGBoost Signature
2025-09-02,-0.00356,"ME2 BM5, ME3 BM2, ME4 BM1, ME4 BM4, ME4 BM5",5.503197814974222,daily_ff3,Daily FF3,XGBoost Signature
2025-09-03,0.01056,"ME2 BM1, ME2 BM4, ME2 BM5, ME3 BM1, ME3 BM2",5.561311583900348,daily_ff3,Daily FF3,XGBoost Signature
2025-09-04,0.0042,"ME2 BM1, ME2 BM4, ME2 BM5, ME3 BM1, ME3 BM2",5.58466909255273,daily_ff3,Daily FF3,XGBoost Signature
2025-09-05,0.00138,"SMALL HiBM, ME2 BM1, ME2 BM4, ME3 BM1, ME3 BM2",5.592375935900452,daily_ff3,Daily FF3,XGBoost Signature
2025-09-08,-0.00814,"SMALL HiBM, ME2 BM3, ME2 BM4, ME3 BM3, ME3 BM4",5.546853995782222,daily_ff3,Daily FF3,XGBoost Signature
2025-09-09,-0.00412,"SMALL HiBM, ME2 BM1, ME2 BM4, ME3 BM1, ME3 BM2",5.524000957319599,daily_ff3,Daily FF3,XGBoost Signature
2025-09-10,0.01996,"ME4 BM1, SMALL HiBM, ME2 BM3, ME2 BM4, ME2 BM5",5.634260016427698,daily_ff3,Daily FF3,XGBoost Signature
2025-09-11,-0.01304,"SMALL HiBM, ME2 BM3, ME2 BM4, ME3 BM1, ME3 BM3",5.56078926581348,daily_ff3,Daily FF3,XGBoost Signature
2025-09-12,-0.0019,"ME2 BM3, ME3 BM4, ME3 BM5, SMALL LoBM, ME1 BM2",5.550223766208434,daily_ff3,Daily FF3,XGBoost Signature
2025-09-15,0.0003999999999999,"ME2 BM3, ME3 BM1, SMALL HiBM, ME2 BM4, ME3 BM3",5.552443855714918,daily_ff3,Daily FF3,XGBoost Signature
2025-09-16,0.00048,"SMALL HiBM, ME2 BM3, ME3 BM1, ME3 BM4, ME3 BM5",5.555109028765661,daily_ff3,Daily FF3,XGBoost Signature
2025-09-17,0.02296,"SMALL HiBM, ME2 BM3, ME3 BM1, ME3 BM4, ME3 BM5",5.682654332066121,daily_ff3,Daily FF3,XGBoost Signature
2025-09-18,-0.0085399999999999,"SMALL HiBM, ME2 BM3, ME3 BM1, ME3 BM5, SMALL LoBM",5.634124464070276,daily_ff3,Daily FF3,XGBoost Signature
2025-09-19,0.01134,"ME2 BM3, ME3 BM1, ME3 BM5, SMALL LoBM, ME1 BM2",5.698015435492833,daily_ff3,Daily FF3,XGBoost Signature
2025-09-22,-0.00424,"SMALL HiBM, ME2 BM3, ME3 BM1, ME3 BM5, SMALL LoBM",5.673855850046343,daily_ff3,Daily FF3,XGBoost Signature
2025-09-23,-0.0047,"SMALL HiBM, ME2 BM3, ME3 BM1, ME3 BM5, SMALL LoBM",5.647188727551125,daily_ff3,Daily FF3,XGBoost Signature
2025-09-24,-0.00912,"SMALL HiBM, ME2 BM3, ME3 BM1, ME3 BM5, ME4 BM5",5.595686366355858,daily_ff3,Daily FF3,XGBoost Signature
2025-09-25,0.01068,"ME3 BM1, ME2 BM3, ME2 BM4, ME3 BM2, ME3 BM4",5.655448296748539,daily_ff3,Daily FF3,XGBoost Signature
2025-09-26,0.00118,"SMALL HiBM, ME2 BM3, ME3 BM1, ME3 BM5, SMALL LoBM",5.662121725738702,daily_ff3,Daily FF3,XGBoost Signature
2025-09-29,-0.0003599999999999,"SMALL LoBM, ME3 BM1, ME3 BM5, ME1 BM2, ME1 BM3",5.660083361917436,daily_ff3,Daily FF3,XGBoost Signature
2025-09-30,0.0034199999999999,"BIG HiBM, SMALL LoBM, ME2 BM2, ME3 BM5, ME3 BM1",5.679440847015194,daily_ff3,Daily FF3,XGBoost Signature
2025-10-01,0.00504,"ME1 BM2, ME1 BM3, ME1 BM4, ME2 BM2, ME3 BM1",5.708065228884149,daily_ff3,Daily FF3,XGBoost Signature
2025-10-02,0.01132,"ME1 BM2, ME1 BM3, ME1 BM4, ME2 BM2, ME2 BM5",5.772680527275118,daily_ff3,Daily FF3,XGBoost Signature
2025-10-03,0.0039,"ME1 BM2, ME1 BM3, ME1 BM4, ME2 BM2, SMALL LoBM",5.795193981331491,daily_ff3,Daily FF3,XGBoost Signature
2025-10-06,-0.0104999999999999,"ME1 BM2, ME1 BM3, ME1 BM4, ME2 BM2, SMALL LoBM",5.734344444527511,daily_ff3,Daily FF3,XGBoost Signature
2025-10-07,0.01798,"ME1 BM2, ME1 BM3, ME1 BM4, ME2 BM2, SMALL LoBM",5.837447957640117,daily_ff3,Daily FF3,XGBoost Signature
2025-10-08,-0.00592,"SMALL HiBM, ME2 BM1, ME2 BM3, ME2 BM4, ME2 BM5",5.802890265730887,daily_ff3,Daily FF3,XGBoost Signature
2025-10-09,-0.0346399999999999,"ME1 BM2, ME1 BM3, ME1 BM4, ME2 BM2, SMALL LoBM",5.601878146925968,daily_ff3,Daily FF3,XGBoost Signature
2025-10-10,0.02064,"ME1 BM2, ME1 BM3, ME1 BM4, ME2 BM2, ME2 BM1",5.7175009118785205,daily_ff3,Daily FF3,XGBoost Signature
2025-10-13,0.0137399999999999,"ME1 BM2, ME3 BM3, ME4 BM2, ME4 BM5, SMALL LoBM",5.796059374407732,daily_ff3,Daily FF3,XGBoost Signature
2025-10-14,0.00422,"SMALL LoBM, ME1 BM3, ME3 BM1, ME3 BM3, ME4 BM2",5.820518744967732,daily_ff3,Daily FF3,XGBoost Signature
2025-10-15,-0.01774,"SMALL LoBM, ME1 BM2, ME3 BM1, ME3 BM3, ME4 BM2",5.717262742432005,daily_ff3,Daily FF3,XGBoost Signature
2025-10-16,-0.01032,"ME1 BM3, ME3 BM1, ME3 BM3, ME4 BM2, SMALL LoBM",5.658260590930106,daily_ff3,Daily FF3,XGBoost Signature
2025-10-17,0.03472,"ME1 BM2, ME1 BM3, ME1 BM4, SMALL HiBM, ME2 BM1",5.854715398647199,daily_ff3,Daily FF3,XGBoost Signature
2025-10-20,-0.0020399999999999,"SMALL LoBM, ME3 BM1, ME3 BM3, ME4 BM2, ME3 BM5",5.842771779233959,daily_ff3,Daily FF3,XGBoost Signature
2025-10-21,-0.0156399999999999,"ME3 BM3, ME4 BM2, SMALL LoBM, ME1 BM2, ME1 BM3",5.75139082860674,daily_ff3,Daily FF3,XGBoost Signature
2025-10-22,0.0069199999999999,"SMALL LoBM, ME1 BM2, ME1 BM3, ME3 BM3, ME1 BM4",5.7911904531407,daily_ff3,Daily FF3,XGBoost Signature
2025-10-23,0.0162399999999999,"SMALL LoBM, ME1 BM2, ME1 BM3, ME1 BM4, SMALL HiBM",5.8852393860997045,daily_ff3,Daily FF3,XGBoost Signature
2025-10-24,0.00046,"ME3 BM3, ME2 BM1, SMALL LoBM, ME1 BM2, ME1 BM3",5.88794659621731,daily_ff3,Daily FF3,XGBoost Signature
2025-10-27,-0.00414,"ME2 BM1, SMALL LoBM, ME1 BM2, ME1 BM3, ME1 BM4",5.86357049730897,daily_ff3,Daily FF3,XGBoost Signature
2025-10-28,-0.0151599999999999,"SMALL LoBM, ME1 BM2, ME1 BM3, ME1 BM4, ME2 BM1",5.774678768569767,daily_ff3,Daily FF3,XGBoost Signature
2025-10-29,-0.00686,"ME3 BM3, SMALL LoBM, ME1 BM2, ME1 BM3, ME1 BM4",5.7350644722173785,daily_ff3,Daily FF3,XGBoost Signature
2025-10-30,0.0055999999999999,"SMALL LoBM, BIG LoBM, ME1 BM2, ME1 BM3, ME1 BM4",5.767180833261796,daily_ff3,Daily FF3,XGBoost Signature
2025-10-31,-0.006,"ME3 BM4, ME3 BM3, ME4 BM5, SMALL LoBM, ME1 BM2",5.7325777482622255,daily_ff3,Daily FF3,XGBoost Signature
2025-11-03,-0.01636,"SMALL LoBM, ME3 BM1, ME3 BM3, ME3 BM4, ME4 BM2",5.638792776300655,daily_ff3,Daily FF3,XGBoost Signature
2025-11-04,0.00856,"SMALL LoBM, ME3 BM3, ME4 BM2, ME5 BM4, ME1 BM2",5.6870608424657885,daily_ff3,Daily FF3,XGBoost Signature
2025-11-05,-0.0138,"SMALL LoBM, ME3 BM3, ME5 BM4, ME1 BM3, ME3 BM2",5.60857940283976,daily_ff3,Daily FF3,XGBoost Signature
2025-11-06,0.0064,"SMALL LoBM, ME3 BM3, ME1 BM3, ME2 BM3, ME3 BM1",5.644474311017935,daily_ff3,Daily FF3,XGBoost Signature
2025-11-07,0.02098,"ME1 BM2, ME1 BM3, ME1 BM4, SMALL HiBM, ME2 BM1",5.762895382063091,daily_ff3,Daily FF3,XGBoost Signature
2025-11-10,0.00388,"SMALL LoBM, ME3 BM3, ME1 BM3, ME3 BM2, ME3 BM4",5.785255416145496,daily_ff3,Daily FF3,XGBoost Signature
2025-11-11,0.0023,"SMALL LoBM, ME3 BM3, ME3 BM4, ME3 BM5, ME4 BM2",5.79856150360263,daily_ff3,Daily FF3,XGBoost Signature
2025-11-12,-0.0203199999999999,"SMALL LoBM, ME3 BM3, ME3 BM4, ME3 BM5, ME4 BM2",5.680734733849425,daily_ff3,Daily FF3,XGBoost Signature
2025-11-13,-0.0021,"SMALL LoBM, ME3 BM3, ME3 BM4, ME3 BM5, ME4 BM2",5.6688051909083415,daily_ff3,Daily FF3,XGBoost Signature
2025-11-14,-0.0168,"ME2 BM3, ME3 BM1, ME4 BM1, ME4 BM3, ME5 BM3",5.573569263701081,daily_ff3,Daily FF3,XGBoost Signature
2025-11-17,0.00722,"ME3 BM3, ME3 BM5, ME4 BM5, SMALL LoBM, ME2 BM3",5.613810433785003,daily_ff3,Daily FF3,XGBoost Signature
2025-11-18,-0.00198,"ME2 BM1, ME1 BM2, ME1 BM3, ME1 BM4, ME2 BM3",5.602695089126109,daily_ff3,Daily FF3,XGBoost Signature
2025-11-19,-0.02,"ME2 BM1, SMALL LoBM, ME2 BM5, ME3 BM3, ME3 BM4",5.490641187343587,daily_ff3,Daily FF3,XGBoost Signature
2025-11-20,0.0266,"ME2 BM1, ME3 BM3, ME3 BM4, ME3 BM5, ME4 BM2",5.636692242926926,daily_ff3,Daily FF3,XGBoost Signature
2025-11-21,0.0143599999999999,"SMALL LoBM, ME2 BM5, ME3 BM3, ME3 BM4, ME3 BM5",5.717635143535356,daily_ff3,Daily FF3,XGBoost Signature
2025-11-24,0.02488,"ME2 BM1, ME1 BM3, ME1 BM4, SMALL HiBM, ME2 BM4",5.859889905906515,daily_ff3,Daily FF3,XGBoost Signature
2025-11-25,0.01268,"ME1 BM2, ME2 BM1, ME5 BM3, SMALL LoBM, ME1 BM3",5.93419330991341,daily_ff3,Daily FF3,XGBoost Signature
2025-11-26,0.0066,"ME1 BM2, ME2 BM1, ME2 BM2, SMALL LoBM, ME1 BM3",5.973358985758838,daily_ff3,Daily FF3,XGBoost Signature
2025-11-28,-0.0185,"ME1 BM2, ME2 BM1, ME2 BM2, SMALL LoBM, ME1 BM3",5.8628518445223,daily_ff3,Daily FF3,XGBoost Signature
2025-12-01,-0.00584,"ME1 BM2, ME2 BM1, ME2 BM2, ME5 BM3, SMALL LoBM",5.82861278975029,daily_ff3,Daily FF3,XGBoost Signature
2025-12-02,0.03054,"ME1 BM2, ME2 BM1, ME2 BM2, ME5 BM3, SMALL LoBM",6.006618624349263,daily_ff3,Daily FF3,XGBoost Signature
2025-12-03,0.01158,"ME1 BM2, ME2 BM1, ME2 BM2, ME5 BM3, SMALL LoBM",6.076175268019227,daily_ff3,Daily FF3,XGBoost Signature
2025-12-04,-0.00152,"ME1 BM2, ME2 BM1, ME2 BM2, ME5 BM3, SMALL LoBM",6.066939481611838,daily_ff3,Daily FF3,XGBoost Signature
2025-12-05,0.00262,"ME1 BM2, ME2 BM1, ME2 BM2, ME5 BM3, SMALL LoBM",6.0828348630536615,daily_ff3,Daily FF3,XGBoost Signature
2025-12-08,0.0031399999999999,"ME1 BM2, ME2 BM1, ME2 BM2, ME5 BM3, SMALL LoBM",6.101934964523649,daily_ff3,Daily FF3,XGBoost Signature
2025-12-09,0.01312,"ME1 BM2, ME2 BM1, ME2 BM2, ME5 BM3, SMALL LoBM",6.1819923512582,daily_ff3,Daily FF3,XGBoost Signature
2025-12-10,0.00804,"ME1 BM2, ME2 BM1, ME2 BM2, ME5 BM3, SMALL LoBM",6.231695569762316,daily_ff3,Daily FF3,XGBoost Signature
2025-12-11,-0.0121399999999999,"ME1 BM2, ME2 BM1, ME2 BM2, ME5 BM3, SMALL LoBM",6.156042785545401,daily_ff3,Daily FF3,XGBoost Signature
2025-12-12,-0.0134199999999999,"ME1 BM2, ME2 BM1, ME2 BM2, ME5 BM3, SMALL LoBM",6.073428691363382,daily_ff3,Daily FF3,XGBoost Signature
2025-12-15,-0.0014,"ME1 BM2, ME2 BM1, ME2 BM2, ME1 BM3, ME3 BM1",6.0649258911954735,daily_ff3,Daily FF3,XGBoost Signature
2025-12-16,-0.01462,"ME1 BM2, ME2 BM1, ME3 BM1, ME4 BM3, SMALL LoBM",5.976256674666196,daily_ff3,Daily FF3,XGBoost Signature
2025-12-17,0.0054399999999999,"ME1 BM2, ME2 BM1, ME2 BM2, ME3 BM1, ME5 BM3",6.008767510976379,daily_ff3,Daily FF3,XGBoost Signature
2025-12-18,0.01528,"ME1 BM2, ME2 BM1, ME2 BM2, ME3 BM1, ME5 BM3",6.100581478544098,daily_ff3,Daily FF3,XGBoost Signature
2025-12-19,0.01462,"ME1 BM2, ME2 BM1, ME2 BM2, ME3 BM1, ME5 BM3",6.189771979760413,daily_ff3,Daily FF3,XGBoost Signature
2025-12-22,-0.00382,"ME1 BM2, ME2 BM1, ME3 BM1, ME5 BM3, ME5 BM4",6.166127050797727,daily_ff3,Daily FF3,XGBoost Signature
2025-12-23,0.0062399999999999,"ME1 BM2, ME2 BM1, ME3 BM1, ME5 BM3, ME5 BM4",6.204603683594705,daily_ff3,Daily FF3,XGBoost Signature
2025-12-24,-0.00504,"ME1 BM2, ME2 BM1, ME3 BM1, ME5 BM3, ME5 BM4",6.173332481029387,daily_ff3,Daily FF3,XGBoost Signature
2025-12-26,-0.0060199999999999,"ME1 BM2, ME2 BM1, ME3 BM1, ME5 BM3, ME5 BM4",6.136169019493591,daily_ff3,Daily FF3,XGBoost Signature
2025-12-29,-0.00772,"ME1 BM2, ME2 BM1, ME3 BM1, ME5 BM4, SMALL LoBM",6.0887977946631,daily_ff3,Daily FF3,XGBoost Signature
2025-12-30,-0.00612,"ME1 BM2, ME2 BM1, ME3 BM1, ME5 BM3, ME5 BM4",6.051534352159762,daily_ff3,Daily FF3,XGBoost Signature
2025-12-31,0.0077,"ME1 BM2, ME2 BM1, ME3 BM1, ME5 BM4, SMALL LoBM",6.098131166671393,daily_ff3,Daily FF3,XGBoost Signature
2026-01-02,0.01676,"ME1 BM2, ME2 BM1, ME3 BM1, ME5 BM4, SMALL LoBM",6.200335845024806,daily_ff3,Daily FF3,XGBoost Signature
2026-01-05,0.01066,"ME1 BM2, ME2 BM1, ME5 BM3, SMALL LoBM, ME1 BM3",6.26643142513277,daily_ff3,Daily FF3,XGBoost Signature
2026-01-06,-0.0015,"ME1 BM2, ME2 BM1, ME5 BM3, ME5 BM4, SMALL LoBM",6.257031777995071,daily_ff3,Daily FF3,XGBoost Signature
2026-01-07,0.00524,"ME1 BM2, ME2 BM1, ME2 BM2, ME5 BM4, ME4 BM2",6.289818624511764,daily_ff3,Daily FF3,XGBoost Signature
2026-01-08,0.00446,"ME1 BM2, ME2 BM2, ME4 BM3, ME5 BM4, SMALL LoBM",6.317871215577086,daily_ff3,Daily FF3,XGBoost Signature
2026-01-09,0.00122,"ME1 BM2, ME2 BM2, ME3 BM1, ME5 BM2, ME5 BM3",6.325579018460091,daily_ff3,Daily FF3,XGBoost Signature
2026-01-12,-0.00262,"ME1 BM2, ME2 BM2, ME3 BM1, ME5 BM3, SMALL LoBM",6.309006001431725,daily_ff3,Daily FF3,XGBoost Signature
2026-01-13,0.00664,"ME5 BM3, ME2 BM2, ME3 BM1, SMALL LoBM, ME1 BM3",6.350897801281231,daily_ff3,Daily FF3,XGBoost Signature
2026-01-14,0.0034,"ME2 BM2, ME3 BM1, ME5 BM3, SMALL LoBM, ME1 BM3",6.372490853805588,daily_ff3,Daily FF3,XGBoost Signature
2026-01-15,-0.0021,"ME5 BM2, SMALL LoBM, ME1 BM2, ME1 BM3, ME1 BM4",6.359108623012596,daily_ff3,Daily FF3,XGBoost Signature
2026-01-16,-0.0040999999999999,"ME1 BM2, ME5 BM2, SMALL LoBM, ME1 BM3, ME1 BM4",6.333036277658245,daily_ff3,Daily FF3,XGBoost Signature
2026-01-20,0.01714,"ME1 BM2, ME5 BM2, ME5 BM3, SMALL LoBM, ME1 BM3",6.441584519457306,daily_ff3,Daily FF3,XGBoost Signature
2026-01-21,0.0149,"ME5 BM2, ME5 BM3, SMALL LoBM, ME1 BM2, ME1 BM3",6.53756412879722,daily_ff3,Daily FF3,XGBoost Signature
2026-01-22,-0.02166,"SMALL LoBM, ME1 BM2, ME1 BM3, ME1 BM4, SMALL HiBM",6.395960489767472,daily_ff3,Daily FF3,XGBoost Signature
2026-01-23,-0.00994,"SMALL LoBM, ME1 BM2, ME1 BM3, ME1 BM4, SMALL HiBM",6.332384642499183,daily_ff3,Daily FF3,XGBoost Signature
2026-01-26,0.00842,"ME1 BM2, SMALL LoBM, ME1 BM3, ME1 BM4, SMALL HiBM",6.385703321189027,daily_ff3,Daily FF3,XGBoost Signature
2026-01-27,-0.02016,"ME1 BM2, SMALL LoBM, ME1 BM3, ME1 BM4, SMALL HiBM",6.256967542233856,daily_ff3,Daily FF3,XGBoost Signature
2026-01-28,0.00436,"ME5 BM3, SMALL LoBM, ME1 BM3, ME1 BM4, SMALL HiBM",6.284247920717996,daily_ff3,Daily FF3,XGBoost Signature
2026-01-29,-0.00938,"ME5 BM2, ME5 BM3, ME5 BM4, SMALL LoBM, ME1 BM3",6.225301675221662,daily_ff3,Daily FF3,XGBoost Signature
2026-01-30,0.0091799999999999,"ME5 BM2, ME5 BM3, ME5 BM4, SMALL LoBM, ME1 BM3",6.282449944600196,daily_ff3,Daily FF3,XGBoost Signature
2026-02-02,0.00374,"ME1 BM2, ME5 BM2, ME5 BM3, ME5 BM4, SMALL LoBM",6.305946307393001,daily_ff3,Daily FF3,XGBoost Signature
2026-02-03,-0.0064399999999999,"ME2 BM2, ME3 BM1, ME4 BM1, ME5 BM2, ME5 BM3",6.26533601317339,daily_ff3,Daily FF3,XGBoost Signature
2026-02-04,-0.02928,"BIG LoBM, SMALL LoBM, ME1 BM3, ME2 BM1, ME2 BM2",6.081886974707674,daily_ff3,Daily FF3,XGBoost Signature
2026-02-05,0.03932,"ME1 BM2, SMALL LoBM, ME1 BM3, ME2 BM2, ME4 BM1",6.321026770553179,daily_ff3,Daily FF3,XGBoost Signature
2026-02-06,0.00504,"SMALL LoBM, ME2 BM1, ME3 BM4, ME2 BM2, ME4 BM2",6.352884745476767,daily_ff3,Daily FF3,XGBoost Signature
2026-02-09,-0.00248,"SMALL LoBM, ME1 BM3, ME2 BM2, ME1 BM4, SMALL HiBM",6.337129591307984,daily_ff3,Daily FF3,XGBoost Signature
2026-02-10,-0.00516,"SMALL LoBM, ME5 BM3, ME1 BM3, ME1 BM4, SMALL HiBM",6.304430002616835,daily_ff3,Daily FF3,XGBoost Signature
2026-02-11,-0.02384,"ME4 BM1, SMALL LoBM, ME1 BM3, ME5 BM4, ME1 BM4",6.15413239135445,daily_ff3,Daily FF3,XGBoost Signature
2026-02-12,0.0088999999999999,"SMALL LoBM, ME1 BM3, ME4 BM1, ME5 BM4, ME1 BM4",6.208904169637504,daily_ff3,Daily FF3,XGBoost Signature
2026-02-13,-0.00346,"ME3 BM4, ME4 BM1, ME5 BM2, ME5 BM3, ME5 BM4",6.187421361210558,daily_ff3,Daily FF3,XGBoost Signature
2026-02-17,0.00944,"SMALL LoBM, ME1 BM3, ME3 BM1, ME4 BM1, ME5 BM3",6.245830618860385,daily_ff3,Daily FF3,XGBoost Signature
2026-02-18,0.00192,"ME1 BM3, ME3 BM1, ME4 BM1, ME5 BM3, ME5 BM4",6.257822613648597,daily_ff3,Daily FF3,XGBoost Signature
2026-02-19,-0.00228,"SMALL LoBM, ME1 BM3, ME3 BM4, ME4 BM1, ME5 BM4",6.243554778089479,daily_ff3,Daily FF3,XGBoost Signature
2026-02-20,-0.0120599999999999,"ME2 BM1, ME2 BM2, ME3 BM1, ME3 BM4, ME5 BM3",6.16825750746572,daily_ff3,Daily FF3,XGBoost Signature
2026-02-23,0.00974,"ME2 BM3, ME2 BM4, ME2 BM5, ME3 BM2, ME3 BM5",6.228336335588437,daily_ff3,Daily FF3,XGBoost Signature
2026-02-24,0.00792,"SMALL LoBM, ME2 BM2, ME3 BM4, ME5 BM3, ME1 BM4",6.277664759366297,daily_ff3,Daily FF3,XGBoost Signature
2026-02-25,0.0039,"SMALL LoBM, ME1 BM4, ME2 BM2, ME3 BM1, ME4 BM3",6.302147651927825,daily_ff3,Daily FF3,XGBoost Signature
2026-02-26,-0.01102,"SMALL LoBM, ME1 BM4, ME2 BM2, ME3 BM1, ME4 BM3",6.232697984803581,daily_ff3,Daily FF3,XGBoost Signature
2026-02-27,0.0074199999999999,"ME3 BM1, SMALL HiBM, ME2 BM1, ME3 BM3, ME4 BM3",6.278944603850824,daily_ff3,Daily FF3,XGBoost Signature
2026-03-02,-0.02012,"SMALL LoBM, SMALL HiBM, ME3 BM1, ME4 BM5, ME2 BM1",6.152612238421345,daily_ff3,Daily FF3,XGBoost Signature
2026-03-03,0.0120799999999999,"SMALL LoBM, SMALL HiBM, ME2 BM1, ME2 BM2, ME3 BM3",6.226935794261475,daily_ff3,Daily FF3,XGBoost Signature
2026-03-04,-0.0174199999999999,"ME3 BM4, ME3 BM1, ME3 BM3, ME4 BM5, SMALL LoBM",6.1184625727254405,daily_ff3,Daily FF3,XGBoost Signature
2026-03-05,-0.01974,"SMALL HiBM, ME2 BM1, ME2 BM2, ME3 BM3, ME4 BM3",5.99768412153984,daily_ff3,Daily FF3,XGBoost Signature
2026-03-06,0.01206,"ME1 BM3, ME2 BM2, ME3 BM1, ME3 BM3, ME5 BM3",6.07001619204561,daily_ff3,Daily FF3,XGBoost Signature
2026-03-09,0.0016,"ME2 BM2, ME3 BM1, ME4 BM5, ME5 BM3, SMALL LoBM",6.079728217952884,daily_ff3,Daily FF3,XGBoost Signature
2026-03-10,0.00202,"SMALL LoBM, ME2 BM1, ME2 BM2, ME3 BM1, ME5 BM3",6.092009268953148,daily_ff3,Daily FF3,XGBoost Signature
2026-03-11,-0.02128,"SMALL LoBM, SMALL HiBM, ME2 BM1, ME2 BM2, ME3 BM1",5.962371311709825,daily_ff3,Daily FF3,XGBoost Signature
2026-03-12,-0.00572,"ME1 BM3, ME3 BM1, SMALL LoBM, ME1 BM4, SMALL HiBM",5.928266547806845,daily_ff3,Daily FF3,XGBoost Signature
2026-03-13,0.0109,"SMALL LoBM, ME1 BM2, ME4 BM1, ME1 BM3, ME1 BM4",5.992884653177939,daily_ff3,Daily FF3,XGBoost Signature
2026-03-16,0.00818,"ME4 BM5, SMALL LoBM, ME1 BM4, SMALL HiBM, ME4 BM1",6.041906449640935,daily_ff3,Daily FF3,XGBoost Signature
2026-03-17,-0.0204999999999999,"SMALL LoBM, ME1 BM4, SMALL HiBM, ME3 BM3, ME4 BM1",5.918047367423296,daily_ff3,Daily FF3,XGBoost Signature
2026-03-18,0.00454,"SMALL LoBM, ME1 BM2, ME1 BM4, SMALL HiBM, ME3 BM3",5.944915302471397,daily_ff3,Daily FF3,XGBoost Signature
2026-03-19,-0.02336,"SMALL HiBM, SMALL LoBM, ME1 BM3, ME1 BM2, ME4 BM1",5.806042081005665,daily_ff3,Daily FF3,XGBoost Signature
2026-03-20,0.02484,"ME3 BM3, ME4 BM1, SMALL LoBM, ME1 BM2, ME1 BM3",5.9502641662978455,daily_ff3,Daily FF3,XGBoost Signature
2026-03-23,-0.00304,"SMALL LoBM, ME1 BM2, ME1 BM3, ME2 BM1, ME2 BM2",5.9321753632323,daily_ff3,Daily FF3,XGBoost Signature
2026-03-24,0.01218,"ME1 BM2, ME1 BM4, ME3 BM1, ME3 BM3, ME4 BM3",6.004429259156471,daily_ff3,Daily FF3,XGBoost Signature
2026-03-25,-0.01026,"SMALL HiBM, ME2 BM2, ME3 BM3, ME4 BM3, ME5 BM3",5.942823814957525,daily_ff3,Daily FF3,XGBoost Signature
2026-03-26,-0.01582,"ME1 BM2, SMALL HiBM, ME3 BM1, ME3 BM3, ME4 BM3",5.848808342204897,daily_ff3,Daily FF3,XGBoost Signature
2026-03-27,-0.0203,"SMALL LoBM, ME2 BM1, ME2 BM2, ME3 BM1, ME3 BM3",5.730077532858138,daily_ff3,Daily FF3,XGBoost Signature
2026-03-30,0.0374999999999999,"SMALL LoBM, SMALL HiBM, ME2 BM1, ME2 BM2, ME2 BM5",5.944955440340318,daily_ff3,Daily FF3,XGBoost Signature
2026-03-31,0.00546,"ME2 BM5, ME4 BM3, ME5 BM3, ME2 BM3, ME2 BM4",5.977414897044577,daily_ff3,Daily FF3,XGBoost Signature
2026-04-01,0.00496,"ME5 BM2, BIG HiBM, ME2 BM4, ME3 BM2, ME3 BM5",6.007062874933919,daily_ff3,Daily FF3,XGBoost Signature
2026-04-02,0.00616,"SMALL HiBM, BIG HiBM, ME2 BM4, ME3 BM2, ME3 BM5",6.044066382243512,daily_ff3,Daily FF3,XGBoost Signature
2026-04-06,0.0035199999999999,"ME2 BM3, ME3 BM5, ME4 BM2, BIG HiBM, ME2 BM4",6.065341495909008,daily_ff3,Daily FF3,XGBoost Signature
2026-04-07,0.0301999999999999,"ME3 BM5, BIG HiBM, ME2 BM4, ME3 BM2, ME4 BM4",6.24851480908546,daily_ff3,Daily FF3,XGBoost Signature
2026-04-08,0.0084,"ME3 BM5, ME4 BM4, BIG HiBM, ME2 BM4, ME3 BM2",6.301002333481778,daily_ff3,Daily FF3,XGBoost Signature
2026-04-09,-0.00608,"ME2 BM4, ME3 BM2, ME4 BM4, ME5 BM2, BIG HiBM",6.262692239294209,daily_ff3,Daily FF3,XGBoost Signature
2026-04-10,0.0118599999999999,"ME4 BM2, ME2 BM4, ME3 BM2, ME4 BM4, ME5 BM2",6.336967769252238,daily_ff3,Daily FF3,XGBoost Signature
2026-04-13,0.00226,"ME4 BM2, BIG HiBM, ME2 BM4, ME3 BM2, ME4 BM4",6.351289316410748,daily_ff3,Daily FF3,XGBoost Signature
2026-04-14,0.0027199999999999,"ME4 BM4, ME5 BM2, ME2 BM4, ME3 BM2, SMALL LoBM",6.368564823351385,daily_ff3,Daily FF3,XGBoost Signature
2026-04-15,0.0066599999999999,"ME2 BM4, ME3 BM2, ME4 BM4, ME5 BM2, BIG HiBM",6.410979465074906,daily_ff3,Daily FF3,XGBoost Signature
2026-04-16,0.01826,"ME3 BM2, ME4 BM2, ME4 BM4, ME5 BM2, ME2 BM3",6.528043950107174,daily_ff3,Daily FF3,XGBoost Signature
2026-04-17,0.00534,"ME5 BM2, ME4 BM1, ME4 BM2, SMALL LoBM, ME1 BM2",6.562903704800745,daily_ff3,Daily FF3,XGBoost Signature
2026-04-20,-0.00778,"ME4 BM1, ME5 BM2, ME4 BM2, SMALL LoBM, ME1 BM2",6.511844313977395,daily_ff3,Daily FF3,XGBoost Signature
2026-04-21,0.00498,"BIG HiBM, ME5 BM2, ME4 BM1, SMALL LoBM, ME1 BM2",6.544273298661002,daily_ff3,Daily FF3,XGBoost Signature
2026-04-22,-0.01638,"SMALL LoBM, ME5 BM2, ME4 BM1, ME1 BM2, ME1 BM3",6.437078102028935,daily_ff3,Daily FF3,XGBoost Signature
2026-04-23,0.00448,"ME5 BM2, ME4 BM1, SMALL LoBM, ME1 BM3, SMALL HiBM",6.465916211926025,daily_ff3,Daily FF3,XGBoost Signature
2026-04-24,0.00048,"SMALL LoBM, ME1 BM2, ME1 BM3, SMALL HiBM, ME5 BM2",6.46901985170775,daily_ff3,Daily FF3,XGBoost Signature
2026-04-27,-0.0067599999999999,"ME5 BM2, ME4 BM1, ME2 BM2, BIG HiBM, SMALL LoBM",6.425289277510205,daily_ff3,Daily FF3,XGBoost Signature
2026-04-28,-0.0148599999999999,"ME1 BM2, ME5 BM2, ME4 BM1, SMALL LoBM, ME1 BM3",6.329809478846403,daily_ff3,Daily FF3,XGBoost Signature
2026-04-29,0.01348,"ME5 BM2, ME4 BM1, SMALL HiBM, ME4 BM5, BIG HiBM",6.4151353106212525,daily_ff3,Daily FF3,XGBoost Signature
2026-04-30,0.00418,"ME5 BM2, ME4 BM1, ME3 BM1, ME4 BM5, BIG HiBM",6.44195057621965,daily_ff3,Daily FF3,XGBoost Signature
2026-05-01,-0.0082,"ME5 BM2, BIG HiBM, ME1 BM4, SMALL HiBM, ME2 BM1",6.389126581494649,daily_ff3,Daily FF3,XGBoost Signature
2026-05-04,0.01506,"ME1 BM2, ME1 BM3, ME3 BM4, ME5 BM2, ME4 BM1",6.485346827811959,daily_ff3,Daily FF3,XGBoost Signature
2026-05-05,0.00998,"ME5 BM2, SMALL LoBM, ME1 BM2, ME1 BM3, ME1 BM4",6.550070589153523,daily_ff3,Daily FF3,XGBoost Signature
2026-05-06,-0.0163,"ME5 BM2, BIG HiBM, ME1 BM2, ME1 BM3, ME1 BM4",6.443304438550321,daily_ff3,Daily FF3,XGBoost Signature
2026-05-07,0.01694,"ME5 BM2, BIG HiBM, ME4 BM1, ME2 BM3, ME3 BM3",6.552454015739363,daily_ff3,Daily FF3,XGBoost Signature
2026-05-08,0.00402,"SMALL LoBM, ME1 BM2, ME2 BM1, ME4 BM2, ME5 BM2",6.578794880882635,daily_ff3,Daily FF3,XGBoost Signature
2026-05-11,-0.0102399999999999,"ME5 BM2, ME4 BM1, BIG HiBM, SMALL LoBM, ME1 BM2",6.511428021302397,daily_ff3,Daily FF3,XGBoost Signature
2026-05-12,0.00374,"ME5 BM2, BIG HiBM, ME2 BM1, ME3 BM1, ME4 BM1",6.5357807621020685,daily_ff3,Daily FF3,XGBoost Signature
2026-05-13,0.0025199999999999,"ME5 BM2, BIG HiBM, SMALL LoBM, ME1 BM2, ME1 BM3",6.552250929622566,daily_ff3,Daily FF3,XGBoost Signature
2026-05-14,-0.02436,"ME5 BM2, BIG HiBM, ME5 BM3, SMALL LoBM, ME1 BM2",6.3926380969769605,daily_ff3,Daily FF3,XGBoost Signature
2026-05-15,-0.0115399999999999,"BIG HiBM, ME5 BM2, SMALL LoBM, ME1 BM2, ME1 BM3",6.318867053337846,daily_ff3,Daily FF3,XGBoost Signature
2026-05-18,-0.0104,"SMALL LoBM, ME1 BM2, ME1 BM3, ME2 BM1, ME2 BM3",6.253150835983133,daily_ff3,Daily FF3,XGBoost Signature
2026-05-19,0.02664,"SMALL LoBM, ME1 BM2, SMALL HiBM, ME2 BM1, ME2 BM2",6.419734774253723,daily_ff3,Daily FF3,XGBoost Signature
2026-05-20,0.00718,"BIG HiBM, ME5 BM2, ME5 BM3, ME1 BM2, SMALL LoBM",6.465828469932865,daily_ff3,Daily FF3,XGBoost Signature
2026-05-21,0.008,"BIG HiBM, ME5 BM2, ME5 BM3, SMALL LoBM, ME1 BM2",6.517555097692328,daily_ff3,Daily FF3,XGBoost Signature
2026-05-22,0.0147,"BIG HiBM, ME5 BM2, ME5 BM3, SMALL LoBM, ME1 BM4",6.613363157628404,daily_ff3,Daily FF3,XGBoost Signature
2026-05-26,0.00186,"BIG HiBM, ME5 BM3, ME5 BM2, SMALL LoBM, ME1 BM2",6.625664013101593,daily_ff3,Daily FF3,XGBoost Signature
2026-05-27,0.00968,"BIG HiBM, ME5 BM2, ME5 BM3, SMALL LoBM, ME1 BM2",6.689800440748416,daily_ff3,Daily FF3,XGBoost Signature
2016-12-27,-0.01024,"ME1 BM4, ME2 BM4, ME3 BM5, ME1 BM2, ME2 BM3",0.98976,daily_ff5,Daily FF5,XGBoost Combined
2016-12-28,-0.0003,"ME2 BM4, ME3 BM5, ME1 BM2, ME2 BM3, ME3 BM1",0.989463072,daily_ff5,Daily FF5,XGBoost Combined
2016-12-29,-0.0050199999999999,"ME2 BM4, ME3 BM5, ME1 BM2, ME2 BM1, ME2 BM3",0.98449596737856,daily_ff5,Daily FF5,XGBoost Combined
2016-12-30,0.00736,"ME1 BM4, ME2 BM4, ME3 BM5, ME1 BM2, ME2 BM1",0.9917418576984662,daily_ff5,Daily FF5,XGBoost Combined
2017-01-03,0.01888,"ME3 BM5, ME1 BM2, ME2 BM1, ME2 BM3, ME3 BM1",1.010465943971813,daily_ff5,Daily FF5,XGBoost Combined
2017-01-04,-0.01134,"ME3 BM5, ME2 BM1, ME2 BM3, ME3 BM1, ME3 BM3",0.9990072601671728,daily_ff5,Daily FF5,XGBoost Combined
2017-01-05,-0.00184,"SMALL LoBM, ME2 BM1, ME2 BM2, ME3 BM1, ME1 BM2",0.9971690868084654,daily_ff5,Daily FF5,XGBoost Combined
2017-01-06,-0.00498,"ME1 BM4, SMALL LoBM, ME1 BM2, SMALL HiBM, ME2 BM1",0.9922031847561592,daily_ff5,Daily FF5,XGBoost Combined
2017-01-09,0.01046,"ME1 BM4, SMALL HiBM, ME3 BM5, SMALL LoBM, ME1 BM2",1.0025816300687085,daily_ff5,Daily FF5,XGBoost Combined
2017-01-10,0.0014399999999999,"ME1 BM4, SMALL HiBM, ME2 BM4, ME3 BM5, SMALL LoBM",1.0040253476160077,daily_ff5,Daily FF5,XGBoost Combined
2017-01-11,-0.0108399999999999,"ME1 BM4, SMALL HiBM, ME3 BM5, SMALL LoBM, ME1 BM2",0.99314171284785,daily_ff5,Daily FF5,XGBoost Combined
2017-01-12,0.0088999999999999,"ME1 BM4, SMALL HiBM, ME3 BM5, SMALL LoBM, ME1 BM2",1.0019806740921955,daily_ff5,Daily FF5,XGBoost Combined
2017-01-13,-0.01762,"ME1 BM4, ME3 BM5, SMALL LoBM, ME1 BM2, ME2 BM1",0.9843257746146912,daily_ff5,Daily FF5,XGBoost Combined
2017-01-17,0.0047399999999999,"ME1 BM4, SMALL HiBM, ME2 BM4, SMALL LoBM, ME1 BM2",0.9889914787863648,daily_ff5,Daily FF5,XGBoost Combined
2017-01-18,-0.01108,"ME1 BM4, SMALL LoBM, ME1 BM2, SMALL HiBM, ME2 BM1",0.978033453201412,daily_ff5,Daily FF5,XGBoost Combined
2017-01-19,0.0041,"ME1 BM4, ME2 BM4, SMALL LoBM, ME1 BM2, SMALL HiBM",0.9820433903595378,daily_ff5,Daily FF5,XGBoost Combined
2017-01-20,-0.00366,"ME1 BM4, SMALL HiBM, ME2 BM4, ME4 BM5, SMALL LoBM",0.978449111550822,daily_ff5,Daily FF5,XGBoost Combined
2017-01-23,0.01704,"ME1 BM4, SMALL HiBM, ME2 BM4, ME4 BM5, SMALL LoBM",0.9951218844116478,daily_ff5,Daily FF5,XGBoost Combined
2017-01-24,0.0095599999999999,"ME1 BM4, ME2 BM4, SMALL LoBM, ME1 BM2, ME2 BM1",1.004635249626623,daily_ff5,Daily FF5,XGBoost Combined
2017-01-25,-0.00624,"ME1 BM4, ME2 BM4, ME3 BM5, SMALL LoBM, ME1 BM2",0.9983663256689528,daily_ff5,Daily FF5,XGBoost Combined
2017-01-26,-0.0006,"ME1 BM4, ME2 BM4, SMALL LoBM, ME1 BM2, SMALL HiBM",0.9977673058735514,daily_ff5,Daily FF5,XGBoost Combined
2017-01-27,-0.0178,"ME1 BM4, ME2 BM4, SMALL LoBM, ME1 BM2, ME1 BM3",0.9800070478290022,daily_ff5,Daily FF5,XGBoost Combined
2017-01-30,0.00754,"SMALL LoBM, ME1 BM2, ME1 BM3, ME1 BM4, SMALL HiBM",0.9873963009696328,daily_ff5,Daily FF5,XGBoost Combined
2017-01-31,-0.0008399999999999,"SMALL LoBM, ME1 BM2, ME1 BM3, ME1 BM4, SMALL HiBM",0.9865668880768184,daily_ff5,Daily FF5,XGBoost Combined
2017-02-01,-0.00192,"SMALL LoBM, ME1 BM2, ME1 BM3, SMALL HiBM, ME2 BM1",0.9846726796517108,daily_ff5,Daily FF5,XGBoost Combined
2017-02-02,0.0141199999999999,"SMALL LoBM, ME1 BM2, ME1 BM3, SMALL HiBM, ME2 BM1",0.998576257888393,daily_ff5,Daily FF5,XGBoost Combined
2017-02-03,-0.00808,"ME2 BM4, ME2 BM5, SMALL LoBM, ME1 BM2, ME2 BM1",0.9905077617246548,daily_ff5,Daily FF5,XGBoost Combined
2017-02-06,-0.00184,"SMALL HiBM, ME3 BM4, ME4 BM5, BIG LoBM, ME5 BM2",0.9886852274430816,daily_ff5,Daily FF5,XGBoost Combined
2017-02-07,-0.0038199999999999,"ME2 BM4, SMALL LoBM, ME1 BM2, ME1 BM3, ME1 BM4",0.9849084498742487,daily_ff5,Daily FF5,XGBoost Combined
2017-02-08,0.0139199999999999,"SMALL LoBM, ME1 BM2, ME1 BM3, ME1 BM4, SMALL HiBM",0.9986183754964983,daily_ff5,Daily FF5,XGBoost Combined
2017-02-09,0.00722,"SMALL LoBM, ME1 BM2, ME1 BM3, ME1 BM4, SMALL HiBM",1.005828400167583,daily_ff5,Daily FF5,XGBoost Combined
2017-02-10,0.00224,"SMALL LoBM, ME1 BM2, ME1 BM3, ME1 BM4, SMALL HiBM",1.0080814557839584,daily_ff5,Daily FF5,XGBoost Combined
2017-02-13,0.0046,"SMALL LoBM, ME1 BM2, ME1 BM3, ME1 BM4, SMALL HiBM",1.0127186304805644,daily_ff5,Daily FF5,XGBoost Combined
2017-02-14,0.0057799999999999,"SMALL LoBM, ME1 BM2, ME1 BM3, ME1 BM4, SMALL HiBM",1.018572144164742,daily_ff5,Daily FF5,XGBoost Combined
2017-02-15,-0.00616,"SMALL LoBM, ME1 BM2, ME1 BM3, ME1 BM4, SMALL HiBM",1.012297739756687,daily_ff5,Daily FF5,XGBoost Combined
2017-02-16,0.0043399999999999,"SMALL LoBM, ME1 BM2, ME1 BM3, ME1 BM4, SMALL HiBM",1.016691111947231,daily_ff5,Daily FF5,XGBoost Combined
2017-02-17,-0.0002999999999999,"SMALL LoBM, ME1 BM2, ME1 BM3, ME1 BM4, SMALL HiBM",1.0163861046136469,daily_ff5,Daily FF5,XGBoost Combined
2017-02-21,-0.00712,"SMALL LoBM, ME1 BM2, ME1 BM3, ME1 BM4, SMALL HiBM",1.0091494355487978,daily_ff5,Daily FF5,XGBoost Combined
2017-02-22,-0.00636,"SMALL LoBM, ME1 BM2, ME1 BM3, ME1 BM4, SMALL HiBM",1.0027312451387074,daily_ff5,Daily FF5,XGBoost Combined
2017-02-23,0.001,"SMALL LoBM, ME1 BM2, ME1 BM3, ME1 BM4, SMALL HiBM",1.003733976383846,daily_ff5,Daily FF5,XGBoost Combined
2017-02-24,0.0147,"SMALL LoBM, ME1 BM2, ME1 BM3, ME1 BM4, SMALL HiBM",1.0184888658366884,daily_ff5,Daily FF5,XGBoost Combined
2017-02-27,-0.01706,"SMALL LoBM, ME1 BM2, ME1 BM3, ME1 BM4, SMALL HiBM",1.0011134457855146,daily_ff5,Daily FF5,XGBoost Combined
2017-02-28,0.02014,"SMALL LoBM, ME1 BM2, ME1 BM3, ME1 BM4, SMALL HiBM",1.021275870583635,daily_ff5,Daily FF5,XGBoost Combined
2017-03-01,-0.01054,"SMALL LoBM, ME1 BM2, ME1 BM3, ME1 BM4, SMALL HiBM",1.0105116229076834,daily_ff5,Daily FF5,XGBoost Combined
2017-03-02,-0.00054,"SMALL HiBM, ME2 BM3, ME3 BM4, BIG LoBM, ME5 BM2",1.0099659466313131,daily_ff5,Daily FF5,XGBoost Combined
2017-03-03,-0.00932,"SMALL LoBM, ME1 BM2, ME1 BM3, ME1 BM4, SMALL HiBM",1.0005530640087097,daily_ff5,Daily FF5,XGBoost Combined
2017-03-06,-0.00632,"ME1 BM2, SMALL HiBM, ME2 BM4, SMALL LoBM, ME1 BM3",0.9942295686441744,daily_ff5,Daily FF5,XGBoost Combined
2017-03-07,-0.00316,"ME2 BM1, ME3 BM3, ME3 BM5, ME4 BM5, ME1 BM2",0.9910878032072588,daily_ff5,Daily FF5,XGBoost Combined
2017-03-08,-0.00268,"SMALL LoBM, ME1 BM2, ME1 BM3, ME1 BM4, SMALL HiBM",0.9884316878946632,daily_ff5,Daily FF5,XGBoost Combined
2017-03-09,0.0048,"SMALL LoBM, ME1 BM2, ME1 BM3, ME1 BM4, ME2 BM1",0.9931761599965576,daily_ff5,Daily FF5,XGBoost Combined
2017-03-10,0.00562,"SMALL LoBM, ME1 BM2, ME1 BM3, ME1 BM4, ME2 BM1",0.9987578100157384,daily_ff5,Daily FF5,XGBoost Combined
2017-03-13,-0.00754,"SMALL LoBM, ME1 BM2, ME1 BM3, ME1 BM4, SMALL HiBM",0.9912271761282196,daily_ff5,Daily FF5,XGBoost Combined
2017-03-14,0.0174999999999999,"SMALL LoBM, ME1 BM2, ME1 BM3, ME2 BM1, ME2 BM2",1.0085736517104635,daily_ff5,Daily FF5,XGBoost Combined
2017-03-15,0.0042,"SMALL LoBM, ME1 BM2, ME1 BM3, ME2 BM1, ME2 BM5",1.0128096610476474,daily_ff5,Daily FF5,XGBoost Combined
2017-03-16,0.00376,"SMALL LoBM, ME1 BM2, ME1 BM3, ME2 BM1, ME2 BM2",1.0166178253731866,daily_ff5,Daily FF5,XGBoost Combined
2017-03-17,-0.00124,"SMALL LoBM, ME1 BM2, ME1 BM3, ME2 BM1, ME2 BM2",1.0153572192697238,daily_ff5,Daily FF5,XGBoost Combined
2017-03-20,-0.03044,"SMALL LoBM, ME1 BM2, ME1 BM3, ME2 BM1, ME2 BM2",0.9844497455151534,daily_ff5,Daily FF5,XGBoost Combined
2017-03-21,0.0014399999999999,"SMALL LoBM, ME2 BM1, ME3 BM5, ME4 BM5, ME4 BM1",0.9858673531486952,daily_ff5,Daily FF5,XGBoost Combined
2017-03-22,0.0043599999999999,"ME2 BM4, ME3 BM5, ME4 BM5, BIG HiBM, SMALL LoBM",0.9901657348084236,daily_ff5,Daily FF5,XGBoost Combined
2017-03-23,0.0016999999999999,"BIG HiBM, SMALL LoBM, ME1 BM2, SMALL HiBM, ME2 BM1",0.9918490165575978,daily_ff5,Daily FF5,XGBoost Combined
2017-03-24,0.0028,"ME3 BM5, BIG HiBM, SMALL LoBM, SMALL HiBM, ME2 BM1",0.994626193803959,daily_ff5,Daily FF5,XGBoost Combined
2017-03-27,0.00792,"ME3 BM5, BIG HiBM, SMALL LoBM, ME2 BM1, ME2 BM4",1.0025036332588864,daily_ff5,Daily FF5,XGBoost Combined
2017-03-28,0.00334,"ME3 BM5, ME4 BM5, BIG HiBM, SMALL LoBM, ME2 BM1",1.0058519953939709,daily_ff5,Daily FF5,XGBoost Combined
2017-03-29,0.0071399999999999,"ME3 BM5, SMALL LoBM, ME1 BM2, ME2 BM1, ME2 BM4",1.0130337786410837,daily_ff5,Daily FF5,XGBoost Combined
2017-03-30,0.00294,"ME3 BM5, SMALL LoBM, ME1 BM2, ME2 BM4, ME2 BM5",1.0160120979502885,daily_ff5,Daily FF5,XGBoost Combined
2017-03-31,-0.01298,"ME2 BM2, ME2 BM5, ME3 BM3, ME3 BM4, ME3 BM5",1.0028242609188938,daily_ff5,Daily FF5,XGBoost Combined
2017-04-03,0.0002799999999999,"SMALL LoBM, ME1 BM2, ME2 BM4, ME2 BM5, ME3 BM5",1.003105051711951,daily_ff5,Daily FF5,XGBoost Combined
2017-04-04,-0.0134399999999999,"SMALL LoBM, ME1 BM2, ME2 BM4, ME2 BM5, ME3 BM5",0.9896233198169424,daily_ff5,Daily FF5,XGBoost Combined
2017-04-05,0.0103,"ME1 BM3, ME1 BM4, SMALL HiBM, ME2 BM2, ME2 BM3",0.9998164400110569,daily_ff5,Daily FF5,XGBoost Combined
2017-04-06,-0.0007,"SMALL LoBM, ME1 BM2, ME2 BM4, ME2 BM5, ME3 BM5",0.9991165685030492,daily_ff5,Daily FF5,XGBoost Combined
2017-04-07,0.0033999999999999,"SMALL LoBM, ME1 BM2, ME2 BM4, ME2 BM5, ME3 BM5",1.0025135648359595,daily_ff5,Daily FF5,XGBoost Combined
2017-04-10,0.0063799999999999,"SMALL LoBM, ME1 BM2, ME2 BM4, ME2 BM5, ME3 BM5",1.008909601379613,daily_ff5,Daily FF5,XGBoost Combined
2017-04-11,-0.0158,"SMALL LoBM, ME1 BM2, ME2 BM4, ME2 BM5, ME3 BM5",0.9929688296778152,daily_ff5,Daily FF5,XGBoost Combined
2017-04-12,-0.0108399999999999,"SMALL LoBM, ME1 BM2, ME2 BM4, ME2 BM5, ME3 BM5",0.9822050475641076,daily_ff5,Daily FF5,XGBoost Combined
2017-04-13,0.0131,"SMALL LoBM, ME1 BM2, ME2 BM4, ME2 BM5, ME3 BM5",0.9950719336871976,daily_ff5,Daily FF5,XGBoost Combined
2017-04-17,-0.00164,"SMALL LoBM, ME1 BM2, ME2 BM4, ME2 BM5, ME3 BM5",0.9934400157159506,daily_ff5,Daily FF5,XGBoost Combined
2017-04-18,0.00258,"SMALL LoBM, ME1 BM2, ME2 BM4, ME2 BM5, ME3 BM5",0.996003090956498,daily_ff5,Daily FF5,XGBoost Combined
2017-04-19,0.01458,"SMALL LoBM, ME4 BM5, BIG HiBM, ME1 BM2, ME2 BM4",1.0105248160226437,daily_ff5,Daily FF5,XGBoost Combined
2017-04-20,-0.00452,"SMALL LoBM, ME2 BM1, ME2 BM4, ME2 BM5, ME3 BM5",1.0059572438542213,daily_ff5,Daily FF5,XGBoost Combined
2017-04-21,0.01482,"SMALL LoBM, ME2 BM1, ME1 BM2, ME2 BM4, ME2 BM5",1.0208655302081409,daily_ff5,Daily FF5,XGBoost Combined
2017-04-24,0.0122199999999999,"SMALL LoBM, ME1 BM2, ME2 BM4, ME2 BM5, ME3 BM5",1.0333405069872843,daily_ff5,Daily FF5,XGBoost Combined
2017-04-25,0.00802,"ME1 BM3, ME1 BM4, SMALL HiBM, ME2 BM1, ME2 BM2",1.0416278978533222,daily_ff5,Daily FF5,XGBoost Combined
2017-04-26,-0.0045,"SMALL LoBM, ME1 BM2, ME2 BM4, ME2 BM5, ME3 BM5",1.0369405723129823,daily_ff5,Daily FF5,XGBoost Combined
2017-04-27,-0.01006,"BIG HiBM, SMALL LoBM, ME1 BM2, ME2 BM4, ME2 BM5",1.0265089501555138,daily_ff5,Daily FF5,XGBoost Combined
2017-04-28,0.0040599999999999,"BIG HiBM, SMALL LoBM, ME2 BM4, ME2 BM5, ME3 BM5",1.0306765764931451,daily_ff5,Daily FF5,XGBoost Combined
2017-05-01,-0.0076,"BIG HiBM, SMALL LoBM, ME1 BM2, ME2 BM4, ME2 BM5",1.0228434345117972,daily_ff5,Daily FF5,XGBoost Combined
2017-05-02,-0.00592,"BIG HiBM, SMALL LoBM, ME1 BM2, ME2 BM4, ME2 BM5",1.016788201379487,daily_ff5,Daily FF5,XGBoost Combined
2017-05-03,-0.00498,"ME4 BM5, BIG HiBM, SMALL LoBM, ME2 BM4, ME3 BM5",1.0117245961366177,daily_ff5,Daily FF5,XGBoost Combined
2017-05-04,0.00494,"ME4 BM5, BIG HiBM, SMALL LoBM, ME2 BM4, ME3 BM5",1.0167225156415325,daily_ff5,Daily FF5,XGBoost Combined
2017-05-05,0.00272,"ME4 BM5, BIG HiBM, SMALL LoBM, ME1 BM2, ME2 BM4",1.0194880008840772,daily_ff5,Daily FF5,XGBoost Combined
2017-05-08,0.0005,"ME4 BM5, BIG HiBM, SMALL LoBM, ME1 BM2, ME2 BM4",1.0199977448845192,daily_ff5,Daily FF5,XGBoost Combined
2017-05-09,0.0032,"ME4 BM5, BIG HiBM, SMALL LoBM, ME1 BM2, ME3 BM5",1.02326173766815,daily_ff5,Daily FF5,XGBoost Combined
2017-05-10,-0.0083,"SMALL LoBM, ME3 BM5, ME4 BM5, ME4 BM1, ME4 BM2",1.0147686652455044,daily_ff5,Daily FF5,XGBoost Combined
2017-05-11,-0.00546,"ME4 BM5, SMALL LoBM, ME3 BM5, ME4 BM1, ME4 BM2",1.009228028333264,daily_ff5,Daily FF5,XGBoost Combined
2017-05-12,0.00878,"SMALL LoBM, ME3 BM5, ME4 BM1, ME4 BM2, ME4 BM3",1.01808905042203,daily_ff5,Daily FF5,XGBoost Combined
2017-05-15,-0.0003399999999999,"SMALL LoBM, ME2 BM4, ME3 BM5, ME4 BM1, ME4 BM2",1.0177429001448866,daily_ff5,Daily FF5,XGBoost Combined
2017-05-16,-0.02852,"ME4 BM5, SMALL LoBM, ME2 BM4, ME3 BM5, ME4 BM1",0.9887168726327544,daily_ff5,Daily FF5,XGBoost Combined
2017-05-17,0.0047399999999999,"ME4 BM5, SMALL LoBM, ME2 BM4, ME3 BM5, ME4 BM1",0.9934033906090336,daily_ff5,Daily FF5,XGBoost Combined
2017-05-18,0.00472,"BIG HiBM, SMALL LoBM, ME2 BM1, ME2 BM4, ME2 BM5",0.9980922546127085,daily_ff5,Daily FF5,XGBoost Combined
2017-05-19,0.00676,"SMALL LoBM, ME2 BM1, ME2 BM4, ME2 BM5, ME3 BM5",1.0048393582538904,daily_ff5,Daily FF5,XGBoost Combined
2017-05-22,0.0041,"BIG HiBM, ME1 BM4, SMALL HiBM, ME2 BM2, ME2 BM3",1.0089591996227314,daily_ff5,Daily FF5,XGBoost Combined
2017-05-23,0.0005199999999999,"ME2 BM4, ME3 BM5, ME4 BM5, ME4 BM1, BIG LoBM",1.009483858406535,daily_ff5,Daily FF5,XGBoost Combined
2017-05-24,0.00156,"SMALL LoBM, ME2 BM4, ME3 BM5, ME4 BM1, ME4 BM2",1.0110586532256496,daily_ff5,Daily FF5,XGBoost Combined
2017-05-25,-0.0019,"SMALL LoBM, ME2 BM4, ME3 BM5, ME4 BM1, ME4 BM2",1.0091376417845208,daily_ff5,Daily FF5,XGBoost Combined
2017-05-26,-0.0101799999999999,"SMALL LoBM, ME1 BM2, ME2 BM4, ME3 BM5, ME4 BM5",0.9988646205911544,daily_ff5,Daily FF5,XGBoost Combined
2017-05-30,-0.0018199999999999,"SMALL LoBM, ME1 BM2, ME2 BM4, ME3 BM5, ME4 BM1",0.9970466869816784,daily_ff5,Daily FF5,XGBoost Combined
2017-05-31,0.01912,"SMALL LoBM, ME1 BM2, ME2 BM4, ME3 BM5, ME4 BM1",1.0161102196367682,daily_ff5,Daily FF5,XGBoost Combined
2017-06-01,0.00834,"SMALL LoBM, ME1 BM2, ME2 BM4, ME3 BM5, ME4 BM1",1.0245845788685388,daily_ff5,Daily FF5,XGBoost Combined
2017-06-02,-0.0051199999999999,"SMALL LoBM, ME1 BM2, ME2 BM4, ME3 BM5, ME4 BM5",1.0193387058247318,daily_ff5,Daily FF5,XGBoost Combined
2017-06-05,-0.0032199999999999,"SMALL LoBM, ME3 BM4, ME1 BM2, ME2 BM4, ME3 BM5",1.0160564351919763,daily_ff5,Daily FF5,XGBoost Combined
2017-06-06,-0.0012399999999999,"SMALL LoBM, ME3 BM4, ME1 BM2, ME2 BM4, ME3 BM5",1.0147965252123383,daily_ff5,Daily FF5,XGBoost Combined
2017-06-07,0.01434,"SMALL LoBM, ME1 BM2, ME3 BM4, ME2 BM4, ME3 BM5",1.0293487073838832,daily_ff5,Daily FF5,XGBoost Combined
2017-06-08,0.0066,"SMALL LoBM, ME1 BM2, ME3 BM4, ME2 BM4, ME3 BM5",1.0361424088526168,daily_ff5,Daily FF5,XGBoost Combined
2017-06-09,-0.00044,"SMALL LoBM, ME1 BM2, ME2 BM1, ME2 BM2, ME4 BM5",1.0356865061927216,daily_ff5,Daily FF5,XGBoost Combined
2017-06-12,0.00524,"SMALL LoBM, ME1 BM2, ME1 BM4, SMALL HiBM, ME2 BM3",1.0411135034851713,daily_ff5,Daily FF5,XGBoost Combined
2017-06-13,-0.00342,"SMALL LoBM, ME1 BM2, ME3 BM5, ME3 BM1, ME4 BM1",1.037552895303252,daily_ff5,Daily FF5,XGBoost Combined
2017-06-14,-0.0041,"SMALL LoBM, ME1 BM2, ME3 BM4, ME4 BM1, ME4 BM2",1.0332989284325087,daily_ff5,Daily FF5,XGBoost Combined
2017-06-15,0.0004,"SMALL LoBM, ME1 BM2, ME2 BM1, ME2 BM2, ME4 BM5",1.0337122480038816,daily_ff5,Daily FF5,XGBoost Combined
2017-06-16,0.0187199999999999,"SMALL LoBM, ME1 BM2, ME2 BM1, ME2 BM2, ME3 BM1",1.0530633412865142,daily_ff5,Daily FF5,XGBoost Combined
2017-06-19,-0.0071,"SMALL LoBM, ME1 BM2, ME2 BM1, ME4 BM5, ME2 BM4",1.04558659156338,daily_ff5,Daily FF5,XGBoost Combined
2017-06-20,0.00568,"SMALL LoBM, ME1 BM2, ME2 BM1, ME3 BM1, ME4 BM5",1.05152552340346,daily_ff5,Daily FF5,XGBoost Combined
2017-06-21,0.00832,"SMALL LoBM, ME1 BM2, ME2 BM1, ME2 BM2, ME3 BM1",1.0602742157581768,daily_ff5,Daily FF5,XGBoost Combined
2017-06-22,0.0108799999999999,"SMALL LoBM, ME1 BM2, ME2 BM1, ME2 BM2, ME4 BM5",1.0718099992256258,daily_ff5,Daily FF5,XGBoost Combined
2017-06-23,0.0011,"SMALL LoBM, ME1 BM2, ME2 BM1, ME2 BM2, ME4 BM5",1.072988990224774,daily_ff5,Daily FF5,XGBoost Combined
2017-06-26,-0.01316,"SMALL LoBM, ME1 BM2, ME2 BM1, ME2 BM2, ME4 BM5",1.058868455113416,daily_ff5,Daily FF5,XGBoost Combined
2017-06-27,0.01856,"SMALL LoBM, ME1 BM2, ME2 BM1, ME2 BM2, ME4 BM5",1.078521053640321,daily_ff5,Daily FF5,XGBoost Combined
2017-06-28,-0.00684,"SMALL LoBM, ME1 BM2, ME2 BM1, ME1 BM3, ME1 BM4",1.071143969633421,daily_ff5,Daily FF5,XGBoost Combined
2017-06-29,-0.00234,"SMALL LoBM, ME1 BM2, ME1 BM3, ME2 BM1, ME2 BM2",1.0686374927444788,daily_ff5,Daily FF5,XGBoost Combined
2017-06-30,0.00758,"ME2 BM1, ME2 BM2, ME1 BM2, ME1 BM3, ME1 BM4",1.0767377649394818,daily_ff5,Daily FF5,XGBoost Combined
2017-07-03,-0.00324,"ME2 BM1, ME2 BM2, ME3 BM1, ME4 BM5, ME2 BM4",1.073249134581078,daily_ff5,Daily FF5,XGBoost Combined
2017-07-05,-0.01248,"SMALL LoBM, ME2 BM1, ME2 BM2, ME4 BM5, ME1 BM2",1.059854985381506,daily_ff5,Daily FF5,XGBoost Combined
2017-07-06,0.0104999999999999,"SMALL LoBM, ME1 BM2, ME2 BM1, ME2 BM2, ME4 BM5",1.0709834627280117,daily_ff5,Daily FF5,XGBoost Combined
2017-07-07,-0.0064,"SMALL LoBM, ME1 BM2, ME1 BM3, ME2 BM1, ME2 BM2",1.0641291685665524,daily_ff5,Daily FF5,XGBoost Combined
2017-07-10,0.00626,"SMALL LoBM, ME1 BM2, ME1 BM3, ME2 BM1, ME2 BM2",1.070790617161779,daily_ff5,Daily FF5,XGBoost Combined
2017-07-11,0.00928,"SMALL LoBM, ME1 BM2, ME1 BM3, ME2 BM1, ME2 BM2",1.0807275540890402,daily_ff5,Daily FF5,XGBoost Combined
2017-07-12,-0.0008199999999999,"SMALL LoBM, ME1 BM2, ME1 BM3, ME2 BM1, ME2 BM2",1.0798413574946872,daily_ff5,Daily FF5,XGBoost Combined
2017-07-13,0.00172,"SMALL LoBM, ME1 BM2, ME1 BM3, ME2 BM1, ME2 BM2",1.081698684629578,daily_ff5,Daily FF5,XGBoost Combined
2017-07-14,0.00168,"ME3 BM5, SMALL LoBM, ME1 BM2, ME1 BM3, ME2 BM1",1.0835159384197557,daily_ff5,Daily FF5,XGBoost Combined
2017-07-17,-0.00258,"SMALL LoBM, ME2 BM1, ME2 BM2, ME3 BM5, ME3 BM1",1.0807204672986324,daily_ff5,Daily FF5,XGBoost Combined
2017-07-18,0.00792,"SMALL LoBM, ME1 BM2, ME2 BM1, ME2 BM2, ME3 BM5",1.0892797733996376,daily_ff5,Daily FF5,XGBoost Combined
2017-07-19,0.00028,"SMALL LoBM, ME2 BM1, ME2 BM2, ME3 BM5, ME3 BM1",1.0895847717361895,daily_ff5,Daily FF5,XGBoost Combined
2017-07-20,-0.0034999999999999,"SMALL LoBM, ME1 BM2, ME2 BM1, ME3 BM5, ME2 BM2",1.0857712250351128,daily_ff5,Daily FF5,XGBoost Combined
2017-07-21,0.0005799999999999,"SMALL LoBM, ME1 BM2, ME1 BM3, ME2 BM1, ME2 BM2",1.0864009723456332,daily_ff5,Daily FF5,XGBoost Combined
2017-07-24,0.00324,"SMALL LoBM, ME1 BM2, ME1 BM3, ME2 BM1, ME2 BM2",1.0899209114960329,daily_ff5,Daily FF5,XGBoost Combined
2017-07-25,-0.00112,"SMALL LoBM, ME1 BM2, ME2 BM1, ME1 BM3, ME2 BM2",1.088700200075157,daily_ff5,Daily FF5,XGBoost Combined
2017-07-26,-0.00436,"ME1 BM4, SMALL HiBM, ME2 BM3, ME2 BM4, ME2 BM5",1.0839534672028297,daily_ff5,Daily FF5,XGBoost Combined
2017-07-27,-0.00294,"SMALL LoBM, ME1 BM2, ME1 BM3, ME2 BM1, ME2 BM2",1.0807666440092534,daily_ff5,Daily FF5,XGBoost Combined
2017-07-28,-0.0056399999999999,"SMALL LoBM, ME1 BM2, ME2 BM1, ME2 BM2, ME3 BM1",1.0746711201370411,daily_ff5,Daily FF5,XGBoost Combined
2017-07-31,-0.0014,"SMALL LoBM, ME1 BM2, ME1 BM3, ME2 BM1, ME2 BM2",1.0731665805688493,daily_ff5,Daily FF5,XGBoost Combined
2017-08-01,-0.01296,"SMALL LoBM, ME1 BM2, ME2 BM1, ME2 BM2, ME3 BM1",1.059258341684677,daily_ff5,Daily FF5,XGBoost Combined
2017-08-02,-0.00426,"SMALL LoBM, ME1 BM2, ME2 BM1, ME2 BM2, ME3 BM1",1.0547459011491005,daily_ff5,Daily FF5,XGBoost Combined
2017-08-03,0.0074199999999999,"ME3 BM4, BIG LoBM, BIG HiBM, SMALL LoBM, ME1 BM2",1.0625721157356265,daily_ff5,Daily FF5,XGBoost Combined
2017-08-04,0.0017399999999999,"SMALL LoBM, ME1 BM2, ME1 BM3, ME2 BM1, ME2 BM2",1.0644209912170066,daily_ff5,Daily FF5,XGBoost Combined
2017-08-07,-0.00456,"SMALL LoBM, ME1 BM2, ME1 BM3, ME2 BM1, ME2 BM2",1.059567231497057,daily_ff5,Daily FF5,XGBoost Combined
2017-08-08,-0.00996,"SMALL LoBM, ME1 BM2, ME1 BM3, ME2 BM1, ME2 BM2",1.0490139418713464,daily_ff5,Daily FF5,XGBoost Combined
2017-08-09,-0.02108,"SMALL LoBM, ME1 BM2, ME1 BM3, ME2 BM1, ME2 BM2",1.0269007279766984,daily_ff5,Daily FF5,XGBoost Combined
2017-08-10,0.0066199999999999,"SMALL LoBM, ME1 BM2, ME1 BM3, ME2 BM1, ME2 BM2",1.0336988107959042,daily_ff5,Daily FF5,XGBoost Combined
2017-08-11,0.01622,"SMALL LoBM, ME1 BM2, ME1 BM3, ME1 BM4, ME2 BM1",1.0504654055070135,daily_ff5,Daily FF5,XGBoost Combined
2017-08-14,-0.00924,"SMALL LoBM, ME1 BM2, ME1 BM3, ME1 BM4, ME2 BM1",1.0407591051601288,daily_ff5,Daily FF5,XGBoost Combined
2017-08-15,-0.0008799999999999,"SMALL LoBM, ME1 BM2, ME1 BM3, ME1 BM4, ME2 BM1",1.039843237147588,daily_ff5,Daily FF5,XGBoost Combined
2017-08-16,-0.01444,"SMALL LoBM, ME1 BM2, ME1 BM3, ME1 BM4, ME2 BM1",1.0248279008031769,daily_ff5,Daily FF5,XGBoost Combined
2017-08-17,0.00022,"SMALL LoBM, ME1 BM2, ME1 BM3, ME1 BM4, SMALL HiBM",1.0250533629413534,daily_ff5,Daily FF5,XGBoost Combined
2017-08-18,-0.0026,"SMALL LoBM, ME1 BM2, ME1 BM3, ME1 BM4, ME2 BM1",1.0223882241977058,daily_ff5,Daily FF5,XGBoost Combined
2017-08-21,0.0113,"ME5 BM4, BIG HiBM, SMALL LoBM, ME1 BM2, ME1 BM3",1.03394121113114,daily_ff5,Daily FF5,XGBoost Combined
2017-08-22,0.00114,"SMALL LoBM, ME1 BM2, ME1 BM3, ME1 BM4, SMALL HiBM",1.0351199041118293,daily_ff5,Daily FF5,XGBoost Combined
2017-08-23,0.009,"SMALL LoBM, ME1 BM2, ME1 BM3, ME1 BM4, SMALL HiBM",1.0444359832488357,daily_ff5,Daily FF5,XGBoost Combined
2017-08-24,0.0017599999999999,"ME5 BM4, BIG HiBM, SMALL LoBM, ME1 BM2, ME1 BM3",1.0462741905793536,daily_ff5,Daily FF5,XGBoost Combined
2017-08-25,0.0060199999999999,"SMALL LoBM, ME1 BM2, ME1 BM3, ME1 BM4, SMALL HiBM",1.0525727612066411,daily_ff5,Daily FF5,XGBoost Combined
2017-08-28,0.0005199999999999,"ME5 BM3, ME5 BM4, BIG HiBM, SMALL LoBM, ME1 BM2",1.0531200990424687,daily_ff5,Daily FF5,XGBoost Combined
2017-08-29,0.00248,"SMALL LoBM, ME1 BM2, ME1 BM3, ME1 BM4, SMALL HiBM",1.055731836888094,daily_ff5,Daily FF5,XGBoost Combined
2017-08-30,0.0087,"SMALL LoBM, ME1 BM2, ME1 BM3, ME1 BM4, SMALL HiBM",1.0649167038690204,daily_ff5,Daily FF5,XGBoost Combined
2017-08-31,0.00748,"SMALL LoBM, ME1 BM2, ME1 BM3, ME1 BM4, SMALL HiBM",1.0728822808139606,daily_ff5,Daily FF5,XGBoost Combined
2017-09-01,-0.0071,"SMALL LoBM, ME1 BM2, ME1 BM3, ME1 BM4, SMALL HiBM",1.0652648166201817,daily_ff5,Daily FF5,XGBoost Combined
2017-09-05,0.00312,"SMALL LoBM, ME1 BM2, ME1 BM3, ME1 BM4, SMALL HiBM",1.0685884428480363,daily_ff5,Daily FF5,XGBoost Combined
2017-09-06,0.00202,"SMALL LoBM, ME1 BM2, ME1 BM3, ME1 BM4, SMALL HiBM",1.0707469915025891,daily_ff5,Daily FF5,XGBoost Combined
2017-09-07,-0.0004599999999999,"SMALL LoBM, ME1 BM2, ME1 BM3, ME1 BM4, SMALL HiBM",1.0702544478864982,daily_ff5,Daily FF5,XGBoost Combined
2017-09-08,0.0096,"SMALL LoBM, ME1 BM2, ME1 BM3, ME1 BM4, SMALL HiBM",1.0805288905862085,daily_ff5,Daily FF5,XGBoost Combined
2017-09-11,0.00282,"SMALL LoBM, ME1 BM2, ME1 BM3, ME1 BM4, SMALL HiBM",1.0835759820576616,daily_ff5,Daily FF5,XGBoost Combined
2017-09-12,0.00572,"SMALL LoBM, ME1 BM2, ME1 BM3, ME1 BM4, SMALL HiBM",1.0897740366750313,daily_ff5,Daily FF5,XGBoost Combined
2017-09-13,-0.0006599999999999,"ME5 BM3, ME5 BM4, BIG HiBM, SMALL LoBM, ME1 BM2",1.0890547858108257,daily_ff5,Daily FF5,XGBoost Combined
2017-09-14,0.00674,"SMALL LoBM, ME1 BM2, ME1 BM3, ME1 BM4, ME2 BM1",1.0963950150671906,daily_ff5,Daily FF5,XGBoost Combined
2017-09-15,0.00828,"ME5 BM3, ME5 BM4, BIG HiBM, SMALL LoBM, ME1 BM2",1.105473165791947,daily_ff5,Daily FF5,XGBoost Combined
2017-09-18,-0.0005799999999999,"SMALL LoBM, ME1 BM2, ME1 BM3, ME1 BM4, SMALL HiBM",1.1048319913557876,daily_ff5,Daily FF5,XGBoost Combined
2017-09-19,0.00394,"SMALL LoBM, ME1 BM2, ME1 BM3, ME1 BM4, SMALL HiBM",1.1091850294017294,daily_ff5,Daily FF5,XGBoost Combined
2017-09-20,-0.00118,"SMALL LoBM, ME1 BM2, ME1 BM3, ME1 BM4, SMALL HiBM",1.1078761910670354,daily_ff5,Daily FF5,XGBoost Combined
2017-09-21,0.0027,"SMALL LoBM, ME1 BM2, ME1 BM3, ME1 BM4, SMALL HiBM",1.1108674567829162,daily_ff5,Daily FF5,XGBoost Combined
2017-09-22,0.0024999999999999,"SMALL LoBM, ME1 BM2, ME1 BM3, ME1 BM4, SMALL HiBM",1.1136446254248735,daily_ff5,Daily FF5,XGBoost Combined
2017-09-25,0.00414,"SMALL LoBM, ME1 BM2, ME1 BM3, SMALL HiBM, ME2 BM1",1.1182551141741326,daily_ff5,Daily FF5,XGBoost Combined
2017-09-26,0.0211,"SMALL LoBM, ME1 BM2, ME1 BM3, SMALL HiBM, ME2 BM1",1.1418502970832067,daily_ff5,Daily FF5,XGBoost Combined
2017-09-27,0.0036,"SMALL LoBM, ME1 BM2, ME1 BM3, SMALL HiBM, ME2 BM1",1.1459609581527064,daily_ff5,Daily FF5,XGBoost Combined
2017-09-28,0.0024,"SMALL LoBM, ME1 BM2, ME1 BM3, SMALL HiBM, ME2 BM1",1.1487112644522728,daily_ff5,Daily FF5,XGBoost Combined
2017-09-29,0.01704,"SMALL LoBM, ME1 BM2, ME1 BM3, SMALL HiBM, ME2 BM1",1.1682853043985395,daily_ff5,Daily FF5,XGBoost Combined
2017-10-02,0.00078,"SMALL LoBM, ME1 BM2, ME1 BM3, SMALL HiBM, ME2 BM1",1.1691965669359703,daily_ff5,Daily FF5,XGBoost Combined
2017-10-03,-0.00172,"SMALL LoBM, ME1 BM2, ME1 BM3, ME1 BM4, SMALL HiBM",1.1671855488408405,daily_ff5,Daily FF5,XGBoost Combined
2017-10-04,0.0052999999999999,"SMALL LoBM, ME1 BM2, ME1 BM3, ME1 BM4, SMALL HiBM",1.173371632249697,daily_ff5,Daily FF5,XGBoost Combined
2017-10-05,-0.0009,"SMALL LoBM, ME1 BM2, ME1 BM3, ME1 BM4, SMALL HiBM",1.1723155977806723,daily_ff5,Daily FF5,XGBoost Combined
2017-10-06,-0.0069,"SMALL LoBM, ME1 BM2, ME1 BM3, ME1 BM4, SMALL HiBM",1.1642266201559857,daily_ff5,Daily FF5,XGBoost Combined
2017-10-09,0.0054199999999999,"SMALL LoBM, ME1 BM2, ME1 BM3, ME1 BM4, SMALL HiBM",1.170536728437231,daily_ff5,Daily FF5,XGBoost Combined
2017-10-10,-0.00106,"SMALL LoBM, ME1 BM2, ME1 BM3, ME1 BM4, SMALL HiBM",1.1692959595050876,daily_ff5,Daily FF5,XGBoost Combined
2017-10-11,-0.00416,"SMALL LoBM, ME1 BM2, ME1 BM3, ME1 BM4, SMALL HiBM",1.1644316883135464,daily_ff5,Daily FF5,XGBoost Combined
2017-10-12,-0.00516,"SMALL LoBM, ME1 BM2, ME1 BM3, ME1 BM4, SMALL HiBM",1.1584232208018483,daily_ff5,Daily FF5,XGBoost Combined
2017-10-13,-0.00264,"SMALL LoBM, ME1 BM2, ME1 BM3, ME1 BM4, SMALL HiBM",1.1553649834989317,daily_ff5,Daily FF5,XGBoost Combined
2017-10-16,-0.00372,"SMALL LoBM, ME1 BM2, ME1 BM3, ME1 BM4, SMALL HiBM",1.1510670257603155,daily_ff5,Daily FF5,XGBoost Combined
2017-10-17,0.0036199999999999,"SMALL LoBM, ME1 BM2, ME1 BM3, ME1 BM4, SMALL HiBM",1.1552338883935678,daily_ff5,Daily FF5,XGBoost Combined
2017-10-18,-0.00312,"SMALL LoBM, ME1 BM2, ME1 BM3, ME1 BM4, SMALL HiBM",1.1516295586617795,daily_ff5,Daily FF5,XGBoost Combined
2017-10-19,0.00824,"ME4 BM2, ME5 BM2, ME5 BM3, ME5 BM4, BIG HiBM",1.1611189862251527,daily_ff5,Daily FF5,XGBoost Combined
2017-10-20,-0.00904,"SMALL LoBM, ME1 BM2, ME1 BM3, ME1 BM4, SMALL HiBM",1.1506224705896773,daily_ff5,Daily FF5,XGBoost Combined
2017-10-23,-0.0009199999999999,"SMALL LoBM, ME1 BM2, ME1 BM3, ME1 BM4, SMALL HiBM",1.1495638979167346,daily_ff5,Daily FF5,XGBoost Combined
2017-10-24,-0.00442,"SMALL LoBM, ME1 BM2, ME1 BM3, ME1 BM4, SMALL HiBM",1.144482825487943,daily_ff5,Daily FF5,XGBoost Combined
2017-10-25,-0.00206,"SMALL LoBM, ME1 BM2, ME1 BM3, ME1 BM4, SMALL HiBM",1.1421251908674377,daily_ff5,Daily FF5,XGBoost Combined
2017-10-26,0.00878,"SMALL LoBM, ME1 BM2, ME1 BM3, ME1 BM4, SMALL HiBM",1.1521530500432535,daily_ff5,Daily FF5,XGBoost Combined
2017-10-27,-0.01262,"SMALL LoBM, ME1 BM2, ME1 BM3, ME1 BM4, SMALL HiBM",1.1376128785517077,daily_ff5,Daily FF5,XGBoost Combined
2017-10-30,0.01068,"SMALL LoBM, ME1 BM2, ME1 BM3, ME1 BM4, ME2 BM1",1.14976258409464,daily_ff5,Daily FF5,XGBoost Combined
2017-10-31,-0.01066,"SMALL LoBM, ME1 BM2, ME1 BM3, ME1 BM4, SMALL HiBM",1.137506114948191,daily_ff5,Daily FF5,XGBoost Combined
2017-11-01,0.00436,"SMALL LoBM, ME1 BM2, ME1 BM3, ME1 BM4, SMALL HiBM",1.142465641609365,daily_ff5,Daily FF5,XGBoost Combined
2017-11-02,0.00096,"SMALL LoBM, ME1 BM2, ME1 BM3, ME1 BM4, SMALL HiBM",1.14356240862531,daily_ff5,Daily FF5,XGBoost Combined
2017-11-03,0.0001,"SMALL LoBM, ME1 BM2, ME1 BM3, ME1 BM4, ME2 BM1",1.1436767648661723,daily_ff5,Daily FF5,XGBoost Combined
2017-11-06,-0.02106,"SMALL LoBM, ME1 BM2, ME1 BM3, ME1 BM4, SMALL HiBM",1.119590932198091,daily_ff5,Daily FF5,XGBoost Combined
2017-11-07,0.00156,"SMALL LoBM, ME1 BM3, ME1 BM4, SMALL HiBM, ME2 BM2",1.12133749405232,daily_ff5,Daily FF5,XGBoost Combined
2017-11-08,-0.00142,"ME1 BM3, ME1 BM4, SMALL HiBM, ME2 BM2, ME2 BM3",1.1197451948107655,daily_ff5,Daily FF5,XGBoost Combined
2017-11-09,0.00158,"ME1 BM3, ME1 BM4, SMALL HiBM, ME2 BM2, ME2 BM3",1.1215143922185666,daily_ff5,Daily FF5,XGBoost Combined
2017-11-10,-0.0015199999999999,"ME1 BM4, ME2 BM2, ME2 BM3, ME2 BM4, ME3 BM3",1.1198096903423944,daily_ff5,Daily FF5,XGBoost Combined
2017-11-13,-0.00222,"ME1 BM4, ME1 BM3, ME2 BM2, ME2 BM3, ME2 BM4",1.1173237128298343,daily_ff5,Daily FF5,XGBoost Combined
2017-11-14,-0.00438,"ME1 BM4, ME1 BM3, ME2 BM2, ME2 BM3, ME2 BM4",1.1124298349676396,daily_ff5,Daily FF5,XGBoost Combined
2017-11-15,0.01848,"ME1 BM3, ME1 BM4, ME2 BM2, ME2 BM3, ME2 BM4",1.1329875383178416,daily_ff5,Daily FF5,XGBoost Combined
2017-11-16,0.00588,"SMALL LoBM, ME1 BM3, ME1 BM4, SMALL HiBM, ME2 BM2",1.1396495050431503,daily_ff5,Daily FF5,XGBoost Combined
2017-11-17,0.0093599999999999,"ME1 BM3, ME1 BM4, ME2 BM1, ME2 BM2, ME2 BM3",1.1503166244103544,daily_ff5,Daily FF5,XGBoost Combined
2017-11-20,0.00748,"SMALL LoBM, ME1 BM4, ME5 BM3, ME1 BM3, ME2 BM2",1.1589209927609438,daily_ff5,Daily FF5,XGBoost Combined
2017-11-21,0.0007399999999999,"SMALL LoBM, ME1 BM3, ME1 BM4, ME2 BM1, ME2 BM2",1.159778594295587,daily_ff5,Daily FF5,XGBoost Combined
2017-11-22,0.00208,"SMALL LoBM, ME1 BM3, ME1 BM4, ME2 BM1, ME2 BM2",1.1621909337717218,daily_ff5,Daily FF5,XGBoost Combined
2017-11-24,-0.00482,"SMALL LoBM, ME1 BM3, ME1 BM4, ME2 BM1, ME2 BM2",1.156589173470942,daily_ff5,Daily FF5,XGBoost Combined
2017-11-27,0.01384,"SMALL LoBM, ME1 BM3, ME1 BM4, SMALL HiBM, ME2 BM1",1.17259636763178,daily_ff5,Daily FF5,XGBoost Combined
2017-11-28,0.0019999999999999,"SMALL LoBM, ME1 BM3, ME1 BM4, SMALL HiBM, ME2 BM1",1.1749415603670434,daily_ff5,Daily FF5,XGBoost Combined
2017-11-29,0.00586,"SMALL LoBM, ME1 BM2, ME2 BM1, ME2 BM5, ME3 BM1",1.1818267179107942,daily_ff5,Daily FF5,XGBoost Combined
2017-11-30,-0.00078,"ME1 BM2, ME2 BM5, ME3 BM1, ME4 BM4, ME4 BM5",1.1809048930708237,daily_ff5,Daily FF5,XGBoost Combined
2017-12-01,-0.0039,"ME1 BM3, ME1 BM4, SMALL HiBM, ME2 BM1, ME2 BM2",1.1762993639878474,daily_ff5,Daily FF5,XGBoost Combined
2017-12-04,-0.00758,"SMALL LoBM, ME1 BM3, ME1 BM4, SMALL HiBM, ME2 BM1",1.1673830148088196,daily_ff5,Daily FF5,XGBoost Combined
2017-12-05,-0.00634,"ME1 BM3, ME1 BM4, SMALL HiBM, ME2 BM1, ME2 BM2",1.1599818064949317,daily_ff5,Daily FF5,XGBoost Combined
2017-12-06,0.0076199999999999,"SMALL LoBM, ME1 BM3, ME1 BM4, SMALL HiBM, ME2 BM1",1.168820867860423,daily_ff5,Daily FF5,XGBoost Combined
2017-12-07,-0.0004399999999999,"SMALL LoBM, ME1 BM3, ME1 BM4, SMALL HiBM, ME2 BM1",1.1683065866785645,daily_ff5,Daily FF5,XGBoost Combined
2017-12-08,-0.00274,"SMALL LoBM, ME1 BM3, ME1 BM4, SMALL HiBM, ME2 BM1",1.1651054266310652,daily_ff5,Daily FF5,XGBoost Combined
2017-12-11,-0.00224,"SMALL LoBM, ME1 BM3, ME1 BM4, SMALL HiBM, ME2 BM1",1.1624955904754115,daily_ff5,Daily FF5,XGBoost Combined
2017-12-12,0.00896,"SMALL LoBM, ME1 BM3, ME1 BM4, SMALL HiBM, ME2 BM1",1.1729115509660712,daily_ff5,Daily FF5,XGBoost Combined
2017-12-13,-0.01098,"SMALL LoBM, ME1 BM3, ME1 BM4, SMALL HiBM, ME2 BM1",1.160032982136464,daily_ff5,Daily FF5,XGBoost Combined
2017-12-14,0.0163,"SMALL LoBM, ME1 BM3, ME1 BM4, SMALL HiBM, ME2 BM1",1.1789415197452882,daily_ff5,Daily FF5,XGBoost Combined
2017-12-15,0.0128799999999999,"SMALL LoBM, ME1 BM3, ME1 BM4, SMALL HiBM, ME2 BM1",1.1941262865196074,daily_ff5,Daily FF5,XGBoost Combined
2017-12-18,-0.0062799999999999,"SMALL LoBM, ME1 BM2, ME1 BM3, ME1 BM4, SMALL HiBM",1.1866271734402642,daily_ff5,Daily FF5,XGBoost Combined
2017-12-19,0.00242,"SMALL LoBM, ME1 BM3, ME1 BM4, ME2 BM1, ME2 BM3",1.1894988111999898,daily_ff5,Daily FF5,XGBoost Combined
2017-12-20,0.0065,"SMALL LoBM, ME1 BM2, ME1 BM3, ME1 BM4, SMALL HiBM",1.1972305534727896,daily_ff5,Daily FF5,XGBoost Combined
2017-12-21,-0.0032,"SMALL LoBM, ME1 BM2, ME1 BM3, ME1 BM4, SMALL HiBM",1.1933994157016767,daily_ff5,Daily FF5,XGBoost Combined
2017-12-22,0.0026,"SMALL LoBM, ME1 BM2, ME1 BM3, ME1 BM4, ME2 BM1",1.196502254182501,daily_ff5,Daily FF5,XGBoost Combined
2017-12-26,0.00078,"SMALL LoBM, ME1 BM2, ME1 BM3, ME1 BM4, ME2 BM1",1.1974355259407634,daily_ff5,Daily FF5,XGBoost Combined
2017-12-27,0.0038999999999999,"SMALL LoBM, ME1 BM2, ME1 BM4, SMALL HiBM, ME2 BM1",1.2021055244919323,daily_ff5,Daily FF5,XGBoost Combined
2017-12-28,-0.01024,"SMALL LoBM, ME1 BM2, ME1 BM4, ME2 BM1, ME2 BM3",1.1897959639211348,daily_ff5,Daily FF5,XGBoost Combined
2017-12-29,0.0136,"SMALL LoBM, ME1 BM2, ME1 BM4, ME2 BM1, ME2 BM3",1.2059771890304622,daily_ff5,Daily FF5,XGBoost Combined
2018-01-02,0.00376,"SMALL LoBM, ME1 BM2, ME1 BM3, ME1 BM4, ME2 BM1",1.2105116632612167,daily_ff5,Daily FF5,XGBoost Combined
2018-01-03,0.0038,"SMALL LoBM, ME1 BM2, ME1 BM4, ME2 BM1, ME2 BM3",1.2151116075816093,daily_ff5,Daily FF5,XGBoost Combined
2018-01-04,0.00154,"SMALL LoBM, ME1 BM2, ME1 BM4, ME2 BM1, ME2 BM3",1.216982879457285,daily_ff5,Daily FF5,XGBoost Combined
2018-01-05,-0.00398,"SMALL LoBM, ME1 BM2, ME1 BM4, ME2 BM1, ME2 BM3",1.212139287597045,daily_ff5,Daily FF5,XGBoost Combined
2018-01-08,-0.0009599999999999,"SMALL LoBM, ME1 BM2, ME1 BM4, ME2 BM1, ME2 BM3",1.210975633880952,daily_ff5,Daily FF5,XGBoost Combined
2018-01-09,0.00074,"SMALL LoBM, ME1 BM2, ME1 BM4, ME2 BM1, ME2 BM3",1.2118717558500238,daily_ff5,Daily FF5,XGBoost Combined
2018-01-10,0.0176799999999999,"SMALL LoBM, ME1 BM2, ME1 BM4, ME2 BM1, ME2 BM3",1.233297648493452,daily_ff5,Daily FF5,XGBoost Combined
2018-01-11,0.00326,"SMALL LoBM, ME1 BM2, ME1 BM4, ME2 BM1, ME2 BM3",1.2373181988275408,daily_ff5,Daily FF5,XGBoost Combined
2018-01-12,-0.017,"SMALL LoBM, ME1 BM2, ME1 BM3, ME1 BM4, SMALL HiBM",1.2162837894474725,daily_ff5,Daily FF5,XGBoost Combined
2018-01-16,0.00902,"SMALL LoBM, ME1 BM2, ME1 BM3, ME1 BM4, SMALL HiBM",1.2272546692282889,daily_ff5,Daily FF5,XGBoost Combined
2018-01-17,-0.00592,"SMALL LoBM, ME1 BM2, ME1 BM3, ME1 BM4, SMALL HiBM",1.2199893215864572,daily_ff5,Daily FF5,XGBoost Combined
2018-01-18,0.01474,"SMALL LoBM, ME1 BM2, ME1 BM3, ME1 BM4, SMALL HiBM",1.2379719641866416,daily_ff5,Daily FF5,XGBoost Combined
2018-01-19,0.004,"SMALL LoBM, ME1 BM2, ME1 BM3, ME1 BM4, SMALL HiBM",1.242923852043388,daily_ff5,Daily FF5,XGBoost Combined
2018-01-22,0.00454,"SMALL LoBM, ME1 BM2, ME1 BM3, ME1 BM4, SMALL HiBM",1.248566726331665,daily_ff5,Daily FF5,XGBoost Combined
2018-01-23,-0.00712,"SMALL LoBM, ME1 BM2, ME1 BM3, ME1 BM4, SMALL HiBM",1.2396769312401836,daily_ff5,Daily FF5,XGBoost Combined
2018-01-24,0.00396,"SMALL LoBM, ME1 BM2, ME1 BM3, ME1 BM4, SMALL HiBM",1.2445860518878946,daily_ff5,Daily FF5,XGBoost Combined
2018-01-25,0.0028,"ME5 BM4, SMALL LoBM, ME1 BM2, ME1 BM3, ME1 BM4",1.2480708928331803,daily_ff5,Daily FF5,XGBoost Combined
2018-01-26,-0.0058,"SMALL LoBM, ME1 BM2, ME1 BM3, ME1 BM4, SMALL HiBM",1.240832081654748,daily_ff5,Daily FF5,XGBoost Combined
2018-01-29,-0.00924,"SMALL LoBM, ME1 BM2, ME1 BM3, ME1 BM4, SMALL HiBM",1.229366793220258,daily_ff5,Daily FF5,XGBoost Combined
2018-01-30,-0.00976,"SMALL LoBM, ME1 BM2, ME1 BM3, ME1 BM4, SMALL HiBM",1.2173681733184285,daily_ff5,Daily FF5,XGBoost Combined
2018-01-31,-4.336808689942018e-20,"SMALL LoBM, ME1 BM2, ME1 BM3, ME1 BM4, SMALL HiBM",1.2173681733184285,daily_ff5,Daily FF5,XGBoost Combined
2018-02-01,-0.0207,"SMALL LoBM, ME1 BM2, ME1 BM3, ME1 BM4, SMALL HiBM",1.1921686521307369,daily_ff5,Daily FF5,XGBoost Combined
2018-02-02,-0.03018,"SMALL LoBM, ME1 BM2, ME1 BM3, ME1 BM4, SMALL HiBM",1.1561890022094312,daily_ff5,Daily FF5,XGBoost Combined
2018-02-05,0.01256,"ME1 BM2, SMALL HiBM, ME2 BM1, ME3 BM2, ME3 BM3",1.1707107360771816,daily_ff5,Daily FF5,XGBoost Combined
2018-02-06,-0.00172,"ME3 BM4, ME4 BM4, ME5 BM3, ME5 BM4, BIG HiBM",1.1686971136111288,daily_ff5,Daily FF5,XGBoost Combined
2018-02-07,-0.02844,"ME2 BM3, ME2 BM5, SMALL LoBM, ME1 BM2, ME1 BM3",1.1354593677000282,daily_ff5,Daily FF5,XGBoost Combined
2018-02-08,0.00814,"ME2 BM5, SMALL LoBM, ME1 BM2, ME1 BM3, ME1 BM4",1.1447020069531064,daily_ff5,Daily FF5,XGBoost Combined
2018-02-09,0.0088799999999999,"SMALL LoBM, ME1 BM3, ME3 BM4, ME3 BM5, ME4 BM1",1.15486696077485,daily_ff5,Daily FF5,XGBoost Combined
2018-02-12,0.0053,"SMALL LoBM, ME1 BM2, ME1 BM3, ME1 BM4, SMALL HiBM",1.1609877556669568,daily_ff5,Daily FF5,XGBoost Combined
2018-02-13,0.01974,"ME1 BM3, ME1 BM4, ME2 BM1, ME3 BM3, ME4 BM5",1.1839056539638226,daily_ff5,Daily FF5,XGBoost Combined
2018-02-14,0.01012,"ME1 BM4, ME2 BM1, ME4 BM5, BIG LoBM, ME5 BM2",1.1958867791819363,daily_ff5,Daily FF5,XGBoost Combined
2018-02-15,0.0015199999999999,"ME1 BM4, ME2 BM1, ME4 BM5, BIG LoBM, ME5 BM2",1.1977045270862927,daily_ff5,Daily FF5,XGBoost Combined
2018-02-16,-0.0091399999999999,"SMALL LoBM, ME1 BM4, ME2 BM1, ME3 BM3, ME4 BM5",1.186757507708724,daily_ff5,Daily FF5,XGBoost Combined
2018-02-20,0.0067,"SMALL LoBM, ME1 BM3, ME1 BM4, ME2 BM1, ME2 BM4",1.1947087830103724,daily_ff5,Daily FF5,XGBoost Combined
2018-02-21,-0.00092,"SMALL LoBM, ME1 BM3, ME1 BM4, ME2 BM1, ME3 BM3",1.193609650930003,daily_ff5,Daily FF5,XGBoost Combined
2018-02-22,0.01226,"SMALL LoBM, ME1 BM2, ME1 BM3, ME1 BM4, SMALL HiBM",1.208243305250405,daily_ff5,Daily FF5,XGBoost Combined
2018-02-23,0.00844,"SMALL LoBM, ME1 BM3, ME1 BM4, ME2 BM1, ME2 BM4",1.218440878746718,daily_ff5,Daily FF5,XGBoost Combined
2018-02-26,-0.01436,"SMALL LoBM, ME1 BM2, ME2 BM1, ME4 BM5, ME1 BM4",1.200944067727915,daily_ff5,Daily FF5,XGBoost Combined
2018-02-27,-0.0146799999999999,"SMALL LoBM, ME1 BM2, ME1 BM4, ME2 BM1, ME2 BM4",1.1833142088136692,daily_ff5,Daily FF5,XGBoost Combined
2018-02-28,-0.0024,"SMALL LoBM, ME1 BM4, ME2 BM1, ME2 BM4, ME2 BM5",1.1804742547125164,daily_ff5,Daily FF5,XGBoost Combined
2018-03-01,0.02238,"SMALL LoBM, ME1 BM2, ME1 BM4, ME2 BM1, ME2 BM4",1.2068932685329827,daily_ff5,Daily FF5,XGBoost Combined
2018-03-02,0.00844,"ME2 BM3, SMALL LoBM, ME1 BM3, ME1 BM4, SMALL HiBM",1.2170794477194011,daily_ff5,Daily FF5,XGBoost Combined
2018-03-05,0.00616,"SMALL LoBM, ME1 BM2, ME1 BM3, ME1 BM4, SMALL HiBM",1.2245766571173526,daily_ff5,Daily FF5,XGBoost Combined
2018-03-06,0.00956,"SMALL LoBM, ME1 BM2, ME1 BM3, ME1 BM4, SMALL HiBM",1.2362836099593946,daily_ff5,Daily FF5,XGBoost Combined
2018-03-07,0.00124,"SMALL LoBM, ME1 BM2, ME1 BM3, ME1 BM4, SMALL HiBM",1.237816601635744,daily_ff5,Daily FF5,XGBoost Combined
2018-03-08,0.0175,"SMALL LoBM, ME1 BM2, ME1 BM3, ME1 BM4, SMALL HiBM",1.2594783921643695,daily_ff5,Daily FF5,XGBoost Combined
2018-03-09,0.00402,"SMALL LoBM, ME1 BM2, ME1 BM3, ME1 BM4, SMALL HiBM",1.2645414953008705,daily_ff5,Daily FF5,XGBoost Combined
2018-03-12,-0.00776,"SMALL LoBM, ME1 BM2, ME1 BM3, ME1 BM4, SMALL HiBM",1.2547286532973356,daily_ff5,Daily FF5,XGBoost Combined
2018-03-13,-0.0063999999999999,"SMALL LoBM, ME1 BM2, ME1 BM3, ME1 BM4, SMALL HiBM",1.2466983899162327,daily_ff5,Daily FF5,XGBoost Combined
2018-03-14,-0.0073399999999999,"SMALL LoBM, ME1 BM2, ME1 BM3, ME1 BM4, SMALL HiBM",1.2375476237342475,daily_ff5,Daily FF5,XGBoost Combined
2018-03-15,0.00888,"SMALL LoBM, ME1 BM2, ME1 BM3, ME1 BM4, SMALL HiBM",1.2485370466330077,daily_ff5,Daily FF5,XGBoost Combined
2018-03-16,-0.00802,"SMALL LoBM, ME1 BM2, ME1 BM3, ME1 BM4, SMALL HiBM",1.238523779519011,daily_ff5,Daily FF5,XGBoost Combined
2018-03-19,-0.00218,"SMALL LoBM, ME1 BM2, ME1 BM3, ME1 BM4, SMALL HiBM",1.2358237976796596,daily_ff5,Daily FF5,XGBoost Combined
2018-03-20,0.0096,"SMALL LoBM, ME1 BM2, ME1 BM3, ME1 BM4, SMALL HiBM",1.2476877061373843,daily_ff5,Daily FF5,XGBoost Combined
2018-03-21,-0.0181,"SMALL LoBM, ME1 BM2, ME1 BM3, ME1 BM4, SMALL HiBM",1.2251045586562976,daily_ff5,Daily FF5,XGBoost Combined
2018-03-22,-0.0188,"SMALL LoBM, ME1 BM2, ME1 BM3, ME1 BM4, SMALL HiBM",1.2020725929535592,daily_ff5,Daily FF5,XGBoost Combined
2018-03-23,0.0197199999999999,"ME2 BM4, ME2 BM5, BIG HiBM, SMALL LoBM, ME1 BM2",1.2257774644866033,daily_ff5,Daily FF5,XGBoost Combined
2018-03-26,-0.0236,"SMALL LoBM, ME1 BM2, ME1 BM4, ME2 BM1, ME3 BM1",1.1968491163247197,daily_ff5,Daily FF5,XGBoost Combined
2018-03-27,-0.0034,"ME1 BM4, ME2 BM1, ME3 BM1, ME4 BM2, ME4 BM5",1.1927798293292156,daily_ff5,Daily FF5,XGBoost Combined
2018-03-28,0.01274,"ME1 BM2, ME1 BM4, ME2 BM1, ME3 BM1, ME3 BM3",1.2079758443548698,daily_ff5,Daily FF5,XGBoost Combined
2018-03-29,-0.02194,"SMALL HiBM, ME2 BM3, ME2 BM4, ME2 BM5, ME3 BM5",1.181472854329724,daily_ff5,Daily FF5,XGBoost Combined
2018-04-02,0.01446,"ME1 BM3, ME2 BM3, ME2 BM4, ME2 BM5, ME3 BM5",1.1985569518033317,daily_ff5,Daily FF5,XGBoost Combined
2018-04-03,0.01366,"ME2 BM2, ME2 BM3, ME2 BM4, ME2 BM5, ME3 BM2",1.2149292397649651,daily_ff5,Daily FF5,XGBoost Combined
2018-04-04,0.00756,"ME1 BM3, ME2 BM2, ME2 BM3, ME3 BM2, ME3 BM5",1.2241141048175883,daily_ff5,Daily FF5,XGBoost Combined
2018-04-05,-0.0191,"ME1 BM3, ME2 BM2, ME2 BM3, ME2 BM5, ME3 BM2",1.2007335254155724,daily_ff5,Daily FF5,XGBoost Combined
2018-04-06,-0.00092,"ME1 BM3, ME2 BM2, ME2 BM3, ME2 BM5, ME3 BM2",1.1996288505721902,daily_ff5,Daily FF5,XGBoost Combined
2018-04-09,0.02216,"ME1 BM2, ME2 BM2, ME2 BM3, ME2 BM5, ME3 BM2",1.22621262590087,daily_ff5,Daily FF5,XGBoost Combined
2018-04-10,0.00214,"SMALL LoBM, ME1 BM4, ME2 BM1, ME3 BM1, ME4 BM5",1.2288367209202975,daily_ff5,Daily FF5,XGBoost Combined
2018-04-11,0.00698,"SMALL LoBM, ME1 BM4, ME2 BM1, ME3 BM1, ME4 BM5",1.2374140012323214,daily_ff5,Daily FF5,XGBoost Combined
2018-04-12,-0.00408,"ME3 BM1, ME4 BM5, BIG LoBM, ME5 BM2, SMALL LoBM",1.2323653521072937,daily_ff5,Daily FF5,XGBoost Combined
2018-04-13,0.00506,"SMALL LoBM, ME2 BM1, ME3 BM1, ME4 BM5, BIG LoBM",1.2386011207889565,daily_ff5,Daily FF5,XGBoost Combined
2018-04-16,0.01362,"SMALL LoBM, ME2 BM1, ME3 BM1, ME4 BM5, BIG LoBM",1.255470868054102,daily_ff5,Daily FF5,XGBoost Combined
2018-04-17,0.00432,"SMALL LoBM, ME2 BM1, ME3 BM1, ME4 BM5, BIG LoBM",1.2608945022040958,daily_ff5,Daily FF5,XGBoost Combined
2018-04-18,-0.0062799999999999,"SMALL LoBM, ME3 BM1, ME4 BM5, BIG LoBM, ME5 BM2",1.2529760847302542,daily_ff5,Daily FF5,XGBoost Combined
2018-04-19,-0.00788,"SMALL LoBM, ME3 BM1, ME4 BM5, BIG LoBM, ME5 BM2",1.24310263318258,daily_ff5,Daily FF5,XGBoost Combined
2018-04-20,-0.00252,"SMALL LoBM, ME3 BM1, ME4 BM5, BIG LoBM, ME5 BM2",1.23997001454696,daily_ff5,Daily FF5,XGBoost Combined
2018-04-23,-0.0114,"SMALL LoBM, ME3 BM1, ME4 BM5, BIG LoBM, ME5 BM2",1.2258343563811245,daily_ff5,Daily FF5,XGBoost Combined
2018-04-24,0.00034,"ME3 BM1, BIG LoBM, ME5 BM2, SMALL LoBM, ME1 BM2",1.226251140062294,daily_ff5,Daily FF5,XGBoost Combined
2018-04-25,0.0076599999999999,"ME3 BM1, BIG LoBM, ME5 BM2, SMALL HiBM, ME2 BM3",1.235644223795171,daily_ff5,Daily FF5,XGBoost Combined
2018-04-26,-0.0008799999999999,"ME3 BM1, BIG LoBM, ME5 BM2, ME1 BM4, ME2 BM2",1.2345568568782312,daily_ff5,Daily FF5,XGBoost Combined
2018-04-27,-0.00892,"SMALL LoBM, ME3 BM1, BIG LoBM, ME5 BM2, ME2 BM2",1.2235446097148774,daily_ff5,Daily FF5,XGBoost Combined
2018-04-30,0.00446,"SMALL LoBM, ME3 BM1, BIG LoBM, ME5 BM2, ME3 BM2",1.2290016186742057,daily_ff5,Daily FF5,XGBoost Combined
2018-05-01,-0.0018,"SMALL LoBM, ME3 BM1, BIG LoBM, ME5 BM2, BIG HiBM",1.226789415760592,daily_ff5,Daily FF5,XGBoost Combined
2018-05-02,-0.0054399999999999,"ME3 BM1, BIG LoBM, ME5 BM2, ME3 BM3, BIG HiBM",1.2201156813388545,daily_ff5,Daily FF5,XGBoost Combined
2018-05-03,0.01612,"SMALL LoBM, ME3 BM1, BIG LoBM, ME5 BM2, ME3 BM3",1.2397839461220368,daily_ff5,Daily FF5,XGBoost Combined
2018-05-04,0.0067399999999999,"ME3 BM1, BIG LoBM, ME5 BM2, SMALL LoBM, ME1 BM2",1.2481400899188992,daily_ff5,Daily FF5,XGBoost Combined
2018-05-07,0.00208,"ME3 BM1, BIG LoBM, ME5 BM2, SMALL LoBM, ME1 BM2",1.2507362213059308,daily_ff5,Daily FF5,XGBoost Combined
2018-05-08,0.0076399999999999,"SMALL LoBM, ME2 BM3, ME3 BM1, ME4 BM1, ME4 BM2",1.2602918460367083,daily_ff5,Daily FF5,XGBoost Combined
2018-05-09,0.00426,"SMALL LoBM, ME2 BM3, ME3 BM1, ME4 BM1, ME4 BM2",1.2656606893008246,daily_ff5,Daily FF5,XGBoost Combined
2018-05-10,0.0042,"SMALL LoBM, ME3 BM1, ME4 BM1, ME4 BM2, BIG LoBM",1.270976464195888,daily_ff5,Daily FF5,XGBoost Combined
2018-05-11,0.00024,"SMALL LoBM, ME3 BM1, ME4 BM2, BIG LoBM, ME5 BM2",1.271281498547295,daily_ff5,Daily FF5,XGBoost Combined
2018-05-14,-0.0028,"SMALL LoBM, ME3 BM1, ME4 BM2, BIG LoBM, ME5 BM2",1.2677219103513626,daily_ff5,Daily FF5,XGBoost Combined
2018-05-15,0.00674,"SMALL LoBM, ME3 BM1, ME5 BM2, BIG HiBM, ME3 BM4",1.2762663560271308,daily_ff5,Daily FF5,XGBoost Combined
2018-05-16,0.00216,"SMALL LoBM, ME3 BM1, ME5 BM2, BIG HiBM, ME3 BM4",1.2790230913561491,daily_ff5,Daily FF5,XGBoost Combined
2018-05-17,-0.00144,"SMALL LoBM, ME5 BM2, BIG HiBM, ME3 BM1, ME3 BM4",1.2771812981045965,daily_ff5,Daily FF5,XGBoost Combined
2018-05-18,0.00536,"SMALL LoBM, ME3 BM1, ME5 BM2, BIG HiBM, ME3 BM4",1.2840269898624372,daily_ff5,Daily FF5,XGBoost Combined
2018-05-21,-0.00736,"SMALL LoBM, ME5 BM2, ME2 BM3, ME3 BM1, ME3 BM4",1.2745765512170495,daily_ff5,Daily FF5,XGBoost Combined
2018-05-22,0.0012,"BIG HiBM, SMALL LoBM, ME2 BM3, ME3 BM1, ME3 BM4",1.2761060430785105,daily_ff5,Daily FF5,XGBoost Combined
2018-05-23,-0.00112,"SMALL LoBM, ME5 BM2, BIG HiBM, ME3 BM1, ME4 BM1",1.2746768043102623,daily_ff5,Daily FF5,XGBoost Combined
2018-05-24,-0.00196,"ME3 BM1, BIG HiBM, SMALL LoBM, ME3 BM4, ME4 BM2",1.2721784377738143,daily_ff5,Daily FF5,XGBoost Combined
2018-05-25,-0.01126,"BIG HiBM, ME3 BM1, BIG LoBM, ME5 BM2, SMALL LoBM",1.2578537085644812,daily_ff5,Daily FF5,XGBoost Combined
2018-05-29,0.0137,"BIG HiBM, ME3 BM1, BIG LoBM, ME5 BM2, ME4 BM2",1.2750863043718146,daily_ff5,Daily FF5,XGBoost Combined
2018-05-30,-0.00584,"BIG HiBM, ME3 BM1, BIG LoBM, ME5 BM2, ME5 BM3",1.2676398003542833,daily_ff5,Daily FF5,XGBoost Combined
2018-05-31,0.01254,"ME5 BM2, BIG HiBM, ME3 BM1, BIG LoBM, ME5 BM3",1.283536003450726,daily_ff5,Daily FF5,XGBoost Combined
2018-06-01,0.0003,"SMALL LoBM, ME3 BM1, ME4 BM2, ME5 BM2, ME5 BM3",1.2839210642517611,daily_ff5,Daily FF5,XGBoost Combined
2018-06-04,0.00088,"ME3 BM1, ME4 BM2, ME5 BM2, ME5 BM3, BIG HiBM",1.2850509147883027,daily_ff5,Daily FF5,XGBoost Combined
2018-06-05,0.01108,"ME3 BM1, ME4 BM2, ME5 BM3, BIG HiBM, BIG LoBM",1.299289278924157,daily_ff5,Daily FF5,XGBoost Combined
2018-06-06,-0.0029199999999999,"ME3 BM1, ME4 BM2, ME5 BM2, ME5 BM3, BIG HiBM",1.2954953542296983,daily_ff5,Daily FF5,XGBoost Combined
2018-06-07,0.005,"ME3 BM1, BIG HiBM, ME4 BM2, BIG LoBM, ME5 BM2",1.301972831000847,daily_ff5,Daily FF5,XGBoost Combined
2018-06-08,0.00096,"ME3 BM1, ME1 BM3, ME1 BM4, SMALL HiBM, ME2 BM3",1.303222724918608,daily_ff5,Daily FF5,XGBoost Combined
2018-06-11,0.0053399999999999,"ME3 BM1, BIG HiBM, ME4 BM1, ME4 BM2, BIG LoBM",1.3101819342696732,daily_ff5,Daily FF5,XGBoost Combined
2018-06-12,-0.00412,"ME3 BM1, BIG HiBM, ME4 BM1, ME4 BM2, BIG LoBM",1.304783984700482,daily_ff5,Daily FF5,XGBoost Combined
2018-06-13,0.0047399999999999,"ME3 BM1, ME2 BM3, ME4 BM2, BIG LoBM, ME5 BM2",1.3109686607879625,daily_ff5,Daily FF5,XGBoost Combined
2018-06-14,-0.00042,"ME3 BM1, ME2 BM3, ME4 BM2, BIG LoBM, ME5 BM2",1.310418053950431,daily_ff5,Daily FF5,XGBoost Combined
2018-06-15,0.00278,"ME3 BM1, ME2 BM3, ME4 BM2, BIG LoBM, ME5 BM2",1.3140610161404136,daily_ff5,Daily FF5,XGBoost Combined
2018-06-18,0.0008799999999999,"SMALL LoBM, ME2 BM3, ME2 BM4, ME3 BM1, ME3 BM4",1.3152173898346171,daily_ff5,Daily FF5,XGBoost Combined
2018-06-19,0.00676,"SMALL LoBM, ME2 BM3, ME3 BM1, ME3 BM4, BIG LoBM",1.3241082593898992,daily_ff5,Daily FF5,XGBoost Combined
2018-06-20,-0.01514,"SMALL LoBM, ME1 BM2, ME1 BM3, ME1 BM4, ME2 BM2",1.304061260342736,daily_ff5,Daily FF5,XGBoost Combined
2018-06-21,0.0013399999999999,"SMALL LoBM, ME2 BM3, ME3 BM1, ME3 BM4, ME5 BM2",1.3058087024315952,daily_ff5,Daily FF5,XGBoost Combined
2018-06-22,-0.01736,"SMALL LoBM, ME2 BM3, ME3 BM1, ME3 BM4, ME5 BM2",1.2831398633573827,daily_ff5,Daily FF5,XGBoost Combined
2018-06-25,0.0094999999999999,"SMALL LoBM, ME3 BM1, ME1 BM2, ME1 BM3, ME2 BM3",1.2953296920592778,daily_ff5,Daily FF5,XGBoost Combined
2018-06-26,-0.01738,"SMALL LoBM, ME3 BM1, ME2 BM3, ME4 BM1, ME4 BM5",1.2728168620112876,daily_ff5,Daily FF5,XGBoost Combined
2018-06-27,0.0055,"SMALL LoBM, ME1 BM2, ME1 BM3, ME3 BM1, ME4 BM5",1.2798173547523497,daily_ff5,Daily FF5,XGBoost Combined
2018-06-28,0.0018199999999999,"SMALL LoBM, ME3 BM1, ME4 BM5, ME4 BM1, BIG LoBM",1.282146622337999,daily_ff5,Daily FF5,XGBoost Combined
2018-06-29,0.0043,"SMALL LoBM, ME3 BM1, ME4 BM1, BIG LoBM, ME5 BM3",1.2876598528140524,daily_ff5,Daily FF5,XGBoost Combined
2018-07-02,0.0019599999999999,"SMALL LoBM, ME3 BM1, ME2 BM3, ME4 BM1, ME4 BM5",1.290183666125568,daily_ff5,Daily FF5,XGBoost Combined
2018-07-03,0.01196,"SMALL LoBM, ME2 BM2, ME3 BM1, ME2 BM3, ME4 BM1",1.3056142627724296,daily_ff5,Daily FF5,XGBoost Combined
2018-07-05,0.0082399999999999,"SMALL LoBM, ME2 BM2, ME3 BM1, SMALL HiBM, ME2 BM3",1.3163725242976745,daily_ff5,Daily FF5,XGBoost Combined
2018-07-06,0.0060999999999999,"SMALL LoBM, ME2 BM2, ME3 BM1, ME2 BM3, ME3 BM3",1.3244023966958902,daily_ff5,Daily FF5,XGBoost Combined
2018-07-09,-0.0064399999999999,"SMALL LoBM, ME1 BM2, ME2 BM2, ME2 BM3, ME2 BM4",1.3158732452611688,daily_ff5,Daily FF5,XGBoost Combined
2018-07-10,-0.00984,"ME1 BM4, ME2 BM5, ME3 BM2, ME3 BM5, ME4 BM3",1.3029250525277989,daily_ff5,Daily FF5,XGBoost Combined
2018-07-11,0.00566,"SMALL LoBM, ME1 BM2, ME1 BM3, SMALL HiBM, ME2 BM1",1.3102996083251062,daily_ff5,Daily FF5,XGBoost Combined
2018-07-12,-0.00232,"SMALL LoBM, ME1 BM2, ME1 BM3, ME1 BM4, SMALL HiBM",1.307259713233792,daily_ff5,Daily FF5,XGBoost Combined
2018-07-13,-0.00732,"SMALL LoBM, ME1 BM2, ME1 BM3, ME1 BM4, ME2 BM1",1.2976905721329206,daily_ff5,Daily FF5,XGBoost Combined
2018-07-16,0.0026799999999999,"SMALL LoBM, ME1 BM2, ME1 BM3, ME1 BM4, SMALL HiBM",1.3011683828662368,daily_ff5,Daily FF5,XGBoost Combined
2018-07-17,0.00066,"SMALL LoBM, ME1 BM2, ME1 BM3, ME1 BM4, SMALL HiBM",1.3020271539989288,daily_ff5,Daily FF5,XGBoost Combined
2018-07-18,0.0050999999999999,"SMALL LoBM, ME1 BM2, ME1 BM3, ME1 BM4, SMALL HiBM",1.3086674924843231,daily_ff5,Daily FF5,XGBoost Combined
2018-07-19,-0.0025399999999999,"SMALL LoBM, ME1 BM2, ME1 BM3, ME2 BM1, ME2 BM2",1.3053434770534131,daily_ff5,Daily FF5,XGBoost Combined
2018-07-20,0.0005,"SMALL LoBM, ME1 BM2, ME1 BM3, ME1 BM4, ME2 BM1",1.3059961487919398,daily_ff5,Daily FF5,XGBoost Combined
2018-07-23,-0.0089799999999999,"ME3 BM5, BIG HiBM, SMALL LoBM, ME1 BM2, ME1 BM3",1.2942683033757882,daily_ff5,Daily FF5,XGBoost Combined
2018-07-24,0.00374,"SMALL LoBM, ME1 BM2, ME1 BM3, ME2 BM1, ME2 BM2",1.2991088668304138,daily_ff5,Daily FF5,XGBoost Combined
2018-07-25,0.00634,"SMALL LoBM, ME1 BM2, ME1 BM3, ME2 BM1, ME2 BM2",1.3073452170461186,daily_ff5,Daily FF5,XGBoost Combined
2018-07-26,-0.02242,"SMALL LoBM, ME2 BM1, ME3 BM1, ME1 BM4, ME2 BM2",1.2780345372799446,daily_ff5,Daily FF5,XGBoost Combined
2018-07-27,-0.01162,"SMALL LoBM, ME1 BM2, ME2 BM1, ME3 BM1, ME1 BM3",1.2631837759567517,daily_ff5,Daily FF5,XGBoost Combined
2018-07-30,0.0135,"SMALL LoBM, ME1 BM2, ME2 BM1, ME3 BM1, BIG LoBM",1.280236756932168,daily_ff5,Daily FF5,XGBoost Combined
2018-07-31,0.00108,"SMALL LoBM, ME1 BM2, SMALL HiBM, ME2 BM1, ME2 BM2",1.2816194126296547,daily_ff5,Daily FF5,XGBoost Combined
2018-08-01,0.0084,"SMALL LoBM, ME1 BM2, SMALL HiBM, ME2 BM1, ME2 BM2",1.2923850156957437,daily_ff5,Daily FF5,XGBoost Combined
2018-08-02,-0.00944,"SMALL LoBM, ME1 BM2, SMALL HiBM, ME2 BM1, ME2 BM2",1.280184901147576,daily_ff5,Daily FF5,XGBoost Combined
2018-08-03,0.00892,"SMALL LoBM, ME1 BM2, SMALL HiBM, ME2 BM1, ME2 BM2",1.2916041504658122,daily_ff5,Daily FF5,XGBoost Combined
2018-08-06,0.0049,"SMALL LoBM, ME1 BM2, SMALL HiBM, ME2 BM1, ME2 BM2",1.2979330108030946,daily_ff5,Daily FF5,XGBoost Combined
2018-08-07,-0.0013,"SMALL LoBM, ME1 BM2, SMALL HiBM, ME2 BM1, ME2 BM2",1.2962456978890506,daily_ff5,Daily FF5,XGBoost Combined
2018-08-08,0.0039,"SMALL LoBM, ME1 BM2, SMALL HiBM, ME2 BM1, ME2 BM2",1.301301056110818,daily_ff5,Daily FF5,XGBoost Combined
2018-08-09,-0.00014,"SMALL LoBM, ME1 BM2, SMALL HiBM, ME2 BM1, ME2 BM2",1.3011188739629624,daily_ff5,Daily FF5,XGBoost Combined
2018-08-10,-0.0064399999999999,"SMALL LoBM, ME1 BM2, ME2 BM1, ME2 BM2, ME2 BM3",1.292739668414641,daily_ff5,Daily FF5,XGBoost Combined
2018-08-13,0.00686,"SMALL LoBM, ME1 BM2, ME2 BM1, ME2 BM2, ME2 BM3",1.3016078625399656,daily_ff5,Daily FF5,XGBoost Combined
2018-08-14,-0.0160599999999999,"SMALL LoBM, ME1 BM2, SMALL HiBM, ME2 BM1, ME2 BM2",1.2807040402675738,daily_ff5,Daily FF5,XGBoost Combined
2018-08-15,0.00944,"SMALL LoBM, ME1 BM2, ME2 BM1, ME2 BM2, ME2 BM3",1.2927938864076995,daily_ff5,Daily FF5,XGBoost Combined
2018-08-16,0.00342,"SMALL LoBM, ME1 BM2, ME2 BM1, ME2 BM2, ME2 BM3",1.2972152414992135,daily_ff5,Daily FF5,XGBoost Combined
2018-08-17,0.00512,"ME3 BM2, ME3 BM3, ME4 BM1, ME4 BM2, ME4 BM3",1.3038569835356897,daily_ff5,Daily FF5,XGBoost Combined
2018-08-20,0.0128399999999999,"SMALL LoBM, ME1 BM2, ME2 BM1, ME2 BM2, ME2 BM3",1.3205985072042878,daily_ff5,Daily FF5,XGBoost Combined
2018-08-21,0.00574,"SMALL LoBM, ME1 BM2, ME2 BM1, ME2 BM2, ME2 BM3",1.3281787426356406,daily_ff5,Daily FF5,XGBoost Combined
2018-08-22,-0.0019,"SMALL LoBM, ME1 BM2, ME2 BM1, ME3 BM1, ME1 BM3",1.325655203024633,daily_ff5,Daily FF5,XGBoost Combined
2018-08-23,0.00768,"SMALL LoBM, ME1 BM2, ME2 BM1, ME3 BM1, ME1 BM4",1.335836234983862,daily_ff5,Daily FF5,XGBoost Combined
2018-08-24,0.0053,"SMALL LoBM, ME1 BM2, ME2 BM1, ME3 BM1, BIG LoBM",1.3429161670292766,daily_ff5,Daily FF5,XGBoost Combined
2018-08-27,0.00146,"SMALL LoBM, ME1 BM2, ME2 BM1, ME3 BM1, BIG LoBM",1.3448768246331393,daily_ff5,Daily FF5,XGBoost Combined
2018-08-28,0.00626,"SMALL LoBM, ME1 BM2, ME2 BM1, ME3 BM1, ME2 BM2",1.3532957535553427,daily_ff5,Daily FF5,XGBoost Combined
2018-08-29,0.0021,"SMALL LoBM, ME1 BM2, ME2 BM1, ME2 BM2, ME2 BM3",1.3561376746378089,daily_ff5,Daily FF5,XGBoost Combined
2018-08-30,0.00414,"SMALL LoBM, ME2 BM1, ME2 BM2, BIG LoBM, BIG HiBM",1.3617520846108095,daily_ff5,Daily FF5,XGBoost Combined
2018-08-31,-0.0019,"SMALL LoBM, BIG LoBM, BIG HiBM, ME2 BM5, ME5 BM2",1.359164755650049,daily_ff5,Daily FF5,XGBoost Combined
2018-09-04,-0.00596,"SMALL LoBM, ME2 BM1, BIG LoBM, BIG HiBM, ME2 BM2",1.351064133706375,daily_ff5,Daily FF5,XGBoost Combined
2018-09-05,-0.00772,"SMALL LoBM, ME2 BM1, BIG LoBM, BIG HiBM, ME1 BM4",1.3406339185941616,daily_ff5,Daily FF5,XGBoost Combined
2018-09-06,-0.00058,"SMALL LoBM, ME2 BM1, ME1 BM4, ME2 BM4, ME3 BM5",1.339856350921377,daily_ff5,Daily FF5,XGBoost Combined
2018-09-07,0.00272,"SMALL LoBM, ME1 BM2, ME2 BM1, BIG LoBM, BIG HiBM",1.3435007601958833,daily_ff5,Daily FF5,XGBoost Combined
2018-09-10,0.00258,"SMALL LoBM, ME2 BM1, ME2 BM2, BIG LoBM, BIG HiBM",1.3469669921571887,daily_ff5,Daily FF5,XGBoost Combined
2018-09-11,-0.0029,"SMALL LoBM, ME2 BM1, ME2 BM2, BIG LoBM, BIG HiBM",1.3430607878799328,daily_ff5,Daily FF5,XGBoost Combined
2018-09-12,0.00088,"SMALL LoBM, ME2 BM1, BIG LoBM, BIG HiBM, ME1 BM2",1.344242681373267,daily_ff5,Daily FF5,XGBoost Combined
2018-09-13,0.00342,"SMALL LoBM, ME1 BM2, ME2 BM1, ME1 BM4, ME2 BM2",1.3488399913435636,daily_ff5,Daily FF5,XGBoost Combined
2018-09-14,-0.00992,"SMALL LoBM, ME2 BM1, BIG LoBM, BIG HiBM, ME1 BM2",1.3354594986294357,daily_ff5,Daily FF5,XGBoost Combined
2018-09-17,0.0108,"SMALL LoBM, ME2 BM1, BIG LoBM, BIG HiBM, ME1 BM2",1.3498824612146332,daily_ff5,Daily FF5,XGBoost Combined
2018-09-18,-0.0009399999999999,"SMALL LoBM, ME2 BM1, BIG LoBM, BIG HiBM, ME1 BM2",1.3486135717010914,daily_ff5,Daily FF5,XGBoost Combined
2018-09-19,0.0125,"SMALL LoBM, ME2 BM1, ME1 BM2, ME1 BM4, BIG LoBM",1.365471241347355,daily_ff5,Daily FF5,XGBoost Combined
2018-09-20,-0.0047399999999999,"SMALL LoBM, ME2 BM1, ME3 BM5, ME4 BM3, ME4 BM5",1.3589989076633686,daily_ff5,Daily FF5,XGBoost Combined
2018-09-21,-0.0002199999999999,"SMALL LoBM, ME1 BM2, ME2 BM1, BIG LoBM, BIG HiBM",1.3586999279036829,daily_ff5,Daily FF5,XGBoost Combined
2018-09-24,0.002,"SMALL LoBM, ME2 BM1, ME1 BM2, BIG LoBM, ME5 BM2",1.36141732775949,daily_ff5,Daily FF5,XGBoost Combined
2018-09-25,-0.00522,"SMALL LoBM, ME2 BM1, ME1 BM2, BIG LoBM, ME5 BM2",1.3543107293085856,daily_ff5,Daily FF5,XGBoost Combined
2018-09-26,0.00432,"SMALL LoBM, ME1 BM2, ME2 BM1, BIG LoBM, ME5 BM2",1.3601613516591988,daily_ff5,Daily FF5,XGBoost Combined
2018-09-27,0.00336,"SMALL LoBM, ME1 BM2, ME1 BM4, ME2 BM1, ME2 BM3",1.3647314938007735,daily_ff5,Daily FF5,XGBoost Combined
2018-09-28,-0.00822,"SMALL LoBM, ME2 BM1, ME1 BM2, BIG LoBM, ME5 BM2",1.3535134009217311,daily_ff5,Daily FF5,XGBoost Combined
2018-10-01,-0.01082,"SMALL LoBM, ME2 BM1, ME1 BM2, BIG LoBM, ME5 BM2",1.3388683859237582,daily_ff5,Daily FF5,XGBoost Combined
2018-10-02,0.00374,"SMALL LoBM, BIG LoBM, ME5 BM2, BIG HiBM, ME5 BM3",1.343875753687113,daily_ff5,Daily FF5,XGBoost Combined
2018-10-03,-0.0114,"SMALL LoBM, BIG LoBM, ME5 BM2, BIG HiBM, ME2 BM1",1.32855557009508,daily_ff5,Daily FF5,XGBoost Combined
2018-10-04,-0.0113599999999999,"SMALL LoBM, ME1 BM2, ME1 BM3, ME1 BM4, SMALL HiBM",1.3134631788187998,daily_ff5,Daily FF5,XGBoost Combined
2018-10-05,-0.0014,"SMALL LoBM, ME4 BM5, ME5 BM4, BIG LoBM, ME5 BM2",1.3116243303684536,daily_ff5,Daily FF5,XGBoost Combined
2018-10-08,-0.0043799999999999,"SMALL LoBM, ME3 BM1, BIG LoBM, ME5 BM2, ME1 BM3",1.3058794158014395,daily_ff5,Daily FF5,XGBoost Combined
2018-10-09,-0.0372199999999999,"SMALL LoBM, ME3 BM1, BIG LoBM, ME5 BM2, ME2 BM1",1.25727458394531,daily_ff5,Daily FF5,XGBoost Combined
2018-10-10,-0.0164,"SMALL LoBM, ME5 BM3, BIG LoBM, ME5 BM2, ME2 BM1",1.236655280768607,daily_ff5,Daily FF5,XGBoost Combined
2018-10-11,0.01124,"SMALL LoBM, ME1 BM2, ME2 BM2, ME3 BM1, ME4 BM1",1.2505552861244462,daily_ff5,Daily FF5,XGBoost Combined
2018-10-12,0.00114,"BIG HiBM, SMALL LoBM, ME1 BM2, ME1 BM3, ME2 BM1",1.251980919150628,daily_ff5,Daily FF5,XGBoost Combined
2018-10-15,0.03454,"SMALL LoBM, ME2 BM1, ME3 BM1, ME3 BM2, ME4 BM1",1.2952243400980907,daily_ff5,Daily FF5,XGBoost Combined
2018-10-16,-0.00472,"SMALL LoBM, ME2 BM1, ME3 BM1, ME4 BM1, ME4 BM2",1.2891108812128278,daily_ff5,Daily FF5,XGBoost Combined
2018-10-17,-0.01942,"SMALL LoBM, ME1 BM2, ME1 BM3, ME2 BM1, ME2 BM2",1.2640763478996746,daily_ff5,Daily FF5,XGBoost Combined
2018-10-18,-0.0108,"ME4 BM5, ME5 BM4, SMALL LoBM, ME1 BM2, ME1 BM3",1.250424323342358,daily_ff5,Daily FF5,XGBoost Combined
2018-10-19,-0.0033,"SMALL LoBM, ME1 BM2, ME1 BM3, SMALL HiBM, ME2 BM1",1.2462979230753282,daily_ff5,Daily FF5,XGBoost Combined
2018-10-22,-0.00674,"SMALL LoBM, ME1 BM2, ME1 BM3, ME2 BM1, ME2 BM2",1.2378978750738006,daily_ff5,Daily FF5,XGBoost Combined
2018-10-23,-0.0411599999999999,"SMALL LoBM, ME1 BM2, ME1 BM3, ME2 BM1, ME2 BM2",1.1869459985357629,daily_ff5,Daily FF5,XGBoost Combined
2018-10-24,0.02034,"SMALL LoBM, ME1 BM2, ME1 BM3, ME2 BM1, ME2 BM2",1.2110884801459805,daily_ff5,Daily FF5,XGBoost Combined
2018-10-25,-0.0089,"ME1 BM4, ME2 BM3, ME2 BM4, ME2 BM5, ME3 BM3",1.200309792672681,daily_ff5,Daily FF5,XGBoost Combined
2018-10-26,-0.01072,"SMALL LoBM, ME1 BM3, ME2 BM1, ME2 BM2, ME3 BM1",1.18744247169523,daily_ff5,Daily FF5,XGBoost Combined
2018-10-29,0.02146,"ME3 BM1, ME3 BM2, ME4 BM1, ME4 BM2, BIG LoBM",1.2129249871378096,daily_ff5,Daily FF5,XGBoost Combined
2018-10-30,0.00904,"SMALL LoBM, ME1 BM3, ME2 BM1, ME3 BM1, ME3 BM2",1.2238898290215354,daily_ff5,Daily FF5,XGBoost Combined
2018-10-31,0.02596,"SMALL LoBM, ME1 BM3, ME3 BM1, ME3 BM2, ME4 BM1",1.2556620089829345,daily_ff5,Daily FF5,XGBoost Combined
2018-11-01,-0.0004799999999999,"SMALL LoBM, ME1 BM3, ME2 BM1, ME3 BM1, ME3 BM2",1.2550592912186227,daily_ff5,Daily FF5,XGBoost Combined
2018-11-02,-0.00864,"ME1 BM2, ME2 BM1, ME3 BM1, SMALL LoBM, ME1 BM3",1.2442155789424938,daily_ff5,Daily FF5,XGBoost Combined
2018-11-05,0.00574,"ME3 BM2, ME4 BM1, ME4 BM2, BIG LoBM, ME5 BM2",1.2513573763656238,daily_ff5,Daily FF5,XGBoost Combined
2018-11-06,0.0196,"ME1 BM3, ME3 BM2, ME4 BM1, ME4 BM2, BIG LoBM",1.27588398094239,daily_ff5,Daily FF5,XGBoost Combined
2018-11-07,-0.00372,"ME3 BM2, ME4 BM1, ME4 BM2, BIG LoBM, ME5 BM2",1.2711376925332845,daily_ff5,Daily FF5,XGBoost Combined
2018-11-08,-0.01892,"SMALL LoBM, ME1 BM3, ME3 BM2, ME4 BM1, ME4 BM2",1.2470877673905547,daily_ff5,Daily FF5,XGBoost Combined
2018-11-09,-0.01796,"ME3 BM2, ME4 BM1, ME4 BM2, ME4 BM3, ME4 BM4",1.2246900710882205,daily_ff5,Daily FF5,XGBoost Combined
2018-11-12,-0.00116,"SMALL LoBM, ME3 BM2, ME4 BM1, ME4 BM2, ME4 BM3",1.223269430605758,daily_ff5,Daily FF5,XGBoost Combined
2018-11-13,-0.00976,"ME1 BM2, SMALL LoBM, ME1 BM3, ME3 BM1, ME3 BM2",1.211330320963046,daily_ff5,Daily FF5,XGBoost Combined
2018-11-14,0.0168,"SMALL LoBM, ME3 BM1, ME3 BM2, ME4 BM1, ME4 BM2",1.231680670355225,daily_ff5,Daily FF5,XGBoost Combined
2018-11-15,0.00258,"SMALL LoBM, ME1 BM3, ME3 BM1, ME3 BM2, ME4 BM1",1.2348584064847414,daily_ff5,Daily FF5,XGBoost Combined
2018-11-16,-0.02278,"SMALL LoBM, ME1 BM3, ME3 BM1, ME3 BM2, ME3 BM3",1.206728331985019,daily_ff5,Daily FF5,XGBoost Combined
2018-11-19,-0.0155,"SMALL LoBM, ME1 BM3, ME3 BM1, ME3 BM2, ME3 BM3",1.1880240428392512,daily_ff5,Daily FF5,XGBoost Combined
2018-11-20,0.0156199999999999,"ME2 BM1, SMALL LoBM, ME1 BM2, ME1 BM3, ME1 BM4",1.2065809783884005,daily_ff5,Daily FF5,XGBoost Combined
2018-11-21,6.000000000000016e-05,"ME4 BM4, ME1 BM2, ME1 BM3, ME1 BM4, SMALL HiBM",1.2066533732471034,daily_ff5,Daily FF5,XGBoost Combined
2018-11-23,0.00742,"SMALL LoBM, ME1 BM3, SMALL HiBM, ME2 BM1, ME2 BM2",1.215606741276597,daily_ff5,Daily FF5,XGBoost Combined
2018-11-26,-0.01052,"SMALL LoBM, ME1 BM3, ME2 BM1, ME3 BM1, ME3 BM2",1.2028185583583673,daily_ff5,Daily FF5,XGBoost Combined
2018-11-27,0.0286,"SMALL LoBM, ME2 BM1, ME3 BM1, ME3 BM2, ME3 BM3",1.2372191691274166,daily_ff5,Daily FF5,XGBoost Combined
2018-11-28,-0.00422,"SMALL LoBM, ME1 BM3, ME2 BM1, ME2 BM2, ME3 BM1",1.231998104233699,daily_ff5,Daily FF5,XGBoost Combined
2018-11-29,0.0059,"ME2 BM2, SMALL LoBM, ME2 BM1, ME3 BM1, ME3 BM2",1.239266893048678,daily_ff5,Daily FF5,XGBoost Combined
2018-11-30,0.0125599999999999,"SMALL LoBM, ME1 BM3, ME2 BM1, ME2 BM2, ME3 BM1",1.2548320852253692,daily_ff5,Daily FF5,XGBoost Combined
2018-12-03,-0.04254,"SMALL LoBM, ME1 BM3, ME2 BM1, ME3 BM1, ME3 BM2",1.201451528319882,daily_ff5,Daily FF5,XGBoost Combined
2018-12-04,-0.00214,"SMALL LoBM, ME1 BM3, ME2 BM1, ME3 BM1, ME3 BM2",1.1988804220492773,daily_ff5,Daily FF5,XGBoost Combined
2018-12-06,-0.0151,"ME1 BM2, ME1 BM3, ME1 BM4, SMALL HiBM, ME2 BM3",1.1807773276763331,daily_ff5,Daily FF5,XGBoost Combined
2018-12-07,0.00094,"SMALL LoBM, ME1 BM3, ME2 BM1, ME2 BM2, ME3 BM1",1.181887258364349,daily_ff5,Daily FF5,XGBoost Combined
2018-12-10,-0.00454,"SMALL LoBM, ME1 BM3, ME2 BM1, ME3 BM1, ME3 BM2",1.1765214902113748,daily_ff5,Daily FF5,XGBoost Combined
2018-12-11,0.0113999999999999,"SMALL LoBM, ME1 BM3, ME2 BM1, ME2 BM2, ME3 BM1",1.1899338351997846,daily_ff5,Daily FF5,XGBoost Combined
2018-12-12,-0.01824,"SMALL LoBM, ME1 BM3, ME2 BM1, ME2 BM2, ME3 BM1",1.1682294420457404,daily_ff5,Daily FF5,XGBoost Combined
2018-12-13,-0.01648,"SMALL LoBM, ME1 BM3, ME2 BM1, ME2 BM2, ME3 BM1",1.1489770208408263,daily_ff5,Daily FF5,XGBoost Combined
2018-12-14,-0.0253799999999999,"SMALL LoBM, ME1 BM3, ME2 BM1, ME2 BM2, ME3 BM1",1.1198159840518864,daily_ff5,Daily FF5,XGBoost Combined
2018-12-17,-0.0073399999999999,"SMALL LoBM, ME1 BM2, ME1 BM3, ME1 BM4, ME2 BM1",1.1115965347289456,daily_ff5,Daily FF5,XGBoost Combined
2018-12-18,-0.0175,"SMALL LoBM, ME1 BM2, ME1 BM3, ME1 BM4, ME2 BM1",1.092143595371189,daily_ff5,Daily FF5,XGBoost Combined
2018-12-19,-0.01984,"SMALL LoBM, ME1 BM3, ME1 BM4, ME2 BM1, ME2 BM2",1.0704754664390248,daily_ff5,Daily FF5,XGBoost Combined
2018-12-20,-0.02654,"SMALL LoBM, ME1 BM2, ME1 BM3, ME1 BM4, ME2 BM1",1.042065047559733,daily_ff5,Daily FF5,XGBoost Combined
2018-12-21,-0.01422,"ME5 BM4, SMALL LoBM, ME1 BM3, ME1 BM4, ME2 BM1",1.0272468825834336,daily_ff5,Daily FF5,XGBoost Combined
2018-12-24,0.03894,"ME5 BM4, SMALL LoBM, ME1 BM2, ME1 BM3, ME1 BM4",1.0672478761912323,daily_ff5,Daily FF5,XGBoost Combined
2018-12-26,0.0048399999999999,"ME3 BM5, ME5 BM3, ME5 BM4, BIG HiBM, SMALL LoBM",1.072413355911998,daily_ff5,Daily FF5,XGBoost Combined
2018-12-27,-0.00098,"ME3 BM5, ME4 BM5, ME5 BM2, ME5 BM3, ME5 BM4",1.0713623908232042,daily_ff5,Daily FF5,XGBoost Combined
2018-12-28,0.00928,"ME5 BM3, ME5 BM4, BIG HiBM, SMALL LoBM, ME1 BM2",1.0813046338100434,daily_ff5,Daily FF5,XGBoost Combined
2018-12-31,0.01098,"ME4 BM3, ME5 BM3, ME5 BM4, BIG HiBM, SMALL LoBM",1.0931773586892777,daily_ff5,Daily FF5,XGBoost Combined
2019-01-02,-0.01632,"ME4 BM3, ME4 BM5, ME5 BM2, ME5 BM3, ME5 BM4",1.075336704195469,daily_ff5,Daily FF5,XGBoost Combined
2019-01-03,0.03214,"ME3 BM4, ME4 BM3, ME4 BM5, ME5 BM3, ME5 BM4",1.109898025868311,daily_ff5,Daily FF5,XGBoost Combined
2019-01-04,0.01046,"ME3 BM4, ME3 BM5, ME4 BM3, ME4 BM5, ME5 BM3",1.1215075592188934,daily_ff5,Daily FF5,XGBoost Combined
2019-01-07,0.0066599999999999,"ME3 BM4, ME4 BM5, ME5 BM3, ME5 BM4, BIG HiBM",1.1289767995632911,daily_ff5,Daily FF5,XGBoost Combined
2019-01-08,0.0073799999999999,"ME3 BM4, ME4 BM3, ME4 BM5, ME5 BM3, ME5 BM4",1.1373086483440684,daily_ff5,Daily FF5,XGBoost Combined
2019-01-09,0.00218,"ME5 BM3, ME5 BM4, BIG HiBM, SMALL LoBM, ME1 BM2",1.1397879811974585,daily_ff5,Daily FF5,XGBoost Combined
2019-01-10,0.0017,"ME5 BM3, ME5 BM4, SMALL LoBM, ME1 BM2, ME1 BM3",1.1417256207654942,daily_ff5,Daily FF5,XGBoost Combined
2019-01-11,-0.00716,"ME5 BM3, ME5 BM4, BIG HiBM, SMALL LoBM, ME1 BM2",1.1335508653208133,daily_ff5,Daily FF5,XGBoost Combined
2019-01-14,0.0108,"ME5 BM3, ME5 BM4, BIG HiBM, SMALL LoBM, ME1 BM2",1.145793214666278,daily_ff5,Daily FF5,XGBoost Combined
2019-01-15,0.0087,"ME5 BM3, BIG HiBM, SMALL LoBM, ME1 BM2, ME1 BM3",1.1557616156338744,daily_ff5,Daily FF5,XGBoost Combined
2019-01-16,0.00608,"ME5 BM2, ME5 BM3, SMALL LoBM, ME1 BM2, ME1 BM4",1.1627886462569283,daily_ff5,Daily FF5,XGBoost Combined
2019-01-17,0.0137799999999999,"ME4 BM3, ME5 BM2, ME5 BM3, ME5 BM4, BIG HiBM",1.1788118738023488,daily_ff5,Daily FF5,XGBoost Combined
2019-01-18,-0.01562,"ME4 BM3, ME5 BM2, ME5 BM3, ME5 BM4, SMALL LoBM",1.160398832333556,daily_ff5,Daily FF5,XGBoost Combined
2019-01-22,0.0010999999999999,"ME4 BM3, ME5 BM2, ME5 BM3, ME5 BM4, BIG HiBM",1.1616752710491232,daily_ff5,Daily FF5,XGBoost Combined
2019-01-23,0.00476,"ME5 BM2, ME5 BM3, ME5 BM4, BIG HiBM, SMALL LoBM",1.1672048453393171,daily_ff5,Daily FF5,XGBoost Combined
2019-01-24,0.0112,"ME5 BM3, ME5 BM4, SMALL LoBM, ME1 BM2, ME1 BM3",1.1802775396071177,daily_ff5,Daily FF5,XGBoost Combined
2019-01-25,-0.01004,"ME5 BM3, SMALL LoBM, ME1 BM2, ME1 BM3, ME1 BM4",1.168427553109462,daily_ff5,Daily FF5,XGBoost Combined
2019-01-28,-0.00068,"SMALL LoBM, ME1 BM2, ME1 BM3, ME1 BM4, SMALL HiBM",1.1676330223733478,daily_ff5,Daily FF5,XGBoost Combined
2019-01-29,0.00766,"ME4 BM3, ME5 BM3, ME5 BM4, BIG HiBM, SMALL LoBM",1.1765770913247275,daily_ff5,Daily FF5,XGBoost Combined
2019-01-30,0.0091599999999999,"ME4 BM3, ME4 BM4, ME5 BM3, BIG HiBM, SMALL LoBM",1.1873545374812622,daily_ff5,Daily FF5,XGBoost Combined
2019-01-31,0.00172,"ME4 BM4, BIG HiBM, SMALL LoBM, ME1 BM2, ME1 BM3",1.1893967872857298,daily_ff5,Daily FF5,XGBoost Combined
2019-02-01,0.0073,"ME4 BM4, ME5 BM3, BIG HiBM, SMALL LoBM, ME1 BM2",1.1980793838329158,daily_ff5,Daily FF5,XGBoost Combined
2019-02-04,0.00068,"ME4 BM4, ME5 BM3, BIG HiBM, SMALL LoBM, ME1 BM2",1.198894077813922,daily_ff5,Daily FF5,XGBoost Combined
2019-02-05,-0.0014199999999999,"ME4 BM4, ME5 BM4, BIG HiBM, SMALL LoBM, ME1 BM2",1.1971916482234264,daily_ff5,Daily FF5,XGBoost Combined
2019-02-06,-0.01166,"ME4 BM4, BIG HiBM, SMALL LoBM, ME1 BM2, ME1 BM3",1.1832323936051412,daily_ff5,Daily FF5,XGBoost Combined
2019-02-07,1.999999999999988e-05,"ME4 BM4, BIG HiBM, SMALL LoBM, ME1 BM2, ME1 BM3",1.1832560582530132,daily_ff5,Daily FF5,XGBoost Combined
2019-02-08,0.00514,"ME4 BM3, ME4 BM4, BIG HiBM, SMALL LoBM, ME1 BM2",1.1893379943924336,daily_ff5,Daily FF5,XGBoost Combined
2019-02-11,0.01354,"ME4 BM4, ME5 BM3, ME5 BM4, BIG HiBM, SMALL LoBM",1.2054416308365072,daily_ff5,Daily FF5,XGBoost Combined
2019-02-12,0.0049,"ME4 BM4, BIG HiBM, SMALL LoBM, ME1 BM2, ME1 BM3",1.211348294827606,daily_ff5,Daily FF5,XGBoost Combined
2019-02-13,-0.00092,"ME4 BM4, BIG HiBM, SMALL LoBM, ME1 BM2, ME1 BM3",1.2102338543963644,daily_ff5,Daily FF5,XGBoost Combined
2019-02-14,0.0168,"ME4 BM3, ME5 BM3, ME5 BM4, BIG HiBM, SMALL LoBM",1.2305657831502232,daily_ff5,Daily FF5,XGBoost Combined
2019-02-15,0.00718,"BIG HiBM, SMALL LoBM, ME1 BM2, ME1 BM3, ME1 BM4",1.2394012454732417,daily_ff5,Daily FF5,XGBoost Combined
2019-02-19,0.00534,"ME5 BM4, BIG HiBM, SMALL LoBM, ME1 BM2, ME1 BM3",1.2460196481240686,daily_ff5,Daily FF5,XGBoost Combined
2019-02-20,-0.00366,"ME5 BM3, ME5 BM4, BIG HiBM, SMALL LoBM, ME1 BM2",1.2414592162119344,daily_ff5,Daily FF5,XGBoost Combined
2019-02-21,0.00828,"BIG HiBM, SMALL LoBM, ME1 BM2, ME1 BM3, ME1 BM4",1.2517384985221691,daily_ff5,Daily FF5,XGBoost Combined
2019-02-22,-1.7347234759768072e-19,"BIG HiBM, SMALL LoBM, ME1 BM2, ME1 BM3, ME1 BM4",1.2517384985221691,daily_ff5,Daily FF5,XGBoost Combined
2019-02-25,-0.0041,"ME5 BM4, SMALL LoBM, ME1 BM2, ME1 BM3, ME1 BM4",1.2466063706782284,daily_ff5,Daily FF5,XGBoost Combined
2019-02-26,0.00052,"ME5 BM4, SMALL LoBM, ME1 BM2, ME1 BM3, ME1 BM4",1.2472546059909813,daily_ff5,Daily FF5,XGBoost Combined
2019-02-27,-0.00486,"SMALL LoBM, ME1 BM2, ME1 BM3, ME1 BM4, SMALL HiBM",1.241192948605865,daily_ff5,Daily FF5,XGBoost Combined
2019-02-28,0.0104,"SMALL LoBM, ME1 BM2, ME1 BM3, ME1 BM4, SMALL HiBM",1.254101355271366,daily_ff5,Daily FF5,XGBoost Combined
2019-03-01,-0.0065599999999999,"SMALL LoBM, ME1 BM2, ME1 BM3, ME1 BM4, SMALL HiBM",1.245874450380786,daily_ff5,Daily FF5,XGBoost Combined
2019-03-04,-0.0050799999999999,"SMALL LoBM, ME1 BM2, ME1 BM3, ME1 BM4, SMALL HiBM",1.2395454081728516,daily_ff5,Daily FF5,XGBoost Combined
2019-03-05,-0.02216,"SMALL LoBM, ME1 BM2, ME1 BM3, ME1 BM4, SMALL HiBM",1.212077081927741,daily_ff5,Daily FF5,XGBoost Combined
2019-03-06,-0.0055,"BIG HiBM, SMALL LoBM, ME1 BM2, ME1 BM3, ME1 BM4",1.2054106579771389,daily_ff5,Daily FF5,XGBoost Combined
2019-03-07,-0.00244,"SMALL LoBM, ME1 BM2, ME1 BM3, ME1 BM4, SMALL HiBM",1.2024694559716749,daily_ff5,Daily FF5,XGBoost Combined
2019-03-08,0.01536,"ME5 BM3, ME5 BM4, BIG HiBM, SMALL LoBM, ME1 BM2",1.2209393868153997,daily_ff5,Daily FF5,XGBoost Combined
2019-03-11,0.0017199999999999,"BIG HiBM, SMALL LoBM, ME1 BM2, ME1 BM3, ME1 BM4",1.223039402560722,daily_ff5,Daily FF5,XGBoost Combined
2019-03-12,0.0025199999999999,"SMALL LoBM, ME1 BM2, ME1 BM3, ME1 BM4, SMALL HiBM",1.2261214618551752,daily_ff5,Daily FF5,XGBoost Combined
2019-03-13,-0.00268,"SMALL LoBM, ME1 BM2, ME1 BM3, ME1 BM4, SMALL HiBM",1.222835456337403,daily_ff5,Daily FF5,XGBoost Combined
2019-03-14,0.00538,"SMALL LoBM, ME1 BM2, ME1 BM3, ME1 BM4, SMALL HiBM",1.2294143110924984,daily_ff5,Daily FF5,XGBoost Combined
2019-03-15,0.00682,"SMALL LoBM, ME1 BM2, ME1 BM3, ME1 BM4, SMALL HiBM",1.2377989166941494,daily_ff5,Daily FF5,XGBoost Combined
2019-03-18,-0.00416,"SMALL LoBM, ME1 BM2, ME1 BM3, ME1 BM4, SMALL HiBM",1.2326496732007015,daily_ff5,Daily FF5,XGBoost Combined
2019-03-19,-0.0033599999999999,"SMALL LoBM, ME1 BM2, ME1 BM3, ME1 BM4, SMALL HiBM",1.2285079702987474,daily_ff5,Daily FF5,XGBoost Combined
2019-03-20,0.00414,"SMALL LoBM, ME1 BM2, ME1 BM3, ME1 BM4, SMALL HiBM",1.2335939932957842,daily_ff5,Daily FF5,XGBoost Combined
2019-03-21,-0.0356,"SMALL LoBM, ME1 BM2, ME1 BM3, ME1 BM4, SMALL HiBM",1.1896780471344544,daily_ff5,Daily FF5,XGBoost Combined
2019-03-22,0.0065599999999999,"SMALL LoBM, ME1 BM2, ME1 BM4, SMALL HiBM, ME2 BM1",1.1974823351236563,daily_ff5,Daily FF5,XGBoost Combined
2019-03-25,0.0076999999999999,"SMALL LoBM, ME1 BM2, ME2 BM1, ME2 BM2, ME2 BM3",1.2067029491041086,daily_ff5,Daily FF5,XGBoost Combined
2019-03-26,-0.00516,"ME4 BM1, ME4 BM2, ME4 BM4, BIG HiBM, SMALL LoBM",1.2004763618867311,daily_ff5,Daily FF5,XGBoost Combined
2019-03-27,0.00582,"BIG HiBM, SMALL LoBM, ME1 BM2, ME1 BM3, ME1 BM4",1.207463134312912,daily_ff5,Daily FF5,XGBoost Combined
2019-03-28,0.0036399999999999,"BIG HiBM, SMALL LoBM, ME1 BM2, ME1 BM3, ME1 BM4",1.2118583001218113,daily_ff5,Daily FF5,XGBoost Combined
2019-03-29,0.00802,"ME4 BM1, SMALL LoBM, ME1 BM2, ME1 BM3, ME1 BM4",1.221577403688788,daily_ff5,Daily FF5,XGBoost Combined
2019-04-01,-0.00096,"SMALL LoBM, ME1 BM2, ME1 BM3, ME1 BM4, SMALL HiBM",1.2204046893812468,daily_ff5,Daily FF5,XGBoost Combined
2019-04-02,0.00468,"SMALL LoBM, ME1 BM2, ME1 BM3, ME1 BM4, SMALL HiBM",1.2261161833275511,daily_ff5,Daily FF5,XGBoost Combined
2019-04-03,0.00448,"SMALL LoBM, ME1 BM2, ME1 BM3, ME1 BM4, SMALL HiBM",1.2316091838288583,daily_ff5,Daily FF5,XGBoost Combined
2019-04-04,0.01052,"SMALL LoBM, ME1 BM2, ME1 BM3, ME1 BM4, SMALL HiBM",1.2445657124427385,daily_ff5,Daily FF5,XGBoost Combined
2019-04-05,-0.00206,"SMALL LoBM, ME1 BM2, ME1 BM3, ME1 BM4, SMALL HiBM",1.2420019070751065,daily_ff5,Daily FF5,XGBoost Combined
2019-04-08,-0.0120799999999999,"BIG HiBM, SMALL LoBM, ME1 BM2, ME1 BM3, ME1 BM4",1.226998524037639,daily_ff5,Daily FF5,XGBoost Combined
2019-04-09,0.01196,"BIG HiBM, SMALL LoBM, ME1 BM2, ME1 BM3, ME1 BM4",1.2416734263851292,daily_ff5,Daily FF5,XGBoost Combined
2019-04-10,-0.00222,"SMALL LoBM, ME1 BM2, ME1 BM3, ME1 BM4, SMALL HiBM",1.2389169113785543,daily_ff5,Daily FF5,XGBoost Combined
2019-04-11,-0.0016399999999999,"SMALL LoBM, ME1 BM2, ME1 BM3, ME1 BM4, SMALL HiBM",1.2368850876438937,daily_ff5,Daily FF5,XGBoost Combined
2019-04-12,-0.0064399999999999,"SMALL LoBM, ME1 BM2, ME1 BM3, ME1 BM4, SMALL HiBM",1.2289195476794668,daily_ff5,Daily FF5,XGBoost Combined
2019-04-15,0.0043999999999999,"ME4 BM5, ME5 BM3, ME5 BM4, SMALL LoBM, ME1 BM2",1.2343267936892564,daily_ff5,Daily FF5,XGBoost Combined
2019-04-16,-0.0115,"SMALL LoBM, ME1 BM2, ME1 BM3, ME1 BM4, SMALL HiBM",1.22013203556183,daily_ff5,Daily FF5,XGBoost Combined
2019-04-17,8.000000000000003e-05,"SMALL LoBM, ME1 BM2, ME1 BM3, ME1 BM4, SMALL HiBM",1.2202296461246749,daily_ff5,Daily FF5,XGBoost Combined
2019-04-18,0.0006599999999999,"ME4 BM4, ME5 BM4, SMALL LoBM, ME1 BM2, ME1 BM3",1.2210349976911172,daily_ff5,Daily FF5,XGBoost Combined
2019-04-22,0.01598,"SMALL LoBM, ME1 BM2, ME1 BM3, ME1 BM4, SMALL HiBM",1.2405471369542214,daily_ff5,Daily FF5,XGBoost Combined
2019-04-23,-0.0006599999999999,"SMALL LoBM, ME1 BM2, ME1 BM3, ME1 BM4, SMALL HiBM",1.2397283758438316,daily_ff5,Daily FF5,XGBoost Combined
2019-04-24,-0.0064399999999999,"SMALL LoBM, ME1 BM2, ME1 BM3, ME1 BM4, SMALL HiBM",1.2317445251033974,daily_ff5,Daily FF5,XGBoost Combined
2019-04-25,0.01014,"SMALL LoBM, ME1 BM2, ME1 BM3, ME1 BM4, SMALL HiBM",1.2442344145879458,daily_ff5,Daily FF5,XGBoost Combined
2019-04-26,0.0072999999999999,"SMALL LoBM, ME1 BM2, ME1 BM3, ME1 BM4, SMALL HiBM",1.253317325814438,daily_ff5,Daily FF5,XGBoost Combined
2019-04-29,0.0008399999999999,"ME4 BM2, ME4 BM3, ME4 BM5, ME5 BM4, BIG HiBM",1.254370112368122,daily_ff5,Daily FF5,XGBoost Combined
2019-04-30,-0.00702,"SMALL LoBM, ME1 BM2, ME1 BM3, ME1 BM4, SMALL HiBM",1.2455644341792975,daily_ff5,Daily FF5,XGBoost Combined
2019-05-01,0.00328,"SMALL LoBM, ME1 BM2, ME1 BM3, ME1 BM4, SMALL HiBM",1.2496498855234055,daily_ff5,Daily FF5,XGBoost Combined
2019-05-02,0.02066,"SMALL LoBM, ME1 BM2, ME1 BM3, ME1 BM4, SMALL HiBM",1.2754676521583193,daily_ff5,Daily FF5,XGBoost Combined
2019-05-03,0.00416,"SMALL LoBM, ME1 BM2, ME1 BM3, ME1 BM4, SMALL HiBM",1.2807735975912975,daily_ff5,Daily FF5,XGBoost Combined
2019-05-06,-0.01706,"SMALL LoBM, ME1 BM2, ME1 BM3, ME1 BM4, SMALL HiBM",1.25892360001639,daily_ff5,Daily FF5,XGBoost Combined
2019-05-07,-0.0014199999999999,"SMALL LoBM, ME1 BM2, ME1 BM3, ME1 BM4, SMALL HiBM",1.2571359285043668,daily_ff5,Daily FF5,XGBoost Combined
2019-05-08,-0.00282,"SMALL LoBM, ME1 BM2, ME1 BM3, ME1 BM4, SMALL HiBM",1.2535908051859843,daily_ff5,Daily FF5,XGBoost Combined
2019-05-09,0.00176,"ME2 BM4, SMALL LoBM, ME1 BM2, ME1 BM3, ME1 BM4",1.255797125003112,daily_ff5,Daily FF5,XGBoost Combined
2019-05-10,-0.02864,"SMALL LoBM, ME1 BM2, ME1 BM3, ME1 BM4, SMALL HiBM",1.2198310953430227,daily_ff5,Daily FF5,XGBoost Combined
2019-05-13,0.01304,"SMALL LoBM, ME1 BM2, ME1 BM3, ME1 BM4, SMALL HiBM",1.2357376928262955,daily_ff5,Daily FF5,XGBoost Combined
2019-05-14,0.00434,"ME3 BM4, ME3 BM5, ME4 BM5, SMALL LoBM, ME1 BM2",1.2411007944131616,daily_ff5,Daily FF5,XGBoost Combined
2019-05-15,0.00122,"SMALL LoBM, ME1 BM2, ME1 BM3, ME1 BM4, SMALL HiBM",1.2426149373823456,daily_ff5,Daily FF5,XGBoost Combined
2019-05-16,-0.0139199999999999,"SMALL LoBM, ME1 BM2, ME1 BM3, ME1 BM4, SMALL HiBM",1.2253177374539834,daily_ff5,Daily FF5,XGBoost Combined
2019-05-17,-0.00564,"SMALL LoBM, ME1 BM2, ME1 BM3, ME1 BM4, SMALL HiBM",1.218406945414743,daily_ff5,Daily FF5,XGBoost Combined
2019-05-20,0.00918,"ME5 BM4, SMALL LoBM, ME1 BM2, ME1 BM3, ME1 BM4",1.2295919211736503,daily_ff5,Daily FF5,XGBoost Combined
2019-05-21,-0.00862,"ME4 BM3, SMALL LoBM, ME1 BM2, ME1 BM3, ME1 BM4",1.2189928388131337,daily_ff5,Daily FF5,XGBoost Combined
2019-05-22,-0.01914,"SMALL LoBM, ME1 BM2, ME1 BM3, ME1 BM4, SMALL HiBM",1.19566131587825,daily_ff5,Daily FF5,XGBoost Combined
2019-05-23,0.00806,"SMALL LoBM, ME1 BM2, ME1 BM3, ME1 BM4, SMALL HiBM",1.2052983460842288,daily_ff5,Daily FF5,XGBoost Combined
2019-05-24,-0.0049,"SMALL LoBM, ME1 BM2, ME1 BM3, ME1 BM4, SMALL HiBM",1.199392384188416,daily_ff5,Daily FF5,XGBoost Combined
2019-05-28,-0.0111799999999999,"SMALL LoBM, ME1 BM2, ME1 BM3, ME1 BM4, SMALL HiBM",1.1859831773331897,daily_ff5,Daily FF5,XGBoost Combined
2019-05-29,-0.0027,"SMALL LoBM, ME1 BM2, ME1 BM3, ME1 BM4, SMALL HiBM",1.1827810227543898,daily_ff5,Daily FF5,XGBoost Combined
2019-05-30,-0.01554,"SMALL LoBM, ME1 BM2, ME1 BM3, ME1 BM4, SMALL HiBM",1.1644006056607863,daily_ff5,Daily FF5,XGBoost Combined
2019-05-31,-0.00046,"SMALL LoBM, ME1 BM2, ME1 BM3, ME1 BM4, SMALL HiBM",1.1638649813821826,daily_ff5,Daily FF5,XGBoost Combined
2019-06-03,0.02178,"SMALL LoBM, ME1 BM2, ME1 BM3, ME1 BM4, SMALL HiBM",1.1892139606766865,daily_ff5,Daily FF5,XGBoost Combined
2019-06-04,0.0006399999999999,"ME4 BM3, ME5 BM3, SMALL LoBM, ME1 BM2, ME1 BM3",1.1899750576115196,daily_ff5,Daily FF5,XGBoost Combined
2019-06-05,-0.00752,"SMALL LoBM, ME1 BM2, ME1 BM3, ME1 BM4, SMALL HiBM",1.181026445178281,daily_ff5,Daily FF5,XGBoost Combined
2019-06-06,0.0081199999999999,"SMALL LoBM, ME1 BM2, ME1 BM3, ME1 BM4, SMALL HiBM",1.1906163799131286,daily_ff5,Daily FF5,XGBoost Combined
2019-06-07,0.00634,"SMALL LoBM, ME1 BM2, ME1 BM3, ME1 BM4, SMALL HiBM",1.198164887761778,daily_ff5,Daily FF5,XGBoost Combined
2019-06-10,-0.00664,"SMALL LoBM, ME1 BM2, ME1 BM3, ME1 BM4, SMALL HiBM",1.1902090729070396,daily_ff5,Daily FF5,XGBoost Combined
2019-06-11,0.0017399999999999,"SMALL LoBM, ME1 BM2, ME1 BM3, ME1 BM4, SMALL HiBM",1.192280036693898,daily_ff5,Daily FF5,XGBoost Combined
2019-06-12,0.0108,"SMALL LoBM, ME1 BM2, ME1 BM3, ME1 BM4, SMALL HiBM",1.205156661090192,daily_ff5,Daily FF5,XGBoost Combined
2019-06-13,-0.0077399999999999,"SMALL LoBM, ME1 BM2, ME1 BM3, ME1 BM4, SMALL HiBM",1.195828748533354,daily_ff5,Daily FF5,XGBoost Combined
2019-06-14,0.00718,"BIG LoBM, ME5 BM2, ME5 BM3, SMALL LoBM, ME1 BM2",1.2044147989478236,daily_ff5,Daily FF5,XGBoost Combined
2019-06-17,0.00976,"SMALL LoBM, ME1 BM2, ME1 BM3, ME1 BM4, SMALL HiBM",1.2161698873855542,daily_ff5,Daily FF5,XGBoost Combined
2019-06-18,0.00374,"SMALL LoBM, ME1 BM2, ME1 BM3, ME1 BM4, SMALL HiBM",1.2207183627643765,daily_ff5,Daily FF5,XGBoost Combined
2019-06-19,0.00108,"SMALL LoBM, ME1 BM2, ME1 BM3, ME1 BM4, SMALL HiBM",1.2220367385961617,daily_ff5,Daily FF5,XGBoost Combined
2019-06-20,-0.0040799999999999,"SMALL LoBM, ME1 BM2, ME1 BM3, ME1 BM4, SMALL HiBM",1.217050828702689,daily_ff5,Daily FF5,XGBoost Combined
2019-06-21,-0.01128,"SMALL LoBM, ME1 BM2, ME1 BM3, ME1 BM4, SMALL HiBM",1.203322495354923,daily_ff5,Daily FF5,XGBoost Combined
2019-06-24,-0.00464,"SMALL LoBM, ME1 BM2, ME1 BM3, ME1 BM4, SMALL HiBM",1.1977390789764764,daily_ff5,Daily FF5,XGBoost Combined
2019-06-25,-0.00138,"SMALL LoBM, ME1 BM2, ME1 BM3, ME1 BM4, SMALL HiBM",1.1960861990474887,daily_ff5,Daily FF5,XGBoost Combined
2019-06-26,0.01988,"SMALL LoBM, ME1 BM2, ME1 BM3, ME1 BM4, SMALL HiBM",1.2198643926845527,daily_ff5,Daily FF5,XGBoost Combined
2019-06-27,0.0182799999999999,"SMALL LoBM, ME1 BM2, ME1 BM3, ME1 BM4, SMALL HiBM",1.2421635137828264,daily_ff5,Daily FF5,XGBoost Combined
2019-06-28,0.0025599999999999,"SMALL LoBM, ME1 BM2, ME1 BM3, ME1 BM4, SMALL HiBM",1.2453434523781104,daily_ff5,Daily FF5,XGBoost Combined
2019-07-01,-0.01044,"SMALL LoBM, ME1 BM2, ME1 BM3, ME1 BM4, SMALL HiBM",1.232342066735283,daily_ff5,Daily FF5,XGBoost Combined
2019-07-02,0.00642,"SMALL LoBM, ME1 BM2, ME1 BM3, ME1 BM4, SMALL HiBM",1.2402537028037235,daily_ff5,Daily FF5,XGBoost Combined
2019-07-03,0.00376,"SMALL LoBM, ME1 BM2, ME1 BM3, ME1 BM4, SMALL HiBM",1.2449170567262655,daily_ff5,Daily FF5,XGBoost Combined
2019-07-05,-0.00816,"SMALL LoBM, ME1 BM2, ME1 BM3, ME1 BM4, SMALL HiBM",1.2347585335433793,daily_ff5,Daily FF5,XGBoost Combined
2019-07-08,-0.00048,"SMALL LoBM, ME1 BM2, ME1 BM3, ME1 BM4, SMALL HiBM",1.2341658494472785,daily_ff5,Daily FF5,XGBoost Combined
2019-07-09,0.00318,"SMALL LoBM, ME1 BM2, ME1 BM3, ME1 BM4, SMALL HiBM",1.238090496848521,daily_ff5,Daily FF5,XGBoost Combined
2019-07-10,-0.00596,"SMALL LoBM, ME1 BM2, ME1 BM3, ME1 BM4, SMALL HiBM",1.2307114774873036,daily_ff5,Daily FF5,XGBoost Combined
2019-07-11,0.0038399999999999,"SMALL LoBM, ME1 BM2, ME1 BM3, ME1 BM4, SMALL HiBM",1.235437409560855,daily_ff5,Daily FF5,XGBoost Combined
2019-07-12,-0.0042,"SMALL LoBM, ME1 BM2, ME1 BM3, ME1 BM4, SMALL HiBM",1.2302485724406993,daily_ff5,Daily FF5,XGBoost Combined
2019-07-15,-6.000000000000007e-05,"SMALL LoBM, ME1 BM2, ME1 BM3, ME1 BM4, SMALL HiBM",1.2301747575263529,daily_ff5,Daily FF5,XGBoost Combined
2019-07-16,-0.0092,"SMALL LoBM, ME1 BM2, ME1 BM3, ME1 BM4, SMALL HiBM",1.2188571497571103,daily_ff5,Daily FF5,XGBoost Combined
2019-07-17,-0.00342,"SMALL LoBM, ME1 BM2, ME1 BM3, ME1 BM4, SMALL HiBM",1.214688658304941,daily_ff5,Daily FF5,XGBoost Combined
2019-07-18,-0.006,"SMALL LoBM, ME1 BM2, ME1 BM3, ME1 BM4, SMALL HiBM",1.2074005263551113,daily_ff5,Daily FF5,XGBoost Combined
2019-07-19,-0.0038399999999999,"SMALL LoBM, ME1 BM2, ME1 BM3, ME1 BM4, SMALL HiBM",1.2027641083339078,daily_ff5,Daily FF5,XGBoost Combined
2019-07-22,-0.00098,"SMALL LoBM, ME1 BM2, ME1 BM3, ME1 BM4, SMALL HiBM",1.2015853995077406,daily_ff5,Daily FF5,XGBoost Combined
2019-07-23,0.0159999999999999,"SMALL LoBM, ME1 BM2, ME1 BM3, ME1 BM4, SMALL HiBM",1.2208107658998644,daily_ff5,Daily FF5,XGBoost Combined
2019-07-24,-0.01398,"SMALL LoBM, ME1 BM2, ME1 BM3, ME1 BM4, SMALL HiBM",1.2037438313925843,daily_ff5,Daily FF5,XGBoost Combined
2019-07-25,0.0124199999999999,"SMALL LoBM, ME1 BM2, ME1 BM3, ME1 BM4, SMALL HiBM",1.2186943297784802,daily_ff5,Daily FF5,XGBoost Combined
2019-07-26,-0.0056,"SMALL LoBM, ME1 BM2, ME1 BM3, ME1 BM4, SMALL HiBM",1.2118696415317207,daily_ff5,Daily FF5,XGBoost Combined
2019-07-29,0.0136,"SMALL LoBM, ME1 BM2, ME1 BM3, ME1 BM4, SMALL HiBM",1.2283510686565522,daily_ff5,Daily FF5,XGBoost Combined
2019-07-30,-0.00816,"SMALL LoBM, ME1 BM2, ME1 BM3, ME1 BM4, SMALL HiBM",1.2183277239363148,daily_ff5,Daily FF5,XGBoost Combined
2019-07-31,-0.01128,"BIG LoBM, SMALL LoBM, ME1 BM2, ME1 BM3, ME1 BM4",1.2045849872103132,daily_ff5,Daily FF5,XGBoost Combined
2019-08-01,-0.0117399999999999,"SMALL LoBM, ME1 BM2, ME1 BM3, ME1 BM4, SMALL HiBM",1.190443159460464,daily_ff5,Daily FF5,XGBoost Combined
2019-08-02,-0.03278,"SMALL LoBM, ME1 BM2, ME1 BM3, ME1 BM4, SMALL HiBM",1.15142043269335,daily_ff5,Daily FF5,XGBoost Combined
2019-08-05,0.00558,"SMALL LoBM, ME1 BM2, ME1 BM3, ME1 BM4, SMALL HiBM",1.1578453587077788,daily_ff5,Daily FF5,XGBoost Combined
2019-08-06,0.00022,"SMALL LoBM, ME1 BM2, ME1 BM3, ME1 BM4, SMALL HiBM",1.158100084686695,daily_ff5,Daily FF5,XGBoost Combined
2019-08-07,0.01684,"SMALL LoBM, ME1 BM2, ME1 BM3, ME1 BM4, SMALL HiBM",1.1776024901128186,daily_ff5,Daily FF5,XGBoost Combined
2019-08-08,-0.00978,"SMALL LoBM, ME1 BM2, ME1 BM3, ME1 BM4, SMALL HiBM",1.1660855377595152,daily_ff5,Daily FF5,XGBoost Combined
2019-08-09,-0.00702,"SMALL LoBM, ME1 BM2, ME1 BM3, ME1 BM4, SMALL HiBM",1.1578996172844431,daily_ff5,Daily FF5,XGBoost Combined
2019-08-12,0.00964,"SMALL LoBM, ME1 BM2, ME1 BM4, SMALL HiBM, ME2 BM1",1.1690617695950656,daily_ff5,Daily FF5,XGBoost Combined
2019-08-13,-0.02964,"SMALL LoBM, ME1 BM2, ME1 BM4, SMALL HiBM, ME2 BM1",1.134410778744268,daily_ff5,Daily FF5,XGBoost Combined
2019-08-14,-0.00828,"SMALL LoBM, ME1 BM2, ME1 BM3, ME1 BM4, SMALL HiBM",1.1250178574962657,daily_ff5,Daily FF5,XGBoost Combined
2019-08-15,0.0194,"ME5 BM2, SMALL LoBM, ME1 BM2, ME1 BM3, ME1 BM4",1.1468432039316931,daily_ff5,Daily FF5,XGBoost Combined
2019-08-16,0.0104599999999999,"SMALL LoBM, ME1 BM2, ME1 BM4, SMALL HiBM, ME2 BM1",1.1588391838448189,daily_ff5,Daily FF5,XGBoost Combined
2019-08-19,-0.00578,"ME1 BM2, ME1 BM4, ME2 BM1, ME2 BM2, ME2 BM3",1.1521410933621956,daily_ff5,Daily FF5,XGBoost Combined
2019-08-20,0.00882,"ME1 BM2, ME1 BM4, ME2 BM1, ME2 BM2, ME2 BM3",1.1623029778056502,daily_ff5,Daily FF5,XGBoost Combined
2019-08-21,-0.00396,"ME1 BM2, ME1 BM4, ME2 BM1, ME2 BM2, ME2 BM3",1.1577002580135398,daily_ff5,Daily FF5,XGBoost Combined
2019-08-22,-0.03094,"SMALL LoBM, ME1 BM2, ME1 BM4, ME2 BM1, ME2 BM2",1.1218810120306009,daily_ff5,Daily FF5,XGBoost Combined
2019-08-23,0.01242,"SMALL LoBM, ME1 BM2, ME1 BM4, ME2 BM1, ME2 BM2",1.135814774200021,daily_ff5,Daily FF5,XGBoost Combined
2019-08-26,-0.0176,"SMALL LoBM, ME2 BM5, ME1 BM2, ME1 BM4, SMALL HiBM",1.1158244341741008,daily_ff5,Daily FF5,XGBoost Combined
2019-08-27,0.01076,"ME1 BM2, ME1 BM4, ME2 BM1, ME2 BM2, ME3 BM1",1.1278307050858143,daily_ff5,Daily FF5,XGBoost Combined
2019-08-28,0.01624,"ME1 BM2, ME2 BM1, ME2 BM2, ME3 BM1, ME3 BM2",1.146146675736408,daily_ff5,Daily FF5,XGBoost Combined
2019-08-29,-0.00178,"ME1 BM2, ME2 BM1, ME2 BM2, ME3 BM1, ME3 BM2",1.1441065346535972,daily_ff5,Daily FF5,XGBoost Combined
2019-08-30,-0.0192199999999999,"SMALL LoBM, ME1 BM2, ME2 BM1, ME2 BM2, ME3 BM1",1.1221168070575551,daily_ff5,Daily FF5,XGBoost Combined
2019-09-03,0.00812,"ME1 BM2, ME2 BM1, ME2 BM2, ME3 BM1, ME3 BM2",1.1312283955308624,daily_ff5,Daily FF5,XGBoost Combined
2019-09-04,0.01924,"ME1 BM2, ME2 BM1, ME2 BM2, ME3 BM1, ME3 BM2",1.152993229860876,daily_ff5,Daily FF5,XGBoost Combined
2019-09-05,-0.0033799999999999,"ME1 BM2, ME2 BM1, ME2 BM2, ME3 BM1, ME3 BM2",1.1490961127439463,daily_ff5,Daily FF5,XGBoost Combined
2019-09-06,-0.0037599999999999,"ME1 BM2, ME2 BM1, ME3 BM1, ME4 BM1, BIG LoBM",1.144775511360029,daily_ff5,Daily FF5,XGBoost Combined
2019-09-09,0.00894,"ME1 BM2, ME2 BM1, ME3 BM1, ME3 BM2, ME4 BM1",1.1550098044315875,daily_ff5,Daily FF5,XGBoost Combined
2019-09-10,0.02286,"SMALL HiBM, ME2 BM4, ME2 BM5, ME3 BM5, ME1 BM2",1.181413328560894,daily_ff5,Daily FF5,XGBoost Combined
2019-09-11,-0.0017399999999999,"SMALL HiBM, ME1 BM2, ME2 BM1, ME3 BM1, ME3 BM2",1.179357669369198,daily_ff5,Daily FF5,XGBoost Combined
2019-09-12,0.0024599999999999,"ME1 BM2, ME1 BM4, SMALL HiBM, ME2 BM1, ME2 BM2",1.182258889235846,daily_ff5,Daily FF5,XGBoost Combined
2019-09-13,0.0047799999999999,"ME1 BM2, ME2 BM1, ME2 BM2, ME3 BM1, ME3 BM2",1.1879100867263934,daily_ff5,Daily FF5,XGBoost Combined
2019-09-16,-0.00192,"ME1 BM2, ME1 BM4, ME2 BM1, ME2 BM2, ME3 BM1",1.1856292993598787,daily_ff5,Daily FF5,XGBoost Combined
2019-09-17,-0.00722,"ME2 BM5, ME1 BM2, ME2 BM1, ME2 BM2, ME3 BM1",1.1770690558185004,daily_ff5,Daily FF5,XGBoost Combined
2019-09-18,-0.0050199999999999,"ME1 BM2, ME2 BM1, ME2 BM2, ME3 BM1, ME3 BM2",1.1711601691582916,daily_ff5,Daily FF5,XGBoost Combined
2019-09-19,-0.001,"ME1 BM2, ME2 BM1, ME2 BM2, ME3 BM1, ME4 BM1",1.1699890089891334,daily_ff5,Daily FF5,XGBoost Combined
2019-09-20,-0.00552,"ME1 BM2, ME2 BM1, ME3 BM1, ME4 BM1, BIG LoBM",1.1635306696595134,daily_ff5,Daily FF5,XGBoost Combined
2019-09-23,-0.0232999999999999,"ME1 BM2, ME2 BM1, ME2 BM2, ME3 BM1, SMALL LoBM",1.1364204050564468,daily_ff5,Daily FF5,XGBoost Combined
2019-09-24,0.0068,"ME1 BM2, ME2 BM1, ME4 BM1, BIG LoBM, ME5 BM2",1.1441480638108306,daily_ff5,Daily FF5,XGBoost Combined
2019-09-25,-0.00726,"ME1 BM2, ME4 BM1, BIG LoBM, ME5 BM2, ME5 BM3",1.135841548867564,daily_ff5,Daily FF5,XGBoost Combined
2019-09-26,-0.01248,"ME1 BM2, ME2 BM1, ME4 BM1, ME3 BM2, ME3 BM3",1.1216662463376967,daily_ff5,Daily FF5,XGBoost Combined
2019-09-27,0.00516,"ME1 BM2, ME2 BM1, ME4 BM1, BIG LoBM, ME5 BM2",1.1274540441687992,daily_ff5,Daily FF5,XGBoost Combined
2019-09-30,-0.01648,"ME1 BM2, ME2 BM1, ME4 BM1, BIG LoBM, ME5 BM2",1.108873601520897,daily_ff5,Daily FF5,XGBoost Combined
2019-10-01,-0.00974,"ME1 BM2, ME2 BM1, ME2 BM2, ME4 BM1, BIG LoBM",1.0980731726420838,daily_ff5,Daily FF5,XGBoost Combined
2019-10-02,0.00902,"ME1 BM2, ME2 BM1, ME2 BM2, ME4 BM1, ME5 BM2",1.1079777926593155,daily_ff5,Daily FF5,XGBoost Combined
2019-10-03,0.00622,"ME1 BM2, ME1 BM3, ME1 BM4, SMALL HiBM, ME2 BM1",1.1148694145296565,daily_ff5,Daily FF5,XGBoost Combined
2019-10-04,-0.00304,"ME1 BM2, ME1 BM4, SMALL HiBM, ME2 BM1, ME2 BM2",1.1114802115094862,daily_ff5,Daily FF5,XGBoost Combined
2019-10-07,-0.01742,"ME1 BM2, ME1 BM4, SMALL HiBM, ME2 BM1, ME2 BM2",1.0921182262249909,daily_ff5,Daily FF5,XGBoost Combined
2019-10-08,0.00252,"ME1 BM2, SMALL HiBM, ME2 BM1, ME2 BM2, ME3 BM1",1.094870364155078,daily_ff5,Daily FF5,XGBoost Combined
2019-10-09,0.00412,"ME2 BM5, ME1 BM2, SMALL HiBM, ME2 BM1, ME2 BM2",1.099381230055397,daily_ff5,Daily FF5,XGBoost Combined
2019-10-10,0.01638,"SMALL LoBM, ME1 BM4, ME1 BM2, SMALL HiBM, ME2 BM1",1.1173890946037042,daily_ff5,Daily FF5,XGBoost Combined
2019-10-11,-0.00512,"SMALL LoBM, ME1 BM2, SMALL HiBM, ME2 BM1, ME2 BM2",1.1116680624393331,daily_ff5,Daily FF5,XGBoost Combined
2019-10-14,0.0152,"ME1 BM2, ME2 BM1, ME2 BM2, ME3 BM1, ME4 BM1",1.1285654169884112,daily_ff5,Daily FF5,XGBoost Combined
2019-10-15,-0.00112,"SMALL LoBM, ME4 BM5, ME1 BM2, ME2 BM1, ME2 BM2",1.127301423721384,daily_ff5,Daily FF5,XGBoost Combined
2019-10-16,0.01128,"ME1 BM2, ME2 BM1, ME2 BM2, ME3 BM1, ME4 BM1",1.1400173837809613,daily_ff5,Daily FF5,XGBoost Combined
2019-10-17,-0.00662,"ME1 BM2, ME1 BM4, SMALL HiBM, ME2 BM1, ME2 BM2",1.1324704687003313,daily_ff5,Daily FF5,XGBoost Combined
2019-10-18,0.01204,"ME1 BM2, ME1 BM4, ME2 BM1, ME2 BM2, ME3 BM1",1.1461054131434834,daily_ff5,Daily FF5,XGBoost Combined
2019-10-21,0.00096,"ME1 BM2, ME1 BM4, SMALL HiBM, ME2 BM1, ME2 BM2",1.1472056743401011,daily_ff5,Daily FF5,XGBoost Combined
2019-10-22,0.00308,"ME1 BM2, ME1 BM4, SMALL HiBM, ME2 BM1, ME2 BM2",1.1507390678170686,daily_ff5,Daily FF5,XGBoost Combined
2019-10-23,0.00036,"ME1 BM2, ME2 BM1, ME2 BM2, ME3 BM1, ME3 BM2",1.1511533338814826,daily_ff5,Daily FF5,XGBoost Combined
2019-10-24,0.0084,"ME1 BM2, ME1 BM4, SMALL HiBM, ME2 BM1, ME2 BM2",1.1608230218860869,daily_ff5,Daily FF5,XGBoost Combined
2019-10-25,0.00836,"ME1 BM3, ME4 BM2, BIG LoBM, SMALL LoBM, ME1 BM2",1.1705275023490544,daily_ff5,Daily FF5,XGBoost Combined
2019-10-28,0.00194,"ME1 BM2, ME1 BM4, SMALL HiBM, ME2 BM1, ME2 BM2",1.1727983257036116,daily_ff5,Daily FF5,XGBoost Combined
2019-10-29,-0.0072399999999999,"ME1 BM2, SMALL HiBM, ME2 BM1, ME2 BM2, ME2 BM5",1.1643072658255174,daily_ff5,Daily FF5,XGBoost Combined
2019-10-30,-0.00678,"ME1 BM2, ME1 BM3, ME1 BM4, SMALL HiBM, ME2 BM1",1.1564132625632204,daily_ff5,Daily FF5,XGBoost Combined
2019-10-31,0.02008,"ME1 BM2, ME1 BM3, ME1 BM4, SMALL HiBM, ME2 BM1",1.17963404087549,daily_ff5,Daily FF5,XGBoost Combined
2019-11-01,0.00838,"ME1 BM2, ME1 BM3, ME1 BM4, SMALL HiBM, ME2 BM1",1.1895193741380266,daily_ff5,Daily FF5,XGBoost Combined
2019-11-04,0.00516,"ME2 BM3, ME2 BM4, ME3 BM2, ME4 BM2, ME4 BM3",1.1956572941085788,daily_ff5,Daily FF5,XGBoost Combined
2019-11-05,-0.0069599999999999,"SMALL LoBM, ME2 BM3, ME2 BM4, ME3 BM2, ME3 BM3",1.187335519341583,daily_ff5,Daily FF5,XGBoost Combined
2019-11-06,0.00408,"ME2 BM4, ME1 BM2, ME1 BM3, ME1 BM4, SMALL HiBM",1.1921798482604968,daily_ff5,Daily FF5,XGBoost Combined
2019-11-07,0.0046599999999999,"SMALL LoBM, ME1 BM2, ME1 BM3, ME1 BM4, ME2 BM1",1.197735406353391,daily_ff5,Daily FF5,XGBoost Combined
2019-11-08,-0.00196,"ME2 BM4, ME3 BM2, ME4 BM2, ME4 BM3, BIG LoBM",1.1953878449569384,daily_ff5,Daily FF5,XGBoost Combined
2019-11-11,-0.00184,"SMALL LoBM, ME1 BM2, ME1 BM3, ME1 BM4, SMALL HiBM",1.1931883313222176,daily_ff5,Daily FF5,XGBoost Combined
2019-11-12,-0.00276,"SMALL LoBM, ME1 BM2, ME1 BM3, ME1 BM4, SMALL HiBM",1.1898951315277684,daily_ff5,Daily FF5,XGBoost Combined
2019-11-13,-0.0031,"SMALL LoBM, ME1 BM2, ME1 BM3, ME1 BM4, SMALL HiBM",1.1862064566200323,daily_ff5,Daily FF5,XGBoost Combined
2019-11-14,0.00446,"SMALL LoBM, ME1 BM2, ME1 BM4, SMALL HiBM, ME2 BM1",1.1914969374165576,daily_ff5,Daily FF5,XGBoost Combined
2019-11-15,-0.00576,"SMALL LoBM, ME1 BM2, ME1 BM3, ME1 BM4, SMALL HiBM",1.1846339150570382,daily_ff5,Daily FF5,XGBoost Combined
2019-11-18,0.00408,"SMALL LoBM, ME1 BM2, ME1 BM3, ME1 BM4, SMALL HiBM",1.189467221430471,daily_ff5,Daily FF5,XGBoost Combined
2019-11-19,0.00058,"ME4 BM5, SMALL LoBM, ME1 BM2, SMALL HiBM, ME2 BM1",1.1901571124189003,daily_ff5,Daily FF5,XGBoost Combined
2019-11-20,-0.0025,"ME4 BM5, ME1 BM2, SMALL HiBM, ME2 BM1, ME2 BM2",1.1871817196378531,daily_ff5,Daily FF5,XGBoost Combined
2019-11-21,0.00454,"SMALL LoBM, ME1 BM2, SMALL HiBM, ME2 BM1, ME2 BM2",1.1925715246450093,daily_ff5,Daily FF5,XGBoost Combined
2019-11-22,0.0214,"ME1 BM2, SMALL HiBM, ME2 BM1, ME2 BM2, ME2 BM3",1.218092555272413,daily_ff5,Daily FF5,XGBoost Combined
2019-11-25,-6.000000000000007e-05,"ME1 BM2, SMALL HiBM, ME2 BM1, ME2 BM2, ME2 BM3",1.2180194697190965,daily_ff5,Daily FF5,XGBoost Combined
2019-11-26,0.00512,"SMALL HiBM, ME2 BM1, ME2 BM2, ME2 BM3, ME2 BM5",1.2242557294040584,daily_ff5,Daily FF5,XGBoost Combined
2019-11-27,0.00132,"SMALL LoBM, ME1 BM2, SMALL HiBM, ME2 BM1, ME2 BM2",1.2258717469668716,daily_ff5,Daily FF5,XGBoost Combined
2019-11-29,-0.00788,"SMALL LoBM, ME1 BM2, ME1 BM3, SMALL HiBM, ME2 BM1",1.2162118776007729,daily_ff5,Daily FF5,XGBoost Combined
2019-12-02,-0.00174,"SMALL LoBM, ME1 BM2, ME1 BM4, SMALL HiBM, ME2 BM1",1.2140956689337474,daily_ff5,Daily FF5,XGBoost Combined
2019-12-03,0.01068,"ME1 BM2, ME1 BM3, ME1 BM4, SMALL HiBM, ME2 BM1",1.2270622106779598,daily_ff5,Daily FF5,XGBoost Combined
2019-12-04,-0.00324,"SMALL LoBM, ME1 BM2, ME1 BM3, ME1 BM4, SMALL HiBM",1.2230865291153632,daily_ff5,Daily FF5,XGBoost Combined
2019-12-05,0.0138799999999999,"ME1 BM2, ME2 BM1, ME2 BM2, ME2 BM3, ME2 BM5",1.2400629701394843,daily_ff5,Daily FF5,XGBoost Combined
2019-12-06,0.00934,"ME1 BM2, ME2 BM1, ME2 BM2, ME2 BM3, ME2 BM5",1.251645158280587,daily_ff5,Daily FF5,XGBoost Combined
2019-12-09,0.00268,"ME1 BM2, ME2 BM1, ME2 BM2, ME2 BM3, ME2 BM5",1.254999567304779,daily_ff5,Daily FF5,XGBoost Combined
2019-12-10,0.00168,"ME1 BM2, ME4 BM5, ME2 BM1, ME2 BM2, ME2 BM3",1.2571079665778508,daily_ff5,Daily FF5,XGBoost Combined
2019-12-11,0.0124,"SMALL LoBM, ME1 BM3, ME1 BM4, SMALL HiBM, ME2 BM4",1.272696105363416,daily_ff5,Daily FF5,XGBoost Combined
2019-12-12,-0.00468,"ME2 BM1, ME2 BM2, ME2 BM3, ME2 BM5, ME3 BM1",1.2667398875903153,daily_ff5,Daily FF5,XGBoost Combined
2019-12-13,0.0063799999999999,"SMALL LoBM, ME1 BM3, ME1 BM4, SMALL HiBM, ME2 BM4",1.2748216880731416,daily_ff5,Daily FF5,XGBoost Combined
2019-12-16,0.0067,"ME4 BM5, ME2 BM1, ME2 BM2, ME2 BM3, ME2 BM5",1.2833629933832316,daily_ff5,Daily FF5,XGBoost Combined
2019-12-17,0.0025,"ME4 BM5, ME2 BM1, ME2 BM2, ME2 BM3, ME2 BM5",1.2865714008666895,daily_ff5,Daily FF5,XGBoost Combined
2019-12-18,0.00292,"ME4 BM5, ME2 BM1, ME2 BM2, ME2 BM3, ME3 BM1",1.2903281893572205,daily_ff5,Daily FF5,XGBoost Combined
2019-12-19,0.00252,"ME2 BM1, ME4 BM5, ME2 BM2, ME2 BM3, ME3 BM1",1.2935798163944006,daily_ff5,Daily FF5,XGBoost Combined
2019-12-20,0.00392,"ME2 BM1, ME2 BM2, ME2 BM3, ME3 BM1, ME3 BM2",1.2986506492746666,daily_ff5,Daily FF5,XGBoost Combined
2019-12-23,0.0033799999999999,"ME2 BM1, ME2 BM2, ME2 BM3, ME3 BM1, ME3 BM2",1.3030400884692148,daily_ff5,Daily FF5,XGBoost Combined
2019-12-24,-0.0024,"ME2 BM1, ME2 BM2, ME2 BM3, ME3 BM1, ME3 BM2",1.2999127922568887,daily_ff5,Daily FF5,XGBoost Combined
2019-12-26,-0.00586,"ME2 BM1, ME2 BM2, ME3 BM1, ME3 BM2, ME3 BM3",1.2922953032942637,daily_ff5,Daily FF5,XGBoost Combined
2019-12-27,-0.00532,"ME2 BM1, ME3 BM2, ME4 BM1, ME4 BM3, BIG LoBM",1.285420292280738,daily_ff5,Daily FF5,XGBoost Combined
2019-12-30,0.0024,"ME4 BM1, ME4 BM3, BIG LoBM, ME5 BM2, ME3 BM2",1.2885053009822118,daily_ff5,Daily FF5,XGBoost Combined
2019-12-31,0.0033,"ME3 BM2, ME3 BM3, ME4 BM1, ME4 BM3, ME4 BM4",1.2927573684754532,daily_ff5,Daily FF5,XGBoost Combined
2020-01-02,-0.00478,"ME3 BM2, ME3 BM3, ME4 BM1, ME4 BM3, BIG LoBM",1.2865779882541406,daily_ff5,Daily FF5,XGBoost Combined
2020-01-03,0.0008799999999999,"ME2 BM5, ME2 BM1, ME2 BM2, ME2 BM3, ME3 BM2",1.2877101768838042,daily_ff5,Daily FF5,XGBoost Combined
2020-01-06,-0.0016799999999999,"ME2 BM5, ME2 BM1, ME2 BM3, ME3 BM2, ME3 BM3",1.2855468237866394,daily_ff5,Daily FF5,XGBoost Combined
2020-01-07,0.00094,"ME2 BM5, ME1 BM3, ME2 BM1, ME2 BM2, ME2 BM3",1.2867552378009988,daily_ff5,Daily FF5,XGBoost Combined
2020-01-08,0.0015,"SMALL LoBM, ME1 BM3, ME2 BM1, ME2 BM2, ME2 BM3",1.2886853706577004,daily_ff5,Daily FF5,XGBoost Combined
2020-01-09,-0.0049399999999999,"SMALL LoBM, ME1 BM3, ME2 BM1, ME2 BM2, ME2 BM3",1.2823192649266515,daily_ff5,Daily FF5,XGBoost Combined
2020-01-10,0.0066999999999999,"ME1 BM3, ME2 BM1, ME2 BM2, ME2 BM3, ME3 BM2",1.29091080400166,daily_ff5,Daily FF5,XGBoost Combined
2020-01-13,0.00442,"SMALL LoBM, ME1 BM3, ME1 BM4, SMALL HiBM, ME2 BM1",1.2966166297553474,daily_ff5,Daily FF5,XGBoost Combined
2020-01-14,0.00516,"ME2 BM5, ME1 BM3, ME2 BM1, ME2 BM2, ME2 BM3",1.3033071715648852,daily_ff5,Daily FF5,XGBoost Combined
2020-01-15,0.0141799999999999,"ME1 BM3, ME1 BM4, ME2 BM1, ME2 BM2, ME2 BM3",1.3217880672576754,daily_ff5,Daily FF5,XGBoost Combined
2020-01-16,-0.00274,"ME1 BM3, ME2 BM1, ME2 BM2, ME2 BM3, ME2 BM5",1.3181663679533897,daily_ff5,Daily FF5,XGBoost Combined
2020-01-17,-0.0089,"SMALL LoBM, ME1 BM3, ME2 BM1, ME2 BM2, ME2 BM3",1.3064346872786043,daily_ff5,Daily FF5,XGBoost Combined
2020-01-21,-0.00072,"SMALL LoBM, ME1 BM3, ME1 BM4, SMALL HiBM, ME2 BM1",1.3054940543037636,daily_ff5,Daily FF5,XGBoost Combined
2020-01-22,-0.0017399999999999,"SMALL LoBM, ME1 BM3, ME1 BM4, SMALL HiBM, ME2 BM1",1.3032224946492752,daily_ff5,Daily FF5,XGBoost Combined
2020-01-23,-0.01378,"SMALL LoBM, ME1 BM3, ME1 BM4, SMALL HiBM, ME2 BM1",1.2852640886730082,daily_ff5,Daily FF5,XGBoost Combined
2020-01-24,-0.01236,"SMALL LoBM, ME1 BM3, ME1 BM4, SMALL HiBM, ME2 BM1",1.2693782245370098,daily_ff5,Daily FF5,XGBoost Combined
2020-01-27,0.00754,"SMALL LoBM, ME1 BM3, ME1 BM4, SMALL HiBM, ME2 BM1",1.278949336350019,daily_ff5,Daily FF5,XGBoost Combined
2020-01-28,-0.00766,"BIG HiBM, SMALL LoBM, ME1 BM2, ME1 BM3, ME1 BM4",1.2691525844335778,daily_ff5,Daily FF5,XGBoost Combined
2020-01-29,-0.00332,"BIG HiBM, SMALL LoBM, ME1 BM2, ME1 BM3, ME1 BM4",1.2649389978532584,daily_ff5,Daily FF5,XGBoost Combined
2020-01-30,-0.01906,"SMALL LoBM, ME1 BM2, ME1 BM3, ME1 BM4, SMALL HiBM",1.2408292605541753,daily_ff5,Daily FF5,XGBoost Combined
2020-01-31,0.00828,"SMALL LoBM, ME1 BM2, ME1 BM3, ME1 BM4, SMALL HiBM",1.251103326831564,daily_ff5,Daily FF5,XGBoost Combined
2020-02-03,0.01062,"SMALL LoBM, ME1 BM2, ME1 BM3, ME1 BM4, SMALL HiBM",1.264390044162515,daily_ff5,Daily FF5,XGBoost Combined
2020-02-04,0.01936,"SMALL LoBM, ME1 BM2, ME1 BM3, ME1 BM4, SMALL HiBM",1.2888686354175014,daily_ff5,Daily FF5,XGBoost Combined
2020-02-05,-0.0031,"SMALL LoBM, ME1 BM2, ME1 BM3, ME1 BM4, SMALL HiBM",1.2848731426477071,daily_ff5,Daily FF5,XGBoost Combined
2020-02-06,-0.01212,"ME5 BM3, ME1 BM2, ME1 BM3, ME1 BM4, SMALL HiBM",1.2693004801588168,daily_ff5,Daily FF5,XGBoost Combined
2020-02-07,0.00634,"SMALL LoBM, ME1 BM2, ME1 BM3, ME1 BM4, SMALL HiBM",1.2773478452030238,daily_ff5,Daily FF5,XGBoost Combined
2020-02-10,0.00338,"SMALL LoBM, ME1 BM2, ME1 BM3, ME1 BM4, SMALL HiBM",1.28166528091981,daily_ff5,Daily FF5,XGBoost Combined
2020-02-11,0.00794,"SMALL LoBM, ME1 BM2, ME1 BM3, ME1 BM4, SMALL HiBM",1.2918417032503131,daily_ff5,Daily FF5,XGBoost Combined
2020-02-12,-0.00134,"ME4 BM4, ME5 BM3, ME5 BM4, SMALL LoBM, ME1 BM2",1.290110635367958,daily_ff5,Daily FF5,XGBoost Combined
2020-02-13,-0.003,"SMALL LoBM, ME1 BM2, ME1 BM3, ME1 BM4, SMALL HiBM",1.286240303461854,daily_ff5,Daily FF5,XGBoost Combined
2020-02-14,0.0031399999999999,"SMALL LoBM, ME1 BM2, ME1 BM3, ME1 BM4, SMALL HiBM",1.290279098014724,daily_ff5,Daily FF5,XGBoost Combined
2020-02-18,0.0104,"SMALL LoBM, ME1 BM2, ME1 BM3, ME1 BM4, SMALL HiBM",1.3036980006340773,daily_ff5,Daily FF5,XGBoost Combined
2020-02-19,0.00648,"SMALL LoBM, ME1 BM2, ME1 BM3, ME1 BM4, SMALL HiBM",1.312145963678186,daily_ff5,Daily FF5,XGBoost Combined
2020-02-20,-0.00926,"SMALL LoBM, ME1 BM2, ME1 BM3, ME1 BM4, SMALL HiBM",1.299995492054526,daily_ff5,Daily FF5,XGBoost Combined
2020-02-21,-0.0288599999999999,"SMALL LoBM, ME1 BM2, ME1 BM3, ME1 BM4, SMALL HiBM",1.2624776221538323,daily_ff5,Daily FF5,XGBoost Combined
2020-02-24,-0.03386,"SMALL LoBM, ME1 BM2, ME1 BM3, ME1 BM4, SMALL HiBM",1.2197301298677037,daily_ff5,Daily FF5,XGBoost Combined
2020-02-25,-0.02078,"SMALL HiBM, ME2 BM5, ME3 BM5, BIG HiBM, ME4 BM5",1.1943841377690525,daily_ff5,Daily FF5,XGBoost Combined
2020-02-26,-0.03356,"ME1 BM3, ME1 BM4, SMALL HiBM, ME2 BM4, ME2 BM5",1.154300606105523,daily_ff5,Daily FF5,XGBoost Combined
2020-02-27,-0.01124,"ME4 BM5, ME5 BM4, BIG HiBM, ME1 BM2, ME1 BM4",1.1413262672928968,daily_ff5,Daily FF5,XGBoost Combined
2020-02-28,0.0296199999999999,"ME1 BM3, ME2 BM4, ME3 BM4, ME3 BM5, ME4 BM3",1.1751323513301124,daily_ff5,Daily FF5,XGBoost Combined
2020-03-02,-0.02208,"ME1 BM2, SMALL HiBM, ME3 BM2, ME1 BM3, ME1 BM4",1.1491854290127437,daily_ff5,Daily FF5,XGBoost Combined
2020-03-03,0.0260199999999999,"ME2 BM4, ME3 BM4, ME3 BM5, ME4 BM3, ME4 BM4",1.179087233875655,daily_ff5,Daily FF5,XGBoost Combined
2020-03-04,-0.0444,"ME3 BM5, ME4 BM5, ME5 BM4, BIG HiBM, SMALL HiBM",1.126735760691576,daily_ff5,Daily FF5,XGBoost Combined
2020-03-05,-0.01814,"ME2 BM2, ME3 BM3, ME4 BM2, ME4 BM3, ME5 BM3",1.1062967739926308,daily_ff5,Daily FF5,XGBoost Combined
2020-03-06,-0.09688,"ME2 BM4, ME3 BM2, ME3 BM3, ME3 BM4, ME4 BM3",0.9991187425282247,daily_ff5,Daily FF5,XGBoost Combined
2020-03-09,0.04378,"ME4 BM4, ME4 BM5, BIG HiBM, ME1 BM3, ME2 BM5",1.0428601610761103,daily_ff5,Daily FF5,XGBoost Combined
2020-03-10,-0.06556,"ME2 BM4, ME3 BM2, ME3 BM3, ME3 BM4, ME3 BM5",0.9744902489159606,daily_ff5,Daily FF5,XGBoost Combined
2020-03-11,-0.10772,"SMALL HiBM, ME2 BM4, ME3 BM1, ME3 BM2, ME3 BM3",0.8695181593027332,daily_ff5,Daily FF5,XGBoost Combined
2020-03-12,0.0576799999999999,"SMALL LoBM, ME1 BM2, ME1 BM3, ME1 BM4, ME2 BM2",0.9196719667313148,daily_ff5,Daily FF5,XGBoost Combined
2020-03-13,-0.12886,"ME1 BM2, ME1 BM3, ME1 BM4, ME2 BM2, ME2 BM3",0.8011630370983177,daily_ff5,Daily FF5,XGBoost Combined
2020-03-16,0.07226,"SMALL LoBM, ME1 BM2, ME1 BM3, ME1 BM4, SMALL HiBM",0.8590550781590421,daily_ff5,Daily FF5,XGBoost Combined
2020-03-17,-0.1127399999999999,"ME1 BM4, ME2 BM3, ME2 BM4, ME4 BM3, ME4 BM4",0.7622052086473917,daily_ff5,Daily FF5,XGBoost Combined
2020-03-18,0.0683199999999999,"ME2 BM2, ME2 BM3, ME2 BM4, ME2 BM5, ME3 BM4",0.8142790685021815,daily_ff5,Daily FF5,XGBoost Combined
2020-03-19,-0.04718,"ME4 BM3, ME4 BM4, ME4 BM5, ME5 BM2, ME5 BM3",0.7758613820502486,daily_ff5,Daily FF5,XGBoost Combined
2020-03-20,-0.03302,"ME4 BM4, BIG HiBM, ME4 BM5, BIG LoBM, ME5 BM2",0.7502424392149494,daily_ff5,Daily FF5,XGBoost Combined
2020-03-23,0.1141399999999999,"ME4 BM4, ME4 BM5, ME5 BM2, ME5 BM3, ME5 BM4",0.8358751112269436,daily_ff5,Daily FF5,XGBoost Combined
2020-03-24,0.02506,"ME4 BM4, ME5 BM2, ME5 BM3, ME5 BM4, BIG HiBM",0.8568221415142908,daily_ff5,Daily FF5,XGBoost Combined
2020-03-25,0.0625599999999999,"ME4 BM4, ME5 BM2, ME5 BM3, ME5 BM4, ME3 BM5",0.9104249346874248,daily_ff5,Daily FF5,XGBoost Combined
2020-03-26,-0.03874,"ME3 BM4, ME4 BM2, ME4 BM3, ME4 BM4, ME3 BM5",0.8751550727176339,daily_ff5,Daily FF5,XGBoost Combined
2020-03-27,0.02384,"ME4 BM3, ME4 BM4, ME5 BM2, ME5 BM3, ME5 BM4",0.8960187696512224,daily_ff5,Daily FF5,XGBoost Combined
2020-03-30,-0.0164199999999999,"ME4 BM3, ME4 BM4, ME5 BM2, ME5 BM3, ME5 BM4",0.8813061414535494,daily_ff5,Daily FF5,XGBoost Combined
2020-03-31,-0.0571999999999999,"ME5 BM2, ME3 BM5, BIG HiBM, ME4 BM3, ME4 BM4",0.8308954301624063,daily_ff5,Daily FF5,XGBoost Combined
2020-04-01,0.01334,"ME3 BM5, BIG HiBM, ME4 BM3, ME4 BM4, ME5 BM2",0.8419795752007727,daily_ff5,Daily FF5,XGBoost Combined
2020-04-02,-0.0264399999999999,"ME3 BM4, ME4 BM3, ME4 BM4, ME5 BM2, ME5 BM3",0.8197176352324642,daily_ff5,Daily FF5,XGBoost Combined
2020-04-03,0.0766599999999999,"ME5 BM4, ME3 BM5, BIG HiBM, ME1 BM2, ME2 BM4",0.8825571891493849,daily_ff5,Daily FF5,XGBoost Combined
2020-04-06,0.0161599999999999,"ME3 BM4, ME3 BM5, BIG HiBM, ME1 BM2, ME4 BM3",0.8968193133260389,daily_ff5,Daily FF5,XGBoost Combined
2020-04-07,0.0384399999999999,"ME2 BM4, ME4 BM3, ME5 BM2, ME5 BM3, ME5 BM4",0.931293047730292,daily_ff5,Daily FF5,XGBoost Combined
2020-04-08,0.05172,"ME3 BM4, ME3 BM5, ME4 BM4, ME4 BM5, BIG HiBM",0.9794595241589026,daily_ff5,Daily FF5,XGBoost Combined
2020-04-09,-0.0318,"ME2 BM4, ME4 BM3, ME5 BM3, ME5 BM4, ME3 BM4",0.9483127112906494,daily_ff5,Daily FF5,XGBoost Combined
2020-04-13,0.00954,"SMALL HiBM, ME2 BM4, ME4 BM3, ME5 BM4, ME3 BM4",0.9573596145563624,daily_ff5,Daily FF5,XGBoost Combined
2020-04-14,-0.05182,"ME2 BM4, ME1 BM4, ME3 BM4, ME3 BM5, ME4 BM4",0.9077492393300516,daily_ff5,Daily FF5,XGBoost Combined
2020-04-15,-0.02092,"ME1 BM4, ME3 BM4, ME3 BM5, ME4 BM4, ME4 BM5",0.888759125243267,daily_ff5,Daily FF5,XGBoost Combined
2020-04-16,0.0441,"SMALL HiBM, ME2 BM4, ME4 BM3, ME5 BM3, ME5 BM4",0.9279534026664952,daily_ff5,Daily FF5,XGBoost Combined
2020-04-17,-0.02136,"ME1 BM4, ME3 BM4, ME3 BM5, ME4 BM4, ME4 BM5",0.9081323179855388,daily_ff5,Daily FF5,XGBoost Combined
2020-04-20,-0.0216799999999999,"SMALL HiBM, ME2 BM3, ME2 BM4, ME4 BM3, ME5 BM4",0.8884440093316123,daily_ff5,Daily FF5,XGBoost Combined
2020-04-21,0.0061199999999999,"ME1 BM4, ME2 BM5, ME3 BM4, ME3 BM5, ME4 BM4",0.8938812866687217,daily_ff5,Daily FF5,XGBoost Combined
2020-04-22,0.01538,"ME1 BM4, ME2 BM5, ME3 BM4, ME3 BM5, ME4 BM4",0.9076291808576866,daily_ff5,Daily FF5,XGBoost Combined
2020-04-23,0.0191799999999999,"ME1 BM4, ME2 BM5, ME3 BM4, ME3 BM5, ME4 BM4",0.925037508546537,daily_ff5,Daily FF5,XGBoost Combined
2020-04-24,0.05118,"ME1 BM4, ME2 BM5, ME3 BM4, ME3 BM5, ME4 BM4",0.9723809282339488,daily_ff5,Daily FF5,XGBoost Combined
2020-04-27,0.02408,"ME1 BM4, ME2 BM5, ME3 BM4, ME3 BM5, ME4 BM4",0.9957958609858224,daily_ff5,Daily FF5,XGBoost Combined
2020-04-28,0.0503799999999999,"ME2 BM3, ME3 BM3, ME4 BM3, ME1 BM4, SMALL HiBM",1.045964056462288,daily_ff5,Daily FF5,XGBoost Combined
2020-04-29,-0.0348,"ME1 BM4, SMALL HiBM, ME2 BM4, ME2 BM5, ME3 BM4",1.0095645072974004,daily_ff5,Daily FF5,XGBoost Combined
2020-04-30,-0.03374,"ME2 BM3, ME4 BM2, ME5 BM4, ME1 BM4, SMALL HiBM",0.9755018008211862,daily_ff5,Daily FF5,XGBoost Combined
2020-05-01,-0.0032,"ME4 BM3, ME1 BM4, SMALL HiBM, ME2 BM3, ME2 BM4",0.9723801950585584,daily_ff5,Daily FF5,XGBoost Combined
2020-05-04,-0.00134,"ME4 BM3, ME5 BM3, ME5 BM4, ME1 BM4, SMALL HiBM",0.97107720559718,daily_ff5,Daily FF5,XGBoost Combined
2020-05-05,-0.01958,"ME1 BM4, SMALL HiBM, ME2 BM4, ME2 BM5, ME3 BM4",0.9520635139115872,daily_ff5,Daily FF5,XGBoost Combined
2020-05-06,0.0159999999999999,"ME1 BM4, SMALL HiBM, ME2 BM4, ME2 BM5, ME3 BM4",0.9672965301341724,daily_ff5,Daily FF5,XGBoost Combined
2020-05-07,0.0464,"ME1 BM4, SMALL HiBM, ME2 BM4, ME2 BM5, ME3 BM4",1.012179089132398,daily_ff5,Daily FF5,XGBoost Combined
2020-05-08,-0.0167,"ME1 BM4, SMALL HiBM, ME2 BM4, ME2 BM5, ME3 BM4",0.995275698343887,daily_ff5,Daily FF5,XGBoost Combined
2020-05-11,-0.03548,"ME1 BM4, SMALL HiBM, ME2 BM3, ME2 BM4, ME2 BM5",0.959963316566646,daily_ff5,Daily FF5,XGBoost Combined
2020-05-12,-0.04082,"ME1 BM4, SMALL HiBM, ME2 BM4, ME2 BM5, ME3 BM4",0.9207776139843956,daily_ff5,Daily FF5,XGBoost Combined
2020-05-13,0.0063199999999999,"SMALL HiBM, ME2 BM4, ME2 BM5, ME3 BM4, ME3 BM5",0.9265969285047768,daily_ff5,Daily FF5,XGBoost Combined
2020-05-14,0.00732,"ME5 BM4, SMALL HiBM, ME2 BM4, ME2 BM5, ME3 BM4",0.933379618021432,daily_ff5,Daily FF5,XGBoost Combined
2020-05-15,0.0753,"ME1 BM4, SMALL HiBM, ME2 BM4, ME2 BM5, ME3 BM4",1.0036631032584455,daily_ff5,Daily FF5,XGBoost Combined
2020-05-18,-0.02538,"ME1 BM4, SMALL HiBM, ME2 BM3, ME2 BM4, ME2 BM5",0.9781901336977462,daily_ff5,Daily FF5,XGBoost Combined
2020-05-19,0.02916,"ME5 BM3, ME1 BM4, SMALL HiBM, ME2 BM2, ME2 BM3",1.0067141579963723,daily_ff5,Daily FF5,XGBoost Combined
2020-05-20,0.00156,"SMALL HiBM, ME2 BM4, ME2 BM5, ME3 BM4, ME3 BM5",1.008284632082847,daily_ff5,Daily FF5,XGBoost Combined
2020-05-21,-0.0007,"SMALL HiBM, ME2 BM4, ME2 BM5, ME3 BM4, ME3 BM5",1.007578832840389,daily_ff5,Daily FF5,XGBoost Combined
2020-05-22,0.03958,"ME1 BM4, SMALL HiBM, ME2 BM3, ME2 BM4, ME2 BM5",1.0474588030442116,daily_ff5,Daily FF5,XGBoost Combined
2020-05-26,0.0449399999999999,"SMALL HiBM, ME2 BM3, ME2 BM4, ME2 BM5, ME3 BM4",1.0945316016530184,daily_ff5,Daily FF5,XGBoost Combined
2020-05-27,-0.03366,"SMALL HiBM, ME2 BM4, ME2 BM5, ME3 BM4, ME3 BM5",1.057689667941378,daily_ff5,Daily FF5,XGBoost Combined
2020-05-28,-0.00974,"ME1 BM4, SMALL HiBM, ME2 BM3, ME2 BM4, ME2 BM5",1.047387770575629,daily_ff5,Daily FF5,XGBoost Combined
2020-05-29,0.0050599999999999,"SMALL HiBM, ME1 BM4, ME2 BM3, ME2 BM4, ME2 BM5",1.0526875526947417,daily_ff5,Daily FF5,XGBoost Combined
2020-06-01,0.01262,"ME2 BM4, ME2 BM5, ME3 BM4, ME3 BM5, ME4 BM4",1.0659724696097497,daily_ff5,Daily FF5,XGBoost Combined
2020-06-02,0.03756,"ME2 BM3, ME2 BM4, ME2 BM5, ME3 BM4, ME3 BM5",1.1060103955682916,daily_ff5,Daily FF5,XGBoost Combined
2020-06-03,0.0154,"ME2 BM3, ME2 BM4, ME2 BM5, ME3 BM4, ME3 BM5",1.1230429556600434,daily_ff5,Daily FF5,XGBoost Combined
2020-06-04,0.04782,"ME2 BM4, ME3 BM4, ME3 BM5, ME4 BM4, BIG HiBM",1.1767468697997068,daily_ff5,Daily FF5,XGBoost Combined
2020-06-05,0.0354,"ME2 BM4, ME2 BM5, ME3 BM4, ME3 BM5, ME4 BM4",1.2184037089906166,daily_ff5,Daily FF5,XGBoost Combined
2020-06-08,-0.0216799999999999,"ME5 BM4, ME1 BM4, SMALL HiBM, ME2 BM3, ME2 BM4",1.1919887165796998,daily_ff5,Daily FF5,XGBoost Combined
2020-06-09,-0.04588,"ME2 BM4, ME2 BM5, ME3 BM4, ME3 BM5, ME4 BM4",1.1373002742630232,daily_ff5,Daily FF5,XGBoost Combined
2020-06-10,-0.08774,"SMALL HiBM, ME2 BM5, ME3 BM4, ME3 BM5, ME4 BM4",1.0375135481991855,daily_ff5,Daily FF5,XGBoost Combined
2020-06-11,0.0232,"ME4 BM3, SMALL LoBM, ME1 BM2, ME1 BM3, ME2 BM1",1.0615838625174068,daily_ff5,Daily FF5,XGBoost Combined
2020-06-12,0.0215399999999999,"ME2 BM1, ME3 BM1, ME3 BM2, ME3 BM3, BIG LoBM",1.0844503789160316,daily_ff5,Daily FF5,XGBoost Combined
2020-06-15,0.01908,"ME3 BM2, ME4 BM5, BIG LoBM, ME5 BM2, SMALL LoBM",1.1051416921457495,daily_ff5,Daily FF5,XGBoost Combined
2020-06-16,-0.01202,"ME1 BM3, ME2 BM1, ME2 BM2, ME3 BM1, ME3 BM2",1.0918578890061577,daily_ff5,Daily FF5,XGBoost Combined
2020-06-17,0.00172,"ME1 BM3, ME2 BM1, ME3 BM1, ME3 BM2, ME4 BM2",1.0937358845752485,daily_ff5,Daily FF5,XGBoost Combined
2020-06-18,-0.0034,"BIG LoBM, ME5 BM2, SMALL LoBM, ME1 BM2, ME1 BM3",1.0900171825676923,daily_ff5,Daily FF5,XGBoost Combined
2020-06-19,0.00052,"ME4 BM2, ME4 BM3, ME4 BM4, ME4 BM5, ME5 BM2",1.090583991502628,daily_ff5,Daily FF5,XGBoost Combined
2020-06-22,0.0014,"ME4 BM2, ME4 BM3, ME4 BM5, ME5 BM2, ME5 BM3",1.0921108090907317,daily_ff5,Daily FF5,XGBoost Combined
2020-06-23,-0.03144,"ME4 BM2, ME4 BM3, ME4 BM5, ME5 BM2, ME5 BM3",1.057774845252919,daily_ff5,Daily FF5,XGBoost Combined
2020-06-24,0.01002,"ME4 BM2, ME4 BM3, ME4 BM5, ME5 BM2, ME5 BM3",1.068373749202353,daily_ff5,Daily FF5,XGBoost Combined
2020-06-25,-0.0216799999999999,"ME4 BM1, ME1 BM3, ME4 BM2, ME4 BM3, ME4 BM5",1.045211406319646,daily_ff5,Daily FF5,XGBoost Combined
2020-06-26,0.02468,"ME1 BM3, ME3 BM3, ME4 BM2, ME4 BM3, ME4 BM5",1.071007223827615,daily_ff5,Daily FF5,XGBoost Combined
2020-06-29,0.0155399999999999,"ME1 BM3, ME3 BM1, ME3 BM2, ME3 BM3, ME4 BM2",1.0876506760858962,daily_ff5,Daily FF5,XGBoost Combined
2020-06-30,-0.00708,"ME1 BM3, ME3 BM1, ME3 BM2, ME3 BM3, ME4 BM2",1.079950109299208,daily_ff5,Daily FF5,XGBoost Combined
2020-07-01,0.00526,"SMALL LoBM, ME1 BM2, ME2 BM1, ME2 BM5, ME3 BM1",1.085630646874122,daily_ff5,Daily FF5,XGBoost Combined
2020-07-02,0.0062799999999999,"SMALL LoBM, ME1 BM2, ME2 BM1, ME3 BM1, ME1 BM3",1.0924484073364915,daily_ff5,Daily FF5,XGBoost Combined
2020-07-06,-0.0161,"SMALL LoBM, ME1 BM2, ME2 BM1, ME2 BM5, ME3 BM1",1.074859987978374,daily_ff5,Daily FF5,XGBoost Combined
2020-07-07,0.00952,"SMALL LoBM, ME1 BM2, ME2 BM1, ME2 BM5, ME3 BM1",1.0850926550639282,daily_ff5,Daily FF5,XGBoost Combined
2020-07-08,-0.02332,"ME1 BM2, ME2 BM1, ME1 BM3, ME1 BM4, SMALL HiBM",1.0597882943478374,daily_ff5,Daily FF5,XGBoost Combined
2020-07-09,0.01726,"ME1 BM2, ME1 BM3, ME1 BM4, SMALL HiBM, ME2 BM1",1.0780802403082812,daily_ff5,Daily FF5,XGBoost Combined
2020-07-10,-0.01706,"ME1 BM2, ME2 BM1, BIG LoBM, ME1 BM3, ME1 BM4",1.059688191408622,daily_ff5,Daily FF5,XGBoost Combined
2020-07-13,0.01254,"ME1 BM2, ME2 BM1, BIG LoBM, ME1 BM3, ME1 BM4",1.072976681328886,daily_ff5,Daily FF5,XGBoost Combined
2020-07-14,0.0291,"ME1 BM2, ME2 BM1, BIG LoBM, SMALL LoBM, ME1 BM3",1.1042003027555567,daily_ff5,Daily FF5,XGBoost Combined
2020-07-15,-0.00448,"ME4 BM1, BIG LoBM, SMALL LoBM, ME1 BM2, ME1 BM3",1.0992534853992115,daily_ff5,Daily FF5,XGBoost Combined
2020-07-16,0.0097,"ME1 BM2, ME2 BM1, ME4 BM1, BIG LoBM, SMALL LoBM",1.109916244207584,daily_ff5,Daily FF5,XGBoost Combined
2020-07-17,0.01372,"ME4 BM1, BIG LoBM, ME5 BM2, SMALL LoBM, ME1 BM2",1.125144295078112,daily_ff5,Daily FF5,XGBoost Combined
2020-07-20,0.0001199999999999,"ME4 BM1, BIG LoBM, ME5 BM2, SMALL LoBM, ME1 BM2",1.1252793123935214,daily_ff5,Daily FF5,XGBoost Combined
2020-07-21,-0.00138,"ME4 BM1, BIG LoBM, ME5 BM2, ME1 BM2, ME1 BM3",1.1237264269424183,daily_ff5,Daily FF5,XGBoost Combined
2020-07-22,-0.0095399999999999,"ME4 BM1, BIG LoBM, ME5 BM2, ME1 BM2, ME1 BM3",1.1130060768293877,daily_ff5,Daily FF5,XGBoost Combined
2020-07-23,-0.01272,"ME4 BM1, BIG LoBM, ME5 BM2, SMALL LoBM, ME1 BM2",1.098848639532118,daily_ff5,Daily FF5,XGBoost Combined
2020-07-24,0.01126,"ME4 BM1, BIG LoBM, ME5 BM2, ME1 BM2, ME1 BM4",1.1112216752132498,daily_ff5,Daily FF5,XGBoost Combined
2020-07-27,-0.0094,"ME1 BM2, ME4 BM1, BIG LoBM, ME5 BM2, ME1 BM3",1.1007761914662453,daily_ff5,Daily FF5,XGBoost Combined
2020-07-28,0.0112199999999999,"ME1 BM2, ME2 BM1, ME4 BM1, BIG LoBM, ME5 BM2",1.1131269003344966,daily_ff5,Daily FF5,XGBoost Combined
2020-07-29,0.0056999999999999,"SMALL LoBM, ME1 BM2, ME4 BM1, BIG LoBM, ME5 BM2",1.1194717236664034,daily_ff5,Daily FF5,XGBoost Combined
2020-07-30,-0.01176,"SMALL LoBM, ME1 BM2, ME2 BM1, ME3 BM1, ME4 BM1",1.1063067361960863,daily_ff5,Daily FF5,XGBoost Combined
2020-07-31,0.01782,"SMALL LoBM, ME1 BM2, ME4 BM1, BIG LoBM, ME5 BM2",1.1260211222351006,daily_ff5,Daily FF5,XGBoost Combined
2020-08-03,0.0091599999999999,"SMALL LoBM, ME1 BM2, ME2 BM1, ME3 BM1, ME4 BM1",1.1363354757147743,daily_ff5,Daily FF5,XGBoost Combined
2020-08-04,0.01588,"SMALL LoBM, ME1 BM2, ME2 BM1, ME3 BM1, ME4 BM1",1.1543804830691249,daily_ff5,Daily FF5,XGBoost Combined
2020-08-05,-0.00244,"SMALL LoBM, ME1 BM2, ME2 BM1, ME4 BM1, BIG LoBM",1.1515637946904362,daily_ff5,Daily FF5,XGBoost Combined
2020-08-06,0.0068,"SMALL LoBM, ME1 BM2, ME2 BM1, ME4 BM1, BIG LoBM",1.1593944284943312,daily_ff5,Daily FF5,XGBoost Combined
2020-08-07,0.00484,"ME1 BM2, ME4 BM1, BIG LoBM, ME5 BM2, SMALL LoBM",1.1650058975282436,daily_ff5,Daily FF5,XGBoost Combined
2020-08-10,-0.01132,"ME4 BM1, BIG LoBM, ME5 BM2, ME1 BM2, ME1 BM3",1.1518180307682238,daily_ff5,Daily FF5,XGBoost Combined
2020-08-11,0.0101999999999999,"ME4 BM1, BIG LoBM, ME5 BM2, ME1 BM2, ME1 BM3",1.1635665746820596,daily_ff5,Daily FF5,XGBoost Combined
2020-08-12,0.0068,"ME1 BM2, ME2 BM1, ME4 BM1, BIG LoBM, ME5 BM2",1.1714788273898975,daily_ff5,Daily FF5,XGBoost Combined
2020-08-13,-0.00454,"ME1 BM2, ME2 BM1, ME4 BM1, BIG LoBM, ME5 BM2",1.1661603135135474,daily_ff5,Daily FF5,XGBoost Combined
2020-08-14,0.00834,"ME1 BM2, ME2 BM1, ME4 BM1, BIG LoBM, ME5 BM2",1.1758860905282504,daily_ff5,Daily FF5,XGBoost Combined
2020-08-17,0.00024,"ME1 BM2, ME2 BM1, ME4 BM1, BIG LoBM, ME5 BM2",1.1761683031899772,daily_ff5,Daily FF5,XGBoost Combined
2020-08-18,0.0013999999999999,"ME1 BM2, ME2 BM1, ME4 BM1, BIG LoBM, ME1 BM3",1.1778149388144432,daily_ff5,Daily FF5,XGBoost Combined
2020-08-19,-0.00048,"ME1 BM2, ME2 BM1, ME4 BM1, BIG LoBM, ME1 BM3",1.1772495876438125,daily_ff5,Daily FF5,XGBoost Combined
2020-08-20,-0.00932,"ME1 BM2, ME2 BM1, BIG LoBM, ME1 BM3, ME1 BM4",1.166277621486972,daily_ff5,Daily FF5,XGBoost Combined
2020-08-21,-0.00216,"ME1 BM2, ME2 BM1, BIG LoBM, ME1 BM3, ME1 BM4",1.16375846182456,daily_ff5,Daily FF5,XGBoost Combined
2020-08-24,0.0031399999999999,"ME1 BM3, ME1 BM4, SMALL HiBM, ME2 BM2, ME2 BM3",1.167412663394689,daily_ff5,Daily FF5,XGBoost Combined
2020-08-25,-0.00532,"ME5 BM2, ME1 BM3, ME1 BM4, SMALL HiBM, ME2 BM2",1.1612020280254294,daily_ff5,Daily FF5,XGBoost Combined
2020-08-26,-0.0013,"ME1 BM3, ME1 BM4, SMALL HiBM, ME2 BM2, ME2 BM3",1.1596924653889964,daily_ff5,Daily FF5,XGBoost Combined
2020-08-27,0.0149,"SMALL LoBM, ME1 BM3, ME1 BM4, SMALL HiBM, ME2 BM2",1.1769718831232925,daily_ff5,Daily FF5,XGBoost Combined
2020-08-28,-0.0112,"SMALL LoBM, ME1 BM3, ME1 BM4, SMALL HiBM, ME2 BM2",1.1637897980323113,daily_ff5,Daily FF5,XGBoost Combined
2020-08-31,0.00816,"SMALL LoBM, ME1 BM3, ME1 BM4, SMALL HiBM, ME2 BM2",1.173286322784255,daily_ff5,Daily FF5,XGBoost Combined
2020-09-01,0.00504,"SMALL LoBM, ME1 BM3, ME1 BM4, SMALL HiBM, ME2 BM2",1.1791996858510876,daily_ff5,Daily FF5,XGBoost Combined
2020-09-02,-0.03616,"ME4 BM1, BIG LoBM, ME5 BM2, SMALL LoBM, ME1 BM3",1.1365598252107123,daily_ff5,Daily FF5,XGBoost Combined
2020-09-03,-0.0117399999999999,"ME4 BM1, BIG LoBM, ME5 BM2, SMALL LoBM, ME1 BM3",1.1232166128627386,daily_ff5,Daily FF5,XGBoost Combined
2020-09-04,-0.0165,"ME2 BM2, ME2 BM3, ME3 BM2, ME5 BM2, SMALL LoBM",1.1046835387505034,daily_ff5,Daily FF5,XGBoost Combined
2020-09-08,0.0208,"SMALL LoBM, ME1 BM2, ME2 BM1, ME2 BM2, ME3 BM1",1.127660956356514,daily_ff5,Daily FF5,XGBoost Combined
2020-09-09,-0.01252,"ME3 BM5, ME4 BM5, ME1 BM2, BIG HiBM, SMALL LoBM",1.1135426411829303,daily_ff5,Daily FF5,XGBoost Combined
2020-09-10,-0.00416,"SMALL LoBM, ME3 BM1, ME3 BM3, ME4 BM1, ME4 BM2",1.1089103037956094,daily_ff5,Daily FF5,XGBoost Combined
2020-09-11,0.02256,"ME3 BM1, ME3 BM3, ME4 BM1, ME4 BM2, BIG LoBM",1.133927320249238,daily_ff5,Daily FF5,XGBoost Combined
2020-09-14,-0.00358,"ME1 BM4, ME2 BM4, ME2 BM5, ME3 BM1, ME3 BM3",1.129867860442746,daily_ff5,Daily FF5,XGBoost Combined
2020-09-15,0.00776,"ME2 BM4, ME2 BM5, ME3 BM3, ME4 BM1, ME4 BM2",1.1386356350397815,daily_ff5,Daily FF5,XGBoost Combined
2020-09-16,-0.0054,"ME1 BM4, ME2 BM4, ME2 BM5, ME3 BM1, ME3 BM3",1.132487002610567,daily_ff5,Daily FF5,XGBoost Combined
2020-09-17,-0.00024,"ME1 BM4, ME2 BM3, ME2 BM4, ME2 BM5, ME3 BM1",1.1322152057299402,daily_ff5,Daily FF5,XGBoost Combined
2020-09-18,-0.0241,"ME3 BM1, ME3 BM3, BIG LoBM, ME1 BM4, ME4 BM2",1.1049288192718485,daily_ff5,Daily FF5,XGBoost Combined
2020-09-21,0.00568,"ME2 BM4, ME2 BM5, ME3 BM1, ME3 BM3, BIG LoBM",1.1112048149653124,daily_ff5,Daily FF5,XGBoost Combined
2020-09-22,-0.03062,"ME1 BM3, ME4 BM3, ME4 BM4, ME4 BM5, ME1 BM2",1.0771797235310745,daily_ff5,Daily FF5,XGBoost Combined
2020-09-23,-0.00224,"ME4 BM1, BIG LoBM, ME1 BM2, ME2 BM1, ME2 BM2",1.0747668409503648,daily_ff5,Daily FF5,XGBoost Combined
2020-09-24,0.01636,"SMALL LoBM, ME1 BM3, ME1 BM4, SMALL HiBM, ME2 BM1",1.0923500264683126,daily_ff5,Daily FF5,XGBoost Combined
2020-09-25,0.0174,"ME4 BM1, BIG LoBM, ME1 BM2, ME2 BM1, ME2 BM2",1.1113569169288613,daily_ff5,Daily FF5,XGBoost Combined
2020-09-28,0.00426,"ME4 BM1, BIG LoBM, ME1 BM2, ME2 BM1, ME2 BM2",1.116091297394978,daily_ff5,Daily FF5,XGBoost Combined
2020-09-29,0.0019999999999999,"SMALL HiBM, ME2 BM4, ME2 BM5, ME3 BM4, ME4 BM1",1.118323479989768,daily_ff5,Daily FF5,XGBoost Combined
2020-09-30,0.0134,"BIG LoBM, ME1 BM2, ME2 BM1, ME2 BM2, ME3 BM1",1.1333090146216311,daily_ff5,Daily FF5,XGBoost Combined
2020-10-01,-0.00692,"BIG LoBM, ME1 BM2, ME2 BM1, ME2 BM2, ME3 BM1",1.1254665162404494,daily_ff5,Daily FF5,XGBoost Combined
2020-10-02,0.02226,"BIG LoBM, ME3 BM2, ME4 BM2, ME5 BM2, SMALL LoBM",1.1505194008919617,daily_ff5,Daily FF5,XGBoost Combined
2020-10-05,-0.0070599999999999,"BIG LoBM, SMALL LoBM, ME1 BM2, ME1 BM3, ME2 BM1",1.1423967339216643,daily_ff5,Daily FF5,XGBoost Combined
2020-10-06,0.02514,"BIG LoBM, ME1 BM2, ME1 BM3, ME1 BM4, SMALL HiBM",1.1711165878124552,daily_ff5,Daily FF5,XGBoost Combined
2020-10-07,0.01026,"BIG LoBM, ME1 BM2, ME1 BM3, ME1 BM4, SMALL HiBM",1.1831322440034109,daily_ff5,Daily FF5,XGBoost Combined
2020-10-08,0.00494,"BIG LoBM, ME1 BM2, ME1 BM3, ME1 BM4, SMALL HiBM",1.1889769172887876,daily_ff5,Daily FF5,XGBoost Combined
2020-10-09,0.00962,"BIG LoBM, ME1 BM3, SMALL HiBM, ME2 BM4, ME2 BM5",1.2004148752331056,daily_ff5,Daily FF5,XGBoost Combined
2020-10-12,-0.00858,"BIG LoBM, BIG HiBM, ME1 BM2, ME1 BM3, ME1 BM4",1.1901153156036055,daily_ff5,Daily FF5,XGBoost Combined
2020-10-13,-0.00816,"BIG LoBM, BIG HiBM, ME4 BM2, ME5 BM2, ME1 BM2",1.1804039746282802,daily_ff5,Daily FF5,XGBoost Combined
2020-10-14,0.00438,"BIG LoBM, ME5 BM4, BIG HiBM, ME1 BM2, ME1 BM3",1.185574144037152,daily_ff5,Daily FF5,XGBoost Combined
2020-10-15,-0.00136,"BIG LoBM, BIG HiBM, ME1 BM2, ME1 BM3, ME2 BM1",1.1839617632012616,daily_ff5,Daily FF5,XGBoost Combined
2020-10-16,-0.01006,"BIG LoBM, BIG HiBM, ME1 BM2, ME1 BM3, ME1 BM4",1.172051107863457,daily_ff5,Daily FF5,XGBoost Combined
2020-10-19,0.00428,"BIG LoBM, ME5 BM4, BIG HiBM, ME1 BM2, ME1 BM3",1.1770674866051127,daily_ff5,Daily FF5,XGBoost Combined
2020-10-20,-0.007,"ME2 BM5, ME4 BM1, BIG LoBM, ME5 BM4, BIG HiBM",1.168828014198877,daily_ff5,Daily FF5,XGBoost Combined
2020-10-21,0.01738,"ME2 BM5, ME4 BM5, BIG LoBM, ME5 BM4, BIG HiBM",1.1891422450856537,daily_ff5,Daily FF5,XGBoost Combined
2020-10-22,0.00416,"ME2 BM5, BIG LoBM, ME5 BM4, BIG HiBM, ME1 BM2",1.1940890768252097,daily_ff5,Daily FF5,XGBoost Combined
2020-10-23,-0.02158,"ME3 BM5, ME4 BM1, BIG LoBM, ME5 BM4, BIG HiBM",1.1683206345473216,daily_ff5,Daily FF5,XGBoost Combined
2020-10-26,-0.01054,"ME2 BM5, ME4 BM1, ME4 BM5, BIG LoBM, ME5 BM4",1.1560065350591928,daily_ff5,Daily FF5,XGBoost Combined
2020-10-27,-0.0311,"SMALL LoBM, ME3 BM5, ME4 BM5, ME2 BM4, ME2 BM5",1.1200547318188518,daily_ff5,Daily FF5,XGBoost Combined
2020-10-28,0.01268,"ME3 BM5, ME2 BM5, ME3 BM1, ME4 BM1, BIG LoBM",1.134257025818315,daily_ff5,Daily FF5,XGBoost Combined
2020-10-29,-0.0173599999999999,"SMALL LoBM, ME1 BM3, SMALL HiBM, ME3 BM2, ME5 BM2",1.114566323850109,daily_ff5,Daily FF5,XGBoost Combined
2020-10-30,0.02382,"ME2 BM4, ME2 BM5, ME3 BM3, ME3 BM4, ME3 BM5",1.1411152936842184,daily_ff5,Daily FF5,XGBoost Combined
2020-11-02,0.02802,"ME1 BM4, ME2 BM4, ME2 BM5, ME3 BM1, ME3 BM3",1.1730893442132502,daily_ff5,Daily FF5,XGBoost Combined
2020-11-03,-0.0255199999999999,"ME2 BM4, ME2 BM5, ME3 BM3, ME3 BM4, ME3 BM5",1.143152104148928,daily_ff5,Daily FF5,XGBoost Combined
2020-11-04,0.0258799999999999,"SMALL LoBM, ME1 BM2, ME1 BM3, ME1 BM4, ME2 BM1",1.172736880604302,daily_ff5,Daily FF5,XGBoost Combined
2020-11-05,-0.00514,"ME4 BM1, BIG LoBM, ME5 BM2, ME1 BM2, ME1 BM4",1.166709013037996,daily_ff5,Daily FF5,XGBoost Combined
2020-11-06,0.0525399999999999,"SMALL HiBM, ME1 BM4, ME2 BM4, ME2 BM5, ME3 BM3",1.2280079045830123,daily_ff5,Daily FF5,XGBoost Combined
2020-11-09,0.0274799999999999,"ME1 BM2, ME1 BM4, ME2 BM3, ME2 BM4, ME2 BM5",1.2617535618009534,daily_ff5,Daily FF5,XGBoost Combined
2020-11-10,0.0033799999999999,"ME1 BM3, SMALL HiBM, ME2 BM2, ME3 BM2, ME4 BM1",1.2660182888398406,daily_ff5,Daily FF5,XGBoost Combined
2020-11-11,-0.01884,"ME1 BM4, ME2 BM4, ME2 BM5, ME3 BM1, ME3 BM3",1.242166504278098,daily_ff5,Daily FF5,XGBoost Combined
2020-11-12,0.02394,"ME1 BM4, ME2 BM4, ME2 BM5, ME3 BM1, ME3 BM3",1.2719039703905155,daily_ff5,Daily FF5,XGBoost Combined
2020-11-13,0.02928,"ME1 BM4, ME2 BM4, ME2 BM5, ME3 BM1, ME3 BM3",1.30914531864355,daily_ff5,Daily FF5,XGBoost Combined
2020-11-16,0.00162,"ME2 BM1, ME4 BM1, BIG LoBM, ME5 BM2, SMALL LoBM",1.3112661340597525,daily_ff5,Daily FF5,XGBoost Combined
2020-11-17,-0.00394,"SMALL HiBM, ME4 BM1, BIG LoBM, ME5 BM2, SMALL LoBM",1.306099745491557,daily_ff5,Daily FF5,XGBoost Combined
2020-11-18,0.00808,"ME1 BM2, ME1 BM4, ME2 BM4, ME2 BM5, ME3 BM1",1.316653031435129,daily_ff5,Daily FF5,XGBoost Combined
2020-11-19,-0.00312,"ME1 BM4, ME2 BM4, ME2 BM5, ME3 BM3, ME3 BM4",1.3125450739770514,daily_ff5,Daily FF5,XGBoost Combined
2020-11-20,0.0222,"ME1 BM4, ME2 BM4, ME2 BM5, ME3 BM1, ME3 BM3",1.341683574619342,daily_ff5,Daily FF5,XGBoost Combined
2020-11-23,0.02788,"ME1 BM4, ME2 BM4, ME2 BM5, ME3 BM1, ME3 BM3",1.3790897126797292,daily_ff5,Daily FF5,XGBoost Combined
2020-11-24,-0.00252,"SMALL LoBM, ME1 BM2, ME1 BM4, ME2 BM4, ME2 BM5",1.3756144066037763,daily_ff5,Daily FF5,XGBoost Combined
2020-11-25,0.0043999999999999,"ME1 BM3, SMALL HiBM, ME3 BM2, BIG LoBM, ME5 BM2",1.3816671099928328,daily_ff5,Daily FF5,XGBoost Combined
2020-11-27,-0.00914,"ME1 BM3, SMALL HiBM, BIG LoBM, ME5 BM2, SMALL LoBM",1.3690386726074983,daily_ff5,Daily FF5,XGBoost Combined
2020-11-30,0.01124,"ME1 BM4, ME2 BM3, ME2 BM4, ME2 BM5, ME3 BM2",1.3844266672876064,daily_ff5,Daily FF5,XGBoost Combined
2020-12-01,0.00194,"ME1 BM3, SMALL HiBM, ME4 BM1, BIG LoBM, SMALL LoBM",1.3871124550221443,daily_ff5,Daily FF5,XGBoost Combined
2020-12-02,0.0072,"ME1 BM2, ME2 BM3, ME2 BM4, ME2 BM5, ME3 BM2",1.397099664698304,daily_ff5,Daily FF5,XGBoost Combined
2020-12-03,0.0276,"ME1 BM4, ME2 BM3, ME2 BM4, ME2 BM5, ME3 BM2",1.4356596154439774,daily_ff5,Daily FF5,XGBoost Combined
2020-12-04,-0.00374,"ME1 BM4, ME2 BM3, ME2 BM4, ME2 BM5, ME3 BM2",1.4302902484822169,daily_ff5,Daily FF5,XGBoost Combined
2020-12-07,0.01168,"ME1 BM4, ME2 BM3, ME2 BM4, ME2 BM5, ME3 BM2",1.446996038584489,daily_ff5,Daily FF5,XGBoost Combined
2020-12-08,-0.00838,"ME1 BM3, SMALL HiBM, ME3 BM1, ME1 BM4, ME2 BM3",1.434870211781151,daily_ff5,Daily FF5,XGBoost Combined
2020-12-09,0.00908,"ME1 BM4, ME2 BM3, ME2 BM4, ME2 BM5, ME3 BM2",1.4478988333041238,daily_ff5,Daily FF5,XGBoost Combined
2020-12-10,-0.00872,"ME1 BM4, ME2 BM3, ME2 BM4, ME2 BM5, ME3 BM2",1.4352731554777118,daily_ff5,Daily FF5,XGBoost Combined
2020-12-11,-0.00592,"ME1 BM4, ME2 BM3, ME2 BM4, ME2 BM5, ME3 BM2",1.4267763383972838,daily_ff5,Daily FF5,XGBoost Combined
2020-12-14,0.02404,"ME1 BM3, SMALL HiBM, ME3 BM1, ME1 BM4, ME2 BM3",1.4610760415723545,daily_ff5,Daily FF5,XGBoost Combined
2020-12-15,-0.00118,"ME3 BM1, SMALL LoBM, ME1 BM2, ME1 BM4, SMALL HiBM",1.4593519718432992,daily_ff5,Daily FF5,XGBoost Combined
2020-12-16,0.01818,"ME4 BM1, ME3 BM1, SMALL LoBM, ME1 BM2, ME1 BM3",1.4858829906914106,daily_ff5,Daily FF5,XGBoost Combined
2020-12-17,-0.00444,"SMALL LoBM, ME1 BM2, ME1 BM3, ME1 BM4, SMALL HiBM",1.4792856702127408,daily_ff5,Daily FF5,XGBoost Combined
2020-12-18,0.0009,"SMALL LoBM, ME1 BM2, ME1 BM3, ME1 BM4, SMALL HiBM",1.480617027315932,daily_ff5,Daily FF5,XGBoost Combined
2020-12-21,0.01584,"SMALL LoBM, ME1 BM2, ME1 BM3, ME1 BM4, ME2 BM1",1.5040700010286163,daily_ff5,Daily FF5,XGBoost Combined
2020-12-22,0.01204,"SMALL LoBM, ME1 BM2, ME1 BM3, ME1 BM4, SMALL HiBM",1.5221790038410012,daily_ff5,Daily FF5,XGBoost Combined
2020-12-23,-0.00658,"SMALL LoBM, ME1 BM2, ME1 BM3, ME1 BM4, SMALL HiBM",1.5121630659957277,daily_ff5,Daily FF5,XGBoost Combined
2020-12-24,-0.00084,"SMALL LoBM, ME1 BM2, ME1 BM3, ME1 BM4, SMALL HiBM",1.510892849020291,daily_ff5,Daily FF5,XGBoost Combined
2020-12-28,-0.01804,"SMALL LoBM, ME1 BM2, ME1 BM3, ME1 BM4, SMALL HiBM",1.4836363420239649,daily_ff5,Daily FF5,XGBoost Combined
2020-12-29,0.0151799999999999,"SMALL LoBM, ME1 BM2, ME1 BM3, ME1 BM4, SMALL HiBM",1.5061579416958886,daily_ff5,Daily FF5,XGBoost Combined
2020-12-30,-0.00368,"SMALL LoBM, ME1 BM2, ME1 BM3, ME1 BM4, SMALL HiBM",1.5006152804704476,daily_ff5,Daily FF5,XGBoost Combined
2020-12-31,-0.00328,"SMALL LoBM, ME1 BM2, ME1 BM3, ME1 BM4, SMALL HiBM",1.4956932623505046,daily_ff5,Daily FF5,XGBoost Combined
2021-01-04,0.02268,"SMALL LoBM, ME1 BM2, ME1 BM3, ME1 BM4, SMALL HiBM",1.5296155855406142,daily_ff5,Daily FF5,XGBoost Combined
2021-01-05,0.03158,"SMALL LoBM, ME1 BM2, ME1 BM3, ME1 BM4, SMALL HiBM",1.5779208457319869,daily_ff5,Daily FF5,XGBoost Combined
2021-01-06,0.02752,"SMALL LoBM, ME1 BM2, ME1 BM3, ME1 BM4, SMALL HiBM",1.621345227406531,daily_ff5,Daily FF5,XGBoost Combined
2021-01-07,-0.0053,"SMALL LoBM, ME1 BM2, ME1 BM3, ME1 BM4, SMALL HiBM",1.6127520977012764,daily_ff5,Daily FF5,XGBoost Combined
2021-01-08,0.0005799999999999,"ME5 BM2, SMALL LoBM, ME1 BM2, ME1 BM3, ME1 BM4",1.613687493917943,daily_ff5,Daily FF5,XGBoost Combined
2021-01-11,0.0265399999999999,"SMALL LoBM, ME1 BM2, ME1 BM3, ME1 BM4, SMALL HiBM",1.6565147600065253,daily_ff5,Daily FF5,XGBoost Combined
2021-01-12,-0.0063199999999999,"SMALL LoBM, ME1 BM2, ME1 BM3, ME1 BM4, SMALL HiBM",1.6460455867232842,daily_ff5,Daily FF5,XGBoost Combined
2021-01-13,0.0277599999999999,"SMALL LoBM, ME1 BM2, ME1 BM3, ME1 BM4, SMALL HiBM",1.6917398122107226,daily_ff5,Daily FF5,XGBoost Combined
2021-01-14,-0.01582,"SMALL LoBM, ME1 BM2, ME1 BM3, ME1 BM4, SMALL HiBM",1.664976488381549,daily_ff5,Daily FF5,XGBoost Combined
2021-01-15,0.02416,"SMALL LoBM, ME1 BM2, ME1 BM3, ME1 BM4, SMALL HiBM",1.705202320340847,daily_ff5,Daily FF5,XGBoost Combined
2021-01-19,0.00144,"SMALL LoBM, ME1 BM2, ME1 BM3, ME1 BM4, SMALL HiBM",1.707657811682138,daily_ff5,Daily FF5,XGBoost Combined
2021-01-20,-0.00486,"SMALL LoBM, ME1 BM2, ME1 BM3, ME1 BM4, SMALL HiBM",1.699358594717363,daily_ff5,Daily FF5,XGBoost Combined
2021-01-21,0.02218,"SMALL LoBM, ME1 BM2, ME1 BM3, ME1 BM4, SMALL HiBM",1.7370503683481944,daily_ff5,Daily FF5,XGBoost Combined
2021-01-22,0.00898,"SMALL LoBM, ME1 BM2, ME1 BM3, ME1 BM4, SMALL HiBM",1.7526490806559611,daily_ff5,Daily FF5,XGBoost Combined
2021-01-25,0.0121999999999999,"SMALL LoBM, ME1 BM2, ME1 BM3, ME1 BM4, SMALL HiBM",1.774031399439964,daily_ff5,Daily FF5,XGBoost Combined
2021-01-26,0.0016799999999999,"SMALL LoBM, ME1 BM2, ME1 BM3, ME1 BM4, SMALL HiBM",1.7770117721910228,daily_ff5,Daily FF5,XGBoost Combined
2021-01-27,-0.01804,"SMALL LoBM, ME1 BM2, ME1 BM3, ME1 BM4, SMALL HiBM",1.7449544798206966,daily_ff5,Daily FF5,XGBoost Combined
2021-01-28,0.0073,"SMALL HiBM, SMALL LoBM, ME1 BM2, ME1 BM3, ME1 BM4",1.7576926475233878,daily_ff5,Daily FF5,XGBoost Combined
2021-01-29,0.01596,"SMALL HiBM, SMALL LoBM, ME1 BM2, ME1 BM3, ME1 BM4",1.785745422177861,daily_ff5,Daily FF5,XGBoost Combined
2021-02-01,0.01952,"SMALL LoBM, ME1 BM2, ME1 BM3, ME1 BM4, ME2 BM1",1.8206031728187728,daily_ff5,Daily FF5,XGBoost Combined
2021-02-02,0.02246,"SMALL HiBM, SMALL LoBM, ME1 BM2, ME1 BM3, ME1 BM4",1.8614939200802825,daily_ff5,Daily FF5,XGBoost Combined
2021-02-03,0.02196,"SMALL LoBM, ME1 BM2, ME1 BM3, ME1 BM4, ME2 BM1",1.9023723265652448,daily_ff5,Daily FF5,XGBoost Combined
2021-02-04,0.01706,"SMALL LoBM, ME1 BM2, ME1 BM3, ME1 BM4, ME2 BM1",1.9348267984564484,daily_ff5,Daily FF5,XGBoost Combined
2021-02-05,0.0398,"ME5 BM3, BIG HiBM, SMALL LoBM, ME1 BM2, ME1 BM3",2.011832905035015,daily_ff5,Daily FF5,XGBoost Combined
2021-02-08,0.0137,"SMALL LoBM, ME1 BM2, ME1 BM3, ME1 BM4, ME2 BM1",2.039395015833995,daily_ff5,Daily FF5,XGBoost Combined
2021-02-09,-0.00916,"ME5 BM2, SMALL LoBM, ME1 BM2, ME1 BM3, ME1 BM4",2.020714157488956,daily_ff5,Daily FF5,XGBoost Combined
2021-02-10,-0.00736,"ME5 BM2, SMALL LoBM, ME1 BM2, ME1 BM3, ME1 BM4",2.0058417012898366,daily_ff5,Daily FF5,XGBoost Combined
2021-02-11,0.00622,"SMALL LoBM, ME1 BM2, ME1 BM3, ME1 BM4, ME2 BM1",2.018318036671859,daily_ff5,Daily FF5,XGBoost Combined
2021-02-12,0.0019399999999999,"SMALL LoBM, ME1 BM2, ME1 BM3, ME1 BM4, ME2 BM1",2.022233573663003,daily_ff5,Daily FF5,XGBoost Combined
2021-02-16,-0.0115199999999999,"SMALL LoBM, ME1 BM2, ME1 BM3, ME1 BM4, ME2 BM1",1.998937442894405,daily_ff5,Daily FF5,XGBoost Combined
2021-02-17,-0.0144199999999999,"BIG LoBM, ME5 BM2, ME5 BM3, SMALL LoBM, ME1 BM2",1.970112764967868,daily_ff5,Daily FF5,XGBoost Combined
2021-02-18,0.0197199999999999,"ME5 BM3, SMALL LoBM, ME1 BM2, ME1 BM3, ME1 BM4",2.0089633886930343,daily_ff5,Daily FF5,XGBoost Combined
2021-02-19,-0.01874,"SMALL LoBM, ME1 BM2, ME1 BM3, ME1 BM4, ME2 BM1",1.971315414788927,daily_ff5,Daily FF5,XGBoost Combined
2021-02-22,-0.0243199999999999,"SMALL LoBM, ME1 BM2, ME1 BM3, ME1 BM4, ME2 BM1",1.9233730239012603,daily_ff5,Daily FF5,XGBoost Combined
2021-02-23,0.02682,"SMALL LoBM, ME1 BM2, ME1 BM3, ME1 BM4, ME2 BM1",1.974957888402292,daily_ff5,Daily FF5,XGBoost Combined
2021-02-24,-0.02336,"SMALL LoBM, ME5 BM2, ME5 BM3, ME5 BM4, BIG HiBM",1.9288228721292149,daily_ff5,Daily FF5,XGBoost Combined
2021-02-25,-0.0052,"BIG LoBM, ME5 BM2, ME1 BM2, ME1 BM3, ME1 BM4",1.9187929931941428,daily_ff5,Daily FF5,XGBoost Combined
2021-02-26,0.0416,"SMALL LoBM, ME1 BM3, ME1 BM4, ME5 BM3, SMALL HiBM",1.9986147817110196,daily_ff5,Daily FF5,XGBoost Combined
2021-03-01,-0.00176,"SMALL HiBM, ME4 BM5, ME5 BM3, ME5 BM4, BIG HiBM",1.995097219695208,daily_ff5,Daily FF5,XGBoost Combined
2021-03-02,-0.00282,"SMALL LoBM, ME1 BM3, ME1 BM4, SMALL HiBM, ME4 BM5",1.9894710455356677,daily_ff5,Daily FF5,XGBoost Combined
2021-03-03,-0.0084599999999999,"SMALL HiBM, ME4 BM5, ME5 BM3, ME5 BM4, BIG HiBM",1.972640120490436,daily_ff5,Daily FF5,XGBoost Combined
2021-03-04,0.02094,"SMALL LoBM, SMALL HiBM, ME4 BM5, ME5 BM3, ME5 BM4",2.013947204613505,daily_ff5,Daily FF5,XGBoost Combined
2021-03-05,0.02004,"SMALL LoBM, ME1 BM3, ME1 BM4, SMALL HiBM, ME4 BM5",2.05430670659396,daily_ff5,Daily FF5,XGBoost Combined
2021-03-08,0.0030399999999999,"ME5 BM3, SMALL HiBM, ME4 BM5, ME5 BM4, BIG HiBM",2.060551798982005,daily_ff5,Daily FF5,XGBoost Combined
2021-03-09,0.0222,"SMALL HiBM, ME4 BM4, ME4 BM5, ME5 BM3, ME5 BM4",2.106296048919406,daily_ff5,Daily FF5,XGBoost Combined
2021-03-10,0.01506,"SMALL LoBM, SMALL HiBM, ME4 BM4, ME4 BM5, ME5 BM3",2.138016867416132,daily_ff5,Daily FF5,XGBoost Combined
2021-03-11,0.0113999999999999,"SMALL HiBM, ME4 BM4, ME4 BM5, ME5 BM3, ME5 BM4",2.162390259704676,daily_ff5,Daily FF5,XGBoost Combined
2021-03-12,-0.00078,"SMALL LoBM, SMALL HiBM, ME4 BM4, ME4 BM5, ME5 BM3",2.1607035953021065,daily_ff5,Daily FF5,XGBoost Combined
2021-03-15,-0.0175,"SMALL HiBM, ME4 BM4, ME4 BM5, ME5 BM4, BIG HiBM",2.12289128238432,daily_ff5,Daily FF5,XGBoost Combined
2021-03-16,0.01034,"SMALL HiBM, ME4 BM4, ME4 BM5, ME5 BM4, BIG HiBM",2.1448419782441737,daily_ff5,Daily FF5,XGBoost Combined
2021-03-17,-0.02192,"SMALL LoBM, ME1 BM3, SMALL HiBM, ME4 BM4, ME4 BM5",2.0978270420810614,daily_ff5,Daily FF5,XGBoost Combined
2021-03-18,0.0023,"ME5 BM2, ME5 BM3, SMALL HiBM, ME4 BM4, ME4 BM5",2.102652044277848,daily_ff5,Daily FF5,XGBoost Combined
2021-03-19,-0.0094799999999999,"SMALL LoBM, SMALL HiBM, ME4 BM4, ME4 BM5, ME5 BM4",2.082718902898093,daily_ff5,Daily FF5,XGBoost Combined
2021-03-22,-0.0289,"SMALL HiBM, ME4 BM4, ME4 BM5, ME5 BM4, BIG HiBM",2.0225283266043386,daily_ff5,Daily FF5,XGBoost Combined
2021-03-23,-0.0321,"ME1 BM4, SMALL LoBM, ME1 BM3, SMALL HiBM, ME4 BM4",1.9576051673203392,daily_ff5,Daily FF5,XGBoost Combined
2021-03-24,0.0298,"SMALL LoBM, ME1 BM4, ME1 BM3, SMALL HiBM, ME4 BM4",2.0159418013064854,daily_ff5,Daily FF5,XGBoost Combined
2021-03-25,0.0086,"SMALL LoBM, ME1 BM3, SMALL HiBM, ME4 BM4, ME4 BM5",2.033278900797721,daily_ff5,Daily FF5,XGBoost Combined
2021-03-26,-0.01358,"ME5 BM3, ME1 BM3, ME4 BM4, ME4 BM5, BIG LoBM",2.005666973324888,daily_ff5,Daily FF5,XGBoost Combined
2021-03-29,0.00858,"SMALL LoBM, ME1 BM3, ME4 BM5, BIG LoBM, ME5 BM4",2.022875595956016,daily_ff5,Daily FF5,XGBoost Combined
2021-03-30,0.00904,"SMALL LoBM, ME1 BM3, ME4 BM5, BIG LoBM, ME5 BM4",2.041162391343458,daily_ff5,Daily FF5,XGBoost Combined
2021-03-31,0.01646,"SMALL LoBM, ME1 BM3, ME4 BM5, BIG LoBM, ME5 BM4",2.074759924304971,daily_ff5,Daily FF5,XGBoost Combined
2021-04-01,0.0055,"SMALL LoBM, ME4 BM5, BIG LoBM, ME5 BM4, BIG HiBM",2.086171103888649,daily_ff5,Daily FF5,XGBoost Combined
2021-04-05,-0.00172,"SMALL LoBM, ME1 BM3, ME1 BM4, ME4 BM5, BIG LoBM",2.08258288958996,daily_ff5,Daily FF5,XGBoost Combined
2021-04-06,-0.0084999999999999,"SMALL LoBM, ME1 BM3, BIG LoBM, ME5 BM4, BIG HiBM",2.0648809350284454,daily_ff5,Daily FF5,XGBoost Combined
2021-04-07,0.01128,"SMALL LoBM, ME1 BM3, ME1 BM4, ME4 BM4, BIG LoBM",2.088172791975566,daily_ff5,Daily FF5,XGBoost Combined
2021-04-08,0.0024,"SMALL LoBM, ME1 BM3, ME4 BM4, ME4 BM5, BIG LoBM",2.0931844066763072,daily_ff5,Daily FF5,XGBoost Combined
2021-04-09,-0.0058799999999999,"SMALL LoBM, ME1 BM3, ME1 BM4, ME4 BM4, ME4 BM5",2.0808764823650505,daily_ff5,Daily FF5,XGBoost Combined
2021-04-12,-0.00748,"SMALL LoBM, ME1 BM3, ME1 BM4, ME4 BM4, ME4 BM5",2.06531152627696,daily_ff5,Daily FF5,XGBoost Combined
2021-04-13,0.00526,"SMALL LoBM, ME1 BM3, ME1 BM4, ME4 BM4, ME4 BM5",2.0761750649051764,daily_ff5,Daily FF5,XGBoost Combined
2021-04-14,0.0001799999999999,"SMALL LoBM, ME1 BM3, ME1 BM4, ME4 BM5, BIG LoBM",2.0765487764168595,daily_ff5,Daily FF5,XGBoost Combined
2021-04-15,-0.00088,"ME5 BM3, ME5 BM4, SMALL LoBM, ME1 BM3, ME1 BM4",2.0747214134936125,daily_ff5,Daily FF5,XGBoost Combined
2021-04-16,-0.01266,"SMALL LoBM, ME1 BM3, ME1 BM4, ME4 BM4, ME4 BM5",2.048455440398784,daily_ff5,Daily FF5,XGBoost Combined
2021-04-19,-0.01506,"ME4 BM4, ME5 BM2, ME5 BM3, ME5 BM4, BIG HiBM",2.017605701466378,daily_ff5,Daily FF5,XGBoost Combined
2021-04-20,0.02172,"ME5 BM3, ME5 BM4, BIG HiBM, SMALL LoBM, ME1 BM3",2.0614280973022274,daily_ff5,Daily FF5,XGBoost Combined
2021-04-21,-0.0053,"SMALL LoBM, ME1 BM3, ME1 BM4, ME4 BM4, ME4 BM5",2.050502528386525,daily_ff5,Daily FF5,XGBoost Combined
2021-04-22,0.0209999999999999,"SMALL LoBM, ME1 BM3, ME1 BM4, SMALL HiBM, ME4 BM4",2.0935630814826425,daily_ff5,Daily FF5,XGBoost Combined
2021-04-23,0.01258,"SMALL LoBM, ME1 BM3, ME1 BM4, ME4 BM4, ME4 BM5",2.119900105047694,daily_ff5,Daily FF5,XGBoost Combined
2021-04-26,0.0016599999999999,"SMALL LoBM, ME1 BM4, ME4 BM4, ME4 BM5, BIG HiBM",2.123419139222073,daily_ff5,Daily FF5,XGBoost Combined
2021-04-27,0.00754,"SMALL LoBM, ME1 BM3, ME1 BM4, ME4 BM4, ME4 BM5",2.139429719531808,daily_ff5,Daily FF5,XGBoost Combined
2021-04-28,0.0027,"ME5 BM4, SMALL LoBM, ME1 BM3, ME1 BM4, ME4 BM4",2.145206179774544,daily_ff5,Daily FF5,XGBoost Combined
2021-04-29,-0.0138799999999999,"ME1 BM3, ME1 BM4, SMALL HiBM, ME3 BM5, ME4 BM4",2.115430717999273,daily_ff5,Daily FF5,XGBoost Combined
2021-04-30,0.01548,"ME1 BM3, ME1 BM4, SMALL HiBM, ME3 BM5, ME4 BM5",2.1481775855139014,daily_ff5,Daily FF5,XGBoost Combined
2021-05-03,-0.0054199999999999,"ME1 BM3, ME1 BM4, SMALL HiBM, ME3 BM5, ME4 BM4",2.136534463000416,daily_ff5,Daily FF5,XGBoost Combined
2021-05-04,0.0071,"ME5 BM3, ME1 BM4, ME3 BM5, ME4 BM4, ME4 BM5",2.151703857687719,daily_ff5,Daily FF5,XGBoost Combined
2021-05-05,0.00908,"ME1 BM4, ME3 BM5, ME4 BM4, ME4 BM5, BIG HiBM",2.1712413287155234,daily_ff5,Daily FF5,XGBoost Combined
2021-05-06,0.01316,"ME5 BM3, ME5 BM4, SMALL LoBM, SMALL HiBM, ME3 BM5",2.19981486460142,daily_ff5,Daily FF5,XGBoost Combined
2021-05-07,-0.01566,"SMALL LoBM, SMALL HiBM, ME3 BM5, ME4 BM4, ME4 BM5",2.1653657638217614,daily_ff5,Daily FF5,XGBoost Combined
2021-05-10,-0.0049,"SMALL LoBM, ME1 BM3, ME3 BM5, ME4 BM4, ME4 BM5",2.1547554715790347,daily_ff5,Daily FF5,XGBoost Combined
2021-05-11,-0.02362,"SMALL LoBM, ME3 BM5, ME4 BM4, ME4 BM5, BIG HiBM",2.1038601473403378,daily_ff5,Daily FF5,XGBoost Combined
2021-05-12,0.0164599999999999,"ME3 BM5, ME4 BM4, ME4 BM5, ME1 BM2, SMALL HiBM",2.13848968536556,daily_ff5,Daily FF5,XGBoost Combined
2021-05-13,0.02394,"ME1 BM3, SMALL HiBM, ME3 BM5, ME4 BM4, ME4 BM5",2.1896851284332115,daily_ff5,Daily FF5,XGBoost Combined
2021-05-14,0.01128,"ME4 BM4, ME4 BM5, ME1 BM2, ME1 BM4, SMALL HiBM",2.2143847766819382,daily_ff5,Daily FF5,XGBoost Combined
2021-05-17,-0.0031799999999999,"ME1 BM3, SMALL LoBM, SMALL HiBM, ME3 BM5, ME4 BM4",2.20734303309209,daily_ff5,Daily FF5,XGBoost Combined
2021-05-18,-0.00932,"SMALL LoBM, ME1 BM2, SMALL HiBM, ME4 BM4, ME4 BM5",2.1867705960236714,daily_ff5,Daily FF5,XGBoost Combined
2021-05-19,0.0021799999999999,"SMALL LoBM, SMALL HiBM, ME3 BM5, ME4 BM4, ME4 BM5",2.191537755923003,daily_ff5,Daily FF5,XGBoost Combined
2021-05-20,0.00808,"SMALL LoBM, SMALL HiBM, ME3 BM5, ME4 BM4, ME4 BM5",2.209245380990861,daily_ff5,Daily FF5,XGBoost Combined
2021-05-21,4.000000000000019e-05,"SMALL LoBM, ME4 BM5, ME1 BM2, ME1 BM3, ME1 BM4",2.209333750806101,daily_ff5,Daily FF5,XGBoost Combined
2021-05-24,-0.01226,"ME5 BM3, ME5 BM4, SMALL LoBM, ME4 BM4, ME4 BM5",2.1822473190212177,daily_ff5,Daily FF5,XGBoost Combined
2021-05-25,0.02314,"SMALL LoBM, ME1 BM2, ME1 BM3, ME4 BM5, ME1 BM4",2.2327445219833684,daily_ff5,Daily FF5,XGBoost Combined
2021-05-26,0.0154599999999999,"SMALL LoBM, ME1 BM2, ME1 BM3, ME1 BM4, ME2 BM1",2.267262752293232,daily_ff5,Daily FF5,XGBoost Combined
2021-05-27,-0.002,"SMALL LoBM, ME3 BM5, BIG HiBM, ME1 BM2, ME1 BM3",2.262728226788645,daily_ff5,Daily FF5,XGBoost Combined
2021-05-28,0.0188199999999999,"SMALL LoBM, ME1 BM2, ME1 BM3, SMALL HiBM, ME2 BM1",2.305312772016807,daily_ff5,Daily FF5,XGBoost Combined
2021-06-01,0.0089,"SMALL LoBM, ME1 BM2, ME1 BM3, ME1 BM4, SMALL HiBM",2.3258300556877565,daily_ff5,Daily FF5,XGBoost Combined
2021-06-02,-0.00478,"SMALL LoBM, ME1 BM2, ME1 BM3, ME1 BM4, SMALL HiBM",2.314712588021569,daily_ff5,Daily FF5,XGBoost Combined
2021-06-03,0.00244,"SMALL LoBM, ME1 BM2, ME1 BM3, ME1 BM4, SMALL HiBM",2.320360486736341,daily_ff5,Daily FF5,XGBoost Combined
2021-06-04,0.0245799999999999,"SMALL LoBM, ME1 BM2, ME1 BM3, ME1 BM4, SMALL HiBM",2.3773949475003207,daily_ff5,Daily FF5,XGBoost Combined
2021-06-07,0.0103,"SMALL LoBM, ME1 BM2, ME1 BM3, ME1 BM4, SMALL HiBM",2.401882115459574,daily_ff5,Daily FF5,XGBoost Combined
2021-06-08,-0.00522,"SMALL LoBM, ME1 BM2, ME1 BM3, ME1 BM4, SMALL HiBM",2.389344290816875,daily_ff5,Daily FF5,XGBoost Combined
2021-06-09,-0.01904,"SMALL LoBM, ME1 BM2, ME1 BM3, SMALL HiBM, ME2 BM1",2.3438511755197218,daily_ff5,Daily FF5,XGBoost Combined
2021-06-10,0.01006,"SMALL LoBM, ME1 BM2, ME1 BM3, SMALL HiBM, ME2 BM1",2.36743031834545,daily_ff5,Daily FF5,XGBoost Combined
2021-06-11,-0.00058,"SMALL LoBM, ME1 BM2, ME1 BM3, SMALL HiBM, ME2 BM1",2.3660572087608096,daily_ff5,Daily FF5,XGBoost Combined
2021-06-14,-0.00828,"SMALL LoBM, ME1 BM2, ME1 BM3, SMALL HiBM, ME2 BM1",2.3464662550722704,daily_ff5,Daily FF5,XGBoost Combined
2021-06-15,0.0019199999999999,"SMALL LoBM, ME1 BM2, ME1 BM3, SMALL HiBM, ME2 BM1",2.350971470282009,daily_ff5,Daily FF5,XGBoost Combined
2021-06-16,-0.00798,"SMALL LoBM, ME1 BM2, ME1 BM3, SMALL HiBM, ME2 BM1",2.3322107179491582,daily_ff5,Daily FF5,XGBoost Combined
2021-06-17,-0.01318,"ME4 BM1, BIG LoBM, SMALL HiBM, ME1 BM2, ME1 BM3",2.3014721806865883,daily_ff5,Daily FF5,XGBoost Combined
2021-06-18,0.01822,"SMALL LoBM, ME1 BM2, ME1 BM3, ME1 BM4, SMALL HiBM",2.343405003818697,daily_ff5,Daily FF5,XGBoost Combined
2021-06-21,-0.0006,"SMALL LoBM, ME1 BM2, ME1 BM3, ME1 BM4, SMALL HiBM",2.3419989608164062,daily_ff5,Daily FF5,XGBoost Combined
2021-06-22,0.01004,"ME1 BM3, SMALL HiBM, ME2 BM5, SMALL LoBM, ME1 BM2",2.365512630383003,daily_ff5,Daily FF5,XGBoost Combined
2021-06-23,0.0152,"ME1 BM3, SMALL HiBM, ME2 BM5, SMALL LoBM, ME1 BM4",2.401468422364825,daily_ff5,Daily FF5,XGBoost Combined
2021-06-24,0.00116,"ME1 BM4, ME2 BM2, ME2 BM4, ME3 BM2, ME3 BM3",2.4042541257347683,daily_ff5,Daily FF5,XGBoost Combined
2021-06-25,-0.00814,"ME1 BM4, ME2 BM2, ME2 BM4, ME3 BM2, ME3 BM3",2.384683497151287,daily_ff5,Daily FF5,XGBoost Combined
2021-06-28,-0.0029,"ME1 BM4, ME2 BM2, ME2 BM4, ME3 BM2, ME3 BM3",2.3777679150095485,daily_ff5,Daily FF5,XGBoost Combined
2021-06-29,0.00342,"ME1 BM4, ME2 BM2, ME2 BM4, ME3 BM2, ME3 BM3",2.385899881278881,daily_ff5,Daily FF5,XGBoost Combined
2021-06-30,0.00724,"ME1 BM4, ME2 BM4, ME3 BM2, ME3 BM3, ME3 BM4",2.40317379641934,daily_ff5,Daily FF5,XGBoost Combined
2021-07-01,-0.0101599999999999,"ME1 BM4, ME2 BM4, ME3 BM3, ME3 BM4, ME3 BM5",2.37875755064772,daily_ff5,Daily FF5,XGBoost Combined
2021-07-02,-0.01962,"ME1 BM4, ME2 BM4, ME3 BM3, ME3 BM4, ME3 BM5",2.332086327504012,daily_ff5,Daily FF5,XGBoost Combined
2021-07-06,-0.00234,"ME1 BM4, ME2 BM4, ME3 BM3, ME3 BM4, ME3 BM5",2.326629245497652,daily_ff5,Daily FF5,XGBoost Combined
2021-07-07,-0.0115,"ME1 BM4, ME2 BM2, ME2 BM4, ME3 BM3, ME3 BM4",2.299873009174429,daily_ff5,Daily FF5,XGBoost Combined
2021-07-08,0.0224399999999999,"ME1 BM4, ME2 BM2, ME2 BM4, ME3 BM2, ME3 BM3",2.3514821595003035,daily_ff5,Daily FF5,XGBoost Combined
2021-07-09,0.0052,"ME1 BM3, SMALL HiBM, ME2 BM5, ME1 BM4, ME2 BM2",2.3637098667297054,daily_ff5,Daily FF5,XGBoost Combined
2021-07-12,-0.01698,"ME3 BM1, ME4 BM1, SMALL HiBM, SMALL LoBM, ME1 BM4",2.323574073192635,daily_ff5,Daily FF5,XGBoost Combined
2021-07-13,-0.01194,"ME1 BM4, ME2 BM2, ME2 BM3, ME2 BM4, ME3 BM2",2.295830598758715,daily_ff5,Daily FF5,XGBoost Combined
2021-07-14,-0.00416,"ME1 BM4, ME2 BM2, ME2 BM3, ME2 BM4, ME2 BM5",2.286279943467879,daily_ff5,Daily FF5,XGBoost Combined
2021-07-15,-0.0111,"SMALL LoBM, ME2 BM1, BIG LoBM, SMALL HiBM, ME1 BM4",2.260902236095385,daily_ff5,Daily FF5,XGBoost Combined
2021-07-16,-0.0193,"ME1 BM4, ME2 BM2, ME2 BM3, ME2 BM4, ME2 BM5",2.217266822938744,daily_ff5,Daily FF5,XGBoost Combined
2021-07-19,0.0267399999999999,"ME2 BM1, ME1 BM4, ME2 BM2, ME2 BM3, ME2 BM4",2.2765565377841264,daily_ff5,Daily FF5,XGBoost Combined
2021-07-20,0.01918,"ME2 BM1, SMALL LoBM, ME1 BM4, ME2 BM2, ME2 BM3",2.320220892178826,daily_ff5,Daily FF5,XGBoost Combined
2021-07-21,-0.01844,"ME1 BM4, ME2 BM2, ME2 BM3, ME2 BM4, ME2 BM5",2.277436018927048,daily_ff5,Daily FF5,XGBoost Combined
2021-07-22,0.0022799999999999,"SMALL LoBM, ME1 BM4, ME2 BM1, ME2 BM2, ME2 BM3",2.282628573050202,daily_ff5,Daily FF5,XGBoost Combined
2021-07-23,-0.0036,"SMALL LoBM, ME1 BM2, ME1 BM4, ME2 BM1, ME2 BM2",2.274411110187221,daily_ff5,Daily FF5,XGBoost Combined
2021-07-26,-0.01168,"SMALL LoBM, ME1 BM2, ME1 BM4, ME2 BM1, ME2 BM2",2.247845988420234,daily_ff5,Daily FF5,XGBoost Combined
2021-07-27,0.0191199999999999,"ME2 BM5, SMALL LoBM, ME1 BM4, ME2 BM1, ME2 BM2",2.290824803718829,daily_ff5,Daily FF5,XGBoost Combined
2021-07-28,0.00178,"ME2 BM5, SMALL LoBM, ME2 BM1, ME2 BM2, ME2 BM3",2.2949024718694484,daily_ff5,Daily FF5,XGBoost Combined
2021-07-29,-0.00794,"ME2 BM5, ME1 BM4, ME2 BM1, ME2 BM2, ME2 BM3",2.2766809462428053,daily_ff5,Daily FF5,XGBoost Combined
2021-07-30,0.0005,"ME2 BM5, SMALL LoBM, ME1 BM2, ME1 BM4, ME2 BM1",2.2778192867159266,daily_ff5,Daily FF5,XGBoost Combined
2021-08-02,-0.00268,"ME2 BM5, SMALL LoBM, ME1 BM2, ME1 BM4, ME2 BM1",2.271714731027528,daily_ff5,Daily FF5,XGBoost Combined
2021-08-03,-0.0170799999999999,"ME2 BM5, SMALL LoBM, ME1 BM2, ME1 BM3, ME1 BM4",2.232913843421578,daily_ff5,Daily FF5,XGBoost Combined
2021-08-04,0.02024,"ME2 BM5, SMALL LoBM, ME1 BM2, ME1 BM3, ME1 BM4",2.278108019612431,daily_ff5,Daily FF5,XGBoost Combined
2021-08-05,0.00252,"SMALL LoBM, ME1 BM2, ME1 BM3, ME1 BM4, ME2 BM1",2.2838488518218543,daily_ff5,Daily FF5,XGBoost Combined
2021-08-06,-0.0010999999999999,"ME2 BM5, ME5 BM4, BIG HiBM, SMALL LoBM, ME1 BM2",2.2813366180848504,daily_ff5,Daily FF5,XGBoost Combined
2021-08-09,0.0059399999999999,"ME2 BM5, BIG HiBM, SMALL LoBM, ME1 BM2, ME1 BM3",2.2948877575962747,daily_ff5,Daily FF5,XGBoost Combined
2021-08-10,0.00696,"ME2 BM5, ME5 BM4, BIG HiBM, SMALL LoBM, ME1 BM2",2.310860176389145,daily_ff5,Daily FF5,XGBoost Combined
2021-08-11,0.0015,"BIG LoBM, ME5 BM2, ME5 BM3, ME5 BM4, BIG HiBM",2.314326466653729,daily_ff5,Daily FF5,XGBoost Combined
2021-08-12,-0.0017399999999999,"BIG LoBM, ME5 BM2, ME5 BM3, ME5 BM4, BIG HiBM",2.3102995386017517,daily_ff5,Daily FF5,XGBoost Combined
2021-08-13,-0.01666,"BIG HiBM, SMALL LoBM, ME1 BM2, ME1 BM3, ME2 BM1",2.271809948288646,daily_ff5,Daily FF5,XGBoost Combined
2021-08-16,-0.00998,"BIG HiBM, SMALL LoBM, ME1 BM2, ME1 BM3, ME2 BM1",2.2491372850047253,daily_ff5,Daily FF5,XGBoost Combined
2021-08-17,-0.0069,"SMALL LoBM, ME1 BM2, ME1 BM3, ME2 BM1, ME2 BM2",2.233618237738193,daily_ff5,Daily FF5,XGBoost Combined
2021-08-18,-0.01702,"SMALL LoBM, ME1 BM2, ME1 BM3, ME2 BM1, ME2 BM2",2.1956020553318885,daily_ff5,Daily FF5,XGBoost Combined
2021-08-19,0.0149799999999999,"ME5 BM4, BIG HiBM, SMALL LoBM, ME1 BM2, ME1 BM3",2.22849217412076,daily_ff5,Daily FF5,XGBoost Combined
2021-08-20,0.02894,"BIG HiBM, SMALL LoBM, ME1 BM2, ME1 BM3, ME2 BM1",2.2929847376398147,daily_ff5,Daily FF5,XGBoost Combined
2021-08-23,0.0094,"ME2 BM5, ME5 BM4, BIG HiBM, SMALL LoBM, ME1 BM2",2.3145387941736293,daily_ff5,Daily FF5,XGBoost Combined
2021-08-24,0.00664,"BIG HiBM, SMALL LoBM, ME1 BM2, ME1 BM3, ME2 BM1",2.3299073317669423,daily_ff5,Daily FF5,XGBoost Combined
2021-08-25,-0.0067999999999999,"BIG HiBM, SMALL LoBM, ME1 BM2, ME1 BM3, ME2 BM1",2.314063961910927,daily_ff5,Daily FF5,XGBoost Combined
2021-08-26,0.02776,"BIG HiBM, SMALL LoBM, ME1 BM2, ME1 BM3, ME2 BM1",2.3783023774935743,daily_ff5,Daily FF5,XGBoost Combined
2021-08-27,-0.00784,"BIG HiBM, SMALL LoBM, ME1 BM2, ME1 BM3, ME2 BM1",2.359656486854025,daily_ff5,Daily FF5,XGBoost Combined
2021-08-30,0.00278,"ME5 BM2, ME5 BM3, ME5 BM4, BIG HiBM, SMALL LoBM",2.366216331887479,daily_ff5,Daily FF5,XGBoost Combined
2021-08-31,-0.00116,"ME5 BM4, BIG HiBM, SMALL LoBM, ME1 BM2, ME1 BM3",2.363471520942489,daily_ff5,Daily FF5,XGBoost Combined
2021-09-01,0.00828,"BIG HiBM, SMALL LoBM, ME1 BM2, ME1 BM3, ME1 BM4",2.383041065135893,daily_ff5,Daily FF5,XGBoost Combined
2021-09-02,-0.0096,"BIG HiBM, SMALL LoBM, ME1 BM2, ME1 BM3, ME1 BM4",2.3601638709105885,daily_ff5,Daily FF5,XGBoost Combined
2021-09-03,-0.0055399999999999,"ME5 BM3, ME5 BM4, BIG HiBM, SMALL LoBM, ME1 BM2",2.347088563065744,daily_ff5,Daily FF5,XGBoost Combined
2021-09-07,-0.01138,"BIG HiBM, SMALL LoBM, ME1 BM2, ME1 BM3, ME1 BM4",2.320378695218056,daily_ff5,Daily FF5,XGBoost Combined
2021-09-08,0.0025,"ME5 BM4, BIG HiBM, SMALL LoBM, ME1 BM2, ME1 BM3",2.326179641956101,daily_ff5,Daily FF5,XGBoost Combined
2021-09-09,-0.0077199999999999,"BIG HiBM, SMALL LoBM, ME1 BM2, ME1 BM3, ME1 BM4",2.3082215351202,daily_ff5,Daily FF5,XGBoost Combined
2021-09-10,0.00522,"BIG HiBM, SMALL LoBM, ME1 BM2, ME1 BM3, ME1 BM4",2.3202704515335277,daily_ff5,Daily FF5,XGBoost Combined
2021-09-13,-0.0188799999999999,"ME5 BM3, ME5 BM4, BIG HiBM, SMALL LoBM, ME1 BM2",2.276463745408574,daily_ff5,Daily FF5,XGBoost Combined
2021-09-14,0.01184,"BIG LoBM, ME5 BM2, ME5 BM3, ME5 BM4, ME4 BM5",2.303417076154212,daily_ff5,Daily FF5,XGBoost Combined
2021-09-15,-3.999999999999991e-05,"ME5 BM4, BIG HiBM, SMALL LoBM, ME1 BM2, ME1 BM3",2.3033249394711657,daily_ff5,Daily FF5,XGBoost Combined
2021-09-16,-0.00662,"BIG LoBM, ME5 BM2, ME4 BM5, ME5 BM4, BIG HiBM",2.2880769283718667,daily_ff5,Daily FF5,XGBoost Combined
2021-09-17,-0.0296999999999999,"ME4 BM5, ME5 BM4, BIG HiBM, SMALL LoBM, ME1 BM2",2.2201210435992222,daily_ff5,Daily FF5,XGBoost Combined
2021-09-20,0.00436,"ME4 BM5, BIG HiBM, SMALL LoBM, ME1 BM2, ME1 BM3",2.229800771349314,daily_ff5,Daily FF5,XGBoost Combined
2021-09-21,0.01414,"ME1 BM4, SMALL HiBM, BIG HiBM, SMALL LoBM, ME1 BM2",2.261330154256194,daily_ff5,Daily FF5,XGBoost Combined
2021-09-22,0.02272,"ME4 BM4, ME4 BM5, ME5 BM4, BIG HiBM, SMALL LoBM",2.312707575360895,daily_ff5,Daily FF5,XGBoost Combined
2021-09-23,0.00308,"ME4 BM4, ME5 BM2, ME5 BM3, ME5 BM4, ME4 BM5",2.3198307146930066,daily_ff5,Daily FF5,XGBoost Combined
2021-09-24,0.026,"ME2 BM5, ME4 BM5, ME5 BM4, BIG HiBM, SMALL LoBM",2.380146313275025,daily_ff5,Daily FF5,XGBoost Combined
2021-09-27,-0.0098999999999999,"ME3 BM5, ME4 BM4, ME4 BM5, ME5 BM4, BIG HiBM",2.356582864773602,daily_ff5,Daily FF5,XGBoost Combined
2021-09-28,0.00446,"ME4 BM4, ME5 BM3, ME2 BM5, ME3 BM5, ME4 BM5",2.367093224350492,daily_ff5,Daily FF5,XGBoost Combined
2021-09-29,-0.00232,"SMALL LoBM, ME1 BM2, ME1 BM3, ME2 BM1, ME2 BM2",2.361601568069999,daily_ff5,Daily FF5,XGBoost Combined
2021-09-30,0.01806,"ME3 BM5, ME4 BM3, ME4 BM4, ME4 BM5, ME5 BM4",2.404252092389343,daily_ff5,Daily FF5,XGBoost Combined
2021-10-01,-0.00504,"ME3 BM5, ME4 BM5, BIG HiBM, SMALL LoBM, ME1 BM2",2.3921346618437007,daily_ff5,Daily FF5,XGBoost Combined
2021-10-04,0.00876,"ME3 BM5, ME4 BM5, ME5 BM4, BIG HiBM, SMALL LoBM",2.413089761481452,daily_ff5,Daily FF5,XGBoost Combined
2021-10-05,-0.0073799999999999,"ME1 BM4, ME2 BM4, ME3 BM3, ME3 BM4, ME3 BM5",2.3952811590417187,daily_ff5,Daily FF5,XGBoost Combined
2021-10-06,0.0086,"ME3 BM4, ME3 BM5, ME4 BM5, BIG HiBM, SMALL LoBM",2.415880577009477,daily_ff5,Daily FF5,XGBoost Combined
2021-10-07,0.00144,"ME2 BM4, ME2 BM5, ME3 BM4, ME3 BM5, ME4 BM5",2.419359445040371,daily_ff5,Daily FF5,XGBoost Combined
2021-10-08,-0.00668,"ME1 BM3, ME3 BM4, ME3 BM5, ME4 BM5, BIG HiBM",2.403198123947501,daily_ff5,Daily FF5,XGBoost Combined
2021-10-11,-5.999999999999964e-05,"ME4 BM2, ME4 BM4, ME5 BM2, ME5 BM4, ME1 BM3",2.403053932060064,daily_ff5,Daily FF5,XGBoost Combined
2021-10-12,0.00276,"ME3 BM2, ME3 BM3, ME4 BM2, ME4 BM3, ME4 BM4",2.4096863609125503,daily_ff5,Daily FF5,XGBoost Combined
2021-10-13,0.01246,"ME1 BM3, ME2 BM5, ME3 BM4, ME3 BM5, ME4 BM5",2.4397110529695203,daily_ff5,Daily FF5,XGBoost Combined
2021-10-14,-0.0025199999999999,"ME1 BM3, ME2 BM4, ME2 BM5, ME3 BM4, ME3 BM5",2.433562981116037,daily_ff5,Daily FF5,XGBoost Combined
2021-10-15,-0.00726,"SMALL LoBM, ME1 BM2, ME2 BM1, ME2 BM2, ME3 BM1",2.4158953138731345,daily_ff5,Daily FF5,XGBoost Combined
2021-10-18,0.00698,"SMALL LoBM, ME1 BM2, ME2 BM1, ME2 BM2, ME3 BM1",2.432758263163969,daily_ff5,Daily FF5,XGBoost Combined
2021-10-19,0.00124,"SMALL LoBM, ME1 BM2, ME2 BM1, ME2 BM2, ME3 BM1",2.435774883410292,daily_ff5,Daily FF5,XGBoost Combined
2021-10-20,-0.0016399999999999,"ME1 BM3, ME2 BM4, ME2 BM5, ME3 BM4, ME3 BM5",2.431780212601499,daily_ff5,Daily FF5,XGBoost Combined
2021-10-21,-0.00598,"SMALL LoBM, ME2 BM1, ME3 BM1, ME4 BM1, BIG LoBM",2.417238166930142,daily_ff5,Daily FF5,XGBoost Combined
2021-10-22,0.00882,"SMALL LoBM, ME2 BM1, ME3 BM1, ME4 BM1, ME1 BM2",2.438558207562466,daily_ff5,Daily FF5,XGBoost Combined
2021-10-25,-0.00376,"ME2 BM1, ME3 BM1, ME4 BM1, ME5 BM2, SMALL HiBM",2.429389228702031,daily_ff5,Daily FF5,XGBoost Combined
2021-10-26,-0.01558,"ME2 BM1, ME3 BM1, ME4 BM1, SMALL LoBM, ME1 BM2",2.3915393445188533,daily_ff5,Daily FF5,XGBoost Combined
2021-10-27,0.0211799999999999,"ME2 BM1, ME3 BM1, ME4 BM1, SMALL LoBM, ME1 BM2",2.4421921478357627,daily_ff5,Daily FF5,XGBoost Combined
2021-10-28,-0.0002199999999999,"ME2 BM1, ME3 BM1, ME4 BM1, ME1 BM2, ME2 BM5",2.441654865563238,daily_ff5,Daily FF5,XGBoost Combined
2021-10-29,0.0254,"ME2 BM1, ME3 BM1, ME4 BM1, ME1 BM2, ME2 BM2",2.5036728991485453,daily_ff5,Daily FF5,XGBoost Combined
2021-11-01,-0.00108,"ME2 BM1, ME3 BM1, ME4 BM1, SMALL LoBM, ME1 BM2",2.500968932417465,daily_ff5,Daily FF5,XGBoost Combined
2021-11-02,0.01478,"ME2 BM1, ME3 BM1, ME4 BM1, ME4 BM2, SMALL LoBM",2.537933253238595,daily_ff5,Daily FF5,XGBoost Combined
2021-11-03,0.00018,"ME2 BM1, ME3 BM1, ME4 BM1, ME4 BM2, ME2 BM2",2.538390081224178,daily_ff5,Daily FF5,XGBoost Combined
2021-11-04,0.00362,"ME2 BM1, ME3 BM1, ME4 BM1, ME2 BM2, ME2 BM5",2.5475790533182097,daily_ff5,Daily FF5,XGBoost Combined
2021-11-05,0.00412,"ME2 BM1, ME3 BM1, ME4 BM1, ME2 BM2, ME2 BM5",2.5580750790178803,daily_ff5,Daily FF5,XGBoost Combined
2021-11-08,-0.00468,"ME2 BM1, ME3 BM1, ME4 BM1, ME3 BM3, ME4 BM3",2.5461032876480765,daily_ff5,Daily FF5,XGBoost Combined
2021-11-09,-0.02,"ME2 BM1, ME3 BM1, ME4 BM1, ME2 BM2, ME2 BM5",2.495181221895115,daily_ff5,Daily FF5,XGBoost Combined
2021-11-10,0.00524,"ME2 BM1, ME3 BM1, ME4 BM1, ME2 BM2, ME2 BM5",2.508255971497845,daily_ff5,Daily FF5,XGBoost Combined
2021-11-11,0.0052,"ME2 BM1, ME3 BM1, ME4 BM1, ME3 BM3, ME4 BM2",2.521298902549634,daily_ff5,Daily FF5,XGBoost Combined
2021-11-12,-0.00712,"ME2 BM1, ME3 BM1, ME4 BM1, BIG LoBM, ME3 BM3",2.5033472543634807,daily_ff5,Daily FF5,XGBoost Combined
2021-11-15,0.00508,"ME2 BM1, ME3 BM1, ME4 BM1, ME2 BM2, ME2 BM4",2.516064258415647,daily_ff5,Daily FF5,XGBoost Combined
2021-11-16,-0.01252,"ME1 BM2, ME2 BM4, ME2 BM5, ME3 BM5, ME4 BM5",2.4845631339002834,daily_ff5,Daily FF5,XGBoost Combined
2021-11-17,-0.00618,"ME1 BM2, ME2 BM5, ME3 BM5, ME4 BM5, ME2 BM1",2.46920853373278,daily_ff5,Daily FF5,XGBoost Combined
2021-11-18,-0.01684,"ME2 BM5, ME3 BM5, ME4 BM5, ME1 BM2, ME1 BM3",2.42762706202472,daily_ff5,Daily FF5,XGBoost Combined
2021-11-19,-0.00052,"ME2 BM5, ME3 BM5, ME4 BM5, SMALL LoBM, ME1 BM2",2.426364695952467,daily_ff5,Daily FF5,XGBoost Combined
2021-11-22,-0.00442,"ME2 BM1, ME3 BM1, ME4 BM1, ME1 BM2, ME2 BM5",2.415640163996357,daily_ff5,Daily FF5,XGBoost Combined
2021-11-23,0.0040999999999999,"ME2 BM1, ME3 BM1, ME4 BM1, ME1 BM4, ME2 BM3",2.425544288668742,daily_ff5,Daily FF5,XGBoost Combined
2021-11-24,-0.0288399999999999,"ME2 BM1, ME3 BM1, ME4 BM1, ME2 BM3, ME3 BM3",2.355591591383536,daily_ff5,Daily FF5,XGBoost Combined
2021-11-26,-0.00686,"ME2 BM1, ME3 BM1, ME4 BM1, SMALL LoBM, ME1 BM2",2.339432233066645,daily_ff5,Daily FF5,XGBoost Combined
2021-11-29,-0.0155,"ME1 BM4, SMALL HiBM, ME2 BM3, ME3 BM3, ME2 BM1",2.303171033454112,daily_ff5,Daily FF5,XGBoost Combined
2021-11-30,-0.02974,"ME2 BM1, ME4 BM1, BIG LoBM, SMALL LoBM, ME1 BM2",2.234674726919187,daily_ff5,Daily FF5,XGBoost Combined
2021-12-01,0.02272,"ME4 BM3, ME2 BM1, ME3 BM1, ME4 BM1, ME4 BM2",2.285446536714791,daily_ff5,Daily FF5,XGBoost Combined
2021-12-02,-0.0084799999999999,"ME3 BM4, ME4 BM2, ME4 BM3, ME4 BM4, BIG LoBM",2.266065950083449,daily_ff5,Daily FF5,XGBoost Combined
2021-12-03,0.01956,"ME4 BM5, BIG HiBM, ME2 BM3, ME2 BM4, ME3 BM3",2.310390200067082,daily_ff5,Daily FF5,XGBoost Combined
2021-12-06,0.03294,"SMALL LoBM, ME2 BM1, ME3 BM1, ME3 BM4, ME4 BM1",2.386494453257292,daily_ff5,Daily FF5,XGBoost Combined
2021-12-07,0.00404,"ME2 BM3, ME3 BM4, ME4 BM2, ME4 BM4, BIG LoBM",2.396135890848451,daily_ff5,Daily FF5,XGBoost Combined
2021-12-08,-0.0266199999999999,"SMALL LoBM, ME1 BM2, ME3 BM1, ME4 BM1, ME1 BM4",2.3323507534340653,daily_ff5,Daily FF5,XGBoost Combined
2021-12-09,0.0009,"ME2 BM3, ME2 BM4, ME3 BM3, ME3 BM4, ME4 BM2",2.334449869112156,daily_ff5,Daily FF5,XGBoost Combined
2021-12-10,-0.01194,"SMALL LoBM, ME2 BM1, ME3 BM1, ME2 BM3, ME2 BM4",2.3065765376749567,daily_ff5,Daily FF5,XGBoost Combined
2021-12-13,-0.00456,"ME2 BM3, ME2 BM4, ME3 BM3, ME3 BM4, ME4 BM2",2.296058548663159,daily_ff5,Daily FF5,XGBoost Combined
2021-12-14,0.01742,"ME1 BM4, ME2 BM1, ME2 BM2, ME3 BM2, SMALL HiBM",2.336055888580871,daily_ff5,Daily FF5,XGBoost Combined
2021-12-15,-0.00762,"SMALL HiBM, ME2 BM3, ME2 BM4, ME2 BM5, ME3 BM3",2.318255142709885,daily_ff5,Daily FF5,XGBoost Combined
2021-12-16,0.00784,"SMALL LoBM, ME2 BM1, ME2 BM3, ME2 BM4, ME2 BM5",2.336430263028731,daily_ff5,Daily FF5,XGBoost Combined
2021-12-17,-0.01486,"ME2 BM1, SMALL HiBM, ME2 BM3, ME2 BM4, ME2 BM5",2.301710909320124,daily_ff5,Daily FF5,XGBoost Combined
2021-12-20,0.0275,"ME2 BM1, SMALL HiBM, ME2 BM2, ME2 BM3, ME2 BM4",2.3650079593264275,daily_ff5,Daily FF5,XGBoost Combined
2021-12-21,0.01042,"ME1 BM4, SMALL HiBM, ME2 BM2, ME2 BM3, ME2 BM4",2.389651342262609,daily_ff5,Daily FF5,XGBoost Combined
2021-12-22,0.01028,"ME2 BM1, ME3 BM1, ME4 BM1, ME1 BM4, SMALL HiBM",2.414216958061069,daily_ff5,Daily FF5,XGBoost Combined
2021-12-23,0.0086,"ME1 BM4, SMALL HiBM, ME2 BM1, ME2 BM2, ME2 BM3",2.434979223900394,daily_ff5,Daily FF5,XGBoost Combined
2021-12-27,-0.0035199999999999,"ME1 BM4, SMALL HiBM, ME2 BM2, ME2 BM3, ME2 BM4",2.426408097032265,daily_ff5,Daily FF5,XGBoost Combined
2021-12-28,0.0017599999999999,"ME1 BM4, SMALL HiBM, ME2 BM2, ME2 BM3, ME2 BM4",2.430678575283041,daily_ff5,Daily FF5,XGBoost Combined
2021-12-29,-2.000000000000005e-05,"ME1 BM4, SMALL HiBM, ME2 BM1, ME2 BM2, ME2 BM3",2.430629961711536,daily_ff5,Daily FF5,XGBoost Combined
2021-12-30,-0.001,"ME1 BM4, SMALL HiBM, ME2 BM1, ME2 BM2, ME2 BM3",2.4281993317498243,daily_ff5,Daily FF5,XGBoost Combined
2021-12-31,0.01426,"ME1 BM4, SMALL HiBM, ME2 BM1, ME2 BM2, ME2 BM3",2.4628254542205767,daily_ff5,Daily FF5,XGBoost Combined
2022-01-03,-0.0017799999999999,"ME4 BM1, ME1 BM3, ME1 BM4, SMALL HiBM, ME2 BM2",2.458441624912064,daily_ff5,Daily FF5,XGBoost Combined
2022-01-04,-0.02978,"ME1 BM3, ME1 BM4, SMALL HiBM, ME2 BM1, ME2 BM2",2.3852292333221827,daily_ff5,Daily FF5,XGBoost Combined
2022-01-05,0.00426,"ME5 BM2, ME1 BM3, ME1 BM4, SMALL HiBM, ME2 BM1",2.395390309856135,daily_ff5,Daily FF5,XGBoost Combined
2022-01-06,-0.0087999999999999,"SMALL LoBM, ME1 BM2, BIG LoBM, BIG HiBM, ME1 BM3",2.374310875129401,daily_ff5,Daily FF5,XGBoost Combined
2022-01-07,-0.0057399999999999,"ME1 BM3, ME1 BM4, SMALL HiBM, ME2 BM2, ME2 BM3",2.360682330706158,daily_ff5,Daily FF5,XGBoost Combined
2022-01-10,0.00872,"ME2 BM1, ME1 BM4, SMALL HiBM, ME2 BM2, ME2 BM3",2.381267480629916,daily_ff5,Daily FF5,XGBoost Combined
2022-01-11,-0.00566,"ME1 BM4, ME1 BM3, SMALL HiBM, ME2 BM2, ME2 BM3",2.367789506689551,daily_ff5,Daily FF5,XGBoost Combined
2022-01-12,-0.00226,"ME1 BM3, ME1 BM4, SMALL HiBM, ME2 BM2, ME2 BM3",2.3624383024044326,daily_ff5,Daily FF5,XGBoost Combined
2022-01-13,0.00214,"ME1 BM3, ME1 BM4, SMALL HiBM, ME2 BM1, ME2 BM2",2.367493920371578,daily_ff5,Daily FF5,XGBoost Combined
2022-01-14,-0.03028,"ME1 BM2, ME1 BM3, ME1 BM4, SMALL HiBM, ME2 BM1",2.295806204462727,daily_ff5,Daily FF5,XGBoost Combined
2022-01-18,-0.01336,"ME1 BM2, ME1 BM3, ME1 BM4, SMALL HiBM, ME2 BM1",2.265134233571105,daily_ff5,Daily FF5,XGBoost Combined
2022-01-19,-0.0208199999999999,"SMALL LoBM, ME1 BM2, ME1 BM3, ME1 BM4, SMALL HiBM",2.217974138828154,daily_ff5,Daily FF5,XGBoost Combined
2022-01-20,-0.01636,"ME1 BM3, ME1 BM4, SMALL HiBM, ME2 BM1, ME2 BM2",2.181688081916926,daily_ff5,Daily FF5,XGBoost Combined
2022-01-21,0.0189,"ME1 BM2, ME1 BM4, ME1 BM3, SMALL HiBM, ME2 BM1",2.222921986665156,daily_ff5,Daily FF5,XGBoost Combined
2022-01-24,0.0003599999999999,"ME1 BM2, ME1 BM4, ME4 BM5, ME1 BM3, SMALL HiBM",2.223722238580355,daily_ff5,Daily FF5,XGBoost Combined
2022-01-25,-0.0129,"ME1 BM2, ME1 BM3, ME1 BM4, SMALL HiBM, ME2 BM1",2.195036221702668,daily_ff5,Daily FF5,XGBoost Combined
2022-01-26,-0.0223,"ME1 BM3, ME1 BM4, SMALL HiBM, ME2 BM1, ME2 BM2",2.146086913958699,daily_ff5,Daily FF5,XGBoost Combined
2022-01-27,0.0174,"ME1 BM2, ME1 BM3, ME1 BM4, SMALL HiBM, ME2 BM1",2.1834288262615806,daily_ff5,Daily FF5,XGBoost Combined
2022-01-28,0.0382,"SMALL LoBM, ME1 BM3, ME1 BM4, SMALL HiBM, ME2 BM1",2.266835807424773,daily_ff5,Daily FF5,XGBoost Combined
2022-01-31,0.01112,"SMALL LoBM, BIG LoBM, ME1 BM4, SMALL HiBM, ME2 BM1",2.2920430216033365,daily_ff5,Daily FF5,XGBoost Combined
2022-02-01,-0.01904,"ME1 BM2, ME1 BM3, ME2 BM2, ME3 BM2, SMALL LoBM",2.248402522472009,daily_ff5,Daily FF5,XGBoost Combined
2022-02-02,-0.02038,"SMALL LoBM, ME1 BM4, SMALL HiBM, ME3 BM1, ME4 BM1",2.2025800790640297,daily_ff5,Daily FF5,XGBoost Combined
2022-02-03,0.01506,"SMALL LoBM, ME1 BM4, ME3 BM1, ME4 BM1, ME4 BM5",2.235750935054734,daily_ff5,Daily FF5,XGBoost Combined
2022-02-04,0.0028399999999999,"ME5 BM2, SMALL LoBM, ME1 BM4, ME4 BM2, ME4 BM5",2.2421004677102894,daily_ff5,Daily FF5,XGBoost Combined
2022-02-07,0.0123799999999999,"SMALL LoBM, ME1 BM4, ME4 BM2, ME4 BM5, ME1 BM3",2.2698576715005427,daily_ff5,Daily FF5,XGBoost Combined
2022-02-08,0.0181799999999999,"SMALL LoBM, ME1 BM2, ME1 BM4, ME4 BM2, ME4 BM5",2.3111236839684226,daily_ff5,Daily FF5,XGBoost Combined
2022-02-09,-0.015,"SMALL LoBM, ME1 BM2, ME1 BM4, ME4 BM2, ME4 BM5",2.276456828708896,daily_ff5,Daily FF5,XGBoost Combined
2022-02-10,-0.01232,"SMALL LoBM, ME1 BM2, ME1 BM4, ME4 BM2, ME4 BM5",2.2484108805792027,daily_ff5,Daily FF5,XGBoost Combined
2022-02-11,-0.00594,"SMALL LoBM, ME1 BM2, ME1 BM4, ME4 BM2, ME4 BM3",2.2350553199485623,daily_ff5,Daily FF5,XGBoost Combined
2022-02-14,0.0282599999999999,"SMALL LoBM, ME1 BM2, ME1 BM4, ME4 BM2, ME4 BM3",2.2982179832903085,daily_ff5,Daily FF5,XGBoost Combined
2022-02-15,0.00116,"SMALL LoBM, ME1 BM2, ME1 BM4, ME4 BM2, ME4 BM3",2.300883916150925,daily_ff5,Daily FF5,XGBoost Combined
2022-02-16,-0.02766,"ME4 BM1, SMALL LoBM, ME1 BM2, ME4 BM2, ME1 BM3",2.2372414670301906,daily_ff5,Daily FF5,XGBoost Combined
2022-02-17,-0.00728,"SMALL LoBM, ME1 BM2, ME1 BM3, ME4 BM2, SMALL HiBM",2.220954349150211,daily_ff5,Daily FF5,XGBoost Combined
2022-02-18,-0.01762,"ME4 BM1, SMALL LoBM, ME1 BM2, ME1 BM3, ME4 BM2",2.1818211335181843,daily_ff5,Daily FF5,XGBoost Combined
2022-02-22,-0.01914,"ME5 BM4, SMALL LoBM, ME1 BM2, SMALL HiBM, ME2 BM1",2.1400610770226463,daily_ff5,Daily FF5,XGBoost Combined
2022-02-23,0.01536,"ME5 BM4, SMALL LoBM, ME1 BM2, ME3 BM5, ME4 BM4",2.172932415165714,daily_ff5,Daily FF5,XGBoost Combined
2022-02-24,0.02328,"SMALL LoBM, ME1 BM2, ME4 BM5, ME1 BM3, SMALL HiBM",2.223518281790772,daily_ff5,Daily FF5,XGBoost Combined
2022-02-25,0.0024,"SMALL LoBM, ME1 BM2, ME4 BM2, ME4 BM3, ME4 BM5",2.2288547256670697,daily_ff5,Daily FF5,XGBoost Combined
2022-02-28,-0.02854,"ME1 BM4, ME3 BM4, ME3 BM5, ME4 BM4, ME4 BM5",2.165243211796532,daily_ff5,Daily FF5,XGBoost Combined
2022-03-01,0.0311,"ME1 BM4, ME3 BM3, ME3 BM4, ME3 BM5, ME4 BM4",2.2325822756834035,daily_ff5,Daily FF5,XGBoost Combined
2022-03-02,0.00028,"ME1 BM4, SMALL HiBM, ME3 BM5, ME4 BM5, ME5 BM4",2.233207398720595,daily_ff5,Daily FF5,XGBoost Combined
2022-03-03,-0.00952,"SMALL HiBM, ME1 BM4, ME2 BM5, ME3 BM5, ME4 BM5",2.211947264284775,daily_ff5,Daily FF5,XGBoost Combined
2022-03-04,-0.02228,"ME2 BM5, ME3 BM5, ME4 BM5, ME5 BM4, BIG HiBM",2.1626650792365103,daily_ff5,Daily FF5,XGBoost Combined
2022-03-07,0.0024,"ME2 BM5, ME3 BM5, ME4 BM5, ME5 BM4, BIG HiBM",2.167855475426678,daily_ff5,Daily FF5,XGBoost Combined
2022-03-08,0.02214,"ME3 BM3, ME3 BM4, ME4 BM2, ME4 BM4, ME2 BM5",2.2158517956526245,daily_ff5,Daily FF5,XGBoost Combined
2022-03-09,0.00482,"ME2 BM5, ME3 BM5, ME4 BM5, ME5 BM4, BIG HiBM",2.2265322013076703,daily_ff5,Daily FF5,XGBoost Combined
2022-03-10,-0.00668,"ME4 BM2, ME3 BM5, ME4 BM5, ME5 BM4, BIG HiBM",2.211658966202935,daily_ff5,Daily FF5,XGBoost Combined
2022-03-11,-0.005,"ME2 BM4, ME2 BM5, ME3 BM5, ME4 BM5, ME5 BM4",2.2006006713719204,daily_ff5,Daily FF5,XGBoost Combined
2022-03-14,0.00232,"ME2 BM4, ME2 BM5, ME3 BM5, ME4 BM5, ME5 BM4",2.2057060649295037,daily_ff5,Daily FF5,XGBoost Combined
2022-03-15,0.0213,"ME2 BM4, ME2 BM5, ME3 BM4, ME3 BM5, ME4 BM5",2.252687604112502,daily_ff5,Daily FF5,XGBoost Combined
2022-03-16,0.00784,"ME2 BM4, ME2 BM5, ME3 BM4, ME3 BM5, ME4 BM5",2.2703486749287443,daily_ff5,Daily FF5,XGBoost Combined
2022-03-17,0.00024,"ME2 BM4, ME2 BM5, ME3 BM4, ME3 BM5, ME4 BM5",2.270893558610727,daily_ff5,Daily FF5,XGBoost Combined
2022-03-18,0.00544,"ME2 BM4, ME2 BM5, ME3 BM5, ME4 BM5, BIG HiBM",2.28324721956957,daily_ff5,Daily FF5,XGBoost Combined
2022-03-21,0.0127,"ME2 BM5, ME3 BM5, ME4 BM5, BIG HiBM, SMALL LoBM",2.3122444592581037,daily_ff5,Daily FF5,XGBoost Combined
2022-03-22,-0.0130599999999999,"ME2 BM5, ME3 BM5, ME4 BM5, BIG HiBM, SMALL LoBM",2.2820465466201925,daily_ff5,Daily FF5,XGBoost Combined
2022-03-23,0.0106799999999999,"ME2 BM4, ME3 BM5, ME4 BM5, BIG HiBM, SMALL LoBM",2.3064188037380964,daily_ff5,Daily FF5,XGBoost Combined
2022-03-24,0.02012,"ME2 BM5, ME3 BM5, ME4 BM5, ME5 BM4, BIG HiBM",2.3528239500693067,daily_ff5,Daily FF5,XGBoost Combined
2022-03-25,-0.0129,"ME2 BM5, ME3 BM5, ME4 BM5, ME5 BM4, BIG HiBM",2.3224725211134127,daily_ff5,Daily FF5,XGBoost Combined
2022-03-28,0.0098599999999999,"ME2 BM4, ME2 BM5, ME3 BM5, ME4 BM5, ME5 BM4",2.345372100171591,daily_ff5,Daily FF5,XGBoost Combined
2022-03-29,-0.0134399999999999,"ME2 BM4, ME2 BM5, ME3 BM5, ME4 BM5, BIG HiBM",2.3138502991452845,daily_ff5,Daily FF5,XGBoost Combined
2022-03-30,-0.0103,"ME1 BM3, ME1 BM4, ME2 BM3, ME2 BM4, ME2 BM5",2.290017641064088,daily_ff5,Daily FF5,XGBoost Combined
2022-03-31,0.006,"ME1 BM3, ME2 BM4, ME2 BM5, ME3 BM5, ME4 BM5",2.3037577469104726,daily_ff5,Daily FF5,XGBoost Combined
2022-04-01,-0.0036399999999999,"ME1 BM3, ME2 BM4, ME2 BM5, ME3 BM5, ME4 BM5",2.2953720687117185,daily_ff5,Daily FF5,XGBoost Combined
2022-04-04,-0.01472,"ME2 BM4, ME2 BM5, ME3 BM5, ME4 BM5, BIG HiBM",2.261584191860282,daily_ff5,Daily FF5,XGBoost Combined
2022-04-05,-0.0120799999999999,"ME1 BM4, ME2 BM5, ME3 BM5, ME4 BM5, SMALL LoBM",2.2342642548226097,daily_ff5,Daily FF5,XGBoost Combined
2022-04-06,-0.00164,"ME1 BM4, ME2 BM5, ME3 BM5, ME4 BM5, ME5 BM2",2.230600061444701,daily_ff5,Daily FF5,XGBoost Combined
2022-04-07,0.00574,"ME1 BM4, ME2 BM5, ME3 BM5, ME4 BM5, ME5 BM2",2.2434037057973937,daily_ff5,Daily FF5,XGBoost Combined
2022-04-08,-0.0084599999999999,"ME1 BM4, ME2 BM5, ME3 BM5, ME4 BM5, ME5 BM2",2.224424510446348,daily_ff5,Daily FF5,XGBoost Combined
2022-04-11,0.00066,"ME1 BM4, ME2 BM5, ME3 BM5, ME4 BM5, ME5 BM2",2.2258926306232425,daily_ff5,Daily FF5,XGBoost Combined
2022-04-12,0.01696,"ME1 BM4, ME2 BM5, ME3 BM5, ME4 BM5, ME5 BM2",2.263643769638613,daily_ff5,Daily FF5,XGBoost Combined
2022-04-13,-0.00346,"ME1 BM4, ME2 BM5, ME3 BM5, ME4 BM5, ME5 BM2",2.255811562195664,daily_ff5,Daily FF5,XGBoost Combined
2022-04-14,0.00862,"ME1 BM4, ME2 BM5, ME3 BM5, ME4 BM5, BIG HiBM",2.27525665786179,daily_ff5,Daily FF5,XGBoost Combined
2022-04-18,0.01452,"ME3 BM3, ME4 BM3, ME5 BM3, ME5 BM4, ME1 BM4",2.3082933845339437,daily_ff5,Daily FF5,XGBoost Combined
2022-04-19,0.00698,"ME4 BM3, ME4 BM4, ME5 BM3, ME5 BM4, ME1 BM4",2.32440527235799,daily_ff5,Daily FF5,XGBoost Combined
2022-04-20,-0.02324,"SMALL LoBM, ME1 BM4, ME2 BM4, ME2 BM5, ME4 BM5",2.27038609382839,daily_ff5,Daily FF5,XGBoost Combined
2022-04-21,-0.02392,"SMALL LoBM, ME1 BM4, ME2 BM4, ME2 BM5, ME4 BM5",2.216078458464015,daily_ff5,Daily FF5,XGBoost Combined
2022-04-22,0.00124,"SMALL LoBM, ME1 BM4, ME2 BM4, ME2 BM5, ME3 BM5",2.2188263957525103,daily_ff5,Daily FF5,XGBoost Combined
2022-04-25,-0.02938,"SMALL LoBM, ME1 BM3, ME1 BM4, ME2 BM3, ME2 BM4",2.153637276245301,daily_ff5,Daily FF5,XGBoost Combined
2022-04-26,-4.0000000000000105e-05,"ME1 BM4, ME3 BM5, ME4 BM5, BIG HiBM, SMALL LoBM",2.153551130754252,daily_ff5,Daily FF5,XGBoost Combined
2022-04-27,0.0175199999999999,"ME2 BM5, ME3 BM5, ME4 BM5, BIG HiBM, SMALL LoBM",2.191281346565066,daily_ff5,Daily FF5,XGBoost Combined
2022-04-28,-0.0285999999999999,"ME3 BM5, ME4 BM5, BIG HiBM, SMALL LoBM, ME1 BM2",2.128610700053305,daily_ff5,Daily FF5,XGBoost Combined
2022-04-29,0.00872,"ME3 BM5, ME4 BM5, ME5 BM2, BIG HiBM, SMALL LoBM",2.1471721853577703,daily_ff5,Daily FF5,XGBoost Combined
2022-05-02,0.013,"ME4 BM4, ME1 BM3, ME1 BM4, SMALL HiBM, ME2 BM5",2.1750854237674213,daily_ff5,Daily FF5,XGBoost Combined
2022-05-03,0.02288,"ME1 BM3, ME1 BM4, ME2 BM5, ME3 BM5, ME4 BM5",2.22485137826322,daily_ff5,Daily FF5,XGBoost Combined
2022-05-04,-0.0276399999999999,"ME1 BM3, ME1 BM4, SMALL HiBM, ME2 BM5, ME3 BM5",2.163356486168025,daily_ff5,Daily FF5,XGBoost Combined
2022-05-05,-0.0066999999999999,"ME5 BM2, ME5 BM4, ME1 BM3, ME1 BM4, SMALL HiBM",2.148861997710699,daily_ff5,Daily FF5,XGBoost Combined
2022-05-06,-0.0266399999999999,"ME3 BM3, ME4 BM2, ME5 BM2, ME1 BM4, SMALL HiBM",2.091616314091686,daily_ff5,Daily FF5,XGBoost Combined
2022-05-09,-0.00624,"ME1 BM4, SMALL HiBM, ME2 BM5, ME3 BM5, ME4 BM5",2.078564628291754,daily_ff5,Daily FF5,XGBoost Combined
2022-05-10,-0.00828,"ME3 BM5, ME4 BM3, ME5 BM4, BIG HiBM, ME1 BM4",2.0613541131694983,daily_ff5,Daily FF5,XGBoost Combined
2022-05-11,0.008,"ME2 BM4, ME2 BM5, ME4 BM5, SMALL LoBM, ME1 BM2",2.0778449460748543,daily_ff5,Daily FF5,XGBoost Combined
2022-05-12,0.0282399999999999,"SMALL HiBM, ME2 BM4, ME2 BM5, ME4 BM5, SMALL LoBM",2.1365232873520084,daily_ff5,Daily FF5,XGBoost Combined
2022-05-13,0.00396,"ME1 BM4, SMALL HiBM, ME2 BM4, ME2 BM5, ME3 BM5",2.1449839195699223,daily_ff5,Daily FF5,XGBoost Combined
2022-05-16,0.0319399999999999,"SMALL HiBM, ME2 BM4, ME2 BM5, SMALL LoBM, ME1 BM2",2.213494705960986,daily_ff5,Daily FF5,XGBoost Combined
2022-05-17,-0.03058,"SMALL HiBM, ME2 BM4, ME2 BM5, ME3 BM5, SMALL LoBM",2.145806037852699,daily_ff5,Daily FF5,XGBoost Combined
2022-05-18,-0.00434,"ME2 BM5, ME3 BM3, ME3 BM5, ME4 BM5, BIG HiBM",2.136493239648418,daily_ff5,Daily FF5,XGBoost Combined
2022-05-19,-0.00274,"ME3 BM3, ME3 BM5, ME4 BM2, ME4 BM3, ME4 BM4",2.1306392481717817,daily_ff5,Daily FF5,XGBoost Combined
2022-05-20,0.00378,"SMALL LoBM, ME1 BM2, ME1 BM3, ME2 BM1, ME2 BM2",2.1386930645298707,daily_ff5,Daily FF5,XGBoost Combined
2022-05-23,-0.02654,"SMALL LoBM, ME1 BM2, ME1 BM3, ME2 BM1, ME2 BM2",2.081932150597248,daily_ff5,Daily FF5,XGBoost Combined
2022-05-24,0.01558,"ME4 BM5, BIG HiBM, SMALL LoBM, ME1 BM2, ME1 BM3",2.1143686535035533,daily_ff5,Daily FF5,XGBoost Combined
2022-05-25,0.0204,"SMALL LoBM, ME1 BM2, ME1 BM3, ME2 BM1, ME2 BM2",2.1575017740350257,daily_ff5,Daily FF5,XGBoost Combined
2022-05-26,0.03524,"SMALL LoBM, ME1 BM2, ME1 BM3, ME2 BM1, ME2 BM2",2.23353213655202,daily_ff5,Daily FF5,XGBoost Combined
2022-05-27,-0.01562,"SMALL LoBM, ME1 BM2, ME1 BM3, ME2 BM1, ME2 BM2",2.1986443645790774,daily_ff5,Daily FF5,XGBoost Combined
2022-05-31,-0.00962,"SMALL LoBM, ME1 BM2, ME1 BM3, ME2 BM1, ME2 BM2",2.177493405791827,daily_ff5,Daily FF5,XGBoost Combined
2022-06-01,0.0299599999999999,"SMALL LoBM, ME1 BM2, ME1 BM3, ME2 BM1, ME2 BM2",2.24273110822935,daily_ff5,Daily FF5,XGBoost Combined
2022-06-02,-0.00146,"SMALL LoBM, ME1 BM2, ME1 BM3, ME2 BM1, ME2 BM2",2.239456720811335,daily_ff5,Daily FF5,XGBoost Combined
2022-06-03,-0.0071,"SMALL LoBM, ME1 BM2, ME1 BM3, ME2 BM1, ME2 BM2",2.2235565780935747,daily_ff5,Daily FF5,XGBoost Combined
2022-06-06,0.02364,"SMALL LoBM, ME1 BM2, ME2 BM1, ME2 BM2, ME2 BM3",2.276121455599707,daily_ff5,Daily FF5,XGBoost Combined
2022-06-07,-0.0076,"SMALL LoBM, ME1 BM2, ME2 BM1, ME2 BM2, ME2 BM3",2.258822932537149,daily_ff5,Daily FF5,XGBoost Combined
2022-06-08,-0.02174,"SMALL LoBM, ME1 BM2, ME2 BM1, ME2 BM2, ME2 BM3",2.209716121983792,daily_ff5,Daily FF5,XGBoost Combined
2022-06-09,-0.0311999999999999,"SMALL LoBM, ME1 BM2, ME2 BM1, ME2 BM2, ME2 BM3",2.140772978977897,daily_ff5,Daily FF5,XGBoost Combined
2022-06-10,-0.05398,"SMALL LoBM, ME1 BM2, ME1 BM3, ME2 BM1, ME2 BM2",2.0252140535726704,daily_ff5,Daily FF5,XGBoost Combined
2022-06-13,-0.0031,"BIG HiBM, SMALL LoBM, ME1 BM2, ME1 BM3, SMALL HiBM",2.018935890006595,daily_ff5,Daily FF5,XGBoost Combined
2022-06-14,0.0098,"ME1 BM3, ME1 BM4, SMALL HiBM, ME2 BM4, ME2 BM5",2.0387214617286595,daily_ff5,Daily FF5,XGBoost Combined
2022-06-15,-0.04426,"SMALL LoBM, ME1 BM2, ME2 BM1, ME2 BM2, ME2 BM3",1.9484876498325487,daily_ff5,Daily FF5,XGBoost Combined
2022-06-16,0.0214399999999999,"SMALL LoBM, ME1 BM2, ME1 BM3, ME2 BM1, ME2 BM2",1.9902632250449588,daily_ff5,Daily FF5,XGBoost Combined
2022-06-17,0.0162399999999999,"ME3 BM2, ME3 BM3, ME4 BM2, ME4 BM4, ME4 BM5",2.022585099819689,daily_ff5,Daily FF5,XGBoost Combined
2022-06-21,-0.00098,"SMALL LoBM, ME3 BM5, ME1 BM2, ME1 BM3, ME2 BM1",2.020602966421865,daily_ff5,Daily FF5,XGBoost Combined
2022-06-22,0.0059599999999999,"BIG HiBM, SMALL LoBM, ME3 BM5, ME1 BM2, ME1 BM3",2.03264576010174,daily_ff5,Daily FF5,XGBoost Combined
2022-06-23,0.0189999999999999,"SMALL LoBM, ME3 BM5, ME1 BM2, ME1 BM3, ME2 BM1",2.071266029543673,daily_ff5,Daily FF5,XGBoost Combined
2022-06-24,0.00608,"SMALL LoBM, ME3 BM5, ME1 BM2, ME1 BM3, ME2 BM1",2.0838593270032986,daily_ff5,Daily FF5,XGBoost Combined
2022-06-27,-0.0114599999999999,"ME3 BM3, ME4 BM2, ME4 BM4, ME4 BM5, ME5 BM2",2.0599782991158406,daily_ff5,Daily FF5,XGBoost Combined
2022-06-28,-0.01064,"SMALL LoBM, ME3 BM5, ME1 BM2, ME1 BM3, ME2 BM1",2.038060130013248,daily_ff5,Daily FF5,XGBoost Combined
2022-06-29,-0.00584,"SMALL LoBM, ME3 BM5, ME1 BM2, ME1 BM3, ME2 BM1",2.0261578588539706,daily_ff5,Daily FF5,XGBoost Combined
2022-06-30,0.01472,"SMALL LoBM, ME3 BM5, ME1 BM2, ME1 BM3, ME2 BM1",2.055982902536301,daily_ff5,Daily FF5,XGBoost Combined
2022-07-01,0.02252,"SMALL LoBM, ME3 BM2, ME3 BM5, ME1 BM2, ME2 BM1",2.1022836375014187,daily_ff5,Daily FF5,XGBoost Combined
2022-07-05,-0.00574,"SMALL LoBM, ME3 BM2, ME3 BM5, ME1 BM2, ME2 BM1",2.0902165294221606,daily_ff5,Daily FF5,XGBoost Combined
2022-07-06,0.0246599999999999,"ME1 BM3, SMALL LoBM, ME3 BM2, ME3 BM5, ME5 BM2",2.141761269037711,daily_ff5,Daily FF5,XGBoost Combined
2022-07-07,0.0037999999999999,"SMALL LoBM, SMALL HiBM, ME2 BM4, ME3 BM2, ME3 BM5",2.1498999618600543,daily_ff5,Daily FF5,XGBoost Combined
2022-07-08,-0.02916,"SMALL LoBM, ME1 BM2, ME1 BM3, ME1 BM4, SMALL HiBM",2.087208878972215,daily_ff5,Daily FF5,XGBoost Combined
2022-07-11,0.00312,"SMALL LoBM, ME1 BM2, ME1 BM3, ME1 BM4, SMALL HiBM",2.0937209706746085,daily_ff5,Daily FF5,XGBoost Combined
2022-07-12,0.00618,"SMALL LoBM, ME1 BM2, ME1 BM3, ME1 BM4, SMALL HiBM",2.106660166273378,daily_ff5,Daily FF5,XGBoost Combined
2022-07-13,-0.01196,"SMALL LoBM, ME1 BM3, ME1 BM4, SMALL HiBM, ME2 BM3",2.081464510684748,daily_ff5,Daily FF5,XGBoost Combined
2022-07-14,0.01948,"SMALL LoBM, ME1 BM3, ME1 BM4, SMALL HiBM, ME2 BM4",2.122011439352887,daily_ff5,Daily FF5,XGBoost Combined
2022-07-15,-0.00378,"SMALL LoBM, ME1 BM3, ME1 BM4, SMALL HiBM, ME2 BM3",2.113990236112133,daily_ff5,Daily FF5,XGBoost Combined
2022-07-18,0.0324799999999999,"SMALL LoBM, ME1 BM3, ME1 BM4, SMALL HiBM, ME2 BM3",2.182652638981055,daily_ff5,Daily FF5,XGBoost Combined
2022-07-19,0.01678,"SMALL LoBM, ME1 BM4, SMALL HiBM, ME2 BM4, ME3 BM4",2.219277550263157,daily_ff5,Daily FF5,XGBoost Combined
2022-07-20,0.0039,"SMALL LoBM, ME1 BM2, ME1 BM3, ME1 BM4, SMALL HiBM",2.227932732709184,daily_ff5,Daily FF5,XGBoost Combined
2022-07-21,-0.03132,"SMALL LoBM, ME1 BM2, ME1 BM3, ME1 BM4, SMALL HiBM",2.158153879520732,daily_ff5,Daily FF5,XGBoost Combined
2022-07-22,0.0018999999999999,"SMALL LoBM, ME1 BM2, ME1 BM4, SMALL HiBM, ME2 BM4",2.162254371891821,daily_ff5,Daily FF5,XGBoost Combined
2022-07-25,-0.00766,"SMALL LoBM, ME1 BM4, SMALL HiBM, ME2 BM4, ME2 BM5",2.14569150340313,daily_ff5,Daily FF5,XGBoost Combined
2022-07-26,0.02318,"SMALL LoBM, ME1 BM4, SMALL HiBM, ME2 BM4, ME3 BM4",2.1954286324520145,daily_ff5,Daily FF5,XGBoost Combined
2022-07-27,0.006,"SMALL LoBM, ME1 BM4, SMALL HiBM, ME2 BM4, ME3 BM5",2.2086012042467265,daily_ff5,Daily FF5,XGBoost Combined
2022-07-28,0.0034799999999999,"SMALL LoBM, ME1 BM2, ME1 BM4, SMALL HiBM, ME2 BM4",2.2162871364375047,daily_ff5,Daily FF5,XGBoost Combined
2022-07-29,0.00066,"SMALL LoBM, ME1 BM2, ME1 BM4, ME2 BM4, ME2 BM5",2.217749885947553,daily_ff5,Daily FF5,XGBoost Combined
2022-08-01,0.01194,"SMALL LoBM, ME1 BM2, ME1 BM3, ME1 BM4, ME2 BM4",2.2442298195857675,daily_ff5,Daily FF5,XGBoost Combined
2022-08-02,0.01778,"SMALL LoBM, ME1 BM2, ME1 BM4, ME2 BM4, ME2 BM5",2.284132225778002,daily_ff5,Daily FF5,XGBoost Combined
2022-08-03,0.00428,"SMALL LoBM, ME1 BM2, ME1 BM4, ME2 BM5, ME4 BM4",2.293908311704332,daily_ff5,Daily FF5,XGBoost Combined
2022-08-04,0.00978,"SMALL LoBM, ME1 BM4, ME2 BM5, ME3 BM4, ME4 BM4",2.3163427349928005,daily_ff5,Daily FF5,XGBoost Combined
2022-08-05,0.01326,"SMALL LoBM, ME1 BM2, ME1 BM4, SMALL HiBM, ME2 BM5",2.3470574396588053,daily_ff5,Daily FF5,XGBoost Combined
2022-08-08,-0.0225,"SMALL LoBM, ME1 BM2, ME1 BM3, ME1 BM4, ME4 BM4",2.2942486472664823,daily_ff5,Daily FF5,XGBoost Combined
2022-08-09,0.03302,"SMALL HiBM, ME4 BM3, ME5 BM2, SMALL LoBM, ME1 BM2",2.370004737599221,daily_ff5,Daily FF5,XGBoost Combined
2022-08-10,-0.0013999999999999,"SMALL LoBM, ME1 BM2, ME1 BM3, ME1 BM4, ME2 BM3",2.366686730966583,daily_ff5,Daily FF5,XGBoost Combined
2022-08-11,0.0297999999999999,"SMALL LoBM, ME1 BM2, ME1 BM3, ME1 BM4, SMALL HiBM",2.4372139955493872,daily_ff5,Daily FF5,XGBoost Combined
2022-08-12,0.00482,"SMALL LoBM, ME1 BM2, ME1 BM3, ME1 BM4, SMALL HiBM",2.4489613670079358,daily_ff5,Daily FF5,XGBoost Combined
2022-08-15,-0.00112,"SMALL LoBM, ME1 BM2, ME1 BM3, ME1 BM4, SMALL HiBM",2.4462185302768864,daily_ff5,Daily FF5,XGBoost Combined
2022-08-16,-0.02228,"SMALL LoBM, ME1 BM2, ME1 BM3, ME1 BM4, SMALL HiBM",2.3917167814223173,daily_ff5,Daily FF5,XGBoost Combined
2022-08-17,-0.0002599999999999,"SMALL LoBM, ME1 BM2, ME1 BM3, ME1 BM4, SMALL HiBM",2.3910949350591477,daily_ff5,Daily FF5,XGBoost Combined
2022-08-18,-0.03018,"SMALL LoBM, ME1 BM2, ME1 BM3, ME1 BM4, SMALL HiBM",2.3189316899190624,daily_ff5,Daily FF5,XGBoost Combined
2022-08-19,-0.02468,"SMALL LoBM, ME1 BM2, ME1 BM3, ME1 BM4, SMALL HiBM",2.26170045581186,daily_ff5,Daily FF5,XGBoost Combined
2022-08-22,0.005,"SMALL LoBM, ME1 BM2, ME1 BM3, ME1 BM4, SMALL HiBM",2.273008958090919,daily_ff5,Daily FF5,XGBoost Combined
2022-08-23,0.01524,"SMALL LoBM, ME1 BM2, ME1 BM3, ME1 BM4, SMALL HiBM",2.3076496146122243,daily_ff5,Daily FF5,XGBoost Combined
2022-08-24,0.01212,"SMALL LoBM, ME1 BM2, ME1 BM4, SMALL HiBM, ME4 BM5",2.335618327941324,daily_ff5,Daily FF5,XGBoost Combined
2022-08-25,-0.03548,"SMALL LoBM, ME1 BM2, ME1 BM3, ME1 BM4, SMALL HiBM",2.252750589665966,daily_ff5,Daily FF5,XGBoost Combined
2022-08-26,-0.01034,"SMALL LoBM, ME1 BM2, ME1 BM4, BIG HiBM, ME1 BM3",2.22945714856882,daily_ff5,Daily FF5,XGBoost Combined
2022-08-29,-0.0151,"ME2 BM4, ME3 BM3, ME4 BM2, ME4 BM3, ME1 BM2",2.195792345625431,daily_ff5,Daily FF5,XGBoost Combined
2022-08-30,0.0013599999999999,"ME1 BM2, ME1 BM4, SMALL LoBM, ME1 BM3, ME2 BM1",2.1987786232154813,daily_ff5,Daily FF5,XGBoost Combined
2022-08-31,-0.01088,"ME1 BM2, ME1 BM4, SMALL LoBM, ME1 BM3, ME2 BM1",2.174855911794897,daily_ff5,Daily FF5,XGBoost Combined
2022-09-01,-0.0097,"ME1 BM4, SMALL LoBM, ME1 BM2, ME1 BM3, ME2 BM1",2.153759809450486,daily_ff5,Daily FF5,XGBoost Combined
2022-09-02,-0.00884,"SMALL LoBM, ME1 BM2, ME1 BM3, ME2 BM1, ME2 BM2",2.134720572734944,daily_ff5,Daily FF5,XGBoost Combined
2022-09-06,0.0345799999999999,"SMALL LoBM, ME1 BM2, ME1 BM3, ME2 BM1, ME2 BM2",2.2085392101401187,daily_ff5,Daily FF5,XGBoost Combined
2022-09-07,0.0125599999999999,"ME1 BM4, SMALL LoBM, ME1 BM2, ME1 BM3, ME2 BM1",2.2362784626194783,daily_ff5,Daily FF5,XGBoost Combined
2022-09-08,0.01796,"ME1 BM4, SMALL LoBM, ME1 BM2, ME1 BM3, ME2 BM1",2.276442023808124,daily_ff5,Daily FF5,XGBoost Combined
2022-09-09,0.01244,"ME1 BM4, SMALL LoBM, ME1 BM2, ME1 BM3, ME2 BM1",2.304760962584297,daily_ff5,Daily FF5,XGBoost Combined
2022-09-12,-0.03528,"ME1 BM4, ME2 BM3, SMALL LoBM, ME1 BM2, ME1 BM3",2.2234489958243238,daily_ff5,Daily FF5,XGBoost Combined
2022-09-13,0.00026,"ME1 BM4, ME2 BM3, ME2 BM4, ME3 BM3, ME4 BM2",2.224027092563237,daily_ff5,Daily FF5,XGBoost Combined
2022-09-14,-0.00624,"ME1 BM4, ME2 BM3, ME2 BM4, ME3 BM5, ME4 BM3",2.2101491635056427,daily_ff5,Daily FF5,XGBoost Combined
2022-09-15,-0.03012,"SMALL LoBM, ME1 BM2, ME1 BM3, ME2 BM1, ME2 BM2",2.143579470700853,daily_ff5,Daily FF5,XGBoost Combined
2022-09-16,-0.00298,"SMALL LoBM, ME1 BM2, ME1 BM3, ME2 BM1, ME2 BM2",2.1371916038781644,daily_ff5,Daily FF5,XGBoost Combined
2022-09-19,-0.01582,"SMALL LoBM, ME2 BM1, ME2 BM2, ME3 BM1, ME4 BM1",2.103381232704812,daily_ff5,Daily FF5,XGBoost Combined
2022-09-20,-0.01636,"ME2 BM1, BIG LoBM, ME5 BM3, ME5 BM4, SMALL LoBM",2.068969915737761,daily_ff5,Daily FF5,XGBoost Combined
2022-09-21,-0.02712,"SMALL LoBM, ME1 BM2, ME1 BM3, ME2 BM1, ME2 BM2",2.012859451622953,daily_ff5,Daily FF5,XGBoost Combined
2022-09-22,-0.0246,"SMALL LoBM, ME1 BM2, ME1 BM3, ME2 BM1, ME2 BM2",1.9633431091130285,daily_ff5,Daily FF5,XGBoost Combined
2022-09-23,-0.01296,"SMALL LoBM, ME1 BM2, ME1 BM3, ME2 BM2, ME4 BM3",1.937898182418924,daily_ff5,Daily FF5,XGBoost Combined
2022-09-26,0.01112,"ME4 BM5, SMALL LoBM, ME1 BM2, ME1 BM3, ME2 BM1",1.959447610207422,daily_ff5,Daily FF5,XGBoost Combined
2022-09-27,0.03922,"SMALL LoBM, ME1 BM2, ME1 BM3, ME2 BM1, ME2 BM2",2.0362971454797574,daily_ff5,Daily FF5,XGBoost Combined
2022-09-28,-0.0287599999999999,"SMALL LoBM, ME1 BM2, ME1 BM3, ME2 BM1, ME2 BM2",1.97773323957576,daily_ff5,Daily FF5,XGBoost Combined
2022-09-29,-0.0053199999999999,"SMALL HiBM, ME2 BM5, ME4 BM2, BIG HiBM, SMALL LoBM",1.9672116987412167,daily_ff5,Daily FF5,XGBoost Combined
2022-09-30,0.0238999999999999,"SMALL HiBM, ME2 BM5, ME4 BM2, BIG HiBM, SMALL LoBM",2.014228058341132,daily_ff5,Daily FF5,XGBoost Combined
2022-10-03,0.0379,"SMALL HiBM, ME2 BM4, ME2 BM5, ME3 BM5, ME4 BM2",2.090567301752261,daily_ff5,Daily FF5,XGBoost Combined
2022-10-04,-0.00354,"ME3 BM3, ME3 BM4, ME3 BM5, ME4 BM3, ME4 BM4",2.083166693504058,daily_ff5,Daily FF5,XGBoost Combined
2022-10-05,-0.005,"ME2 BM3, ME2 BM4, ME2 BM5, ME3 BM3, ME3 BM4",2.0727508600365376,daily_ff5,Daily FF5,XGBoost Combined
2022-10-06,-0.0370599999999999,"ME3 BM1, BIG HiBM, SMALL LoBM, ME1 BM2, ME1 BM3",1.995934713163584,daily_ff5,Daily FF5,XGBoost Combined
2022-10-07,-0.01298,"SMALL HiBM, ME3 BM1, BIG HiBM, SMALL LoBM, ME1 BM2",1.9700274805867204,daily_ff5,Daily FF5,XGBoost Combined
2022-10-10,-0.00622,"ME3 BM1, ME4 BM1, BIG LoBM, SMALL LoBM, ME1 BM2",1.957773909657471,daily_ff5,Daily FF5,XGBoost Combined
2022-10-11,-0.00232,"ME3 BM1, BIG LoBM, SMALL LoBM, ME1 BM2, ME1 BM3",1.9532318741870656,daily_ff5,Daily FF5,XGBoost Combined
2022-10-12,0.01698,"ME3 BM1, ME4 BM1, BIG LoBM, SMALL LoBM, ME1 BM2",1.986397751410762,daily_ff5,Daily FF5,XGBoost Combined
2022-10-13,-0.03002,"BIG LoBM, SMALL LoBM, ME1 BM2, ME1 BM3, ME1 BM4",1.9267660909134108,daily_ff5,Daily FF5,XGBoost Combined
2022-10-14,0.0334799999999999,"ME2 BM5, ME3 BM1, ME4 BM1, BIG LoBM, SMALL LoBM",1.991274219637192,daily_ff5,Daily FF5,XGBoost Combined
2022-10-17,0.00958,"SMALL LoBM, ME1 BM2, ME1 BM3, ME1 BM4, ME2 BM1",2.010350626661316,daily_ff5,Daily FF5,XGBoost Combined
2022-10-18,-0.02442,"ME3 BM3, SMALL LoBM, ME1 BM2, ME1 BM3, ME1 BM4",1.9612578643582468,daily_ff5,Daily FF5,XGBoost Combined
2022-10-19,-0.00488,"SMALL LoBM, ME1 BM2, ME1 BM3, ME1 BM4, ME2 BM1",1.9516869259801783,daily_ff5,Daily FF5,XGBoost Combined
2022-10-20,0.02018,"SMALL LoBM, ME1 BM2, ME1 BM3, ME1 BM4, ME2 BM1",1.9910719681464588,daily_ff5,Daily FF5,XGBoost Combined
2022-10-21,-0.00658,"SMALL LoBM, ME1 BM2, ME1 BM3, ME1 BM4, ME2 BM1",1.977970714596055,daily_ff5,Daily FF5,XGBoost Combined
2022-10-24,0.03614,"SMALL LoBM, ME1 BM2, ME1 BM3, ME1 BM4, ME2 BM1",2.0494545762215566,daily_ff5,Daily FF5,XGBoost Combined
2022-10-25,0.00646,"SMALL HiBM, SMALL LoBM, ME1 BM2, ME1 BM3, ME1 BM4",2.0626940527839475,daily_ff5,Daily FF5,XGBoost Combined
2022-10-26,-0.00584,"SMALL LoBM, ME1 BM2, ME1 BM3, ME1 BM4, ME2 BM1",2.050647919515689,daily_ff5,Daily FF5,XGBoost Combined
2022-10-27,0.02872,"SMALL LoBM, ME1 BM2, ME1 BM3, ME1 BM4, ME2 BM1",2.10954252776418,daily_ff5,Daily FF5,XGBoost Combined
2022-10-28,-0.00124,"SMALL LoBM, ME1 BM2, ME1 BM3, ME1 BM4, ME2 BM1",2.1069266950297525,daily_ff5,Daily FF5,XGBoost Combined
2022-10-31,0.00142,"SMALL LoBM, ME1 BM2, ME2 BM1, ME2 BM2, ME2 BM3",2.1099185309366946,daily_ff5,Daily FF5,XGBoost Combined
2022-11-01,-0.03964,"SMALL LoBM, ME1 BM2, ME1 BM3, ME2 BM1, ME2 BM2",2.026281360370364,daily_ff5,Daily FF5,XGBoost Combined
2022-11-02,-0.0049,"SMALL LoBM, ME1 BM2, ME2 BM1, ME2 BM2, ME2 BM3",2.016352581704549,daily_ff5,Daily FF5,XGBoost Combined
2022-11-03,0.0029,"ME3 BM3, SMALL HiBM, SMALL LoBM, ME1 BM2, ME1 BM3",2.022200004191492,daily_ff5,Daily FF5,XGBoost Combined
2022-11-04,-0.00046,"SMALL LoBM, ME1 BM2, ME1 BM3, ME1 BM4, ME2 BM1",2.0212697921895635,daily_ff5,Daily FF5,XGBoost Combined
2022-11-07,-0.00264,"SMALL LoBM, ME1 BM2, ME1 BM3, ME1 BM4, ME2 BM1",2.0159336399381838,daily_ff5,Daily FF5,XGBoost Combined
2022-11-08,-0.04004,"SMALL LoBM, ME1 BM2, ME1 BM3, ME1 BM4, ME2 BM1",1.9352156569950585,daily_ff5,Daily FF5,XGBoost Combined
2022-11-09,0.06654,"ME2 BM4, SMALL LoBM, ME1 BM2, ME1 BM3, ME1 BM4",2.06398490681151,daily_ff5,Daily FF5,XGBoost Combined
2022-11-10,0.01688,"ME2 BM4, SMALL LoBM, ME1 BM2, ME1 BM3, ME1 BM4",2.0988249720384884,daily_ff5,Daily FF5,XGBoost Combined
2022-11-11,-0.0099,"ME2 BM5, ME3 BM3, ME3 BM4, ME3 BM5, ME4 BM2",2.0780466048153072,daily_ff5,Daily FF5,XGBoost Combined
2022-11-14,0.01158,"SMALL LoBM, ME1 BM2, ME1 BM3, SMALL HiBM, ME2 BM2",2.1021103844990683,daily_ff5,Daily FF5,XGBoost Combined
2022-11-15,-0.0266,"SMALL LoBM, ME1 BM2, ME1 BM3, ME2 BM2, ME3 BM1",2.046194248271393,daily_ff5,Daily FF5,XGBoost Combined
2022-11-16,-0.0149,"SMALL LoBM, ME1 BM2, ME1 BM3, ME2 BM2, ME3 BM1",2.0157059539721494,daily_ff5,Daily FF5,XGBoost Combined
2022-11-17,-0.0016,"SMALL LoBM, ME1 BM2, ME1 BM3, ME2 BM2, ME2 BM5",2.012480824445794,daily_ff5,Daily FF5,XGBoost Combined
2022-11-18,-0.00922,"SMALL LoBM, ME1 BM2, ME1 BM3, SMALL HiBM, ME2 BM2",1.993925751244404,daily_ff5,Daily FF5,XGBoost Combined
2022-11-21,0.0074,"SMALL LoBM, ME1 BM2, ME1 BM3, SMALL HiBM, ME2 BM2",2.0086808018036124,daily_ff5,Daily FF5,XGBoost Combined
2022-11-22,0.0043,"SMALL LoBM, ME1 BM2, SMALL HiBM, ME2 BM2, ME2 BM5",2.017318129251368,daily_ff5,Daily FF5,XGBoost Combined
2022-11-23,0.00128,"SMALL LoBM, ME1 BM2, ME1 BM3, SMALL HiBM, ME2 BM2",2.0199002964568096,daily_ff5,Daily FF5,XGBoost Combined
2022-11-25,-0.02188,"SMALL LoBM, ME1 BM2, ME1 BM3, SMALL HiBM, ME2 BM2",1.9757048779703343,daily_ff5,Daily FF5,XGBoost Combined
2022-11-28,0.0001,"SMALL LoBM, ME1 BM2, ME1 BM3, SMALL HiBM, ME2 BM2",1.975902448458132,daily_ff5,Daily FF5,XGBoost Combined
2022-11-29,0.0286599999999999,"SMALL LoBM, ME1 BM2, ME1 BM3, SMALL HiBM, ME2 BM2",2.0325318126309413,daily_ff5,Daily FF5,XGBoost Combined
2022-11-30,0.00338,"SMALL LoBM, ME1 BM2, ME1 BM3, SMALL HiBM, ME2 BM2",2.039401770157634,daily_ff5,Daily FF5,XGBoost Combined
2022-12-01,0.01114,"SMALL LoBM, ME1 BM2, ME1 BM3, SMALL HiBM, ME2 BM1",2.0621207058771898,daily_ff5,Daily FF5,XGBoost Combined
2022-12-02,-0.0255,"SMALL LoBM, ME1 BM2, ME1 BM3, SMALL HiBM, ME2 BM2",2.009536627877321,daily_ff5,Daily FF5,XGBoost Combined
2022-12-05,-0.0197,"SMALL LoBM, ME1 BM2, ME1 BM3, SMALL HiBM, ME2 BM2",1.969948756308138,daily_ff5,Daily FF5,XGBoost Combined
2022-12-06,-0.00652,"SMALL LoBM, ME1 BM2, ME1 BM3, SMALL HiBM, ME2 BM1",1.957104690417009,daily_ff5,Daily FF5,XGBoost Combined
2022-12-07,0.0103,"SMALL LoBM, ME1 BM2, ME1 BM3, SMALL HiBM, ME2 BM2",1.9772628687283045,daily_ff5,Daily FF5,XGBoost Combined
2022-12-08,-0.01532,"SMALL LoBM, ME1 BM2, ME1 BM3, SMALL HiBM, ME2 BM1",1.9469712015793867,daily_ff5,Daily FF5,XGBoost Combined
2022-12-09,0.01206,"SMALL LoBM, ME1 BM2, ME1 BM3, SMALL HiBM, ME2 BM1",1.970451674270434,daily_ff5,Daily FF5,XGBoost Combined
2022-12-12,0.00924,"SMALL LoBM, ME1 BM2, ME1 BM3, SMALL HiBM, ME2 BM1",1.988658647740693,daily_ff5,Daily FF5,XGBoost Combined
2022-12-13,-0.00202,"SMALL LoBM, ME1 BM2, ME1 BM3, ME2 BM2, ME3 BM1",1.9846415572722564,daily_ff5,Daily FF5,XGBoost Combined
2022-12-14,-0.02728,"SMALL LoBM, ME1 BM2, ME1 BM3, ME2 BM2, ME3 BM1",1.9305005355898692,daily_ff5,Daily FF5,XGBoost Combined
2022-12-15,-0.0065,"SMALL LoBM, ME1 BM2, ME2 BM2, ME3 BM1, BIG LoBM",1.9179522821085355,daily_ff5,Daily FF5,XGBoost Combined
2022-12-16,-0.02716,"SMALL LoBM, ME1 BM2, ME2 BM1, ME2 BM2, ME3 BM1",1.865860698126468,daily_ff5,Daily FF5,XGBoost Combined
2022-12-19,0.00668,"SMALL LoBM, ME1 BM2, ME2 BM2, ME3 BM1, ME5 BM3",1.8783246475899524,daily_ff5,Daily FF5,XGBoost Combined
2022-12-20,0.01682,"SMALL LoBM, ME1 BM2, ME2 BM2, ME3 BM1, BIG LoBM",1.9099180681624155,daily_ff5,Daily FF5,XGBoost Combined
2022-12-21,-0.0146,"SMALL LoBM, ME1 BM2, ME2 BM2, ME3 BM1, BIG LoBM",1.8820332643672444,daily_ff5,Daily FF5,XGBoost Combined
2022-12-22,-0.0052,"SMALL LoBM, ME1 BM2, ME1 BM4, ME2 BM1, ME2 BM2",1.8722466913925349,daily_ff5,Daily FF5,XGBoost Combined
2022-12-23,-0.0204999999999999,"SMALL LoBM, ME1 BM2, ME1 BM3, ME2 BM1, ME2 BM2",1.833865634218988,daily_ff5,Daily FF5,XGBoost Combined
2022-12-27,-0.00582,"SMALL LoBM, ME1 BM2, ME1 BM3, ME1 BM4, ME2 BM1",1.8231925362278332,daily_ff5,Daily FF5,XGBoost Combined
2022-12-28,0.03952,"SMALL LoBM, ME1 BM2, ME1 BM4, ME2 BM1, ME2 BM2",1.8952451052595571,daily_ff5,Daily FF5,XGBoost Combined
2022-12-29,0.00804,"SMALL LoBM, ME1 BM2, ME1 BM3, ME2 BM2, ME3 BM1",1.9104828759058443,daily_ff5,Daily FF5,XGBoost Combined
2022-12-30,-0.00594,"SMALL LoBM, ME1 BM2, ME1 BM3, ME2 BM2, ME3 BM1",1.899134607622964,daily_ff5,Daily FF5,XGBoost Combined
2023-01-03,0.01446,"SMALL LoBM, ME1 BM2, ME1 BM3, ME1 BM4, SMALL HiBM",1.9265960940491915,daily_ff5,Daily FF5,XGBoost Combined
2023-01-04,-0.00862,"SMALL LoBM, ME1 BM2, ME1 BM3, ME1 BM4, SMALL HiBM",1.9099888357184875,daily_ff5,Daily FF5,XGBoost Combined
2023-01-05,0.01852,"SMALL LoBM, ME1 BM2, ME1 BM3, ME1 BM4, SMALL HiBM",1.9453618289559944,daily_ff5,Daily FF5,XGBoost Combined
2023-01-06,0.0073,"SMALL LoBM, ME1 BM2, ME1 BM3, ME1 BM4, SMALL HiBM",1.9595629703073727,daily_ff5,Daily FF5,XGBoost Combined
2023-01-09,0.0226,"SMALL LoBM, ME1 BM2, ME1 BM3, ME1 BM4, SMALL HiBM",2.00384909343632,daily_ff5,Daily FF5,XGBoost Combined
2023-01-10,0.0137999999999999,"SMALL LoBM, ME1 BM2, SMALL HiBM, ME2 BM2, ME3 BM1",2.031502210925741,daily_ff5,Daily FF5,XGBoost Combined
2023-01-11,0.02442,"SMALL LoBM, ME1 BM2, ME1 BM3, SMALL HiBM, ME2 BM1",2.081111494916548,daily_ff5,Daily FF5,XGBoost Combined
2023-01-12,0.01128,"SMALL LoBM, ME1 BM2, ME1 BM3, ME1 BM4, ME2 BM1",2.104586432579206,daily_ff5,Daily FF5,XGBoost Combined
2023-01-13,-0.0006999999999999,"SMALL LoBM, ME1 BM2, ME1 BM3, ME1 BM4, ME2 BM1",2.1031132220764004,daily_ff5,Daily FF5,XGBoost Combined
2023-01-17,-0.02078,"SMALL LoBM, ME1 BM2, ME1 BM3, ME1 BM4, SMALL HiBM",2.059410529321653,daily_ff5,Daily FF5,XGBoost Combined
2023-01-18,-0.01128,"SMALL LoBM, ME1 BM2, ME1 BM3, SMALL HiBM, ME2 BM1",2.0361803785509047,daily_ff5,Daily FF5,XGBoost Combined
2023-01-19,0.02128,"SMALL LoBM, ME1 BM2, ME1 BM3, SMALL HiBM, ME2 BM1",2.079510297006468,daily_ff5,Daily FF5,XGBoost Combined
2023-01-20,0.01852,"SMALL LoBM, ME1 BM2, ME2 BM1, ME3 BM1, ME3 BM2",2.118022827707028,daily_ff5,Daily FF5,XGBoost Combined
2023-01-23,-0.0025,"SMALL LoBM, ME1 BM2, ME2 BM1, ME3 BM1, ME3 BM2",2.1127277706377603,daily_ff5,Daily FF5,XGBoost Combined
2023-01-24,-0.0012799999999999,"SMALL LoBM, ME1 BM2, ME2 BM1, ME3 BM1, ME3 BM2",2.110023479091344,daily_ff5,Daily FF5,XGBoost Combined
2023-01-25,0.003,"SMALL LoBM, ME1 BM2, ME2 BM1, ME3 BM1, SMALL HiBM",2.116353549528618,daily_ff5,Daily FF5,XGBoost Combined
2023-01-26,0.01006,"SMALL LoBM, ME1 BM2, ME2 BM1, ME3 BM1, SMALL HiBM",2.137644066236876,daily_ff5,Daily FF5,XGBoost Combined
2023-01-27,-0.01854,"SMALL LoBM, ME1 BM2, ME2 BM1, ME3 BM1, ME1 BM4",2.0980121452488443,daily_ff5,Daily FF5,XGBoost Combined
2023-01-30,0.02506,"SMALL LoBM, ME1 BM2, ME2 BM1, ME3 BM1, SMALL HiBM",2.1505883296087807,daily_ff5,Daily FF5,XGBoost Combined
2023-01-31,0.01552,"SMALL LoBM, ME1 BM2, ME2 BM1, ME1 BM4, SMALL HiBM",2.183965460484309,daily_ff5,Daily FF5,XGBoost Combined
2023-02-01,0.03096,"SMALL LoBM, ME1 BM2, ME2 BM1, ME3 BM1, ME1 BM3",2.2515810311409035,daily_ff5,Daily FF5,XGBoost Combined
2023-02-02,-0.0091,"SMALL LoBM, ME1 BM2, ME2 BM1, ME3 BM1, SMALL HiBM",2.231091643757521,daily_ff5,Daily FF5,XGBoost Combined
2023-02-03,-0.01394,"ME2 BM2, SMALL LoBM, ME1 BM2, ME2 BM1, ME3 BM1",2.1999902262435413,daily_ff5,Daily FF5,XGBoost Combined
2023-02-06,0.00746,"SMALL LoBM, ME1 BM2, ME2 BM1, ME3 BM1, SMALL HiBM",2.2164021533313183,daily_ff5,Daily FF5,XGBoost Combined
2023-02-07,-0.02348,"SMALL LoBM, ME1 BM2, ME1 BM3, ME2 BM1, ME2 BM2",2.164361030771099,daily_ff5,Daily FF5,XGBoost Combined
2023-02-08,-0.01456,"SMALL HiBM, ME2 BM4, ME2 BM5, ME3 BM4, ME3 BM5",2.132847934163072,daily_ff5,Daily FF5,XGBoost Combined
2023-02-09,0.00558,"SMALL HiBM, ME2 BM4, ME2 BM5, ME3 BM4, ME3 BM5",2.1447492256357017,daily_ff5,Daily FF5,XGBoost Combined
2023-02-10,0.0083,"SMALL HiBM, ME2 BM4, ME2 BM5, ME3 BM4, ME3 BM5",2.162550644208478,daily_ff5,Daily FF5,XGBoost Combined
2023-02-13,-0.0021999999999999,"SMALL HiBM, ME2 BM4, ME2 BM5, ME3 BM4, ME3 BM5",2.15779303279122,daily_ff5,Daily FF5,XGBoost Combined
2023-02-14,0.00616,"SMALL HiBM, ME2 BM4, ME2 BM5, ME3 BM4, ME3 BM5",2.171085037873213,daily_ff5,Daily FF5,XGBoost Combined
2023-02-15,-0.00562,"SMALL HiBM, ME2 BM4, ME2 BM5, ME3 BM4, ME3 BM5",2.1588835399603656,daily_ff5,Daily FF5,XGBoost Combined
2023-02-16,0.001,"SMALL HiBM, ME2 BM4, ME2 BM5, ME3 BM4, ME3 BM5",2.1610424235003256,daily_ff5,Daily FF5,XGBoost Combined
2023-02-17,-0.02464,"SMALL HiBM, ME2 BM4, ME2 BM5, ME3 BM4, ME3 BM5",2.1077943381852777,daily_ff5,Daily FF5,XGBoost Combined
2023-02-21,0.00118,"SMALL HiBM, ME2 BM4, ME2 BM5, ME3 BM4, ME3 BM5",2.110281535504336,daily_ff5,Daily FF5,XGBoost Combined
2023-02-22,0.0058,"ME3 BM1, ME3 BM2, SMALL HiBM, ME2 BM4, ME2 BM5",2.122521168410261,daily_ff5,Daily FF5,XGBoost Combined
2023-02-23,-0.00474,"SMALL HiBM, ME2 BM4, ME2 BM5, ME3 BM4, ME3 BM5",2.1124604180719966,daily_ff5,Daily FF5,XGBoost Combined
2023-02-24,0.0021,"SMALL HiBM, ME2 BM4, ME2 BM5, ME3 BM4, ME3 BM5",2.116896584949948,daily_ff5,Daily FF5,XGBoost Combined
2023-02-27,-0.00172,"SMALL HiBM, ME2 BM4, ME2 BM5, ME3 BM4, ME3 BM5",2.1132555228238337,daily_ff5,Daily FF5,XGBoost Combined
2023-02-28,0.0016799999999999,"SMALL HiBM, ME2 BM4, ME2 BM5, ME3 BM4, ME3 BM5",2.116805792102177,daily_ff5,Daily FF5,XGBoost Combined
2023-03-01,0.00122,"SMALL HiBM, ME2 BM4, ME2 BM5, ME3 BM4, ME3 BM5",2.1193882951685423,daily_ff5,Daily FF5,XGBoost Combined
2023-03-02,0.0113,"SMALL HiBM, ME2 BM4, ME2 BM5, ME3 BM4, ME3 BM5",2.143337382903947,daily_ff5,Daily FF5,XGBoost Combined
2023-03-03,-0.0156399999999999,"SMALL HiBM, ME2 BM4, ME2 BM5, ME3 BM4, ME3 BM5",2.1098155862353294,daily_ff5,Daily FF5,XGBoost Combined
2023-03-06,-0.01266,"SMALL HiBM, ME2 BM4, ME2 BM5, ME3 BM4, ME3 BM5",2.08310532091359,daily_ff5,Daily FF5,XGBoost Combined
2023-03-07,-0.0006599999999999,"SMALL HiBM, ME2 BM4, ME2 BM5, ME3 BM3, ME3 BM4",2.0817304714017872,daily_ff5,Daily FF5,XGBoost Combined
2023-03-08,-0.0281999999999999,"ME1 BM4, SMALL HiBM, ME2 BM4, ME2 BM5, ME3 BM3",2.0230256721082567,daily_ff5,Daily FF5,XGBoost Combined
2023-03-09,-0.02538,"SMALL HiBM, ME2 BM4, ME2 BM5, ME3 BM3, ME3 BM4",1.971681280550149,daily_ff5,Daily FF5,XGBoost Combined
2023-03-10,-0.0247399999999999,"ME1 BM2, SMALL HiBM, ME2 BM4, ME2 BM5, ME3 BM3",1.9229018856693385,daily_ff5,Daily FF5,XGBoost Combined
2023-03-13,0.0166,"SMALL HiBM, ME2 BM4, ME2 BM5, ME3 BM3, ME3 BM4",1.9548220569714492,daily_ff5,Daily FF5,XGBoost Combined
2023-03-14,-0.01824,"SMALL HiBM, ME2 BM4, ME2 BM5, ME3 BM3, ME3 BM4",1.9191661026522904,daily_ff5,Daily FF5,XGBoost Combined
2023-03-15,0.0139,"ME1 BM3, ME2 BM4, ME4 BM3, ME5 BM2, ME5 BM3",1.945842511479157,daily_ff5,Daily FF5,XGBoost Combined
2023-03-16,-0.02608,"ME1 BM3, ME2 BM5, ME3 BM3, ME3 BM4, ME3 BM5",1.8950949387797809,daily_ff5,Daily FF5,XGBoost Combined
2023-03-17,0.0046,"ME1 BM2, ME1 BM3, ME4 BM3, ME5 BM3, ME5 BM4",1.9038123754981675,daily_ff5,Daily FF5,XGBoost Combined
2023-03-20,0.0252599999999999,"ME4 BM5, ME1 BM2, ME1 BM3, ME2 BM4, ME2 BM5",1.9519026761032516,daily_ff5,Daily FF5,XGBoost Combined
2023-03-21,-0.02294,"ME1 BM3, ME3 BM3, ME4 BM3, ME4 BM4, ME5 BM2",1.9071260287134428,daily_ff5,Daily FF5,XGBoost Combined
2023-03-22,-0.0110199999999999,"ME3 BM5, ME4 BM5, ME3 BM3, ME4 BM3, ME4 BM4",1.8861094998770207,daily_ff5,Daily FF5,XGBoost Combined
2023-03-23,0.01184,"ME2 BM5, ME3 BM5, ME4 BM5, ME1 BM3, ME3 BM3",1.9084410363555648,daily_ff5,Daily FF5,XGBoost Combined
2023-03-24,0.01082,"ME1 BM3, ME3 BM3, ME4 BM3, ME4 BM4, ME5 BM2",1.929090368368932,daily_ff5,Daily FF5,XGBoost Combined
2023-03-27,0.0018599999999999,"ME3 BM3, ME4 BM3, ME4 BM4, ME5 BM2, ME5 BM3",1.9326784764540983,daily_ff5,Daily FF5,XGBoost Combined
2023-03-28,0.01,"ME3 BM3, ME3 BM4, ME4 BM3, ME4 BM4, ME5 BM2",1.9520052612186396,daily_ff5,Daily FF5,XGBoost Combined
2023-03-29,0.0033,"ME3 BM3, ME3 BM4, ME4 BM3, ME4 BM4, ME5 BM2",1.958446878580661,daily_ff5,Daily FF5,XGBoost Combined
2023-03-30,0.01572,"ME3 BM3, ME3 BM4, ME4 BM3, ME4 BM4, ME5 BM2",1.989233663511949,daily_ff5,Daily FF5,XGBoost Combined
2023-03-31,0.00718,"ME3 BM4, ME4 BM3, ME5 BM2, ME5 BM3, ME5 BM4",2.0035163612159645,daily_ff5,Daily FF5,XGBoost Combined
2023-04-03,-0.0144799999999999,"ME3 BM3, ME3 BM4, ME4 BM3, ME4 BM4, ME5 BM2",1.9745054443055567,daily_ff5,Daily FF5,XGBoost Combined
2023-04-04,-0.0007199999999999,"ME3 BM3, ME3 BM4, ME4 BM3, ME5 BM2, ME5 BM3",1.973083800385657,daily_ff5,Daily FF5,XGBoost Combined
2023-04-05,0.00064,"ME1 BM3, ME3 BM3, ME3 BM4, ME4 BM3, ME4 BM4",1.974346574017904,daily_ff5,Daily FF5,XGBoost Combined
2023-04-06,0.01048,"ME3 BM3, ME3 BM4, ME4 BM3, ME4 BM4, ME5 BM2",1.995037726113612,daily_ff5,Daily FF5,XGBoost Combined
2023-04-10,0.00802,"ME3 BM3, ME3 BM4, ME4 BM3, ME4 BM4, ME5 BM3",2.011037928677043,daily_ff5,Daily FF5,XGBoost Combined
2023-04-11,-0.0073399999999999,"ME1 BM3, ME3 BM3, ME3 BM4, ME4 BM3, ME4 BM4",1.996276910280553,daily_ff5,Daily FF5,XGBoost Combined
2023-04-12,0.01028,"ME1 BM3, ME3 BM3, ME3 BM4, ME4 BM3, ME4 BM4",2.0167986369182374,daily_ff5,Daily FF5,XGBoost Combined
2023-04-13,-0.00698,"ME1 BM3, ME3 BM3, ME3 BM4, ME4 BM3, ME4 BM4",2.002721382432548,daily_ff5,Daily FF5,XGBoost Combined
2023-04-14,0.00564,"ME3 BM3, ME3 BM4, ME4 BM3, ME4 BM4, ME5 BM4",2.014016731029468,daily_ff5,Daily FF5,XGBoost Combined
2023-04-17,-0.00052,"ME1 BM3, ME3 BM3, ME4 BM3, ME4 BM4, ME5 BM4",2.0129694423293327,daily_ff5,Daily FF5,XGBoost Combined
2023-04-18,0.00228,"ME1 BM3, ME2 BM2, ME3 BM3, ME4 BM3, ME4 BM4",2.0175590126578435,daily_ff5,Daily FF5,XGBoost Combined
2023-04-19,-0.0063599999999999,"ME1 BM3, ME3 BM3, ME4 BM3, ME4 BM4, SMALL LoBM",2.00472733733734,daily_ff5,Daily FF5,XGBoost Combined
2023-04-20,0.00414,"ME1 BM3, ME3 BM3, SMALL LoBM, ME1 BM2, ME1 BM4",2.0130269085139165,daily_ff5,Daily FF5,XGBoost Combined
2023-04-21,-0.0046799999999999,"ME1 BM3, ME3 BM3, SMALL LoBM, ME1 BM2, ME1 BM4",2.003605942582072,daily_ff5,Daily FF5,XGBoost Combined
2023-04-24,-0.02582,"ME1 BM3, ME3 BM3, SMALL LoBM, ME1 BM2, ME1 BM4",1.9518728371446024,daily_ff5,Daily FF5,XGBoost Combined
2023-04-25,-0.00768,"ME1 BM3, SMALL HiBM, ME3 BM4, BIG HiBM, SMALL LoBM",1.936882453755332,daily_ff5,Daily FF5,XGBoost Combined
2023-04-26,0.0128199999999999,"ME1 BM3, ME2 BM2, ME3 BM3, ME4 BM1, SMALL LoBM",1.9617132868124751,daily_ff5,Daily FF5,XGBoost Combined
2023-04-27,0.01292,"ME1 BM3, ME2 BM2, BIG LoBM, ME5 BM2, SMALL LoBM",1.9870586224780924,daily_ff5,Daily FF5,XGBoost Combined
2023-04-28,0.01116,"ME1 BM3, BIG LoBM, ME5 BM2, SMALL LoBM, ME1 BM2",2.009234196704948,daily_ff5,Daily FF5,XGBoost Combined
2023-05-01,-0.01378,"ME1 BM3, ME2 BM2, BIG LoBM, ME5 BM2, SMALL LoBM",1.9815469494743536,daily_ff5,Daily FF5,XGBoost Combined
2023-05-02,0.0104,"ME1 BM3, ME2 BM2, BIG LoBM, ME5 BM2, SMALL LoBM",2.0021550377488877,daily_ff5,Daily FF5,XGBoost Combined
2023-05-03,-0.01144,"ME2 BM5, ME1 BM3, ME2 BM2, BIG LoBM, ME5 BM2",1.97925038411704,daily_ff5,Daily FF5,XGBoost Combined
2023-05-04,0.02184,"ME1 BM2, ME1 BM3, ME2 BM2, ME3 BM1, BIG LoBM",2.022477212506156,daily_ff5,Daily FF5,XGBoost Combined
2023-05-05,-0.00136,"ME4 BM5, ME1 BM3, ME2 BM2, BIG LoBM, SMALL LoBM",2.0197266434971475,daily_ff5,Daily FF5,XGBoost Combined
2023-05-08,-0.00074,"ME2 BM5, ME3 BM5, ME4 BM5, ME1 BM3, ME2 BM2",2.01823204578096,daily_ff5,Daily FF5,XGBoost Combined
2023-05-09,0.00874,"ME1 BM3, ME2 BM2, BIG LoBM, SMALL LoBM, ME1 BM2",2.0358713938610853,daily_ff5,Daily FF5,XGBoost Combined
2023-05-10,-0.00538,"ME1 BM3, ME2 BM2, ME3 BM1, ME4 BM1, BIG LoBM",2.0249184057621124,daily_ff5,Daily FF5,XGBoost Combined
2023-05-11,-0.00506,"ME1 BM3, ME2 BM2, ME3 BM1, ME4 BM1, BIG LoBM",2.014672318628956,daily_ff5,Daily FF5,XGBoost Combined
2023-05-12,0.01222,"ME1 BM3, ME2 BM2, ME3 BM1, ME4 BM1, BIG LoBM",2.0392916143626016,daily_ff5,Daily FF5,XGBoost Combined
2023-05-15,-0.01484,"ME1 BM2, ME1 BM3, ME2 BM2, ME3 BM1, ME4 BM1",2.009028526805461,daily_ff5,Daily FF5,XGBoost Combined
2023-05-16,0.01776,"ME1 BM3, ME2 BM2, ME3 BM1, ME4 BM1, BIG LoBM",2.0447088734415257,daily_ff5,Daily FF5,XGBoost Combined
2023-05-17,0.00588,"ME1 BM2, ME1 BM3, ME2 BM1, ME2 BM2, ME3 BM1",2.056731761617362,daily_ff5,Daily FF5,XGBoost Combined
2023-05-18,-0.0008599999999999,"ME1 BM3, ME2 BM2, BIG LoBM, BIG HiBM, SMALL LoBM",2.0549629723023712,daily_ff5,Daily FF5,XGBoost Combined
2023-05-19,0.01404,"ME1 BM2, ME1 BM3, ME2 BM2, ME3 BM1, ME4 BM1",2.083814652433497,daily_ff5,Daily FF5,XGBoost Combined
2023-05-22,-0.00566,"ME1 BM3, ME2 BM2, ME2 BM4, ME3 BM1, ME3 BM3",2.072020261500723,daily_ff5,Daily FF5,XGBoost Combined
2023-05-23,-0.01132,"ME1 BM2, ME1 BM3, ME2 BM2, ME2 BM4, ME3 BM1",2.048564992140535,daily_ff5,Daily FF5,XGBoost Combined
2023-05-24,-0.00418,"ME1 BM3, ME2 BM2, ME3 BM1, ME4 BM1, BIG LoBM",2.0400019904733875,daily_ff5,Daily FF5,XGBoost Combined
2023-05-25,0.0121399999999999,"ME1 BM3, ME2 BM2, ME3 BM1, ME4 BM1, BIG LoBM",2.0647676146377343,daily_ff5,Daily FF5,XGBoost Combined
2023-05-26,-0.00358,"ME1 BM3, ME2 BM2, BIG LoBM, SMALL LoBM, SMALL HiBM",2.057375746577331,daily_ff5,Daily FF5,XGBoost Combined
2023-05-30,-0.00652,"ME2 BM2, BIG LoBM, SMALL LoBM, SMALL HiBM, ME2 BM5",2.043961656709647,daily_ff5,Daily FF5,XGBoost Combined
2023-05-31,0.00984,"BIG LoBM, SMALL LoBM, ME3 BM4, ME1 BM2, ME1 BM3",2.0640742394116702,daily_ff5,Daily FF5,XGBoost Combined
2023-06-01,0.02588,"BIG LoBM, SMALL LoBM, ME1 BM2, ME1 BM3, ME1 BM4",2.117492480727644,daily_ff5,Daily FF5,XGBoost Combined
2023-06-02,-0.0050799999999999,"BIG LoBM, SMALL LoBM, ME1 BM2, ME1 BM3, ME1 BM4",2.1067356189255477,daily_ff5,Daily FF5,XGBoost Combined
2023-06-05,0.02716,"ME1 BM2, ME1 BM3, ME1 BM4, ME2 BM3, ME3 BM2",2.1639545583355653,daily_ff5,Daily FF5,XGBoost Combined
2023-06-06,0.01508,"BIG LoBM, SMALL LoBM, SMALL HiBM, ME2 BM4, ME2 BM5",2.196586993075265,daily_ff5,Daily FF5,XGBoost Combined
2023-06-07,0.00284,"BIG LoBM, ME5 BM3, SMALL LoBM, ME1 BM2, ME1 BM3",2.2028253001355997,daily_ff5,Daily FF5,XGBoost Combined
2023-06-08,-0.0062,"ME2 BM4, ME3 BM5, BIG LoBM, SMALL LoBM, ME1 BM3",2.1891677832747587,daily_ff5,Daily FF5,XGBoost Combined
2023-06-09,0.00648,"BIG LoBM, SMALL LoBM, ME1 BM3, ME1 BM4, SMALL HiBM",2.203353590510379,daily_ff5,Daily FF5,XGBoost Combined
2023-06-12,0.0128,"BIG LoBM, SMALL LoBM, ME1 BM3, ME1 BM4, SMALL HiBM",2.231556516468912,daily_ff5,Daily FF5,XGBoost Combined
2023-06-13,-0.01076,"BIG LoBM, SMALL LoBM, ME1 BM3, ME1 BM4, SMALL HiBM",2.2075449683517063,daily_ff5,Daily FF5,XGBoost Combined
2023-06-14,0.00814,"BIG LoBM, SMALL LoBM, ME1 BM3, ME1 BM4, SMALL HiBM",2.225514384394089,daily_ff5,Daily FF5,XGBoost Combined
2023-06-15,-0.0102399999999999,"BIG LoBM, SMALL LoBM, ME1 BM2, ME1 BM3, ME1 BM4",2.202725117097894,daily_ff5,Daily FF5,XGBoost Combined
2023-06-16,8.000000000000003e-05,"BIG LoBM, SMALL LoBM, ME1 BM2, ME1 BM3, ME1 BM4",2.202901335107262,daily_ff5,Daily FF5,XGBoost Combined
2023-06-20,-0.00326,"BIG LoBM, ME4 BM3, ME5 BM3, BIG HiBM, SMALL LoBM",2.1957198767548123,daily_ff5,Daily FF5,XGBoost Combined
2023-06-21,-0.00334,"BIG LoBM, SMALL LoBM, ME1 BM2, ME1 BM3, ME1 BM4",2.1883861723664517,daily_ff5,Daily FF5,XGBoost Combined
2023-06-22,-0.0113,"ME2 BM4, BIG LoBM, SMALL LoBM, ME1 BM2, ME1 BM3",2.1636574086187106,daily_ff5,Daily FF5,XGBoost Combined
2023-06-23,-0.01508,"BIG LoBM, SMALL LoBM, ME1 BM2, ME1 BM3, ME1 BM4",2.131029454896741,daily_ff5,Daily FF5,XGBoost Combined
2023-06-26,0.01026,"BIG LoBM, ME1 BM2, ME1 BM3, ME1 BM4, ME2 BM1",2.152893817103981,daily_ff5,Daily FF5,XGBoost Combined
2023-06-27,0.0016599999999999,"ME2 BM4, BIG LoBM, ME4 BM1, ME4 BM3, ME5 BM3",2.156467620840373,daily_ff5,Daily FF5,XGBoost Combined
2023-06-28,0.00658,"ME2 BM4, ME3 BM5, BIG LoBM, ME1 BM2, ME1 BM3",2.170657177785503,daily_ff5,Daily FF5,XGBoost Combined
2023-06-29,0.0067199999999999,"ME2 BM4, ME3 BM5, BIG LoBM, ME1 BM2, ME1 BM4",2.185243994020222,daily_ff5,Daily FF5,XGBoost Combined
2023-06-30,0.00342,"ME2 BM4, ME3 BM5, BIG LoBM, ME4 BM1, ME4 BM2",2.192717528479771,daily_ff5,Daily FF5,XGBoost Combined
2023-07-03,-0.0121,"ME2 BM4, ME3 BM5, BIG LoBM, ME1 BM2, ME1 BM3",2.166185646385166,daily_ff5,Daily FF5,XGBoost Combined
2023-07-05,-0.01394,"ME2 BM4, ME3 BM5, BIG LoBM, ME4 BM2, ME4 BM3",2.135989018474557,daily_ff5,Daily FF5,XGBoost Combined
2023-07-06,0.01082,"ME2 BM4, ME3 BM5, BIG LoBM, ME1 BM2, ME1 BM4",2.159100419654452,daily_ff5,Daily FF5,XGBoost Combined
2023-07-07,0.01334,"ME2 BM4, ME3 BM5, BIG LoBM, ME1 BM2, ME1 BM3",2.187902819252642,daily_ff5,Daily FF5,XGBoost Combined
2023-07-10,0.00896,"ME2 BM4, ME3 BM5, BIG LoBM, ME1 BM2, ME1 BM3",2.207506428513146,daily_ff5,Daily FF5,XGBoost Combined
2023-07-11,0.00854,"ME4 BM2, ME4 BM3, ME5 BM3, ME1 BM2, ME1 BM3",2.226358533412648,daily_ff5,Daily FF5,XGBoost Combined
2023-07-12,0.0063799999999999,"SMALL LoBM, ME1 BM2, ME1 BM3, ME1 BM4, SMALL HiBM",2.240562700855821,daily_ff5,Daily FF5,XGBoost Combined
2023-07-13,-0.01392,"ME1 BM2, ME1 BM3, ME1 BM4, SMALL HiBM, ME2 BM1",2.209374068059908,daily_ff5,Daily FF5,XGBoost Combined
2023-07-14,0.01384,"ME1 BM2, ME1 BM3, ME1 BM4, SMALL HiBM, ME2 BM2",2.239951805161857,daily_ff5,Daily FF5,XGBoost Combined
2023-07-17,0.01266,"ME1 BM2, ME1 BM3, ME1 BM4, ME2 BM2, ME2 BM3",2.268309595015206,daily_ff5,Daily FF5,XGBoost Combined
2023-07-18,0.00894,"ME1 BM3, ME1 BM4, SMALL HiBM, ME2 BM3, ME2 BM5",2.2885882827946418,daily_ff5,Daily FF5,XGBoost Combined
2023-07-19,-0.00226,"ME4 BM2, ME4 BM3, ME5 BM2, ME5 BM3, ME5 BM4",2.283416073275526,daily_ff5,Daily FF5,XGBoost Combined
2023-07-20,-0.00614,"ME1 BM4, ME2 BM3, ME2 BM5, ME4 BM5, SMALL HiBM",2.269395898585614,daily_ff5,Daily FF5,XGBoost Combined
2023-07-21,0.0055,"ME1 BM4, SMALL HiBM, ME2 BM3, ME2 BM5, ME3 BM4",2.281877576027836,daily_ff5,Daily FF5,XGBoost Combined
2023-07-24,-0.00536,"ME1 BM3, ME1 BM4, SMALL HiBM, ME2 BM2, ME2 BM3",2.269646712220326,daily_ff5,Daily FF5,XGBoost Combined
2023-07-25,0.01174,"ME1 BM4, SMALL HiBM, ME2 BM3, ME3 BM1, ME2 BM4",2.296292364621793,daily_ff5,Daily FF5,XGBoost Combined
2023-07-26,-0.01594,"ME1 BM4, ME2 BM3, ME2 BM5, SMALL HiBM, ME2 BM1",2.2596894643297216,daily_ff5,Daily FF5,XGBoost Combined
2023-07-27,0.0116,"ME4 BM3, ME4 BM5, ME5 BM2, ME5 BM3, ME1 BM4",2.2859018621159466,daily_ff5,Daily FF5,XGBoost Combined
2023-07-28,0.0083,"ME4 BM3, ME5 BM3, ME5 BM4, ME1 BM4, SMALL HiBM",2.304874847571509,daily_ff5,Daily FF5,XGBoost Combined
2023-07-31,-0.00286,"ME2 BM4, ME3 BM2, ME3 BM3, ME3 BM5, BIG LoBM",2.2982829055074543,daily_ff5,Daily FF5,XGBoost Combined
2023-08-01,-0.0137399999999999,"ME2 BM4, ME3 BM2, ME3 BM3, ME3 BM5, ME4 BM2",2.266704498385782,daily_ff5,Daily FF5,XGBoost Combined
2023-08-02,-0.0028199999999999,"ME2 BM4, ME3 BM2, ME3 BM3, ME3 BM5, BIG LoBM",2.260312391700334,daily_ff5,Daily FF5,XGBoost Combined
2023-08-03,-0.0007199999999999,"ME2 BM4, ME3 BM2, ME3 BM5, ME4 BM1, ME4 BM2",2.258684966778309,daily_ff5,Daily FF5,XGBoost Combined
2023-08-04,0.00438,"ME2 BM4, ME3 BM2, ME3 BM5, ME4 BM1, BIG LoBM",2.2685780069327985,daily_ff5,Daily FF5,XGBoost Combined
2023-08-07,-0.00558,"ME2 BM4, ME3 BM2, ME3 BM5, ME4 BM2, BIG LoBM",2.255919341654113,daily_ff5,Daily FF5,XGBoost Combined
2023-08-08,-0.0088399999999999,"ME2 BM4, ME3 BM2, ME3 BM5, ME4 BM2, BIG LoBM",2.235977014673891,daily_ff5,Daily FF5,XGBoost Combined
2023-08-09,-0.0044199999999999,"ME2 BM4, ME3 BM2, ME3 BM5, BIG LoBM, ME1 BM3",2.2260939962690327,daily_ff5,Daily FF5,XGBoost Combined
2023-08-10,0.00066,"ME2 BM4, ME3 BM2, ME3 BM3, ME3 BM5, BIG LoBM",2.2275632183065706,daily_ff5,Daily FF5,XGBoost Combined
2023-08-11,-0.0052,"ME2 BM4, ME3 BM2, ME3 BM5, ME1 BM3, ME1 BM4",2.2159798895713765,daily_ff5,Daily FF5,XGBoost Combined
2023-08-14,-0.0148,"ME2 BM1, ME2 BM4, ME3 BM2, ME3 BM5, ME1 BM3",2.18318338720572,daily_ff5,Daily FF5,XGBoost Combined
2023-08-15,-0.01612,"ME2 BM4, ME3 BM2, SMALL LoBM, ME1 BM2, ME1 BM3",2.147990471003964,daily_ff5,Daily FF5,XGBoost Combined
2023-08-16,-0.0063799999999999,"ME2 BM4, ME3 BM2, ME1 BM3, ME1 BM4, SMALL HiBM",2.1342862917989587,daily_ff5,Daily FF5,XGBoost Combined
2023-08-17,0.00488,"ME2 BM4, ME3 BM2, ME3 BM3, ME1 BM3, ME1 BM4",2.1447016089029374,daily_ff5,Daily FF5,XGBoost Combined
2023-08-18,-0.0027,"ME2 BM1, ME2 BM4, ME3 BM2, ME3 BM3, ME3 BM4",2.1389109145589,daily_ff5,Daily FF5,XGBoost Combined
2023-08-21,-0.00572,"ME2 BM2, ME2 BM4, ME3 BM2, ME3 BM3, ME3 BM4",2.126676344127622,daily_ff5,Daily FF5,XGBoost Combined
2023-08-22,0.00824,"ME1 BM3, ME2 BM5, SMALL LoBM, ME1 BM2, ME2 BM1",2.144200157203234,daily_ff5,Daily FF5,XGBoost Combined
2023-08-23,-0.01558,"ME2 BM5, SMALL LoBM, ME1 BM2, ME2 BM1, ME2 BM2",2.1107935187540074,daily_ff5,Daily FF5,XGBoost Combined
2023-08-24,0.00466,"SMALL LoBM, ME1 BM2, ME2 BM1, ME2 BM2, ME2 BM3",2.1206298165514013,daily_ff5,Daily FF5,XGBoost Combined
2023-08-25,0.0070599999999999,"ME2 BM3, ME4 BM3, ME4 BM4, ME4 BM5, ME5 BM4",2.135601463056254,daily_ff5,Daily FF5,XGBoost Combined
2023-08-28,0.01456,"ME1 BM3, SMALL HiBM, SMALL LoBM, ME1 BM2, ME2 BM1",2.166695820358353,daily_ff5,Daily FF5,XGBoost Combined
2023-08-29,0.0023,"SMALL HiBM, SMALL LoBM, ME1 BM2, ME2 BM1, ME2 BM2",2.1716792207451774,daily_ff5,Daily FF5,XGBoost Combined
2023-08-30,-0.00584,"SMALL HiBM, SMALL LoBM, ME1 BM2, ME2 BM1, ME2 BM2",2.1589966140960257,daily_ff5,Daily FF5,XGBoost Combined
2023-08-31,0.01272,"SMALL LoBM, ME1 BM3, SMALL HiBM, ME2 BM5, ME1 BM2",2.1864590510273274,daily_ff5,Daily FF5,XGBoost Combined
2023-09-01,-0.02064,"SMALL LoBM, ME1 BM2, ME2 BM1, ME2 BM3, ME2 BM4",2.1413305362141237,daily_ff5,Daily FF5,XGBoost Combined
2023-09-05,-0.0045999999999999,"SMALL LoBM, ME1 BM2, ME2 BM1, ME2 BM2, ME2 BM3",2.131480415747538,daily_ff5,Daily FF5,XGBoost Combined
2023-09-06,-0.00916,"SMALL LoBM, ME1 BM4, SMALL HiBM, ME2 BM5, ME1 BM2",2.11195605513929,daily_ff5,Daily FF5,XGBoost Combined
2023-09-07,-0.00248,"SMALL HiBM, SMALL LoBM, ME1 BM2, ME2 BM1, ME2 BM2",2.106718404122545,daily_ff5,Daily FF5,XGBoost Combined
2023-09-08,0.0025,"ME1 BM2, ME2 BM1, ME2 BM2, ME2 BM3, ME2 BM4",2.1119852001328514,daily_ff5,Daily FF5,XGBoost Combined
2023-09-11,-0.0002199999999999,"ME5 BM2, ME2 BM1, ME2 BM2, ME2 BM3, ME2 BM4",2.1115205633888223,daily_ff5,Daily FF5,XGBoost Combined
2023-09-12,-0.0082,"ME2 BM1, ME2 BM2, ME2 BM3, ME2 BM4, ME2 BM5",2.094206094769034,daily_ff5,Daily FF5,XGBoost Combined
2023-09-13,0.01386,"ME2 BM1, ME2 BM2, ME2 BM3, ME2 BM4, ME2 BM5",2.123231791242533,daily_ff5,Daily FF5,XGBoost Combined
2023-09-14,-0.0085,"ME2 BM1, ME2 BM2, ME2 BM3, ME2 BM4, ME2 BM5",2.105184321016972,daily_ff5,Daily FF5,XGBoost Combined
2023-09-15,-0.0126,"SMALL LoBM, ME1 BM3, SMALL HiBM, ME2 BM1, ME2 BM2",2.0786589985721577,daily_ff5,Daily FF5,XGBoost Combined
2023-09-18,-0.0032,"SMALL LoBM, ME1 BM3, ME1 BM4, SMALL HiBM, ME2 BM2",2.0720072897767268,daily_ff5,Daily FF5,XGBoost Combined
2023-09-19,-0.01002,"SMALL LoBM, SMALL HiBM, ME2 BM1, ME2 BM3, ME2 BM4",2.051245776733164,daily_ff5,Daily FF5,XGBoost Combined
2023-09-20,-0.0113,"SMALL LoBM, ME1 BM3, ME1 BM4, SMALL HiBM, ME2 BM5",2.028066699456079,daily_ff5,Daily FF5,XGBoost Combined
2023-09-21,-0.0028,"ME1 BM2, ME2 BM1, ME2 BM2, ME2 BM4, ME3 BM1",2.022388112697602,daily_ff5,Daily FF5,XGBoost Combined
2023-09-22,0.00184,"ME1 BM2, ME2 BM1, ME2 BM2, ME2 BM4, ME3 BM1",2.026109306824966,daily_ff5,Daily FF5,XGBoost Combined
2023-09-25,-0.0118599999999999,"ME3 BM5, ME1 BM2, ME2 BM1, ME2 BM2, ME2 BM4",2.0020796504460217,daily_ff5,Daily FF5,XGBoost Combined
2023-09-26,0.0065,"ME1 BM2, ME2 BM1, ME3 BM1, BIG HiBM, SMALL HiBM",2.015093168173921,daily_ff5,Daily FF5,XGBoost Combined
2023-09-27,0.0078,"SMALL LoBM, ME1 BM2, ME2 BM1, ME2 BM2, ME2 BM4",2.0308108948856773,daily_ff5,Daily FF5,XGBoost Combined
2023-09-28,-0.0032,"SMALL LoBM, ME1 BM2, ME2 BM1, ME2 BM2, ME3 BM1",2.0243123000220438,daily_ff5,Daily FF5,XGBoost Combined
2023-09-29,-0.01514,"SMALL LoBM, ME1 BM2, ME2 BM1, ME2 BM2, ME2 BM4",1.9936642117997092,daily_ff5,Daily FF5,XGBoost Combined
2023-10-02,-0.0169599999999999,"ME1 BM2, ME1 BM3, ME2 BM1, ME2 BM2, ME3 BM1",1.9598516667675865,daily_ff5,Daily FF5,XGBoost Combined
2023-10-03,0.0024,"ME1 BM2, ME2 BM1, ME3 BM1, BIG HiBM, SMALL LoBM",1.9645553107678289,daily_ff5,Daily FF5,XGBoost Combined
2023-10-04,0.00692,"ME1 BM2, ME1 BM3, ME2 BM1, ME2 BM2, ME2 BM3",1.9781500335183424,daily_ff5,Daily FF5,XGBoost Combined
2023-10-05,0.01,"ME1 BM2, ME1 BM3, ME2 BM2, ME3 BM1, BIG HiBM",1.9979315338535253,daily_ff5,Daily FF5,XGBoost Combined
2023-10-06,-0.00198,"ME1 BM2, ME1 BM3, ME2 BM2, ME3 BM1, BIG HiBM",1.993975629416496,daily_ff5,Daily FF5,XGBoost Combined
2023-10-09,0.01262,"ME1 BM2, ME1 BM3, ME2 BM2, ME3 BM1, BIG HiBM",2.019139601859732,daily_ff5,Daily FF5,XGBoost Combined
2023-10-10,-0.00556,"ME1 BM2, ME1 BM3, ME2 BM2, ME3 BM1, BIG HiBM",2.007913185673392,daily_ff5,Daily FF5,XGBoost Combined
2023-10-11,-0.0237,"ME1 BM2, ME1 BM3, ME2 BM2, ME3 BM1, BIG HiBM",1.960325643172932,daily_ff5,Daily FF5,XGBoost Combined
2023-10-12,-0.00582,"ME1 BM2, ME1 BM3, ME2 BM2, ME3 BM1, BIG HiBM",1.9489165479296653,daily_ff5,Daily FF5,XGBoost Combined
2023-10-13,0.01684,"SMALL LoBM, ME1 BM2, ME1 BM3, ME2 BM1, ME2 BM2",1.981736302596801,daily_ff5,Daily FF5,XGBoost Combined
2023-10-16,0.0115199999999999,"SMALL LoBM, ME1 BM2, ME1 BM3, ME2 BM1, ME2 BM2",2.004565904802716,daily_ff5,Daily FF5,XGBoost Combined
2023-10-17,-0.02246,"ME1 BM4, ME2 BM3, ME2 BM5, ME3 BM4, ME3 BM5",1.9595433545808472,daily_ff5,Daily FF5,XGBoost Combined
2023-10-18,-0.0157,"SMALL LoBM, ME1 BM2, ME1 BM3, ME2 BM1, ME2 BM2",1.928778523913928,daily_ff5,Daily FF5,XGBoost Combined
2023-10-19,-0.0111799999999999,"SMALL LoBM, ME1 BM2, ME1 BM3, ME2 BM1, ME2 BM2",1.90721478001657,daily_ff5,Daily FF5,XGBoost Combined
2023-10-20,-0.0135,"SMALL LoBM, ME1 BM2, ME1 BM3, ME2 BM1, ME2 BM2",1.8814673804863464,daily_ff5,Daily FF5,XGBoost Combined
2023-10-23,0.0137999999999999,"SMALL LoBM, ME1 BM2, ME1 BM3, ME2 BM1, ME2 BM2",1.907431630337058,daily_ff5,Daily FF5,XGBoost Combined
2023-10-24,-0.0185,"SMALL LoBM, ME1 BM2, ME1 BM3, ME2 BM1, ME2 BM2",1.8721441451758225,daily_ff5,Daily FF5,XGBoost Combined
2023-10-25,-0.00116,"SMALL LoBM, ME1 BM2, ME1 BM3, ME2 BM1, ME2 BM2",1.8699724579674184,daily_ff5,Daily FF5,XGBoost Combined
2023-10-26,-0.0133199999999999,"SMALL LoBM, ME1 BM2, ME2 BM1, ME2 BM2, ME3 BM1",1.8450644248272925,daily_ff5,Daily FF5,XGBoost Combined
2023-10-27,0.0129399999999999,"ME2 BM5, SMALL LoBM, ME1 BM2, ME1 BM3, ME2 BM1",1.8689395584845576,daily_ff5,Daily FF5,XGBoost Combined
2023-10-30,0.01302,"SMALL LoBM, ME1 BM2, ME1 BM3, ME2 BM1, ME2 BM2",1.8932731515360264,daily_ff5,Daily FF5,XGBoost Combined
2023-10-31,0.00024,"ME2 BM5, SMALL LoBM, ME1 BM2, ME1 BM3, ME2 BM1",1.8937275370923956,daily_ff5,Daily FF5,XGBoost Combined
2023-11-01,0.01876,"SMALL LoBM, ME1 BM2, ME2 BM2, ME3 BM1, ME4 BM1",1.9292538656882483,daily_ff5,Daily FF5,XGBoost Combined
2023-11-02,0.03492,"SMALL LoBM, ME1 BM2, ME1 BM3, ME2 BM1, ME2 BM2",1.9966234106780825,daily_ff5,Daily FF5,XGBoost Combined
2023-11-03,-0.01378,"ME1 BM4, SMALL HiBM, ME2 BM1, ME2 BM4, ME2 BM5",1.9691099400789385,daily_ff5,Daily FF5,XGBoost Combined
2023-11-06,0.00088,"SMALL LoBM, ME1 BM2, ME1 BM3, ME1 BM4, SMALL HiBM",1.970842756826208,daily_ff5,Daily FF5,XGBoost Combined
2023-11-07,-0.0055999999999999,"BIG LoBM, ME5 BM2, ME5 BM3, ME2 BM4, ME2 BM5",1.9598060373879809,daily_ff5,Daily FF5,XGBoost Combined
2023-11-08,-0.0127599999999999,"ME5 BM2, ME2 BM4, ME2 BM5, ME3 BM2, ME3 BM3",1.9347989123509104,daily_ff5,Daily FF5,XGBoost Combined
2023-11-09,0.00866,"SMALL LoBM, ME1 BM2, ME2 BM2, ME3 BM1, BIG LoBM",1.951554270931869,daily_ff5,Daily FF5,XGBoost Combined
2023-11-10,0.00066,"SMALL LoBM, ME1 BM2, ME2 BM2, ME3 BM1, BIG LoBM",1.952842296750684,daily_ff5,Daily FF5,XGBoost Combined
2023-11-13,0.04374,"BIG LoBM, ME5 BM2, ME2 BM4, ME2 BM5, ME3 BM5",2.0382596188105597,daily_ff5,Daily FF5,XGBoost Combined
2023-11-14,0.0032,"BIG LoBM, ME5 BM2, ME2 BM3, ME2 BM4, ME2 BM5",2.0447820495907534,daily_ff5,Daily FF5,XGBoost Combined
2023-11-15,-0.01492,"SMALL LoBM, ME1 BM2, ME1 BM3, ME1 BM4, SMALL HiBM",2.014273901410859,daily_ff5,Daily FF5,XGBoost Combined
2023-11-16,0.00842,"BIG LoBM, ME5 BM2, ME5 BM3, SMALL LoBM, ME1 BM2",2.0312340876607387,daily_ff5,Daily FF5,XGBoost Combined
2023-11-17,0.00586,"ME2 BM3, ME3 BM1, BIG LoBM, ME5 BM2, ME5 BM3",2.0431371194144305,daily_ff5,Daily FF5,XGBoost Combined
2023-11-20,-0.00418,"BIG LoBM, ME5 BM2, ME5 BM4, ME5 BM3, SMALL LoBM",2.034596806255278,daily_ff5,Daily FF5,XGBoost Combined
2023-11-21,0.00456,"BIG LoBM, ME5 BM2, ME5 BM3, SMALL LoBM, ME1 BM2",2.043874567691802,daily_ff5,Daily FF5,XGBoost Combined
2023-11-22,0.00664,"BIG LoBM, ME5 BM2, ME5 BM3, SMALL LoBM, ME1 BM2",2.057445894821276,daily_ff5,Daily FF5,XGBoost Combined
2023-11-24,-0.00306,"ME3 BM1, BIG LoBM, ME5 BM2, ME5 BM3, SMALL LoBM",2.051150110383123,daily_ff5,Daily FF5,XGBoost Combined
2023-11-27,-0.00248,"BIG LoBM, ME5 BM2, ME5 BM3, SMALL LoBM, ME1 BM2",2.0460632581093727,daily_ff5,Daily FF5,XGBoost Combined
2023-11-28,0.00156,"BIG LoBM, ME5 BM2, ME5 BM3, SMALL LoBM, ME1 BM2",2.049255116792023,daily_ff5,Daily FF5,XGBoost Combined
2023-11-29,0.00258,"BIG LoBM, ME5 BM2, ME5 BM4, ME5 BM3, SMALL LoBM",2.054542194993347,daily_ff5,Daily FF5,XGBoost Combined
2023-11-30,0.01464,"BIG LoBM, ME5 BM2, ME5 BM3, SMALL LoBM, ME1 BM2",2.0846206927280493,daily_ff5,Daily FF5,XGBoost Combined
2023-12-01,0.00098,"BIG LoBM, ME5 BM2, ME5 BM3, SMALL LoBM, ME1 BM2",2.086663621006923,daily_ff5,Daily FF5,XGBoost Combined
2023-12-04,-0.01424,"ME1 BM2, ME1 BM4, SMALL HiBM, ME2 BM4, ME2 BM5",2.0569495310437844,daily_ff5,Daily FF5,XGBoost Combined
2023-12-05,0.0004,"BIG LoBM, ME5 BM2, ME5 BM3, SMALL LoBM, ME1 BM2",2.057772310856202,daily_ff5,Daily FF5,XGBoost Combined
2023-12-06,0.0104999999999999,"ME5 BM2, BIG LoBM, ME5 BM3, SMALL LoBM, ME1 BM2",2.079378920120192,daily_ff5,Daily FF5,XGBoost Combined
2023-12-07,0.00408,"ME5 BM2, ME4 BM4, BIG LoBM, ME5 BM3, SMALL LoBM",2.087862786114283,daily_ff5,Daily FF5,XGBoost Combined
2023-12-08,0.00052,"ME5 BM2, ME4 BM1, BIG LoBM, ME5 BM3, SMALL LoBM",2.0889484747630624,daily_ff5,Daily FF5,XGBoost Combined
2023-12-11,0.0024999999999999,"ME5 BM2, ME4 BM1, BIG LoBM, ME5 BM3, SMALL LoBM",2.09417084594997,daily_ff5,Daily FF5,XGBoost Combined
2023-12-12,0.01974,"ME2 BM2, ME5 BM2, ME4 BM1, ME4 BM2, BIG LoBM",2.135509778449023,daily_ff5,Daily FF5,XGBoost Combined
2023-12-13,0.0219399999999999,"ME2 BM2, ME5 BM2, ME3 BM5, ME4 BM1, ME4 BM2",2.1823628629881946,daily_ff5,Daily FF5,XGBoost Combined
2023-12-14,-0.00442,"SMALL LoBM, ME1 BM2, ME1 BM3, ME1 BM4, SMALL HiBM",2.172716819133787,daily_ff5,Daily FF5,XGBoost Combined
2023-12-15,0.00182,"ME2 BM5, ME5 BM2, ME5 BM4, ME3 BM1, ME3 BM3",2.17667116374461,daily_ff5,Daily FF5,XGBoost Combined
2023-12-18,0.01168,"ME5 BM2, ME3 BM1, ME4 BM1, ME4 BM2, ME4 BM3",2.202094682937147,daily_ff5,Daily FF5,XGBoost Combined
2023-12-19,-0.01636,"ME5 BM2, ME2 BM3, ME3 BM1, ME3 BM3, ME4 BM1",2.1660684139242954,daily_ff5,Daily FF5,XGBoost Combined
2023-12-20,0.01604,"ME5 BM2, ME5 BM4, ME2 BM1, ME2 BM3, ME3 BM1",2.200812151283641,daily_ff5,Daily FF5,XGBoost Combined
2023-12-21,0.00954,"ME5 BM2, ME1 BM3, ME2 BM1, ME2 BM3, ME3 BM1",2.2218078992068877,daily_ff5,Daily FF5,XGBoost Combined
2023-12-22,0.0115,"ME5 BM2, ME5 BM3, ME1 BM3, ME2 BM1, ME2 BM3",2.2473586900477667,daily_ff5,Daily FF5,XGBoost Combined
2023-12-26,0.0051,"ME5 BM2, SMALL LoBM, ME1 BM2, ME1 BM3, ME2 BM1",2.2588202193670104,daily_ff5,Daily FF5,XGBoost Combined
2023-12-27,-0.0004,"ME5 BM2, ME5 BM4, SMALL LoBM, ME1 BM2, ME1 BM3",2.257916691279264,daily_ff5,Daily FF5,XGBoost Combined
2023-12-28,-0.01336,"ME5 BM2, SMALL LoBM, ME1 BM2, ME1 BM3, ME1 BM4",2.227750924283773,daily_ff5,Daily FF5,XGBoost Combined
2023-12-29,-0.00936,"SMALL LoBM, ME1 BM2, ME1 BM3, ME1 BM4, ME2 BM1",2.206899175632477,daily_ff5,Daily FF5,XGBoost Combined
2024-01-02,-0.0246,"SMALL LoBM, ME1 BM2, ME1 BM3, ME1 BM4, SMALL HiBM",2.152609455911918,daily_ff5,Daily FF5,XGBoost Combined
2024-01-03,0.00194,"ME5 BM4, SMALL LoBM, ME1 BM2, ME1 BM3, ME1 BM4",2.1567855182563878,daily_ff5,Daily FF5,XGBoost Combined
2024-01-04,-0.00564,"SMALL LoBM, ME1 BM2, ME1 BM3, ME1 BM4, SMALL HiBM",2.144621247933421,daily_ff5,Daily FF5,XGBoost Combined
2024-01-05,0.0183599999999999,"ME1 BM3, ME1 BM4, SMALL HiBM, ME2 BM2, ME2 BM3",2.183996494045479,daily_ff5,Daily FF5,XGBoost Combined
2024-01-08,-0.0085599999999999,"ME1 BM3, ME1 BM4, SMALL HiBM, ME2 BM1, ME2 BM2",2.165301484056449,daily_ff5,Daily FF5,XGBoost Combined
2024-01-09,0.0002,"SMALL LoBM, ME1 BM3, ME1 BM4, SMALL HiBM, ME2 BM1",2.1657345443532607,daily_ff5,Daily FF5,XGBoost Combined
2024-01-10,-0.01234,"SMALL LoBM, ME1 BM2, ME1 BM3, ME1 BM4, SMALL HiBM",2.139009380075941,daily_ff5,Daily FF5,XGBoost Combined
2024-01-11,-0.00216,"SMALL LoBM, ME1 BM3, ME1 BM4, SMALL HiBM, ME2 BM1",2.1343891198149776,daily_ff5,Daily FF5,XGBoost Combined
2024-01-12,-0.0183,"SMALL LoBM, ME1 BM3, ME1 BM4, SMALL HiBM, ME2 BM1",2.095329798922364,daily_ff5,Daily FF5,XGBoost Combined
2024-01-16,-0.0054199999999999,"SMALL LoBM, ME1 BM3, ME1 BM4, SMALL HiBM, ME2 BM1",2.083973111412204,daily_ff5,Daily FF5,XGBoost Combined
2024-01-17,-0.0038399999999999,"SMALL LoBM, ME1 BM2, ME1 BM3, ME1 BM4, SMALL HiBM",2.075970654664381,daily_ff5,Daily FF5,XGBoost Combined
2024-01-18,0.0079,"SMALL LoBM, ME1 BM3, ME1 BM4, SMALL HiBM, ME2 BM1",2.09237082283623,daily_ff5,Daily FF5,XGBoost Combined
2024-01-19,0.02536,"SMALL LoBM, ME1 BM3, ME1 BM4, SMALL HiBM, ME2 BM2",2.145433346903357,daily_ff5,Daily FF5,XGBoost Combined
2024-01-22,-0.0009399999999999,"ME5 BM4, SMALL LoBM, ME1 BM3, ME1 BM4, SMALL HiBM",2.143416639557268,daily_ff5,Daily FF5,XGBoost Combined
2024-01-23,-0.00648,"SMALL LoBM, ME1 BM3, ME1 BM4, SMALL HiBM, ME2 BM2",2.1295272997329366,daily_ff5,Daily FF5,XGBoost Combined
2024-01-24,0.01078,"SMALL LoBM, ME1 BM4, ME2 BM2, ME2 BM3, ME2 BM4",2.1524836040240576,daily_ff5,Daily FF5,XGBoost Combined
2024-01-25,0.0022199999999999,"ME2 BM3, ME3 BM1, ME3 BM2, ME3 BM3, ME3 BM5",2.157262117624991,daily_ff5,Daily FF5,XGBoost Combined
2024-01-26,0.0128799999999999,"ME2 BM3, ME3 BM2, ME3 BM5, ME4 BM4, ME4 BM5",2.1850476537000008,daily_ff5,Daily FF5,XGBoost Combined
2024-01-29,-0.00194,"ME3 BM2, ME4 BM4, ME4 BM5, BIG LoBM, ME5 BM3",2.1808086612518225,daily_ff5,Daily FF5,XGBoost Combined
2024-01-30,-0.0177599999999999,"SMALL LoBM, ME4 BM4, ME4 BM5, BIG LoBM, ME5 BM3",2.14207749942799,daily_ff5,Daily FF5,XGBoost Combined
2024-01-31,0.0049,"ME4 BM4, ME4 BM5, BIG HiBM, BIG LoBM, ME5 BM3",2.152573679175187,daily_ff5,Daily FF5,XGBoost Combined
2024-02-01,-0.00482,"SMALL HiBM, ME2 BM4, ME2 BM5, ME3 BM4, ME3 BM5",2.1421982740415624,daily_ff5,Daily FF5,XGBoost Combined
2024-02-02,-0.01154,"SMALL LoBM, ME3 BM2, ME3 BM5, ME4 BM1, ME4 BM2",2.117477305959123,daily_ff5,Daily FF5,XGBoost Combined
2024-02-05,0.00752,"ME5 BM3, SMALL LoBM, ME3 BM2, ME3 BM5, ME4 BM4",2.133400735299936,daily_ff5,Daily FF5,XGBoost Combined
2024-02-06,-5.999999999999981e-05,"SMALL LoBM, ME4 BM2, ME4 BM4, ME4 BM5, BIG HiBM",2.133272731255817,daily_ff5,Daily FF5,XGBoost Combined
2024-02-07,0.0056799999999999,"SMALL LoBM, ME4 BM4, ME4 BM5, BIG HiBM, BIG LoBM",2.14538972036935,daily_ff5,Daily FF5,XGBoost Combined
2024-02-08,0.01732,"ME1 BM2, ME3 BM1, SMALL LoBM, ME2 BM1, ME4 BM4",2.182547870326147,daily_ff5,Daily FF5,XGBoost Combined
2024-02-09,0.01778,"ME1 BM2, ME3 BM1, SMALL LoBM, ME1 BM3, ME2 BM1",2.2213535714605457,daily_ff5,Daily FF5,XGBoost Combined
2024-02-12,-0.0465999999999999,"ME1 BM2, ME3 BM1, SMALL LoBM, ME1 BM3, ME1 BM4",2.1178384950304845,daily_ff5,Daily FF5,XGBoost Combined
2024-02-13,0.02582,"ME1 BM2, ME5 BM2, ME1 BM4, SMALL HiBM, ME2 BM2",2.172521084972172,daily_ff5,Daily FF5,XGBoost Combined
2024-02-14,0.02568,"SMALL LoBM, ME1 BM2, ME1 BM3, ME2 BM2, ME3 BM1",2.228311426434257,daily_ff5,Daily FF5,XGBoost Combined
2024-02-15,-0.0072799999999999,"ME1 BM3, ME5 BM2, ME1 BM2, ME1 BM4, SMALL HiBM",2.212089319249816,daily_ff5,Daily FF5,XGBoost Combined
2024-02-16,-0.0045,"ME5 BM2, ME4 BM1, ME4 BM2, ME5 BM3, ME5 BM4",2.202134917313192,daily_ff5,Daily FF5,XGBoost Combined
2024-02-20,-0.0049199999999999,"ME5 BM2, ME1 BM2, ME1 BM4, SMALL HiBM, ME2 BM1",2.1913004135200107,daily_ff5,Daily FF5,XGBoost Combined
2024-02-21,-0.00034,"ME1 BM2, ME5 BM2, ME1 BM4, SMALL HiBM, ME2 BM1",2.1905553713794137,daily_ff5,Daily FF5,XGBoost Combined
2024-02-22,0.00498,"ME5 BM2, ME1 BM4, SMALL HiBM, ME2 BM1, ME2 BM2",2.201464337128883,daily_ff5,Daily FF5,XGBoost Combined
2024-02-23,0.0115,"BIG LoBM, ME1 BM2, ME1 BM3, ME1 BM4, SMALL HiBM",2.2267811770058654,daily_ff5,Daily FF5,XGBoost Combined
2024-02-26,0.01712,"BIG LoBM, ME1 BM2, ME1 BM3, ME1 BM4, SMALL HiBM",2.264903670756206,daily_ff5,Daily FF5,XGBoost Combined
2024-02-27,-0.0082999999999999,"BIG LoBM, ME5 BM2, ME1 BM2, ME1 BM3, ME1 BM4",2.246104970288929,daily_ff5,Daily FF5,XGBoost Combined
2024-02-28,0.0044399999999999,"ME1 BM3, ME2 BM1, BIG LoBM, ME1 BM2, ME1 BM4",2.2560776763570125,daily_ff5,Daily FF5,XGBoost Combined
2024-02-29,0.0096599999999999,"ME4 BM2, ME1 BM2, ME1 BM4, SMALL HiBM, ME2 BM2",2.277871386710621,daily_ff5,Daily FF5,XGBoost Combined
2024-03-01,-0.00402,"ME4 BM2, ME1 BM2, ME1 BM4, SMALL HiBM, ME2 BM2",2.268714343736044,daily_ff5,Daily FF5,XGBoost Combined
2024-03-04,-0.01132,"ME4 BM2, ME1 BM2, ME1 BM4, SMALL HiBM, ME2 BM1",2.243032497364952,daily_ff5,Daily FF5,XGBoost Combined
2024-03-05,0.00854,"ME1 BM2, ME1 BM3, ME1 BM4, SMALL HiBM, ME2 BM1",2.262187994892449,daily_ff5,Daily FF5,XGBoost Combined
2024-03-06,0.00312,"SMALL LoBM, ME1 BM2, ME1 BM3, ME1 BM4, SMALL HiBM",2.2692460214365133,daily_ff5,Daily FF5,XGBoost Combined
2024-03-07,0.0008399999999999,"ME5 BM2, SMALL LoBM, ME1 BM2, ME1 BM3, ME1 BM4",2.27115218809452,daily_ff5,Daily FF5,XGBoost Combined
2024-03-08,-0.0076,"ME5 BM2, SMALL LoBM, ME1 BM2, ME1 BM3, ME1 BM4",2.2538914314650014,daily_ff5,Daily FF5,XGBoost Combined
2024-03-11,0.0003799999999999,"ME5 BM2, ME4 BM4, ME5 BM4, SMALL LoBM, ME1 BM2",2.254747910208958,daily_ff5,Daily FF5,XGBoost Combined
2024-03-12,0.0055,"ME5 BM2, SMALL LoBM, ME1 BM2, ME1 BM3, ME1 BM4",2.2671490237151075,daily_ff5,Daily FF5,XGBoost Combined
2024-03-13,-0.0149,"BIG LoBM, ME5 BM2, SMALL LoBM, ME1 BM2, ME1 BM3",2.2333685032617523,daily_ff5,Daily FF5,XGBoost Combined
2024-03-14,0.00744,"ME4 BM2, SMALL LoBM, ME1 BM2, ME1 BM3, ME1 BM4",2.2499847649260194,daily_ff5,Daily FF5,XGBoost Combined
2024-03-15,-0.0088199999999999,"ME4 BM2, SMALL LoBM, ME1 BM2, ME1 BM3, ME1 BM4",2.230139899299372,daily_ff5,Daily FF5,XGBoost Combined
2024-03-18,0.00952,"ME4 BM2, SMALL LoBM, ME1 BM2, ME1 BM3, ME1 BM4",2.2513708311407017,daily_ff5,Daily FF5,XGBoost Combined
2024-03-19,0.01998,"SMALL LoBM, ME1 BM2, ME1 BM3, ME3 BM5, ME4 BM2",2.296353220346893,daily_ff5,Daily FF5,XGBoost Combined
2024-03-20,0.00616,"ME4 BM2, BIG LoBM, SMALL LoBM, ME1 BM2, ME1 BM4",2.31049875618423,daily_ff5,Daily FF5,XGBoost Combined
2024-03-21,-0.00422,"ME4 BM2, BIG LoBM, ME5 BM2, ME3 BM2, ME3 BM3",2.300748451433132,daily_ff5,Daily FF5,XGBoost Combined
2024-03-22,-0.0057799999999999,"BIG LoBM, ME5 BM2, SMALL LoBM, ME1 BM2, ME1 BM3",2.287450125383849,daily_ff5,Daily FF5,XGBoost Combined
2024-03-25,-0.00344,"SMALL LoBM, ME1 BM2, ME1 BM3, ME1 BM4, SMALL HiBM",2.279581296952528,daily_ff5,Daily FF5,XGBoost Combined
2024-03-26,0.02334,"SMALL LoBM, ME1 BM2, ME1 BM3, ME1 BM4, SMALL HiBM",2.3327867244234,daily_ff5,Daily FF5,XGBoost Combined
2024-03-27,0.00656,"SMALL LoBM, ME1 BM2, ME1 BM3, ME1 BM4, SMALL HiBM",2.348089805335617,daily_ff5,Daily FF5,XGBoost Combined
2024-03-28,-0.01096,"SMALL LoBM, ME1 BM2, ME1 BM3, ME1 BM4, SMALL HiBM",2.3223547410691388,daily_ff5,Daily FF5,XGBoost Combined
2024-04-01,-0.01926,"ME3 BM5, ME4 BM2, ME1 BM2, ME1 BM3, ME1 BM4",2.277626188756147,daily_ff5,Daily FF5,XGBoost Combined
2024-04-02,0.00592,"ME3 BM5, ME1 BM2, ME1 BM4, SMALL HiBM, ME2 BM2",2.291109735793583,daily_ff5,Daily FF5,XGBoost Combined
2024-04-03,-0.00786,"ME3 BM5, SMALL LoBM, ME1 BM2, ME1 BM4, SMALL HiBM",2.2731016132702453,daily_ff5,Daily FF5,XGBoost Combined
2024-04-04,0.0038399999999999,"SMALL LoBM, ME1 BM2, ME4 BM5, ME1 BM4, SMALL HiBM",2.2818303234652038,daily_ff5,Daily FF5,XGBoost Combined
2024-04-05,0.00332,"SMALL LoBM, ME5 BM2, ME3 BM3, ME4 BM4, ME5 BM3",2.289406000139108,daily_ff5,Daily FF5,XGBoost Combined
2024-04-08,0.00434,"SMALL LoBM, ME1 BM2, ME5 BM2, ME1 BM3, ME1 BM4",2.299342022179712,daily_ff5,Daily FF5,XGBoost Combined
2024-04-09,-0.0192,"SMALL LoBM, ME5 BM2, ME1 BM2, ME1 BM3, ME1 BM4",2.2551946553538613,daily_ff5,Daily FF5,XGBoost Combined
2024-04-10,0.01408,"SMALL LoBM, ME5 BM2, ME1 BM2, ME1 BM3, ME1 BM4",2.286947796101244,daily_ff5,Daily FF5,XGBoost Combined
2024-04-11,-0.01904,"ME5 BM2, ME1 BM2, ME1 BM3, ME1 BM4, SMALL HiBM",2.2434043100634766,daily_ff5,Daily FF5,XGBoost Combined
2024-04-12,-0.01774,"ME5 BM2, SMALL LoBM, ME1 BM2, ME1 BM3, ME1 BM4",2.203606317602951,daily_ff5,Daily FF5,XGBoost Combined
2024-04-15,-0.00598,"ME5 BM2, SMALL LoBM, ME1 BM2, ME1 BM3, ME1 BM4",2.1904287518236853,daily_ff5,Daily FF5,XGBoost Combined
2024-04-16,-0.00922,"BIG LoBM, ME5 BM2, ME5 BM4, SMALL LoBM, ME1 BM2",2.170232998731871,daily_ff5,Daily FF5,XGBoost Combined
2024-04-17,-0.00766,"SMALL LoBM, ME1 BM2, ME3 BM1, ME4 BM2, BIG LoBM",2.1536090139615847,daily_ff5,Daily FF5,XGBoost Combined
2024-04-18,0.00038,"SMALL LoBM, ME1 BM2, BIG LoBM, ME4 BM5, ME5 BM4",2.15442738538689,daily_ff5,Daily FF5,XGBoost Combined
2024-04-19,0.00578,"SMALL LoBM, ME1 BM2, BIG LoBM, ME1 BM3, ME1 BM4",2.166879975674426,daily_ff5,Daily FF5,XGBoost Combined
2024-04-22,0.0138,"SMALL LoBM, ME1 BM2, ME3 BM1, ME4 BM2, BIG LoBM",2.196782919338733,daily_ff5,Daily FF5,XGBoost Combined
2024-04-23,-0.00368,"SMALL LoBM, ME1 BM2, ME3 BM1, BIG LoBM, ME5 BM4",2.1886987581955664,daily_ff5,Daily FF5,XGBoost Combined
2024-04-24,-0.00812,"ME1 BM2, ME3 BM1, BIG LoBM, ME5 BM4, SMALL LoBM",2.170926524279018,daily_ff5,Daily FF5,XGBoost Combined
2024-04-25,0.0151399999999999,"SMALL LoBM, ME1 BM2, ME3 BM1, BIG LoBM, ME1 BM3",2.2037943518566023,daily_ff5,Daily FF5,XGBoost Combined
2024-04-26,0.0073999999999999,"SMALL LoBM, ME1 BM2, ME3 BM1, ME1 BM3, ME1 BM4",2.2201024300603414,daily_ff5,Daily FF5,XGBoost Combined
2024-04-29,-0.01424,"BIG LoBM, ME5 BM2, SMALL LoBM, ME1 BM2, ME1 BM3",2.188488171456282,daily_ff5,Daily FF5,XGBoost Combined
2024-04-30,0.0094,"BIG LoBM, ME5 BM2, SMALL LoBM, ME1 BM2, ME1 BM3",2.2090599602679712,daily_ff5,Daily FF5,XGBoost Combined
2024-05-01,0.01358,"BIG LoBM, ME5 BM2, SMALL LoBM, ME1 BM2, ME1 BM4",2.2390589945284103,daily_ff5,Daily FF5,XGBoost Combined
2024-05-02,0.01046,"ME5 BM2, SMALL LoBM, ME1 BM4, SMALL HiBM, ME2 BM2",2.262479551611177,daily_ff5,Daily FF5,XGBoost Combined
2024-05-03,0.0100199999999999,"ME2 BM5, ME3 BM5, ME4 BM5, ME5 BM2, SMALL LoBM",2.285149596718321,daily_ff5,Daily FF5,XGBoost Combined
2024-05-06,0.0016799999999999,"ME5 BM2, SMALL LoBM, ME1 BM4, SMALL HiBM, ME2 BM2",2.2889886480408075,daily_ff5,Daily FF5,XGBoost Combined
2024-05-07,-0.00274,"ME3 BM5, ME5 BM2, SMALL LoBM, ME1 BM4, SMALL HiBM",2.282716819145176,daily_ff5,Daily FF5,XGBoost Combined
2024-05-08,0.0098399999999999,"SMALL LoBM, ME2 BM5, ME3 BM5, ME4 BM5, ME5 BM2",2.3051787526455647,daily_ff5,Daily FF5,XGBoost Combined
2024-05-09,-0.0139199999999999,"SMALL LoBM, ME1 BM2, ME2 BM4, ME2 BM5, ME3 BM5",2.2730906644087385,daily_ff5,Daily FF5,XGBoost Combined
2024-05-10,0.00308,"SMALL LoBM, ME1 BM2, ME1 BM4, ME2 BM4, ME2 BM5",2.2800917836551173,daily_ff5,Daily FF5,XGBoost Combined
2024-05-13,0.01128,"SMALL LoBM, ME1 BM2, ME1 BM4, SMALL HiBM, ME2 BM4",2.305811218974747,daily_ff5,Daily FF5,XGBoost Combined
2024-05-14,0.00868,"SMALL LoBM, ME1 BM2, ME1 BM4, SMALL HiBM, ME2 BM4",2.325825660355448,daily_ff5,Daily FF5,XGBoost Combined
2024-05-15,-0.0003,"SMALL LoBM, ME1 BM2, ME1 BM4, SMALL HiBM, ME2 BM4",2.325127912657341,daily_ff5,Daily FF5,XGBoost Combined
2024-05-16,-0.00318,"SMALL LoBM, ME1 BM2, ME1 BM3, ME1 BM4, SMALL HiBM",2.317734005895091,daily_ff5,Daily FF5,XGBoost Combined
2024-05-17,0.0038199999999999,"SMALL LoBM, ME1 BM2, ME1 BM3, ME1 BM4, SMALL HiBM",2.3265877497976097,daily_ff5,Daily FF5,XGBoost Combined
2024-05-20,-0.00486,"SMALL LoBM, ME1 BM2, ME1 BM3, ME1 BM4, SMALL HiBM",2.3152805333335933,daily_ff5,Daily FF5,XGBoost Combined
2024-05-21,-0.00378,"ME1 BM2, ME1 BM3, ME1 BM4, SMALL HiBM, ME2 BM1",2.3065287729175923,daily_ff5,Daily FF5,XGBoost Combined
2024-05-22,-0.0203199999999999,"ME2 BM1, ME1 BM2, ME1 BM3, ME1 BM4, SMALL HiBM",2.2596601082519068,daily_ff5,Daily FF5,XGBoost Combined
2024-05-23,0.00976,"ME1 BM2, ME1 BM3, ME1 BM4, SMALL HiBM, ME2 BM1",2.281714390908445,daily_ff5,Daily FF5,XGBoost Combined
2024-05-24,-0.0008399999999999,"ME2 BM1, ME1 BM2, ME1 BM3, ME1 BM4, SMALL HiBM",2.2797977508200824,daily_ff5,Daily FF5,XGBoost Combined
2024-05-28,-0.01062,"ME1 BM2, ME1 BM3, ME1 BM4, SMALL HiBM, ME2 BM1",2.255586298706373,daily_ff5,Daily FF5,XGBoost Combined
2024-05-29,0.00658,"ME1 BM2, ME1 BM3, ME1 BM4, SMALL HiBM, ME2 BM1",2.270428056551861,daily_ff5,Daily FF5,XGBoost Combined
2024-05-30,0.00492,"ME1 BM2, ME1 BM4, SMALL HiBM, ME2 BM1, ME2 BM2",2.281598562590096,daily_ff5,Daily FF5,XGBoost Combined
2024-05-31,-0.00248,"ME1 BM2, ME1 BM3, ME1 BM4, SMALL HiBM, ME2 BM1",2.2759401981548724,daily_ff5,Daily FF5,XGBoost Combined
2024-06-03,-0.01274,"ME1 BM2, ME1 BM4, SMALL HiBM, ME2 BM1, ME2 BM2",2.24694472003038,daily_ff5,Daily FF5,XGBoost Combined
2024-06-04,0.0187,"SMALL LoBM, ME1 BM2, ME1 BM4, SMALL HiBM, ME2 BM1",2.2889625862949474,daily_ff5,Daily FF5,XGBoost Combined
2024-06-05,-0.01098,"ME1 BM2, ME1 BM3, ME1 BM4, SMALL HiBM, ME2 BM1",2.263829777097429,daily_ff5,Daily FF5,XGBoost Combined
2024-06-06,-0.0108,"ME1 BM2, ME1 BM3, ME1 BM4, SMALL HiBM, ME2 BM1",2.2393804155047765,daily_ff5,Daily FF5,XGBoost Combined
2024-06-07,0.0019,"ME1 BM2, ME1 BM3, ME1 BM4, SMALL HiBM, ME2 BM1",2.243635238294236,daily_ff5,Daily FF5,XGBoost Combined
2024-06-10,0.0008,"ME4 BM2, BIG LoBM, ME5 BM3, ME1 BM2, ME1 BM3",2.2454301464848707,daily_ff5,Daily FF5,XGBoost Combined
2024-06-11,0.0127599999999999,"ME1 BM2, ME1 BM4, SMALL HiBM, ME2 BM1, ME2 BM2",2.2740818351540177,daily_ff5,Daily FF5,XGBoost Combined
2024-06-12,-0.00998,"ME1 BM2, ME1 BM3, ME1 BM4, SMALL HiBM, ME2 BM1",2.2513864984391807,daily_ff5,Daily FF5,XGBoost Combined
2024-06-13,-0.01892,"ME1 BM2, ME1 BM3, ME1 BM4, SMALL HiBM, ME2 BM1",2.208790265888711,daily_ff5,Daily FF5,XGBoost Combined
2024-06-14,-0.00164,"ME1 BM2, ME1 BM3, ME1 BM4, SMALL HiBM, ME2 BM1",2.205167849852653,daily_ff5,Daily FF5,XGBoost Combined
2024-06-17,-0.00712,"ME1 BM2, ME1 BM3, ME1 BM4, SMALL HiBM, ME2 BM1",2.1894670547617023,daily_ff5,Daily FF5,XGBoost Combined
2024-06-18,-0.0038599999999999,"BIG LoBM, ME5 BM3, ME1 BM2, ME1 BM3, ME1 BM4",2.181015711930322,daily_ff5,Daily FF5,XGBoost Combined
2024-06-20,0.0033599999999999,"ME1 BM2, ME1 BM3, ME1 BM4, SMALL HiBM, ME2 BM1",2.188343924722408,daily_ff5,Daily FF5,XGBoost Combined
2024-06-21,0.004,"ME1 BM2, ME1 BM3, ME1 BM4, SMALL HiBM, ME2 BM1",2.197097300421298,daily_ff5,Daily FF5,XGBoost Combined
2024-06-24,-0.00834,"ME1 BM2, ME1 BM3, ME1 BM4, SMALL HiBM, ME2 BM1",2.1787735089357843,daily_ff5,Daily FF5,XGBoost Combined
2024-06-25,0.00196,"ME1 BM2, ME1 BM3, ME1 BM4, SMALL HiBM, ME2 BM1",2.183043905013298,daily_ff5,Daily FF5,XGBoost Combined
2024-06-26,0.01134,"ME1 BM2, ME1 BM3, ME1 BM4, SMALL HiBM, ME2 BM1",2.207799622896149,daily_ff5,Daily FF5,XGBoost Combined
2024-06-27,0.0115199999999999,"ME1 BM2, ME1 BM3, ME1 BM4, SMALL HiBM, ME2 BM1",2.2332334745519127,daily_ff5,Daily FF5,XGBoost Combined
2024-06-28,-0.0103399999999999,"ME1 BM2, ME1 BM3, ME1 BM4, SMALL HiBM, ME2 BM1",2.2101418404250457,daily_ff5,Daily FF5,XGBoost Combined
2024-07-01,-0.0013199999999999,"ME4 BM2, BIG LoBM, ME5 BM3, ME1 BM3, ME1 BM2",2.2072244531956846,daily_ff5,Daily FF5,XGBoost Combined
2024-07-02,0.00266,"ME1 BM2, ME1 BM3, ME1 BM4, SMALL HiBM, ME2 BM1",2.2130956702411853,daily_ff5,Daily FF5,XGBoost Combined
2024-07-03,-0.0091599999999999,"ME1 BM2, ME1 BM3, ME1 BM4, SMALL HiBM, ME2 BM1",2.192823713901776,daily_ff5,Daily FF5,XGBoost Combined
2024-07-05,0.0117399999999999,"ME1 BM2, ME1 BM3, ME1 BM4, SMALL HiBM, ME2 BM1",2.218567464302984,daily_ff5,Daily FF5,XGBoost Combined
2024-07-08,-0.0003,"ME1 BM2, ME1 BM3, ME1 BM4, SMALL HiBM, ME2 BM1",2.2179018940636923,daily_ff5,Daily FF5,XGBoost Combined
2024-07-09,0.00646,"ME1 BM2, ME1 BM3, ME1 BM4, SMALL HiBM, ME2 BM1",2.232229540299344,daily_ff5,Daily FF5,XGBoost Combined
2024-07-10,0.04512,"ME1 BM3, ME1 BM4, SMALL HiBM, ME2 BM1, ME2 BM2",2.3329477371576504,daily_ff5,Daily FF5,XGBoost Combined
2024-07-11,0.01396,"ME1 BM3, ME1 BM4, SMALL HiBM, ME2 BM1, ME2 BM2",2.365515687568371,daily_ff5,Daily FF5,XGBoost Combined
2024-07-12,0.01598,"SMALL HiBM, ME2 BM3, ME3 BM1, ME3 BM2, ME3 BM3",2.403316628255714,daily_ff5,Daily FF5,XGBoost Combined
2024-07-15,0.04216,"ME2 BM1, SMALL LoBM, ME1 BM2, ME1 BM3, ME1 BM4",2.504640457302975,daily_ff5,Daily FF5,XGBoost Combined
2024-07-16,-0.0142999999999999,"ME2 BM1, SMALL LoBM, ME1 BM2, ME1 BM3, ME1 BM4",2.4688240987635424,daily_ff5,Daily FF5,XGBoost Combined
2024-07-17,-0.02382,"ME1 BM4, SMALL HiBM, ME2 BM1, ME3 BM3, SMALL LoBM",2.410016708730995,daily_ff5,Daily FF5,XGBoost Combined
2024-07-18,-0.0061199999999999,"SMALL LoBM, ME2 BM5, ME3 BM4, ME3 BM5, ME4 BM4",2.395267406473561,daily_ff5,Daily FF5,XGBoost Combined
2024-07-19,0.01942,"SMALL LoBM, ME1 BM2, ME1 BM3, ME2 BM1, ME2 BM2",2.441783499507278,daily_ff5,Daily FF5,XGBoost Combined
2024-07-22,0.01094,"SMALL LoBM, ME3 BM5, ME4 BM5, ME1 BM2, ME1 BM3",2.4684966109918878,daily_ff5,Daily FF5,XGBoost Combined
2024-07-23,-0.02164,"SMALL LoBM, ME1 BM2, ME3 BM5, ME4 BM5, BIG LoBM",2.415078344330023,daily_ff5,Daily FF5,XGBoost Combined
2024-07-24,0.0120399999999999,"SMALL LoBM, ME1 BM2, ME3 BM5, ME4 BM5, ME5 BM4",2.4441558875957567,daily_ff5,Daily FF5,XGBoost Combined
2024-07-25,0.01446,"BIG LoBM, BIG HiBM, SMALL LoBM, ME1 BM2, ME2 BM2",2.4794983817303917,daily_ff5,Daily FF5,XGBoost Combined
2024-07-26,0.00016,"ME4 BM1, ME4 BM3, BIG LoBM, ME4 BM4, ME5 BM3",2.479895101471468,daily_ff5,Daily FF5,XGBoost Combined
2024-07-29,0.00324,"ME3 BM1, ME3 BM2, ME3 BM4, ME3 BM5, ME4 BM1",2.4879299616002357,daily_ff5,Daily FF5,XGBoost Combined
2024-07-30,0.0043999999999999,"ME3 BM1, ME3 BM2, ME3 BM4, ME3 BM5, ME4 BM1",2.4988768534312764,daily_ff5,Daily FF5,XGBoost Combined
2024-07-31,-0.0308799999999999,"SMALL LoBM, ME2 BM3, ME3 BM1, ME3 BM2, ME3 BM4",2.4217115361973187,daily_ff5,Daily FF5,XGBoost Combined
2024-08-01,-0.03004,"ME3 BM1, ME3 BM2, ME3 BM4, ME3 BM5, ME4 BM1",2.3489633216499515,daily_ff5,Daily FF5,XGBoost Combined
2024-08-02,-0.0392799999999999,"SMALL HiBM, SMALL LoBM, ME1 BM2, ME1 BM3, ME1 BM4",2.2566960423755416,daily_ff5,Daily FF5,XGBoost Combined
2024-08-05,0.00866,"ME3 BM3, BIG HiBM, SMALL LoBM, ME1 BM2, ME1 BM3",2.2762390301025137,daily_ff5,Daily FF5,XGBoost Combined
2024-08-06,-0.01844,"BIG LoBM, SMALL LoBM, ME1 BM2, ME1 BM3, ME1 BM4",2.234265182387424,daily_ff5,Daily FF5,XGBoost Combined
2024-08-07,0.02474,"SMALL LoBM, ME1 BM2, ME1 BM3, ME1 BM4, SMALL HiBM",2.2895409029996885,daily_ff5,Daily FF5,XGBoost Combined
2024-08-08,-0.01272,"SMALL LoBM, ME1 BM2, ME1 BM3, ME1 BM4, SMALL HiBM",2.2604179427135325,daily_ff5,Daily FF5,XGBoost Combined
2024-08-09,-0.00916,"SMALL LoBM, ME1 BM3, ME1 BM4, ME2 BM1, ME2 BM2",2.239712514358277,daily_ff5,Daily FF5,XGBoost Combined
2024-08-12,0.02598,"SMALL LoBM, ME1 BM2, ME1 BM3, ME1 BM4, ME2 BM1",2.297900245481305,daily_ff5,Daily FF5,XGBoost Combined
2024-08-13,-0.01158,"SMALL LoBM, ME1 BM2, ME1 BM3, ME1 BM4, SMALL HiBM",2.271290560638631,daily_ff5,Daily FF5,XGBoost Combined
2024-08-14,0.0334199999999999,"SMALL LoBM, ME1 BM2, ME1 BM3, ME1 BM4, ME2 BM1",2.347197091175174,daily_ff5,Daily FF5,XGBoost Combined
2024-08-15,0.00668,"SMALL LoBM, ME1 BM2, ME1 BM3, ME1 BM4, SMALL HiBM",2.3628763677442244,daily_ff5,Daily FF5,XGBoost Combined
2024-08-16,0.0201799999999999,"SMALL LoBM, ME1 BM2, ME1 BM3, ME1 BM4, ME2 BM1",2.410559212845303,daily_ff5,Daily FF5,XGBoost Combined
2024-08-19,-0.0105399999999999,"SMALL LoBM, ME1 BM2, ME1 BM3, ME1 BM4, ME2 BM1",2.385151918741913,daily_ff5,Daily FF5,XGBoost Combined
2024-08-20,0.01622,"SMALL LoBM, ME1 BM2, ME1 BM3, ME1 BM4, SMALL HiBM",2.423839082863907,daily_ff5,Daily FF5,XGBoost Combined
2024-08-21,-0.0147799999999999,"SMALL LoBM, ME1 BM2, ME1 BM3, ME1 BM4, SMALL HiBM",2.3880147412191786,daily_ff5,Daily FF5,XGBoost Combined
2024-08-22,0.03946,"SMALL LoBM, ME1 BM2, ME1 BM3, ME1 BM4, SMALL HiBM",2.4822458029076877,daily_ff5,Daily FF5,XGBoost Combined
2024-08-23,0.00304,"ME4 BM3, ME3 BM3, SMALL LoBM, ME1 BM2, ME1 BM3",2.4897918301485267,daily_ff5,Daily FF5,XGBoost Combined
2024-08-26,-0.00908,"SMALL HiBM, ME3 BM3, ME3 BM4, SMALL LoBM, ME1 BM2",2.467184520330778,daily_ff5,Daily FF5,XGBoost Combined
2024-08-27,-0.01022,"ME3 BM3, ME4 BM3, SMALL LoBM, ME1 BM2, ME1 BM3",2.4419698945329973,daily_ff5,Daily FF5,XGBoost Combined
2024-08-28,0.00886,"ME3 BM3, SMALL LoBM, ME1 BM2, ME1 BM3, ME1 BM4",2.46360574779856,daily_ff5,Daily FF5,XGBoost Combined
2024-08-29,0.0074599999999999,"ME4 BM3, ME5 BM4, ME3 BM3, ME3 BM4, SMALL LoBM",2.481984246677137,daily_ff5,Daily FF5,XGBoost Combined
2024-08-30,-0.03426,"SMALL LoBM, ME1 BM2, ME1 BM3, ME1 BM4, SMALL HiBM",2.3969514663859783,daily_ff5,Daily FF5,XGBoost Combined
2024-09-03,-0.00092,"SMALL LoBM, ME1 BM2, ME1 BM3, ME1 BM4, SMALL HiBM",2.394746271036903,daily_ff5,Daily FF5,XGBoost Combined
2024-09-04,-0.00356,"SMALL LoBM, ME1 BM2, ME1 BM3, ME1 BM4, SMALL HiBM",2.386220974312012,daily_ff5,Daily FF5,XGBoost Combined
2024-09-05,-0.01968,"ME4 BM3, BIG HiBM, SMALL LoBM, ME1 BM2, ME1 BM3",2.3392601455375512,daily_ff5,Daily FF5,XGBoost Combined
2024-09-06,0.01124,"SMALL LoBM, ME1 BM2, ME1 BM3, ME1 BM4, SMALL HiBM",2.365553429573393,daily_ff5,Daily FF5,XGBoost Combined
2024-09-09,0.00972,"SMALL LoBM, ME1 BM2, ME1 BM3, ME1 BM4, SMALL HiBM",2.3885466089088463,daily_ff5,Daily FF5,XGBoost Combined
2024-09-10,0.0014399999999999,"SMALL LoBM, ME1 BM2, ME1 BM3, ME1 BM4, SMALL HiBM",2.3919861160256755,daily_ff5,Daily FF5,XGBoost Combined
2024-09-11,0.00946,"SMALL LoBM, ME1 BM2, ME1 BM3, ME1 BM4, SMALL HiBM",2.4146143046832784,daily_ff5,Daily FF5,XGBoost Combined
2024-09-12,0.02672,"SMALL LoBM, ME1 BM2, ME1 BM3, ME1 BM4, SMALL HiBM",2.479132798904416,daily_ff5,Daily FF5,XGBoost Combined
2024-09-13,-0.0028,"ME3 BM3, SMALL LoBM, ME1 BM2, ME1 BM3, ME1 BM4",2.4721912270674835,daily_ff5,Daily FF5,XGBoost Combined
2024-09-16,0.0104,"SMALL LoBM, ME1 BM2, ME1 BM3, ME1 BM4, ME2 BM1",2.497902015828985,daily_ff5,Daily FF5,XGBoost Combined
2024-09-17,-0.00114,"ME4 BM3, SMALL HiBM, ME3 BM3, ME3 BM4, SMALL LoBM",2.49505440753094,daily_ff5,Daily FF5,XGBoost Combined
2024-09-18,0.0179,"SMALL HiBM, ME2 BM4, ME3 BM3, ME3 BM4, SMALL LoBM",2.539715881425744,daily_ff5,Daily FF5,XGBoost Combined
2024-09-19,-0.01206,"ME4 BM3, SMALL HiBM, ME2 BM4, ME3 BM3, ME3 BM4",2.509086907895749,daily_ff5,Daily FF5,XGBoost Combined
2024-09-20,-0.0134,"SMALL HiBM, ME3 BM4, SMALL LoBM, ME1 BM2, ME1 BM3",2.4754651433299464,daily_ff5,Daily FF5,XGBoost Combined
2024-09-23,0.00452,"SMALL LoBM, ME1 BM2, ME1 BM3, ME1 BM4, SMALL HiBM",2.486654245777798,daily_ff5,Daily FF5,XGBoost Combined
2024-09-24,-0.01296,"ME3 BM4, ME4 BM3, SMALL LoBM, ME1 BM2, ME1 BM3",2.4544272067525177,daily_ff5,Daily FF5,XGBoost Combined
2024-09-25,0.0095199999999999,"SMALL LoBM, ME1 BM2, ME1 BM3, ME1 BM4, SMALL HiBM",2.4777933537608017,daily_ff5,Daily FF5,XGBoost Combined
2024-09-26,0.00614,"SMALL LoBM, ME1 BM2, ME1 BM3, ME1 BM4, SMALL HiBM",2.493007004952893,daily_ff5,Daily FF5,XGBoost Combined
2024-09-27,0.00388,"ME4 BM3, SMALL LoBM, ME1 BM2, ME1 BM3, ME1 BM4",2.50267987213211,daily_ff5,Daily FF5,XGBoost Combined
2024-09-30,-0.01664,"ME4 BM3, SMALL LoBM, ME1 BM2, ME1 BM3, ME1 BM4",2.4610352790598324,daily_ff5,Daily FF5,XGBoost Combined
2024-10-01,0.00048,"SMALL LoBM, ME1 BM2, ME1 BM3, ME1 BM4, SMALL HiBM",2.4622165759937813,daily_ff5,Daily FF5,XGBoost Combined
2024-10-02,-0.0091,"SMALL LoBM, ME1 BM2, ME1 BM3, ME1 BM4, SMALL HiBM",2.439810405152238,daily_ff5,Daily FF5,XGBoost Combined
2024-10-03,0.01844,"BIG HiBM, SMALL LoBM, ME1 BM2, ME1 BM3, ME1 BM4",2.484800509023245,daily_ff5,Daily FF5,XGBoost Combined
2024-10-04,-0.00068,"SMALL LoBM, ME1 BM2, ME1 BM3, ME1 BM4, SMALL HiBM",2.483110844677109,daily_ff5,Daily FF5,XGBoost Combined
2024-10-07,-0.00098,"SMALL LoBM, ME1 BM2, ME1 BM3, ME1 BM4, SMALL HiBM",2.480677396049326,daily_ff5,Daily FF5,XGBoost Combined
2024-10-08,-0.00108,"SMALL LoBM, ME1 BM2, ME1 BM3, ME1 BM4, SMALL HiBM",2.4779982644615925,daily_ff5,Daily FF5,XGBoost Combined
2024-10-09,-0.00632,"ME5 BM4, BIG HiBM, SMALL LoBM, ME1 BM2, ME1 BM3",2.4623373154301955,daily_ff5,Daily FF5,XGBoost Combined
2024-10-10,0.02846,"SMALL LoBM, ME1 BM2, ME1 BM3, ME1 BM4, SMALL HiBM",2.5324154354273385,daily_ff5,Daily FF5,XGBoost Combined
2024-10-11,0.0063599999999999,"SMALL LoBM, ME1 BM2, ME1 BM3, ME1 BM4, SMALL HiBM",2.548521597596656,daily_ff5,Daily FF5,XGBoost Combined
2024-10-14,0.00556,"SMALL LoBM, ME1 BM2, ME1 BM3, ME1 BM4, SMALL HiBM",2.5626913776792937,daily_ff5,Daily FF5,XGBoost Combined
2024-10-15,0.02266,"SMALL LoBM, ME1 BM2, ME1 BM3, ME1 BM4, SMALL HiBM",2.620761964297506,daily_ff5,Daily FF5,XGBoost Combined
2024-10-16,-0.0020599999999999,"SMALL LoBM, ME1 BM2, ME1 BM3, ME1 BM4, SMALL HiBM",2.6153631946510534,daily_ff5,Daily FF5,XGBoost Combined
2024-10-17,0.00564,"SMALL LoBM, ME1 BM2, ME1 BM3, ME1 BM4, SMALL HiBM",2.630113843068885,daily_ff5,Daily FF5,XGBoost Combined
2024-10-18,-0.01594,"SMALL LoBM, ME1 BM2, ME1 BM3, ME1 BM4, SMALL HiBM",2.588189828410368,daily_ff5,Daily FF5,XGBoost Combined
2024-10-21,-0.0021,"SMALL LoBM, ME1 BM2, ME1 BM3, ME1 BM4, SMALL HiBM",2.582754629770706,daily_ff5,Daily FF5,XGBoost Combined
2024-10-22,-0.01248,"SMALL LoBM, ME1 BM2, ME1 BM3, ME1 BM4, SMALL HiBM",2.550521851991167,daily_ff5,Daily FF5,XGBoost Combined
2024-10-23,-0.0014399999999999,"SMALL LoBM, ME1 BM2, ME1 BM3, ME1 BM4, SMALL HiBM",2.5468491005243,daily_ff5,Daily FF5,XGBoost Combined
2024-10-24,-0.00502,"SMALL LoBM, ME1 BM2, ME1 BM3, ME1 BM4, SMALL HiBM",2.534063918039668,daily_ff5,Daily FF5,XGBoost Combined
2024-10-25,0.02288,"SMALL LoBM, ME1 BM2, ME1 BM3, ME1 BM4, SMALL HiBM",2.5920433004844154,daily_ff5,Daily FF5,XGBoost Combined
2024-10-28,0.00098,"SMALL LoBM, ME1 BM2, ME1 BM3, ME1 BM4, SMALL HiBM",2.59458350291889,daily_ff5,Daily FF5,XGBoost Combined
2024-10-29,-0.00658,"ME1 BM2, ME2 BM1, ME2 BM2, ME3 BM1, ME3 BM2",2.577511143469684,daily_ff5,Daily FF5,XGBoost Combined
2024-10-30,-0.017,"BIG HiBM, SMALL LoBM, ME1 BM2, ME1 BM3, ME1 BM4",2.533693454030699,daily_ff5,Daily FF5,XGBoost Combined
2024-10-31,0.0046,"SMALL LoBM, ME1 BM2, ME1 BM3, ME1 BM4, SMALL HiBM",2.54534844391924,daily_ff5,Daily FF5,XGBoost Combined
2024-11-01,0.0001199999999999,"SMALL LoBM, ME1 BM2, ME1 BM3, ME1 BM4, SMALL HiBM",2.5456538857325097,daily_ff5,Daily FF5,XGBoost Combined
2024-11-04,0.0231,"ME3 BM5, SMALL LoBM, ME1 BM2, ME1 BM3, ME1 BM4",2.6044584904929304,daily_ff5,Daily FF5,XGBoost Combined
2024-11-05,0.0597399999999999,"BIG HiBM, SMALL LoBM, ME1 BM2, ME1 BM3, ME1 BM4",2.760048840714978,daily_ff5,Daily FF5,XGBoost Combined
2024-11-06,-0.0077,"BIG HiBM, SMALL LoBM, ME1 BM2, ME1 BM3, ME1 BM4",2.7387964646414726,daily_ff5,Daily FF5,XGBoost Combined
2024-11-07,0.00384,"ME3 BM5, ME4 BM5, ME5 BM4, BIG HiBM, ME4 BM3",2.749313443065696,daily_ff5,Daily FF5,XGBoost Combined
2024-11-08,0.0178599999999999,"SMALL LoBM, ME1 BM2, ME1 BM3, ME1 BM4, SMALL HiBM",2.7984161811588493,daily_ff5,Daily FF5,XGBoost Combined
2024-11-11,-0.02028,"SMALL LoBM, ME1 BM2, ME1 BM3, ME1 BM4, SMALL HiBM",2.741664301004948,daily_ff5,Daily FF5,XGBoost Combined
2024-11-12,-0.0147,"ME4 BM5, SMALL LoBM, ME1 BM2, ME1 BM3, ME1 BM4",2.7013618357801747,daily_ff5,Daily FF5,XGBoost Combined
2024-11-13,-0.0171599999999999,"ME4 BM5, SMALL LoBM, ME1 BM2, ME1 BM3, ME1 BM4",2.655006466678187,daily_ff5,Daily FF5,XGBoost Combined
2024-11-14,-0.02104,"ME4 BM5, SMALL LoBM, ME1 BM2, ME1 BM3, ME1 BM4",2.599145130619278,daily_ff5,Daily FF5,XGBoost Combined
2024-11-15,-0.00248,"ME4 BM5, SMALL LoBM, ME1 BM2, ME1 BM3, ME1 BM4",2.5926992506953424,daily_ff5,Daily FF5,XGBoost Combined
2024-11-18,0.00868,"ME4 BM5, SMALL LoBM, ME1 BM2, ME1 BM3, ME1 BM4",2.615203880191378,daily_ff5,Daily FF5,XGBoost Combined
2024-11-19,0.00094,"ME4 BM5, SMALL LoBM, ME1 BM2, ME1 BM3, ME1 BM4",2.617662171838758,daily_ff5,Daily FF5,XGBoost Combined
2024-11-20,0.0187,"ME4 BM5, SMALL LoBM, ME1 BM2, ME1 BM3, ME1 BM4",2.666612454452143,daily_ff5,Daily FF5,XGBoost Combined
2024-11-21,0.01992,"ME4 BM5, SMALL LoBM, ME1 BM2, ME1 BM3, ME1 BM4",2.7197313745448293,daily_ff5,Daily FF5,XGBoost Combined
2024-11-22,0.01232,"ME4 BM5, SMALL LoBM, ME1 BM2, ME1 BM3, ME1 BM4",2.753238465079222,daily_ff5,Daily FF5,XGBoost Combined
2024-11-25,-0.0043799999999999,"ME4 BM5, SMALL LoBM, ME1 BM2, ME1 BM3, ME1 BM4",2.741179280602174,daily_ff5,Daily FF5,XGBoost Combined
2024-11-26,0.0049199999999999,"SMALL LoBM, ME1 BM2, ME1 BM4, SMALL HiBM, ME2 BM1",2.7546658826627373,daily_ff5,Daily FF5,XGBoost Combined
2024-11-27,0.00496,"ME4 BM5, ME1 BM2, ME1 BM3, ME1 BM4, SMALL HiBM",2.7683290254407447,daily_ff5,Daily FF5,XGBoost Combined
2024-11-29,0.0020199999999999,"ME4 BM5, ME1 BM2, ME1 BM3, ME1 BM4, SMALL HiBM",2.7739210500721345,daily_ff5,Daily FF5,XGBoost Combined
2024-12-02,-0.0111999999999999,"SMALL LoBM, ME4 BM5, ME1 BM2, ME1 BM3, ME1 BM4",2.7428531343113267,daily_ff5,Daily FF5,XGBoost Combined
2024-12-03,0.00346,"ME4 BM5, ME1 BM2, ME1 BM3, ME1 BM4, SMALL HiBM",2.752343406156044,daily_ff5,Daily FF5,XGBoost Combined
2024-12-04,-0.01136,"ME4 BM5, SMALL LoBM, ME1 BM2, ME1 BM3, ME1 BM4",2.721076785062112,daily_ff5,Daily FF5,XGBoost Combined
2024-12-05,0.0085,"SMALL LoBM, ME4 BM5, ME1 BM2, ME1 BM3, ME1 BM4",2.7442059377351398,daily_ff5,Daily FF5,XGBoost Combined
2024-12-06,-0.0005199999999999,"SMALL LoBM, ME1 BM2, ME1 BM3, ME1 BM4, SMALL HiBM",2.742778950647517,daily_ff5,Daily FF5,XGBoost Combined
2024-12-09,-0.0036999999999999,"ME4 BM5, SMALL LoBM, ME1 BM2, ME1 BM3, ME1 BM4",2.7326306685301214,daily_ff5,Daily FF5,XGBoost Combined
2024-12-10,0.00142,"SMALL LoBM, ME1 BM2, ME1 BM3, ME1 BM4, SMALL HiBM",2.7365110040794343,daily_ff5,Daily FF5,XGBoost Combined
2024-12-11,-0.0185,"SMALL LoBM, ME1 BM2, ME1 BM3, ME1 BM4, SMALL HiBM",2.685885550503965,daily_ff5,Daily FF5,XGBoost Combined
2024-12-12,-0.00796,"SMALL LoBM, ME1 BM2, ME1 BM3, ME1 BM4, ME2 BM1",2.6645059015219537,daily_ff5,Daily FF5,XGBoost Combined
2024-12-13,0.01254,"SMALL LoBM, ME1 BM2, ME1 BM3, ME1 BM4, ME2 BM1",2.697918805527039,daily_ff5,Daily FF5,XGBoost Combined
2024-12-16,-0.00984,"ME4 BM5, SMALL LoBM, ME1 BM2, ME1 BM3, ME1 BM4",2.671371284480653,daily_ff5,Daily FF5,XGBoost Combined
2024-12-17,-0.04674,"ME4 BM5, SMALL LoBM, ME1 BM2, ME1 BM3, ME1 BM4",2.546511390644027,daily_ff5,Daily FF5,XGBoost Combined
2024-12-18,-0.00304,"ME4 BM5, SMALL LoBM, ME1 BM2, ME1 BM3, ME1 BM4",2.538769996016469,daily_ff5,Daily FF5,XGBoost Combined
2024-12-19,0.0154599999999999,"SMALL LoBM, ME2 BM3, ME4 BM5, ME1 BM2, ME1 BM3",2.578019380154884,daily_ff5,Daily FF5,XGBoost Combined
2024-12-20,-0.00058,"SMALL LoBM, ME1 BM2, ME1 BM3, SMALL HiBM, ME2 BM1",2.576524128914394,daily_ff5,Daily FF5,XGBoost Combined
2024-12-23,0.01194,"SMALL LoBM, ME2 BM3, ME1 BM2, ME1 BM3, SMALL HiBM",2.607287827013632,daily_ff5,Daily FF5,XGBoost Combined
2024-12-24,0.02404,"SMALL LoBM, ME1 BM2, ME1 BM3, SMALL HiBM, ME2 BM1",2.66996702637504,daily_ff5,Daily FF5,XGBoost Combined
2024-12-26,-0.01612,"SMALL LoBM, ME1 BM2, ME1 BM3, SMALL HiBM, ME2 BM1",2.626927157909874,daily_ff5,Daily FF5,XGBoost Combined
2024-12-27,-0.00708,"SMALL LoBM, ME2 BM3, ME1 BM2, ME1 BM3, SMALL HiBM",2.608328513631872,daily_ff5,Daily FF5,XGBoost Combined
2024-12-30,-0.00182,"SMALL LoBM, ME2 BM1, ME2 BM3, ME1 BM2, ME1 BM3",2.6035813557370617,daily_ff5,Daily FF5,XGBoost Combined
2024-12-31,0.00484,"SMALL LoBM, ME2 BM3, ME1 BM2, ME1 BM3, SMALL HiBM",2.616182689498829,daily_ff5,Daily FF5,XGBoost Combined
2025-01-02,0.0257399999999999,"ME2 BM3, SMALL LoBM, ME1 BM2, ME1 BM3, SMALL HiBM",2.683523231926529,daily_ff5,Daily FF5,XGBoost Combined
2025-01-03,-0.0003199999999999,"SMALL LoBM, ME1 BM2, ME1 BM3, SMALL HiBM, ME2 BM1",2.6826645044923128,daily_ff5,Daily FF5,XGBoost Combined
2025-01-06,-0.01312,"SMALL LoBM, ME1 BM2, ME1 BM3, SMALL HiBM, ME2 BM1",2.6474679461933737,daily_ff5,Daily FF5,XGBoost Combined
2025-01-07,-0.01836,"SMALL LoBM, ME1 BM2, ME1 BM3, SMALL HiBM, ME2 BM1",2.598860434701263,daily_ff5,Daily FF5,XGBoost Combined
2025-01-08,-0.0273599999999999,"SMALL LoBM, ME1 BM2, ME1 BM3, SMALL HiBM, ME2 BM1",2.5277556132078365,daily_ff5,Daily FF5,XGBoost Combined
2025-01-10,-0.0031,"SMALL LoBM, ME2 BM1, ME2 BM3, ME1 BM2, ME1 BM3",2.519919570806892,daily_ff5,Daily FF5,XGBoost Combined
2025-01-13,-0.0002599999999999,"SMALL LoBM, ME1 BM2, ME1 BM3, SMALL HiBM, ME2 BM1",2.5192643917184823,daily_ff5,Daily FF5,XGBoost Combined
2025-01-14,0.02804,"SMALL LoBM, ME2 BM3, ME1 BM2, ME1 BM3, SMALL HiBM",2.5899045652622688,daily_ff5,Daily FF5,XGBoost Combined
2025-01-15,-0.0012799999999999,"SMALL LoBM, ME2 BM3, ME1 BM2, ME1 BM3, SMALL HiBM",2.5865894874187334,daily_ff5,Daily FF5,XGBoost Combined
2025-01-16,0.00222,"SMALL LoBM, ME1 BM2, ME1 BM3, SMALL HiBM, ME2 BM1",2.5923317160808037,daily_ff5,Daily FF5,XGBoost Combined
2025-01-17,0.02226,"SMALL LoBM, ME2 BM1, ME1 BM2, ME1 BM3, SMALL HiBM",2.6500370200807617,daily_ff5,Daily FF5,XGBoost Combined
2025-01-21,-0.00324,"SMALL LoBM, ME2 BM1, ME1 BM2, ME1 BM3, SMALL HiBM",2.6414509001357,daily_ff5,Daily FF5,XGBoost Combined
2025-01-22,0.00636,"SMALL LoBM, ME1 BM2, ME2 BM1, ME2 BM3, BIG LoBM",2.658250527860563,daily_ff5,Daily FF5,XGBoost Combined
2025-01-23,-0.00214,"SMALL LoBM, ME2 BM1, ME1 BM2, ME1 BM3, SMALL HiBM",2.652561871730941,daily_ff5,Daily FF5,XGBoost Combined
2025-01-24,-0.01572,"SMALL LoBM, ME2 BM1, BIG LoBM, ME1 BM3, SMALL HiBM",2.610863599107331,daily_ff5,Daily FF5,XGBoost Combined
2025-01-27,0.00684,"SMALL LoBM, BIG LoBM, ME1 BM3, SMALL HiBM, ME2 BM2",2.628721906125225,daily_ff5,Daily FF5,XGBoost Combined
2025-01-28,-0.00258,"SMALL LoBM, BIG LoBM, ME1 BM3, SMALL HiBM, ME2 BM2",2.621939803607422,daily_ff5,Daily FF5,XGBoost Combined
2025-01-29,0.00684,"SMALL LoBM, ME1 BM2, ME1 BM3, SMALL HiBM, ME2 BM2",2.639873871864097,daily_ff5,Daily FF5,XGBoost Combined
2025-01-30,-0.0092,"SMALL LoBM, ME1 BM3, SMALL HiBM, ME2 BM1, ME2 BM2",2.6155870322429475,daily_ff5,Daily FF5,XGBoost Combined
2025-01-31,-0.01388,"SMALL LoBM, BIG LoBM, ME1 BM3, SMALL HiBM, ME2 BM2",2.5792826842354155,daily_ff5,Daily FF5,XGBoost Combined
2025-02-03,0.0218599999999999,"SMALL LoBM, BIG LoBM, ME1 BM2, ME1 BM3, SMALL HiBM",2.6356658037128016,daily_ff5,Daily FF5,XGBoost Combined
2025-02-04,0.01202,"SMALL LoBM, BIG LoBM, ME1 BM2, ME1 BM3, SMALL HiBM",2.667346506673429,daily_ff5,Daily FF5,XGBoost Combined
2025-02-05,-0.0032,"ME2 BM1, SMALL LoBM, ME1 BM2, ME1 BM3, ME1 BM4",2.658810997852074,daily_ff5,Daily FF5,XGBoost Combined
2025-02-06,-0.00922,"ME4 BM1, SMALL LoBM, ME1 BM2, SMALL HiBM, ME2 BM1",2.634296760451878,daily_ff5,Daily FF5,XGBoost Combined
2025-02-07,0.0033199999999999,"SMALL LoBM, SMALL HiBM, ME2 BM1, ME2 BM3, ME1 BM3",2.643042625696578,daily_ff5,Daily FF5,XGBoost Combined
2025-02-10,-0.00662,"SMALL LoBM, SMALL HiBM, ME2 BM1, ME1 BM3, ME1 BM4",2.6255456835144666,daily_ff5,Daily FF5,XGBoost Combined
2025-02-11,-0.0018599999999999,"SMALL LoBM, ME1 BM2, SMALL HiBM, ME2 BM1, ME1 BM3",2.62066216854313,daily_ff5,Daily FF5,XGBoost Combined
2025-02-12,0.0184599999999999,"SMALL LoBM, ME1 BM2, ME1 BM3, SMALL HiBM, ME2 BM1",2.669039592174436,daily_ff5,Daily FF5,XGBoost Combined
2025-02-13,0.0008799999999999,"SMALL LoBM, ME1 BM2, ME1 BM3, SMALL HiBM, ME2 BM1",2.671388347015549,daily_ff5,Daily FF5,XGBoost Combined
2025-02-14,0.00316,"ME1 BM2, ME1 BM3, ME1 BM4, SMALL HiBM, ME2 BM1",2.6798299341921186,daily_ff5,Daily FF5,XGBoost Combined
2025-02-18,-0.00576,"ME1 BM3, SMALL HiBM, ME2 BM1, ME2 BM3, ME1 BM2",2.664394113771172,daily_ff5,Daily FF5,XGBoost Combined
2025-02-19,-0.0119199999999999,"ME1 BM3, SMALL HiBM, ME2 BM1, ME2 BM3, ME1 BM2",2.63263453593502,daily_ff5,Daily FF5,XGBoost Combined
2025-02-20,-0.02728,"ME1 BM3, SMALL HiBM, ME2 BM3, ME1 BM2, ME1 BM4",2.5608162657947124,daily_ff5,Daily FF5,XGBoost Combined
2025-02-21,-0.0166799999999999,"ME1 BM3, SMALL HiBM, ME2 BM3, SMALL LoBM, ME1 BM2",2.5181018504812567,daily_ff5,Daily FF5,XGBoost Combined
2025-02-24,-0.00576,"SMALL LoBM, ME1 BM2, ME1 BM3, ME1 BM4, SMALL HiBM",2.5035975838224847,daily_ff5,Daily FF5,XGBoost Combined
2025-02-25,0.0009,"ME2 BM3, ME1 BM2, ME1 BM3, ME1 BM4, ME2 BM1",2.5058508216479245,daily_ff5,Daily FF5,XGBoost Combined
2025-02-26,-0.0217,"ME1 BM3, ME2 BM1, ME2 BM3, ME1 BM2, ME1 BM4",2.4514738588181646,daily_ff5,Daily FF5,XGBoost Combined
2025-02-27,0.00586,"ME1 BM3, SMALL HiBM, ME2 BM3, ME1 BM2, ME1 BM4",2.465839495630839,daily_ff5,Daily FF5,XGBoost Combined
2025-02-28,-0.03666,"SMALL LoBM, ME1 BM3, SMALL HiBM, ME2 BM1, ME2 BM3",2.3754418197210123,daily_ff5,Daily FF5,XGBoost Combined
2025-03-03,-0.012,"ME1 BM4, ME2 BM2, ME2 BM4, ME3 BM1, ME3 BM2",2.34693651788436,daily_ff5,Daily FF5,XGBoost Combined
2025-03-04,0.01424,"SMALL LoBM, ME1 BM3, SMALL HiBM, ME2 BM1, ME2 BM3",2.3803568938990334,daily_ff5,Daily FF5,XGBoost Combined
2025-03-05,-0.0175999999999999,"SMALL LoBM, SMALL HiBM, BIG HiBM, ME1 BM2, ME1 BM3",2.3384626125664103,daily_ff5,Daily FF5,XGBoost Combined
2025-03-06,0.0010199999999999,"SMALL HiBM, BIG HiBM, SMALL LoBM, ME1 BM2, ME1 BM3",2.340847844431228,daily_ff5,Daily FF5,XGBoost Combined
2025-03-07,-0.0285599999999999,"ME5 BM3, SMALL HiBM, BIG LoBM, BIG HiBM, SMALL LoBM",2.2739932299942724,daily_ff5,Daily FF5,XGBoost Combined
2025-03-10,0.0008199999999999,"SMALL HiBM, BIG LoBM, BIG HiBM, SMALL LoBM, ME1 BM2",2.275857904442868,daily_ff5,Daily FF5,XGBoost Combined
2025-03-11,0.00836,"BIG HiBM, SMALL LoBM, ME1 BM2, ME1 BM3, ME1 BM4",2.29488407652401,daily_ff5,Daily FF5,XGBoost Combined
2025-03-12,-0.0216999999999999,"BIG HiBM, SMALL LoBM, ME1 BM2, ME1 BM3, ME1 BM4",2.245085092063438,daily_ff5,Daily FF5,XGBoost Combined
2025-03-13,0.02572,"BIG HiBM, SMALL LoBM, ME1 BM2, ME1 BM3, ME1 BM4",2.3028286806313103,daily_ff5,Daily FF5,XGBoost Combined
2025-03-14,0.01112,"ME5 BM3, BIG HiBM, SMALL LoBM, ME1 BM2, ME1 BM3",2.3284361355599303,daily_ff5,Daily FF5,XGBoost Combined
2025-03-17,-0.00938,"BIG HiBM, SMALL LoBM, ME1 BM2, ME1 BM3, ME1 BM4",2.306595404608378,daily_ff5,Daily FF5,XGBoost Combined
2025-03-18,0.01618,"BIG HiBM, SMALL LoBM, ME1 BM2, ME1 BM3, ME1 BM4",2.343916118254942,daily_ff5,Daily FF5,XGBoost Combined
2025-03-19,-0.0024999999999999,"ME5 BM3, ME2 BM3, ME2 BM4, BIG HiBM, SMALL LoBM",2.3380563279593045,daily_ff5,Daily FF5,XGBoost Combined
2025-03-20,-0.0038599999999999,"BIG HiBM, SMALL LoBM, ME1 BM2, ME1 BM3, ME1 BM4",2.329031430533381,daily_ff5,Daily FF5,XGBoost Combined
2025-03-21,0.02206,"BIG HiBM, SMALL LoBM, ME1 BM2, ME1 BM3, ME1 BM4",2.380409863890948,daily_ff5,Daily FF5,XGBoost Combined
2025-03-24,-0.0107,"BIG HiBM, SMALL LoBM, ME1 BM2, ME1 BM3, ME1 BM4",2.3549394783473145,daily_ff5,Daily FF5,XGBoost Combined
2025-03-25,-0.0145,"BIG HiBM, SMALL LoBM, ME1 BM2, ME1 BM3, ME1 BM4",2.3207928559112787,daily_ff5,Daily FF5,XGBoost Combined
2025-03-26,-0.00326,"BIG HiBM, SMALL LoBM, ME1 BM2, ME1 BM3, ME1 BM4",2.313227071201008,daily_ff5,Daily FF5,XGBoost Combined
2025-03-27,-0.01966,"ME5 BM3, ME5 BM4, BIG HiBM, SMALL LoBM, ME1 BM2",2.267749026981196,daily_ff5,Daily FF5,XGBoost Combined
2025-03-28,-0.01012,"BIG HiBM, SMALL LoBM, ME1 BM2, ME1 BM3, ME1 BM4",2.244799406828146,daily_ff5,Daily FF5,XGBoost Combined
2025-03-31,-0.00336,"BIG HiBM, SMALL LoBM, ME1 BM2, ME1 BM3, ME1 BM4",2.237256880821203,daily_ff5,Daily FF5,XGBoost Combined
2025-04-01,0.01516,"BIG HiBM, SMALL LoBM, ME1 BM2, ME1 BM3, ME1 BM4",2.2711736951344528,daily_ff5,Daily FF5,XGBoost Combined
2025-04-02,-0.0670999999999999,"BIG HiBM, SMALL LoBM, ME1 BM2, ME1 BM3, ME1 BM4",2.118777940190931,daily_ff5,Daily FF5,XGBoost Combined
2025-04-03,-0.04422,"BIG HiBM, SMALL LoBM, ME1 BM2, ME1 BM3, ME1 BM4",2.025085579675688,daily_ff5,Daily FF5,XGBoost Combined
2025-04-04,-0.00252,"ME4 BM1, BIG LoBM, ME5 BM2, SMALL LoBM, ME1 BM2",2.019982364014905,daily_ff5,Daily FF5,XGBoost Combined
2025-04-07,-0.01788,"ME4 BM3, ME5 BM2, ME5 BM3, ME5 BM4, SMALL LoBM",1.983865079346319,daily_ff5,Daily FF5,XGBoost Combined
2025-04-08,0.07886,"ME5 BM3, ME5 BM4, SMALL LoBM, ME1 BM2, ME1 BM3",2.1403126795035696,daily_ff5,Daily FF5,XGBoost Combined
2025-04-09,-0.0346999999999999,"ME5 BM3, ME5 BM4, SMALL LoBM, ME1 BM2, ME1 BM3",2.066043829524796,daily_ff5,Daily FF5,XGBoost Combined
2025-04-10,0.0115799999999999,"ME2 BM3, ME2 BM4, ME2 BM5, ME3 BM2, ME3 BM4",2.089968617070693,daily_ff5,Daily FF5,XGBoost Combined
2025-04-11,0.00996,"ME4 BM1, ME4 BM2, ME4 BM3, ME5 BM2, ME5 BM3",2.110784704496717,daily_ff5,Daily FF5,XGBoost Combined
2025-04-14,0.0033599999999999,"SMALL LoBM, ME1 BM2, ME1 BM3, ME1 BM4, SMALL HiBM",2.1178769411038263,daily_ff5,Daily FF5,XGBoost Combined
2025-04-15,-0.0069599999999999,"SMALL LoBM, ME1 BM2, ME1 BM3, ME1 BM4, SMALL HiBM",2.1031365175937435,daily_ff5,Daily FF5,XGBoost Combined
2025-04-16,0.01148,"SMALL LoBM, ME1 BM2, ME1 BM3, ME1 BM4, SMALL HiBM",2.12728052481572,daily_ff5,Daily FF5,XGBoost Combined
2025-04-17,-0.01916,"ME2 BM2, SMALL LoBM, ME1 BM2, ME1 BM3, ME1 BM4",2.0865218299602506,daily_ff5,Daily FF5,XGBoost Combined
2025-04-21,0.0348,"SMALL LoBM, ME1 BM2, ME1 BM3, ME1 BM4, SMALL HiBM",2.159132789642867,daily_ff5,Daily FF5,XGBoost Combined
2025-04-22,0.0150599999999999,"SMALL LoBM, ME1 BM2, ME1 BM3, ME1 BM4, SMALL HiBM",2.1916493294548887,daily_ff5,Daily FF5,XGBoost Combined
2025-04-23,0.0265,"ME4 BM1, ME4 BM2, BIG HiBM, SMALL LoBM, ME1 BM2",2.2497280366854437,daily_ff5,Daily FF5,XGBoost Combined
2025-04-24,0.00028,"ME4 BM1, BIG LoBM, SMALL LoBM, ME1 BM2, ME1 BM3",2.250357960535716,daily_ff5,Daily FF5,XGBoost Combined
2025-04-25,0.00184,"ME4 BM1, ME4 BM2, SMALL LoBM, ME1 BM2, ME1 BM3",2.2544986191831016,daily_ff5,Daily FF5,XGBoost Combined
2025-04-28,0.00658,"ME4 BM1, ME4 BM2, SMALL LoBM, ME1 BM2, ME1 BM3",2.269333220097326,daily_ff5,Daily FF5,XGBoost Combined
2025-04-29,-0.00232,"ME4 BM1, BIG LoBM, ME5 BM3, SMALL LoBM, ME1 BM2",2.264068367026701,daily_ff5,Daily FF5,XGBoost Combined
2025-04-30,0.00078,"ME4 BM1, ME5 BM3, ME1 BM2, ME1 BM3, ME1 BM4",2.2658343403529817,daily_ff5,Daily FF5,XGBoost Combined
2025-05-01,0.01928,"ME4 BM1, BIG LoBM, ME5 BM3, ME1 BM2, ME1 BM3",2.3095196264349878,daily_ff5,Daily FF5,XGBoost Combined
2025-05-02,-0.01074,"ME4 BM1, BIG LoBM, ME5 BM3, SMALL LoBM, ME1 BM2",2.2847153856470754,daily_ff5,Daily FF5,XGBoost Combined
2025-05-05,-0.0115599999999999,"ME4 BM1, ME5 BM3, ME1 BM2, ME1 BM3, ME1 BM4",2.2583040757889954,daily_ff5,Daily FF5,XGBoost Combined
2025-05-06,0.00582,"ME4 BM1, ME4 BM2, ME5 BM3, ME1 BM2, ME1 BM3",2.271447405510087,daily_ff5,Daily FF5,XGBoost Combined
2025-05-07,0.01688,"ME4 BM1, ME4 BM2, ME5 BM3, ME1 BM2, ME1 BM3",2.3097894377150974,daily_ff5,Daily FF5,XGBoost Combined
2025-05-08,-0.0015,"ME4 BM1, ME4 BM2, ME5 BM3, ME1 BM2, ME1 BM3",2.306324753558525,daily_ff5,Daily FF5,XGBoost Combined
2025-05-09,0.03374,"ME2 BM2, ME4 BM1, ME4 BM2, ME5 BM3, SMALL LoBM",2.38414015074359,daily_ff5,Daily FF5,XGBoost Combined
2025-05-12,0.00528,"ME2 BM2, ME4 BM1, ME4 BM2, ME5 BM3, SMALL LoBM",2.396728410739516,daily_ff5,Daily FF5,XGBoost Combined
2025-05-13,-0.00462,"ME2 BM2, ME4 BM1, ME4 BM2, ME5 BM3, SMALL LoBM",2.3856555254819,daily_ff5,Daily FF5,XGBoost Combined
2025-05-14,0.00268,"ME2 BM2, ME4 BM1, ME4 BM2, BIG LoBM, ME5 BM3",2.392049082290191,daily_ff5,Daily FF5,XGBoost Combined
2025-05-15,0.00996,"ME2 BM2, ME4 BM1, ME4 BM2, BIG LoBM, ME5 BM3",2.415873891149801,daily_ff5,Daily FF5,XGBoost Combined
2025-05-16,-0.00236,"ME2 BM2, ME4 BM1, ME4 BM2, BIG LoBM, ME5 BM3",2.410172428766688,daily_ff5,Daily FF5,XGBoost Combined
2025-05-19,-0.0021999999999999,"SMALL LoBM, ME2 BM2, ME4 BM1, ME4 BM2, BIG LoBM",2.404870049423401,daily_ff5,Daily FF5,XGBoost Combined
2025-05-20,-0.02298,"ME2 BM2, ME4 BM1, ME4 BM2, BIG LoBM, ME5 BM3",2.3496061356876514,daily_ff5,Daily FF5,XGBoost Combined
2025-05-21,-0.00138,"ME2 BM2, ME4 BM1, ME4 BM2, BIG LoBM, ME5 BM3",2.3463636792204023,daily_ff5,Daily FF5,XGBoost Combined
2025-05-22,-0.00022,"ME2 BM2, ME4 BM1, ME4 BM2, ME5 BM3, SMALL LoBM",2.345847479210974,daily_ff5,Daily FF5,XGBoost Combined
2025-05-23,0.02296,"ME2 BM2, ME4 BM1, ME4 BM2, ME5 BM3, SMALL LoBM",2.399708137333658,daily_ff5,Daily FF5,XGBoost Combined
2025-05-27,-0.00886,"ME2 BM2, ME4 BM1, ME4 BM2, ME5 BM3, SMALL LoBM",2.378446723236882,daily_ff5,Daily FF5,XGBoost Combined
2025-05-28,0.00244,"ME2 BM2, ME4 BM1, ME4 BM2, ME5 BM3, SMALL LoBM",2.38425013324158,daily_ff5,Daily FF5,XGBoost Combined
2025-05-29,-0.0035199999999999,"ME1 BM2, ME2 BM1, ME2 BM2, ME4 BM1, ME4 BM2",2.3758575727725697,daily_ff5,Daily FF5,XGBoost Combined
2025-05-30,0.00596,"SMALL LoBM, ME1 BM2, ME2 BM1, ME2 BM2, ME3 BM2",2.390017683906294,daily_ff5,Daily FF5,XGBoost Combined
2025-06-02,0.0157,"SMALL LoBM, ME1 BM2, ME2 BM1, ME2 BM2, ME4 BM1",2.427540961543623,daily_ff5,Daily FF5,XGBoost Combined
2025-06-03,0.00552,"SMALL LoBM, ME1 BM2, ME2 BM1, ME2 BM2, ME3 BM2",2.440940987651344,daily_ff5,Daily FF5,XGBoost Combined
2025-06-04,0.00132,"SMALL LoBM, ME1 BM2, ME2 BM1, ME2 BM2, ME3 BM1",2.4441630297550434,daily_ff5,Daily FF5,XGBoost Combined
2025-06-05,0.02316,"SMALL LoBM, ME1 BM2, ME2 BM1, ME2 BM2, ME3 BM1",2.5007698455241703,daily_ff5,Daily FF5,XGBoost Combined
2025-06-06,0.00454,"SMALL LoBM, ME1 BM2, ME2 BM1, ME2 BM2, ME3 BM1",2.51212334062285,daily_ff5,Daily FF5,XGBoost Combined
2025-06-09,-0.00138,"SMALL LoBM, ME1 BM2, ME2 BM1, ME2 BM2, ME4 BM1",2.5086566104127903,daily_ff5,Daily FF5,XGBoost Combined
2025-06-10,-0.00456,"SMALL LoBM, ME1 BM2, ME2 BM1, ME2 BM2, ME3 BM1",2.497217136269308,daily_ff5,Daily FF5,XGBoost Combined
2025-06-11,-0.0043,"SMALL LoBM, ME1 BM2, ME2 BM1, ME2 BM2, ME3 BM1",2.48647910258335,daily_ff5,Daily FF5,XGBoost Combined
2025-06-12,-0.0226,"SMALL LoBM, ME1 BM2, ME2 BM1, ME2 BM2, BIG LoBM",2.4302846748649665,daily_ff5,Daily FF5,XGBoost Combined
2025-06-13,0.02078,"SMALL LoBM, ME1 BM2, ME2 BM1, ME2 BM2, ME3 BM1",2.4807859904086604,daily_ff5,Daily FF5,XGBoost Combined
2025-06-16,-0.0124,"SMALL LoBM, ME1 BM2, ME2 BM1, ME2 BM2, ME3 BM1",2.450024244127593,daily_ff5,Daily FF5,XGBoost Combined
2025-06-17,0.0069,"SMALL LoBM, ME1 BM2, ME2 BM1, ME2 BM2, ME3 BM1",2.466929411412073,daily_ff5,Daily FF5,XGBoost Combined
2025-06-18,-0.00302,"SMALL LoBM, ME1 BM2, ME2 BM1, ME2 BM2, ME1 BM3",2.4594792845896087,daily_ff5,Daily FF5,XGBoost Combined
2025-06-20,0.01088,"SMALL LoBM, ME1 BM2, ME2 BM1, ME2 BM2, ME1 BM3",2.4862384192059435,daily_ff5,Daily FF5,XGBoost Combined
2025-06-23,0.0199199999999999,"SMALL LoBM, ME1 BM2, ME2 BM2, ME1 BM3, ME1 BM4",2.5357642885165257,daily_ff5,Daily FF5,XGBoost Combined
2025-06-24,-0.01112,"SMALL LoBM, ME1 BM2, ME2 BM2, ME1 BM3, ME1 BM4",2.507566589628222,daily_ff5,Daily FF5,XGBoost Combined
2025-06-25,0.01718,"SMALL LoBM, ME1 BM2, ME2 BM2, ME1 BM3, ME1 BM4",2.5506465836380348,daily_ff5,Daily FF5,XGBoost Combined
2025-06-26,-0.0014399999999999,"SMALL LoBM, ME1 BM2, ME2 BM1, ME2 BM2, ME1 BM3",2.546973652557596,daily_ff5,Daily FF5,XGBoost Combined
2025-06-27,0.00178,"SMALL LoBM, ME1 BM2, ME2 BM1, ME2 BM2, ME1 BM3",2.551507265659148,daily_ff5,Daily FF5,XGBoost Combined
2025-06-30,0.00654,"SMALL LoBM, ME1 BM2, ME2 BM1, ME2 BM2, ME1 BM3",2.568194123176559,daily_ff5,Daily FF5,XGBoost Combined
2025-07-01,0.0204799999999999,"SMALL LoBM, ME1 BM2, ME1 BM3, ME1 BM4, SMALL HiBM",2.620790738819215,daily_ff5,Daily FF5,XGBoost Combined
2025-07-02,0.00812,"ME4 BM5, ME3 BM1, ME3 BM2, ME4 BM1, ME4 BM2",2.6420715596184268,daily_ff5,Daily FF5,XGBoost Combined
2025-07-03,-0.0173599999999999,"ME1 BM4, SMALL HiBM, ME2 BM3, ME2 BM4, ME2 BM5",2.596205197343451,daily_ff5,Daily FF5,XGBoost Combined
2025-07-07,0.0148399999999999,"ME1 BM4, SMALL HiBM, ME2 BM3, ME2 BM4, ME2 BM5",2.6347328824720275,daily_ff5,Daily FF5,XGBoost Combined
2025-07-08,0.01172,"ME1 BM3, ME2 BM2, BIG HiBM, SMALL LoBM, ME1 BM2",2.6656119518546,daily_ff5,Daily FF5,XGBoost Combined
2025-07-09,0.00596,"SMALL LoBM, ME1 BM2, ME1 BM3, ME2 BM2, ME2 BM3",2.681498999087653,daily_ff5,Daily FF5,XGBoost Combined
2025-07-10,-0.01738,"SMALL LoBM, ME1 BM2, ME1 BM3, ME1 BM4, SMALL HiBM",2.6348945464835096,daily_ff5,Daily FF5,XGBoost Combined
2025-07-11,0.0083,"SMALL LoBM, ME1 BM2, ME1 BM3, ME1 BM4, SMALL HiBM",2.656764171219322,daily_ff5,Daily FF5,XGBoost Combined
2025-07-14,-0.0226599999999999,"SMALL LoBM, ME1 BM2, ME1 BM3, ME1 BM4, SMALL HiBM",2.5965618950994926,daily_ff5,Daily FF5,XGBoost Combined
2025-07-15,0.01628,"SMALL LoBM, ME1 BM2, ME1 BM3, ME1 BM4, SMALL HiBM",2.6388339227517124,daily_ff5,Daily FF5,XGBoost Combined
2025-07-16,0.01362,"SMALL LoBM, ME1 BM2, ME1 BM3, ME1 BM4, SMALL HiBM",2.6747748407795906,daily_ff5,Daily FF5,XGBoost Combined
2025-07-17,-0.0096,"SMALL LoBM, ME1 BM2, ME1 BM3, ME1 BM4, SMALL HiBM",2.6490970023081064,daily_ff5,Daily FF5,XGBoost Combined
2025-07-18,0.0029,"SMALL LoBM, ME1 BM2, ME1 BM3, ME1 BM4, SMALL HiBM",2.6567793836148,daily_ff5,Daily FF5,XGBoost Combined
2025-07-21,0.0151399999999999,"SMALL LoBM, ME1 BM2, ME1 BM3, ME1 BM4, SMALL HiBM",2.697003023482728,daily_ff5,Daily FF5,XGBoost Combined
2025-07-22,0.02812,"SMALL LoBM, ME1 BM2, ME1 BM3, ME1 BM4, SMALL HiBM",2.772842748503062,daily_ff5,Daily FF5,XGBoost Combined
2025-07-23,-0.01688,"SMALL LoBM, ME1 BM2, ME1 BM3, ME1 BM4, SMALL HiBM",2.72603716290833,daily_ff5,Daily FF5,XGBoost Combined
2025-07-24,-0.00318,"SMALL LoBM, ME1 BM2, ME1 BM3, ME1 BM4, SMALL HiBM",2.717368364730282,daily_ff5,Daily FF5,XGBoost Combined
2025-07-25,-0.00216,"SMALL LoBM, ME1 BM2, ME1 BM3, ME1 BM4, SMALL HiBM",2.7114988490624645,daily_ff5,Daily FF5,XGBoost Combined
2025-07-28,-0.02412,"SMALL LoBM, ME1 BM2, ME1 BM3, ME1 BM4, SMALL HiBM",2.646097496823078,daily_ff5,Daily FF5,XGBoost Combined
2025-07-29,-0.01368,"SMALL LoBM, ME1 BM2, ME1 BM3, ME1 BM4, SMALL HiBM",2.609898883066538,daily_ff5,Daily FF5,XGBoost Combined
2025-07-30,-0.01192,"SMALL LoBM, ME1 BM2, ME1 BM3, ME1 BM4, SMALL HiBM",2.5787888883803847,daily_ff5,Daily FF5,XGBoost Combined
2025-07-31,-0.0202,"SMALL LoBM, ME1 BM2, ME1 BM3, ME1 BM4, SMALL HiBM",2.526697352835101,daily_ff5,Daily FF5,XGBoost Combined
2025-08-01,0.02682,"SMALL LoBM, ME1 BM2, ME1 BM3, ME1 BM4, SMALL HiBM",2.5944633758381386,daily_ff5,Daily FF5,XGBoost Combined
2025-08-04,0.00816,"SMALL LoBM, ME1 BM2, ME1 BM3, ME1 BM4, SMALL HiBM",2.6156341969849777,daily_ff5,Daily FF5,XGBoost Combined
2025-08-05,-0.00302,"SMALL LoBM, ME1 BM2, ME1 BM3, ME1 BM4, SMALL HiBM",2.6077349817100828,daily_ff5,Daily FF5,XGBoost Combined
2025-08-06,-0.00478,"SMALL LoBM, ME1 BM2, ME1 BM3, ME1 BM4, SMALL HiBM",2.5952700084975087,daily_ff5,Daily FF5,XGBoost Combined
2025-08-07,0.00074,"ME3 BM1, SMALL LoBM, ME1 BM2, ME1 BM3, ME1 BM4",2.5971905083037967,daily_ff5,Daily FF5,XGBoost Combined
2025-08-08,-0.00028,"SMALL LoBM, ME1 BM2, ME1 BM3, ME1 BM4, SMALL HiBM",2.596463294961472,daily_ff5,Daily FF5,XGBoost Combined
2025-08-11,0.02964,"BIG LoBM, SMALL LoBM, ME1 BM2, ME1 BM3, ME1 BM4",2.67342246702413,daily_ff5,Daily FF5,XGBoost Combined
2025-08-12,0.02378,"SMALL LoBM, ME1 BM2, ME1 BM3, ME1 BM4, SMALL HiBM",2.736996453289964,daily_ff5,Daily FF5,XGBoost Combined
2025-08-13,-0.00996,"BIG LoBM, SMALL LoBM, ME1 BM2, ME1 BM3, ME1 BM4",2.709735968615196,daily_ff5,Daily FF5,XGBoost Combined
2025-08-14,-0.00416,"SMALL LoBM, ME1 BM2, ME1 BM3, ME1 BM4, SMALL HiBM",2.698463466985757,daily_ff5,Daily FF5,XGBoost Combined
2025-08-15,0.00494,"SMALL LoBM, ME1 BM2, ME1 BM3, ME1 BM4, SMALL HiBM",2.711793876512666,daily_ff5,Daily FF5,XGBoost Combined
2025-08-18,-0.01296,"SMALL LoBM, ME1 BM2, ME1 BM3, ME1 BM4, SMALL HiBM",2.676649027873062,daily_ff5,Daily FF5,XGBoost Combined
2025-08-19,0.00024,"SMALL LoBM, ME1 BM2, ME1 BM3, ME1 BM4, SMALL HiBM",2.677291423639752,daily_ff5,Daily FF5,XGBoost Combined
2025-08-20,0.0065999999999999,"SMALL LoBM, ME1 BM2, ME1 BM3, ME1 BM4, SMALL HiBM",2.6949615470357737,daily_ff5,Daily FF5,XGBoost Combined
2025-08-21,0.04232,"BIG HiBM, SMALL LoBM, ME1 BM2, ME1 BM3, ME1 BM4",2.8090123197063277,daily_ff5,Daily FF5,XGBoost Combined
2025-08-22,-0.0111799999999999,"SMALL LoBM, ME1 BM2, ME1 BM3, ME1 BM4, SMALL HiBM",2.7776075619720104,daily_ff5,Daily FF5,XGBoost Combined
2025-08-25,0.009,"SMALL LoBM, ME1 BM2, ME1 BM3, ME1 BM4, SMALL HiBM",2.802606030029758,daily_ff5,Daily FF5,XGBoost Combined
2025-08-26,0.00224,"SMALL LoBM, ME1 BM2, ME1 BM3, ME1 BM4, SMALL HiBM",2.8088838675370247,daily_ff5,Daily FF5,XGBoost Combined
2025-08-27,0.0012,"SMALL LoBM, ME1 BM2, ME1 BM3, ME1 BM4, SMALL HiBM",2.812254528178069,daily_ff5,Daily FF5,XGBoost Combined
2025-08-28,-0.00416,"SMALL LoBM, ME1 BM2, ME1 BM3, ME1 BM4, SMALL HiBM",2.8005555493408485,daily_ff5,Daily FF5,XGBoost Combined
2025-08-29,-0.00832,"SMALL LoBM, ME1 BM2, ME1 BM3, ME1 BM4, SMALL HiBM",2.7772549271703326,daily_ff5,Daily FF5,XGBoost Combined
2025-09-02,-0.00262,"SMALL LoBM, ME1 BM2, ME1 BM3, ME1 BM4, SMALL HiBM",2.7699785192611466,daily_ff5,Daily FF5,XGBoost Combined
2025-09-03,0.00894,"BIG HiBM, SMALL LoBM, ME1 BM2, ME1 BM3, ME1 BM4",2.794742127223341,daily_ff5,Daily FF5,XGBoost Combined
2025-09-04,0.00804,"BIG HiBM, SMALL LoBM, ME1 BM2, ME1 BM3, ME1 BM4",2.8172118539262168,daily_ff5,Daily FF5,XGBoost Combined
2025-09-05,0.0026,"BIG HiBM, SMALL LoBM, ME1 BM2, ME1 BM3, ME1 BM4",2.8245366047464247,daily_ff5,Daily FF5,XGBoost Combined
2025-09-08,-0.00036,"BIG HiBM, SMALL LoBM, ME1 BM2, ME1 BM3, ME1 BM4",2.823519771568716,daily_ff5,Daily FF5,XGBoost Combined
2025-09-09,-0.00286,"BIG HiBM, SMALL LoBM, ME1 BM2, ME1 BM3, ME1 BM4",2.8154445050220294,daily_ff5,Daily FF5,XGBoost Combined
2025-09-10,0.0253799999999999,"BIG HiBM, SMALL LoBM, ME1 BM2, ME1 BM3, ME1 BM4",2.8869004865594885,daily_ff5,Daily FF5,XGBoost Combined
2025-09-11,-0.00932,"BIG HiBM, SMALL LoBM, ME1 BM2, ME1 BM3, ME1 BM4",2.859994574024754,daily_ff5,Daily FF5,XGBoost Combined
2025-09-12,0.0017,"BIG HiBM, SMALL LoBM, ME1 BM2, ME1 BM3, ME1 BM4",2.864856564800596,daily_ff5,Daily FF5,XGBoost Combined
2025-09-15,-0.00226,"BIG HiBM, SMALL LoBM, ME1 BM2, ME1 BM3, ME1 BM4",2.858381988964146,daily_ff5,Daily FF5,XGBoost Combined
2025-09-16,8.000000000000003e-05,"BIG HiBM, SMALL LoBM, ME1 BM2, ME1 BM3, ME1 BM4",2.858610659523264,daily_ff5,Daily FF5,XGBoost Combined
2025-09-17,0.0259,"ME4 BM4, BIG HiBM, SMALL LoBM, ME1 BM2, ME1 BM3",2.932648675604917,daily_ff5,Daily FF5,XGBoost Combined
2025-09-18,-0.00836,"ME5 BM3, ME2 BM5, BIG HiBM, SMALL LoBM, ME1 BM2",2.90813173267686,daily_ff5,Daily FF5,XGBoost Combined
2025-09-19,0.01244,"ME2 BM5, BIG HiBM, SMALL LoBM, ME1 BM2, ME1 BM3",2.94430889143136,daily_ff5,Daily FF5,XGBoost Combined
2025-09-22,0.0004999999999999,"ME2 BM5, ME4 BM4, BIG HiBM, SMALL LoBM, ME1 BM2",2.9457810458770752,daily_ff5,Daily FF5,XGBoost Combined
2025-09-23,0.0022,"ME2 BM5, BIG HiBM, SMALL LoBM, ME1 BM2, ME1 BM3",2.952261764178005,daily_ff5,Daily FF5,XGBoost Combined
2025-09-24,-0.00972,"ME2 BM5, BIG HiBM, SMALL LoBM, ME1 BM2, ME1 BM3",2.923565779830195,daily_ff5,Daily FF5,XGBoost Combined
2025-09-25,0.0141,"BIG HiBM, SMALL LoBM, ME1 BM2, ME1 BM3, ME1 BM4",2.964788057325801,daily_ff5,Daily FF5,XGBoost Combined
2025-09-26,-0.00266,"ME2 BM5, BIG HiBM, SMALL LoBM, ME1 BM2, ME1 BM3",2.956901721093314,daily_ff5,Daily FF5,XGBoost Combined
2025-09-29,-0.00202,"ME2 BM1, ME2 BM5, SMALL LoBM, ME1 BM2, ME1 BM3",2.9509287796167056,daily_ff5,Daily FF5,XGBoost Combined
2025-09-30,0.00378,"ME2 BM1, ME2 BM4, ME2 BM5, SMALL LoBM, ME1 BM2",2.9620832904036565,daily_ff5,Daily FF5,XGBoost Combined
2025-10-01,0.00482,"ME2 BM1, ME2 BM3, ME2 BM4, ME2 BM5, ME3 BM2",2.9763605318634023,daily_ff5,Daily FF5,XGBoost Combined
2025-10-02,0.01006,"SMALL HiBM, ME2 BM3, ME2 BM4, ME2 BM5, ME3 BM2",3.006302718813948,daily_ff5,Daily FF5,XGBoost Combined
2025-10-03,-0.00016,"ME2 BM3, ME2 BM4, ME2 BM5, ME3 BM2, ME3 BM3",3.005821710378938,daily_ff5,Daily FF5,XGBoost Combined
2025-10-06,-0.0117199999999999,"ME2 BM3, ME2 BM4, ME2 BM5, ME3 BM2, BIG HiBM",2.970593479933297,daily_ff5,Daily FF5,XGBoost Combined
2025-10-07,0.00722,"ME2 BM3, ME2 BM4, ME2 BM5, ME3 BM2, BIG HiBM",2.992041164858416,daily_ff5,Daily FF5,XGBoost Combined
2025-10-08,-0.0079,"ME3 BM4, ME4 BM1, ME4 BM3, ME4 BM4, ME5 BM3",2.968404039656034,daily_ff5,Daily FF5,XGBoost Combined
2025-10-09,-0.03266,"ME2 BM1, ME2 BM3, ME2 BM4, ME2 BM5, BIG HiBM",2.871455963720868,daily_ff5,Daily FF5,XGBoost Combined
2025-10-10,0.02732,"ME2 BM1, ME2 BM3, ME2 BM4, ME2 BM5, SMALL LoBM",2.949904140649722,daily_ff5,Daily FF5,XGBoost Combined
2025-10-13,0.01772,"ME1 BM4, ME1 BM2, ME1 BM3, ME3 BM1, ME3 BM2",3.002176442022035,daily_ff5,Daily FF5,XGBoost Combined
2025-10-14,0.01046,"ME2 BM1, ME2 BM5, SMALL LoBM, ME1 BM2, ME1 BM3",3.033579207605585,daily_ff5,Daily FF5,XGBoost Combined
2025-10-15,-0.0222,"SMALL LoBM, ME1 BM2, ME1 BM3, ME2 BM2, ME2 BM3",2.966233749196741,daily_ff5,Daily FF5,XGBoost Combined
2025-10-16,-0.0137399999999999,"SMALL LoBM, ME1 BM2, ME1 BM3, ME2 BM2, ME3 BM1",2.9254776974827776,daily_ff5,Daily FF5,XGBoost Combined
2025-10-17,0.0235799999999999,"SMALL LoBM, ME1 BM3, ME3 BM1, ME3 BM2, ME3 BM3",2.994460461589421,daily_ff5,Daily FF5,XGBoost Combined
2025-10-20,-0.0036199999999999,"SMALL LoBM, ME1 BM3, ME3 BM1, ME3 BM2, ME3 BM3",2.983620514718468,daily_ff5,Daily FF5,XGBoost Combined
2025-10-21,-0.01284,"SMALL LoBM, ME3 BM1, ME3 BM3, ME4 BM5, BIG HiBM",2.945310827309483,daily_ff5,Daily FF5,XGBoost Combined
2025-10-22,0.00844,"ME3 BM1, ME3 BM3, ME4 BM2, ME4 BM5, SMALL LoBM",2.970169250691975,daily_ff5,Daily FF5,XGBoost Combined
2025-10-23,0.0062599999999999,"ME3 BM1, ME3 BM3, ME4 BM2, ME4 BM5, ME5 BM4",2.9887625102013065,daily_ff5,Daily FF5,XGBoost Combined
2025-10-24,0.0015,"ME3 BM1, ME3 BM3, ME4 BM2, ME4 BM5, SMALL LoBM",2.993245653966609,daily_ff5,Daily FF5,XGBoost Combined
2025-10-27,-0.00804,"ME3 BM1, ME3 BM3, ME4 BM2, SMALL LoBM, ME1 BM2",2.9691799589087173,daily_ff5,Daily FF5,XGBoost Combined
2025-10-28,-0.01558,"SMALL LoBM, ME1 BM2, ME1 BM3, ME1 BM4, SMALL HiBM",2.92292013514892,daily_ff5,Daily FF5,XGBoost Combined
2025-10-29,-0.0111,"SMALL LoBM, ME2 BM3, ME3 BM1, ME3 BM2, ME3 BM3",2.8904757216487664,daily_ff5,Daily FF5,XGBoost Combined
2025-10-30,0.0059599999999999,"SMALL LoBM, ME3 BM1, ME3 BM3, ME3 BM4, ME3 BM5",2.907702956949793,daily_ff5,Daily FF5,XGBoost Combined
2025-10-31,-0.0007799999999999,"SMALL LoBM, ME2 BM3, ME2 BM4, ME2 BM5, ME3 BM1",2.9054349486433724,daily_ff5,Daily FF5,XGBoost Combined
2025-11-03,-0.02066,"SMALL LoBM, ME2 BM3, ME2 BM5, ME3 BM1, ME3 BM2",2.8454086626044,daily_ff5,Daily FF5,XGBoost Combined
2025-11-04,0.01246,"ME1 BM2, ME1 BM4, SMALL HiBM, ME2 BM1, ME4 BM1",2.88086245454045,daily_ff5,Daily FF5,XGBoost Combined
2025-11-05,-0.0257599999999999,"ME1 BM2, SMALL HiBM, ME2 BM1, ME4 BM1, SMALL LoBM",2.806651437711489,daily_ff5,Daily FF5,XGBoost Combined
2025-11-06,0.0039399999999999,"ME1 BM2, ME1 BM4, ME2 BM1, SMALL LoBM, ME1 BM3",2.8177096443760723,daily_ff5,Daily FF5,XGBoost Combined
2025-11-07,0.02202,"ME1 BM2, ME1 BM4, SMALL HiBM, ME2 BM1, ME2 BM2",2.8797556107452333,daily_ff5,Daily FF5,XGBoost Combined
2025-11-10,0.00646,"BIG LoBM, ME5 BM2, ME1 BM2, SMALL HiBM, ME2 BM1",2.8983588319906475,daily_ff5,Daily FF5,XGBoost Combined
2025-11-11,-0.0008799999999999,"ME1 BM2, SMALL HiBM, ME2 BM4, SMALL LoBM, ME1 BM3",2.895808276218496,daily_ff5,Daily FF5,XGBoost Combined
2025-11-12,-0.02344,"SMALL HiBM, ME2 BM1, ME2 BM2, ME2 BM4, SMALL LoBM",2.8279305302239344,daily_ff5,Daily FF5,XGBoost Combined
2025-11-13,0.0001799999999999,"SMALL HiBM, ME2 BM1, ME2 BM2, ME2 BM4, SMALL LoBM",2.828439557719375,daily_ff5,Daily FF5,XGBoost Combined
2025-11-14,-0.0184,"ME1 BM2, SMALL HiBM, SMALL LoBM, ME1 BM3, ME1 BM4",2.776396269857339,daily_ff5,Daily FF5,XGBoost Combined
2025-11-17,0.00716,"SMALL HiBM, ME2 BM2, ME2 BM4, SMALL LoBM, ME1 BM3",2.7962752671495177,daily_ff5,Daily FF5,XGBoost Combined
2025-11-18,-0.00468,"ME1 BM3, SMALL LoBM, ME2 BM3, ME2 BM5, ME3 BM1",2.783188698899258,daily_ff5,Daily FF5,XGBoost Combined
2025-11-19,-0.01766,"SMALL LoBM, ME1 BM3, ME1 BM4, SMALL HiBM, ME2 BM3",2.7340375864766973,daily_ff5,Daily FF5,XGBoost Combined
2025-11-20,0.0330599999999999,"SMALL LoBM, ME1 BM3, ME1 BM4, ME2 BM3, ME2 BM4",2.8244248690856173,daily_ff5,Daily FF5,XGBoost Combined
2025-11-21,0.01862,"SMALL LoBM, ME1 BM3, ME1 BM4, SMALL HiBM, ME2 BM3",2.877015660147992,daily_ff5,Daily FF5,XGBoost Combined
2025-11-24,0.0214,"ME1 BM2, SMALL LoBM, ME1 BM3, ME1 BM4, SMALL HiBM",2.938583795275159,daily_ff5,Daily FF5,XGBoost Combined
2025-11-25,0.0098999999999999,"SMALL LoBM, ME1 BM2, ME1 BM3, ME1 BM4, SMALL HiBM",2.967675774848383,daily_ff5,Daily FF5,XGBoost Combined
2025-11-26,0.0054399999999999,"SMALL LoBM, ME1 BM2, ME1 BM3, ME1 BM4, SMALL HiBM",2.983819931063558,daily_ff5,Daily FF5,XGBoost Combined
2025-11-28,-0.01848,"SMALL LoBM, ME1 BM2, ME1 BM3, ME1 BM4, SMALL HiBM",2.928678938737503,daily_ff5,Daily FF5,XGBoost Combined
2025-12-01,-0.00458,"ME5 BM2, SMALL LoBM, ME1 BM2, ME1 BM3, ME1 BM4",2.915265589198085,daily_ff5,Daily FF5,XGBoost Combined
2025-12-02,0.03594,"SMALL LoBM, ME1 BM2, ME1 BM3, ME1 BM4, SMALL HiBM",3.0200402344738646,daily_ff5,Daily FF5,XGBoost Combined
2025-12-03,0.01162,"SMALL LoBM, ME1 BM2, ME1 BM3, ME1 BM4, SMALL HiBM",3.0551331019984507,daily_ff5,Daily FF5,XGBoost Combined
2025-12-04,-0.00398,"SMALL LoBM, ME1 BM2, ME1 BM3, ME1 BM4, SMALL HiBM",3.0429736722524967,daily_ff5,Daily FF5,XGBoost Combined
2025-12-05,0.0040799999999999,"SMALL LoBM, ME1 BM2, ME1 BM3, ME1 BM4, SMALL HiBM",3.055389004835287,daily_ff5,Daily FF5,XGBoost Combined
2025-12-08,0.0055,"SMALL LoBM, ME1 BM2, ME1 BM3, ME1 BM4, SMALL HiBM",3.0721936443618816,daily_ff5,Daily FF5,XGBoost Combined
2025-12-09,0.0147799999999999,"SMALL LoBM, ME1 BM2, ME1 BM3, ME1 BM4, SMALL HiBM",3.1176006664255502,daily_ff5,Daily FF5,XGBoost Combined
2025-12-10,0.00652,"SMALL LoBM, ME1 BM2, ME1 BM3, ME1 BM4, SMALL HiBM",3.137927422770645,daily_ff5,Daily FF5,XGBoost Combined
2025-12-11,-0.01108,"SMALL LoBM, ME1 BM2, ME1 BM3, ME1 BM4, SMALL HiBM",3.103159186926346,daily_ff5,Daily FF5,XGBoost Combined
2025-12-12,-0.01206,"SMALL LoBM, ME1 BM2, ME1 BM3, ME1 BM4, SMALL HiBM",3.0657350871320146,daily_ff5,Daily FF5,XGBoost Combined
2025-12-15,-0.0010999999999999,"ME2 BM2, SMALL LoBM, ME1 BM3, ME1 BM4, SMALL HiBM",3.0623627785361696,daily_ff5,Daily FF5,XGBoost Combined
2025-12-16,-0.0117399999999999,"ME5 BM2, SMALL LoBM, ME1 BM3, ME1 BM4, SMALL HiBM",3.026410639516155,daily_ff5,Daily FF5,XGBoost Combined
2025-12-17,0.00784,"SMALL LoBM, ME1 BM3, ME1 BM4, SMALL HiBM, ME2 BM1",3.050137698929962,daily_ff5,Daily FF5,XGBoost Combined
2025-12-18,0.0053,"SMALL LoBM, ME1 BM3, ME1 BM4, SMALL HiBM, ME2 BM1",3.0663034287342907,daily_ff5,Daily FF5,XGBoost Combined
2025-12-19,0.01144,"SMALL LoBM, ME1 BM3, ME1 BM4, SMALL HiBM, ME2 BM1",3.1013819399590106,daily_ff5,Daily FF5,XGBoost Combined
2025-12-22,-0.01022,"SMALL LoBM, ME1 BM3, ME1 BM4, SMALL HiBM, ME2 BM1",3.0696858165326293,daily_ff5,Daily FF5,XGBoost Combined
2025-12-23,0.00688,"ME1 BM2, SMALL LoBM, ME1 BM3, ME1 BM4, SMALL HiBM",3.0908052549503737,daily_ff5,Daily FF5,XGBoost Combined
2025-12-24,-0.0070999999999999,"ME1 BM2, SMALL LoBM, ME1 BM3, ME1 BM4, SMALL HiBM",3.068860537640226,daily_ff5,Daily FF5,XGBoost Combined
2025-12-26,-0.0087599999999999,"ME1 BM2, SMALL LoBM, ME1 BM3, ME1 BM4, SMALL HiBM",3.0419773193304978,daily_ff5,Daily FF5,XGBoost Combined
2025-12-29,-0.00806,"ME1 BM2, SMALL LoBM, ME1 BM3, ME1 BM4, SMALL HiBM",3.017458982136694,daily_ff5,Daily FF5,XGBoost Combined
2025-12-30,-0.0013,"ME1 BM2, SMALL LoBM, ME1 BM3, ME1 BM4, SMALL HiBM",3.0135362854599164,daily_ff5,Daily FF5,XGBoost Combined
2025-12-31,-0.0028,"ME1 BM2, SMALL LoBM, ME1 BM3, ME1 BM4, SMALL HiBM",3.0050983838606284,daily_ff5,Daily FF5,XGBoost Combined
2026-01-02,0.01664,"SMALL LoBM, ME1 BM3, ME1 BM4, SMALL HiBM, ME2 BM1",3.055103220968069,daily_ff5,Daily FF5,XGBoost Combined
2026-01-05,0.01142,"SMALL LoBM, ME1 BM3, ME1 BM4, SMALL HiBM, ME2 BM1",3.089992499751524,daily_ff5,Daily FF5,XGBoost Combined
2026-01-06,0.00692,"SMALL LoBM, ME1 BM3, ME1 BM4, SMALL HiBM, ME2 BM1",3.111375247849805,daily_ff5,Daily FF5,XGBoost Combined
2026-01-07,0.00826,"SMALL LoBM, ME1 BM3, ME1 BM4, SMALL HiBM, ME2 BM1",3.1370752073970443,daily_ff5,Daily FF5,XGBoost Combined
2026-01-08,0.004,"SMALL LoBM, ME1 BM3, ME1 BM4, SMALL HiBM, ME2 BM1",3.1496235082266324,daily_ff5,Daily FF5,XGBoost Combined
2026-01-09,0.0064399999999999,"SMALL LoBM, ME1 BM3, ME1 BM4, SMALL HiBM, ME2 BM1",3.169907083619612,daily_ff5,Daily FF5,XGBoost Combined
2026-01-12,0.0003599999999999,"SMALL LoBM, ME1 BM3, ME1 BM4, SMALL HiBM, ME2 BM1",3.1710482501697146,daily_ff5,Daily FF5,XGBoost Combined
2026-01-13,0.01026,"SMALL LoBM, ME1 BM3, ME1 BM4, SMALL HiBM, ME2 BM1",3.2035832052164555,daily_ff5,Daily FF5,XGBoost Combined
2026-01-14,0.0021,"SMALL LoBM, ME1 BM2, ME1 BM3, ME1 BM4, SMALL HiBM",3.21031072994741,daily_ff5,Daily FF5,XGBoost Combined
2026-01-15,-0.0028799999999999,"SMALL LoBM, ME1 BM2, ME1 BM3, ME1 BM4, SMALL HiBM",3.2010650350451613,daily_ff5,Daily FF5,XGBoost Combined
2026-01-16,-0.00394,"SMALL LoBM, ME1 BM2, ME1 BM3, ME1 BM4, SMALL HiBM",3.188452838807083,daily_ff5,Daily FF5,XGBoost Combined
2026-01-20,0.02204,"SMALL LoBM, ME1 BM2, ME1 BM3, ME1 BM4, SMALL HiBM",3.2587263393743915,daily_ff5,Daily FF5,XGBoost Combined
2026-01-21,0.01928,"SMALL LoBM, ME1 BM2, ME1 BM3, ME1 BM4, SMALL HiBM",3.3215545831975297,daily_ff5,Daily FF5,XGBoost Combined
2026-01-22,-0.01666,"BIG LoBM, SMALL LoBM, ME1 BM2, ME1 BM3, ME1 BM4",3.266217483841459,daily_ff5,Daily FF5,XGBoost Combined
2026-01-23,-0.00994,"SMALL LoBM, ME1 BM2, ME1 BM3, ME1 BM4, SMALL HiBM",3.2337512820520757,daily_ff5,Daily FF5,XGBoost Combined
2026-01-26,0.00842,"SMALL LoBM, ME1 BM2, ME1 BM3, ME1 BM4, SMALL HiBM",3.260979467846954,daily_ff5,Daily FF5,XGBoost Combined
2026-01-27,-0.02016,"SMALL LoBM, ME1 BM2, ME1 BM3, ME1 BM4, SMALL HiBM",3.1952381217751595,daily_ff5,Daily FF5,XGBoost Combined
2026-01-28,0.00214,"SMALL LoBM, ME1 BM2, ME1 BM3, ME1 BM4, SMALL HiBM",3.2020759313557585,daily_ff5,Daily FF5,XGBoost Combined
2026-01-29,-0.01552,"SMALL LoBM, ME1 BM2, ME1 BM3, ME1 BM4, SMALL HiBM",3.152379712901117,daily_ff5,Daily FF5,XGBoost Combined
2026-01-30,0.01806,"SMALL LoBM, ME1 BM2, ME1 BM3, ME1 BM4, SMALL HiBM",3.209311690516111,daily_ff5,Daily FF5,XGBoost Combined
2026-02-02,0.00418,"SMALL LoBM, ME1 BM2, ME1 BM3, ME1 BM4, SMALL HiBM",3.222726613382469,daily_ff5,Daily FF5,XGBoost Combined
2026-02-03,-0.01748,"SMALL LoBM, ME1 BM2, ME1 BM3, ME1 BM4, SMALL HiBM",3.1663933521805427,daily_ff5,Daily FF5,XGBoost Combined
2026-02-04,-0.03084,"SMALL LoBM, ME1 BM3, ME1 BM4, SMALL HiBM, ME2 BM1",3.0687417811992947,daily_ff5,Daily FF5,XGBoost Combined
2026-02-05,0.04046,"SMALL LoBM, ME1 BM3, ME1 BM4, SMALL HiBM, ME2 BM1",3.192903073666618,daily_ff5,Daily FF5,XGBoost Combined
2026-02-06,0.0035399999999999,"SMALL LoBM, ME1 BM2, ME1 BM3, ME1 BM4, SMALL HiBM",3.204205950547398,daily_ff5,Daily FF5,XGBoost Combined
2026-02-09,-0.00384,"ME1 BM2, SMALL LoBM, ME1 BM3, ME1 BM4, SMALL HiBM",3.191901799697296,daily_ff5,Daily FF5,XGBoost Combined
2026-02-10,-0.00872,"SMALL LoBM, ME1 BM2, ME1 BM3, ME1 BM4, SMALL HiBM",3.164068416003936,daily_ff5,Daily FF5,XGBoost Combined
2026-02-11,-0.02268,"SMALL LoBM, ME1 BM2, ME1 BM3, ME1 BM4, SMALL HiBM",3.092307344328966,daily_ff5,Daily FF5,XGBoost Combined
2026-02-12,0.00762,"SMALL LoBM, ME1 BM2, ME1 BM3, ME1 BM4, SMALL HiBM",3.1158707262927527,daily_ff5,Daily FF5,XGBoost Combined
2026-02-13,0.00314,"SMALL LoBM, ME1 BM2, ME1 BM3, ME1 BM4, SMALL HiBM",3.125654560373312,daily_ff5,Daily FF5,XGBoost Combined
2026-02-17,0.00464,"SMALL LoBM, ME1 BM2, ME1 BM3, ME1 BM4, SMALL HiBM",3.140157597533444,daily_ff5,Daily FF5,XGBoost Combined
2026-02-18,0.00882,"SMALL LoBM, ME1 BM2, ME1 BM3, ME1 BM4, SMALL HiBM",3.167853787543689,daily_ff5,Daily FF5,XGBoost Combined
2026-02-19,-0.00294,"SMALL LoBM, ME1 BM2, ME1 BM3, ME1 BM4, SMALL HiBM",3.1585402974083103,daily_ff5,Daily FF5,XGBoost Combined
2026-02-20,-0.01536,"SMALL LoBM, ME1 BM3, ME1 BM4, SMALL HiBM, ME2 BM2",3.1100251184401184,daily_ff5,Daily FF5,XGBoost Combined
2026-02-23,0.01106,"SMALL LoBM, ME1 BM4, SMALL HiBM, ME2 BM2, ME2 BM4",3.1444219962500664,daily_ff5,Daily FF5,XGBoost Combined
2026-02-24,0.01126,"ME1 BM2, SMALL LoBM, ME1 BM3, ME1 BM4, SMALL HiBM",3.1798281879278423,daily_ff5,Daily FF5,XGBoost Combined
2026-02-25,0.00568,"ME1 BM2, SMALL LoBM, ME1 BM3, ME1 BM4, SMALL HiBM",3.197889612035272,daily_ff5,Daily FF5,XGBoost Combined
2026-02-26,-0.01428,"ME1 BM2, SMALL LoBM, ME1 BM3, ME1 BM4, SMALL HiBM",3.1522237483754085,daily_ff5,Daily FF5,XGBoost Combined
2026-02-27,0.01146,"SMALL LoBM, ME1 BM3, ME1 BM4, SMALL HiBM, ME2 BM2",3.1883482325317907,daily_ff5,Daily FF5,XGBoost Combined
2026-03-02,-0.01566,"ME1 BM2, SMALL LoBM, ME1 BM3, ME1 BM4, SMALL HiBM",3.1384186992103427,daily_ff5,Daily FF5,XGBoost Combined
2026-03-03,0.01704,"SMALL LoBM, ME1 BM2, ME1 BM4, SMALL HiBM, ME2 BM2",3.1918973538448867,daily_ff5,Daily FF5,XGBoost Combined
2026-03-04,-0.01732,"SMALL LoBM, ME1 BM2, ME1 BM3, ME1 BM4, SMALL HiBM",3.136613691676293,daily_ff5,Daily FF5,XGBoost Combined
2026-03-05,-0.00792,"SMALL LoBM, ME1 BM2, ME1 BM3, ME1 BM4, SMALL HiBM",3.111771711238217,daily_ff5,Daily FF5,XGBoost Combined
2026-03-06,0.00738,"ME1 BM2, SMALL LoBM, ME1 BM4, SMALL HiBM, ME2 BM2",3.1347365864671546,daily_ff5,Daily FF5,XGBoost Combined
2026-03-09,0.0063799999999999,"SMALL LoBM, ME1 BM2, ME1 BM4, SMALL HiBM, ME2 BM2",3.154736205888815,daily_ff5,Daily FF5,XGBoost Combined
2026-03-10,-0.00058,"ME3 BM4, ME4 BM1, SMALL LoBM, ME1 BM2, ME1 BM3",3.1529064588894,daily_ff5,Daily FF5,XGBoost Combined
2026-03-11,-0.01826,"SMALL LoBM, ME1 BM2, ME1 BM3, ME1 BM4, SMALL HiBM",3.095334386950079,daily_ff5,Daily FF5,XGBoost Combined
2026-03-12,-0.00878,"SMALL LoBM, ME1 BM2, ME1 BM3, ME1 BM4, SMALL HiBM",3.068157351032657,daily_ff5,Daily FF5,XGBoost Combined
2026-03-13,0.0095,"SMALL LoBM, ME1 BM2, ME1 BM3, ME1 BM4, SMALL HiBM",3.0973048458674675,daily_ff5,Daily FF5,XGBoost Combined
2026-03-16,0.00414,"ME5 BM4, SMALL LoBM, ME1 BM2, ME1 BM3, ME1 BM4",3.1101276879293587,daily_ff5,Daily FF5,XGBoost Combined
2026-03-17,-0.02324,"SMALL LoBM, ME1 BM2, ME1 BM3, ME1 BM4, SMALL HiBM",3.0378483204618805,daily_ff5,Daily FF5,XGBoost Combined
2026-03-18,0.0063,"SMALL LoBM, ME1 BM2, ME1 BM3, ME1 BM4, SMALL HiBM",3.05698676488079,daily_ff5,Daily FF5,XGBoost Combined
2026-03-19,-0.02242,"SMALL LoBM, ME1 BM2, ME1 BM3, ME1 BM4, SMALL HiBM",2.9884491216121627,daily_ff5,Daily FF5,XGBoost Combined
2026-03-20,0.0267799999999999,"SMALL LoBM, ME1 BM2, ME1 BM3, ME1 BM4, SMALL HiBM",3.0684797890889364,daily_ff5,Daily FF5,XGBoost Combined
2026-03-23,0.0002399999999999,"ME3 BM4, SMALL LoBM, ME1 BM2, ME1 BM3, ME1 BM4",3.0692162242383176,daily_ff5,Daily FF5,XGBoost Combined
2026-03-24,0.01602,"SMALL LoBM, ME1 BM2, ME1 BM3, ME1 BM4, SMALL HiBM",3.118385068150616,daily_ff5,Daily FF5,XGBoost Combined
2026-03-25,-0.0073399999999999,"ME5 BM4, ME3 BM4, SMALL LoBM, ME1 BM2, ME1 BM3",3.0954961217503896,daily_ff5,Daily FF5,XGBoost Combined
2026-03-26,-0.025,"SMALL LoBM, ME1 BM2, ME1 BM3, ME1 BM4, SMALL HiBM",3.0181087187066296,daily_ff5,Daily FF5,XGBoost Combined
2026-03-27,-0.0137,"ME1 BM2, ME1 BM4, ME3 BM4, SMALL LoBM, ME1 BM3",2.976760629260349,daily_ff5,Daily FF5,XGBoost Combined
2026-03-30,0.03324,"ME1 BM2, ME1 BM4, ME3 BM4, ME4 BM5, SMALL LoBM",3.0757081525769627,daily_ff5,Daily FF5,XGBoost Combined
2026-03-31,0.00572,"SMALL LoBM, ME1 BM4, ME3 BM4, ME4 BM5, ME1 BM3",3.0933012032097027,daily_ff5,Daily FF5,XGBoost Combined
2026-04-01,0.0085,"ME1 BM2, ME2 BM1, ME2 BM2, ME3 BM1, ME4 BM1",3.119594263436985,daily_ff5,Daily FF5,XGBoost Combined
2026-04-02,0.0039799999999999,"SMALL LoBM, ME1 BM3, ME1 BM4, ME3 BM4, ME4 BM5",3.1320102486054644,daily_ff5,Daily FF5,XGBoost Combined
2026-04-06,0.0007,"SMALL LoBM, ME1 BM3, ME1 BM4, ME2 BM2, ME3 BM4",3.134202655779488,daily_ff5,Daily FF5,XGBoost Combined
2026-04-07,0.0232199999999999,"SMALL LoBM, ME1 BM2, ME1 BM3, ME1 BM4, ME2 BM2",3.206978841446688,daily_ff5,Daily FF5,XGBoost Combined
2026-04-08,0.00954,"SMALL LoBM, ME1 BM2, ME1 BM3, ME1 BM4, ME2 BM2",3.237573419594089,daily_ff5,Daily FF5,XGBoost Combined
2026-04-09,-0.0065,"ME3 BM1, ME3 BM3, SMALL LoBM, ME1 BM2, ME1 BM3",3.2165291923667283,daily_ff5,Daily FF5,XGBoost Combined
2026-04-10,0.0159,"SMALL LoBM, ME1 BM2, ME1 BM3, ME1 BM4, SMALL HiBM",3.2676720065253595,daily_ff5,Daily FF5,XGBoost Combined
2026-04-13,0.01358,"SMALL LoBM, ME1 BM2, ME2 BM1, ME3 BM4, ME1 BM3",3.3120469923739737,daily_ff5,Daily FF5,XGBoost Combined
2026-04-14,0.00868,"SMALL LoBM, ME1 BM2, ME1 BM3, ME2 BM1, ME3 BM3",3.34079556026778,daily_ff5,Daily FF5,XGBoost Combined
2026-04-15,0.00412,"SMALL LoBM, ME1 BM2, ME1 BM3, ME2 BM1, ME2 BM2",3.3545596379760827,daily_ff5,Daily FF5,XGBoost Combined
2026-04-16,0.02408,"SMALL LoBM, ME1 BM2, ME2 BM1, ME2 BM2, ME2 BM3",3.435337434058547,daily_ff5,Daily FF5,XGBoost Combined
2026-04-17,0.00532,"ME3 BM2, ME4 BM1, ME4 BM2, ME4 BM4, ME5 BM2",3.4536134292077385,daily_ff5,Daily FF5,XGBoost Combined
2026-04-20,-0.00798,"ME3 BM2, ME4 BM1, ME4 BM2, ME5 BM2, SMALL LoBM",3.426053594042661,daily_ff5,Daily FF5,XGBoost Combined
2026-04-21,0.0071,"ME4 BM4, ME4 BM5, ME5 BM3, ME5 BM4, SMALL LoBM",3.450378574560364,daily_ff5,Daily FF5,XGBoost Combined
2026-04-22,-0.00934,"ME3 BM2, ME4 BM1, ME4 BM2, ME5 BM2, SMALL LoBM",3.41815203867397,daily_ff5,Daily FF5,XGBoost Combined
2026-04-23,0.00614,"ME3 BM2, ME4 BM1, ME5 BM2, SMALL LoBM, ME1 BM2",3.439139492191428,daily_ff5,Daily FF5,XGBoost Combined
2026-04-24,0.00038,"ME3 BM2, ME4 BM1, ME5 BM2, ME4 BM4, ME4 BM5",3.440446365198461,daily_ff5,Daily FF5,XGBoost Combined
2026-04-27,-0.0073399999999999,"BIG HiBM, ME4 BM1, ME4 BM2, ME5 BM2, SMALL LoBM",3.4151934888779043,daily_ff5,Daily FF5,XGBoost Combined
2026-04-28,-0.0112,"ME3 BM2, ME4 BM1, ME4 BM2, ME5 BM2, SMALL LoBM",3.376943321802472,daily_ff5,Daily FF5,XGBoost Combined
2026-04-29,0.01952,"ME4 BM1, ME4 BM2, ME5 BM2, BIG HiBM, SMALL LoBM",3.4428612554440563,daily_ff5,Daily FF5,XGBoost Combined
2026-04-30,0.00772,"ME3 BM2, ME4 BM1, ME4 BM2, BIG HiBM, SMALL LoBM",3.469440144336084,daily_ff5,Daily FF5,XGBoost Combined
2026-05-01,-0.00584,"ME4 BM1, ME5 BM2, BIG HiBM, SMALL LoBM, ME1 BM2",3.449178613893161,daily_ff5,Daily FF5,XGBoost Combined
2026-05-04,0.01064,"ME3 BM2, ME4 BM1, ME4 BM2, ME4 BM3, ME4 BM4",3.4858778743449848,daily_ff5,Daily FF5,XGBoost Combined
2026-05-05,0.01422,"ME4 BM1, ME4 BM3, ME4 BM4, ME5 BM2, BIG HiBM",3.5354470577181702,daily_ff5,Daily FF5,XGBoost Combined
2026-05-06,-0.01304,"ME4 BM1, ME4 BM3, BIG HiBM, ME2 BM5, ME4 BM4",3.489344828085525,daily_ff5,Daily FF5,XGBoost Combined
2026-05-07,0.0174,"ME2 BM3, ME4 BM1, ME4 BM3, ME5 BM2, BIG HiBM",3.550059428094213,daily_ff5,Daily FF5,XGBoost Combined
2026-05-08,0.0036999999999999,"ME1 BM2, ME3 BM4, ME4 BM1, ME4 BM2, ME4 BM3",3.563194647978162,daily_ff5,Daily FF5,XGBoost Combined
2026-05-11,-0.00626,"ME3 BM4, ME4 BM1, ME4 BM2, ME4 BM3, ME4 BM4",3.5408890494818186,daily_ff5,Daily FF5,XGBoost Combined
2026-05-12,-0.00118,"ME4 BM1, ME4 BM4, ME5 BM2, ME5 BM3, BIG HiBM",3.53671080040343,daily_ff5,Daily FF5,XGBoost Combined
2026-05-13,0.0032,"ME4 BM1, ME4 BM4, ME5 BM2, BIG HiBM, SMALL LoBM",3.548028274964721,daily_ff5,Daily FF5,XGBoost Combined
2026-05-14,-0.02396,"ME4 BM1, ME5 BM2, BIG HiBM, SMALL LoBM, ME1 BM3",3.4630175174965667,daily_ff5,Daily FF5,XGBoost Combined
2026-05-15,-0.0101,"ME4 BM1, ME5 BM2, BIG HiBM, SMALL LoBM, ME1 BM2",3.428041040569852,daily_ff5,Daily FF5,XGBoost Combined
2026-05-18,-0.0053799999999999,"ME4 BM1, ME4 BM4, ME5 BM2, BIG HiBM, SMALL LoBM",3.409598179771585,daily_ff5,Daily FF5,XGBoost Combined
2026-05-19,0.0203199999999999,"ME4 BM2, ME5 BM2, BIG HiBM, ME2 BM5, ME4 BM5",3.478881214784544,daily_ff5,Daily FF5,XGBoost Combined
2026-05-20,0.0036199999999999,"ME3 BM4, ME4 BM1, ME5 BM2, BIG HiBM, SMALL LoBM",3.491474764782064,daily_ff5,Daily FF5,XGBoost Combined
2026-05-21,0.0097,"ME3 BM4, ME4 BM1, ME4 BM3, ME4 BM4, ME5 BM2",3.5253420700004496,daily_ff5,Daily FF5,XGBoost Combined
2026-05-22,0.01378,"ME3 BM4, ME4 BM1, ME5 BM2, BIG HiBM, SMALL LoBM",3.573921283725056,daily_ff5,Daily FF5,XGBoost Combined
2026-05-26,-0.0004399999999999,"ME3 BM4, ME4 BM1, ME5 BM2, BIG HiBM, ME2 BM5",3.5723487583602163,daily_ff5,Daily FF5,XGBoost Combined
2026-05-27,0.01044,"ME3 BM4, ME4 BM1, ME5 BM2, BIG HiBM, SMALL LoBM",3.609644079397497,daily_ff5,Daily FF5,XGBoost Combined
2011-06-01,-0.0389764,"ME5 BM4, ME4 BM2, ME3 BM2, ME3 BM1, ME1 BM3",0.9610236,monthly_ff3,Monthly FF3,Ensemble Combined
2011-07-01,-0.0849146,"ME5 BM4, ME5 BM3, SMALL HiBM, BIG HiBM, ME2 BM5",0.8794186654154399,monthly_ff3,Monthly FF3,Ensemble Combined
2011-08-01,-0.1059748,"ME3 BM1, ME2 BM3, SMALL HiBM, ME4 BM1, ME1 BM3",0.7862224482317717,monthly_ff3,Monthly FF3,Ensemble Combined
2011-09-01,0.1251325999999999,"ME5 BM3, ME4 BM4, ME5 BM2, SMALL LoBM, ME3 BM4",0.8846045073573786,monthly_ff3,Monthly FF3,Ensemble Combined
2011-10-01,-0.0013907999999999,"ME4 BM5, ME5 BM4, ME5 BM2, ME2 BM2, ME3 BM5",0.883374199408546,monthly_ff3,Monthly FF3,Ensemble Combined
2011-11-01,0.0190412,"ME3 BM5, ME4 BM4, ME2 BM2, ME2 BM4, ME5 BM3",0.900194704214324,monthly_ff3,Monthly FF3,Ensemble Combined
2011-12-01,0.0780535999999999,"ME2 BM1, ME4 BM2, BIG HiBM, ME4 BM1, ME3 BM4",0.9704581415791872,monthly_ff3,Monthly FF3,Ensemble Combined
2012-01-01,0.0431748,"BIG HiBM, ME2 BM3, ME4 BM2, ME3 BM3, BIG LoBM",1.0123574777502404,monthly_ff3,Monthly FF3,Ensemble Combined
2012-02-01,0.0363022,"SMALL LoBM, BIG HiBM, ME4 BM1, ME2 BM3, ME2 BM1",1.0491082813790251,monthly_ff3,Monthly FF3,Ensemble Combined
2012-03-01,-0.0158716,"BIG HiBM, ME4 BM5, ME4 BM3, ME2 BM1, ME4 BM2",1.03245725438029,monthly_ff3,Monthly FF3,Ensemble Combined
2012-04-01,-0.0765188,"BIG HiBM, SMALL LoBM, SMALL HiBM, ME3 BM2, ME1 BM2",0.9534548642238154,monthly_ff3,Monthly FF3,Ensemble Combined
2012-05-01,0.0492096,"SMALL LoBM, SMALL HiBM, BIG LoBM, ME5 BM4, ME3 BM5",1.0003739967103236,monthly_ff3,Monthly FF3,Ensemble Combined
2012-06-01,-0.0027998,"BIG LoBM, BIG HiBM, ME5 BM2, ME3 BM3, SMALL HiBM",0.997573149594334,monthly_ff3,Monthly FF3,Ensemble Combined
2012-07-01,0.0301134,"BIG LoBM, ME2 BM1, ME4 BM1, BIG HiBM, ME1 BM2",1.027613468877328,monthly_ff3,Monthly FF3,Ensemble Combined
2012-08-01,0.0414886,"ME3 BM4, ME2 BM3, ME1 BM2, ME2 BM4, ME1 BM4",1.070247713042192,monthly_ff3,Monthly FF3,Ensemble Combined
2012-09-01,-0.0028426,"ME3 BM4, ME3 BM2, ME3 BM3, ME2 BM3, ME2 BM5",1.0672054268930982,monthly_ff3,Monthly FF3,Ensemble Combined
2012-10-01,0.0076124,"ME4 BM4, ME5 BM2, ME3 BM2, ME5 BM3, ME5 BM4",1.075329421484779,monthly_ff3,Monthly FF3,Ensemble Combined
2012-11-01,0.0131976,"ME2 BM2, BIG LoBM, ME5 BM3, ME5 BM4, ME5 BM2",1.0895211890577663,monthly_ff3,Monthly FF3,Ensemble Combined
2012-12-01,0.0628086,"ME5 BM4, ME2 BM2, ME3 BM5, ME5 BM3, ME1 BM4",1.1579524896128202,monthly_ff3,Monthly FF3,Ensemble Combined
2013-01-01,0.0113594,"ME5 BM2, ME1 BM4, ME2 BM1, ME2 BM2, ME1 BM2",1.1711061351233278,monthly_ff3,Monthly FF3,Ensemble Combined
2013-02-01,0.0410744,"BIG HiBM, ME4 BM1, ME4 BM3, ME4 BM2, ME3 BM3",1.2192086169598375,monthly_ff3,Monthly FF3,Ensemble Combined
2013-03-01,0.002884,"ME4 BM4, ME5 BM2, ME2 BM2, ME2 BM1, ME4 BM1",1.2227248146111498,monthly_ff3,Monthly FF3,Ensemble Combined
2013-04-01,0.0303408,"ME5 BM4, ME3 BM3, ME4 BM3, ME4 BM2, ME3 BM1",1.2598232636663038,monthly_ff3,Monthly FF3,Ensemble Combined
2013-05-01,-0.0116625999999999,"ME2 BM2, ME4 BM3, ME4 BM4, ME4 BM2, ME5 BM4",1.2451304488714692,monthly_ff3,Monthly FF3,Ensemble Combined
2013-06-01,0.0741583999999999,"BIG LoBM, ME5 BM3, SMALL LoBM, ME1 BM4, ME1 BM2",1.3374673307510592,monthly_ff3,Monthly FF3,Ensemble Combined
2013-07-01,-0.0279491999999999,"BIG LoBM, ME3 BM5, ME4 BM1, ME5 BM2, ME4 BM5",1.3000861888304316,monthly_ff3,Monthly FF3,Ensemble Combined
2013-08-01,0.0549329999999999,"BIG LoBM, ME3 BM1, ME1 BM2, ME5 BM2, ME1 BM3",1.3715038234414536,monthly_ff3,Monthly FF3,Ensemble Combined
2013-09-01,0.032324,"ME5 BM3, ME5 BM2, BIG LoBM, ME1 BM3, SMALL LoBM",1.4158363130303753,monthly_ff3,Monthly FF3,Ensemble Combined
2013-10-01,0.0420284,"ME1 BM3, SMALL LoBM, ME3 BM1, BIG LoBM, ME5 BM3",1.475341647928941,monthly_ff3,Monthly FF3,Ensemble Combined
2013-11-01,0.0239036,"ME1 BM3, ME2 BM1, BIG HiBM, SMALL LoBM, ME4 BM1",1.5106076245443751,monthly_ff3,Monthly FF3,Ensemble Combined
2013-12-01,-0.0280149999999999,"ME4 BM4, ME4 BM3, ME5 BM4, ME4 BM2, ME3 BM1",1.4682879519427643,monthly_ff3,Monthly FF3,Ensemble Combined
2014-01-01,0.0430698,"ME2 BM2, ME4 BM5, ME2 BM1, ME5 BM4, ME1 BM3",1.5315268203753492,monthly_ff3,Monthly FF3,Ensemble Combined
2014-02-01,-0.0145215999999999,"ME3 BM1, ME2 BM1, ME2 BM2, ME1 BM3, ME2 BM4",1.5092866005005865,monthly_ff3,Monthly FF3,Ensemble Combined
2014-03-01,-0.0196348,"BIG HiBM, ME3 BM3, ME3 BM5, ME2 BM4, ME4 BM5",1.4796520599570775,monthly_ff3,Monthly FF3,Ensemble Combined
2014-04-01,0.006468,"ME3 BM2, ME4 BM2, ME1 BM3, ME3 BM3, ME1 BM2",1.48922244948088,monthly_ff3,Monthly FF3,Ensemble Combined
2014-05-01,0.038041,"ME4 BM5, ME5 BM2, ME2 BM2, ME3 BM3, ME4 BM2",1.545873960681582,monthly_ff3,Monthly FF3,Ensemble Combined
2014-06-01,-0.0415958,"ME4 BM2, ME1 BM3, ME5 BM2, ME5 BM4, ME2 BM4",1.4815720965878632,monthly_ff3,Monthly FF3,Ensemble Combined
2014-07-01,0.0501885999999999,"ME1 BM2, BIG LoBM, ME2 BM2, ME2 BM3, ME3 BM1",1.5559301259146727,monthly_ff3,Monthly FF3,Ensemble Combined
2014-08-01,-0.0383992,"ME5 BM4, BIG LoBM, ME3 BM5, ME4 BM4, ME4 BM1",1.4961836538236502,monthly_ff3,Monthly FF3,Ensemble Combined
2014-09-01,0.0297904,"ME2 BM3, ME2 BM5, ME4 BM4, ME5 BM4, ME4 BM2",1.5407555633445182,monthly_ff3,Monthly FF3,Ensemble Combined
2014-10-01,0.0133632,"ME5 BM2, ME5 BM4, ME4 BM4, ME1 BM4, BIG LoBM",1.5613449880886037,monthly_ff3,Monthly FF3,Ensemble Combined
2014-11-01,0.0110396,"ME1 BM3, ME4 BM5, ME5 BM4, ME4 BM2, ME5 BM2",1.5785816122191063,monthly_ff3,Monthly FF3,Ensemble Combined
2014-12-01,-0.0411366,"ME4 BM5, ME4 BM4, ME3 BM3, ME2 BM3, ME2 BM5",1.513644131869894,monthly_ff3,Monthly FF3,Ensemble Combined
2015-01-01,0.0637314,"ME5 BM3, ME2 BM3, BIG LoBM, ME4 BM1, ME1 BM4",1.610110791495747,monthly_ff3,Monthly FF3,Ensemble Combined
2015-02-01,-0.0100392,"ME5 BM4, ME4 BM5, ME4 BM2, ME5 BM3, BIG LoBM",1.5939465672377628,monthly_ff3,Monthly FF3,Ensemble Combined
2015-03-01,0.0024207999999999,"ME5 BM3, ME5 BM2, ME4 BM2, ME4 BM4, ME4 BM5",1.597805193087732,monthly_ff3,Monthly FF3,Ensemble Combined
2015-04-01,0.016522,"ME4 BM4, ME5 BM4, ME4 BM1, ME4 BM2, ME4 BM3",1.6242041304879271,monthly_ff3,Monthly FF3,Ensemble Combined
2015-05-01,-0.0027764,"ME3 BM3, ME4 BM4, ME1 BM4, ME4 BM2, ME3 BM2",1.6196946901400406,monthly_ff3,Monthly FF3,Ensemble Combined
2015-06-01,-0.003195,"ME4 BM5, ME5 BM4, BIG HiBM, ME3 BM3, BIG LoBM",1.6145197656050434,monthly_ff3,Monthly FF3,Ensemble Combined
2015-07-01,-0.0620402,"ME5 BM4, BIG LoBM, ME5 BM2, BIG HiBM, ME4 BM5",1.5143546364429534,monthly_ff3,Monthly FF3,Ensemble Combined
2015-08-01,-0.0475882,"ME3 BM5, SMALL HiBM, ME3 BM3, ME5 BM4, BIG HiBM",1.4422892251329789,monthly_ff3,Monthly FF3,Ensemble Combined
2015-09-01,0.0738685999999999,"ME4 BM5, ME3 BM3, ME4 BM2, ME4 BM3, ME5 BM3",1.5488291109886367,monthly_ff3,Monthly FF3,Ensemble Combined
2015-10-01,0.0173502,"ME4 BM2, ME4 BM4, ME4 BM5, ME3 BM5, ME3 BM4",1.575701605830112,monthly_ff3,Monthly FF3,Ensemble Combined
2015-11-01,-0.0528544,"ME4 BM5, ME1 BM4, SMALL HiBM, ME3 BM3, ME4 BM4",1.4924188428749248,monthly_ff3,Monthly FF3,Ensemble Combined
2015-12-01,-0.0658752,"ME5 BM3, ME4 BM2, ME4 BM3, ME4 BM5, ME3 BM3",1.3941054531167705,monthly_ff3,Monthly FF3,Ensemble Combined
2016-01-01,0.0015223999999999,"ME4 BM4, SMALL HiBM, ME5 BM4, ME5 BM3, ME4 BM5",1.3962278392585954,monthly_ff3,Monthly FF3,Ensemble Combined
2016-02-01,0.074747,"ME5 BM4, ME2 BM1, ME5 BM3, ME5 BM2, ME1 BM2",1.5005916815596574,monthly_ff3,Monthly FF3,Ensemble Combined
2016-03-01,0.0050912,"ME5 BM2, ME5 BM4, ME1 BM4, BIG LoBM, ME2 BM3",1.508231493928814,monthly_ff3,Monthly FF3,Ensemble Combined
2016-04-01,0.0128376,"ME2 BM5, ME4 BM4, ME4 BM5, ME2 BM3, ME3 BM5",1.5275935665552742,monthly_ff3,Monthly FF3,Ensemble Combined
2016-05-01,-0.0105294,"ME5 BM2, BIG LoBM, ME2 BM2, SMALL LoBM, ME3 BM2",1.5115089228555871,monthly_ff3,Monthly FF3,Ensemble Combined
2016-06-01,0.0432874,"ME5 BM4, ME5 BM3, ME3 BM1, ME2 BM2, SMALL HiBM",1.576938214202806,monthly_ff3,Monthly FF3,Ensemble Combined
2016-07-01,0.0152084,"ME3 BM2, ME4 BM2, ME2 BM4, ME4 BM3, ME4 BM4",1.600920921339688,monthly_ff3,Monthly FF3,Ensemble Combined
2016-08-01,0.0249088,"ME2 BM1, ME3 BM1, ME1 BM4, ME4 BM4, ME1 BM3",1.640797940385154,monthly_ff3,Monthly FF3,Ensemble Combined
2016-09-01,-0.0249678,"ME4 BM4, ME3 BM1, ME5 BM2, BIG LoBM, ME5 BM3",1.5998308255692055,monthly_ff3,Monthly FF3,Ensemble Combined
2016-10-01,0.0550496,"SMALL LoBM, ME5 BM2, ME4 BM1, ME4 BM2, ME3 BM1",1.6879008725844602,monthly_ff3,Monthly FF3,Ensemble Combined
2016-11-01,0.0218936,"ME5 BM2, ME5 BM4, BIG LoBM, ME2 BM2, ME1 BM3",1.7248550991284757,monthly_ff3,Monthly FF3,Ensemble Combined
2016-12-01,-0.0022984,"ME3 BM4, ME3 BM5, ME2 BM5, SMALL HiBM, ME1 BM4",1.7208906921686384,monthly_ff3,Monthly FF3,Ensemble Combined
2017-01-01,0.0231332,"ME5 BM4, ME1 BM4, ME4 BM1, ME3 BM3, SMALL LoBM",1.760700400728714,monthly_ff3,Monthly FF3,Ensemble Combined
2017-02-01,-0.0083956,"ME5 BM3, ME5 BM4, ME4 BM4, BIG HiBM, ME3 BM3",1.745918264444356,monthly_ff3,Monthly FF3,Ensemble Combined
2017-03-01,0.0086735999999999,"ME4 BM4, ME3 BM3, ME3 BM2, ME2 BM2, ME5 BM3",1.761061661102841,monthly_ff3,Monthly FF3,Ensemble Combined
2017-04-01,0.0086946,"ME5 BM2, ME5 BM3, ME5 BM4, ME4 BM3, ME4 BM1",1.7763733878214656,monthly_ff3,Monthly FF3,Ensemble Combined
2017-05-01,0.0275618,"ME4 BM3, ME5 BM4, ME1 BM2, ME3 BM4, ME5 BM3",1.8253334358619235,monthly_ff3,Monthly FF3,Ensemble Combined
2017-06-01,0.0039941999999999,"ME4 BM3, ME5 BM4, ME3 BM3, ME1 BM2, ME3 BM4",1.832624182671443,monthly_ff3,Monthly FF3,Ensemble Combined
2017-07-01,-0.0102172,"ME1 BM3, ME4 BM3, ME3 BM3, ME1 BM2, SMALL LoBM",1.813899894872252,monthly_ff3,Monthly FF3,Ensemble Combined
2017-08-01,0.0650726,"SMALL HiBM, ME1 BM2, ME2 BM1, ME3 BM4, BIG HiBM",1.931935077171316,monthly_ff3,Monthly FF3,Ensemble Combined
2017-09-01,0.0126962,"ME2 BM3, ME1 BM3, ME5 BM2, ME1 BM4, ME3 BM1",1.9564633112980985,monthly_ff3,Monthly FF3,Ensemble Combined
2017-10-01,0.0242001999999999,"ME1 BM4, ME1 BM3, ME2 BM3, ME3 BM3, SMALL LoBM",2.0038101147241747,monthly_ff3,Monthly FF3,Ensemble Combined
2017-11-01,0.0066043999999999,"ME4 BM4, ME3 BM4, ME3 BM3, ME4 BM5, ME1 BM3",2.017044078245859,monthly_ff3,Monthly FF3,Ensemble Combined
2017-12-01,0.0438308,"ME1 BM4, ME4 BM1, BIG HiBM, ME3 BM1, ME1 BM2",2.1054527338306377,monthly_ff3,Monthly FF3,Ensemble Combined
2018-01-01,-0.0323254,"ME4 BM1, BIG LoBM, ME3 BM1, ME3 BM5, ME2 BM5",2.037393132028469,monthly_ff3,Monthly FF3,Ensemble Combined
2018-02-01,-0.0020285999999999,"ME5 BM4, ME2 BM1, ME3 BM5, ME2 BM5, BIG LoBM",2.033260076320836,monthly_ff3,Monthly FF3,Ensemble Combined
2018-03-01,0.0089239999999999,"ME5 BM3, ME4 BM2, ME4 BM3, BIG HiBM, ME2 BM5",2.0514048892419225,monthly_ff3,Monthly FF3,Ensemble Combined
2018-04-01,0.0494826,"ME4 BM1, ME2 BM2, ME5 BM3, ME3 BM3, ME2 BM1",2.152913736814325,monthly_ff3,Monthly FF3,Ensemble Combined
2018-05-01,0.0085268,"ME2 BM1, ME3 BM2, BIG HiBM, ME3 BM3, ME2 BM2",2.1712712016653937,monthly_ff3,Monthly FF3,Ensemble Combined
2018-06-01,0.0121906,"SMALL LoBM, ME1 BM2, BIG HiBM, ME2 BM1, ME1 BM3",2.197740300376416,monthly_ff3,Monthly FF3,Ensemble Combined
2018-07-01,0.0171009999999999,"ME4 BM4, ME3 BM5, BIG HiBM, ME4 BM3, ME3 BM3",2.235323857253153,monthly_ff3,Monthly FF3,Ensemble Combined
2018-08-01,-0.0116822,"ME2 BM2, ME4 BM4, ME2 BM1, ME3 BM2, ME4 BM3",2.2092103568879504,monthly_ff3,Monthly FF3,Ensemble Combined
2018-09-01,-0.0806385999999999,"ME4 BM3, ME4 BM4, ME3 BM3, BIG HiBM, ME1 BM4",2.0310627266030057,monthly_ff3,Monthly FF3,Ensemble Combined
2018-10-01,0.0120446,"ME3 BM5, BIG HiBM, ME3 BM3, BIG LoBM, ME3 BM2",2.055526064719849,monthly_ff3,Monthly FF3,Ensemble Combined
2018-11-01,-0.1149954,"ME5 BM4, ME5 BM3, ME4 BM4, ME1 BM2, ME2 BM2",1.819150022696964,monthly_ff3,Monthly FF3,Ensemble Combined
2018-12-01,0.0923442,"ME4 BM4, BIG LoBM, BIG HiBM, ME5 BM4, ME5 BM2",1.987137976222897,monthly_ff3,Monthly FF3,Ensemble Combined
2019-01-01,0.043842,"ME5 BM2, BIG LoBM, ME4 BM1, ME4 BM4, ME3 BM2",2.074258079376461,monthly_ff3,Monthly FF3,Ensemble Combined
2019-02-01,-0.0163793999999999,"ME4 BM4, ME3 BM5, SMALL HiBM, ME5 BM3, ME4 BM3",2.040282976591122,monthly_ff3,Monthly FF3,Ensemble Combined
2019-03-01,0.0382556,"SMALL HiBM, ME4 BM4, ME4 BM5, ME5 BM3, ME3 BM5",2.1183352260304016,monthly_ff3,Monthly FF3,Ensemble Combined
2019-04-01,-0.077953,"ME1 BM2, ME5 BM2, ME2 BM1, ME2 BM5, ME1 BM4",1.953204640155653,monthly_ff3,Monthly FF3,Ensemble Combined
2019-05-01,0.0700668,"SMALL LoBM, ME4 BM5, ME1 BM2, ME3 BM4, BIG HiBM",2.090059439036512,monthly_ff3,Monthly FF3,Ensemble Combined
2019-06-01,0.0031183999999999,"ME5 BM2, ME1 BM3, BIG LoBM, ME1 BM2, ME5 BM4",2.096577080391203,monthly_ff3,Monthly FF3,Ensemble Combined
2019-07-01,-0.0440207999999999,"ME4 BM5, ME5 BM2, ME2 BM3, ME2 BM1, ME2 BM4",2.004284080050718,monthly_ff3,Monthly FF3,Ensemble Combined
2019-08-01,0.0080036,"ME5 BM2, BIG LoBM, SMALL LoBM, ME5 BM3, ME1 BM3",2.020325568113812,monthly_ff3,Monthly FF3,Ensemble Combined
2019-09-01,0.0131838,"ME5 BM2, ME5 BM3, SMALL HiBM, ME1 BM3, ME5 BM4",2.0469611363387106,monthly_ff3,Monthly FF3,Ensemble Combined
2019-10-01,0.0429412,"SMALL HiBM, ME3 BM5, ME2 BM1, ME2 BM4, ME2 BM5",2.1348601038864583,monthly_ff3,Monthly FF3,Ensemble Combined
2019-11-01,0.0269252,"ME4 BM3, ME5 BM2, ME5 BM3, ME4 BM1, ME2 BM3",2.192341639155622,monthly_ff3,Monthly FF3,Ensemble Combined
2019-12-01,-0.0140647999999999,"SMALL LoBM, ME3 BM1, ME1 BM2, ME4 BM1, ME2 BM1",2.161506792469226,monthly_ff3,Monthly FF3,Ensemble Combined
2020-01-01,-0.0700458,"ME5 BM2, ME1 BM2, BIG LoBM, ME4 BM1, ME5 BM3",2.0101023199852848,monthly_ff3,Monthly FF3,Ensemble Combined
2020-02-01,-0.1853055999999999,"ME5 BM2, SMALL LoBM, ME4 BM5, ME4 BM1, ME5 BM3",1.6376191035190195,monthly_ff3,Monthly FF3,Ensemble Combined
2020-03-01,0.1398238,"ME5 BM3, ME5 BM2, ME3 BM1, ME2 BM2, ME4 BM1",1.8665972295256423,monthly_ff3,Monthly FF3,Ensemble Combined
2020-04-01,0.0608184,"ME2 BM5, ME3 BM2, ME1 BM2, SMALL HiBM, ME4 BM4",1.980120686469825,monthly_ff3,Monthly FF3,Ensemble Combined
2020-05-01,0.0291312,"ME1 BM4, ME1 BM3, BIG LoBM, ME5 BM2, ME5 BM3",2.0378039782115147,monthly_ff3,Monthly FF3,Ensemble Combined
2020-06-01,0.023204,"ME1 BM2, SMALL HiBM, ME1 BM3, ME1 BM4, ME5 BM2",2.085089181721935,monthly_ff3,Monthly FF3,Ensemble Combined
2020-07-01,0.0594522,"SMALL HiBM, ME1 BM4, ME1 BM3, ME1 BM2, ME3 BM1",2.209052320771504,monthly_ff3,Monthly FF3,Ensemble Combined
2020-08-01,-0.0304038,"SMALL HiBM, ME4 BM2, ME4 BM3, ME3 BM2, BIG LoBM",2.141888735821231,monthly_ff3,Monthly FF3,Ensemble Combined
2020-09-01,-0.0010073999999999,"ME1 BM4, ME4 BM1, BIG LoBM, ME5 BM2, ME1 BM2",2.139730997108765,monthly_ff3,Monthly FF3,Ensemble Combined
2020-10-01,0.1557586,"ME4 BM1, ME1 BM4, ME4 BM2, BIG LoBM, ME3 BM1",2.4730125015950297,monthly_ff3,Monthly FF3,Ensemble Combined
2020-11-01,0.0810428,"ME1 BM4, ME1 BM3, ME3 BM3, ME2 BM2, ME4 BM2",2.673432359159296,monthly_ff3,Monthly FF3,Ensemble Combined
2020-12-01,0.0168538,"ME3 BM2, ME4 BM3, ME3 BM4, ME2 BM2, ME5 BM4",2.718489853454095,monthly_ff3,Monthly FF3,Ensemble Combined
2021-01-01,0.0660264,"ME3 BM1, ME3 BM5, SMALL HiBM, SMALL LoBM, BIG HiBM",2.897981951914196,monthly_ff3,Monthly FF3,Ensemble Combined
2021-02-01,0.0360679999999999,"ME2 BM2, BIG HiBM, ME2 BM4, ME1 BM3, ME1 BM4",3.002506364955837,monthly_ff3,Monthly FF3,Ensemble Combined
2021-03-01,0.036261,"ME3 BM1, ME3 BM2, ME5 BM4, ME4 BM3, ME2 BM4",3.111380248255501,monthly_ff3,Monthly FF3,Ensemble Combined
2021-04-01,0.0603468,"ME3 BM5, SMALL HiBM, ME3 BM4, ME4 BM4, ME2 BM5",3.299142089820927,monthly_ff3,Monthly FF3,Ensemble Combined
2021-05-01,0.029023,"SMALL LoBM, SMALL HiBM, ME1 BM2, ME3 BM4, ME4 BM2",3.3948930906938,monthly_ff3,Monthly FF3,Ensemble Combined
2021-06-01,-0.0015261999999999,"SMALL HiBM, ME4 BM2, ME3 BM4, ME4 BM4, ME3 BM3",3.389711804858783,monthly_ff3,Monthly FF3,Ensemble Combined
2021-07-01,0.0288985999999999,"SMALL HiBM, SMALL LoBM, ME5 BM3, ME4 BM4, BIG HiBM",3.4876697304226747,monthly_ff3,Monthly FF3,Ensemble Combined
2021-08-01,-0.0116769999999999,"SMALL HiBM, SMALL LoBM, ME4 BM1, BIG HiBM, ME2 BM5",3.446944210980529,monthly_ff3,Monthly FF3,Ensemble Combined
2021-09-01,0.039714,"SMALL HiBM, SMALL LoBM, ME4 BM2, BIG HiBM, ME5 BM3",3.583836153375409,monthly_ff3,Monthly FF3,Ensemble Combined
2021-10-01,-0.0403696,"SMALL HiBM, SMALL LoBM, ME5 BM2, ME2 BM5, ME4 BM4",3.4391581213981057,monthly_ff3,Monthly FF3,Ensemble Combined
2021-11-01,0.0434338,"SMALL HiBM, ME2 BM5, BIG LoBM, ME4 BM2, ME5 BM2",3.588533827411287,monthly_ff3,Monthly FF3,Ensemble Combined
2021-12-01,-0.0239472,"SMALL HiBM, ME5 BM3, ME4 BM2, ME4 BM3, ME5 BM4",3.5025984901395035,monthly_ff3,Monthly FF3,Ensemble Combined
2022-01-01,0.0089861999999999,"SMALL HiBM, ME5 BM3, ME4 BM3, ME3 BM2, ME5 BM4",3.5340735406915957,monthly_ff3,Monthly FF3,Ensemble Combined
2022-02-01,0.0083218,"ME4 BM1, ME5 BM3, BIG HiBM, ME5 BM4, ME1 BM4",3.5634833938825228,monthly_ff3,Monthly FF3,Ensemble Combined
2022-03-01,-0.0675931999999999,"ME2 BM3, ME3 BM4, ME5 BM3, ME5 BM4, ME1 BM4",3.3226161481431427,monthly_ff3,Monthly FF3,Ensemble Combined
2022-04-01,0.0274648,"ME5 BM3, ME3 BM4, ME4 BM4, ME2 BM5, ME1 BM4",3.413871136128664,monthly_ff3,Monthly FF3,Ensemble Combined
2022-05-01,-0.098252,"ME4 BM4, ME4 BM5, BIG HiBM, ME2 BM3, ME2 BM2",3.0784514692617506,monthly_ff3,Monthly FF3,Ensemble Combined
2022-06-01,0.1013662,"ME2 BM5, ME4 BM5, ME1 BM2, ME2 BM1, ME1 BM4",3.390502396585231,monthly_ff3,Monthly FF3,Ensemble Combined
2022-07-01,-0.0213165999999999,"ME5 BM2, BIG LoBM, ME1 BM4, ME1 BM3, ME4 BM2",3.3182284131981823,monthly_ff3,Monthly FF3,Ensemble Combined
2022-08-01,-0.0993944,"ME2 BM4, ME2 BM3, ME3 BM2, BIG LoBM, ME4 BM5",2.988415091005397,monthly_ff3,Monthly FF3,Ensemble Combined
2022-09-01,0.064887,"SMALL LoBM, ME2 BM1, ME1 BM2, ME5 BM2, ME1 BM4",3.182324381015464,monthly_ff3,Monthly FF3,Ensemble Combined
2022-10-01,-0.013163,"SMALL LoBM, ME2 BM1, ME1 BM2, BIG LoBM, ME2 BM2",3.140435445188157,monthly_ff3,Monthly FF3,Ensemble Combined
2022-11-01,-0.0580098,"ME5 BM2, ME4 BM4, SMALL LoBM, BIG LoBM, ME4 BM2",2.958259413099881,monthly_ff3,Monthly FF3,Ensemble Combined
2022-12-01,0.0944362,"ME3 BM3, ME4 BM1, ME3 BM1, BIG LoBM, ME3 BM4",3.2376261906872643,monthly_ff3,Monthly FF3,Ensemble Combined
2023-01-01,-0.0285592,"ME5 BM4, BIG HiBM, ME3 BM5, ME2 BM5, ME4 BM5",3.1451621767821885,monthly_ff3,Monthly FF3,Ensemble Combined
2023-02-01,-0.0504369999999999,"ME2 BM5, ME2 BM4, ME3 BM3, ME3 BM4, ME4 BM3",2.986529632071825,monthly_ff3,Monthly FF3,Ensemble Combined
2023-03-01,-0.0029916,"BIG LoBM, SMALL LoBM, ME3 BM5, ME3 BM1, ME2 BM2",2.97759513002452,monthly_ff3,Monthly FF3,Ensemble Combined
2023-04-01,-0.0132807999999999,"ME5 BM3, BIG LoBM, ME4 BM3, ME5 BM2, ME3 BM2",2.93805028462169,monthly_ff3,Monthly FF3,Ensemble Combined
2023-05-01,0.0781598,"ME3 BM5, BIG LoBM, ME4 BM5, ME2 BM5, SMALL LoBM",3.167687707257664,monthly_ff3,Monthly FF3,Ensemble Combined
2023-06-01,0.0389903999999999,"SMALL LoBM, ME2 BM1, ME2 BM2, ME1 BM2, ME1 BM3",3.291197118038724,monthly_ff3,Monthly FF3,Ensemble Combined
2023-07-01,-0.0397038,"ME3 BM4, ME4 BM2, ME4 BM4, ME3 BM2, ME4 BM1",3.1605240859035377,monthly_ff3,Monthly FF3,Ensemble Combined
2023-08-01,-0.0565616,"ME2 BM5, SMALL HiBM, ME4 BM5, ME3 BM5, ME2 BM4",2.9817597867662964,monthly_ff3,Monthly FF3,Ensemble Combined
2023-09-01,-0.0499984,"ME4 BM1, BIG LoBM, ME4 BM4, ME4 BM2, ME3 BM5",2.8326765682436403,monthly_ff3,Monthly FF3,Ensemble Combined
2023-10-01,0.0991804,"ME5 BM4, ME5 BM3, ME4 BM5, BIG HiBM, ME1 BM3",3.113622563352672,monthly_ff3,Monthly FF3,Ensemble Combined
2023-11-01,0.1100852,"BIG HiBM, SMALL LoBM, ME4 BM2, ME4 BM1, ME4 BM5",3.456386325963863,monthly_ff3,Monthly FF3,Ensemble Combined
2023-12-01,-0.0397094,"ME3 BM5, ME2 BM5, ME3 BM4, BIG HiBM, ME2 BM2",3.319135298791634,monthly_ff3,Monthly FF3,Ensemble Combined
2024-01-01,0.0484722,"SMALL LoBM, ME4 BM5, BIG HiBM, ME2 BM5, ME5 BM3",3.4800210888217213,monthly_ff3,Monthly FF3,Ensemble Combined
2024-02-01,0.0374946,"ME1 BM3, ME5 BM3, BIG LoBM, ME5 BM4, ME5 BM2",3.610503087538656,monthly_ff3,Monthly FF3,Ensemble Combined
2024-03-01,-0.0715152,"ME1 BM3, ME5 BM3, SMALL LoBM, ME2 BM1, BIG LoBM",3.352297237132712,monthly_ff3,Monthly FF3,Ensemble Combined
2024-04-01,0.0477448,"ME3 BM5, ME4 BM4, ME5 BM3, ME2 BM5, BIG LoBM",3.512351998260166,monthly_ff3,Monthly FF3,Ensemble Combined
2024-05-01,-0.0052309999999999,"BIG LoBM, ME5 BM3, ME5 BM4, ME1 BM3, ME4 BM2",3.493978884957267,monthly_ff3,Monthly FF3,Ensemble Combined
2024-06-01,0.071914,"ME3 BM5, ME4 BM2, ME5 BM4, SMALL LoBM, BIG LoBM",3.745244882490084,monthly_ff3,Monthly FF3,Ensemble Combined
2024-07-01,0.0182656,"ME5 BM4, ME5 BM3, ME5 BM2, ME4 BM5, ME4 BM2",3.813654027415695,monthly_ff3,Monthly FF3,Ensemble Combined
2024-08-01,0.0028263999999999,"ME1 BM3, SMALL LoBM, ME2 BM2, ME2 BM5, ME2 BM4",3.824432939158783,monthly_ff3,Monthly FF3,Ensemble Combined
2024-09-01,0.0054432,"ME5 BM4, ME5 BM3, SMALL LoBM, BIG LoBM, ME2 BM4",3.845250092533212,monthly_ff3,Monthly FF3,Ensemble Combined
2024-10-01,0.0798078,"ME5 BM4, ME5 BM3, ME4 BM2, BIG LoBM, ME4 BM5",4.152131042868084,monthly_ff3,Monthly FF3,Ensemble Combined
2024-11-01,-0.0535652,"BIG LoBM, ME5 BM4, ME5 BM2, ME5 BM3, ME4 BM3",3.929721313130647,monthly_ff3,Monthly FF3,Ensemble Combined
2024-12-01,0.0490219999999999,"ME4 BM1, ME3 BM1, BIG HiBM, ME3 BM2, ME3 BM3",4.122364111342937,monthly_ff3,Monthly FF3,Ensemble Combined
2025-01-01,-0.0248934,"BIG LoBM, ME4 BM3, ME4 BM2, ME5 BM3, ME4 BM4",4.019744452573633,monthly_ff3,Monthly FF3,Ensemble Combined
2025-02-01,-0.0535835999999999,"ME5 BM2, ME5 BM3, BIG LoBM, ME4 BM2, ME2 BM1",3.8043520737247087,monthly_ff3,Monthly FF3,Ensemble Combined
2025-03-01,-0.0229188,"ME4 BM3, BIG LoBM, ME4 BM5, ME5 BM4, SMALL HiBM",3.7171608894174266,monthly_ff3,Monthly FF3,Ensemble Combined
2025-04-01,0.0444458,"ME5 BM4, BIG LoBM, ME4 BM3, ME5 BM3, ME4 BM5",3.882373078876296,monthly_ff3,Monthly FF3,Ensemble Combined
2025-05-01,0.0503776,"ME4 BM3, BIG LoBM, ME5 BM4, ME5 BM2, ME4 BM4",4.077957716894694,monthly_ff3,Monthly FF3,Ensemble Combined
2025-06-01,0.0137206,"SMALL LoBM, ME5 BM2, BIG LoBM, ME4 BM3, ME4 BM4",4.13390974354512,monthly_ff3,Monthly FF3,Ensemble Combined
2025-07-01,0.0824516,"SMALL LoBM, ME1 BM3, ME2 BM3, ME2 BM4, ME3 BM4",4.4747572161560045,monthly_ff3,Monthly FF3,Ensemble Combined
2025-08-01,0.025485,"SMALL HiBM, SMALL LoBM, ME1 BM4, ME5 BM3, ME3 BM4",4.588796403809741,monthly_ff3,Monthly FF3,Ensemble Combined
2025-09-01,0.0085556,"SMALL LoBM, ME1 BM3, ME2 BM5, ME1 BM4, SMALL HiBM",4.628056310322175,monthly_ff3,Monthly FF3,Ensemble Combined
2025-10-01,0.0249852,"ME3 BM3, ME3 BM2, ME4 BM5, ME3 BM1, ME2 BM4",4.743689222846836,monthly_ff3,Monthly FF3,Ensemble Combined
2025-11-01,0.011396,"ME2 BM2, BIG LoBM, ME2 BM3, ME3 BM5, ME5 BM3",4.797748305230399,monthly_ff3,Monthly FF3,Ensemble Combined
2025-12-01,0.0540666,"ME5 BM4, ME5 BM3, ME3 BM4, ME4 BM5, ME2 BM2",5.057146243749969,monthly_ff3,Monthly FF3,Ensemble Combined
2026-01-01,0.0192066,"ME5 BM2, ME4 BM2, ME3 BM4, ME5 BM4, BIG LoBM",5.154276828795177,monthly_ff3,Monthly FF3,Ensemble Combined
2026-02-01,-0.0182932,"ME3 BM4, ME5 BM4, ME2 BM4, BIG LoBM, ME2 BM5",5.0599886119106605,monthly_ff3,Monthly FF3,Ensemble Combined
2026-03-01,0.1290036,"ME1 BM2, ME1 BM4, ME2 BM3, ME2 BM2, ME2 BM1",5.712745358806138,monthly_ff3,Monthly FF3,Ensemble Combined
2016-12-01,0.000774,"ME3 BM5, ME2 BM4, ME3 BM4, ME2 BM5, ME4 BM5",1.000774,monthly_ff5,Monthly FF5,CNN Signature
2017-01-01,0.0309736,"ME1 BM2, SMALL LoBM, ME2 BM1, ME1 BM3, ME4 BM5",1.0317715735664,monthly_ff5,Monthly FF5,CNN Signature
2017-02-01,-0.0013338,"SMALL LoBM, BIG HiBM, ME1 BM2, ME1 BM4, ME4 BM5",1.0303953966415773,monthly_ff5,Monthly FF5,CNN Signature
2017-03-01,0.0049291999999999,"ME3 BM5, SMALL LoBM, BIG LoBM, ME4 BM5, ME3 BM4",1.035474421630703,monthly_ff5,Monthly FF5,CNN Signature
2017-04-01,-0.0318108,"ME4 BM5, BIG HiBM, ME3 BM5, ME2 BM5, SMALL LoBM",1.002535151899093,monthly_ff5,Monthly FF5,CNN Signature
2017-05-01,0.0496493999999999,"ME1 BM4, SMALL HiBM, ME3 BM5, SMALL LoBM, ME4 BM5",1.052310420669792,monthly_ff5,Monthly FF5,CNN Signature
2017-06-01,0.0079904,"SMALL LoBM, BIG HiBM, ME1 BM4, ME4 BM5, ME2 BM4",1.060718801855112,monthly_ff5,Monthly FF5,CNN Signature
2017-07-01,-0.0195322,"ME1 BM2, BIG HiBM, SMALL LoBM, ME3 BM5, ME2 BM5",1.0400006300735174,monthly_ff5,Monthly FF5,CNN Signature
2017-08-01,0.0769649999999999,"ME1 BM4, SMALL LoBM, ME1 BM2, ME1 BM3, ME4 BM5",1.1200442785671256,monthly_ff5,Monthly FF5,CNN Signature
2017-09-01,0.0107364,"ME2 BM5, ME2 BM4, ME1 BM4, ME3 BM5, ME5 BM4",1.1320695219595338,monthly_ff5,Monthly FF5,CNN Signature
2017-10-01,0.0240788,"BIG LoBM, ME2 BM1, ME5 BM2, ME5 BM4, ME2 BM5",1.1593283975648931,monthly_ff5,Monthly FF5,CNN Signature
2017-11-01,0.0028894,"ME2 BM5, ME2 BM4, ME1 BM2, SMALL HiBM, BIG LoBM",1.162678161036817,monthly_ff5,Monthly FF5,CNN Signature
2017-12-01,0.0330584,"ME2 BM1, SMALL LoBM, ME3 BM5, ME4 BM2, ME2 BM5",1.201114440755637,monthly_ff5,Monthly FF5,CNN Signature
2018-01-01,-0.0407408,"ME1 BM2, ME3 BM5, ME2 BM4, ME4 BM2, ME3 BM3",1.1521800775476994,monthly_ff5,Monthly FF5,CNN Signature
2018-02-01,-0.0005661999999999,"SMALL HiBM, ME3 BM5, BIG HiBM, ME2 BM5, ME2 BM2",1.151527713187792,monthly_ff5,Monthly FF5,CNN Signature
2018-03-01,0.01317,"SMALL LoBM, ME2 BM1, ME1 BM3, ME1 BM2, SMALL HiBM",1.166693333170475,monthly_ff5,Monthly FF5,CNN Signature
2018-04-01,0.0404131999999999,"BIG HiBM, ME1 BM2, BIG LoBM, ME3 BM3, ME5 BM2",1.21384314418256,monthly_ff5,Monthly FF5,CNN Signature
2018-05-01,0.0095392,"ME4 BM1, BIG LoBM, ME3 BM1, ME5 BM2, ME2 BM1",1.2254222367035463,monthly_ff5,Monthly FF5,CNN Signature
2018-06-01,0.036596,"ME5 BM4, ME4 BM5, BIG HiBM, ME2 BM5, ME5 BM3",1.2702677888779494,monthly_ff5,Monthly FF5,CNN Signature
2018-07-01,0.039609,"ME3 BM5, ME2 BM4, ME2 BM3, ME3 BM3, ME3 BM1",1.320581825727616,monthly_ff5,Monthly FF5,CNN Signature
2018-08-01,-0.0216016,"ME2 BM3, ME2 BM2, ME3 BM2, SMALL HiBM, ME3 BM5",1.2920551453609783,monthly_ff5,Monthly FF5,CNN Signature
2018-09-01,-0.0974908,"SMALL HiBM, ME1 BM4, ME1 BM3, ME2 BM5, ME2 BM3",1.1660916555956202,monthly_ff5,Monthly FF5,CNN Signature
2018-10-01,0.0058974,"SMALL HiBM, ME4 BM5, ME3 BM5, ME1 BM3, ME4 BM2",1.1729685645253298,monthly_ff5,Monthly FF5,CNN Signature
2018-11-01,-0.1241828,"ME1 BM2, SMALL LoBM, ME3 BM1, ME2 BM1, ME2 BM2",1.0273060438705937,monthly_ff5,Monthly FF5,CNN Signature
2018-12-01,0.1063104,"ME2 BM3, ME3 BM4, ME3 BM3, ME2 BM1, ME4 BM3",1.136519360316894,monthly_ff5,Monthly FF5,CNN Signature
2019-01-01,0.0580186,"ME3 BM4, ME2 BM3, ME1 BM3, SMALL LoBM, ME2 BM4",1.2024586224753755,monthly_ff5,Monthly FF5,CNN Signature
2019-02-01,-0.009271,"BIG LoBM, ME1 BM4, SMALL HiBM, ME5 BM4, ME5 BM2",1.1913106285864066,monthly_ff5,Monthly FF5,CNN Signature
2019-03-01,0.0364742,"SMALL HiBM, ME3 BM1, SMALL LoBM, BIG HiBM, ME3 BM5",1.2347627307155928,monthly_ff5,Monthly FF5,CNN Signature
2019-04-01,-0.0811952,"ME2 BM4, ME1 BM4, ME1 BM3, ME2 BM3, SMALL LoBM",1.134505923842594,monthly_ff5,Monthly FF5,CNN Signature
2019-05-01,0.0656771999999999,"ME4 BM4, ME5 BM3, ME5 BM4, SMALL HiBM, ME4 BM5",1.209017096303989,monthly_ff5,Monthly FF5,CNN Signature
2019-06-01,-0.0039581999999999,"ME2 BM2, ME2 BM5, SMALL LoBM, ME1 BM3, ME3 BM5",1.2042315648333983,monthly_ff5,Monthly FF5,CNN Signature
2019-07-01,-0.0457338,"SMALL LoBM, ME3 BM1, ME1 BM2, ME2 BM2, ME2 BM1",1.1491574792936208,monthly_ff5,Monthly FF5,CNN Signature
2019-08-01,0.0266392,"ME4 BM4, ME4 BM3, SMALL LoBM, BIG HiBM, ME1 BM2",1.1797701152160194,monthly_ff5,Monthly FF5,CNN Signature
2019-09-01,0.0259618,"ME2 BM1, SMALL LoBM, ME3 BM5, ME3 BM1, ME2 BM2",1.2103990709932346,monthly_ff5,Monthly FF5,CNN Signature
2019-10-01,0.0597968,"ME1 BM2, SMALL HiBM, BIG LoBM, ME4 BM1, ME2 BM1",1.2827770621616028,monthly_ff5,Monthly FF5,CNN Signature
2019-11-01,0.0382078,"ME2 BM1, SMALL LoBM, SMALL HiBM, ME4 BM4, ME2 BM2",1.3317891515972609,monthly_ff5,Monthly FF5,CNN Signature
2019-12-01,-0.0508751999999999,"ME3 BM5, ME2 BM2, ME3 BM1, BIG HiBM, ME2 BM5",1.26403411215192,monthly_ff5,Monthly FF5,CNN Signature
2020-01-01,-0.0813234,"ME1 BM2, ME4 BM4, ME3 BM1, ME2 BM5, SMALL HiBM",1.1612385604357442,monthly_ff5,Monthly FF5,CNN Signature
2020-02-01,-0.2155768,"SMALL LoBM, SMALL HiBM, ME2 BM2, ME2 BM1, ME5 BM4",0.9109024675403998,monthly_ff5,Monthly FF5,CNN Signature
2020-03-01,0.181526,"ME5 BM4, ME2 BM5, ME2 BM1, SMALL HiBM, ME3 BM5",1.0762549488631383,monthly_ff5,Monthly FF5,CNN Signature
2020-04-01,0.0356591999999999,"ME2 BM5, ME4 BM4, ME4 BM5, ME3 BM5, BIG HiBM",1.114633339335639,monthly_ff5,Monthly FF5,CNN Signature
2020-05-01,0.0228162,"ME4 BM5, ME4 BM4, BIG HiBM, ME1 BM4, ME3 BM5",1.1400650365325888,monthly_ff5,Monthly FF5,CNN Signature
2020-06-01,0.0246301999999999,"ME2 BM5, SMALL LoBM, ME3 BM5, ME4 BM1, ME2 BM1",1.1681450663953938,monthly_ff5,Monthly FF5,CNN Signature
2020-07-01,0.0608849999999999,"SMALL LoBM, ME3 BM5, ME2 BM1, ME2 BM5, SMALL HiBM",1.2392675787628775,monthly_ff5,Monthly FF5,CNN Signature
2020-08-01,-0.0368208,"SMALL HiBM, ME2 BM1, ME2 BM3, ME3 BM4, ME3 BM5",1.1936367550987654,monthly_ff5,Monthly FF5,CNN Signature
2020-09-01,0.0237564,"ME3 BM5, BIG LoBM, SMALL HiBM, ME2 BM5, ME4 BM5",1.2219932673075935,monthly_ff5,Monthly FF5,CNN Signature
2020-10-01,0.1994386,"SMALL HiBM, BIG HiBM, ME3 BM4, ME4 BM5, ME4 BM4",1.465705893748846,monthly_ff5,Monthly FF5,CNN Signature
2020-11-01,0.1075888,"ME2 BM1, SMALL LoBM, ME1 BM3, ME1 BM2, ME3 BM1",1.6233994320102116,monthly_ff5,Monthly FF5,CNN Signature
2020-12-01,0.147312,"ME2 BM5, ME3 BM5, ME4 BM5, SMALL HiBM, SMALL LoBM",1.8625456491385,monthly_ff5,Monthly FF5,CNN Signature
2021-01-01,0.0711966,"SMALL HiBM, ME1 BM4, ME2 BM5, ME1 BM3, SMALL LoBM",1.9951525667019536,monthly_ff5,Monthly FF5,CNN Signature
2021-02-01,0.0447956,"ME2 BM5, ME4 BM4, ME4 BM5, ME5 BM2, ME4 BM1",2.084526623018908,monthly_ff5,Monthly FF5,CNN Signature
2021-03-01,-0.0038464,"SMALL HiBM, ME2 BM5, SMALL LoBM, ME3 BM5, ME1 BM2",2.076508699816128,monthly_ff5,Monthly FF5,CNN Signature
2021-04-01,0.0490696,"ME3 BM5, ME2 BM5, ME4 BM5, ME2 BM4, ME5 BM4",2.1784021511126253,monthly_ff5,Monthly FF5,CNN Signature
2021-05-01,-0.0301091999999999,"ME3 BM5, ME2 BM4, ME4 BM5, ME2 BM5, ME3 BM4",2.112812205064345,monthly_ff5,Monthly FF5,CNN Signature
2021-06-01,-0.0313442,"ME3 BM5, BIG HiBM, ME2 BM4, ME3 BM4, ME4 BM5",2.046587796746367,monthly_ff5,Monthly FF5,CNN Signature
2021-07-01,0.0316872,"BIG HiBM, ME5 BM4, ME3 BM5, ME4 BM5, ME2 BM4",2.111438433579428,monthly_ff5,Monthly FF5,CNN Signature
2021-08-01,-0.0020644,"BIG HiBM, ME3 BM5, ME2 BM4, ME3 BM4, ME4 BM5",2.107079580077147,monthly_ff5,Monthly FF5,CNN Signature
2021-09-01,0.0501325999999999,"BIG LoBM, ME3 BM5, SMALL HiBM, ME2 BM4, ME2 BM5",2.2127129578333222,monthly_ff5,Monthly FF5,CNN Signature
2021-10-01,-0.0428808,"BIG HiBM, ME4 BM5, ME3 BM4, ME1 BM4, ME3 BM5",2.117830056031063,monthly_ff5,Monthly FF5,CNN Signature
2021-11-01,0.0083001999999999,"BIG LoBM, ME5 BM2, SMALL LoBM, SMALL HiBM, ME3 BM1",2.135408469062132,monthly_ff5,Monthly FF5,CNN Signature
2021-12-01,0.0165546,"SMALL HiBM, ME4 BM5, BIG HiBM, ME5 BM2, ME5 BM4",2.1707593021040683,monthly_ff5,Monthly FF5,CNN Signature
2022-01-01,0.0015009999999999,"SMALL HiBM, SMALL LoBM, ME2 BM1, ME1 BM2, ME1 BM3",2.1740176118165264,monthly_ff5,Monthly FF5,CNN Signature
2022-02-01,0.027067,"SMALL HiBM, ME2 BM3, ME5 BM2, ME3 BM2, BIG LoBM",2.232861746515564,monthly_ff5,Monthly FF5,CNN Signature
2022-03-01,-0.07791,"BIG HiBM, ME5 BM4, ME2 BM5, ME5 BM2, BIG LoBM",2.0588994878445366,monthly_ff5,Monthly FF5,CNN Signature
2022-04-01,0.0195808,"ME2 BM5, ME1 BM4, SMALL HiBM, ME2 BM4, BIG LoBM",2.0992143869361226,monthly_ff5,Monthly FF5,CNN Signature
2022-05-01,-0.0497977999999999,"ME2 BM1, BIG LoBM, ME3 BM1, ME1 BM2, ME2 BM2",1.994678128738355,monthly_ff5,Monthly FF5,CNN Signature
2022-06-01,0.0995684,"BIG LoBM, ME4 BM5, ME3 BM5, ME2 BM3, ME2 BM4",2.193285038531827,monthly_ff5,Monthly FF5,CNN Signature
2022-07-01,-0.0139099999999999,"ME2 BM4, BIG HiBM, ME5 BM4, ME4 BM5, ME1 BM4",2.162776443645849,monthly_ff5,Monthly FF5,CNN Signature
2022-08-01,-0.1009352,"ME2 BM1, BIG LoBM, SMALL LoBM, ME1 BM2, ME4 BM1",1.9444761707511669,monthly_ff5,Monthly FF5,CNN Signature
2022-09-01,0.0887668,"ME2 BM1, ME2 BM4, BIG HiBM, ME3 BM1, ME5 BM2",2.117081098105001,monthly_ff5,Monthly FF5,CNN Signature
2022-10-01,0.0359916,"BIG LoBM, ME3 BM1, ME2 BM1, BIG HiBM, ME4 BM1",2.193278234155557,monthly_ff5,Monthly FF5,CNN Signature
2022-11-01,-0.0603778,"ME5 BM4, ME2 BM1, ME3 BM5, SMALL LoBM, ME2 BM2",2.0608529195893595,monthly_ff5,Monthly FF5,CNN Signature
2022-12-01,0.0773,"BIG LoBM, ME5 BM2, ME4 BM1, ME3 BM1, ME3 BM4",2.2201568502736166,monthly_ff5,Monthly FF5,CNN Signature
2023-01-01,-0.0273834,"ME2 BM1, ME3 BM4, ME3 BM2, ME2 BM2, ME1 BM3",2.1593614071798344,monthly_ff5,Monthly FF5,CNN Signature
2023-02-01,-0.0825984,"ME2 BM2, SMALL LoBM, ME3 BM5, ME1 BM2, ME2 BM5",1.981001609925032,monthly_ff5,Monthly FF5,CNN Signature
2023-03-01,-0.0045722,"ME3 BM5, ME2 BM2, ME5 BM2, ME2 BM5, ME4 BM5",1.9719440743641323,monthly_ff5,Monthly FF5,CNN Signature
2023-04-01,0.022698,"ME2 BM1, BIG LoBM, SMALL LoBM, ME5 BM2, ME3 BM1",2.0167032609640496,monthly_ff5,Monthly FF5,CNN Signature
2023-05-01,0.069288,"ME3 BM5, ME5 BM4, BIG HiBM, ME4 BM5, SMALL LoBM",2.1564365965097267,monthly_ff5,Monthly FF5,CNN Signature
2023-06-01,0.0818228,"ME3 BM5, ME2 BM5, ME5 BM4, ME3 BM4, ME4 BM5",2.332882276858623,monthly_ff5,Monthly FF5,CNN Signature
2023-07-01,-0.0506121999999999,"ME2 BM3, ME2 BM5, ME3 BM5, ME2 BM4, ME1 BM2",2.214809972485799,monthly_ff5,Monthly FF5,CNN Signature
2023-08-01,-0.0573555999999999,"ME2 BM3, ME2 BM2, ME3 BM2, ME3 BM3, ME1 BM2",2.0877782176278923,monthly_ff5,Monthly FF5,CNN Signature
2023-09-01,-0.070434,"ME3 BM5, ME2 BM5, SMALL LoBM, ME2 BM3, ME3 BM4",1.9407276466474892,monthly_ff5,Monthly FF5,CNN Signature
2023-10-01,0.0933914,"ME5 BM4, ME4 BM5, ME2 BM3, ME3 BM4, ME2 BM5",2.121974918586604,monthly_ff5,Monthly FF5,CNN Signature
2023-11-01,0.110751,"ME3 BM4, ME5 BM2, ME4 BM5, ME3 BM5, ME4 BM4",2.356985762794989,monthly_ff5,Monthly FF5,CNN Signature
2023-12-01,-0.0332779999999999,"SMALL LoBM, ME2 BM5, ME3 BM5, SMALL HiBM, ME4 BM5",2.278549990580697,monthly_ff5,Monthly FF5,CNN Signature
2024-01-01,0.040393,"SMALL HiBM, ME4 BM5, ME2 BM5, ME1 BM4, SMALL LoBM",2.370587460350223,monthly_ff5,Monthly FF5,CNN Signature
2024-02-01,0.0408426,"ME5 BM4, SMALL LoBM, ME5 BM3, ME4 BM2, BIG HiBM",2.4674084157583227,monthly_ff5,Monthly FF5,CNN Signature
2024-03-01,-0.0494326,"BIG LoBM, ME2 BM5, SMALL HiBM, ME3 BM5, ME5 BM2",2.345438002505508,monthly_ff5,Monthly FF5,CNN Signature
2024-04-01,0.0453466,"SMALL HiBM, ME2 BM5, ME4 BM5, ME4 BM4, ME3 BM5",2.4517956414299245,monthly_ff5,Monthly FF5,CNN Signature
2024-05-01,-0.0244322,"ME4 BM5, ME3 BM5, ME4 BM4, ME2 BM5, SMALL HiBM",2.3918928799593804,monthly_ff5,Monthly FF5,CNN Signature
2024-06-01,0.0937021999999999,"BIG LoBM, ME4 BM4, ME3 BM5, ME2 BM5, SMALL HiBM",2.6160185049759104,monthly_ff5,Monthly FF5,CNN Signature
2024-07-01,-0.0012854,"SMALL HiBM, BIG LoBM, ME2 BM5, ME4 BM5, ME4 BM4",2.6126558747896143,monthly_ff5,Monthly FF5,CNN Signature
2024-08-01,0.0005764,"ME2 BM5, SMALL HiBM, ME2 BM2, ME2 BM1, ME3 BM5",2.614161809635843,monthly_ff5,Monthly FF5,CNN Signature
2024-09-01,0.0048524,"SMALL HiBM, ME2 BM2, ME5 BM2, BIG HiBM, ME4 BM2",2.62684676840092,monthly_ff5,Monthly FF5,CNN Signature
2024-10-01,0.1110719999999999,"SMALL HiBM, ME1 BM2, ME3 BM5, ME1 BM4, ME2 BM1",2.9186158926607475,monthly_ff5,Monthly FF5,CNN Signature
2024-11-01,-0.065526,"SMALL HiBM, ME3 BM5, SMALL LoBM, ME1 BM4, ME1 BM2",2.7273706676782594,monthly_ff5,Monthly FF5,CNN Signature
2024-12-01,0.018579,"ME3 BM5, ME1 BM4, SMALL LoBM, ME2 BM5, SMALL HiBM",2.7780424873130536,monthly_ff5,Monthly FF5,CNN Signature
2025-01-01,-0.0089618,"ME5 BM4, ME3 BM5, ME5 BM3, ME4 BM4, ME4 BM1",2.7531462261502515,monthly_ff5,Monthly FF5,CNN Signature
2025-02-01,-0.0591007999999999,"ME5 BM4, ME2 BM1, ME3 BM1, ME4 BM1, ME5 BM2",2.5904330816677907,monthly_ff5,Monthly FF5,CNN Signature
2025-03-01,-0.0319878,"ME5 BM3, ME2 BM1, ME5 BM4, ME2 BM2, ME4 BM5",2.507570826338018,monthly_ff5,Monthly FF5,CNN Signature
2025-04-01,0.0517502,"ME5 BM4, BIG HiBM, ME1 BM2, ME2 BM5, SMALL HiBM",2.637338118115176,monthly_ff5,Monthly FF5,CNN Signature
2025-05-01,0.0571994,"ME5 BM2, ME4 BM5, ME2 BM1, BIG HiBM, ME5 BM4",2.788192276068493,monthly_ff5,Monthly FF5,CNN Signature
2025-06-01,0.0036833999999999,"ME5 BM4, ME5 BM2, ME3 BM4, ME4 BM5, ME5 BM3",2.7984623034981637,monthly_ff5,Monthly FF5,CNN Signature
2025-07-01,0.0738352,"ME2 BM5, SMALL HiBM, ME3 BM4, ME4 BM5, ME5 BM3",3.0050873273694108,monthly_ff5,Monthly FF5,CNN Signature
2025-08-01,0.0137872,"ME5 BM2, ME5 BM4, BIG LoBM, ME2 BM1, ME2 BM5",3.046519067369318,monthly_ff5,Monthly FF5,CNN Signature
2025-09-01,0.0023101999999999,"ME5 BM2, BIG LoBM, ME5 BM4, ME3 BM2, ME3 BM4",3.0535571357187545,monthly_ff5,Monthly FF5,CNN Signature
2025-10-01,0.0104689999999999,"BIG HiBM, ME1 BM2, SMALL LoBM, BIG LoBM, ME3 BM1",3.085524825372594,monthly_ff5,Monthly FF5,CNN Signature
2025-11-01,0.0010652,"BIG LoBM, ME1 BM3, ME2 BM2, ME1 BM2, ME5 BM2",3.088811526416581,monthly_ff5,Monthly FF5,CNN Signature
2025-12-01,0.0686908,"ME4 BM5, ME5 BM3, ME3 BM4, SMALL HiBM, ME2 BM5",3.300984461215357,monthly_ff5,Monthly FF5,CNN Signature
2026-01-01,0.0205066,"ME4 BM1, ME3 BM1, ME1 BM4, ME3 BM2, ME4 BM4",3.3686764291677163,monthly_ff5,Monthly FF5,CNN Signature
2026-02-01,-0.0376748,"ME5 BM3, ME5 BM4, ME5 BM2, ME4 BM3, BIG LoBM",3.241762218434108,monthly_ff5,Monthly FF5,CNN Signature
2026-03-01,0.0877213999999999,"BIG LoBM, ME5 BM2, ME4 BM5, ME3 BM5, ME3 BM4",3.5261341387022536,monthly_ff5,Monthly FF5,CNN Signature
