Date,RealizationDate,Portfolio,RealizedNextReturn
1927-07-01,1927-08-01,SMALL LoBM,11.7732
1927-07-01,1927-08-01,ME1 BM2,1.7144
1927-07-01,1927-08-01,ME1 BM3,0.7827
1927-07-01,1927-08-01,ME1 BM4,-1.0902
1927-07-01,1927-08-01,SMALL HiBM,0.4598
1927-07-01,1927-08-01,ME2 BM1,0.9771
1927-07-01,1927-08-01,ME2 BM2,-2.4946
1927-07-01,1927-08-01,ME2 BM3,-1.7742
1927-07-01,1927-08-01,ME2 BM4,1.0052
1927-07-01,1927-08-01,ME2 BM5,5.1792
1927-07-01,1927-08-01,ME3 BM1,0.3859
1927-07-01,1927-08-01,ME3 BM2,2.0236
1927-07-01,1927-08-01,ME3 BM3,3.1138
1927-07-01,1927-08-01,ME3 BM4,-2.4153
1927-07-01,1927-08-01,ME3 BM5,-5.4265
1927-07-01,1927-08-01,ME4 BM1,4.8609
1927-07-01,1927-08-01,ME4 BM2,2.8607
1927-07-01,1927-08-01,ME4 BM3,1.0616
1927-07-01,1927-08-01,ME4 BM4,-2.63
1927-07-01,1927-08-01,ME4 BM5,-6.311
1927-07-01,1927-08-01,BIG LoBM,5.6799
1927-07-01,1927-08-01,ME5 BM2,1.2222
1927-07-01,1927-08-01,ME5 BM3,0.4869
1927-07-01,1927-08-01,ME5 BM4,0.8693
1927-07-01,1927-08-01,BIG HiBM,3.9099
1927-08-01,1927-09-01,SMALL LoBM,-4.9477
1927-08-01,1927-09-01,ME1 BM2,-6.7692
1927-08-01,1927-09-01,ME1 BM3,0.5118
1927-08-01,1927-09-01,ME1 BM4,0.1152
1927-08-01,1927-09-01,SMALL HiBM,0.7804
1927-08-01,1927-09-01,ME2 BM1,2.8018
1927-08-01,1927-09-01,ME2 BM2,7.8487
1927-08-01,1927-09-01,ME2 BM3,3.3451
1927-08-01,1927-09-01,ME2 BM4,0.8709
1927-08-01,1927-09-01,ME2 BM5,-1.0305
1927-08-01,1927-09-01,ME3 BM1,3.4348
1927-08-01,1927-09-01,ME3 BM2,0.1227
1927-08-01,1927-09-01,ME3 BM3,1.9899
1927-08-01,1927-09-01,ME3 BM4,1.4024
1927-08-01,1927-09-01,ME3 BM5,9.2306
1927-08-01,1927-09-01,ME4 BM1,4.1893
1927-08-01,1927-09-01,ME4 BM2,3.1354
1927-08-01,1927-09-01,ME4 BM3,4.8659
1927-08-01,1927-09-01,ME4 BM4,4.2518
1927-08-01,1927-09-01,ME4 BM5,9.8708
1927-08-01,1927-09-01,BIG LoBM,5.9378
1927-08-01,1927-09-01,ME5 BM2,4.0847
1927-08-01,1927-09-01,ME5 BM3,5.5908
1927-08-01,1927-09-01,ME5 BM4,3.9949
1927-08-01,1927-09-01,BIG HiBM,5.5923
1927-09-01,1927-10-01,SMALL LoBM,-8.8937
1927-09-01,1927-10-01,ME1 BM2,-8.6899
1927-09-01,1927-10-01,ME1 BM3,-2.2257
1927-09-01,1927-10-01,ME1 BM4,-3.6986
1927-09-01,1927-10-01,SMALL HiBM,-10.1608
1927-09-01,1927-10-01,ME2 BM1,2.3069
1927-09-01,1927-10-01,ME2 BM2,-1.0027
1927-09-01,1927-10-01,ME2 BM3,0.1248
1927-09-01,1927-10-01,ME2 BM4,-4.2448
1927-09-01,1927-10-01,ME2 BM5,-4.9172
1927-09-01,1927-10-01,ME3 BM1,-0.6615
1927-09-01,1927-10-01,ME3 BM2,-1.6228
1927-09-01,1927-10-01,ME3 BM3,0.3233
1927-09-01,1927-10-01,ME3 BM4,-4.0573
1927-09-01,1927-10-01,ME3 BM5,-10.0353
1927-09-01,1927-10-01,ME4 BM1,0.5153
1927-09-01,1927-10-01,ME4 BM2,-2.0353
1927-09-01,1927-10-01,ME4 BM3,-2.6713
1927-09-01,1927-10-01,ME4 BM4,-4.7124
1927-09-01,1927-10-01,ME4 BM5,-11.781
1927-09-01,1927-10-01,BIG LoBM,-5.0131
1927-09-01,1927-10-01,ME5 BM2,-2.2333
1927-09-01,1927-10-01,ME5 BM3,-4.1558
1927-09-01,1927-10-01,ME5 BM4,-6.455
1927-09-01,1927-10-01,BIG HiBM,-14.5457
1927-10-01,1927-11-01,SMALL LoBM,4.3843
1927-10-01,1927-11-01,ME1 BM2,11.4327
1927-10-01,1927-11-01,ME1 BM3,16.5279
1927-10-01,1927-11-01,ME1 BM4,10.1868
1927-10-01,1927-11-01,SMALL HiBM,11.9645
1927-10-01,1927-11-01,ME2 BM1,14.2013
1927-10-01,1927-11-01,ME2 BM2,15.2073
1927-10-01,1927-11-01,ME2 BM3,8.1785
1927-10-01,1927-11-01,ME2 BM4,9.0574
1927-10-01,1927-11-01,ME2 BM5,9.0668
1927-10-01,1927-11-01,ME3 BM1,6.38
1927-10-01,1927-11-01,ME3 BM2,8.6413
1927-10-01,1927-11-01,ME3 BM3,7.8631
1927-10-01,1927-11-01,ME3 BM4,7.0513
1927-10-01,1927-11-01,ME3 BM5,9.8732
1927-10-01,1927-11-01,ME4 BM1,7.6702
1927-10-01,1927-11-01,ME4 BM2,8.5809
1927-10-01,1927-11-01,ME4 BM3,7.6631
1927-10-01,1927-11-01,ME4 BM4,7.7876
1927-10-01,1927-11-01,ME4 BM5,8.101
1927-10-01,1927-11-01,BIG LoBM,6.8751
1927-10-01,1927-11-01,ME5 BM2,6.5099
1927-10-01,1927-11-01,ME5 BM3,6.0045
1927-10-01,1927-11-01,ME5 BM4,7.0427
1927-10-01,1927-11-01,BIG HiBM,8.0776
1927-11-01,1927-12-01,SMALL LoBM,-3.9895
1927-11-01,1927-12-01,ME1 BM2,7.3889
1927-11-01,1927-12-01,ME1 BM3,3.8197
1927-11-01,1927-12-01,ME1 BM4,4.5379
1927-11-01,1927-12-01,SMALL HiBM,6.9512
1927-11-01,1927-12-01,ME2 BM1,4.812
1927-11-01,1927-12-01,ME2 BM2,3.7387
1927-11-01,1927-12-01,ME2 BM3,2.3815
1927-11-01,1927-12-01,ME2 BM4,3.0095
1927-11-01,1927-12-01,ME2 BM5,-0.3422
1927-11-01,1927-12-01,ME3 BM1,4.5742
1927-11-01,1927-12-01,ME3 BM2,4.6368
1927-11-01,1927-12-01,ME3 BM3,5.0609
1927-11-01,1927-12-01,ME3 BM4,3.4771
1927-11-01,1927-12-01,ME3 BM5,11.3299
1927-11-01,1927-12-01,ME4 BM1,0.0583
1927-11-01,1927-12-01,ME4 BM2,5.5718
1927-11-01,1927-12-01,ME4 BM3,4.3646
1927-11-01,1927-12-01,ME4 BM4,1.6744
1927-11-01,1927-12-01,ME4 BM5,-2.3196
1927-11-01,1927-12-01,BIG LoBM,2.8698
1927-11-01,1927-12-01,ME5 BM2,1.3101
1927-11-01,1927-12-01,ME5 BM3,1.2709
1927-11-01,1927-12-01,ME5 BM4,2.4475
1927-11-01,1927-12-01,BIG HiBM,10.3769
1927-12-01,1928-01-01,SMALL LoBM,-8.2763
1927-12-01,1928-01-01,ME1 BM2,7.466
1927-12-01,1928-01-01,ME1 BM3,5.0289
1927-12-01,1928-01-01,ME1 BM4,1.7809
1927-12-01,1928-01-01,SMALL HiBM,9.9834
1927-12-01,1928-01-01,ME2 BM1,1.274
1927-12-01,1928-01-01,ME2 BM2,3.9
1927-12-01,1928-01-01,ME2 BM3,0.3138
1927-12-01,1928-01-01,ME2 BM4,5.0186
1927-12-01,1928-01-01,ME2 BM5,2.2786
1927-12-01,1928-01-01,ME3 BM1,4.8654
1927-12-01,1928-01-01,ME3 BM2,2.813
1927-12-01,1928-01-01,ME3 BM3,4.093
1927-12-01,1928-01-01,ME3 BM4,2.2307
1927-12-01,1928-01-01,ME3 BM5,-5.8499
1927-12-01,1928-01-01,ME4 BM1,1.7775
1927-12-01,1928-01-01,ME4 BM2,1.0841
1927-12-01,1928-01-01,ME4 BM3,0.4668
1927-12-01,1928-01-01,ME4 BM4,2.2131
1927-12-01,1928-01-01,ME4 BM5,0.3207
1927-12-01,1928-01-01,BIG LoBM,-1.2715
1927-12-01,1928-01-01,ME5 BM2,-0.2544
1927-12-01,1928-01-01,ME5 BM3,-0.6323
1927-12-01,1928-01-01,ME5 BM4,-1.6469
1927-12-01,1928-01-01,BIG HiBM,-5.0648
1928-01-01,1928-02-01,SMALL LoBM,0.6463
1928-01-01,1928-02-01,ME1 BM2,-4.8227
1928-01-01,1928-02-01,ME1 BM3,5.7779
1928-01-01,1928-02-01,ME1 BM4,3.0151
1928-01-01,1928-02-01,SMALL HiBM,-4.8248
1928-01-01,1928-02-01,ME2 BM1,-5.778
1928-01-01,1928-02-01,ME2 BM2,-2.0636
1928-01-01,1928-02-01,ME2 BM3,-2.5777
1928-01-01,1928-02-01,ME2 BM4,-2.1402
1928-01-01,1928-02-01,ME2 BM5,-5.6043
1928-01-01,1928-02-01,ME3 BM1,-2.5476
1928-01-01,1928-02-01,ME3 BM2,-1.9376
1928-01-01,1928-02-01,ME3 BM3,-2.8543
1928-01-01,1928-02-01,ME3 BM4,-2.5332
1928-01-01,1928-02-01,ME3 BM5,-6.0539
1928-01-01,1928-02-01,ME4 BM1,-4.7599
1928-01-01,1928-02-01,ME4 BM2,-1.3008
1928-01-01,1928-02-01,ME4 BM3,-2.5402
1928-01-01,1928-02-01,ME4 BM4,-3.0079
1928-01-01,1928-02-01,ME4 BM5,-8.524
1928-01-01,1928-02-01,BIG LoBM,-0.1457
1928-01-01,1928-02-01,ME5 BM2,-0.627
1928-01-01,1928-02-01,ME5 BM3,-0.4909
1928-01-01,1928-02-01,ME5 BM4,-2.1211
1928-01-01,1928-02-01,BIG HiBM,-1.3892
1928-02-01,1928-03-01,SMALL LoBM,40.0538
1928-02-01,1928-03-01,ME1 BM2,0.3279
1928-02-01,1928-03-01,ME1 BM3,2.1025
1928-02-01,1928-03-01,ME1 BM4,-2.7415
1928-02-01,1928-03-01,SMALL HiBM,8.9594
1928-02-01,1928-03-01,ME2 BM1,4.7346
1928-02-01,1928-03-01,ME2 BM2,11.8263
1928-02-01,1928-03-01,ME2 BM3,6.871
1928-02-01,1928-03-01,ME2 BM4,7.6034
1928-02-01,1928-03-01,ME2 BM5,14.3914
1928-02-01,1928-03-01,ME3 BM1,6.2161
1928-02-01,1928-03-01,ME3 BM2,11.5117
1928-02-01,1928-03-01,ME3 BM3,10.0993
1928-02-01,1928-03-01,ME3 BM4,3.1273
1928-02-01,1928-03-01,ME3 BM5,10.3357
1928-02-01,1928-03-01,ME4 BM1,16.3866
1928-02-01,1928-03-01,ME4 BM2,9.0618
1928-02-01,1928-03-01,ME4 BM3,5.8284
1928-02-01,1928-03-01,ME4 BM4,7.7691
1928-02-01,1928-03-01,ME4 BM5,7.908
1928-02-01,1928-03-01,BIG LoBM,15.8215
1928-02-01,1928-03-01,ME5 BM2,5.242
1928-02-01,1928-03-01,ME5 BM3,6.663
1928-02-01,1928-03-01,ME5 BM4,5.6627
1928-02-01,1928-03-01,BIG HiBM,16.7279
1928-03-01,1928-04-01,SMALL LoBM,-12.881
1928-03-01,1928-04-01,ME1 BM2,14.7799
1928-03-01,1928-04-01,ME1 BM3,17.1059
1928-03-01,1928-04-01,ME1 BM4,2.9666
1928-03-01,1928-04-01,SMALL HiBM,15.5922
1928-03-01,1928-04-01,ME2 BM1,0.3554
1928-03-01,1928-04-01,ME2 BM2,23.695
1928-03-01,1928-04-01,ME2 BM3,3.6981
1928-03-01,1928-04-01,ME2 BM4,4.9327
1928-03-01,1928-04-01,ME2 BM5,10.4199
1928-03-01,1928-04-01,ME3 BM1,7.9354
1928-03-01,1928-04-01,ME3 BM2,4.7382
1928-03-01,1928-04-01,ME3 BM3,7.364
1928-03-01,1928-04-01,ME3 BM4,4.5823
1928-03-01,1928-04-01,ME3 BM5,6.9519
1928-03-01,1928-04-01,ME4 BM1,5.2342
1928-03-01,1928-04-01,ME4 BM2,4.7965
1928-03-01,1928-04-01,ME4 BM3,2.385
1928-03-01,1928-04-01,ME4 BM4,4.539
1928-03-01,1928-04-01,ME4 BM5,3.7146
1928-03-01,1928-04-01,BIG LoBM,1.4265
1928-03-01,1928-04-01,ME5 BM2,6.8062
1928-03-01,1928-04-01,ME5 BM3,6.6232
1928-03-01,1928-04-01,ME5 BM4,2.7777
1928-03-01,1928-04-01,BIG HiBM,3.3096
1928-04-01,1928-05-01,SMALL LoBM,17.7179
1928-04-01,1928-05-01,ME1 BM2,-3.0154
1928-04-01,1928-05-01,ME1 BM3,4.3668
1928-04-01,1928-05-01,ME1 BM4,14.0701
1928-04-01,1928-05-01,SMALL HiBM,5.9297
1928-04-01,1928-05-01,ME2 BM1,2.0846
1928-04-01,1928-05-01,ME2 BM2,2.7487
1928-04-01,1928-05-01,ME2 BM3,5.544
1928-04-01,1928-05-01,ME2 BM4,6.1727
1928-04-01,1928-05-01,ME2 BM5,3.2917
1928-04-01,1928-05-01,ME3 BM1,2.7635
1928-04-01,1928-05-01,ME3 BM2,6.8539
1928-04-01,1928-05-01,ME3 BM3,1.2894
1928-04-01,1928-05-01,ME3 BM4,-1.3378
1928-04-01,1928-05-01,ME3 BM5,-3.1255
1928-04-01,1928-05-01,ME4 BM1,5.3999
1928-04-01,1928-05-01,ME4 BM2,-0.2297
1928-04-01,1928-05-01,ME4 BM3,1.1089
1928-04-01,1928-05-01,ME4 BM4,1.1633
1928-04-01,1928-05-01,ME4 BM5,2.1587
1928-04-01,1928-05-01,BIG LoBM,2.0855
1928-04-01,1928-05-01,ME5 BM2,2.131
1928-04-01,1928-05-01,ME5 BM3,-0.5468
1928-04-01,1928-05-01,ME5 BM4,1.2094
1928-04-01,1928-05-01,BIG HiBM,-3.8808
1928-05-01,1928-06-01,SMALL LoBM,-19.2709
1928-05-01,1928-06-01,ME1 BM2,-8.9596
1928-05-01,1928-06-01,ME1 BM3,-13.2422
1928-05-01,1928-06-01,ME1 BM4,-8.5749
1928-05-01,1928-06-01,SMALL HiBM,-9.4591
1928-05-01,1928-06-01,ME2 BM1,-7.9699
1928-05-01,1928-06-01,ME2 BM2,-9.3158
1928-05-01,1928-06-01,ME2 BM3,-9.3793
1928-05-01,1928-06-01,ME2 BM4,-7.7646
1928-05-01,1928-06-01,ME2 BM5,-5.9791
1928-05-01,1928-06-01,ME3 BM1,-6.4121
1928-05-01,1928-06-01,ME3 BM2,-4.6584
1928-05-01,1928-06-01,ME3 BM3,-7.1768
1928-05-01,1928-06-01,ME3 BM4,-7.2921
1928-05-01,1928-06-01,ME3 BM5,-7.0888
1928-05-01,1928-06-01,ME4 BM1,-7.1313
1928-05-01,1928-06-01,ME4 BM2,-5.5105
1928-05-01,1928-06-01,ME4 BM3,-3.4274
1928-05-01,1928-06-01,ME4 BM4,-5.7358
1928-05-01,1928-06-01,ME4 BM5,-5.8891
1928-05-01,1928-06-01,BIG LoBM,-3.104
1928-05-01,1928-06-01,ME5 BM2,-3.6349
1928-05-01,1928-06-01,ME5 BM3,-3.5186
1928-05-01,1928-06-01,ME5 BM4,-4.8694
1928-05-01,1928-06-01,BIG HiBM,-9.112
1928-06-01,1928-07-01,SMALL LoBM,-2.0217
1928-06-01,1928-07-01,ME1 BM2,3.5684
1928-06-01,1928-07-01,ME1 BM3,5.3845
1928-06-01,1928-07-01,ME1 BM4,1.2272
1928-06-01,1928-07-01,SMALL HiBM,-0.3159
1928-06-01,1928-07-01,ME2 BM1,1.0913
1928-06-01,1928-07-01,ME2 BM2,-3.7861
1928-06-01,1928-07-01,ME2 BM3,-1.1694
1928-06-01,1928-07-01,ME2 BM4,0.8003
1928-06-01,1928-07-01,ME2 BM5,-2.6184
1928-06-01,1928-07-01,ME3 BM1,-0.0414
1928-06-01,1928-07-01,ME3 BM2,-0.3134
1928-06-01,1928-07-01,ME3 BM3,-0.6748
1928-06-01,1928-07-01,ME3 BM4,0.3434
1928-06-01,1928-07-01,ME3 BM5,1.293
1928-06-01,1928-07-01,ME4 BM1,0.8129
1928-06-01,1928-07-01,ME4 BM2,-0.6048
1928-06-01,1928-07-01,ME4 BM3,1.3312
1928-06-01,1928-07-01,ME4 BM4,1.569
1928-06-01,1928-07-01,ME4 BM5,0.868
1928-06-01,1928-07-01,BIG LoBM,1.586
1928-06-01,1928-07-01,ME5 BM2,0.236
1928-06-01,1928-07-01,ME5 BM3,0.1687
1928-06-01,1928-07-01,ME5 BM4,0.3016
1928-06-01,1928-07-01,BIG HiBM,0.7709
1928-07-01,1928-08-01,SMALL LoBM,7.5257
1928-07-01,1928-08-01,ME1 BM2,0.5454
1928-07-01,1928-08-01,ME1 BM3,4.1219
1928-07-01,1928-08-01,ME1 BM4,2.8015
1928-07-01,1928-08-01,SMALL HiBM,3.5138
1928-07-01,1928-08-01,ME2 BM1,6.8055
1928-07-01,1928-08-01,ME2 BM2,3.8262
1928-07-01,1928-08-01,ME2 BM3,3.7556
1928-07-01,1928-08-01,ME2 BM4,3.2648
1928-07-01,1928-08-01,ME2 BM5,4.5088
1928-07-01,1928-08-01,ME3 BM1,6.4747
1928-07-01,1928-08-01,ME3 BM2,9.0328
1928-07-01,1928-08-01,ME3 BM3,8.45
1928-07-01,1928-08-01,ME3 BM4,4.1817
1928-07-01,1928-08-01,ME3 BM5,8.1984
1928-07-01,1928-08-01,ME4 BM1,9.9166
1928-07-01,1928-08-01,ME4 BM2,8.1692
1928-07-01,1928-08-01,ME4 BM3,6.4622
1928-07-01,1928-08-01,ME4 BM4,7.7904
1928-07-01,1928-08-01,ME4 BM5,7.7462
1928-07-01,1928-08-01,BIG LoBM,8.7103
1928-07-01,1928-08-01,ME5 BM2,6.5941
1928-07-01,1928-08-01,ME5 BM3,5.2836
1928-07-01,1928-08-01,ME5 BM4,4.4407
1928-07-01,1928-08-01,BIG HiBM,4.9839
1928-08-01,1928-09-01,SMALL LoBM,3.7129
1928-08-01,1928-09-01,ME1 BM2,3.1614
1928-08-01,1928-09-01,ME1 BM3,1.9898
1928-08-01,1928-09-01,ME1 BM4,-0.2092
1928-08-01,1928-09-01,SMALL HiBM,13.4699
1928-08-01,1928-09-01,ME2 BM1,3.1137
1928-08-01,1928-09-01,ME2 BM2,2.6532
1928-08-01,1928-09-01,ME2 BM3,5.7491
1928-08-01,1928-09-01,ME2 BM4,5.0118
1928-08-01,1928-09-01,ME2 BM5,13.4819
1928-08-01,1928-09-01,ME3 BM1,5.8082
1928-08-01,1928-09-01,ME3 BM2,4.738
1928-08-01,1928-09-01,ME3 BM3,5.4907
1928-08-01,1928-09-01,ME3 BM4,6.4424
1928-08-01,1928-09-01,ME3 BM5,3.0627
1928-08-01,1928-09-01,ME4 BM1,5.399
1928-08-01,1928-09-01,ME4 BM2,6.4761
1928-08-01,1928-09-01,ME4 BM3,2.9627
1928-08-01,1928-09-01,ME4 BM4,3.0373
1928-08-01,1928-09-01,ME4 BM5,5.9184
1928-08-01,1928-09-01,BIG LoBM,2.7789
1928-08-01,1928-09-01,ME5 BM2,1.0264
1928-08-01,1928-09-01,ME5 BM3,2.2596
1928-08-01,1928-09-01,ME5 BM4,0.5869
1928-08-01,1928-09-01,BIG HiBM,6.9794
1928-09-01,1928-10-01,SMALL LoBM,-3.9425
1928-09-01,1928-10-01,ME1 BM2,-3.8779
1928-09-01,1928-10-01,ME1 BM3,4.3796
1928-09-01,1928-10-01,ME1 BM4,3.7426
1928-09-01,1928-10-01,SMALL HiBM,6.4494
1928-09-01,1928-10-01,ME2 BM1,5.0072
1928-09-01,1928-10-01,ME2 BM2,3.0889
1928-09-01,1928-10-01,ME2 BM3,2.2823
1928-09-01,1928-10-01,ME2 BM4,1.3849
1928-09-01,1928-10-01,ME2 BM5,2.2085
1928-09-01,1928-10-01,ME3 BM1,3.9514
1928-09-01,1928-10-01,ME3 BM2,4.9579
1928-09-01,1928-10-01,ME3 BM3,2.62
1928-09-01,1928-10-01,ME3 BM4,0.2258
1928-09-01,1928-10-01,ME3 BM5,-2.5026
1928-09-01,1928-10-01,ME4 BM1,1.1071
1928-09-01,1928-10-01,ME4 BM2,-1.0248
1928-09-01,1928-10-01,ME4 BM3,-1.7484
1928-09-01,1928-10-01,ME4 BM4,4.733
1928-09-01,1928-10-01,ME4 BM5,-3.6579
1928-09-01,1928-10-01,BIG LoBM,1.4639
1928-09-01,1928-10-01,ME5 BM2,2.9037
1928-09-01,1928-10-01,ME5 BM3,1.3475
1928-09-01,1928-10-01,ME5 BM4,-0.3614
1928-09-01,1928-10-01,BIG HiBM,4.7457
1928-10-01,1928-11-01,SMALL LoBM,3.8603
1928-10-01,1928-11-01,ME1 BM2,30.2108
1928-10-01,1928-11-01,ME1 BM3,7.7079
1928-10-01,1928-11-01,ME1 BM4,16.7378
1928-10-01,1928-11-01,SMALL HiBM,12.7121
1928-10-01,1928-11-01,ME2 BM1,6.6941
1928-10-01,1928-11-01,ME2 BM2,7.8822
1928-10-01,1928-11-01,ME2 BM3,10.2999
1928-10-01,1928-11-01,ME2 BM4,13.4954
1928-10-01,1928-11-01,ME2 BM5,8.2555
1928-10-01,1928-11-01,ME3 BM1,9.6832
1928-10-01,1928-11-01,ME3 BM2,11.362
1928-10-01,1928-11-01,ME3 BM3,18.7164
1928-10-01,1928-11-01,ME3 BM4,13.7626
1928-10-01,1928-11-01,ME3 BM5,15.6689
1928-10-01,1928-11-01,ME4 BM1,10.9224
1928-10-01,1928-11-01,ME4 BM2,11.8126
1928-10-01,1928-11-01,ME4 BM3,9.7614
1928-10-01,1928-11-01,ME4 BM4,7.7166
1928-10-01,1928-11-01,ME4 BM5,14.2763
1928-10-01,1928-11-01,BIG LoBM,11.5603
1928-10-01,1928-11-01,ME5 BM2,10.4534
1928-10-01,1928-11-01,ME5 BM3,16.0833
1928-10-01,1928-11-01,ME5 BM4,9.1276
1928-10-01,1928-11-01,BIG HiBM,17.8916
1928-11-01,1928-12-01,SMALL LoBM,-5.4317
1928-11-01,1928-12-01,ME1 BM2,-7.6129
1928-11-01,1928-12-01,ME1 BM3,-5.4498
1928-11-01,1928-12-01,ME1 BM4,-2.4303
1928-11-01,1928-12-01,SMALL HiBM,-2.0332
1928-11-01,1928-12-01,ME2 BM1,-3.3339
1928-11-01,1928-12-01,ME2 BM2,-2.6891
1928-11-01,1928-12-01,ME2 BM3,-0.944
1928-11-01,1928-12-01,ME2 BM4,-4.0896
1928-11-01,1928-12-01,ME2 BM5,0.3738
1928-11-01,1928-12-01,ME3 BM1,3.1148
1928-11-01,1928-12-01,ME3 BM2,-0.0951
1928-11-01,1928-12-01,ME3 BM3,1.1249
1928-11-01,1928-12-01,ME3 BM4,1.2061
1928-11-01,1928-12-01,ME3 BM5,0.5792
1928-11-01,1928-12-01,ME4 BM1,3.4405
1928-11-01,1928-12-01,ME4 BM2,3.7344
1928-11-01,1928-12-01,ME4 BM3,0.3514
1928-11-01,1928-12-01,ME4 BM4,1.7526
1928-11-01,1928-12-01,ME4 BM5,-3.3414
1928-11-01,1928-12-01,BIG LoBM,0.5873
1928-11-01,1928-12-01,ME5 BM2,1.1557
1928-11-01,1928-12-01,ME5 BM3,-1.0312
1928-11-01,1928-12-01,ME5 BM4,1.2971
1928-11-01,1928-12-01,BIG HiBM,0.3726
1928-12-01,1929-01-01,SMALL LoBM,2.9249
1928-12-01,1929-01-01,ME1 BM2,8.2436
1928-12-01,1929-01-01,ME1 BM3,-3.8686
1928-12-01,1929-01-01,ME1 BM4,5.9937
1928-12-01,1929-01-01,SMALL HiBM,5.192
1928-12-01,1929-01-01,ME2 BM1,4.0845
1928-12-01,1929-01-01,ME2 BM2,1.4254
1928-12-01,1929-01-01,ME2 BM3,1.4492
1928-12-01,1929-01-01,ME2 BM4,-0.2671
1928-12-01,1929-01-01,ME2 BM5,-0.5393
1928-12-01,1929-01-01,ME3 BM1,1.6878
1928-12-01,1929-01-01,ME3 BM2,4.7525
1928-12-01,1929-01-01,ME3 BM3,-4.7459
1928-12-01,1929-01-01,ME3 BM4,4.3288
1928-12-01,1929-01-01,ME3 BM5,2.4857
1928-12-01,1929-01-01,ME4 BM1,4.624
1928-12-01,1929-01-01,ME4 BM2,4.8918
1928-12-01,1929-01-01,ME4 BM3,3.7165
1928-12-01,1929-01-01,ME4 BM4,1.5503
1928-12-01,1929-01-01,ME4 BM5,1.1437
1928-12-01,1929-01-01,BIG LoBM,6.5749
1928-12-01,1929-01-01,ME5 BM2,10.2571
1928-12-01,1929-01-01,ME5 BM3,2.3122
1928-12-01,1929-01-01,ME5 BM4,4.9802
1928-12-01,1929-01-01,BIG HiBM,0.0249
1929-01-01,1929-02-01,SMALL LoBM,0.9617
1929-01-01,1929-02-01,ME1 BM2,-7.9993
1929-01-01,1929-02-01,ME1 BM3,-2.8183
1929-01-01,1929-02-01,ME1 BM4,0.0022
1929-01-01,1929-02-01,SMALL HiBM,-1.7637
1929-01-01,1929-02-01,ME2 BM1,-3.2489
1929-01-01,1929-02-01,ME2 BM2,1.8521
1929-01-01,1929-02-01,ME2 BM3,3.7686
1929-01-01,1929-02-01,ME2 BM4,0.6565
1929-01-01,1929-02-01,ME2 BM5,5.2965
1929-01-01,1929-02-01,ME3 BM1,1.3547
1929-01-01,1929-02-01,ME3 BM2,0.197
1929-01-01,1929-02-01,ME3 BM3,0.5902
1929-01-01,1929-02-01,ME3 BM4,4.1229
1929-01-01,1929-02-01,ME3 BM5,0.2402
1929-01-01,1929-02-01,ME4 BM1,-1.4402
1929-01-01,1929-02-01,ME4 BM2,1.4218
1929-01-01,1929-02-01,ME4 BM3,2.3577
1929-01-01,1929-02-01,ME4 BM4,0.4267
1929-01-01,1929-02-01,ME4 BM5,1.954
1929-01-01,1929-02-01,BIG LoBM,-0.7818
1929-01-01,1929-02-01,ME5 BM2,0.9801
1929-01-01,1929-02-01,ME5 BM3,0.4464
1929-01-01,1929-02-01,ME5 BM4,0.7348
1929-01-01,1929-02-01,BIG HiBM,3.4624
1929-02-01,1929-03-01,SMALL LoBM,-14.5269
1929-02-01,1929-03-01,ME1 BM2,-0.6033
1929-02-01,1929-03-01,ME1 BM3,-2.1337
1929-02-01,1929-03-01,ME1 BM4,-4.6768
1929-02-01,1929-03-01,SMALL HiBM,-2.9964
1929-02-01,1929-03-01,ME2 BM1,-4.0739
1929-02-01,1929-03-01,ME2 BM2,-5.8814
1929-02-01,1929-03-01,ME2 BM3,-5.0894
1929-02-01,1929-03-01,ME2 BM4,-2.364
1929-02-01,1929-03-01,ME2 BM5,-4.1641
1929-02-01,1929-03-01,ME3 BM1,-7.2089
1929-02-01,1929-03-01,ME3 BM2,-4.9266
1929-02-01,1929-03-01,ME3 BM3,-2.8056
1929-02-01,1929-03-01,ME3 BM4,-3.1815
1929-02-01,1929-03-01,ME3 BM5,-5.7807
1929-02-01,1929-03-01,ME4 BM1,-4.4903
1929-02-01,1929-03-01,ME4 BM2,-5.1527
1929-02-01,1929-03-01,ME4 BM3,1.3652
1929-02-01,1929-03-01,ME4 BM4,-1.2185
1929-02-01,1929-03-01,ME4 BM5,-1.1298
1929-02-01,1929-03-01,BIG LoBM,-0.1756
1929-02-01,1929-03-01,ME5 BM2,0.8493
1929-02-01,1929-03-01,ME5 BM3,3.5264
1929-02-01,1929-03-01,ME5 BM4,0.0438
1929-02-01,1929-03-01,BIG HiBM,0.7492
1929-03-01,1929-04-01,SMALL LoBM,-4.4228
1929-03-01,1929-04-01,ME1 BM2,-8.8405
1929-03-01,1929-04-01,ME1 BM3,-0.9605
1929-03-01,1929-04-01,ME1 BM4,7.4638
1929-03-01,1929-04-01,SMALL HiBM,-1.6193
1929-03-01,1929-04-01,ME2 BM1,0.0188
1929-03-01,1929-04-01,ME2 BM2,0.7853
1929-03-01,1929-04-01,ME2 BM3,4.7933
1929-03-01,1929-04-01,ME2 BM4,-2.2916
1929-03-01,1929-04-01,ME2 BM5,6.1626
1929-03-01,1929-04-01,ME3 BM1,1.7511
1929-03-01,1929-04-01,ME3 BM2,0.6827
1929-03-01,1929-04-01,ME3 BM3,3.7295
1929-03-01,1929-04-01,ME3 BM4,-0.2434
1929-03-01,1929-04-01,ME3 BM5,-0.2537
1929-03-01,1929-04-01,ME4 BM1,2.716
1929-03-01,1929-04-01,ME4 BM2,0.2677
1929-03-01,1929-04-01,ME4 BM3,-0.5
1929-03-01,1929-04-01,ME4 BM4,1.281
1929-03-01,1929-04-01,ME4 BM5,4.5725
1929-03-01,1929-04-01,BIG LoBM,2.2448
1929-03-01,1929-04-01,ME5 BM2,2.8698
1929-03-01,1929-04-01,ME5 BM3,0.8816
1929-03-01,1929-04-01,ME5 BM4,0.8058
1929-03-01,1929-04-01,BIG HiBM,2.858
1929-04-01,1929-05-01,SMALL LoBM,-21.8773
1929-04-01,1929-05-01,ME1 BM2,-6.4153
1929-04-01,1929-05-01,ME1 BM3,-17.6682
1929-04-01,1929-05-01,ME1 BM4,-15.6067
1929-04-01,1929-05-01,SMALL HiBM,-13.0789
1929-04-01,1929-05-01,ME2 BM1,-11.2806
1929-04-01,1929-05-01,ME2 BM2,-11.7705
1929-04-01,1929-05-01,ME2 BM3,-8.2902
1929-04-01,1929-05-01,ME2 BM4,-13.3546
1929-04-01,1929-05-01,ME2 BM5,-13.898
1929-04-01,1929-05-01,ME3 BM1,-6.6428
1929-04-01,1929-05-01,ME3 BM2,-10.5278
1929-04-01,1929-05-01,ME3 BM3,-8.5769
1929-04-01,1929-05-01,ME3 BM4,-9.3913
1929-04-01,1929-05-01,ME3 BM5,-9.2183
1929-04-01,1929-05-01,ME4 BM1,-7.1711
1929-04-01,1929-05-01,ME4 BM2,-10.5103
1929-04-01,1929-05-01,ME4 BM3,-3.2514
1929-04-01,1929-05-01,ME4 BM4,-4.7931
1929-04-01,1929-05-01,ME4 BM5,0.8989
1929-04-01,1929-05-01,BIG LoBM,-5.806
1929-04-01,1929-05-01,ME5 BM2,-5.9205
1929-04-01,1929-05-01,ME5 BM3,-3.095
1929-04-01,1929-05-01,ME5 BM4,-2.6706
1929-04-01,1929-05-01,BIG HiBM,-1.6714
1929-05-01,1929-06-01,SMALL LoBM,15.9956
1929-05-01,1929-06-01,ME1 BM2,4.0665
1929-05-01,1929-06-01,ME1 BM3,3.9194
1929-05-01,1929-06-01,ME1 BM4,7.3318
1929-05-01,1929-06-01,SMALL HiBM,6.9371
1929-05-01,1929-06-01,ME2 BM1,3.6731
1929-05-01,1929-06-01,ME2 BM2,7.3262
1929-05-01,1929-06-01,ME2 BM3,11.0917
1929-05-01,1929-06-01,ME2 BM4,4.2521
1929-05-01,1929-06-01,ME2 BM5,6.7069
1929-05-01,1929-06-01,ME3 BM1,7.2505
1929-05-01,1929-06-01,ME3 BM2,10.898
1929-05-01,1929-06-01,ME3 BM3,10.7548
1929-05-01,1929-06-01,ME3 BM4,7.954
1929-05-01,1929-06-01,ME3 BM5,8.5869
1929-05-01,1929-06-01,ME4 BM1,13.3921
1929-05-01,1929-06-01,ME4 BM2,10.7635
1929-05-01,1929-06-01,ME4 BM3,11.0748
1929-05-01,1929-06-01,ME4 BM4,9.1305
1929-05-01,1929-06-01,ME4 BM5,3.5946
1929-05-01,1929-06-01,BIG LoBM,11.9153
1929-05-01,1929-06-01,ME5 BM2,13.6849
1929-05-01,1929-06-01,ME5 BM3,7.9176
1929-05-01,1929-06-01,ME5 BM4,7.7939
1929-05-01,1929-06-01,BIG HiBM,4.7244
1929-06-01,1929-07-01,SMALL LoBM,1.1742
1929-06-01,1929-07-01,ME1 BM2,-5.2126
1929-06-01,1929-07-01,ME1 BM3,-1.8996
1929-06-01,1929-07-01,ME1 BM4,-8.9964
1929-06-01,1929-07-01,SMALL HiBM,2.3089
1929-06-01,1929-07-01,ME2 BM1,-2.316
1929-06-01,1929-07-01,ME2 BM2,2.4318
1929-06-01,1929-07-01,ME2 BM3,-2.0222
1929-06-01,1929-07-01,ME2 BM4,0.3757
1929-06-01,1929-07-01,ME2 BM5,6.2303
1929-06-01,1929-07-01,ME3 BM1,1.1478
1929-06-01,1929-07-01,ME3 BM2,3.7007
1929-06-01,1929-07-01,ME3 BM3,0.856
1929-06-01,1929-07-01,ME3 BM4,0.3848
1929-06-01,1929-07-01,ME3 BM5,10.7093
1929-06-01,1929-07-01,ME4 BM1,2.4293
1929-06-01,1929-07-01,ME4 BM2,2.7454
1929-06-01,1929-07-01,ME4 BM3,1.972
1929-06-01,1929-07-01,ME4 BM4,2.4411
1929-06-01,1929-07-01,ME4 BM5,4.4398
1929-06-01,1929-07-01,BIG LoBM,3.0181
1929-06-01,1929-07-01,ME5 BM2,6.5556
1929-06-01,1929-07-01,ME5 BM3,5.997
1929-06-01,1929-07-01,ME5 BM4,8.4836
1929-06-01,1929-07-01,BIG HiBM,5.1454
1929-07-01,1929-08-01,SMALL LoBM,-4.1263
1929-07-01,1929-08-01,ME1 BM2,-4.7118
1929-07-01,1929-08-01,ME1 BM3,-8.9336
1929-07-01,1929-08-01,ME1 BM4,4.7021
1929-07-01,1929-08-01,SMALL HiBM,-4.8612
1929-07-01,1929-08-01,ME2 BM1,-1.2892
1929-07-01,1929-08-01,ME2 BM2,-0.4058
1929-07-01,1929-08-01,ME2 BM3,0.7785
1929-07-01,1929-08-01,ME2 BM4,0.8424
1929-07-01,1929-08-01,ME2 BM5,-0.5221
1929-07-01,1929-08-01,ME3 BM1,1.0571
1929-07-01,1929-08-01,ME3 BM2,0.6645
1929-07-01,1929-08-01,ME3 BM3,5.6009
1929-07-01,1929-08-01,ME3 BM4,1.7702
1929-07-01,1929-08-01,ME3 BM5,-0.2876
1929-07-01,1929-08-01,ME4 BM1,4.9927
1929-07-01,1929-08-01,ME4 BM2,-0.1129
1929-07-01,1929-08-01,ME4 BM3,4.2345
1929-07-01,1929-08-01,ME4 BM4,5.379
1929-07-01,1929-08-01,ME4 BM5,7.7956
1929-07-01,1929-08-01,BIG LoBM,6.6194
1929-07-01,1929-08-01,ME5 BM2,12.9693
1929-07-01,1929-08-01,ME5 BM3,13.2823
1929-07-01,1929-08-01,ME5 BM4,13.4379
1929-07-01,1929-08-01,BIG HiBM,6.8384
1929-08-01,1929-09-01,SMALL LoBM,-10.3134
1929-08-01,1929-09-01,ME1 BM2,-1.9792
1929-08-01,1929-09-01,ME1 BM3,-9.7645
1929-08-01,1929-09-01,ME1 BM4,-5.9053
1929-08-01,1929-09-01,SMALL HiBM,-9.7142
1929-08-01,1929-09-01,ME2 BM1,-7.5759
1929-08-01,1929-09-01,ME2 BM2,-2.0322
1929-08-01,1929-09-01,ME2 BM3,-4.7108
1929-08-01,1929-09-01,ME2 BM4,-5.7179
1929-08-01,1929-09-01,ME2 BM5,-2.0971
1929-08-01,1929-09-01,ME3 BM1,-8.8968
1929-08-01,1929-09-01,ME3 BM2,0.0146
1929-08-01,1929-09-01,ME3 BM3,-1.4831
1929-08-01,1929-09-01,ME3 BM4,-4.0721
1929-08-01,1929-09-01,ME3 BM5,-0.6225
1929-08-01,1929-09-01,ME4 BM1,0.8272
1929-08-01,1929-09-01,ME4 BM2,1.2245
1929-08-01,1929-09-01,ME4 BM3,-4.6494
1929-08-01,1929-09-01,ME4 BM4,-4.1105
1929-08-01,1929-09-01,ME4 BM5,-7.2368
1929-08-01,1929-09-01,BIG LoBM,-5.9327
1929-08-01,1929-09-01,ME5 BM2,-3.7501
1929-08-01,1929-09-01,ME5 BM3,-4.0235
1929-08-01,1929-09-01,ME5 BM4,-7.2099
1929-08-01,1929-09-01,BIG HiBM,-6.872
1929-09-01,1929-10-01,SMALL LoBM,-26.3744
1929-09-01,1929-10-01,ME1 BM2,-23.68
1929-09-01,1929-10-01,ME1 BM3,-17.9997
1929-09-01,1929-10-01,ME1 BM4,-23.7403
1929-09-01,1929-10-01,SMALL HiBM,-19.6194
1929-09-01,1929-10-01,ME2 BM1,-19.7024
1929-09-01,1929-10-01,ME2 BM2,-19.1757
1929-09-01,1929-10-01,ME2 BM3,-23.8761
1929-09-01,1929-10-01,ME2 BM4,-17.3908
1929-09-01,1929-10-01,ME2 BM5,-19.2431
1929-09-01,1929-10-01,ME3 BM1,-27.0998
1929-09-01,1929-10-01,ME3 BM2,-21.3748
1929-09-01,1929-10-01,ME3 BM3,-12.5223
1929-09-01,1929-10-01,ME3 BM4,-16.4014
1929-09-01,1929-10-01,ME3 BM5,-20.7672
1929-09-01,1929-10-01,ME4 BM1,-31.4037
1929-09-01,1929-10-01,ME4 BM2,-23.7457
1929-09-01,1929-10-01,ME4 BM3,-16.4925
1929-09-01,1929-10-01,ME4 BM4,-13.4418
1929-09-01,1929-10-01,ME4 BM5,-17.0657
1929-09-01,1929-10-01,BIG LoBM,-23.9581
1929-09-01,1929-10-01,ME5 BM2,-21.3645
1929-09-01,1929-10-01,ME5 BM3,-13.1764
1929-09-01,1929-10-01,ME5 BM4,-10.6115
1929-09-01,1929-10-01,BIG HiBM,-7.4875
1929-10-01,1929-11-01,SMALL LoBM,-1.3563
1929-10-01,1929-11-01,ME1 BM2,-18.3961
1929-10-01,1929-11-01,ME1 BM3,-4.8763
1929-10-01,1929-11-01,ME1 BM4,-15.8613
1929-10-01,1929-11-01,SMALL HiBM,-11.9402
1929-10-01,1929-11-01,ME2 BM1,-19.3908
1929-10-01,1929-11-01,ME2 BM2,-14.8813
1929-10-01,1929-11-01,ME2 BM3,-8.4293
1929-10-01,1929-11-01,ME2 BM4,-8.5944
1929-10-01,1929-11-01,ME2 BM5,-13.2392
1929-10-01,1929-11-01,ME3 BM1,-13.7151
1929-10-01,1929-11-01,ME3 BM2,-12.9251
1929-10-01,1929-11-01,ME3 BM3,-7.7971
1929-10-01,1929-11-01,ME3 BM4,-7.4828
1929-10-01,1929-11-01,ME3 BM5,-10.3006
1929-10-01,1929-11-01,ME4 BM1,-14.7241
1929-10-01,1929-11-01,ME4 BM2,-13.368
1929-10-01,1929-11-01,ME4 BM3,-7.8161
1929-10-01,1929-11-01,ME4 BM4,-8.7895
1929-10-01,1929-11-01,ME4 BM5,-11.3983
1929-10-01,1929-11-01,BIG LoBM,-13.208
1929-10-01,1929-11-01,ME5 BM2,-15.8354
1929-10-01,1929-11-01,ME5 BM3,-10.0901
1929-10-01,1929-11-01,ME5 BM4,-9.6503
1929-10-01,1929-11-01,BIG HiBM,-6.3362
1929-11-01,1929-12-01,SMALL LoBM,-0.4171
1929-11-01,1929-12-01,ME1 BM2,-15.6076
1929-11-01,1929-12-01,ME1 BM3,-10.7757
1929-11-01,1929-12-01,ME1 BM4,-8.0244
1929-11-01,1929-12-01,SMALL HiBM,-3.4177
1929-11-01,1929-12-01,ME2 BM1,-4.8965
1929-11-01,1929-12-01,ME2 BM2,-6.1557
1929-11-01,1929-12-01,ME2 BM3,-7.7981
1929-11-01,1929-12-01,ME2 BM4,0.5152
1929-11-01,1929-12-01,ME2 BM5,-2.2675
1929-11-01,1929-12-01,ME3 BM1,-0.903
1929-11-01,1929-12-01,ME3 BM2,-0.9143
1929-11-01,1929-12-01,ME3 BM3,1.9948
1929-11-01,1929-12-01,ME3 BM4,-1.9636
1929-11-01,1929-12-01,ME3 BM5,5.3172
1929-11-01,1929-12-01,ME4 BM1,3.1175
1929-11-01,1929-12-01,ME4 BM2,-6.0359
1929-11-01,1929-12-01,ME4 BM3,-2.5306
1929-11-01,1929-12-01,ME4 BM4,0.5812
1929-11-01,1929-12-01,ME4 BM5,10.9565
1929-11-01,1929-12-01,BIG LoBM,3.7245
1929-11-01,1929-12-01,ME5 BM2,3.5576
1929-11-01,1929-12-01,ME5 BM3,0.455
1929-11-01,1929-12-01,ME5 BM4,0.6356
1929-11-01,1929-12-01,BIG HiBM,0.8745
1929-12-01,1930-01-01,SMALL LoBM,-2.6766
1929-12-01,1930-01-01,ME1 BM2,9.0039
1929-12-01,1930-01-01,ME1 BM3,21.8183
1929-12-01,1930-01-01,ME1 BM4,11.8021
1929-12-01,1930-01-01,SMALL HiBM,11.0292
1929-12-01,1930-01-01,ME2 BM1,7.8737
1929-12-01,1930-01-01,ME2 BM2,12.1248
1929-12-01,1930-01-01,ME2 BM3,9.5003
1929-12-01,1930-01-01,ME2 BM4,4.6442
1929-12-01,1930-01-01,ME2 BM5,14.539
1929-12-01,1930-01-01,ME3 BM1,8.7999
1929-12-01,1930-01-01,ME3 BM2,11.2873
1929-12-01,1930-01-01,ME3 BM3,4.0865
1929-12-01,1930-01-01,ME3 BM4,6.355
1929-12-01,1930-01-01,ME3 BM5,4.1286
1929-12-01,1930-01-01,ME4 BM1,7.4775
1929-12-01,1930-01-01,ME4 BM2,8.4258
1929-12-01,1930-01-01,ME4 BM3,5.6023
1929-12-01,1930-01-01,ME4 BM4,3.4816
1929-12-01,1930-01-01,ME4 BM5,3.9517
1929-12-01,1930-01-01,BIG LoBM,6.9397
1929-12-01,1930-01-01,ME5 BM2,7.6149
1929-12-01,1930-01-01,ME5 BM3,0.6754
1929-12-01,1930-01-01,ME5 BM4,4.9956
1929-12-01,1930-01-01,BIG HiBM,-0.4104
1930-01-01,1930-02-01,SMALL LoBM,16.9723
1930-01-01,1930-02-01,ME1 BM2,14.4118
1930-01-01,1930-02-01,ME1 BM3,-1.8758
1930-01-01,1930-02-01,ME1 BM4,-1.4177
1930-01-01,1930-02-01,SMALL HiBM,2.7575
1930-01-01,1930-02-01,ME2 BM1,-1.9117
1930-01-01,1930-02-01,ME2 BM2,2.3225
1930-01-01,1930-02-01,ME2 BM3,4.1616
1930-01-01,1930-02-01,ME2 BM4,1.6175
1930-01-01,1930-02-01,ME2 BM5,5.6337
1930-01-01,1930-02-01,ME3 BM1,1.6699
1930-01-01,1930-02-01,ME3 BM2,3.3231
1930-01-01,1930-02-01,ME3 BM3,2.8829
1930-01-01,1930-02-01,ME3 BM4,2.6608
1930-01-01,1930-02-01,ME3 BM5,2.8421
1930-01-01,1930-02-01,ME4 BM1,0.4977
1930-01-01,1930-02-01,ME4 BM2,7.8405
1930-01-01,1930-02-01,ME4 BM3,-1.2984
1930-01-01,1930-02-01,ME4 BM4,0.2764
1930-01-01,1930-02-01,ME4 BM5,0.9862
1930-01-01,1930-02-01,BIG LoBM,3.1845
1930-01-01,1930-02-01,ME5 BM2,4.561
1930-01-01,1930-02-01,ME5 BM3,1.1643
1930-01-01,1930-02-01,ME5 BM4,1.4893
1930-01-01,1930-02-01,BIG HiBM,4.9741
1930-02-01,1930-03-01,SMALL LoBM,22.8187
1930-02-01,1930-03-01,ME1 BM2,-0.721
1930-02-01,1930-03-01,ME1 BM3,8.9828
1930-02-01,1930-03-01,ME1 BM4,16.6854
1930-02-01,1930-03-01,SMALL HiBM,12.0505
1930-02-01,1930-03-01,ME2 BM1,6.2626
1930-02-01,1930-03-01,ME2 BM2,4.6931
1930-02-01,1930-03-01,ME2 BM3,14.0652
1930-02-01,1930-03-01,ME2 BM4,8.248
1930-02-01,1930-03-01,ME2 BM5,5.3697
1930-02-01,1930-03-01,ME3 BM1,9.8448
1930-02-01,1930-03-01,ME3 BM2,8.9231
1930-02-01,1930-03-01,ME3 BM3,6.3234
1930-02-01,1930-03-01,ME3 BM4,9.6129
1930-02-01,1930-03-01,ME3 BM5,14.162
1930-02-01,1930-03-01,ME4 BM1,6.6888
1930-02-01,1930-03-01,ME4 BM2,5.4523
1930-02-01,1930-03-01,ME4 BM3,7.1469
1930-02-01,1930-03-01,ME4 BM4,12.1871
1930-02-01,1930-03-01,ME4 BM5,10.9418
1930-02-01,1930-03-01,BIG LoBM,6.6643
1930-02-01,1930-03-01,ME5 BM2,6.1562
1930-02-01,1930-03-01,ME5 BM3,11.5196
1930-02-01,1930-03-01,ME5 BM4,4.4962
1930-02-01,1930-03-01,BIG HiBM,2.1452
1930-03-01,1930-04-01,SMALL LoBM,-6.973
1930-03-01,1930-04-01,ME1 BM2,-5.8901
1930-03-01,1930-04-01,ME1 BM3,-5.1454
1930-03-01,1930-04-01,ME1 BM4,-7.7391
1930-03-01,1930-04-01,SMALL HiBM,-5.4134
1930-03-01,1930-04-01,ME2 BM1,-8.8215
1930-03-01,1930-04-01,ME2 BM2,-4.8629
1930-03-01,1930-04-01,ME2 BM3,-3.1384
1930-03-01,1930-04-01,ME2 BM4,-3.7915
1930-03-01,1930-04-01,ME2 BM5,-5.1834
1930-03-01,1930-04-01,ME3 BM1,-3.0844
1930-03-01,1930-04-01,ME3 BM2,-4.6108
1930-03-01,1930-04-01,ME3 BM3,-5.0217
1930-03-01,1930-04-01,ME3 BM4,-3.2204
1930-03-01,1930-04-01,ME3 BM5,-2.4801
1930-03-01,1930-04-01,ME4 BM1,-2.7373
1930-03-01,1930-04-01,ME4 BM2,-5.0588
1930-03-01,1930-04-01,ME4 BM3,-5.2782
1930-03-01,1930-04-01,ME4 BM4,-5.1292
1930-03-01,1930-04-01,ME4 BM5,-4.4592
1930-03-01,1930-04-01,BIG LoBM,-0.8153
1930-03-01,1930-04-01,ME5 BM2,-3.3383
1930-03-01,1930-04-01,ME5 BM3,0.023
1930-03-01,1930-04-01,ME5 BM4,-6.192
1930-03-01,1930-04-01,BIG HiBM,-7.3589
1930-04-01,1930-05-01,SMALL LoBM,-2.4085
1930-04-01,1930-05-01,ME1 BM2,-13.1099
1930-04-01,1930-05-01,ME1 BM3,1.7043
1930-04-01,1930-05-01,ME1 BM4,-5.1405
1930-04-01,1930-05-01,SMALL HiBM,-6.1347
1930-04-01,1930-05-01,ME2 BM1,-5.8346
1930-04-01,1930-05-01,ME2 BM2,-1.496
1930-04-01,1930-05-01,ME2 BM3,-5.2688
1930-04-01,1930-05-01,ME2 BM4,-4.3118
1930-04-01,1930-05-01,ME2 BM5,-2.7295
1930-04-01,1930-05-01,ME3 BM1,-3.2164
1930-04-01,1930-05-01,ME3 BM2,-0.8849
1930-04-01,1930-05-01,ME3 BM3,-4.146
1930-04-01,1930-05-01,ME3 BM4,-3.056
1930-04-01,1930-05-01,ME3 BM5,0.3854
1930-04-01,1930-05-01,ME4 BM1,-3.4829
1930-04-01,1930-05-01,ME4 BM2,-4.0539
1930-04-01,1930-05-01,ME4 BM3,-3.4874
1930-04-01,1930-05-01,ME4 BM4,-0.13
1930-04-01,1930-05-01,ME4 BM5,-4.8213
1930-04-01,1930-05-01,BIG LoBM,0.8782
1930-04-01,1930-05-01,ME5 BM2,0.0729
1930-04-01,1930-05-01,ME5 BM3,-2.0379
1930-04-01,1930-05-01,ME5 BM4,-1.512
1930-04-01,1930-05-01,BIG HiBM,-0.8007
1930-05-01,1930-06-01,SMALL LoBM,-13.4475
1930-05-01,1930-06-01,ME1 BM2,-20.1571
1930-05-01,1930-06-01,ME1 BM3,-18.4028
1930-05-01,1930-06-01,ME1 BM4,-15.2508
1930-05-01,1930-06-01,SMALL HiBM,-21.1727
1930-05-01,1930-06-01,ME2 BM1,-23.7983
1930-05-01,1930-06-01,ME2 BM2,-18.4338
1930-05-01,1930-06-01,ME2 BM3,-17.4111
1930-05-01,1930-06-01,ME2 BM4,-17.4979
1930-05-01,1930-06-01,ME2 BM5,-18.7951
1930-05-01,1930-06-01,ME3 BM1,-12.9371
1930-05-01,1930-06-01,ME3 BM2,-18.657
1930-05-01,1930-06-01,ME3 BM3,-13.0578
1930-05-01,1930-06-01,ME3 BM4,-13.5781
1930-05-01,1930-06-01,ME3 BM5,-18.1799
1930-05-01,1930-06-01,ME4 BM1,-21.9012
1930-05-01,1930-06-01,ME4 BM2,-18.0824
1930-05-01,1930-06-01,ME4 BM3,-15.8508
1930-05-01,1930-06-01,ME4 BM4,-14.2266
1930-05-01,1930-06-01,ME4 BM5,-18.5651
1930-05-01,1930-06-01,BIG LoBM,-17.4913
1930-05-01,1930-06-01,ME5 BM2,-16.8085
1930-05-01,1930-06-01,ME5 BM3,-13.4094
1930-05-01,1930-06-01,ME5 BM4,-9.5513
1930-05-01,1930-06-01,BIG HiBM,-9.7101
1930-06-01,1930-07-01,SMALL LoBM,2.6405
1930-06-01,1930-07-01,ME1 BM2,3.9919
1930-06-01,1930-07-01,ME1 BM3,12.9011
1930-06-01,1930-07-01,ME1 BM4,3.2517
1930-06-01,1930-07-01,SMALL HiBM,1.2265
1930-06-01,1930-07-01,ME2 BM1,7.842
1930-06-01,1930-07-01,ME2 BM2,6.3358
1930-06-01,1930-07-01,ME2 BM3,4.9776
1930-06-01,1930-07-01,ME2 BM4,2.8807
1930-06-01,1930-07-01,ME2 BM5,0.8179
1930-06-01,1930-07-01,ME3 BM1,6.2681
1930-06-01,1930-07-01,ME3 BM2,5.7383
1930-06-01,1930-07-01,ME3 BM3,3.1383
1930-06-01,1930-07-01,ME3 BM4,4.8158
1930-06-01,1930-07-01,ME3 BM5,2.86
1930-06-01,1930-07-01,ME4 BM1,5.7349
1930-06-01,1930-07-01,ME4 BM2,4.5566
1930-06-01,1930-07-01,ME4 BM3,4.0677
1930-06-01,1930-07-01,ME4 BM4,2.302
1930-06-01,1930-07-01,ME4 BM5,-0.4418
1930-06-01,1930-07-01,BIG LoBM,5.1599
1930-06-01,1930-07-01,ME5 BM2,3.8734
1930-06-01,1930-07-01,ME5 BM3,3.4092
1930-06-01,1930-07-01,ME5 BM4,2.3781
1930-06-01,1930-07-01,BIG HiBM,10.4629
1930-07-01,1930-08-01,SMALL LoBM,-9.329
1930-07-01,1930-08-01,ME1 BM2,-8.5398
1930-07-01,1930-08-01,ME1 BM3,-3.2926
1930-07-01,1930-08-01,ME1 BM4,-6.3293
1930-07-01,1930-08-01,SMALL HiBM,-2.8689
1930-07-01,1930-08-01,ME2 BM1,-3.8141
1930-07-01,1930-08-01,ME2 BM2,0.3944
1930-07-01,1930-08-01,ME2 BM3,-0.8875
1930-07-01,1930-08-01,ME2 BM4,-2.6634
1930-07-01,1930-08-01,ME2 BM5,-0.9432
1930-07-01,1930-08-01,ME3 BM1,-2.6558
1930-07-01,1930-08-01,ME3 BM2,-1.308
1930-07-01,1930-08-01,ME3 BM3,-1.8148
1930-07-01,1930-08-01,ME3 BM4,-1.2087
1930-07-01,1930-08-01,ME3 BM5,-1.0955
1930-07-01,1930-08-01,ME4 BM1,1.4153
1930-07-01,1930-08-01,ME4 BM2,-0.5799
1930-07-01,1930-08-01,ME4 BM3,-1.4965
1930-07-01,1930-08-01,ME4 BM4,-2.5729
1930-07-01,1930-08-01,ME4 BM5,4.9078
1930-07-01,1930-08-01,BIG LoBM,1.3808
1930-07-01,1930-08-01,ME5 BM2,-0.4436
1930-07-01,1930-08-01,ME5 BM3,0.4443
1930-07-01,1930-08-01,ME5 BM4,-1.5446
1930-07-01,1930-08-01,BIG HiBM,-24.0437
1930-08-01,1930-09-01,SMALL LoBM,-30.8037
1930-08-01,1930-09-01,ME1 BM2,-33.7274
1930-08-01,1930-09-01,ME1 BM3,-29.979
1930-08-01,1930-09-01,ME1 BM4,-19.3383
1930-08-01,1930-09-01,SMALL HiBM,-20.0107
1930-08-01,1930-09-01,ME2 BM1,-14.5237
1930-08-01,1930-09-01,ME2 BM2,-14.4284
1930-08-01,1930-09-01,ME2 BM3,-14.4732
1930-08-01,1930-09-01,ME2 BM4,-15.7131
1930-08-01,1930-09-01,ME2 BM5,-20.5654
1930-08-01,1930-09-01,ME3 BM1,-12.8024
1930-08-01,1930-09-01,ME3 BM2,-14.6977
1930-08-01,1930-09-01,ME3 BM3,-12.0935
1930-08-01,1930-09-01,ME3 BM4,-15.5805
1930-08-01,1930-09-01,ME3 BM5,-21.7125
1930-08-01,1930-09-01,ME4 BM1,-12.976
1930-08-01,1930-09-01,ME4 BM2,-14.561
1930-08-01,1930-09-01,ME4 BM3,-13.1447
1930-08-01,1930-09-01,ME4 BM4,-12.4767
1930-08-01,1930-09-01,ME4 BM5,-22.1914
1930-08-01,1930-09-01,BIG LoBM,-13.0242
1930-08-01,1930-09-01,ME5 BM2,-11.7232
1930-08-01,1930-09-01,ME5 BM3,-9.4101
1930-08-01,1930-09-01,ME5 BM4,-14.7101
1930-08-01,1930-09-01,BIG HiBM,-28.0576
1930-09-01,1930-10-01,SMALL LoBM,-31.8635
1930-09-01,1930-10-01,ME1 BM2,-9.4101
1930-09-01,1930-10-01,ME1 BM3,-6.8098
1930-09-01,1930-10-01,ME1 BM4,-14.7578
1930-09-01,1930-10-01,SMALL HiBM,-9.2796
1930-09-01,1930-10-01,ME2 BM1,-7.5198
1930-09-01,1930-10-01,ME2 BM2,-11.4959
1930-09-01,1930-10-01,ME2 BM3,-10.421
1930-09-01,1930-10-01,ME2 BM4,-9.8536
1930-09-01,1930-10-01,ME2 BM5,-7.348
1930-09-01,1930-10-01,ME3 BM1,-13.846
1930-09-01,1930-10-01,ME3 BM2,-8.92
1930-09-01,1930-10-01,ME3 BM3,-5.9438
1930-09-01,1930-10-01,ME3 BM4,-11.449
1930-09-01,1930-10-01,ME3 BM5,-18.7547
1930-09-01,1930-10-01,ME4 BM1,-11.5222
1930-09-01,1930-10-01,ME4 BM2,-9.3061
1930-09-01,1930-10-01,ME4 BM3,-8.2121
1930-09-01,1930-10-01,ME4 BM4,-11.074
1930-09-01,1930-10-01,ME4 BM5,-12.5795
1930-09-01,1930-10-01,BIG LoBM,-9.8632
1930-09-01,1930-10-01,ME5 BM2,-6.9303
1930-09-01,1930-10-01,ME5 BM3,-6.8776
1930-09-01,1930-10-01,ME5 BM4,-8.8018
1930-09-01,1930-10-01,BIG HiBM,-20.0
1930-10-01,1930-11-01,SMALL LoBM,19.7776
1930-10-01,1930-11-01,ME1 BM2,-15.4883
1930-10-01,1930-11-01,ME1 BM3,-4.4972
1930-10-01,1930-11-01,ME1 BM4,-2.3015
1930-10-01,1930-11-01,SMALL HiBM,-3.4217
1930-10-01,1930-11-01,ME2 BM1,-5.4429
1930-10-01,1930-11-01,ME2 BM2,2.3189
1930-10-01,1930-11-01,ME2 BM3,-3.901
1930-10-01,1930-11-01,ME2 BM4,-2.3523
1930-10-01,1930-11-01,ME2 BM5,-4.3808
1930-10-01,1930-11-01,ME3 BM1,-0.9739
1930-10-01,1930-11-01,ME3 BM2,-0.4973
1930-10-01,1930-11-01,ME3 BM3,-2.4571
1930-10-01,1930-11-01,ME3 BM4,2.0966
1930-10-01,1930-11-01,ME3 BM5,-5.4577
1930-10-01,1930-11-01,ME4 BM1,-0.7649
1930-10-01,1930-11-01,ME4 BM2,0.5741
1930-10-01,1930-11-01,ME4 BM3,-2.2147
1930-10-01,1930-11-01,ME4 BM4,-5.3994
1930-10-01,1930-11-01,ME4 BM5,2.0773
1930-10-01,1930-11-01,BIG LoBM,-2.3974
1930-10-01,1930-11-01,ME5 BM2,-1.4632
1930-10-01,1930-11-01,ME5 BM3,-4.9576
1930-10-01,1930-11-01,ME5 BM4,-7.3197
1930-10-01,1930-11-01,BIG HiBM,-12.5
1930-11-01,1930-12-01,SMALL LoBM,-18.3651
1930-11-01,1930-12-01,ME1 BM2,-25.1568
1930-11-01,1930-12-01,ME1 BM3,-24.3865
1930-11-01,1930-12-01,ME1 BM4,-13.5696
1930-11-01,1930-12-01,SMALL HiBM,-17.3075
1930-11-01,1930-12-01,ME2 BM1,-14.1276
1930-11-01,1930-12-01,ME2 BM2,-11.728
1930-11-01,1930-12-01,ME2 BM3,-12.8476
1930-11-01,1930-12-01,ME2 BM4,-16.8044
1930-11-01,1930-12-01,ME2 BM5,-18.6094
1930-11-01,1930-12-01,ME3 BM1,-5.4561
1930-11-01,1930-12-01,ME3 BM2,-9.0864
1930-11-01,1930-12-01,ME3 BM3,-7.653
1930-11-01,1930-12-01,ME3 BM4,-11.6194
1930-11-01,1930-12-01,ME3 BM5,-19.11
1930-11-01,1930-12-01,ME4 BM1,-7.9492
1930-11-01,1930-12-01,ME4 BM2,-8.9372
1930-11-01,1930-12-01,ME4 BM3,-11.7236
1930-11-01,1930-12-01,ME4 BM4,-11.8143
1930-11-01,1930-12-01,ME4 BM5,-16.3863
1930-11-01,1930-12-01,BIG LoBM,-5.4468
1930-11-01,1930-12-01,ME5 BM2,-8.2008
1930-11-01,1930-12-01,ME5 BM3,-7.3179
1930-11-01,1930-12-01,ME5 BM4,-10.8763
1930-11-01,1930-12-01,BIG HiBM,-30.0
1930-12-01,1931-01-01,SMALL LoBM,-26.5566
1930-12-01,1931-01-01,ME1 BM2,22.1097
1930-12-01,1931-01-01,ME1 BM3,15.7748
1930-12-01,1931-01-01,ME1 BM4,16.8529
1930-12-01,1931-01-01,SMALL HiBM,19.3084
1930-12-01,1931-01-01,ME2 BM1,13.2408
1930-12-01,1931-01-01,ME2 BM2,11.2376
1930-12-01,1931-01-01,ME2 BM3,13.2522
1930-12-01,1931-01-01,ME2 BM4,14.8844
1930-12-01,1931-01-01,ME2 BM5,15.9307
1930-12-01,1931-01-01,ME3 BM1,10.9679
1930-12-01,1931-01-01,ME3 BM2,8.7517
1930-12-01,1931-01-01,ME3 BM3,9.5193
1930-12-01,1931-01-01,ME3 BM4,8.9545
1930-12-01,1931-01-01,ME3 BM5,21.0718
1930-12-01,1931-01-01,ME4 BM1,7.6441
1930-12-01,1931-01-01,ME4 BM2,6.7711
1930-12-01,1931-01-01,ME4 BM3,5.121
1930-12-01,1931-01-01,ME4 BM4,10.6268
1930-12-01,1931-01-01,ME4 BM5,11.8036
1930-12-01,1931-01-01,BIG LoBM,4.3652
1930-12-01,1931-01-01,ME5 BM2,4.6803
1930-12-01,1931-01-01,ME5 BM3,7.6781
1930-12-01,1931-01-01,ME5 BM4,17.1219
1930-12-01,1931-01-01,BIG HiBM,34.6939
1931-01-01,1931-02-01,SMALL LoBM,21.4578
1931-01-01,1931-02-01,ME1 BM2,20.6779
1931-01-01,1931-02-01,ME1 BM3,48.6609
1931-01-01,1931-02-01,ME1 BM4,24.0135
1931-01-01,1931-02-01,SMALL HiBM,23.2662
1931-01-01,1931-02-01,ME2 BM1,9.7238
1931-01-01,1931-02-01,ME2 BM2,11.0438
1931-01-01,1931-02-01,ME2 BM3,10.3389
1931-01-01,1931-02-01,ME2 BM4,11.5621
1931-01-01,1931-02-01,ME2 BM5,15.52
1931-01-01,1931-02-01,ME3 BM1,15.3065
1931-01-01,1931-02-01,ME3 BM2,14.5442
1931-01-01,1931-02-01,ME3 BM3,12.7908
1931-01-01,1931-02-01,ME3 BM4,9.9333
1931-01-01,1931-02-01,ME3 BM5,12.5979
1931-01-01,1931-02-01,ME4 BM1,13.1201
1931-01-01,1931-02-01,ME4 BM2,11.6887
1931-01-01,1931-02-01,ME4 BM3,8.4289
1931-01-01,1931-02-01,ME4 BM4,6.8825
1931-01-01,1931-02-01,ME4 BM5,17.0764
1931-01-01,1931-02-01,BIG LoBM,13.9632
1931-01-01,1931-02-01,ME5 BM2,9.1415
1931-01-01,1931-02-01,ME5 BM3,5.0381
1931-01-01,1931-02-01,ME5 BM4,7.1
1931-01-01,1931-02-01,BIG HiBM,42.4242
1931-02-01,1931-03-01,SMALL LoBM,-7.7442
1931-02-01,1931-03-01,ME1 BM2,0.7521
1931-02-01,1931-03-01,ME1 BM3,-1.78
1931-02-01,1931-03-01,ME1 BM4,-4.8964
1931-02-01,1931-03-01,SMALL HiBM,-8.5805
1931-02-01,1931-03-01,ME2 BM1,-1.5545
1931-02-01,1931-03-01,ME2 BM2,-8.4859
1931-02-01,1931-03-01,ME2 BM3,4.3094
1931-02-01,1931-03-01,ME2 BM4,-5.6667
1931-02-01,1931-03-01,ME2 BM5,1.2712
1931-02-01,1931-03-01,ME3 BM1,-1.3052
1931-02-01,1931-03-01,ME3 BM2,-7.4091
1931-02-01,1931-03-01,ME3 BM3,-4.0222
1931-02-01,1931-03-01,ME3 BM4,-5.3846
1931-02-01,1931-03-01,ME3 BM5,-12.6798
1931-02-01,1931-03-01,ME4 BM1,-6.8601
1931-02-01,1931-03-01,ME4 BM2,-6.5009
1931-02-01,1931-03-01,ME4 BM3,-8.5758
1931-02-01,1931-03-01,ME4 BM4,-10.4493
1931-02-01,1931-03-01,ME4 BM5,-0.3328
1931-02-01,1931-03-01,BIG LoBM,-3.8088
1931-02-01,1931-03-01,ME5 BM2,-8.4205
1931-02-01,1931-03-01,ME5 BM3,-9.6718
1931-02-01,1931-03-01,ME5 BM4,-11.0898
1931-02-01,1931-03-01,BIG HiBM,-19.6809
1931-03-01,1931-04-01,SMALL LoBM,-15.2608
1931-03-01,1931-04-01,ME1 BM2,-25.6785
1931-03-01,1931-04-01,ME1 BM3,-21.692
1931-03-01,1931-04-01,ME1 BM4,-14.5999
1931-03-01,1931-04-01,SMALL HiBM,-16.4348
1931-03-01,1931-04-01,ME2 BM1,-16.6607
1931-03-01,1931-04-01,ME2 BM2,-17.4123
1931-03-01,1931-04-01,ME2 BM3,-11.858
1931-03-01,1931-04-01,ME2 BM4,-14.6294
1931-03-01,1931-04-01,ME2 BM5,-21.0112
1931-03-01,1931-04-01,ME3 BM1,-11.3645
1931-03-01,1931-04-01,ME3 BM2,-13.9537
1931-03-01,1931-04-01,ME3 BM3,-13.0329
1931-03-01,1931-04-01,ME3 BM4,-17.8359
1931-03-01,1931-04-01,ME3 BM5,-17.6793
1931-03-01,1931-04-01,ME4 BM1,-13.5885
1931-03-01,1931-04-01,ME4 BM2,-10.7979
1931-03-01,1931-04-01,ME4 BM3,-15.7012
1931-03-01,1931-04-01,ME4 BM4,-14.0477
1931-03-01,1931-04-01,ME4 BM5,-4.2043
1931-03-01,1931-04-01,BIG LoBM,-8.9463
1931-03-01,1931-04-01,ME5 BM2,-8.2001
1931-03-01,1931-04-01,ME5 BM3,-10.7437
1931-03-01,1931-04-01,ME5 BM4,-10.7184
1931-03-01,1931-04-01,BIG HiBM,-23.8411
1931-04-01,1931-05-01,SMALL LoBM,-8.4409
1931-04-01,1931-05-01,ME1 BM2,1.2585
1931-04-01,1931-05-01,ME1 BM3,-17.6386
1931-04-01,1931-05-01,ME1 BM4,-11.6451
1931-04-01,1931-05-01,SMALL HiBM,-15.4409
1931-04-01,1931-05-01,ME2 BM1,-7.703
1931-04-01,1931-05-01,ME2 BM2,-8.2117
1931-04-01,1931-05-01,ME2 BM3,-5.769
1931-04-01,1931-05-01,ME2 BM4,-11.126
1931-04-01,1931-05-01,ME2 BM5,-11.9866
1931-04-01,1931-05-01,ME3 BM1,-16.6876
1931-04-01,1931-05-01,ME3 BM2,-12.9578
1931-04-01,1931-05-01,ME3 BM3,-9.4385
1931-04-01,1931-05-01,ME3 BM4,-13.0784
1931-04-01,1931-05-01,ME3 BM5,-16.5278
1931-04-01,1931-05-01,ME4 BM1,-10.8396
1931-04-01,1931-05-01,ME4 BM2,-12.2573
1931-04-01,1931-05-01,ME4 BM3,-16.4486
1931-04-01,1931-05-01,ME4 BM4,-25.5837
1931-04-01,1931-05-01,ME4 BM5,-25.9812
1931-04-01,1931-05-01,BIG LoBM,-11.6599
1931-04-01,1931-05-01,ME5 BM2,-11.3512
1931-04-01,1931-05-01,ME5 BM3,-17.8715
1931-04-01,1931-05-01,ME5 BM4,-18.0598
1931-04-01,1931-05-01,BIG HiBM,-22.6087
1931-05-01,1931-06-01,SMALL LoBM,19.8341
1931-05-01,1931-06-01,ME1 BM2,6.8787
1931-05-01,1931-06-01,ME1 BM3,14.0651
1931-05-01,1931-06-01,ME1 BM4,15.2672
1931-05-01,1931-06-01,SMALL HiBM,17.5951
1931-05-01,1931-06-01,ME2 BM1,9.8904
1931-05-01,1931-06-01,ME2 BM2,8.3779
1931-05-01,1931-06-01,ME2 BM3,2.0695
1931-05-01,1931-06-01,ME2 BM4,12.3649
1931-05-01,1931-06-01,ME2 BM5,21.1092
1931-05-01,1931-06-01,ME3 BM1,13.8685
1931-05-01,1931-06-01,ME3 BM2,11.3995
1931-05-01,1931-06-01,ME3 BM3,7.7628
1931-05-01,1931-06-01,ME3 BM4,18.6549
1931-05-01,1931-06-01,ME3 BM5,32.7999
1931-05-01,1931-06-01,ME4 BM1,14.956
1931-05-01,1931-06-01,ME4 BM2,15.0213
1931-05-01,1931-06-01,ME4 BM3,19.0549
1931-05-01,1931-06-01,ME4 BM4,33.1059
1931-05-01,1931-06-01,ME4 BM5,25.4751
1931-05-01,1931-06-01,BIG LoBM,12.8073
1931-05-01,1931-06-01,ME5 BM2,14.0288
1931-05-01,1931-06-01,ME5 BM3,15.3728
1931-05-01,1931-06-01,ME5 BM4,22.2095
1931-05-01,1931-06-01,BIG HiBM,40.4494
1931-06-01,1931-07-01,SMALL LoBM,-6.3445
1931-06-01,1931-07-01,ME1 BM2,-11.4002
1931-06-01,1931-07-01,ME1 BM3,-9.6939
1931-06-01,1931-07-01,ME1 BM4,-7.0332
1931-06-01,1931-07-01,SMALL HiBM,-5.3213
1931-06-01,1931-07-01,ME2 BM1,-5.267
1931-06-01,1931-07-01,ME2 BM2,-5.2616
1931-06-01,1931-07-01,ME2 BM3,-7.5668
1931-06-01,1931-07-01,ME2 BM4,-6.1316
1931-06-01,1931-07-01,ME2 BM5,-7.3422
1931-06-01,1931-07-01,ME3 BM1,-6.4813
1931-06-01,1931-07-01,ME3 BM2,-7.6122
1931-06-01,1931-07-01,ME3 BM3,-9.9416
1931-06-01,1931-07-01,ME3 BM4,-8.4691
1931-06-01,1931-07-01,ME3 BM5,-12.8309
1931-06-01,1931-07-01,ME4 BM1,-5.3303
1931-06-01,1931-07-01,ME4 BM2,-4.9131
1931-06-01,1931-07-01,ME4 BM3,-8.285
1931-06-01,1931-07-01,ME4 BM4,-9.0771
1931-06-01,1931-07-01,ME4 BM5,-13.5493
1931-06-01,1931-07-01,BIG LoBM,-5.3381
1931-06-01,1931-07-01,ME5 BM2,-6.9532
1931-06-01,1931-07-01,ME5 BM3,-11.3183
1931-06-01,1931-07-01,ME5 BM4,-12.8162
1931-06-01,1931-07-01,BIG HiBM,0.0
1931-07-01,1931-08-01,SMALL LoBM,-13.22
1931-07-01,1931-08-01,ME1 BM2,-0.2852
1931-07-01,1931-08-01,ME1 BM3,-5.0247
1931-07-01,1931-08-01,ME1 BM4,-5.2131
1931-07-01,1931-08-01,SMALL HiBM,-5.0501
1931-07-01,1931-08-01,ME2 BM1,4.7199
1931-07-01,1931-08-01,ME2 BM2,-0.5346
1931-07-01,1931-08-01,ME2 BM3,3.1215
1931-07-01,1931-08-01,ME2 BM4,-1.5241
1931-07-01,1931-08-01,ME2 BM5,-4.7862
1931-07-01,1931-08-01,ME3 BM1,1.0672
1931-07-01,1931-08-01,ME3 BM2,-0.7133
1931-07-01,1931-08-01,ME3 BM3,-1.3037
1931-07-01,1931-08-01,ME3 BM4,-3.2907
1931-07-01,1931-08-01,ME3 BM5,-4.6482
1931-07-01,1931-08-01,ME4 BM1,-1.0405
1931-07-01,1931-08-01,ME4 BM2,-1.9302
1931-07-01,1931-08-01,ME4 BM3,1.7397
1931-07-01,1931-08-01,ME4 BM4,3.7983
1931-07-01,1931-08-01,ME4 BM5,6.6549
1931-07-01,1931-08-01,BIG LoBM,0.5716
1931-07-01,1931-08-01,ME5 BM2,1.8447
1931-07-01,1931-08-01,ME5 BM3,-1.3046
1931-07-01,1931-08-01,ME5 BM4,-3.2548
1931-07-01,1931-08-01,BIG HiBM,8.4337
1931-08-01,1931-09-01,SMALL LoBM,-49.473
1931-08-01,1931-09-01,ME1 BM2,-30.7146
1931-08-01,1931-09-01,ME1 BM3,-28.4077
1931-08-01,1931-09-01,ME1 BM4,-34.9782
1931-08-01,1931-09-01,SMALL HiBM,-32.3374
1931-08-01,1931-09-01,ME2 BM1,-26.866
1931-08-01,1931-09-01,ME2 BM2,-28.9426
1931-08-01,1931-09-01,ME2 BM3,-35.1961
1931-08-01,1931-09-01,ME2 BM4,-31.4326
1931-08-01,1931-09-01,ME2 BM5,-37.9539
1931-08-01,1931-09-01,ME3 BM1,-27.4765
1931-08-01,1931-09-01,ME3 BM2,-32.7129
1931-08-01,1931-09-01,ME3 BM3,-31.5091
1931-08-01,1931-09-01,ME3 BM4,-35.0475
1931-08-01,1931-09-01,ME3 BM5,-34.0269
1931-08-01,1931-09-01,ME4 BM1,-29.7962
1931-08-01,1931-09-01,ME4 BM2,-25.232
1931-08-01,1931-09-01,ME4 BM3,-30.7527
1931-08-01,1931-09-01,ME4 BM4,-33.8622
1931-08-01,1931-09-01,ME4 BM5,-41.4557
1931-08-01,1931-09-01,BIG LoBM,-28.4528
1931-08-01,1931-09-01,ME5 BM2,-25.2045
1931-08-01,1931-09-01,ME5 BM3,-32.1838
1931-08-01,1931-09-01,ME5 BM4,-33.4278
1931-08-01,1931-09-01,BIG HiBM,-45.5556
1931-09-01,1931-10-01,SMALL LoBM,12.6793
1931-09-01,1931-10-01,ME1 BM2,-3.0004
1931-09-01,1931-10-01,ME1 BM3,0.5496
1931-09-01,1931-10-01,ME1 BM4,11.4644
1931-09-01,1931-10-01,SMALL HiBM,7.0921
1931-09-01,1931-10-01,ME2 BM1,7.0717
1931-09-01,1931-10-01,ME2 BM2,4.0998
1931-09-01,1931-10-01,ME2 BM3,8.818
1931-09-01,1931-10-01,ME2 BM4,8.5119
1931-09-01,1931-10-01,ME2 BM5,14.4195
1931-09-01,1931-10-01,ME3 BM1,-0.9382
1931-09-01,1931-10-01,ME3 BM2,15.9578
1931-09-01,1931-10-01,ME3 BM3,11.0571
1931-09-01,1931-10-01,ME3 BM4,11.6957
1931-09-01,1931-10-01,ME3 BM5,6.66
1931-09-01,1931-10-01,ME4 BM1,7.8956
1931-09-01,1931-10-01,ME4 BM2,6.2562
1931-09-01,1931-10-01,ME4 BM3,13.1131
1931-09-01,1931-10-01,ME4 BM4,11.1792
1931-09-01,1931-10-01,ME4 BM5,13.131
1931-09-01,1931-10-01,BIG LoBM,9.3778
1931-09-01,1931-10-01,ME5 BM2,7.0291
1931-09-01,1931-10-01,ME5 BM3,1.3419
1931-09-01,1931-10-01,ME5 BM4,3.9465
1931-09-01,1931-10-01,BIG HiBM,20.4082
1931-10-01,1931-11-01,SMALL LoBM,-23.9803
1931-10-01,1931-11-01,ME1 BM2,-21.2926
1931-10-01,1931-11-01,ME1 BM3,-9.5796
1931-10-01,1931-11-01,ME1 BM4,-10.3973
1931-10-01,1931-11-01,SMALL HiBM,-11.612
1931-10-01,1931-11-01,ME2 BM1,-12.8176
1931-10-01,1931-11-01,ME2 BM2,-7.0964
1931-10-01,1931-11-01,ME2 BM3,-7.8421
1931-10-01,1931-11-01,ME2 BM4,-5.0246
1931-10-01,1931-11-01,ME2 BM5,-11.0029
1931-10-01,1931-11-01,ME3 BM1,-1.7785
1931-10-01,1931-11-01,ME3 BM2,-9.5352
1931-10-01,1931-11-01,ME3 BM3,-5.1555
1931-10-01,1931-11-01,ME3 BM4,-11.0221
1931-10-01,1931-11-01,ME3 BM5,-10.6534
1931-10-01,1931-11-01,ME4 BM1,-5.9432
1931-10-01,1931-11-01,ME4 BM2,-3.8149
1931-10-01,1931-11-01,ME4 BM3,-11.5206
1931-10-01,1931-11-01,ME4 BM4,-15.8993
1931-10-01,1931-11-01,ME4 BM5,-11.4839
1931-10-01,1931-11-01,BIG LoBM,-5.8822
1931-10-01,1931-11-01,ME5 BM2,-11.1869
1931-10-01,1931-11-01,ME5 BM3,-20.0412
1931-10-01,1931-11-01,ME5 BM4,-21.6372
1931-10-01,1931-11-01,BIG HiBM,-6.7797
1931-11-01,1931-12-01,SMALL LoBM,-25.3044
1931-11-01,1931-12-01,ME1 BM2,-3.7172
1931-11-01,1931-12-01,ME1 BM3,-19.4246
1931-11-01,1931-12-01,ME1 BM4,-27.1776
1931-11-01,1931-12-01,SMALL HiBM,-25.0084
1931-11-01,1931-12-01,ME2 BM1,-8.9486
1931-11-01,1931-12-01,ME2 BM2,-12.8013
1931-11-01,1931-12-01,ME2 BM3,-14.4234
1931-11-01,1931-12-01,ME2 BM4,-21.4811
1931-11-01,1931-12-01,ME2 BM5,-24.0915
1931-11-01,1931-12-01,ME3 BM1,-14.4505
1931-11-01,1931-12-01,ME3 BM2,-18.2054
1931-11-01,1931-12-01,ME3 BM3,-17.5802
1931-11-01,1931-12-01,ME3 BM4,-14.9249
1931-11-01,1931-12-01,ME3 BM5,-15.7172
1931-11-01,1931-12-01,ME4 BM1,-10.9835
1931-11-01,1931-12-01,ME4 BM2,-14.2392
1931-11-01,1931-12-01,ME4 BM3,-11.628
1931-11-01,1931-12-01,ME4 BM4,-19.027
1931-11-01,1931-12-01,ME4 BM5,-25.7755
1931-11-01,1931-12-01,BIG LoBM,-10.5997
1931-11-01,1931-12-01,ME5 BM2,-16.6595
1931-11-01,1931-12-01,ME5 BM3,-21.7943
1931-11-01,1931-12-01,ME5 BM4,-23.053
1931-11-01,1931-12-01,BIG HiBM,-30.9091
1931-12-01,1932-01-01,SMALL LoBM,5.5527
1931-12-01,1932-01-01,ME1 BM2,-6.0722
1931-12-01,1932-01-01,ME1 BM3,8.3063
1931-12-01,1932-01-01,ME1 BM4,14.1747
1931-12-01,1932-01-01,SMALL HiBM,7.5377
1931-12-01,1932-01-01,ME2 BM1,-0.2843
1931-12-01,1932-01-01,ME2 BM2,-1.0825
1931-12-01,1932-01-01,ME2 BM3,5.4797
1931-12-01,1932-01-01,ME2 BM4,17.797
1931-12-01,1932-01-01,ME2 BM5,18.3229
1931-12-01,1932-01-01,ME3 BM1,-1.5632
1931-12-01,1932-01-01,ME3 BM2,3.2629
1931-12-01,1932-01-01,ME3 BM3,2.7489
1931-12-01,1932-01-01,ME3 BM4,-1.7061
1931-12-01,1932-01-01,ME3 BM5,5.514
1931-12-01,1932-01-01,ME4 BM1,-3.4216
1931-12-01,1932-01-01,ME4 BM2,-0.5133
1931-12-01,1932-01-01,ME4 BM3,-0.6076
1931-12-01,1932-01-01,ME4 BM4,4.829
1931-12-01,1932-01-01,ME4 BM5,1.9409
1931-12-01,1932-01-01,BIG LoBM,-3.7002
1931-12-01,1932-01-01,ME5 BM2,-1.3426
1931-12-01,1932-01-01,ME5 BM3,2.5113
1931-12-01,1932-01-01,ME5 BM4,10.9191
1931-12-01,1932-01-01,BIG HiBM,7.8947
1932-01-01,1932-02-01,SMALL LoBM,-12.7896
1932-01-01,1932-02-01,ME1 BM2,-0.0154
1932-01-01,1932-02-01,ME1 BM3,5.881
1932-01-01,1932-02-01,ME1 BM4,-1.9977
1932-01-01,1932-02-01,SMALL HiBM,4.2459
1932-01-01,1932-02-01,ME2 BM1,-4.4521
1932-01-01,1932-02-01,ME2 BM2,2.9972
1932-01-01,1932-02-01,ME2 BM3,-2.3381
1932-01-01,1932-02-01,ME2 BM4,-3.1376
1932-01-01,1932-02-01,ME2 BM5,-1.1256
1932-01-01,1932-02-01,ME3 BM1,-0.9172
1932-01-01,1932-02-01,ME3 BM2,3.2184
1932-01-01,1932-02-01,ME3 BM3,2.3819
1932-01-01,1932-02-01,ME3 BM4,0.2285
1932-01-01,1932-02-01,ME3 BM5,-1.4858
1932-01-01,1932-02-01,ME4 BM1,3.3567
1932-01-01,1932-02-01,ME4 BM2,5.2981
1932-01-01,1932-02-01,ME4 BM3,-1.5117
1932-01-01,1932-02-01,ME4 BM4,0.3144
1932-01-01,1932-02-01,ME4 BM5,3.7601
1932-01-01,1932-02-01,BIG LoBM,7.2666
1932-01-01,1932-02-01,ME5 BM2,5.5879
1932-01-01,1932-02-01,ME5 BM3,3.3369
1932-01-01,1932-02-01,ME5 BM4,-3.317
1932-01-01,1932-02-01,BIG HiBM,14.6341
1932-02-01,1932-03-01,SMALL LoBM,-23.0216
1932-02-01,1932-03-01,ME1 BM2,-5.6045
1932-02-01,1932-03-01,ME1 BM3,-3.2485
1932-02-01,1932-03-01,ME1 BM4,-11.5349
1932-02-01,1932-03-01,SMALL HiBM,-11.5906
1932-02-01,1932-03-01,ME2 BM1,-5.9006
1932-02-01,1932-03-01,ME2 BM2,-14.2789
1932-02-01,1932-03-01,ME2 BM3,-11.4642
1932-02-01,1932-03-01,ME2 BM4,-4.1812
1932-02-01,1932-03-01,ME2 BM5,-13.3107
1932-02-01,1932-03-01,ME3 BM1,-7.4966
1932-02-01,1932-03-01,ME3 BM2,-11.8346
1932-02-01,1932-03-01,ME3 BM3,-11.5882
1932-02-01,1932-03-01,ME3 BM4,-13.4254
1932-02-01,1932-03-01,ME3 BM5,-11.6459
1932-02-01,1932-03-01,ME4 BM1,-10.6326
1932-02-01,1932-03-01,ME4 BM2,-10.1897
1932-02-01,1932-03-01,ME4 BM3,-12.3106
1932-02-01,1932-03-01,ME4 BM4,-12.1285
1932-02-01,1932-03-01,ME4 BM5,-10.1478
1932-02-01,1932-03-01,BIG LoBM,-11.0661
1932-02-01,1932-03-01,ME5 BM2,-10.5581
1932-02-01,1932-03-01,ME5 BM3,-13.8548
1932-02-01,1932-03-01,ME5 BM4,-23.2981
1932-02-01,1932-03-01,BIG HiBM,2.1277
1932-03-01,1932-04-01,SMALL LoBM,-40.762
1932-03-01,1932-04-01,ME1 BM2,-16.8293
1932-03-01,1932-04-01,ME1 BM3,-26.8747
1932-03-01,1932-04-01,ME1 BM4,-17.956
1932-03-01,1932-04-01,SMALL HiBM,-20.4168
1932-03-01,1932-04-01,ME2 BM1,-20.0302
1932-03-01,1932-04-01,ME2 BM2,-8.6236
1932-03-01,1932-04-01,ME2 BM3,-14.5173
1932-03-01,1932-04-01,ME2 BM4,-18.7356
1932-03-01,1932-04-01,ME2 BM5,-14.3493
1932-03-01,1932-04-01,ME3 BM1,-18.2198
1932-03-01,1932-04-01,ME3 BM2,-9.3448
1932-03-01,1932-04-01,ME3 BM3,-15.4337
1932-03-01,1932-04-01,ME3 BM4,-16.4058
1932-03-01,1932-04-01,ME3 BM5,-19.1792
1932-03-01,1932-04-01,ME4 BM1,-15.47
1932-03-01,1932-04-01,ME4 BM2,-15.5936
1932-03-01,1932-04-01,ME4 BM3,-19.1359
1932-03-01,1932-04-01,ME4 BM4,-14.5879
1932-03-01,1932-04-01,ME4 BM5,-9.6256
1932-03-01,1932-04-01,BIG LoBM,-18.1954
1932-03-01,1932-04-01,ME5 BM2,-20.7651
1932-03-01,1932-04-01,ME5 BM3,-18.15
1932-03-01,1932-04-01,ME5 BM4,-22.1641
1932-03-01,1932-04-01,BIG HiBM,-22.9167
1932-04-01,1932-05-01,SMALL LoBM,-12.8641
1932-04-01,1932-05-01,ME1 BM2,-35.2372
1932-04-01,1932-05-01,ME1 BM3,-5.8922
1932-04-01,1932-05-01,ME1 BM4,-4.3113
1932-04-01,1932-05-01,SMALL HiBM,-9.7154
1932-04-01,1932-05-01,ME2 BM1,-11.9878
1932-04-01,1932-05-01,ME2 BM2,-18.5892
1932-04-01,1932-05-01,ME2 BM3,-22.0395
1932-04-01,1932-05-01,ME2 BM4,-18.971
1932-04-01,1932-05-01,ME2 BM5,-21.7072
1932-04-01,1932-05-01,ME3 BM1,-26.3212
1932-04-01,1932-05-01,ME3 BM2,-24.7131
1932-04-01,1932-05-01,ME3 BM3,-26.7057
1932-04-01,1932-05-01,ME3 BM4,-24.0855
1932-04-01,1932-05-01,ME3 BM5,-27.1979
1932-04-01,1932-05-01,ME4 BM1,-19.7338
1932-04-01,1932-05-01,ME4 BM2,-20.1828
1932-04-01,1932-05-01,ME4 BM3,-20.2454
1932-04-01,1932-05-01,ME4 BM4,-18.9667
1932-04-01,1932-05-01,ME4 BM5,-27.9405
1932-04-01,1932-05-01,BIG LoBM,-20.5131
1932-04-01,1932-05-01,ME5 BM2,-17.1268
1932-04-01,1932-05-01,ME5 BM3,-31.172
1932-04-01,1932-05-01,ME5 BM4,-36.7136
1932-04-01,1932-05-01,BIG HiBM,-10.8108
1932-05-01,1932-06-01,SMALL LoBM,35.7939
1932-05-01,1932-06-01,ME1 BM2,-16.9948
1932-05-01,1932-06-01,ME1 BM3,5.3018
1932-05-01,1932-06-01,ME1 BM4,-6.3241
1932-05-01,1932-06-01,SMALL HiBM,-0.798
1932-05-01,1932-06-01,ME2 BM1,-8.601
1932-05-01,1932-06-01,ME2 BM2,-5.0062
1932-05-01,1932-06-01,ME2 BM3,-5.4346
1932-05-01,1932-06-01,ME2 BM4,12.4076
1932-05-01,1932-06-01,ME2 BM5,8.5754
1932-05-01,1932-06-01,ME3 BM1,6.8535
1932-05-01,1932-06-01,ME3 BM2,7.1774
1932-05-01,1932-06-01,ME3 BM3,7.2506
1932-05-01,1932-06-01,ME3 BM4,5.2154
1932-05-01,1932-06-01,ME3 BM5,-0.1517
1932-05-01,1932-06-01,ME4 BM1,1.8343
1932-05-01,1932-06-01,ME4 BM2,3.2764
1932-05-01,1932-06-01,ME4 BM3,-1.9316
1932-05-01,1932-06-01,ME4 BM4,9.3432
1932-05-01,1932-06-01,ME4 BM5,0.4792
1932-05-01,1932-06-01,BIG LoBM,-3.2168
1932-05-01,1932-06-01,ME5 BM2,-0.3613
1932-05-01,1932-06-01,ME5 BM3,5.0054
1932-05-01,1932-06-01,ME5 BM4,9.0103
1932-05-01,1932-06-01,BIG HiBM,21.2121
1932-06-01,1932-07-01,SMALL LoBM,147.8401
1932-06-01,1932-07-01,ME1 BM2,14.3231
1932-06-01,1932-07-01,ME1 BM3,41.727
1932-06-01,1932-07-01,ME1 BM4,38.2866
1932-06-01,1932-07-01,SMALL HiBM,54.0513
1932-06-01,1932-07-01,ME2 BM1,37.5774
1932-06-01,1932-07-01,ME2 BM2,27.6658
1932-06-01,1932-07-01,ME2 BM3,41.5667
1932-06-01,1932-07-01,ME2 BM4,54.4174
1932-06-01,1932-07-01,ME2 BM5,69.5152
1932-06-01,1932-07-01,ME3 BM1,27.6134
1932-06-01,1932-07-01,ME3 BM2,30.3967
1932-06-01,1932-07-01,ME3 BM3,39.6769
1932-06-01,1932-07-01,ME3 BM4,53.7117
1932-06-01,1932-07-01,ME3 BM5,68.8203
1932-06-01,1932-07-01,ME4 BM1,30.89
1932-06-01,1932-07-01,ME4 BM2,33.7841
1932-06-01,1932-07-01,ME4 BM3,36.0064
1932-06-01,1932-07-01,ME4 BM4,68.9268
1932-06-01,1932-07-01,ME4 BM5,80.0358
1932-06-01,1932-07-01,BIG LoBM,26.588
1932-06-01,1932-07-01,ME5 BM2,37.2518
1932-06-01,1932-07-01,ME5 BM3,50.2783
1932-06-01,1932-07-01,ME5 BM4,52.5902
1932-06-01,1932-07-01,BIG HiBM,98.0392
1932-07-01,1932-08-01,SMALL LoBM,49.3739
1932-07-01,1932-08-01,ME1 BM2,94.6241
1932-07-01,1932-08-01,ME1 BM3,82.8825
1932-07-01,1932-08-01,ME1 BM4,83.8394
1932-07-01,1932-08-01,SMALL HiBM,99.5173
1932-07-01,1932-08-01,ME2 BM1,34.3849
1932-07-01,1932-08-01,ME2 BM2,67.0166
1932-07-01,1932-08-01,ME2 BM3,56.4574
1932-07-01,1932-08-01,ME2 BM4,64.7279
1932-07-01,1932-08-01,ME2 BM5,89.9724
1932-07-01,1932-08-01,ME3 BM1,54.6427
1932-07-01,1932-08-01,ME3 BM2,39.8383
1932-07-01,1932-08-01,ME3 BM3,46.8716
1932-07-01,1932-08-01,ME3 BM4,69.9312
1932-07-01,1932-08-01,ME3 BM5,71.3004
1932-07-01,1932-08-01,ME4 BM1,29.26
1932-07-01,1932-08-01,ME4 BM2,45.6137
1932-07-01,1932-08-01,ME4 BM3,64.2952
1932-07-01,1932-08-01,ME4 BM4,63.5623
1932-07-01,1932-08-01,ME4 BM5,86.604
1932-07-01,1932-08-01,BIG LoBM,30.9847
1932-07-01,1932-08-01,ME5 BM2,35.2341
1932-07-01,1932-08-01,ME5 BM3,47.4756
1932-07-01,1932-08-01,ME5 BM4,52.9168
1932-07-01,1932-08-01,BIG HiBM,65.3465
1932-08-01,1932-09-01,SMALL LoBM,-27.1191
1932-08-01,1932-09-01,ME1 BM2,-11.0603
1932-08-01,1932-09-01,ME1 BM3,-16.3193
1932-08-01,1932-09-01,ME1 BM4,-4.5548
1932-08-01,1932-09-01,SMALL HiBM,-17.2166
1932-08-01,1932-09-01,ME2 BM1,-0.7084
1932-08-01,1932-09-01,ME2 BM2,-6.3692
1932-08-01,1932-09-01,ME2 BM3,-5.4914
1932-08-01,1932-09-01,ME2 BM4,-9.7641
1932-08-01,1932-09-01,ME2 BM5,-12.5966
1932-08-01,1932-09-01,ME3 BM1,-5.2031
1932-08-01,1932-09-01,ME3 BM2,-7.8038
1932-08-01,1932-09-01,ME3 BM3,-2.8456
1932-08-01,1932-09-01,ME3 BM4,-11.5335
1932-08-01,1932-09-01,ME3 BM5,-9.2885
1932-08-01,1932-09-01,ME4 BM1,0.6432
1932-08-01,1932-09-01,ME4 BM2,-5.1215
1932-08-01,1932-09-01,ME4 BM3,-7.716
1932-08-01,1932-09-01,ME4 BM4,-6.8903
1932-08-01,1932-09-01,ME4 BM5,-8.9044
1932-08-01,1932-09-01,BIG LoBM,0.5205
1932-08-01,1932-09-01,ME5 BM2,-6.4901
1932-08-01,1932-09-01,ME5 BM3,-8.4946
1932-08-01,1932-09-01,ME5 BM4,-3.0991
1932-08-01,1932-09-01,BIG HiBM,15.5689
1932-09-01,1932-10-01,SMALL LoBM,-9.1645
1932-09-01,1932-10-01,ME1 BM2,-13.1779
1932-09-01,1932-10-01,ME1 BM3,-26.4345
1932-09-01,1932-10-01,ME1 BM4,-20.361
1932-09-01,1932-10-01,SMALL HiBM,-19.6691
1932-09-01,1932-10-01,ME2 BM1,-12.4439
1932-09-01,1932-10-01,ME2 BM2,-21.9808
1932-09-01,1932-10-01,ME2 BM3,-17.3273
1932-09-01,1932-10-01,ME2 BM4,-25.0179
1932-09-01,1932-10-01,ME2 BM5,-23.264
1932-09-01,1932-10-01,ME3 BM1,-14.8172
1932-09-01,1932-10-01,ME3 BM2,-15.8843
1932-09-01,1932-10-01,ME3 BM3,-21.287
1932-09-01,1932-10-01,ME3 BM4,-23.462
1932-09-01,1932-10-01,ME3 BM5,-25.7489
1932-09-01,1932-10-01,ME4 BM1,-11.1205
1932-09-01,1932-10-01,ME4 BM2,-18.0685
1932-09-01,1932-10-01,ME4 BM3,-18.9983
1932-09-01,1932-10-01,ME4 BM4,-20.3514
1932-09-01,1932-10-01,ME4 BM5,-25.6917
1932-09-01,1932-10-01,BIG LoBM,-11.3353
1932-09-01,1932-10-01,ME5 BM2,-9.7963
1932-09-01,1932-10-01,ME5 BM3,-15.3352
1932-09-01,1932-10-01,ME5 BM4,-19.8956
1932-09-01,1932-10-01,BIG HiBM,-30.0518
1932-10-01,1932-11-01,SMALL LoBM,-26.56
1932-10-01,1932-11-01,ME1 BM2,-13.2958
1932-10-01,1932-11-01,ME1 BM3,-8.2868
1932-10-01,1932-11-01,ME1 BM4,-10.9136
1932-10-01,1932-11-01,SMALL HiBM,-12.166
1932-10-01,1932-11-01,ME2 BM1,-3.9727
1932-10-01,1932-11-01,ME2 BM2,-7.5773
1932-10-01,1932-11-01,ME2 BM3,-8.4977
1932-10-01,1932-11-01,ME2 BM4,-7.8002
1932-10-01,1932-11-01,ME2 BM5,-16.6168
1932-10-01,1932-11-01,ME3 BM1,-3.9519
1932-10-01,1932-11-01,ME3 BM2,0.1265
1932-10-01,1932-11-01,ME3 BM3,-8.587
1932-10-01,1932-11-01,ME3 BM4,-10.9617
1932-10-01,1932-11-01,ME3 BM5,-15.5085
1932-10-01,1932-11-01,ME4 BM1,2.4447
1932-10-01,1932-11-01,ME4 BM2,-5.2823
1932-10-01,1932-11-01,ME4 BM3,-9.3462
1932-10-01,1932-11-01,ME4 BM4,-15.3017
1932-10-01,1932-11-01,ME4 BM5,-19.983
1932-10-01,1932-11-01,BIG LoBM,-3.3006
1932-10-01,1932-11-01,ME5 BM2,-1.7949
1932-10-01,1932-11-01,ME5 BM3,-10.3905
1932-10-01,1932-11-01,ME5 BM4,-8.8807
1932-10-01,1932-11-01,BIG HiBM,-31.1111
1932-11-01,1932-12-01,SMALL LoBM,7.0207
1932-11-01,1932-12-01,ME1 BM2,-11.8895
1932-11-01,1932-12-01,ME1 BM3,-2.5648
1932-11-01,1932-12-01,ME1 BM4,-12.9037
1932-11-01,1932-12-01,SMALL HiBM,-11.2883
1932-11-01,1932-12-01,ME2 BM1,-18.8257
1932-11-01,1932-12-01,ME2 BM2,-16.2821
1932-11-01,1932-12-01,ME2 BM3,-2.7539
1932-11-01,1932-12-01,ME2 BM4,-10.8863
1932-11-01,1932-12-01,ME2 BM5,-7.5907
1932-11-01,1932-12-01,ME3 BM1,-2.0737
1932-11-01,1932-12-01,ME3 BM2,1.8455
1932-11-01,1932-12-01,ME3 BM3,1.1432
1932-11-01,1932-12-01,ME3 BM4,-6.6333
1932-11-01,1932-12-01,ME3 BM5,-4.9894
1932-11-01,1932-12-01,ME4 BM1,3.9882
1932-11-01,1932-12-01,ME4 BM2,-0.1412
1932-11-01,1932-12-01,ME4 BM3,1.8895
1932-11-01,1932-12-01,ME4 BM4,2.0321
1932-11-01,1932-12-01,ME4 BM5,-9.9337
1932-11-01,1932-12-01,BIG LoBM,7.2401
1932-11-01,1932-12-01,ME5 BM2,7.2275
1932-11-01,1932-12-01,ME5 BM3,1.5931
1932-11-01,1932-12-01,ME5 BM4,-7.8299
1932-11-01,1932-12-01,BIG HiBM,15.0538
1932-12-01,1933-01-01,SMALL LoBM,57.2754
1932-12-01,1933-01-01,ME1 BM2,-0.9456
1932-12-01,1933-01-01,ME1 BM3,1.5203
1932-12-01,1933-01-01,ME1 BM4,-7.1322
1932-12-01,1933-01-01,SMALL HiBM,3.5519
1932-12-01,1933-01-01,ME2 BM1,7.544
1932-12-01,1933-01-01,ME2 BM2,6.015
1932-12-01,1933-01-01,ME2 BM3,3.5923
1932-12-01,1933-01-01,ME2 BM4,4.802
1932-12-01,1933-01-01,ME2 BM5,7.6263
1932-12-01,1933-01-01,ME3 BM1,1.5256
1932-12-01,1933-01-01,ME3 BM2,7.5514
1932-12-01,1933-01-01,ME3 BM3,1.9285
1932-12-01,1933-01-01,ME3 BM4,4.2384
1932-12-01,1933-01-01,ME3 BM5,12.8206
1932-12-01,1933-01-01,ME4 BM1,2.3869
1932-12-01,1933-01-01,ME4 BM2,3.6695
1932-12-01,1933-01-01,ME4 BM3,4.2318
1932-12-01,1933-01-01,ME4 BM4,4.2353
1932-12-01,1933-01-01,ME4 BM5,16.5315
1932-12-01,1933-01-01,BIG LoBM,-0.3195
1932-12-01,1933-01-01,ME5 BM2,-0.445
1932-12-01,1933-01-01,ME5 BM3,4.746
1932-12-01,1933-01-01,ME5 BM4,4.1501
1932-12-01,1933-01-01,BIG HiBM,14.9533
1933-01-01,1933-02-01,SMALL LoBM,-44.6775
1933-01-01,1933-02-01,ME1 BM2,-18.832
1933-01-01,1933-02-01,ME1 BM3,-17.9897
1933-01-01,1933-02-01,ME1 BM4,-14.7703
1933-01-01,1933-02-01,SMALL HiBM,-15.7559
1933-01-01,1933-02-01,ME2 BM1,-26.774
1933-01-01,1933-02-01,ME2 BM2,-26.8316
1933-01-01,1933-02-01,ME2 BM3,-20.5994
1933-01-01,1933-02-01,ME2 BM4,-20.8395
1933-01-01,1933-02-01,ME2 BM5,-21.0749
1933-01-01,1933-02-01,ME3 BM1,-16.5486
1933-01-01,1933-02-01,ME3 BM2,-18.0883
1933-01-01,1933-02-01,ME3 BM3,-17.8575
1933-01-01,1933-02-01,ME3 BM4,-19.3388
1933-01-01,1933-02-01,ME3 BM5,-19.8148
1933-01-01,1933-02-01,ME4 BM1,-13.4069
1933-01-01,1933-02-01,ME4 BM2,-16.3401
1933-01-01,1933-02-01,ME4 BM3,-13.5735
1933-01-01,1933-02-01,ME4 BM4,-12.4654
1933-01-01,1933-02-01,ME4 BM5,-22.9726
1933-01-01,1933-02-01,BIG LoBM,-14.7379
1933-01-01,1933-02-01,ME5 BM2,-17.2619
1933-01-01,1933-02-01,ME5 BM3,-15.3217
1933-01-01,1933-02-01,ME5 BM4,-18.4676
1933-01-01,1933-02-01,BIG HiBM,-24.3902
1933-02-01,1933-03-01,SMALL LoBM,-16.5161
1933-02-01,1933-03-01,ME1 BM2,7.1789
1933-02-01,1933-03-01,ME1 BM3,-4.8469
1933-02-01,1933-03-01,ME1 BM4,5.9565
1933-02-01,1933-03-01,SMALL HiBM,18.4211
1933-02-01,1933-03-01,ME2 BM1,14.2512
1933-02-01,1933-03-01,ME2 BM2,10.6773
1933-02-01,1933-03-01,ME2 BM3,3.2118
1933-02-01,1933-03-01,ME2 BM4,12.1802
1933-02-01,1933-03-01,ME2 BM5,20.3517
1933-02-01,1933-03-01,ME3 BM1,-0.0281
1933-02-01,1933-03-01,ME3 BM2,9.3413
1933-02-01,1933-03-01,ME3 BM3,5.7158
1933-02-01,1933-03-01,ME3 BM4,16.3357
1933-02-01,1933-03-01,ME3 BM5,6.6347
1933-02-01,1933-03-01,ME4 BM1,10.3711
1933-02-01,1933-03-01,ME4 BM2,12.6112
1933-02-01,1933-03-01,ME4 BM3,14.7958
1933-02-01,1933-03-01,ME4 BM4,9.4066
1933-02-01,1933-03-01,ME4 BM5,7.9911
1933-02-01,1933-03-01,BIG LoBM,-0.152
1933-02-01,1933-03-01,ME5 BM2,5.2996
1933-02-01,1933-03-01,ME5 BM3,6.481
1933-02-01,1933-03-01,ME5 BM4,9.318
1933-02-01,1933-03-01,BIG HiBM,7.5269
1933-03-01,1933-04-01,SMALL LoBM,7.0263
1933-03-01,1933-04-01,ME1 BM2,50.5316
1933-03-01,1933-04-01,ME1 BM3,78.5247
1933-03-01,1933-04-01,ME1 BM4,48.4433
1933-03-01,1933-04-01,SMALL HiBM,50.7007
1933-03-01,1933-04-01,ME2 BM1,28.2345
1933-03-01,1933-04-01,ME2 BM2,45.9694
1933-03-01,1933-04-01,ME2 BM3,62.4373
1933-03-01,1933-04-01,ME2 BM4,64.5201
1933-03-01,1933-04-01,ME2 BM5,53.2494
1933-03-01,1933-04-01,ME3 BM1,47.3477
1933-03-01,1933-04-01,ME3 BM2,41.0814
1933-03-01,1933-04-01,ME3 BM3,61.247
1933-03-01,1933-04-01,ME3 BM4,59.3833
1933-03-01,1933-04-01,ME3 BM5,56.3989
1933-03-01,1933-04-01,ME4 BM1,35.4697
1933-03-01,1933-04-01,ME4 BM2,56.9691
1933-03-01,1933-04-01,ME4 BM3,50.0833
1933-03-01,1933-04-01,ME4 BM4,45.354
1933-03-01,1933-04-01,ME4 BM5,74.4518
1933-03-01,1933-04-01,BIG LoBM,32.4293
1933-03-01,1933-04-01,ME5 BM2,39.398
1933-03-01,1933-04-01,ME5 BM3,46.9864
1933-03-01,1933-04-01,ME5 BM4,62.4422
1933-03-01,1933-04-01,BIG HiBM,52.0
1933-04-01,1933-05-01,SMALL LoBM,73.2095
1933-04-01,1933-05-01,ME1 BM2,126.0468
1933-04-01,1933-05-01,ME1 BM3,68.5279
1933-04-01,1933-05-01,ME1 BM4,104.8598
1933-04-01,1933-05-01,SMALL HiBM,94.1836
1933-04-01,1933-05-01,ME2 BM1,76.4962
1933-04-01,1933-05-01,ME2 BM2,78.1388
1933-04-01,1933-05-01,ME2 BM3,75.5124
1933-04-01,1933-05-01,ME2 BM4,80.107
1933-04-01,1933-05-01,ME2 BM5,57.1493
1933-04-01,1933-05-01,ME3 BM1,56.9621
1933-04-01,1933-05-01,ME3 BM2,40.7127
1933-04-01,1933-05-01,ME3 BM3,42.1526
1933-04-01,1933-05-01,ME3 BM4,60.3852
1933-04-01,1933-05-01,ME3 BM5,48.9917
1933-04-01,1933-05-01,ME4 BM1,22.6543
1933-04-01,1933-05-01,ME4 BM2,30.9385
1933-04-01,1933-05-01,ME4 BM3,36.2791
1933-04-01,1933-05-01,ME4 BM4,40.0548
1933-04-01,1933-05-01,ME4 BM5,62.8422
1933-04-01,1933-05-01,BIG LoBM,17.285
1933-04-01,1933-05-01,ME5 BM2,14.4158
1933-04-01,1933-05-01,ME5 BM3,21.2497
1933-04-01,1933-05-01,ME5 BM4,32.3679
1933-04-01,1933-05-01,BIG HiBM,25.0
1933-05-01,1933-06-01,SMALL LoBM,73.2389
1933-05-01,1933-06-01,ME1 BM2,60.3142
1933-05-01,1933-06-01,ME1 BM3,42.6852
1933-05-01,1933-06-01,ME1 BM4,25.8837
1933-05-01,1933-06-01,SMALL HiBM,24.6394
1933-05-01,1933-06-01,ME2 BM1,23.5273
1933-05-01,1933-06-01,ME2 BM2,15.3904
1933-05-01,1933-06-01,ME2 BM3,22.2313
1933-05-01,1933-06-01,ME2 BM4,20.5226
1933-05-01,1933-06-01,ME2 BM5,18.9798
1933-05-01,1933-06-01,ME3 BM1,29.0608
1933-05-01,1933-06-01,ME3 BM2,13.4839
1933-05-01,1933-06-01,ME3 BM3,15.1997
1933-05-01,1933-06-01,ME3 BM4,14.8988
1933-05-01,1933-06-01,ME3 BM5,38.8731
1933-05-01,1933-06-01,ME4 BM1,12.4931
1933-05-01,1933-06-01,ME4 BM2,11.654
1933-05-01,1933-06-01,ME4 BM3,14.8608
1933-05-01,1933-06-01,ME4 BM4,17.7536
1933-05-01,1933-06-01,ME4 BM5,14.8337
1933-05-01,1933-06-01,BIG LoBM,11.1701
1933-05-01,1933-06-01,ME5 BM2,13.2195
1933-05-01,1933-06-01,ME5 BM3,14.8233
1933-05-01,1933-06-01,ME5 BM4,20.3925
1933-05-01,1933-06-01,BIG HiBM,4.7368
1933-06-01,1933-07-01,SMALL LoBM,-3.2258
1933-06-01,1933-07-01,ME1 BM2,-13.7308
1933-06-01,1933-07-01,ME1 BM3,-8.1092
1933-06-01,1933-07-01,ME1 BM4,-2.9879
1933-06-01,1933-07-01,SMALL HiBM,-5.4094
1933-06-01,1933-07-01,ME2 BM1,-9.7689
1933-06-01,1933-07-01,ME2 BM2,-15.2893
1933-06-01,1933-07-01,ME2 BM3,-9.6437
1933-06-01,1933-07-01,ME2 BM4,-11.6557
1933-06-01,1933-07-01,ME2 BM5,1.2016
1933-06-01,1933-07-01,ME3 BM1,-9.4414
1933-06-01,1933-07-01,ME3 BM2,-14.5359
1933-06-01,1933-07-01,ME3 BM3,-13.7128
1933-06-01,1933-07-01,ME3 BM4,-16.7059
1933-06-01,1933-07-01,ME3 BM5,-18.0048
1933-06-01,1933-07-01,ME4 BM1,-10.2017
1933-06-01,1933-07-01,ME4 BM2,-9.8695
1933-06-01,1933-07-01,ME4 BM3,-14.4786
1933-06-01,1933-07-01,ME4 BM4,-11.7376
1933-06-01,1933-07-01,ME4 BM5,-6.5447
1933-06-01,1933-07-01,BIG LoBM,-8.4328
1933-06-01,1933-07-01,ME5 BM2,-11.5031
1933-06-01,1933-07-01,ME5 BM3,-12.1277
1933-06-01,1933-07-01,ME5 BM4,-10.1514
1933-06-01,1933-07-01,BIG HiBM,-7.5876
1933-07-01,1933-08-01,SMALL LoBM,0.0
1933-07-01,1933-08-01,ME1 BM2,9.6012
1933-07-01,1933-08-01,ME1 BM3,4.7988
1933-07-01,1933-08-01,ME1 BM4,6.6748
1933-07-01,1933-08-01,SMALL HiBM,1.7697
1933-07-01,1933-08-01,ME2 BM1,6.1015
1933-07-01,1933-08-01,ME2 BM2,8.7169
1933-07-01,1933-08-01,ME2 BM3,10.0746
1933-07-01,1933-08-01,ME2 BM4,7.7909
1933-07-01,1933-08-01,ME2 BM5,6.4516
1933-07-01,1933-08-01,ME3 BM1,12.5601
1933-07-01,1933-08-01,ME3 BM2,20.4237
1933-07-01,1933-08-01,ME3 BM3,14.5541
1933-07-01,1933-08-01,ME3 BM4,12.6686
1933-07-01,1933-08-01,ME3 BM5,16.4394
1933-07-01,1933-08-01,ME4 BM1,14.8173
1933-07-01,1933-08-01,ME4 BM2,17.0478
1933-07-01,1933-08-01,ME4 BM3,14.0046
1933-07-01,1933-08-01,ME4 BM4,17.47
1933-07-01,1933-08-01,ME4 BM5,21.3286
1933-07-01,1933-08-01,BIG LoBM,8.8302
1933-07-01,1933-08-01,ME5 BM2,16.4361
1933-07-01,1933-08-01,ME5 BM3,15.7637
1933-07-01,1933-08-01,ME5 BM4,13.7014
1933-07-01,1933-08-01,BIG HiBM,23.655
1933-08-01,1933-09-01,SMALL LoBM,-16.6667
1933-08-01,1933-09-01,ME1 BM2,-13.0863
1933-08-01,1933-09-01,ME1 BM3,-19.889
1933-08-01,1933-09-01,ME1 BM4,-17.2691
1933-08-01,1933-09-01,SMALL HiBM,-16.7164
1933-08-01,1933-09-01,ME2 BM1,-3.1249
1933-08-01,1933-09-01,ME2 BM2,-12.4081
1933-08-01,1933-09-01,ME2 BM3,-17.1963
1933-08-01,1933-09-01,ME2 BM4,-13.149
1933-08-01,1933-09-01,ME2 BM5,-26.1686
1933-08-01,1933-09-01,ME3 BM1,-13.582
1933-08-01,1933-09-01,ME3 BM2,-9.4118
1933-08-01,1933-09-01,ME3 BM3,-13.7739
1933-08-01,1933-09-01,ME3 BM4,-15.4659
1933-08-01,1933-09-01,ME3 BM5,-25.729
1933-08-01,1933-09-01,ME4 BM1,-6.4976
1933-08-01,1933-09-01,ME4 BM2,-11.4528
1933-08-01,1933-09-01,ME4 BM3,-17.6548
1933-08-01,1933-09-01,ME4 BM4,-9.9298
1933-08-01,1933-09-01,ME4 BM5,-22.0871
1933-08-01,1933-09-01,BIG LoBM,-9.9608
1933-08-01,1933-09-01,ME5 BM2,-7.1138
1933-08-01,1933-09-01,ME5 BM3,-11.5554
1933-08-01,1933-09-01,ME5 BM4,-17.3735
1933-08-01,1933-09-01,BIG HiBM,-27.2596
1933-09-01,1933-10-01,SMALL LoBM,-12.0
1933-09-01,1933-10-01,ME1 BM2,-15.5561
1933-09-01,1933-10-01,ME1 BM3,-6.0883
1933-09-01,1933-10-01,ME1 BM4,-10.1811
1933-09-01,1933-10-01,SMALL HiBM,-16.4024
1933-09-01,1933-10-01,ME2 BM1,-12.3773
1933-09-01,1933-10-01,ME2 BM2,-7.8651
1933-09-01,1933-10-01,ME2 BM3,-13.5151
1933-09-01,1933-10-01,ME2 BM4,-13.1222
1933-09-01,1933-10-01,ME2 BM5,-8.9748
1933-09-01,1933-10-01,ME3 BM1,-7.1826
1933-09-01,1933-10-01,ME3 BM2,-9.5016
1933-09-01,1933-10-01,ME3 BM3,-12.7307
1933-09-01,1933-10-01,ME3 BM4,-15.0521
1933-09-01,1933-10-01,ME3 BM5,-14.6649
1933-09-01,1933-10-01,ME4 BM1,-6.8819
1933-09-01,1933-10-01,ME4 BM2,-7.9161
1933-09-01,1933-10-01,ME4 BM3,-10.0114
1933-09-01,1933-10-01,ME4 BM4,-14.5924
1933-09-01,1933-10-01,ME4 BM5,-19.1997
1933-09-01,1933-10-01,BIG LoBM,-6.8367
1933-09-01,1933-10-01,ME5 BM2,-4.6917
1933-09-01,1933-10-01,ME5 BM3,-10.7909
1933-09-01,1933-10-01,ME5 BM4,-17.429
1933-09-01,1933-10-01,BIG HiBM,-19.1524
1933-10-01,1933-11-01,SMALL LoBM,0.0
1933-10-01,1933-11-01,ME1 BM2,3.1602
1933-10-01,1933-11-01,ME1 BM3,-1.4531
1933-10-01,1933-11-01,ME1 BM4,12.6138
1933-10-01,1933-11-01,SMALL HiBM,7.7636
1933-10-01,1933-11-01,ME2 BM1,2.7984
1933-10-01,1933-11-01,ME2 BM2,7.02
1933-10-01,1933-11-01,ME2 BM3,3.9665
1933-10-01,1933-11-01,ME2 BM4,7.6369
1933-10-01,1933-11-01,ME2 BM5,-0.1905
1933-10-01,1933-11-01,ME3 BM1,6.9366
1933-10-01,1933-11-01,ME3 BM2,5.0158
1933-10-01,1933-11-01,ME3 BM3,7.933
1933-10-01,1933-11-01,ME3 BM4,5.2123
1933-10-01,1933-11-01,ME3 BM5,10.0793
1933-10-01,1933-11-01,ME4 BM1,5.4476
1933-10-01,1933-11-01,ME4 BM2,11.6318
1933-10-01,1933-11-01,ME4 BM3,7.0677
1933-10-01,1933-11-01,ME4 BM4,9.1372
1933-10-01,1933-11-01,ME4 BM5,10.9693
1933-10-01,1933-11-01,BIG LoBM,10.1098
1933-10-01,1933-11-01,ME5 BM2,10.071
1933-10-01,1933-11-01,ME5 BM3,14.2424
1933-10-01,1933-11-01,ME5 BM4,15.3305
1933-10-01,1933-11-01,BIG HiBM,9.1554
1933-11-01,1933-12-01,SMALL LoBM,-36.3636
1933-11-01,1933-12-01,ME1 BM2,-2.9947
1933-11-01,1933-12-01,ME1 BM3,-7.0273
1933-11-01,1933-12-01,ME1 BM4,-1.7815
1933-11-01,1933-12-01,SMALL HiBM,2.6627
1933-11-01,1933-12-01,ME2 BM1,11.4327
1933-11-01,1933-12-01,ME2 BM2,8.5587
1933-11-01,1933-12-01,ME2 BM3,7.5062
1933-11-01,1933-12-01,ME2 BM4,-2.1142
1933-11-01,1933-12-01,ME2 BM5,-3.674
1933-11-01,1933-12-01,ME3 BM1,-0.684
1933-11-01,1933-12-01,ME3 BM2,5.9438
1933-11-01,1933-12-01,ME3 BM3,7.0181
1933-11-01,1933-12-01,ME3 BM4,2.7876
1933-11-01,1933-12-01,ME3 BM5,5.3274
1933-11-01,1933-12-01,ME4 BM1,0.2706
1933-11-01,1933-12-01,ME4 BM2,2.4651
1933-11-01,1933-12-01,ME4 BM3,7.1483
1933-11-01,1933-12-01,ME4 BM4,-1.2238
1933-11-01,1933-12-01,ME4 BM5,7.6462
1933-11-01,1933-12-01,BIG LoBM,1.877
1933-11-01,1933-12-01,ME5 BM2,1.8581
1933-11-01,1933-12-01,ME5 BM3,0.635
1933-11-01,1933-12-01,ME5 BM4,5.4488
1933-11-01,1933-12-01,BIG HiBM,7.9203
1933-12-01,1934-01-01,SMALL LoBM,100.0
1933-12-01,1934-01-01,ME1 BM2,44.9906
1933-12-01,1934-01-01,ME1 BM3,43.0444
1933-12-01,1934-01-01,ME1 BM4,41.9321
1933-12-01,1934-01-01,SMALL HiBM,41.6175
1933-12-01,1934-01-01,ME2 BM1,24.6543
1933-12-01,1934-01-01,ME2 BM2,22.0663
1933-12-01,1934-01-01,ME2 BM3,31.8261
1933-12-01,1934-01-01,ME2 BM4,31.9632
1933-12-01,1934-01-01,ME2 BM5,54.1782
1933-12-01,1934-01-01,ME3 BM1,45.6973
1933-12-01,1934-01-01,ME3 BM2,20.6345
1933-12-01,1934-01-01,ME3 BM3,25.6602
1933-12-01,1934-01-01,ME3 BM4,25.2988
1933-12-01,1934-01-01,ME3 BM5,32.278
1933-12-01,1934-01-01,ME4 BM1,11.9279
1933-12-01,1934-01-01,ME4 BM2,15.015
1933-12-01,1934-01-01,ME4 BM3,24.6582
1933-12-01,1934-01-01,ME4 BM4,20.3429
1933-12-01,1934-01-01,ME4 BM5,28.8641
1933-12-01,1934-01-01,BIG LoBM,9.7585
1933-12-01,1934-01-01,ME5 BM2,9.4727
1933-12-01,1934-01-01,ME5 BM3,16.0664
1933-12-01,1934-01-01,ME5 BM4,17.2041
1933-12-01,1934-01-01,BIG HiBM,37.913
1934-01-01,1934-02-01,SMALL LoBM,-14.2857
1934-01-01,1934-02-01,ME1 BM2,12.0774
1934-01-01,1934-02-01,ME1 BM3,3.8285
1934-01-01,1934-02-01,ME1 BM4,9.7797
1934-01-01,1934-02-01,SMALL HiBM,6.1424
1934-01-01,1934-02-01,ME2 BM1,2.5097
1934-01-01,1934-02-01,ME2 BM2,0.5599
1934-01-01,1934-02-01,ME2 BM3,3.0523
1934-01-01,1934-02-01,ME2 BM4,-1.2104
1934-01-01,1934-02-01,ME2 BM5,9.3432
1934-01-01,1934-02-01,ME3 BM1,0.2824
1934-01-01,1934-02-01,ME3 BM2,1.9803
1934-01-01,1934-02-01,ME3 BM3,4.373
1934-01-01,1934-02-01,ME3 BM4,3.5814
1934-01-01,1934-02-01,ME3 BM5,0.3844
1934-01-01,1934-02-01,ME4 BM1,-3.3763
1934-01-01,1934-02-01,ME4 BM2,-1.587
1934-01-01,1934-02-01,ME4 BM3,-2.7066
1934-01-01,1934-02-01,ME4 BM4,0.8042
1934-01-01,1934-02-01,ME4 BM5,0.4373
1934-01-01,1934-02-01,BIG LoBM,-2.4286
1934-01-01,1934-02-01,ME5 BM2,-2.5432
1934-01-01,1934-02-01,ME5 BM3,-4.5321
1934-01-01,1934-02-01,ME5 BM4,-5.5368
1934-01-01,1934-02-01,BIG HiBM,-5.3839
1934-02-01,1934-03-01,SMALL LoBM,8.3333
1934-02-01,1934-03-01,ME1 BM2,-0.8893
1934-02-01,1934-03-01,ME1 BM3,1.7648
1934-02-01,1934-03-01,ME1 BM4,3.9274
1934-02-01,1934-03-01,SMALL HiBM,-2.1762
1934-02-01,1934-03-01,ME2 BM1,2.4157
1934-02-01,1934-03-01,ME2 BM2,1.6826
1934-02-01,1934-03-01,ME2 BM3,0.9836
1934-02-01,1934-03-01,ME2 BM4,1.2157
1934-02-01,1934-03-01,ME2 BM5,3.0666
1934-02-01,1934-03-01,ME3 BM1,6.1342
1934-02-01,1934-03-01,ME3 BM2,3.3499
1934-02-01,1934-03-01,ME3 BM3,1.2129
1934-02-01,1934-03-01,ME3 BM4,-1.2754
1934-02-01,1934-03-01,ME3 BM5,-4.4693
1934-02-01,1934-03-01,ME4 BM1,1.8531
1934-02-01,1934-03-01,ME4 BM2,1.2654
1934-02-01,1934-03-01,ME4 BM3,0.6728
1934-02-01,1934-03-01,ME4 BM4,-0.81
1934-02-01,1934-03-01,ME4 BM5,0.1178
1934-02-01,1934-03-01,BIG LoBM,-0.048
1934-02-01,1934-03-01,ME5 BM2,0.0526
1934-02-01,1934-03-01,ME5 BM3,-1.3288
1934-02-01,1934-03-01,ME5 BM4,-0.8676
1934-02-01,1934-03-01,BIG HiBM,0.5379
1934-03-01,1934-04-01,SMALL LoBM,0.0
1934-03-01,1934-04-01,ME1 BM2,2.4037
1934-03-01,1934-04-01,ME1 BM3,5.6626
1934-03-01,1934-04-01,ME1 BM4,5.571
1934-03-01,1934-04-01,SMALL HiBM,0.2466
1934-03-01,1934-04-01,ME2 BM1,7.574
1934-03-01,1934-04-01,ME2 BM2,2.9419
1934-03-01,1934-04-01,ME2 BM3,-3.5275
1934-03-01,1934-04-01,ME2 BM4,1.0808
1934-03-01,1934-04-01,ME2 BM5,-7.0056
1934-03-01,1934-04-01,ME3 BM1,-3.5273
1934-03-01,1934-04-01,ME3 BM2,-0.1441
1934-03-01,1934-04-01,ME3 BM3,-2.7159
1934-03-01,1934-04-01,ME3 BM4,-0.8467
1934-03-01,1934-04-01,ME3 BM5,-3.1955
1934-03-01,1934-04-01,ME4 BM1,-0.5214
1934-03-01,1934-04-01,ME4 BM2,0.4568
1934-03-01,1934-04-01,ME4 BM3,-0.6759
1934-03-01,1934-04-01,ME4 BM4,-5.6922
1934-03-01,1934-04-01,ME4 BM5,-6.6942
1934-03-01,1934-04-01,BIG LoBM,-2.0366
1934-03-01,1934-04-01,ME5 BM2,-1.1654
1934-03-01,1934-04-01,ME5 BM3,-2.0179
1934-03-01,1934-04-01,ME5 BM4,-5.7526
1934-03-01,1934-04-01,BIG HiBM,-5.7601
1934-04-01,1934-05-01,SMALL LoBM,-11.5385
1934-04-01,1934-05-01,ME1 BM2,-9.1744
1934-04-01,1934-05-01,ME1 BM3,-13.0676
1934-04-01,1934-05-01,ME1 BM4,-13.0519
1934-04-01,1934-05-01,SMALL HiBM,-16.3854
1934-04-01,1934-05-01,ME2 BM1,-9.0772
1934-04-01,1934-05-01,ME2 BM2,-8.6789
1934-04-01,1934-05-01,ME2 BM3,-10.8668
1934-04-01,1934-05-01,ME2 BM4,-12.3285
1934-04-01,1934-05-01,ME2 BM5,-6.3263
1934-04-01,1934-05-01,ME3 BM1,-7.0369
1934-04-01,1934-05-01,ME3 BM2,-9.3899
1934-04-01,1934-05-01,ME3 BM3,-10.293
1934-04-01,1934-05-01,ME3 BM4,-8.5271
1934-04-01,1934-05-01,ME3 BM5,-14.5021
1934-04-01,1934-05-01,ME4 BM1,-5.9702
1934-04-01,1934-05-01,ME4 BM2,-7.0101
1934-04-01,1934-05-01,ME4 BM3,-11.643
1934-04-01,1934-05-01,ME4 BM4,-8.4325
1934-04-01,1934-05-01,ME4 BM5,-15.1982
1934-04-01,1934-05-01,BIG LoBM,-6.4149
1934-04-01,1934-05-01,ME5 BM2,-6.9357
1934-04-01,1934-05-01,ME5 BM3,-6.3842
1934-04-01,1934-05-01,ME5 BM4,-13.3485
1934-04-01,1934-05-01,BIG HiBM,-18.7982
1934-05-01,1934-06-01,SMALL LoBM,-21.7391
1934-05-01,1934-06-01,ME1 BM2,-3.143
1934-05-01,1934-06-01,ME1 BM3,2.6837
1934-05-01,1934-06-01,ME1 BM4,-0.8867
1934-05-01,1934-06-01,SMALL HiBM,0.3452
1934-05-01,1934-06-01,ME2 BM1,3.9591
1934-05-01,1934-06-01,ME2 BM2,2.0899
1934-05-01,1934-06-01,ME2 BM3,-2.3864
1934-05-01,1934-06-01,ME2 BM4,-0.6749
1934-05-01,1934-06-01,ME2 BM5,-11.0249
1934-05-01,1934-06-01,ME3 BM1,3.2326
1934-05-01,1934-06-01,ME3 BM2,3.8028
1934-05-01,1934-06-01,ME3 BM3,0.2262
1934-05-01,1934-06-01,ME3 BM4,2.084
1934-05-01,1934-06-01,ME3 BM5,0.0176
1934-05-01,1934-06-01,ME4 BM1,4.0233
1934-05-01,1934-06-01,ME4 BM2,3.2307
1934-05-01,1934-06-01,ME4 BM3,2.2881
1934-05-01,1934-06-01,ME4 BM4,6.0137
1934-05-01,1934-06-01,ME4 BM5,-0.8835
1934-05-01,1934-06-01,BIG LoBM,2.1908
1934-05-01,1934-06-01,ME5 BM2,2.9109
1934-05-01,1934-06-01,ME5 BM3,3.0461
1934-05-01,1934-06-01,ME5 BM4,3.2071
1934-05-01,1934-06-01,BIG HiBM,4.8717
1934-06-01,1934-07-01,SMALL LoBM,-20.3723
1934-06-01,1934-07-01,ME1 BM2,-30.1093
1934-06-01,1934-07-01,ME1 BM3,-26.1187
1934-06-01,1934-07-01,ME1 BM4,-23.9489
1934-06-01,1934-07-01,SMALL HiBM,-24.5377
1934-06-01,1934-07-01,ME2 BM1,-20.152
1934-06-01,1934-07-01,ME2 BM2,-17.0149
1934-06-01,1934-07-01,ME2 BM3,-23.6392
1934-06-01,1934-07-01,ME2 BM4,-26.588
1934-06-01,1934-07-01,ME2 BM5,-23.8974
1934-06-01,1934-07-01,ME3 BM1,-16.5513
1934-06-01,1934-07-01,ME3 BM2,-16.6888
1934-06-01,1934-07-01,ME3 BM3,-16.6102
1934-06-01,1934-07-01,ME3 BM4,-20.0498
1934-06-01,1934-07-01,ME3 BM5,-24.2528
1934-06-01,1934-07-01,ME4 BM1,-12.3564
1934-06-01,1934-07-01,ME4 BM2,-10.0991
1934-06-01,1934-07-01,ME4 BM3,-14.0442
1934-06-01,1934-07-01,ME4 BM4,-19.3283
1934-06-01,1934-07-01,ME4 BM5,-34.9982
1934-06-01,1934-07-01,BIG LoBM,-7.0687
1934-06-01,1934-07-01,ME5 BM2,-8.2399
1934-06-01,1934-07-01,ME5 BM3,-14.6307
1934-06-01,1934-07-01,ME5 BM4,-18.3054
1934-06-01,1934-07-01,BIG HiBM,-30.843
1934-07-01,1934-08-01,SMALL LoBM,15.1231
1934-07-01,1934-08-01,ME1 BM2,18.6339
1934-07-01,1934-08-01,ME1 BM3,6.0136
1934-07-01,1934-08-01,ME1 BM4,12.1778
1934-07-01,1934-08-01,SMALL HiBM,13.7409
1934-07-01,1934-08-01,ME2 BM1,14.7217
1934-07-01,1934-08-01,ME2 BM2,7.3228
1934-07-01,1934-08-01,ME2 BM3,9.5339
1934-07-01,1934-08-01,ME2 BM4,13.5476
1934-07-01,1934-08-01,ME2 BM5,10.643
1934-07-01,1934-08-01,ME3 BM1,7.8689
1934-07-01,1934-08-01,ME3 BM2,9.265
1934-07-01,1934-08-01,ME3 BM3,8.5292
1934-07-01,1934-08-01,ME3 BM4,12.5352
1934-07-01,1934-08-01,ME3 BM5,8.8728
1934-07-01,1934-08-01,ME4 BM1,6.0569
1934-07-01,1934-08-01,ME4 BM2,6.6355
1934-07-01,1934-08-01,ME4 BM3,5.0601
1934-07-01,1934-08-01,ME4 BM4,10.5494
1934-07-01,1934-08-01,ME4 BM5,11.0095
1934-07-01,1934-08-01,BIG LoBM,5.5854
1934-07-01,1934-08-01,ME5 BM2,5.2073
1934-07-01,1934-08-01,ME5 BM3,4.7097
1934-07-01,1934-08-01,ME5 BM4,2.3771
1934-07-01,1934-08-01,BIG HiBM,8.5384
1934-08-01,1934-09-01,SMALL LoBM,-1.8045
1934-08-01,1934-09-01,ME1 BM2,-10.0535
1934-08-01,1934-09-01,ME1 BM3,-4.8455
1934-08-01,1934-09-01,ME1 BM4,-0.1601
1934-08-01,1934-09-01,SMALL HiBM,-2.6851
1934-08-01,1934-09-01,ME2 BM1,-1.9481
1934-08-01,1934-09-01,ME2 BM2,-0.2922
1934-08-01,1934-09-01,ME2 BM3,-2.6807
1934-08-01,1934-09-01,ME2 BM4,-1.7672
1934-08-01,1934-09-01,ME2 BM5,-4.3733
1934-08-01,1934-09-01,ME3 BM1,-2.0778
1934-08-01,1934-09-01,ME3 BM2,1.6596
1934-08-01,1934-09-01,ME3 BM3,-0.2532
1934-08-01,1934-09-01,ME3 BM4,-2.543
1934-08-01,1934-09-01,ME3 BM5,-0.7029
1934-08-01,1934-09-01,ME4 BM1,-1.1182
1934-08-01,1934-09-01,ME4 BM2,0.5352
1934-08-01,1934-09-01,ME4 BM3,-0.7493
1934-08-01,1934-09-01,ME4 BM4,-1.0917
1934-08-01,1934-09-01,ME4 BM5,2.069
1934-08-01,1934-09-01,BIG LoBM,0.0824
1934-08-01,1934-09-01,ME5 BM2,-0.253
1934-08-01,1934-09-01,ME5 BM3,-0.6569
1934-08-01,1934-09-01,ME5 BM4,-1.1606
1934-08-01,1934-09-01,BIG HiBM,2.3732
1934-09-01,1934-10-01,SMALL LoBM,2.8464
1934-09-01,1934-10-01,ME1 BM2,0.1706
1934-09-01,1934-10-01,ME1 BM3,-4.2055
1934-09-01,1934-10-01,ME1 BM4,-8.446
1934-09-01,1934-10-01,SMALL HiBM,-1.4934
1934-09-01,1934-10-01,ME2 BM1,-6.0012
1934-09-01,1934-10-01,ME2 BM2,1.3719
1934-09-01,1934-10-01,ME2 BM3,-1.4584
1934-09-01,1934-10-01,ME2 BM4,-1.3555
1934-09-01,1934-10-01,ME2 BM5,-4.9708
1934-09-01,1934-10-01,ME3 BM1,1.2928
1934-09-01,1934-10-01,ME3 BM2,-0.4064
1934-09-01,1934-10-01,ME3 BM3,1.2598
1934-09-01,1934-10-01,ME3 BM4,-4.2358
1934-09-01,1934-10-01,ME3 BM5,-6.7204
1934-09-01,1934-10-01,ME4 BM1,0.1744
1934-09-01,1934-10-01,ME4 BM2,0.5697
1934-09-01,1934-10-01,ME4 BM3,1.7916
1934-09-01,1934-10-01,ME4 BM4,-10.1641
1934-09-01,1934-10-01,ME4 BM5,-10.0785
1934-09-01,1934-10-01,BIG LoBM,0.6214
1934-09-01,1934-10-01,ME5 BM2,-1.8347
1934-09-01,1934-10-01,ME5 BM3,-5.6951
1934-09-01,1934-10-01,ME5 BM4,-6.1478
1934-09-01,1934-10-01,BIG HiBM,-7.2439
1934-10-01,1934-11-01,SMALL LoBM,7.2058
1934-10-01,1934-11-01,ME1 BM2,12.3791
1934-10-01,1934-11-01,ME1 BM3,28.6763
1934-10-01,1934-11-01,ME1 BM4,17.1555
1934-10-01,1934-11-01,SMALL HiBM,15.9811
1934-10-01,1934-11-01,ME2 BM1,24.9802
1934-10-01,1934-11-01,ME2 BM2,20.6614
1934-10-01,1934-11-01,ME2 BM3,18.9685
1934-10-01,1934-11-01,ME2 BM4,13.7438
1934-10-01,1934-11-01,ME2 BM5,3.881
1934-10-01,1934-11-01,ME3 BM1,13.853
1934-10-01,1934-11-01,ME3 BM2,12.723
1934-10-01,1934-11-01,ME3 BM3,13.1249
1934-10-01,1934-11-01,ME3 BM4,17.7377
1934-10-01,1934-11-01,ME3 BM5,5.214
1934-10-01,1934-11-01,ME4 BM1,13.4963
1934-10-01,1934-11-01,ME4 BM2,12.8692
1934-10-01,1934-11-01,ME4 BM3,12.2394
1934-10-01,1934-11-01,ME4 BM4,12.0713
1934-10-01,1934-11-01,ME4 BM5,6.7108
1934-10-01,1934-11-01,BIG LoBM,10.4632
1934-10-01,1934-11-01,ME5 BM2,4.4669
1934-10-01,1934-11-01,ME5 BM3,6.1575
1934-10-01,1934-11-01,ME5 BM4,11.7916
1934-10-01,1934-11-01,BIG HiBM,3.6748
1934-11-01,1934-12-01,SMALL LoBM,6.1477
1934-11-01,1934-12-01,ME1 BM2,-3.1816
1934-11-01,1934-12-01,ME1 BM3,0.7192
1934-11-01,1934-12-01,ME1 BM4,0.7982
1934-11-01,1934-12-01,SMALL HiBM,-2.4501
1934-11-01,1934-12-01,ME2 BM1,5.3581
1934-11-01,1934-12-01,ME2 BM2,2.4578
1934-11-01,1934-12-01,ME2 BM3,3.0417
1934-11-01,1934-12-01,ME2 BM4,3.6459
1934-11-01,1934-12-01,ME2 BM5,0.5664
1934-11-01,1934-12-01,ME3 BM1,3.7532
1934-11-01,1934-12-01,ME3 BM2,2.9972
1934-11-01,1934-12-01,ME3 BM3,3.7893
1934-11-01,1934-12-01,ME3 BM4,4.1835
1934-11-01,1934-12-01,ME3 BM5,-2.997
1934-11-01,1934-12-01,ME4 BM1,3.0404
1934-11-01,1934-12-01,ME4 BM2,3.946
1934-11-01,1934-12-01,ME4 BM3,3.9094
1934-11-01,1934-12-01,ME4 BM4,1.6698
1934-11-01,1934-12-01,ME4 BM5,-5.5192
1934-11-01,1934-12-01,BIG LoBM,0.7986
1934-11-01,1934-12-01,ME5 BM2,0.1982
1934-11-01,1934-12-01,ME5 BM3,-1.2764
1934-11-01,1934-12-01,ME5 BM4,-0.2728
1934-11-01,1934-12-01,BIG HiBM,-4.2897
1934-12-01,1935-01-01,SMALL LoBM,-3.9713
1934-12-01,1935-01-01,ME1 BM2,-10.8183
1934-12-01,1935-01-01,ME1 BM3,-9.9907
1934-12-01,1935-01-01,ME1 BM4,2.8108
1934-12-01,1935-01-01,SMALL HiBM,-4.8194
1934-12-01,1935-01-01,ME2 BM1,-8.9719
1934-12-01,1935-01-01,ME2 BM2,-0.8315
1934-12-01,1935-01-01,ME2 BM3,-3.1327
1934-12-01,1935-01-01,ME2 BM4,-3.8543
1934-12-01,1935-01-01,ME2 BM5,-3.2031
1934-12-01,1935-01-01,ME3 BM1,-4.4903
1934-12-01,1935-01-01,ME3 BM2,-4.6336
1934-12-01,1935-01-01,ME3 BM3,-2.7786
1934-12-01,1935-01-01,ME3 BM4,-1.5875
1934-12-01,1935-01-01,ME3 BM5,-0.9968
1934-12-01,1935-01-01,ME4 BM1,-4.3475
1934-12-01,1935-01-01,ME4 BM2,-2.6391
1934-12-01,1935-01-01,ME4 BM3,-3.4702
1934-12-01,1935-01-01,ME4 BM4,-5.8919
1934-12-01,1935-01-01,ME4 BM5,-14.5339
1934-12-01,1935-01-01,BIG LoBM,-1.9572
1934-12-01,1935-01-01,ME5 BM2,-3.8559
1934-12-01,1935-01-01,ME5 BM3,-2.5289
1934-12-01,1935-01-01,ME5 BM4,-8.663
1934-12-01,1935-01-01,BIG HiBM,-14.034
1935-01-01,1935-02-01,SMALL LoBM,-15.2535
1935-01-01,1935-02-01,ME1 BM2,-14.3711
1935-01-01,1935-02-01,ME1 BM3,-7.4853
1935-01-01,1935-02-01,ME1 BM4,-7.864
1935-01-01,1935-02-01,SMALL HiBM,-11.6328
1935-01-01,1935-02-01,ME2 BM1,-1.7326
1935-01-01,1935-02-01,ME2 BM2,-4.4273
1935-01-01,1935-02-01,ME2 BM3,-4.9325
1935-01-01,1935-02-01,ME2 BM4,-3.9395
1935-01-01,1935-02-01,ME2 BM5,-11.3576
1935-01-01,1935-02-01,ME3 BM1,0.1143
1935-01-01,1935-02-01,ME3 BM2,-3.6106
1935-01-01,1935-02-01,ME3 BM3,0.5872
1935-01-01,1935-02-01,ME3 BM4,-6.8556
1935-01-01,1935-02-01,ME3 BM5,-13.3564
1935-01-01,1935-02-01,ME4 BM1,0.2896
1935-01-01,1935-02-01,ME4 BM2,0.9237
1935-01-01,1935-02-01,ME4 BM3,0.2552
1935-01-01,1935-02-01,ME4 BM4,-10.2534
1935-01-01,1935-02-01,ME4 BM5,-21.887
1935-01-01,1935-02-01,BIG LoBM,0.232
1935-01-01,1935-02-01,ME5 BM2,-1.8545
1935-01-01,1935-02-01,ME5 BM3,-4.2419
1935-01-01,1935-02-01,ME5 BM4,-9.2257
1935-01-01,1935-02-01,BIG HiBM,-13.7848
1935-02-01,1935-03-01,SMALL LoBM,-5.4647
1935-02-01,1935-03-01,ME1 BM2,-14.6058
1935-02-01,1935-03-01,ME1 BM3,-10.563
1935-02-01,1935-03-01,ME1 BM4,-16.8184
1935-02-01,1935-03-01,SMALL HiBM,-8.6908
1935-02-01,1935-03-01,ME2 BM1,-11.1054
1935-02-01,1935-03-01,ME2 BM2,-7.4963
1935-02-01,1935-03-01,ME2 BM3,-7.8516
1935-02-01,1935-03-01,ME2 BM4,-7.1877
1935-02-01,1935-03-01,ME2 BM5,-14.089
1935-02-01,1935-03-01,ME3 BM1,-1.5194
1935-02-01,1935-03-01,ME3 BM2,-8.6404
1935-02-01,1935-03-01,ME3 BM3,-4.796
1935-02-01,1935-03-01,ME3 BM4,-10.328
1935-02-01,1935-03-01,ME3 BM5,-11.7379
1935-02-01,1935-03-01,ME4 BM1,-4.0166
1935-02-01,1935-03-01,ME4 BM2,-5.7328
1935-02-01,1935-03-01,ME4 BM3,-6.0624
1935-02-01,1935-03-01,ME4 BM4,-5.9041
1935-02-01,1935-03-01,ME4 BM5,-10.4602
1935-02-01,1935-03-01,BIG LoBM,-3.6975
1935-02-01,1935-03-01,ME5 BM2,-1.925
1935-02-01,1935-03-01,ME5 BM3,-1.2271
1935-02-01,1935-03-01,ME5 BM4,-8.8943
1935-02-01,1935-03-01,BIG HiBM,-7.109
1935-03-01,1935-04-01,SMALL LoBM,37.0073
1935-03-01,1935-04-01,ME1 BM2,0.7346
1935-03-01,1935-04-01,ME1 BM3,10.2864
1935-03-01,1935-04-01,ME1 BM4,12.2329
1935-03-01,1935-04-01,SMALL HiBM,12.2042
1935-03-01,1935-04-01,ME2 BM1,9.6309
1935-03-01,1935-04-01,ME2 BM2,10.9289
1935-03-01,1935-04-01,ME2 BM3,12.4322
1935-03-01,1935-04-01,ME2 BM4,6.0015
1935-03-01,1935-04-01,ME2 BM5,11.5809
1935-03-01,1935-04-01,ME3 BM1,4.6314
1935-03-01,1935-04-01,ME3 BM2,11.4543
1935-03-01,1935-04-01,ME3 BM3,6.2166
1935-03-01,1935-04-01,ME3 BM4,11.5241
1935-03-01,1935-04-01,ME3 BM5,10.822
1935-03-01,1935-04-01,ME4 BM1,5.8671
1935-03-01,1935-04-01,ME4 BM2,7.4853
1935-03-01,1935-04-01,ME4 BM3,5.7032
1935-03-01,1935-04-01,ME4 BM4,7.9842
1935-03-01,1935-04-01,ME4 BM5,11.4653
1935-03-01,1935-04-01,BIG LoBM,7.2718
1935-03-01,1935-04-01,ME5 BM2,10.705
1935-03-01,1935-04-01,ME5 BM3,10.9384
1935-03-01,1935-04-01,ME5 BM4,13.7142
1935-03-01,1935-04-01,BIG HiBM,15.1017
1935-04-01,1935-05-01,SMALL LoBM,-18.3239
1935-04-01,1935-05-01,ME1 BM2,-2.2941
1935-04-01,1935-05-01,ME1 BM3,7.747
1935-04-01,1935-05-01,ME1 BM4,1.488
1935-04-01,1935-05-01,SMALL HiBM,1.0221
1935-04-01,1935-05-01,ME2 BM1,-0.7795
1935-04-01,1935-05-01,ME2 BM2,0.0309
1935-04-01,1935-05-01,ME2 BM3,5.6391
1935-04-01,1935-05-01,ME2 BM4,4.8434
1935-04-01,1935-05-01,ME2 BM5,0.604
1935-04-01,1935-05-01,ME3 BM1,3.9746
1935-04-01,1935-05-01,ME3 BM2,-1.3536
1935-04-01,1935-05-01,ME3 BM3,1.1973
1935-04-01,1935-05-01,ME3 BM4,-2.2698
1935-04-01,1935-05-01,ME3 BM5,3.8945
1935-04-01,1935-05-01,ME4 BM1,0.1579
1935-04-01,1935-05-01,ME4 BM2,1.4871
1935-04-01,1935-05-01,ME4 BM3,-0.436
1935-04-01,1935-05-01,ME4 BM4,4.9361
1935-04-01,1935-05-01,ME4 BM5,2.0699
1935-04-01,1935-05-01,BIG LoBM,2.7111
1935-04-01,1935-05-01,ME5 BM2,5.446
1935-04-01,1935-05-01,ME5 BM3,4.9074
1935-04-01,1935-05-01,ME5 BM4,2.5007
1935-04-01,1935-05-01,BIG HiBM,7.3971
1935-05-01,1935-06-01,SMALL LoBM,1.6084
1935-05-01,1935-06-01,ME1 BM2,-1.044
1935-05-01,1935-06-01,ME1 BM3,-2.399
1935-05-01,1935-06-01,ME1 BM4,4.8273
1935-05-01,1935-06-01,SMALL HiBM,0.906
1935-05-01,1935-06-01,ME2 BM1,6.6387
1935-05-01,1935-06-01,ME2 BM2,8.0796
1935-05-01,1935-06-01,ME2 BM3,6.9143
1935-05-01,1935-06-01,ME2 BM4,4.0414
1935-05-01,1935-06-01,ME2 BM5,-2.5525
1935-05-01,1935-06-01,ME3 BM1,4.5638
1935-05-01,1935-06-01,ME3 BM2,10.8931
1935-05-01,1935-06-01,ME3 BM3,7.1501
1935-05-01,1935-06-01,ME3 BM4,3.7822
1935-05-01,1935-06-01,ME3 BM5,5.0845
1935-05-01,1935-06-01,ME4 BM1,5.4044
1935-05-01,1935-06-01,ME4 BM2,8.6199
1935-05-01,1935-06-01,ME4 BM3,6.4217
1935-05-01,1935-06-01,ME4 BM4,3.5809
1935-05-01,1935-06-01,ME4 BM5,1.8525
1935-05-01,1935-06-01,BIG LoBM,6.7076
1935-05-01,1935-06-01,ME5 BM2,5.5325
1935-05-01,1935-06-01,ME5 BM3,4.4667
1935-05-01,1935-06-01,ME5 BM4,7.6356
1935-05-01,1935-06-01,BIG HiBM,17.1331
1935-06-01,1935-07-01,SMALL LoBM,10.2251
1935-06-01,1935-07-01,ME1 BM2,21.4927
1935-06-01,1935-07-01,ME1 BM3,22.8513
1935-06-01,1935-07-01,ME1 BM4,15.5349
1935-06-01,1935-07-01,SMALL HiBM,11.7308
1935-06-01,1935-07-01,ME2 BM1,12.0979
1935-06-01,1935-07-01,ME2 BM2,15.1037
1935-06-01,1935-07-01,ME2 BM3,15.5884
1935-06-01,1935-07-01,ME2 BM4,13.8066
1935-06-01,1935-07-01,ME2 BM5,15.9241
1935-06-01,1935-07-01,ME3 BM1,6.7989
1935-06-01,1935-07-01,ME3 BM2,7.2236
1935-06-01,1935-07-01,ME3 BM3,12.292
1935-06-01,1935-07-01,ME3 BM4,8.0832
1935-06-01,1935-07-01,ME3 BM5,13.4033
1935-06-01,1935-07-01,ME4 BM1,7.0587
1935-06-01,1935-07-01,ME4 BM2,10.4016
1935-06-01,1935-07-01,ME4 BM3,6.4061
1935-06-01,1935-07-01,ME4 BM4,6.1647
1935-06-01,1935-07-01,ME4 BM5,18.6276
1935-06-01,1935-07-01,BIG LoBM,7.3126
1935-06-01,1935-07-01,ME5 BM2,6.1698
1935-06-01,1935-07-01,ME5 BM3,5.0105
1935-06-01,1935-07-01,ME5 BM4,12.7286
1935-06-01,1935-07-01,BIG HiBM,10.7092
1935-07-01,1935-08-01,SMALL LoBM,6.8846
1935-07-01,1935-08-01,ME1 BM2,-0.2775
1935-07-01,1935-08-01,ME1 BM3,16.2445
1935-07-01,1935-08-01,ME1 BM4,14.1726
1935-07-01,1935-08-01,SMALL HiBM,19.8916
1935-07-01,1935-08-01,ME2 BM1,8.6311
1935-07-01,1935-08-01,ME2 BM2,6.1459
1935-07-01,1935-08-01,ME2 BM3,4.5461
1935-07-01,1935-08-01,ME2 BM4,11.2008
1935-07-01,1935-08-01,ME2 BM5,13.1679
1935-07-01,1935-08-01,ME3 BM1,0.2391
1935-07-01,1935-08-01,ME3 BM2,1.3683
1935-07-01,1935-08-01,ME3 BM3,5.8044
1935-07-01,1935-08-01,ME3 BM4,5.9716
1935-07-01,1935-08-01,ME3 BM5,14.8785
1935-07-01,1935-08-01,ME4 BM1,0.757
1935-07-01,1935-08-01,ME4 BM2,0.3147
1935-07-01,1935-08-01,ME4 BM3,3.4344
1935-07-01,1935-08-01,ME4 BM4,3.5486
1935-07-01,1935-08-01,ME4 BM5,5.7013
1935-07-01,1935-08-01,BIG LoBM,2.743
1935-07-01,1935-08-01,ME5 BM2,0.9842
1935-07-01,1935-08-01,ME5 BM3,2.0053
1935-07-01,1935-08-01,ME5 BM4,3.6185
1935-07-01,1935-08-01,BIG HiBM,5.307
1935-08-01,1935-09-01,SMALL LoBM,-9.1332
1935-08-01,1935-09-01,ME1 BM2,19.8741
1935-08-01,1935-09-01,ME1 BM3,1.5672
1935-08-01,1935-09-01,ME1 BM4,8.1213
1935-08-01,1935-09-01,SMALL HiBM,-5.5027
1935-08-01,1935-09-01,ME2 BM1,10.6087
1935-08-01,1935-09-01,ME2 BM2,5.1093
1935-08-01,1935-09-01,ME2 BM3,2.9866
1935-08-01,1935-09-01,ME2 BM4,2.9929
1935-08-01,1935-09-01,ME2 BM5,1.5573
1935-08-01,1935-09-01,ME3 BM1,1.02
1935-08-01,1935-09-01,ME3 BM2,7.4595
1935-08-01,1935-09-01,ME3 BM3,5.5841
1935-08-01,1935-09-01,ME3 BM4,6.3384
1935-08-01,1935-09-01,ME3 BM5,-7.0694
1935-08-01,1935-09-01,ME4 BM1,3.1619
1935-08-01,1935-09-01,ME4 BM2,2.5965
1935-08-01,1935-09-01,ME4 BM3,1.8212
1935-08-01,1935-09-01,ME4 BM4,2.9382
1935-08-01,1935-09-01,ME4 BM5,-0.1848
1935-08-01,1935-09-01,BIG LoBM,5.4296
1935-08-01,1935-09-01,ME5 BM2,-0.9561
1935-08-01,1935-09-01,ME5 BM3,1.4988
1935-08-01,1935-09-01,ME5 BM4,0.4652
1935-08-01,1935-09-01,BIG HiBM,0.6884
1935-09-01,1935-10-01,SMALL LoBM,11.8246
1935-09-01,1935-10-01,ME1 BM2,-1.9136
1935-09-01,1935-10-01,ME1 BM3,10.6881
1935-09-01,1935-10-01,ME1 BM4,13.3696
1935-09-01,1935-10-01,SMALL HiBM,4.5248
1935-09-01,1935-10-01,ME2 BM1,9.2728
1935-09-01,1935-10-01,ME2 BM2,13.5305
1935-09-01,1935-10-01,ME2 BM3,9.3566
1935-09-01,1935-10-01,ME2 BM4,9.2107
1935-09-01,1935-10-01,ME2 BM5,8.1213
1935-09-01,1935-10-01,ME3 BM1,8.8822
1935-09-01,1935-10-01,ME3 BM2,9.3516
1935-09-01,1935-10-01,ME3 BM3,10.0329
1935-09-01,1935-10-01,ME3 BM4,10.1332
1935-09-01,1935-10-01,ME3 BM5,7.8137
1935-09-01,1935-10-01,ME4 BM1,6.6879
1935-09-01,1935-10-01,ME4 BM2,7.1085
1935-09-01,1935-10-01,ME4 BM3,5.0573
1935-09-01,1935-10-01,ME4 BM4,12.0763
1935-09-01,1935-10-01,ME4 BM5,6.67
1935-09-01,1935-10-01,BIG LoBM,6.4577
1935-09-01,1935-10-01,ME5 BM2,8.5761
1935-09-01,1935-10-01,ME5 BM3,7.0777
1935-09-01,1935-10-01,ME5 BM4,7.8805
1935-09-01,1935-10-01,BIG HiBM,6.2252
1935-10-01,1935-11-01,SMALL LoBM,34.6434
1935-10-01,1935-11-01,ME1 BM2,7.2246
1935-10-01,1935-11-01,ME1 BM3,34.517
1935-10-01,1935-11-01,ME1 BM4,19.9069
1935-10-01,1935-11-01,SMALL HiBM,44.135
1935-10-01,1935-11-01,ME2 BM1,5.9586
1935-10-01,1935-11-01,ME2 BM2,6.0593
1935-10-01,1935-11-01,ME2 BM3,8.9452
1935-10-01,1935-11-01,ME2 BM4,12.7498
1935-10-01,1935-11-01,ME2 BM5,25.4268
1935-10-01,1935-11-01,ME3 BM1,13.5142
1935-10-01,1935-11-01,ME3 BM2,8.9403
1935-10-01,1935-11-01,ME3 BM3,7.5769
1935-10-01,1935-11-01,ME3 BM4,6.6706
1935-10-01,1935-11-01,ME3 BM5,14.2082
1935-10-01,1935-11-01,ME4 BM1,4.1111
1935-10-01,1935-11-01,ME4 BM2,3.4348
1935-10-01,1935-11-01,ME4 BM3,5.8301
1935-10-01,1935-11-01,ME4 BM4,8.4523
1935-10-01,1935-11-01,ME4 BM5,13.0451
1935-10-01,1935-11-01,BIG LoBM,2.5738
1935-10-01,1935-11-01,ME5 BM2,5.4156
1935-10-01,1935-11-01,ME5 BM3,5.6459
1935-10-01,1935-11-01,ME5 BM4,6.4362
1935-10-01,1935-11-01,BIG HiBM,19.9586
1935-11-01,1935-12-01,SMALL LoBM,9.313
1935-11-01,1935-12-01,ME1 BM2,-1.2476
1935-11-01,1935-12-01,ME1 BM3,0.627
1935-11-01,1935-12-01,ME1 BM4,4.6823
1935-11-01,1935-12-01,SMALL HiBM,0.7394
1935-11-01,1935-12-01,ME2 BM1,8.7505
1935-11-01,1935-12-01,ME2 BM2,9.236
1935-11-01,1935-12-01,ME2 BM3,16.0819
1935-11-01,1935-12-01,ME2 BM4,5.6709
1935-11-01,1935-12-01,ME2 BM5,0.5785
1935-11-01,1935-12-01,ME3 BM1,4.4416
1935-11-01,1935-12-01,ME3 BM2,5.9578
1935-11-01,1935-12-01,ME3 BM3,9.3248
1935-11-01,1935-12-01,ME3 BM4,9.9734
1935-11-01,1935-12-01,ME3 BM5,11.6464
1935-11-01,1935-12-01,ME4 BM1,8.6296
1935-11-01,1935-12-01,ME4 BM2,2.3799
1935-11-01,1935-12-01,ME4 BM3,9.2971
1935-11-01,1935-12-01,ME4 BM4,13.5079
1935-11-01,1935-12-01,ME4 BM5,7.1149
1935-11-01,1935-12-01,BIG LoBM,2.4068
1935-11-01,1935-12-01,ME5 BM2,4.5887
1935-11-01,1935-12-01,ME5 BM3,5.7601
1935-11-01,1935-12-01,ME5 BM4,5.8158
1935-11-01,1935-12-01,BIG HiBM,8.5821
1935-12-01,1936-01-01,SMALL LoBM,24.7377
1935-12-01,1936-01-01,ME1 BM2,36.2743
1935-12-01,1936-01-01,ME1 BM3,13.6009
1935-12-01,1936-01-01,ME1 BM4,19.2941
1935-12-01,1936-01-01,SMALL HiBM,35.6084
1935-12-01,1936-01-01,ME2 BM1,16.5357
1935-12-01,1936-01-01,ME2 BM2,12.7131
1935-12-01,1936-01-01,ME2 BM3,8.0142
1935-12-01,1936-01-01,ME2 BM4,13.8703
1935-12-01,1936-01-01,ME2 BM5,29.1948
1935-12-01,1936-01-01,ME3 BM1,4.1156
1935-12-01,1936-01-01,ME3 BM2,9.5258
1935-12-01,1936-01-01,ME3 BM3,9.237
1935-12-01,1936-01-01,ME3 BM4,11.3001
1935-12-01,1936-01-01,ME3 BM5,11.6422
1935-12-01,1936-01-01,ME4 BM1,4.1816
1935-12-01,1936-01-01,ME4 BM2,6.7837
1935-12-01,1936-01-01,ME4 BM3,8.7405
1935-12-01,1936-01-01,ME4 BM4,9.8779
1935-12-01,1936-01-01,ME4 BM5,7.6354
1935-12-01,1936-01-01,BIG LoBM,3.2752
1935-12-01,1936-01-01,ME5 BM2,5.9314
1935-12-01,1936-01-01,ME5 BM3,8.4904
1935-12-01,1936-01-01,ME5 BM4,13.684
1935-12-01,1936-01-01,BIG HiBM,18.4138
1936-01-01,1936-02-01,SMALL LoBM,11.756
1936-01-01,1936-02-01,ME1 BM2,-4.923
1936-01-01,1936-02-01,ME1 BM3,16.4111
1936-01-01,1936-02-01,ME1 BM4,10.3151
1936-01-01,1936-02-01,SMALL HiBM,7.0873
1936-01-01,1936-02-01,ME2 BM1,1.7917
1936-01-01,1936-02-01,ME2 BM2,6.4101
1936-01-01,1936-02-01,ME2 BM3,6.0569
1936-01-01,1936-02-01,ME2 BM4,7.0693
1936-01-01,1936-02-01,ME2 BM5,4.0175
1936-01-01,1936-02-01,ME3 BM1,0.1478
1936-01-01,1936-02-01,ME3 BM2,2.4859
1936-01-01,1936-02-01,ME3 BM3,5.1683
1936-01-01,1936-02-01,ME3 BM4,7.9081
1936-01-01,1936-02-01,ME3 BM5,3.5904
1936-01-01,1936-02-01,ME4 BM1,2.8529
1936-01-01,1936-02-01,ME4 BM2,3.6346
1936-01-01,1936-02-01,ME4 BM3,6.0379
1936-01-01,1936-02-01,ME4 BM4,3.558
1936-01-01,1936-02-01,ME4 BM5,10.2904
1936-01-01,1936-02-01,BIG LoBM,1.9181
1936-01-01,1936-02-01,ME5 BM2,1.0357
1936-01-01,1936-02-01,ME5 BM3,3.965
1936-01-01,1936-02-01,ME5 BM4,3.328
1936-01-01,1936-02-01,BIG HiBM,2.9828
1936-02-01,1936-03-01,SMALL LoBM,9.5233
1936-02-01,1936-03-01,ME1 BM2,-2.0397
1936-02-01,1936-03-01,ME1 BM3,4.2536
1936-02-01,1936-03-01,ME1 BM4,3.4277
1936-02-01,1936-03-01,SMALL HiBM,-0.0455
1936-02-01,1936-03-01,ME2 BM1,-0.4437
1936-02-01,1936-03-01,ME2 BM2,0.9455
1936-02-01,1936-03-01,ME2 BM3,4.1667
1936-02-01,1936-03-01,ME2 BM4,-1.1808
1936-02-01,1936-03-01,ME2 BM5,0.645
1936-02-01,1936-03-01,ME3 BM1,7.1259
1936-02-01,1936-03-01,ME3 BM2,3.5016
1936-02-01,1936-03-01,ME3 BM3,3.4962
1936-02-01,1936-03-01,ME3 BM4,3.9646
1936-02-01,1936-03-01,ME3 BM5,-0.6172
1936-02-01,1936-03-01,ME4 BM1,-1.8481
1936-02-01,1936-03-01,ME4 BM2,0.2665
1936-02-01,1936-03-01,ME4 BM3,1.989
1936-02-01,1936-03-01,ME4 BM4,2.6002
1936-02-01,1936-03-01,ME4 BM5,-4.5656
1936-02-01,1936-03-01,BIG LoBM,3.5354
1936-02-01,1936-03-01,ME5 BM2,1.3237
1936-02-01,1936-03-01,ME5 BM3,-2.237
1936-02-01,1936-03-01,ME5 BM4,2.0743
1936-02-01,1936-03-01,BIG HiBM,-3.3727
1936-03-01,1936-04-01,SMALL LoBM,-28.4615
1936-03-01,1936-04-01,ME1 BM2,-25.4411
1936-03-01,1936-04-01,ME1 BM3,-13.0711
1936-03-01,1936-04-01,ME1 BM4,-13.9017
1936-03-01,1936-04-01,SMALL HiBM,-22.3004
1936-03-01,1936-04-01,ME2 BM1,-19.395
1936-03-01,1936-04-01,ME2 BM2,-13.9539
1936-03-01,1936-04-01,ME2 BM3,-16.3972
1936-03-01,1936-04-01,ME2 BM4,-15.1578
1936-03-01,1936-04-01,ME2 BM5,-19.1817
1936-03-01,1936-04-01,ME3 BM1,-9.5861
1936-03-01,1936-04-01,ME3 BM2,-10.1223
1936-03-01,1936-04-01,ME3 BM3,-12.4372
1936-03-01,1936-04-01,ME3 BM4,-12.5127
1936-03-01,1936-04-01,ME3 BM5,-9.4613
1936-03-01,1936-04-01,ME4 BM1,-8.433
1936-03-01,1936-04-01,ME4 BM2,-9.0505
1936-03-01,1936-04-01,ME4 BM3,-11.8012
1936-03-01,1936-04-01,ME4 BM4,-10.3302
1936-03-01,1936-04-01,ME4 BM5,-14.4094
1936-03-01,1936-04-01,BIG LoBM,-6.8271
1936-03-01,1936-04-01,ME5 BM2,-8.1641
1936-03-01,1936-04-01,ME5 BM3,-6.9171
1936-03-01,1936-04-01,ME5 BM4,-10.6714
1936-03-01,1936-04-01,BIG HiBM,-8.5598
1936-04-01,1936-05-01,SMALL LoBM,1.9807
1936-04-01,1936-05-01,ME1 BM2,-2.7594
1936-04-01,1936-05-01,ME1 BM3,3.1939
1936-04-01,1936-05-01,ME1 BM4,8.3326
1936-04-01,1936-05-01,SMALL HiBM,6.4611
1936-04-01,1936-05-01,ME2 BM1,5.0761
1936-04-01,1936-05-01,ME2 BM2,4.9731
1936-04-01,1936-05-01,ME2 BM3,6.6827
1936-04-01,1936-05-01,ME2 BM4,5.6636
1936-04-01,1936-05-01,ME2 BM5,6.6995
1936-04-01,1936-05-01,ME3 BM1,2.7908
1936-04-01,1936-05-01,ME3 BM2,4.7403
1936-04-01,1936-05-01,ME3 BM3,6.72
1936-04-01,1936-05-01,ME3 BM4,4.0135
1936-04-01,1936-05-01,ME3 BM5,11.7178
1936-04-01,1936-05-01,ME4 BM1,5.188
1936-04-01,1936-05-01,ME4 BM2,1.51
1936-04-01,1936-05-01,ME4 BM3,3.5194
1936-04-01,1936-05-01,ME4 BM4,5.2941
1936-04-01,1936-05-01,ME4 BM5,7.8424
1936-04-01,1936-05-01,BIG LoBM,5.4555
1936-04-01,1936-05-01,ME5 BM2,4.9588
1936-04-01,1936-05-01,ME5 BM3,4.822
1936-04-01,1936-05-01,ME5 BM4,6.0936
1936-04-01,1936-05-01,BIG HiBM,6.8514
1936-05-01,1936-06-01,SMALL LoBM,-0.2877
1936-05-01,1936-06-01,ME1 BM2,2.3125
1936-05-01,1936-06-01,ME1 BM3,-2.1201
1936-05-01,1936-06-01,ME1 BM4,-2.3465
1936-05-01,1936-06-01,SMALL HiBM,-1.6637
1936-05-01,1936-06-01,ME2 BM1,-2.2086
1936-05-01,1936-06-01,ME2 BM2,1.2689
1936-05-01,1936-06-01,ME2 BM3,-4.0903
1936-05-01,1936-06-01,ME2 BM4,-2.4533
1936-05-01,1936-06-01,ME2 BM5,-0.1168
1936-05-01,1936-06-01,ME3 BM1,-1.3944
1936-05-01,1936-06-01,ME3 BM2,0.7772
1936-05-01,1936-06-01,ME3 BM3,1.1605
1936-05-01,1936-06-01,ME3 BM4,3.4849
1936-05-01,1936-06-01,ME3 BM5,-2.764
1936-05-01,1936-06-01,ME4 BM1,0.8523
1936-05-01,1936-06-01,ME4 BM2,-0.854
1936-05-01,1936-06-01,ME4 BM3,-0.0996
1936-05-01,1936-06-01,ME4 BM4,1.6147
1936-05-01,1936-06-01,ME4 BM5,-1.7939
1936-05-01,1936-06-01,BIG LoBM,4.1336
1936-05-01,1936-06-01,ME5 BM2,1.8831
1936-05-01,1936-06-01,ME5 BM3,2.7118
1936-05-01,1936-06-01,ME5 BM4,1.976
1936-05-01,1936-06-01,BIG HiBM,2.1523
1936-06-01,1936-07-01,SMALL LoBM,-0.5768
1936-06-01,1936-07-01,ME1 BM2,-1.9997
1936-06-01,1936-07-01,ME1 BM3,14.8857
1936-06-01,1936-07-01,ME1 BM4,9.0084
1936-06-01,1936-07-01,SMALL HiBM,8.1678
1936-06-01,1936-07-01,ME2 BM1,10.7341
1936-06-01,1936-07-01,ME2 BM2,14.3229
1936-06-01,1936-07-01,ME2 BM3,9.504
1936-06-01,1936-07-01,ME2 BM4,6.6973
1936-06-01,1936-07-01,ME2 BM5,3.5766
1936-06-01,1936-07-01,ME3 BM1,7.6682
1936-06-01,1936-07-01,ME3 BM2,9.6964
1936-06-01,1936-07-01,ME3 BM3,7.5783
1936-06-01,1936-07-01,ME3 BM4,8.0076
1936-06-01,1936-07-01,ME3 BM5,15.2312
1936-06-01,1936-07-01,ME4 BM1,8.1516
1936-06-01,1936-07-01,ME4 BM2,3.4557
1936-06-01,1936-07-01,ME4 BM3,7.9084
1936-06-01,1936-07-01,ME4 BM4,11.1559
1936-06-01,1936-07-01,ME4 BM5,13.751
1936-06-01,1936-07-01,BIG LoBM,5.9388
1936-06-01,1936-07-01,ME5 BM2,6.1449
1936-06-01,1936-07-01,ME5 BM3,5.5417
1936-06-01,1936-07-01,ME5 BM4,10.9043
1936-06-01,1936-07-01,BIG HiBM,9.7828
1936-07-01,1936-08-01,SMALL LoBM,-3.5567
1936-07-01,1936-08-01,ME1 BM2,-4.1484
1936-07-01,1936-08-01,ME1 BM3,5.9365
1936-07-01,1936-08-01,ME1 BM4,4.0506
1936-07-01,1936-08-01,SMALL HiBM,1.8897
1936-07-01,1936-08-01,ME2 BM1,-1.2681
1936-07-01,1936-08-01,ME2 BM2,3.5707
1936-07-01,1936-08-01,ME2 BM3,2.1038
1936-07-01,1936-08-01,ME2 BM4,3.3106
1936-07-01,1936-08-01,ME2 BM5,4.558
1936-07-01,1936-08-01,ME3 BM1,1.341
1936-07-01,1936-08-01,ME3 BM2,0.8918
1936-07-01,1936-08-01,ME3 BM3,4.364
1936-07-01,1936-08-01,ME3 BM4,2.9728
1936-07-01,1936-08-01,ME3 BM5,6.6022
1936-07-01,1936-08-01,ME4 BM1,0.8209
1936-07-01,1936-08-01,ME4 BM2,1.335
1936-07-01,1936-08-01,ME4 BM3,3.8222
1936-07-01,1936-08-01,ME4 BM4,3.1854
1936-07-01,1936-08-01,ME4 BM5,5.3356
1936-07-01,1936-08-01,BIG LoBM,-0.0037
1936-07-01,1936-08-01,ME5 BM2,1.0757
1936-07-01,1936-08-01,ME5 BM3,0.4141
1936-07-01,1936-08-01,ME5 BM4,2.9491
1936-07-01,1936-08-01,BIG HiBM,3.7327
1936-08-01,1936-09-01,SMALL LoBM,-1.1114
1936-08-01,1936-09-01,ME1 BM2,8.8068
1936-08-01,1936-09-01,ME1 BM3,2.1446
1936-08-01,1936-09-01,ME1 BM4,6.9192
1936-08-01,1936-09-01,SMALL HiBM,5.7802
1936-08-01,1936-09-01,ME2 BM1,4.3542
1936-08-01,1936-09-01,ME2 BM2,3.1443
1936-08-01,1936-09-01,ME2 BM3,2.5849
1936-08-01,1936-09-01,ME2 BM4,5.461
1936-08-01,1936-09-01,ME2 BM5,2.4062
1936-08-01,1936-09-01,ME3 BM1,3.4695
1936-08-01,1936-09-01,ME3 BM2,0.8208
1936-08-01,1936-09-01,ME3 BM3,3.6591
1936-08-01,1936-09-01,ME3 BM4,6.0047
1936-08-01,1936-09-01,ME3 BM5,1.3641
1936-08-01,1936-09-01,ME4 BM1,1.6033
1936-08-01,1936-09-01,ME4 BM2,3.4966
1936-08-01,1936-09-01,ME4 BM3,2.8307
1936-08-01,1936-09-01,ME4 BM4,0.9631
1936-08-01,1936-09-01,ME4 BM5,2.3401
1936-08-01,1936-09-01,BIG LoBM,0.5189
1936-08-01,1936-09-01,ME5 BM2,0.8495
1936-08-01,1936-09-01,ME5 BM3,0.7522
1936-08-01,1936-09-01,ME5 BM4,1.3808
1936-08-01,1936-09-01,BIG HiBM,-0.5962
1936-09-01,1936-10-01,SMALL LoBM,13.5021
1936-09-01,1936-10-01,ME1 BM2,7.9183
1936-09-01,1936-10-01,ME1 BM3,5.9284
1936-09-01,1936-10-01,ME1 BM4,9.3404
1936-09-01,1936-10-01,SMALL HiBM,8.0163
1936-09-01,1936-10-01,ME2 BM1,1.625
1936-09-01,1936-10-01,ME2 BM2,5.709
1936-09-01,1936-10-01,ME2 BM3,9.5203
1936-09-01,1936-10-01,ME2 BM4,8.0449
1936-09-01,1936-10-01,ME2 BM5,7.2078
1936-09-01,1936-10-01,ME3 BM1,4.4733
1936-09-01,1936-10-01,ME3 BM2,2.1487
1936-09-01,1936-10-01,ME3 BM3,8.4027
1936-09-01,1936-10-01,ME3 BM4,6.1926
1936-09-01,1936-10-01,ME3 BM5,6.0732
1936-09-01,1936-10-01,ME4 BM1,3.2685
1936-09-01,1936-10-01,ME4 BM2,4.8571
1936-09-01,1936-10-01,ME4 BM3,8.9514
1936-09-01,1936-10-01,ME4 BM4,15.6652
1936-09-01,1936-10-01,ME4 BM5,3.546
1936-09-01,1936-10-01,BIG LoBM,6.8804
1936-09-01,1936-10-01,ME5 BM2,4.823
1936-09-01,1936-10-01,ME5 BM3,9.6578
1936-09-01,1936-10-01,ME5 BM4,10.4852
1936-09-01,1936-10-01,BIG HiBM,5.3526
1936-10-01,1936-11-01,SMALL LoBM,9.8463
1936-10-01,1936-11-01,ME1 BM2,19.1822
1936-10-01,1936-11-01,ME1 BM3,9.3001
1936-10-01,1936-11-01,ME1 BM4,13.4337
1936-10-01,1936-11-01,SMALL HiBM,12.6114
1936-10-01,1936-11-01,ME2 BM1,13.081
1936-10-01,1936-11-01,ME2 BM2,9.7704
1936-10-01,1936-11-01,ME2 BM3,8.6249
1936-10-01,1936-11-01,ME2 BM4,11.92
1936-10-01,1936-11-01,ME2 BM5,12.3102
1936-10-01,1936-11-01,ME3 BM1,8.813
1936-10-01,1936-11-01,ME3 BM2,8.6751
1936-10-01,1936-11-01,ME3 BM3,8.9259
1936-10-01,1936-11-01,ME3 BM4,11.0657
1936-10-01,1936-11-01,ME3 BM5,8.0733
1936-10-01,1936-11-01,ME4 BM1,4.8459
1936-10-01,1936-11-01,ME4 BM2,2.8292
1936-10-01,1936-11-01,ME4 BM3,8.7608
1936-10-01,1936-11-01,ME4 BM4,7.9664
1936-10-01,1936-11-01,ME4 BM5,4.2352
1936-10-01,1936-11-01,BIG LoBM,3.0694
1936-10-01,1936-11-01,ME5 BM2,3.3483
1936-10-01,1936-11-01,ME5 BM3,2.3226
1936-10-01,1936-11-01,ME5 BM4,0.3288
1936-10-01,1936-11-01,BIG HiBM,-3.4024
1936-11-01,1936-12-01,SMALL LoBM,-3.8593
1936-11-01,1936-12-01,ME1 BM2,1.0881
1936-11-01,1936-12-01,ME1 BM3,4.2411
1936-11-01,1936-12-01,ME1 BM4,-0.9717
1936-11-01,1936-12-01,SMALL HiBM,3.5961
1936-11-01,1936-12-01,ME2 BM1,2.8371
1936-11-01,1936-12-01,ME2 BM2,2.6251
1936-11-01,1936-12-01,ME2 BM3,0.9501
1936-11-01,1936-12-01,ME2 BM4,7.2152
1936-11-01,1936-12-01,ME2 BM5,9.2291
1936-11-01,1936-12-01,ME3 BM1,1.6339
1936-11-01,1936-12-01,ME3 BM2,2.6287
1936-11-01,1936-12-01,ME3 BM3,3.9059
1936-11-01,1936-12-01,ME3 BM4,1.7932
1936-11-01,1936-12-01,ME3 BM5,6.0199
1936-11-01,1936-12-01,ME4 BM1,0.7856
1936-11-01,1936-12-01,ME4 BM2,1.9355
1936-11-01,1936-12-01,ME4 BM3,1.5018
1936-11-01,1936-12-01,ME4 BM4,3.8768
1936-11-01,1936-12-01,ME4 BM5,2.2752
1936-11-01,1936-12-01,BIG LoBM,-2.4394
1936-11-01,1936-12-01,ME5 BM2,-0.6816
1936-11-01,1936-12-01,ME5 BM3,1.7057
1936-11-01,1936-12-01,ME5 BM4,4.8041
1936-11-01,1936-12-01,BIG HiBM,-0.2582
1936-12-01,1937-01-01,SMALL LoBM,14.9621
1936-12-01,1937-01-01,ME1 BM2,4.3302
1936-12-01,1937-01-01,ME1 BM3,20.6231
1936-12-01,1937-01-01,ME1 BM4,9.9321
1936-12-01,1937-01-01,SMALL HiBM,11.3146
1936-12-01,1937-01-01,ME2 BM1,11.2592
1936-12-01,1937-01-01,ME2 BM2,7.2973
1936-12-01,1937-01-01,ME2 BM3,4.8549
1936-12-01,1937-01-01,ME2 BM4,7.6298
1936-12-01,1937-01-01,ME2 BM5,9.3663
1936-12-01,1937-01-01,ME3 BM1,5.5288
1936-12-01,1937-01-01,ME3 BM2,3.9369
1936-12-01,1937-01-01,ME3 BM3,7.6297
1936-12-01,1937-01-01,ME3 BM4,9.0234
1936-12-01,1937-01-01,ME3 BM5,6.8646
1936-12-01,1937-01-01,ME4 BM1,4.2898
1936-12-01,1937-01-01,ME4 BM2,5.3215
1936-12-01,1937-01-01,ME4 BM3,3.9202
1936-12-01,1937-01-01,ME4 BM4,2.8349
1936-12-01,1937-01-01,ME4 BM5,9.6572
1936-12-01,1937-01-01,BIG LoBM,3.7203
1936-12-01,1937-01-01,ME5 BM2,3.0552
1936-12-01,1937-01-01,ME5 BM3,-0.2779
1936-12-01,1937-01-01,ME5 BM4,3.1379
1936-12-01,1937-01-01,BIG HiBM,11.0569
1937-01-01,1937-02-01,SMALL LoBM,-10.4533
1937-01-01,1937-02-01,ME1 BM2,25.6433
1937-01-01,1937-02-01,ME1 BM3,-9.1185
1937-01-01,1937-02-01,ME1 BM4,9.2292
1937-01-01,1937-02-01,SMALL HiBM,10.3283
1937-01-01,1937-02-01,ME2 BM1,-2.2165
1937-01-01,1937-02-01,ME2 BM2,3.2646
1937-01-01,1937-02-01,ME2 BM3,0.987
1937-01-01,1937-02-01,ME2 BM4,0.6469
1937-01-01,1937-02-01,ME2 BM5,3.9484
1937-01-01,1937-02-01,ME3 BM1,3.3534
1937-01-01,1937-02-01,ME3 BM2,2.293
1937-01-01,1937-02-01,ME3 BM3,0.7659
1937-01-01,1937-02-01,ME3 BM4,1.5358
1937-01-01,1937-02-01,ME3 BM5,7.1826
1937-01-01,1937-02-01,ME4 BM1,1.4986
1937-01-01,1937-02-01,ME4 BM2,2.0521
1937-01-01,1937-02-01,ME4 BM3,2.2365
1937-01-01,1937-02-01,ME4 BM4,2.1118
1937-01-01,1937-02-01,ME4 BM5,10.6235
1937-01-01,1937-02-01,BIG LoBM,-0.4051
1937-01-01,1937-02-01,ME5 BM2,0.0093
1937-01-01,1937-02-01,ME5 BM3,0.7625
1937-01-01,1937-02-01,ME5 BM4,2.6023
1937-01-01,1937-02-01,BIG HiBM,9.9672
1937-02-01,1937-03-01,SMALL LoBM,-9.9226
1937-02-01,1937-03-01,ME1 BM2,-16.8656
1937-02-01,1937-03-01,ME1 BM3,6.7668
1937-02-01,1937-03-01,ME1 BM4,-0.9633
1937-02-01,1937-03-01,SMALL HiBM,4.0978
1937-02-01,1937-03-01,ME2 BM1,-2.7159
1937-02-01,1937-03-01,ME2 BM2,-3.2098
1937-02-01,1937-03-01,ME2 BM3,-0.1446
1937-02-01,1937-03-01,ME2 BM4,2.5449
1937-02-01,1937-03-01,ME2 BM5,6.438
1937-02-01,1937-03-01,ME3 BM1,-2.7148
1937-02-01,1937-03-01,ME3 BM2,-1.4567
1937-02-01,1937-03-01,ME3 BM3,0.8501
1937-02-01,1937-03-01,ME3 BM4,-2.0871
1937-02-01,1937-03-01,ME3 BM5,5.5725
1937-02-01,1937-03-01,ME4 BM1,-2.4672
1937-02-01,1937-03-01,ME4 BM2,0.7244
1937-02-01,1937-03-01,ME4 BM3,1.3941
1937-02-01,1937-03-01,ME4 BM4,-0.3978
1937-02-01,1937-03-01,ME4 BM5,12.5105
1937-02-01,1937-03-01,BIG LoBM,-1.9859
1937-02-01,1937-03-01,ME5 BM2,-2.196
1937-02-01,1937-03-01,ME5 BM3,0.2047
1937-02-01,1937-03-01,ME5 BM4,3.372
1937-02-01,1937-03-01,BIG HiBM,7.4549
1937-03-01,1937-04-01,SMALL LoBM,-19.5677
1937-03-01,1937-04-01,ME1 BM2,-20.1978
1937-03-01,1937-04-01,ME1 BM3,-18.4175
1937-03-01,1937-04-01,ME1 BM4,-13.2558
1937-03-01,1937-04-01,SMALL HiBM,-18.0109
1937-03-01,1937-04-01,ME2 BM1,-9.2104
1937-03-01,1937-04-01,ME2 BM2,-10.8866
1937-03-01,1937-04-01,ME2 BM3,-11.511
1937-03-01,1937-04-01,ME2 BM4,-14.9986
1937-03-01,1937-04-01,ME2 BM5,-13.9659
1937-03-01,1937-04-01,ME3 BM1,-8.0222
1937-03-01,1937-04-01,ME3 BM2,-9.2611
1937-03-01,1937-04-01,ME3 BM3,-6.6931
1937-03-01,1937-04-01,ME3 BM4,-8.5404
1937-03-01,1937-04-01,ME3 BM5,-9.7175
1937-03-01,1937-04-01,ME4 BM1,-6.6379
1937-03-01,1937-04-01,ME4 BM2,-8.3071
1937-03-01,1937-04-01,ME4 BM3,-9.8682
1937-03-01,1937-04-01,ME4 BM4,-14.066
1937-03-01,1937-04-01,ME4 BM5,-11.4533
1937-03-01,1937-04-01,BIG LoBM,-6.9712
1937-03-01,1937-04-01,ME5 BM2,-4.9234
1937-03-01,1937-04-01,ME5 BM3,-6.239
1937-03-01,1937-04-01,ME5 BM4,-7.4444
1937-03-01,1937-04-01,BIG HiBM,-10.1009
1937-04-01,1937-05-01,SMALL LoBM,-5.4126
1937-04-01,1937-05-01,ME1 BM2,-13.8195
1937-04-01,1937-05-01,ME1 BM3,-1.999
1937-04-01,1937-05-01,ME1 BM4,-0.5683
1937-04-01,1937-05-01,SMALL HiBM,-3.7868
1937-04-01,1937-05-01,ME2 BM1,-0.6747
1937-04-01,1937-05-01,ME2 BM2,-0.7803
1937-04-01,1937-05-01,ME2 BM3,-2.9295
1937-04-01,1937-05-01,ME2 BM4,-2.7952
1937-04-01,1937-05-01,ME2 BM5,-7.732
1937-04-01,1937-05-01,ME3 BM1,-1.0028
1937-04-01,1937-05-01,ME3 BM2,-2.1395
1937-04-01,1937-05-01,ME3 BM3,-3.2193
1937-04-01,1937-05-01,ME3 BM4,-0.4867
1937-04-01,1937-05-01,ME3 BM5,-3.1072
1937-04-01,1937-05-01,ME4 BM1,-0.6037
1937-04-01,1937-05-01,ME4 BM2,-1.1875
1937-04-01,1937-05-01,ME4 BM3,-2.5242
1937-04-01,1937-05-01,ME4 BM4,-2.6905
1937-04-01,1937-05-01,ME4 BM5,-1.5132
1937-04-01,1937-05-01,BIG LoBM,0.6711
1937-04-01,1937-05-01,ME5 BM2,-2.4761
1937-04-01,1937-05-01,ME5 BM3,0.3844
1937-04-01,1937-05-01,ME5 BM4,-2.674
1937-04-01,1937-05-01,BIG HiBM,-2.7566
1937-05-01,1937-06-01,SMALL LoBM,-12.3896
1937-05-01,1937-06-01,ME1 BM2,-6.5963
1937-05-01,1937-06-01,ME1 BM3,-15.385
1937-05-01,1937-06-01,ME1 BM4,-9.7306
1937-05-01,1937-06-01,SMALL HiBM,-13.8843
1937-05-01,1937-06-01,ME2 BM1,-9.7548
1937-05-01,1937-06-01,ME2 BM2,-7.5686
1937-05-01,1937-06-01,ME2 BM3,-5.3844
1937-05-01,1937-06-01,ME2 BM4,-7.7759
1937-05-01,1937-06-01,ME2 BM5,-15.0459
1937-05-01,1937-06-01,ME3 BM1,-5.8739
1937-05-01,1937-06-01,ME3 BM2,-6.7361
1937-05-01,1937-06-01,ME3 BM3,-5.7578
1937-05-01,1937-06-01,ME3 BM4,-7.344
1937-05-01,1937-06-01,ME3 BM5,-8.5314
1937-05-01,1937-06-01,ME4 BM1,-3.8011
1937-05-01,1937-06-01,ME4 BM2,-6.1
1937-05-01,1937-06-01,ME4 BM3,-5.1475
1937-05-01,1937-06-01,ME4 BM4,-6.5091
1937-05-01,1937-06-01,ME4 BM5,-11.0859
1937-05-01,1937-06-01,BIG LoBM,-4.465
1937-05-01,1937-06-01,ME5 BM2,-1.8161
1937-05-01,1937-06-01,ME5 BM3,-2.198
1937-05-01,1937-06-01,ME5 BM4,-4.491
1937-05-01,1937-06-01,BIG HiBM,-7.7081
1937-06-01,1937-07-01,SMALL LoBM,13.7978
1937-06-01,1937-07-01,ME1 BM2,11.6345
1937-06-01,1937-07-01,ME1 BM3,13.5344
1937-06-01,1937-07-01,ME1 BM4,11.6375
1937-06-01,1937-07-01,SMALL HiBM,11.0994
1937-06-01,1937-07-01,ME2 BM1,12.0456
1937-06-01,1937-07-01,ME2 BM2,11.7976
1937-06-01,1937-07-01,ME2 BM3,9.0244
1937-06-01,1937-07-01,ME2 BM4,9.387
1937-06-01,1937-07-01,ME2 BM5,9.3108
1937-06-01,1937-07-01,ME3 BM1,8.7974
1937-06-01,1937-07-01,ME3 BM2,11.9029
1937-06-01,1937-07-01,ME3 BM3,6.6694
1937-06-01,1937-07-01,ME3 BM4,7.4964
1937-06-01,1937-07-01,ME3 BM5,10.1481
1937-06-01,1937-07-01,ME4 BM1,7.5642
1937-06-01,1937-07-01,ME4 BM2,9.0949
1937-06-01,1937-07-01,ME4 BM3,7.3726
1937-06-01,1937-07-01,ME4 BM4,10.1653
1937-06-01,1937-07-01,ME4 BM5,8.0451
1937-06-01,1937-07-01,BIG LoBM,8.6965
1937-06-01,1937-07-01,ME5 BM2,10.7639
1937-06-01,1937-07-01,ME5 BM3,6.9926
1937-06-01,1937-07-01,ME5 BM4,10.6778
1937-06-01,1937-07-01,BIG HiBM,11.1867
1937-07-01,1937-08-01,SMALL LoBM,-4.8165
1937-07-01,1937-08-01,ME1 BM2,-9.3757
1937-07-01,1937-08-01,ME1 BM3,-10.2612
1937-07-01,1937-08-01,ME1 BM4,-5.1261
1937-07-01,1937-08-01,SMALL HiBM,-6.4604
1937-07-01,1937-08-01,ME2 BM1,-7.6675
1937-07-01,1937-08-01,ME2 BM2,-5.4966
1937-07-01,1937-08-01,ME2 BM3,-3.6732
1937-07-01,1937-08-01,ME2 BM4,-5.5913
1937-07-01,1937-08-01,ME2 BM5,-3.413
1937-07-01,1937-08-01,ME3 BM1,-3.1503
1937-07-01,1937-08-01,ME3 BM2,-5.7166
1937-07-01,1937-08-01,ME3 BM3,-5.2759
1937-07-01,1937-08-01,ME3 BM4,-3.679
1937-07-01,1937-08-01,ME3 BM5,-7.0549
1937-07-01,1937-08-01,ME4 BM1,-4.2057
1937-07-01,1937-08-01,ME4 BM2,-3.4589
1937-07-01,1937-08-01,ME4 BM3,-3.9307
1937-07-01,1937-08-01,ME4 BM4,-5.6736
1937-07-01,1937-08-01,ME4 BM5,-7.8428
1937-07-01,1937-08-01,BIG LoBM,-3.0279
1937-07-01,1937-08-01,ME5 BM2,-6.7028
1937-07-01,1937-08-01,ME5 BM3,-5.0775
1937-07-01,1937-08-01,ME5 BM4,-6.0734
1937-07-01,1937-08-01,BIG HiBM,-8.1095
1937-08-01,1937-09-01,SMALL LoBM,-22.7982
1937-08-01,1937-09-01,ME1 BM2,-28.9738
1937-08-01,1937-09-01,ME1 BM3,-22.6759
1937-08-01,1937-09-01,ME1 BM4,-22.0782
1937-08-01,1937-09-01,SMALL HiBM,-23.247
1937-08-01,1937-09-01,ME2 BM1,-24.0349
1937-08-01,1937-09-01,ME2 BM2,-20.7363
1937-08-01,1937-09-01,ME2 BM3,-20.9908
1937-08-01,1937-09-01,ME2 BM4,-21.0118
1937-08-01,1937-09-01,ME2 BM5,-24.0651
1937-08-01,1937-09-01,ME3 BM1,-20.795
1937-08-01,1937-09-01,ME3 BM2,-20.0387
1937-08-01,1937-09-01,ME3 BM3,-19.971
1937-08-01,1937-09-01,ME3 BM4,-17.2773
1937-08-01,1937-09-01,ME3 BM5,-25.4757
1937-08-01,1937-09-01,ME4 BM1,-17.3747
1937-08-01,1937-09-01,ME4 BM2,-17.4224
1937-08-01,1937-09-01,ME4 BM3,-14.9869
1937-08-01,1937-09-01,ME4 BM4,-19.3498
1937-08-01,1937-09-01,ME4 BM5,-22.2667
1937-08-01,1937-09-01,BIG LoBM,-11.3049
1937-08-01,1937-09-01,ME5 BM2,-14.9407
1937-08-01,1937-09-01,ME5 BM3,-9.3971
1937-08-01,1937-09-01,ME5 BM4,-15.7537
1937-08-01,1937-09-01,BIG HiBM,-20.2339
1937-09-01,1937-10-01,SMALL LoBM,-7.5182
1937-09-01,1937-10-01,ME1 BM2,-8.4668
1937-09-01,1937-10-01,ME1 BM3,-9.6937
1937-09-01,1937-10-01,ME1 BM4,-8.4935
1937-09-01,1937-10-01,SMALL HiBM,-8.0173
1937-09-01,1937-10-01,ME2 BM1,-10.8655
1937-09-01,1937-10-01,ME2 BM2,-10.0967
1937-09-01,1937-10-01,ME2 BM3,-8.1213
1937-09-01,1937-10-01,ME2 BM4,-12.0518
1937-09-01,1937-10-01,ME2 BM5,-12.8593
1937-09-01,1937-10-01,ME3 BM1,-12.6253
1937-09-01,1937-10-01,ME3 BM2,-9.7541
1937-09-01,1937-10-01,ME3 BM3,-11.7802
1937-09-01,1937-10-01,ME3 BM4,-8.5398
1937-09-01,1937-10-01,ME3 BM5,-12.1799
1937-09-01,1937-10-01,ME4 BM1,-6.8482
1937-09-01,1937-10-01,ME4 BM2,-10.4383
1937-09-01,1937-10-01,ME4 BM3,-8.8779
1937-09-01,1937-10-01,ME4 BM4,-9.6408
1937-09-01,1937-10-01,ME4 BM5,-12.1064
1937-09-01,1937-10-01,BIG LoBM,-10.3541
1937-09-01,1937-10-01,ME5 BM2,-9.0596
1937-09-01,1937-10-01,ME5 BM3,-6.6047
1937-09-01,1937-10-01,ME5 BM4,-10.0012
1937-09-01,1937-10-01,BIG HiBM,-17.6606
1937-10-01,1937-11-01,SMALL LoBM,-1.5011
1937-10-01,1937-11-01,ME1 BM2,-12.4625
1937-10-01,1937-11-01,ME1 BM3,-14.5539
1937-10-01,1937-11-01,ME1 BM4,-13.4743
1937-10-01,1937-11-01,SMALL HiBM,-16.4833
1937-10-01,1937-11-01,ME2 BM1,-10.9144
1937-10-01,1937-11-01,ME2 BM2,-13.5239
1937-10-01,1937-11-01,ME2 BM3,-12.0367
1937-10-01,1937-11-01,ME2 BM4,-10.587
1937-10-01,1937-11-01,ME2 BM5,-10.1101
1937-10-01,1937-11-01,ME3 BM1,-9.8497
1937-10-01,1937-11-01,ME3 BM2,-12.5113
1937-10-01,1937-11-01,ME3 BM3,-7.6582
1937-10-01,1937-11-01,ME3 BM4,-9.4858
1937-10-01,1937-11-01,ME3 BM5,-11.0593
1937-10-01,1937-11-01,ME4 BM1,-7.9927
1937-10-01,1937-11-01,ME4 BM2,-9.6309
1937-10-01,1937-11-01,ME4 BM3,-11.3518
1937-10-01,1937-11-01,ME4 BM4,-13.0907
1937-10-01,1937-11-01,ME4 BM5,-8.7583
1937-10-01,1937-11-01,BIG LoBM,-8.8722
1937-10-01,1937-11-01,ME5 BM2,-8.7527
1937-10-01,1937-11-01,ME5 BM3,-7.1296
1937-10-01,1937-11-01,ME5 BM4,-5.7367
1937-10-01,1937-11-01,BIG HiBM,-8.6894
1937-11-01,1937-12-01,SMALL LoBM,-19.0502
1937-11-01,1937-12-01,ME1 BM2,-20.1643
1937-11-01,1937-12-01,ME1 BM3,-20.0695
1937-11-01,1937-12-01,ME1 BM4,-11.2762
1937-11-01,1937-12-01,SMALL HiBM,-12.6549
1937-11-01,1937-12-01,ME2 BM1,-14.4226
1937-11-01,1937-12-01,ME2 BM2,-14.7667
1937-11-01,1937-12-01,ME2 BM3,-11.1235
1937-11-01,1937-12-01,ME2 BM4,-10.5045
1937-11-01,1937-12-01,ME2 BM5,-15.5631
1937-11-01,1937-12-01,ME3 BM1,-12.3737
1937-11-01,1937-12-01,ME3 BM2,-12.8512
1937-11-01,1937-12-01,ME3 BM3,-10.6587
1937-11-01,1937-12-01,ME3 BM4,-7.4766
1937-11-01,1937-12-01,ME3 BM5,-16.1913
1937-11-01,1937-12-01,ME4 BM1,-0.4347
1937-11-01,1937-12-01,ME4 BM2,-6.661
1937-11-01,1937-12-01,ME4 BM3,-10.0486
1937-11-01,1937-12-01,ME4 BM4,-10.3404
1937-11-01,1937-12-01,ME4 BM5,-11.8349
1937-11-01,1937-12-01,BIG LoBM,-3.734
1937-11-01,1937-12-01,ME5 BM2,-4.1861
1937-11-01,1937-12-01,ME5 BM3,-1.3648
1937-11-01,1937-12-01,ME5 BM4,-5.4093
1937-11-01,1937-12-01,BIG HiBM,-4.9867
1937-12-01,1938-01-01,SMALL LoBM,8.6566
1937-12-01,1938-01-01,ME1 BM2,6.6294
1937-12-01,1938-01-01,ME1 BM3,14.4855
1937-12-01,1938-01-01,ME1 BM4,6.0579
1937-12-01,1938-01-01,SMALL HiBM,5.4249
1937-12-01,1938-01-01,ME2 BM1,4.1597
1937-12-01,1938-01-01,ME2 BM2,7.3498
1937-12-01,1938-01-01,ME2 BM3,2.369
1937-12-01,1938-01-01,ME2 BM4,5.4753
1937-12-01,1938-01-01,ME2 BM5,5.482
1937-12-01,1938-01-01,ME3 BM1,2.906
1937-12-01,1938-01-01,ME3 BM2,7.4211
1937-12-01,1938-01-01,ME3 BM3,6.2211
1937-12-01,1938-01-01,ME3 BM4,4.5597
1937-12-01,1938-01-01,ME3 BM5,0.3634
1937-12-01,1938-01-01,ME4 BM1,2.4236
1937-12-01,1938-01-01,ME4 BM2,0.97
1937-12-01,1938-01-01,ME4 BM3,4.9957
1937-12-01,1938-01-01,ME4 BM4,3.8984
1937-12-01,1938-01-01,ME4 BM5,-0.3844
1937-12-01,1938-01-01,BIG LoBM,1.5059
1937-12-01,1938-01-01,ME5 BM2,0.0186
1937-12-01,1938-01-01,ME5 BM3,-1.398
1937-12-01,1938-01-01,ME5 BM4,-0.1407
1937-12-01,1938-01-01,BIG HiBM,-2.1417
1938-01-01,1938-02-01,SMALL LoBM,4.097
1938-01-01,1938-02-01,ME1 BM2,2.1121
1938-01-01,1938-02-01,ME1 BM3,3.2049
1938-01-01,1938-02-01,ME1 BM4,4.368
1938-01-01,1938-02-01,SMALL HiBM,0.0174
1938-01-01,1938-02-01,ME2 BM1,11.7148
1938-01-01,1938-02-01,ME2 BM2,7.2493
1938-01-01,1938-02-01,ME2 BM3,5.6016
1938-01-01,1938-02-01,ME2 BM4,4.7087
1938-01-01,1938-02-01,ME2 BM5,7.2754
1938-01-01,1938-02-01,ME3 BM1,8.4768
1938-01-01,1938-02-01,ME3 BM2,6.3936
1938-01-01,1938-02-01,ME3 BM3,6.5341
1938-01-01,1938-02-01,ME3 BM4,3.9981
1938-01-01,1938-02-01,ME3 BM5,7.1881
1938-01-01,1938-02-01,ME4 BM1,4.4483
1938-01-01,1938-02-01,ME4 BM2,7.3076
1938-01-01,1938-02-01,ME4 BM3,6.2392
1938-01-01,1938-02-01,ME4 BM4,5.2573
1938-01-01,1938-02-01,ME4 BM5,4.8596
1938-01-01,1938-02-01,BIG LoBM,6.1501
1938-01-01,1938-02-01,ME5 BM2,7.54
1938-01-01,1938-02-01,ME5 BM3,4.4235
1938-01-01,1938-02-01,ME5 BM4,6.5803
1938-01-01,1938-02-01,BIG HiBM,6.0847
1938-02-01,1938-03-01,SMALL LoBM,-25.4108
1938-02-01,1938-03-01,ME1 BM2,-33.1334
1938-02-01,1938-03-01,ME1 BM3,-33.5205
1938-02-01,1938-03-01,ME1 BM4,-33.4568
1938-02-01,1938-03-01,SMALL HiBM,-31.5563
1938-02-01,1938-03-01,ME2 BM1,-30.8212
1938-02-01,1938-03-01,ME2 BM2,-32.177
1938-02-01,1938-03-01,ME2 BM3,-26.6226
1938-02-01,1938-03-01,ME2 BM4,-28.0111
1938-02-01,1938-03-01,ME2 BM5,-30.5768
1938-02-01,1938-03-01,ME3 BM1,-28.9251
1938-02-01,1938-03-01,ME3 BM2,-28.6154
1938-02-01,1938-03-01,ME3 BM3,-26.3453
1938-02-01,1938-03-01,ME3 BM4,-22.2498
1938-02-01,1938-03-01,ME3 BM5,-35.8616
1938-02-01,1938-03-01,ME4 BM1,-23.0741
1938-02-01,1938-03-01,ME4 BM2,-24.8217
1938-02-01,1938-03-01,ME4 BM3,-23.3267
1938-02-01,1938-03-01,ME4 BM4,-30.162
1938-02-01,1938-03-01,ME4 BM5,-36.0362
1938-02-01,1938-03-01,BIG LoBM,-23.2782
1938-02-01,1938-03-01,ME5 BM2,-23.7272
1938-02-01,1938-03-01,ME5 BM3,-21.7063
1938-02-01,1938-03-01,ME5 BM4,-25.5248
1938-02-01,1938-03-01,BIG HiBM,-32.6531
1938-03-01,1938-04-01,SMALL LoBM,21.5189
1938-03-01,1938-04-01,ME1 BM2,28.6753
1938-03-01,1938-04-01,ME1 BM3,22.7423
1938-03-01,1938-04-01,ME1 BM4,23.7924
1938-03-01,1938-04-01,SMALL HiBM,20.5399
1938-03-01,1938-04-01,ME2 BM1,20.6783
1938-03-01,1938-04-01,ME2 BM2,21.2861
1938-03-01,1938-04-01,ME2 BM3,18.3721
1938-03-01,1938-04-01,ME2 BM4,20.4476
1938-03-01,1938-04-01,ME2 BM5,20.7684
1938-03-01,1938-04-01,ME3 BM1,22.1244
1938-03-01,1938-04-01,ME3 BM2,19.5311
1938-03-01,1938-04-01,ME3 BM3,18.0935
1938-03-01,1938-04-01,ME3 BM4,11.8891
1938-03-01,1938-04-01,ME3 BM5,25.979
1938-03-01,1938-04-01,ME4 BM1,18.3842
1938-03-01,1938-04-01,ME4 BM2,15.1115
1938-03-01,1938-04-01,ME4 BM3,15.9576
1938-03-01,1938-04-01,ME4 BM4,21.2188
1938-03-01,1938-04-01,ME4 BM5,17.0661
1938-03-01,1938-04-01,BIG LoBM,12.8892
1938-03-01,1938-04-01,ME5 BM2,14.9362
1938-03-01,1938-04-01,ME5 BM3,14.0911
1938-03-01,1938-04-01,ME5 BM4,17.361
1938-03-01,1938-04-01,BIG HiBM,11.2414
1938-04-01,1938-05-01,SMALL LoBM,-11.3309
1938-04-01,1938-05-01,ME1 BM2,-13.7358
1938-04-01,1938-05-01,ME1 BM3,-9.1648
1938-04-01,1938-05-01,ME1 BM4,-6.3436
1938-04-01,1938-05-01,SMALL HiBM,-5.7677
1938-04-01,1938-05-01,ME2 BM1,-11.5069
1938-04-01,1938-05-01,ME2 BM2,-7.4235
1938-04-01,1938-05-01,ME2 BM3,-6.414
1938-04-01,1938-05-01,ME2 BM4,-5.9244
1938-04-01,1938-05-01,ME2 BM5,-8.7078
1938-04-01,1938-05-01,ME3 BM1,-9.0786
1938-04-01,1938-05-01,ME3 BM2,-4.518
1938-04-01,1938-05-01,ME3 BM3,-6.4503
1938-04-01,1938-05-01,ME3 BM4,-4.7433
1938-04-01,1938-05-01,ME3 BM5,-4.5776
1938-04-01,1938-05-01,ME4 BM1,-4.5819
1938-04-01,1938-05-01,ME4 BM2,-3.558
1938-04-01,1938-05-01,ME4 BM3,-3.4992
1938-04-01,1938-05-01,ME4 BM4,-8.683
1938-04-01,1938-05-01,ME4 BM5,-10.975
1938-04-01,1938-05-01,BIG LoBM,-3.2811
1938-04-01,1938-05-01,ME5 BM2,-5.7586
1938-04-01,1938-05-01,ME5 BM3,-2.0053
1938-04-01,1938-05-01,ME5 BM4,-6.3274
1938-04-01,1938-05-01,BIG HiBM,-4.3041
1938-05-01,1938-06-01,SMALL LoBM,30.8849
1938-05-01,1938-06-01,ME1 BM2,39.6314
1938-05-01,1938-06-01,ME1 BM3,37.0905
1938-05-01,1938-06-01,ME1 BM4,31.7531
1938-05-01,1938-06-01,SMALL HiBM,26.4706
1938-05-01,1938-06-01,ME2 BM1,35.1501
1938-05-01,1938-06-01,ME2 BM2,28.5227
1938-05-01,1938-06-01,ME2 BM3,29.9122
1938-05-01,1938-06-01,ME2 BM4,26.663
1938-05-01,1938-06-01,ME2 BM5,29.9553
1938-05-01,1938-06-01,ME3 BM1,34.5622
1938-05-01,1938-06-01,ME3 BM2,29.8191
1938-05-01,1938-06-01,ME3 BM3,28.7813
1938-05-01,1938-06-01,ME3 BM4,21.6224
1938-05-01,1938-06-01,ME3 BM5,33.331
1938-05-01,1938-06-01,ME4 BM1,21.8077
1938-05-01,1938-06-01,ME4 BM2,25.9765
1938-05-01,1938-06-01,ME4 BM3,25.3651
1938-05-01,1938-06-01,ME4 BM4,27.6954
1938-05-01,1938-06-01,ME4 BM5,37.7564
1938-05-01,1938-06-01,BIG LoBM,25.7197
1938-05-01,1938-06-01,ME5 BM2,27.1014
1938-05-01,1938-06-01,ME5 BM3,18.1652
1938-05-01,1938-06-01,ME5 BM4,23.5878
1938-05-01,1938-06-01,BIG HiBM,33.0816
1938-06-01,1938-07-01,SMALL LoBM,22.3467
1938-06-01,1938-07-01,ME1 BM2,3.5011
1938-06-01,1938-07-01,ME1 BM3,27.3537
1938-06-01,1938-07-01,ME1 BM4,15.2111
1938-06-01,1938-07-01,SMALL HiBM,16.0892
1938-06-01,1938-07-01,ME2 BM1,9.4139
1938-06-01,1938-07-01,ME2 BM2,16.0704
1938-06-01,1938-07-01,ME2 BM3,16.4035
1938-06-01,1938-07-01,ME2 BM4,14.2569
1938-06-01,1938-07-01,ME2 BM5,13.6416
1938-06-01,1938-07-01,ME3 BM1,15.0
1938-06-01,1938-07-01,ME3 BM2,12.8562
1938-06-01,1938-07-01,ME3 BM3,9.2846
1938-06-01,1938-07-01,ME3 BM4,10.2821
1938-06-01,1938-07-01,ME3 BM5,14.512
1938-06-01,1938-07-01,ME4 BM1,9.0904
1938-06-01,1938-07-01,ME4 BM2,12.9624
1938-06-01,1938-07-01,ME4 BM3,14.4219
1938-06-01,1938-07-01,ME4 BM4,11.9237
1938-06-01,1938-07-01,ME4 BM5,15.8009
1938-06-01,1938-07-01,BIG LoBM,7.836
1938-06-01,1938-07-01,ME5 BM2,4.7089
1938-06-01,1938-07-01,ME5 BM3,5.5053
1938-06-01,1938-07-01,ME5 BM4,5.3945
1938-06-01,1938-07-01,BIG HiBM,11.2485
1938-07-01,1938-08-01,SMALL LoBM,-9.1333
1938-07-01,1938-08-01,ME1 BM2,-16.6124
1938-07-01,1938-08-01,ME1 BM3,-1.6279
1938-07-01,1938-08-01,ME1 BM4,-7.5066
1938-07-01,1938-08-01,SMALL HiBM,-12.9165
1938-07-01,1938-08-01,ME2 BM1,-2.199
1938-07-01,1938-08-01,ME2 BM2,-4.3567
1938-07-01,1938-08-01,ME2 BM3,-6.3737
1938-07-01,1938-08-01,ME2 BM4,-5.5513
1938-07-01,1938-08-01,ME2 BM5,-10.2764
1938-07-01,1938-08-01,ME3 BM1,-3.9121
1938-07-01,1938-08-01,ME3 BM2,-4.37
1938-07-01,1938-08-01,ME3 BM3,-3.5523
1938-07-01,1938-08-01,ME3 BM4,-6.0147
1938-07-01,1938-08-01,ME3 BM5,-10.3429
1938-07-01,1938-08-01,ME4 BM1,-3.9073
1938-07-01,1938-08-01,ME4 BM2,-2.5524
1938-07-01,1938-08-01,ME4 BM3,-5.1516
1938-07-01,1938-08-01,ME4 BM4,-6.4522
1938-07-01,1938-08-01,ME4 BM5,-7.1343
1938-07-01,1938-08-01,BIG LoBM,0.3785
1938-07-01,1938-08-01,ME5 BM2,-3.7648
1938-07-01,1938-08-01,ME5 BM3,-5.7036
1938-07-01,1938-08-01,ME5 BM4,-3.9988
1938-07-01,1938-08-01,BIG HiBM,-7.4559
1938-08-01,1938-09-01,SMALL LoBM,-6.5881
1938-08-01,1938-09-01,ME1 BM2,0.8414
1938-08-01,1938-09-01,ME1 BM3,-6.7376
1938-08-01,1938-09-01,ME1 BM4,-2.9113
1938-08-01,1938-09-01,SMALL HiBM,-3.5736
1938-08-01,1938-09-01,ME2 BM1,1.4002
1938-08-01,1938-09-01,ME2 BM2,-4.4608
1938-08-01,1938-09-01,ME2 BM3,-2.0558
1938-08-01,1938-09-01,ME2 BM4,-1.6695
1938-08-01,1938-09-01,ME2 BM5,-1.9817
1938-08-01,1938-09-01,ME3 BM1,-1.3714
1938-08-01,1938-09-01,ME3 BM2,-0.8175
1938-08-01,1938-09-01,ME3 BM3,-2.6126
1938-08-01,1938-09-01,ME3 BM4,-1.5902
1938-08-01,1938-09-01,ME3 BM5,-3.0473
1938-08-01,1938-09-01,ME4 BM1,-0.2908
1938-08-01,1938-09-01,ME4 BM2,-0.1406
1938-08-01,1938-09-01,ME4 BM3,-1.7002
1938-08-01,1938-09-01,ME4 BM4,-1.9752
1938-08-01,1938-09-01,ME4 BM5,-3.6548
1938-08-01,1938-09-01,BIG LoBM,1.3393
1938-08-01,1938-09-01,ME5 BM2,1.759
1938-08-01,1938-09-01,ME5 BM3,0.7332
1938-08-01,1938-09-01,ME5 BM4,1.0998
1938-08-01,1938-09-01,BIG HiBM,-2.3083
1938-09-01,1938-10-01,SMALL LoBM,10.0691
1938-09-01,1938-10-01,ME1 BM2,3.8137
1938-09-01,1938-10-01,ME1 BM3,19.2539
1938-09-01,1938-10-01,ME1 BM4,16.6569
1938-09-01,1938-10-01,SMALL HiBM,14.497
1938-09-01,1938-10-01,ME2 BM1,14.1883
1938-09-01,1938-10-01,ME2 BM2,20.4644
1938-09-01,1938-10-01,ME2 BM3,11.9029
1938-09-01,1938-10-01,ME2 BM4,15.1874
1938-09-01,1938-10-01,ME2 BM5,21.6455
1938-09-01,1938-10-01,ME3 BM1,12.6048
1938-09-01,1938-10-01,ME3 BM2,14.3715
1938-09-01,1938-10-01,ME3 BM3,10.5
1938-09-01,1938-10-01,ME3 BM4,13.2573
1938-09-01,1938-10-01,ME3 BM5,22.2932
1938-09-01,1938-10-01,ME4 BM1,12.4918
1938-09-01,1938-10-01,ME4 BM2,11.0851
1938-09-01,1938-10-01,ME4 BM3,9.427
1938-09-01,1938-10-01,ME4 BM4,13.9577
1938-09-01,1938-10-01,ME4 BM5,21.2297
1938-09-01,1938-10-01,BIG LoBM,6.7534
1938-09-01,1938-10-01,ME5 BM2,4.9023
1938-09-01,1938-10-01,ME5 BM3,5.8632
1938-09-01,1938-10-01,ME5 BM4,12.8504
1938-09-01,1938-10-01,BIG HiBM,17.5364
1938-10-01,1938-11-01,SMALL LoBM,-6.9134
1938-10-01,1938-11-01,ME1 BM2,-6.8885
1938-10-01,1938-11-01,ME1 BM3,-10.7269
1938-10-01,1938-11-01,ME1 BM4,-0.8809
1938-10-01,1938-11-01,SMALL HiBM,-6.7059
1938-10-01,1938-11-01,ME2 BM1,-6.6896
1938-10-01,1938-11-01,ME2 BM2,-6.9499
1938-10-01,1938-11-01,ME2 BM3,-2.528
1938-10-01,1938-11-01,ME2 BM4,-4.197
1938-10-01,1938-11-01,ME2 BM5,-6.1536
1938-10-01,1938-11-01,ME3 BM1,-2.5044
1938-10-01,1938-11-01,ME3 BM2,-0.8341
1938-10-01,1938-11-01,ME3 BM3,0.0589
1938-10-01,1938-11-01,ME3 BM4,-4.0546
1938-10-01,1938-11-01,ME3 BM5,-8.226
1938-10-01,1938-11-01,ME4 BM1,0.574
1938-10-01,1938-11-01,ME4 BM2,-0.8273
1938-10-01,1938-11-01,ME4 BM3,-3.7082
1938-10-01,1938-11-01,ME4 BM4,-3.007
1938-10-01,1938-11-01,ME4 BM5,-2.6973
1938-10-01,1938-11-01,BIG LoBM,-1.6734
1938-10-01,1938-11-01,ME5 BM2,-0.3739
1938-10-01,1938-11-01,ME5 BM3,-3.1439
1938-10-01,1938-11-01,ME5 BM4,-2.8097
1938-10-01,1938-11-01,BIG HiBM,-2.7116
1938-11-01,1938-12-01,SMALL LoBM,4.7146
1938-11-01,1938-12-01,ME1 BM2,3.4527
1938-11-01,1938-12-01,ME1 BM3,-2.0039
1938-11-01,1938-12-01,ME1 BM4,-1.6662
1938-11-01,1938-12-01,SMALL HiBM,-3.0555
1938-11-01,1938-12-01,ME2 BM1,12.0658
1938-11-01,1938-12-01,ME2 BM2,4.8026
1938-11-01,1938-12-01,ME2 BM3,5.563
1938-11-01,1938-12-01,ME2 BM4,0.1546
1938-11-01,1938-12-01,ME2 BM5,3.9573
1938-11-01,1938-12-01,ME3 BM1,3.4704
1938-11-01,1938-12-01,ME3 BM2,8.8146
1938-11-01,1938-12-01,ME3 BM3,3.696
1938-11-01,1938-12-01,ME3 BM4,5.0836
1938-11-01,1938-12-01,ME3 BM5,4.898
1938-11-01,1938-12-01,ME4 BM1,4.9177
1938-11-01,1938-12-01,ME4 BM2,2.2993
1938-11-01,1938-12-01,ME4 BM3,7.2085
1938-11-01,1938-12-01,ME4 BM4,2.6134
1938-11-01,1938-12-01,ME4 BM5,12.3522
1938-11-01,1938-12-01,BIG LoBM,3.3156
1938-11-01,1938-12-01,ME5 BM2,4.0899
1938-11-01,1938-12-01,ME5 BM3,3.0087
1938-11-01,1938-12-01,ME5 BM4,4.752
1938-11-01,1938-12-01,BIG HiBM,12.805
1938-12-01,1939-01-01,SMALL LoBM,-9.2646
1938-12-01,1939-01-01,ME1 BM2,-0.2981
1938-12-01,1939-01-01,ME1 BM3,-9.0826
1938-12-01,1939-01-01,ME1 BM4,-8.2207
1938-12-01,1939-01-01,SMALL HiBM,-8.098
1938-12-01,1939-01-01,ME2 BM1,-3.5947
1938-12-01,1939-01-01,ME2 BM2,-9.8167
1938-12-01,1939-01-01,ME2 BM3,-8.7106
1938-12-01,1939-01-01,ME2 BM4,-7.91
1938-12-01,1939-01-01,ME2 BM5,-13.1599
1938-12-01,1939-01-01,ME3 BM1,-8.4039
1938-12-01,1939-01-01,ME3 BM2,-8.7537
1938-12-01,1939-01-01,ME3 BM3,-8.952
1938-12-01,1939-01-01,ME3 BM4,-7.905
1938-12-01,1939-01-01,ME3 BM5,-10.2876
1938-12-01,1939-01-01,ME4 BM1,-7.3778
1938-12-01,1939-01-01,ME4 BM2,-7.966
1938-12-01,1939-01-01,ME4 BM3,-9.2318
1938-12-01,1939-01-01,ME4 BM4,-3.5447
1938-12-01,1939-01-01,ME4 BM5,-12.444
1938-12-01,1939-01-01,BIG LoBM,-5.9143
1938-12-01,1939-01-01,ME5 BM2,-4.298
1938-12-01,1939-01-01,ME5 BM3,-4.3258
1938-12-01,1939-01-01,ME5 BM4,-8.7689
1938-12-01,1939-01-01,BIG HiBM,-13.0243
1939-01-01,1939-02-01,SMALL LoBM,1.3477
1939-01-01,1939-02-01,ME1 BM2,-0.6874
1939-01-01,1939-02-01,ME1 BM3,3.8077
1939-01-01,1939-02-01,ME1 BM4,1.3332
1939-01-01,1939-02-01,SMALL HiBM,6.4705
1939-01-01,1939-02-01,ME2 BM1,-0.1983
1939-01-01,1939-02-01,ME2 BM2,3.3702
1939-01-01,1939-02-01,ME2 BM3,4.3682
1939-01-01,1939-02-01,ME2 BM4,4.2399
1939-01-01,1939-02-01,ME2 BM5,6.999
1939-01-01,1939-02-01,ME3 BM1,3.3178
1939-01-01,1939-02-01,ME3 BM2,8.2826
1939-01-01,1939-02-01,ME3 BM3,5.0106
1939-01-01,1939-02-01,ME3 BM4,5.8557
1939-01-01,1939-02-01,ME3 BM5,8.2846
1939-01-01,1939-02-01,ME4 BM1,4.9566
1939-01-01,1939-02-01,ME4 BM2,4.8714
1939-01-01,1939-02-01,ME4 BM3,2.4727
1939-01-01,1939-02-01,ME4 BM4,3.5286
1939-01-01,1939-02-01,ME4 BM5,4.6672
1939-01-01,1939-02-01,BIG LoBM,2.8327
1939-01-01,1939-02-01,ME5 BM2,3.0669
1939-01-01,1939-02-01,ME5 BM3,3.7963
1939-01-01,1939-02-01,ME5 BM4,6.7992
1939-01-01,1939-02-01,BIG HiBM,8.3546
1939-02-01,1939-03-01,SMALL LoBM,-29.581
1939-02-01,1939-03-01,ME1 BM2,-22.4798
1939-02-01,1939-03-01,ME1 BM3,-22.1009
1939-02-01,1939-03-01,ME1 BM4,-20.4211
1939-02-01,1939-03-01,SMALL HiBM,-20.8077
1939-02-01,1939-03-01,ME2 BM1,-20.3734
1939-02-01,1939-03-01,ME2 BM2,-19.2987
1939-02-01,1939-03-01,ME2 BM3,-16.5446
1939-02-01,1939-03-01,ME2 BM4,-19.1937
1939-02-01,1939-03-01,ME2 BM5,-25.829
1939-02-01,1939-03-01,ME3 BM1,-18.0895
1939-02-01,1939-03-01,ME3 BM2,-17.2904
1939-02-01,1939-03-01,ME3 BM3,-16.6693
1939-02-01,1939-03-01,ME3 BM4,-18.0831
1939-02-01,1939-03-01,ME3 BM5,-24.2334
1939-02-01,1939-03-01,ME4 BM1,-11.4772
1939-02-01,1939-03-01,ME4 BM2,-17.6102
1939-02-01,1939-03-01,ME4 BM3,-20.7211
1939-02-01,1939-03-01,ME4 BM4,-16.5403
1939-02-01,1939-03-01,ME4 BM5,-28.5366
1939-02-01,1939-03-01,BIG LoBM,-10.86
1939-02-01,1939-03-01,ME5 BM2,-7.9621
1939-02-01,1939-03-01,ME5 BM3,-11.468
1939-02-01,1939-03-01,ME5 BM4,-18.5194
1939-02-01,1939-03-01,BIG HiBM,-24.5218
1939-03-01,1939-04-01,SMALL LoBM,4.5451
1939-03-01,1939-04-01,ME1 BM2,-2.6785
1939-03-01,1939-04-01,ME1 BM3,2.1867
1939-03-01,1939-04-01,ME1 BM4,0.1911
1939-03-01,1939-04-01,SMALL HiBM,3.7154
1939-03-01,1939-04-01,ME2 BM1,-1.4235
1939-03-01,1939-04-01,ME2 BM2,-0.8516
1939-03-01,1939-04-01,ME2 BM3,1.5461
1939-03-01,1939-04-01,ME2 BM4,1.3874
1939-03-01,1939-04-01,ME2 BM5,3.5578
1939-03-01,1939-04-01,ME3 BM1,1.5334
1939-03-01,1939-04-01,ME3 BM2,0.2458
1939-03-01,1939-04-01,ME3 BM3,-2.4216
1939-03-01,1939-04-01,ME3 BM4,-2.1144
1939-03-01,1939-04-01,ME3 BM5,3.579
1939-03-01,1939-04-01,ME4 BM1,-1.0473
1939-03-01,1939-04-01,ME4 BM2,0.1448
1939-03-01,1939-04-01,ME4 BM3,0.2103
1939-03-01,1939-04-01,ME4 BM4,0.4281
1939-03-01,1939-04-01,ME4 BM5,1.6089
1939-03-01,1939-04-01,BIG LoBM,-0.4708
1939-03-01,1939-04-01,ME5 BM2,0.4669
1939-03-01,1939-04-01,ME5 BM3,-0.1158
1939-03-01,1939-04-01,ME5 BM4,-2.4731
1939-03-01,1939-04-01,BIG HiBM,-3.7457
1939-04-01,1939-05-01,SMALL LoBM,6.1703
1939-04-01,1939-05-01,ME1 BM2,3.8691
1939-04-01,1939-05-01,ME1 BM3,8.0666
1939-04-01,1939-05-01,ME1 BM4,7.5497
1939-04-01,1939-05-01,SMALL HiBM,7.2854
1939-04-01,1939-05-01,ME2 BM1,7.0642
1939-04-01,1939-05-01,ME2 BM2,11.5149
1939-04-01,1939-05-01,ME2 BM3,8.0874
1939-04-01,1939-05-01,ME2 BM4,9.1631
1939-04-01,1939-05-01,ME2 BM5,11.0943
1939-04-01,1939-05-01,ME3 BM1,10.4021
1939-04-01,1939-05-01,ME3 BM2,11.1305
1939-04-01,1939-05-01,ME3 BM3,11.043
1939-04-01,1939-05-01,ME3 BM4,8.7753
1939-04-01,1939-05-01,ME3 BM5,11.572
1939-04-01,1939-05-01,ME4 BM1,8.1204
1939-04-01,1939-05-01,ME4 BM2,7.877
1939-04-01,1939-05-01,ME4 BM3,10.1291
1939-04-01,1939-05-01,ME4 BM4,10.3186
1939-04-01,1939-05-01,ME4 BM5,9.8822
1939-04-01,1939-05-01,BIG LoBM,6.96
1939-04-01,1939-05-01,ME5 BM2,5.9158
1939-04-01,1939-05-01,ME5 BM3,4.08
1939-04-01,1939-05-01,ME5 BM4,6.6611
1939-04-01,1939-05-01,BIG HiBM,10.2164
1939-05-01,1939-06-01,SMALL LoBM,-10.2746
1939-05-01,1939-06-01,ME1 BM2,-14.5929
1939-05-01,1939-06-01,ME1 BM3,-12.8235
1939-05-01,1939-06-01,ME1 BM4,-11.2217
1939-05-01,1939-06-01,SMALL HiBM,-12.6902
1939-05-01,1939-06-01,ME2 BM1,-9.85
1939-05-01,1939-06-01,ME2 BM2,-7.8338
1939-05-01,1939-06-01,ME2 BM3,-7.1808
1939-05-01,1939-06-01,ME2 BM4,-7.5355
1939-05-01,1939-06-01,ME2 BM5,-13.0048
1939-05-01,1939-06-01,ME3 BM1,-9.5398
1939-05-01,1939-06-01,ME3 BM2,-4.6678
1939-05-01,1939-06-01,ME3 BM3,-8.0753
1939-05-01,1939-06-01,ME3 BM4,-7.7477
1939-05-01,1939-06-01,ME3 BM5,-9.9007
1939-05-01,1939-06-01,ME4 BM1,-4.1247
1939-05-01,1939-06-01,ME4 BM2,-7.5393
1939-05-01,1939-06-01,ME4 BM3,-9.6379
1939-05-01,1939-06-01,ME4 BM4,-5.7667
1939-05-01,1939-06-01,ME4 BM5,-15.2125
1939-05-01,1939-06-01,BIG LoBM,-4.2709
1939-05-01,1939-06-01,ME5 BM2,-5.3061
1939-05-01,1939-06-01,ME5 BM3,-4.1165
1939-05-01,1939-06-01,ME5 BM4,-9.1719
1939-05-01,1939-06-01,BIG HiBM,-13.9625
1939-06-01,1939-07-01,SMALL LoBM,11.262
1939-06-01,1939-07-01,ME1 BM2,23.9556
1939-06-01,1939-07-01,ME1 BM3,21.0643
1939-06-01,1939-07-01,ME1 BM4,13.8415
1939-06-01,1939-07-01,SMALL HiBM,12.0444
1939-06-01,1939-07-01,ME2 BM1,16.7809
1939-06-01,1939-07-01,ME2 BM2,18.1314
1939-06-01,1939-07-01,ME2 BM3,13.8664
1939-06-01,1939-07-01,ME2 BM4,12.9217
1939-06-01,1939-07-01,ME2 BM5,16.3198
1939-06-01,1939-07-01,ME3 BM1,16.1307
1939-06-01,1939-07-01,ME3 BM2,18.1326
1939-06-01,1939-07-01,ME3 BM3,13.6976
1939-06-01,1939-07-01,ME3 BM4,10.6004
1939-06-01,1939-07-01,ME3 BM5,15.9064
1939-06-01,1939-07-01,ME4 BM1,14.2763
1939-06-01,1939-07-01,ME4 BM2,13.4402
1939-06-01,1939-07-01,ME4 BM3,14.0249
1939-06-01,1939-07-01,ME4 BM4,11.9299
1939-06-01,1939-07-01,ME4 BM5,22.8004
1939-06-01,1939-07-01,BIG LoBM,10.9909
1939-06-01,1939-07-01,ME5 BM2,8.0004
1939-06-01,1939-07-01,ME5 BM3,7.7357
1939-06-01,1939-07-01,ME5 BM4,9.6411
1939-06-01,1939-07-01,BIG HiBM,16.5255
1939-07-01,1939-08-01,SMALL LoBM,-13.3532
1939-07-01,1939-08-01,ME1 BM2,-19.2645
1939-07-01,1939-08-01,ME1 BM3,-15.6376
1939-07-01,1939-08-01,ME1 BM4,-14.9698
1939-07-01,1939-08-01,SMALL HiBM,-11.6585
1939-07-01,1939-08-01,ME2 BM1,-15.0539
1939-07-01,1939-08-01,ME2 BM2,-12.3838
1939-07-01,1939-08-01,ME2 BM3,-13.5704
1939-07-01,1939-08-01,ME2 BM4,-11.8243
1939-07-01,1939-08-01,ME2 BM5,-13.9676
1939-07-01,1939-08-01,ME3 BM1,-10.5805
1939-07-01,1939-08-01,ME3 BM2,-12.0503
1939-07-01,1939-08-01,ME3 BM3,-10.2737
1939-07-01,1939-08-01,ME3 BM4,-9.0229
1939-07-01,1939-08-01,ME3 BM5,-13.8594
1939-07-01,1939-08-01,ME4 BM1,-10.6086
1939-07-01,1939-08-01,ME4 BM2,-11.5174
1939-07-01,1939-08-01,ME4 BM3,-10.5473
1939-07-01,1939-08-01,ME4 BM4,-7.7289
1939-07-01,1939-08-01,ME4 BM5,-15.2912
1939-07-01,1939-08-01,BIG LoBM,-5.6059
1939-07-01,1939-08-01,ME5 BM2,-4.9626
1939-07-01,1939-08-01,ME5 BM3,-6.1093
1939-07-01,1939-08-01,ME5 BM4,-6.8636
1939-07-01,1939-08-01,BIG HiBM,-13.962
1939-08-01,1939-09-01,SMALL LoBM,113.4471
1939-08-01,1939-09-01,ME1 BM2,40.531
1939-08-01,1939-09-01,ME1 BM3,67.2074
1939-08-01,1939-09-01,ME1 BM4,50.365
1939-08-01,1939-09-01,SMALL HiBM,85.9973
1939-08-01,1939-09-01,ME2 BM1,40.6874
1939-08-01,1939-09-01,ME2 BM2,38.8662
1939-08-01,1939-09-01,ME2 BM3,42.4886
1939-08-01,1939-09-01,ME2 BM4,39.0471
1939-08-01,1939-09-01,ME2 BM5,57.6213
1939-08-01,1939-09-01,ME3 BM1,27.5661
1939-08-01,1939-09-01,ME3 BM2,25.6863
1939-08-01,1939-09-01,ME3 BM3,36.8263
1939-08-01,1939-09-01,ME3 BM4,27.2173
1939-08-01,1939-09-01,ME3 BM5,73.7849
1939-08-01,1939-09-01,ME4 BM1,15.4522
1939-08-01,1939-09-01,ME4 BM2,21.2296
1939-08-01,1939-09-01,ME4 BM3,21.4104
1939-08-01,1939-09-01,ME4 BM4,30.0551
1939-08-01,1939-09-01,ME4 BM5,36.9825
1939-08-01,1939-09-01,BIG LoBM,12.6683
1939-08-01,1939-09-01,ME5 BM2,11.3442
1939-08-01,1939-09-01,ME5 BM3,14.2024
1939-08-01,1939-09-01,ME5 BM4,32.275
1939-08-01,1939-09-01,BIG HiBM,53.9451
1939-09-01,1939-10-01,SMALL LoBM,-8.0287
1939-09-01,1939-10-01,ME1 BM2,-6.9596
1939-09-01,1939-10-01,ME1 BM3,-4.0928
1939-09-01,1939-10-01,ME1 BM4,-5.9567
1939-09-01,1939-10-01,SMALL HiBM,-9.3564
1939-09-01,1939-10-01,ME2 BM1,-2.1882
1939-09-01,1939-10-01,ME2 BM2,-0.7337
1939-09-01,1939-10-01,ME2 BM3,-3.6895
1939-09-01,1939-10-01,ME2 BM4,2.0231
1939-09-01,1939-10-01,ME2 BM5,-7.8844
1939-09-01,1939-10-01,ME3 BM1,2.1031
1939-09-01,1939-10-01,ME3 BM2,3.9168
1939-09-01,1939-10-01,ME3 BM3,-2.8352
1939-09-01,1939-10-01,ME3 BM4,0.7243
1939-09-01,1939-10-01,ME3 BM5,-5.6645
1939-09-01,1939-10-01,ME4 BM1,2.4159
1939-09-01,1939-10-01,ME4 BM2,2.2198
1939-09-01,1939-10-01,ME4 BM3,-0.2597
1939-09-01,1939-10-01,ME4 BM4,-3.76
1939-09-01,1939-10-01,ME4 BM5,-4.056
1939-09-01,1939-10-01,BIG LoBM,-0.1442
1939-09-01,1939-10-01,ME5 BM2,-0.2447
1939-09-01,1939-10-01,ME5 BM3,0.145
1939-09-01,1939-10-01,ME5 BM4,-3.6124
1939-09-01,1939-10-01,BIG HiBM,-4.6446
1939-10-01,1939-11-01,SMALL LoBM,-19.0771
1939-10-01,1939-11-01,ME1 BM2,-10.5213
1939-10-01,1939-11-01,ME1 BM3,-12.9416
1939-10-01,1939-11-01,ME1 BM4,-10.7779
1939-10-01,1939-11-01,SMALL HiBM,-18.0459
1939-10-01,1939-11-01,ME2 BM1,-6.2031
1939-10-01,1939-11-01,ME2 BM2,-8.3447
1939-10-01,1939-11-01,ME2 BM3,-12.3188
1939-10-01,1939-11-01,ME2 BM4,-8.5795
1939-10-01,1939-11-01,ME2 BM5,-15.6147
1939-10-01,1939-11-01,ME3 BM1,-5.6219
1939-10-01,1939-11-01,ME3 BM2,-8.6467
1939-10-01,1939-11-01,ME3 BM3,-7.0653
1939-10-01,1939-11-01,ME3 BM4,-6.7086
1939-10-01,1939-11-01,ME3 BM5,-15.9344
1939-10-01,1939-11-01,ME4 BM1,-6.0271
1939-10-01,1939-11-01,ME4 BM2,-5.2461
1939-10-01,1939-11-01,ME4 BM3,-5.0056
1939-10-01,1939-11-01,ME4 BM4,-5.3216
1939-10-01,1939-11-01,ME4 BM5,-12.4395
1939-10-01,1939-11-01,BIG LoBM,-2.0805
1939-10-01,1939-11-01,ME5 BM2,-1.8767
1939-10-01,1939-11-01,ME5 BM3,-3.098
1939-10-01,1939-11-01,ME5 BM4,-7.9705
1939-10-01,1939-11-01,BIG HiBM,-11.9047
1939-11-01,1939-12-01,SMALL LoBM,13.7134
1939-11-01,1939-12-01,ME1 BM2,-4.3305
1939-11-01,1939-12-01,ME1 BM3,0.8491
1939-11-01,1939-12-01,ME1 BM4,1.7494
1939-11-01,1939-12-01,SMALL HiBM,-2.1003
1939-11-01,1939-12-01,ME2 BM1,5.5255
1939-11-01,1939-12-01,ME2 BM2,3.8472
1939-11-01,1939-12-01,ME2 BM3,1.2769
1939-11-01,1939-12-01,ME2 BM4,0.7672
1939-11-01,1939-12-01,ME2 BM5,2.2117
1939-11-01,1939-12-01,ME3 BM1,6.2499
1939-11-01,1939-12-01,ME3 BM2,4.8487
1939-11-01,1939-12-01,ME3 BM3,5.8762
1939-11-01,1939-12-01,ME3 BM4,-0.2474
1939-11-01,1939-12-01,ME3 BM5,4.1906
1939-11-01,1939-12-01,ME4 BM1,4.0547
1939-11-01,1939-12-01,ME4 BM2,2.9049
1939-11-01,1939-12-01,ME4 BM3,-3.7292
1939-11-01,1939-12-01,ME4 BM4,1.2984
1939-11-01,1939-12-01,ME4 BM5,-0.483
1939-11-01,1939-12-01,BIG LoBM,3.6197
1939-11-01,1939-12-01,ME5 BM2,2.4561
1939-11-01,1939-12-01,ME5 BM3,3.9443
1939-11-01,1939-12-01,ME5 BM4,0.8
1939-11-01,1939-12-01,BIG HiBM,1.8858
1939-12-01,1940-01-01,SMALL LoBM,-0.9737
1939-12-01,1940-01-01,ME1 BM2,-8.5062
1939-12-01,1940-01-01,ME1 BM3,-7.3641
1939-12-01,1940-01-01,ME1 BM4,-4.3766
1939-12-01,1940-01-01,SMALL HiBM,-3.5059
1939-12-01,1940-01-01,ME2 BM1,-3.2878
1939-12-01,1940-01-01,ME2 BM2,-3.8759
1939-12-01,1940-01-01,ME2 BM3,-3.4304
1939-12-01,1940-01-01,ME2 BM4,-2.5246
1939-12-01,1940-01-01,ME2 BM5,-3.1019
1939-12-01,1940-01-01,ME3 BM1,-3.5921
1939-12-01,1940-01-01,ME3 BM2,-1.7824
1939-12-01,1940-01-01,ME3 BM3,-1.557
1939-12-01,1940-01-01,ME3 BM4,-1.0237
1939-12-01,1940-01-01,ME3 BM5,-6.4076
1939-12-01,1940-01-01,ME4 BM1,-1.367
1939-12-01,1940-01-01,ME4 BM2,-1.7078
1939-12-01,1940-01-01,ME4 BM3,-2.8004
1939-12-01,1940-01-01,ME4 BM4,-3.7629
1939-12-01,1940-01-01,ME4 BM5,-5.3213
1939-12-01,1940-01-01,BIG LoBM,-2.1537
1939-12-01,1940-01-01,ME5 BM2,-1.7774
1939-12-01,1940-01-01,ME5 BM3,-2.0245
1939-12-01,1940-01-01,ME5 BM4,-5.0859
1939-12-01,1940-01-01,BIG HiBM,-7.185
1940-01-01,1940-02-01,SMALL LoBM,1.197
1940-01-01,1940-02-01,ME1 BM2,0.4296
1940-01-01,1940-02-01,ME1 BM3,12.2577
1940-01-01,1940-02-01,ME1 BM4,3.2055
1940-01-01,1940-02-01,SMALL HiBM,8.7644
1940-01-01,1940-02-01,ME2 BM1,1.4929
1940-01-01,1940-02-01,ME2 BM2,6.0513
1940-01-01,1940-02-01,ME2 BM3,4.3604
1940-01-01,1940-02-01,ME2 BM4,4.6176
1940-01-01,1940-02-01,ME2 BM5,-0.8295
1940-01-01,1940-02-01,ME3 BM1,4.1461
1940-01-01,1940-02-01,ME3 BM2,4.7267
1940-01-01,1940-02-01,ME3 BM3,2.9132
1940-01-01,1940-02-01,ME3 BM4,2.472
1940-01-01,1940-02-01,ME3 BM5,4.2121
1940-01-01,1940-02-01,ME4 BM1,2.362
1940-01-01,1940-02-01,ME4 BM2,2.3725
1940-01-01,1940-02-01,ME4 BM3,3.7129
1940-01-01,1940-02-01,ME4 BM4,3.6343
1940-01-01,1940-02-01,ME4 BM5,-0.0257
1940-01-01,1940-02-01,BIG LoBM,0.8093
1940-01-01,1940-02-01,ME5 BM2,1.62
1940-01-01,1940-02-01,ME5 BM3,0.1238
1940-01-01,1940-02-01,ME5 BM4,1.7246
1940-01-01,1940-02-01,BIG HiBM,1.7851
1940-02-01,1940-03-01,SMALL LoBM,7.6518
1940-02-01,1940-03-01,ME1 BM2,4.8965
1940-02-01,1940-03-01,ME1 BM3,-5.9476
1940-02-01,1940-03-01,ME1 BM4,0.5272
1940-02-01,1940-03-01,SMALL HiBM,3.4926
1940-02-01,1940-03-01,ME2 BM1,2.9283
1940-02-01,1940-03-01,ME2 BM2,5.0159
1940-02-01,1940-03-01,ME2 BM3,2.1196
1940-02-01,1940-03-01,ME2 BM4,1.9918
1940-02-01,1940-03-01,ME2 BM5,1.1619
1940-02-01,1940-03-01,ME3 BM1,6.3691
1940-02-01,1940-03-01,ME3 BM2,3.2003
1940-02-01,1940-03-01,ME3 BM3,1.3688
1940-02-01,1940-03-01,ME3 BM4,2.6529
1940-02-01,1940-03-01,ME3 BM5,0.8741
1940-02-01,1940-03-01,ME4 BM1,3.9978
1940-02-01,1940-03-01,ME4 BM2,2.126
1940-02-01,1940-03-01,ME4 BM3,1.7071
1940-02-01,1940-03-01,ME4 BM4,2.4124
1940-02-01,1940-03-01,ME4 BM5,-0.4785
1940-02-01,1940-03-01,BIG LoBM,2.4948
1940-02-01,1940-03-01,ME5 BM2,0.7684
1940-02-01,1940-03-01,ME5 BM3,2.1565
1940-02-01,1940-03-01,ME5 BM4,2.2855
1940-02-01,1940-03-01,BIG HiBM,2.8063
1940-03-01,1940-04-01,SMALL LoBM,20.5067
1940-03-01,1940-04-01,ME1 BM2,-1.0936
1940-03-01,1940-04-01,ME1 BM3,3.0001
1940-03-01,1940-04-01,ME1 BM4,4.5017
1940-03-01,1940-04-01,SMALL HiBM,8.0101
1940-03-01,1940-04-01,ME2 BM1,1.7964
1940-03-01,1940-04-01,ME2 BM2,4.5226
1940-03-01,1940-04-01,ME2 BM3,1.2193
1940-03-01,1940-04-01,ME2 BM4,4.8446
1940-03-01,1940-04-01,ME2 BM5,3.8714
1940-03-01,1940-04-01,ME3 BM1,4.1782
1940-03-01,1940-04-01,ME3 BM2,0.6133
1940-03-01,1940-04-01,ME3 BM3,5.1611
1940-03-01,1940-04-01,ME3 BM4,1.1825
1940-03-01,1940-04-01,ME3 BM5,4.433
1940-03-01,1940-04-01,ME4 BM1,-1.635
1940-03-01,1940-04-01,ME4 BM2,-0.3947
1940-03-01,1940-04-01,ME4 BM3,-0.627
1940-03-01,1940-04-01,ME4 BM4,2.5018
1940-03-01,1940-04-01,ME4 BM5,-1.1178
1940-03-01,1940-04-01,BIG LoBM,0.0765
1940-03-01,1940-04-01,ME5 BM2,-0.3386
1940-03-01,1940-04-01,ME5 BM3,0.7349
1940-03-01,1940-04-01,ME5 BM4,0.0697
1940-03-01,1940-04-01,BIG HiBM,-1.8316
1940-04-01,1940-05-01,SMALL LoBM,-48.8896
1940-04-01,1940-05-01,ME1 BM2,-27.781
1940-04-01,1940-05-01,ME1 BM3,-34.3265
1940-04-01,1940-05-01,ME1 BM4,-28.6979
1940-04-01,1940-05-01,SMALL HiBM,-33.1103
1940-04-01,1940-05-01,ME2 BM1,-22.9007
1940-04-01,1940-05-01,ME2 BM2,-26.1496
1940-04-01,1940-05-01,ME2 BM3,-25.7499
1940-04-01,1940-05-01,ME2 BM4,-27.6578
1940-04-01,1940-05-01,ME2 BM5,-33.8049
1940-04-01,1940-05-01,ME3 BM1,-26.8526
1940-04-01,1940-05-01,ME3 BM2,-26.9168
1940-04-01,1940-05-01,ME3 BM3,-28.1566
1940-04-01,1940-05-01,ME3 BM4,-26.2406
1940-04-01,1940-05-01,ME3 BM5,-29.0423
1940-04-01,1940-05-01,ME4 BM1,-26.281
1940-04-01,1940-05-01,ME4 BM2,-27.0855
1940-04-01,1940-05-01,ME4 BM3,-26.7942
1940-04-01,1940-05-01,ME4 BM4,-23.763
1940-04-01,1940-05-01,ME4 BM5,-32.8411
1940-04-01,1940-05-01,BIG LoBM,-21.5426
1940-04-01,1940-05-01,ME5 BM2,-19.3893
1940-04-01,1940-05-01,ME5 BM3,-21.8553
1940-04-01,1940-05-01,ME5 BM4,-21.6851
1940-04-01,1940-05-01,BIG HiBM,-26.2301
1940-05-01,1940-06-01,SMALL LoBM,9.2476
1940-05-01,1940-06-01,ME1 BM2,2.3282
1940-05-01,1940-06-01,ME1 BM3,4.6651
1940-05-01,1940-06-01,ME1 BM4,2.5791
1940-05-01,1940-06-01,SMALL HiBM,7.3034
1940-05-01,1940-06-01,ME2 BM1,1.1939
1940-05-01,1940-06-01,ME2 BM2,5.7569
1940-05-01,1940-06-01,ME2 BM3,3.7412
1940-05-01,1940-06-01,ME2 BM4,7.4955
1940-05-01,1940-06-01,ME2 BM5,7.535
1940-05-01,1940-06-01,ME3 BM1,3.8851
1940-05-01,1940-06-01,ME3 BM2,7.2478
1940-05-01,1940-06-01,ME3 BM3,6.0807
1940-05-01,1940-06-01,ME3 BM4,5.3832
1940-05-01,1940-06-01,ME3 BM5,7.0996
1940-05-01,1940-06-01,ME4 BM1,8.9508
1940-05-01,1940-06-01,ME4 BM2,5.1268
1940-05-01,1940-06-01,ME4 BM3,8.0665
1940-05-01,1940-06-01,ME4 BM4,3.9497
1940-05-01,1940-06-01,ME4 BM5,14.0657
1940-05-01,1940-06-01,BIG LoBM,4.5629
1940-05-01,1940-06-01,ME5 BM2,7.448
1940-05-01,1940-06-01,ME5 BM3,11.327
1940-05-01,1940-06-01,ME5 BM4,5.7598
1940-05-01,1940-06-01,BIG HiBM,18.3487
1940-06-01,1940-07-01,SMALL LoBM,3.7613
1940-06-01,1940-07-01,ME1 BM2,2.3824
1940-06-01,1940-07-01,ME1 BM3,0.0311
1940-06-01,1940-07-01,ME1 BM4,1.2222
1940-06-01,1940-07-01,SMALL HiBM,3.6809
1940-06-01,1940-07-01,ME2 BM1,3.9107
1940-06-01,1940-07-01,ME2 BM2,5.8298
1940-06-01,1940-07-01,ME2 BM3,4.216
1940-06-01,1940-07-01,ME2 BM4,4.3628
1940-06-01,1940-07-01,ME2 BM5,1.3749
1940-06-01,1940-07-01,ME3 BM1,7.3775
1940-06-01,1940-07-01,ME3 BM2,6.8238
1940-06-01,1940-07-01,ME3 BM3,5.1475
1940-06-01,1940-07-01,ME3 BM4,5.4362
1940-06-01,1940-07-01,ME3 BM5,3.8742
1940-06-01,1940-07-01,ME4 BM1,3.6417
1940-06-01,1940-07-01,ME4 BM2,4.1259
1940-06-01,1940-07-01,ME4 BM3,3.1287
1940-06-01,1940-07-01,ME4 BM4,4.7258
1940-06-01,1940-07-01,ME4 BM5,4.9517
1940-06-01,1940-07-01,BIG LoBM,3.8928
1940-06-01,1940-07-01,ME5 BM2,1.9244
1940-06-01,1940-07-01,ME5 BM3,3.301
1940-06-01,1940-07-01,ME5 BM4,3.1657
1940-06-01,1940-07-01,BIG HiBM,2.0654
1940-07-01,1940-08-01,SMALL LoBM,-1.1256
1940-07-01,1940-08-01,ME1 BM2,-1.498
1940-07-01,1940-08-01,ME1 BM3,5.2282
1940-07-01,1940-08-01,ME1 BM4,4.1193
1940-07-01,1940-08-01,SMALL HiBM,-1.1641
1940-07-01,1940-08-01,ME2 BM1,3.5881
1940-07-01,1940-08-01,ME2 BM2,2.0324
1940-07-01,1940-08-01,ME2 BM3,4.4862
1940-07-01,1940-08-01,ME2 BM4,1.9503
1940-07-01,1940-08-01,ME2 BM5,4.3141
1940-07-01,1940-08-01,ME3 BM1,1.8216
1940-07-01,1940-08-01,ME3 BM2,3.0957
1940-07-01,1940-08-01,ME3 BM3,2.5046
1940-07-01,1940-08-01,ME3 BM4,0.9182
1940-07-01,1940-08-01,ME3 BM5,-0.3
1940-07-01,1940-08-01,ME4 BM1,0.8607
1940-07-01,1940-08-01,ME4 BM2,2.4876
1940-07-01,1940-08-01,ME4 BM3,4.5939
1940-07-01,1940-08-01,ME4 BM4,1.8511
1940-07-01,1940-08-01,ME4 BM5,2.2435
1940-07-01,1940-08-01,BIG LoBM,3.0783
1940-07-01,1940-08-01,ME5 BM2,0.9637
1940-07-01,1940-08-01,ME5 BM3,0.56
1940-07-01,1940-08-01,ME5 BM4,2.8927
1940-07-01,1940-08-01,BIG HiBM,3.8894
1940-08-01,1940-09-01,SMALL LoBM,2.9043
1940-08-01,1940-09-01,ME1 BM2,3.5315
1940-08-01,1940-09-01,ME1 BM3,7.5688
1940-08-01,1940-09-01,ME1 BM4,3.8372
1940-08-01,1940-09-01,SMALL HiBM,4.4563
1940-08-01,1940-09-01,ME2 BM1,7.4153
1940-08-01,1940-09-01,ME2 BM2,6.2793
1940-08-01,1940-09-01,ME2 BM3,3.8149
1940-08-01,1940-09-01,ME2 BM4,4.3632
1940-08-01,1940-09-01,ME2 BM5,5.1382
1940-08-01,1940-09-01,ME3 BM1,6.1425
1940-08-01,1940-09-01,ME3 BM2,5.8126
1940-08-01,1940-09-01,ME3 BM3,4.3591
1940-08-01,1940-09-01,ME3 BM4,5.4747
1940-08-01,1940-09-01,ME3 BM5,0.3487
1940-08-01,1940-09-01,ME4 BM1,3.0629
1940-08-01,1940-09-01,ME4 BM2,5.2832
1940-08-01,1940-09-01,ME4 BM3,2.5702
1940-08-01,1940-09-01,ME4 BM4,1.792
1940-08-01,1940-09-01,ME4 BM5,0.6168
1940-08-01,1940-09-01,BIG LoBM,3.4792
1940-08-01,1940-09-01,ME5 BM2,2.1558
1940-08-01,1940-09-01,ME5 BM3,-0.4458
1940-08-01,1940-09-01,ME5 BM4,-0.2361
1940-08-01,1940-09-01,BIG HiBM,3.4851
1940-09-01,1940-10-01,SMALL LoBM,7.1185
1940-09-01,1940-10-01,ME1 BM2,5.6724
1940-09-01,1940-10-01,ME1 BM3,7.0149
1940-09-01,1940-10-01,ME1 BM4,6.3175
1940-09-01,1940-10-01,SMALL HiBM,5.4485
1940-09-01,1940-10-01,ME2 BM1,6.7259
1940-09-01,1940-10-01,ME2 BM2,3.2222
1940-09-01,1940-10-01,ME2 BM3,5.5851
1940-09-01,1940-10-01,ME2 BM4,8.0677
1940-09-01,1940-10-01,ME2 BM5,8.1749
1940-09-01,1940-10-01,ME3 BM1,3.2894
1940-09-01,1940-10-01,ME3 BM2,4.0802
1940-09-01,1940-10-01,ME3 BM3,5.9477
1940-09-01,1940-10-01,ME3 BM4,5.4147
1940-09-01,1940-10-01,ME3 BM5,5.4521
1940-09-01,1940-10-01,ME4 BM1,4.0714
1940-09-01,1940-10-01,ME4 BM2,6.3046
1940-09-01,1940-10-01,ME4 BM3,5.2952
1940-09-01,1940-10-01,ME4 BM4,11.1255
1940-09-01,1940-10-01,ME4 BM5,10.868
1940-09-01,1940-10-01,BIG LoBM,0.1113
1940-09-01,1940-10-01,ME5 BM2,2.665
1940-09-01,1940-10-01,ME5 BM3,6.2378
1940-09-01,1940-10-01,ME5 BM4,8.5477
1940-09-01,1940-10-01,BIG HiBM,9.5839
1940-10-01,1940-11-01,SMALL LoBM,8.3531
1940-10-01,1940-11-01,ME1 BM2,-1.4243
1940-10-01,1940-11-01,ME1 BM3,4.1912
1940-10-01,1940-11-01,ME1 BM4,-1.1602
1940-10-01,1940-11-01,SMALL HiBM,0.1549
1940-10-01,1940-11-01,ME2 BM1,0.8407
1940-10-01,1940-11-01,ME2 BM2,2.1776
1940-10-01,1940-11-01,ME2 BM3,0.4732
1940-10-01,1940-11-01,ME2 BM4,-0.7036
1940-10-01,1940-11-01,ME2 BM5,-0.6882
1940-10-01,1940-11-01,ME3 BM1,-0.3578
1940-10-01,1940-11-01,ME3 BM2,1.5571
1940-10-01,1940-11-01,ME3 BM3,1.1098
1940-10-01,1940-11-01,ME3 BM4,2.2063
1940-10-01,1940-11-01,ME3 BM5,-1.4449
1940-10-01,1940-11-01,ME4 BM1,-1.8537
1940-10-01,1940-11-01,ME4 BM2,-0.3454
1940-10-01,1940-11-01,ME4 BM3,-0.0948
1940-10-01,1940-11-01,ME4 BM4,1.1161
1940-10-01,1940-11-01,ME4 BM5,-1.4341
1940-10-01,1940-11-01,BIG LoBM,-2.6988
1940-10-01,1940-11-01,ME5 BM2,-0.9695
1940-10-01,1940-11-01,ME5 BM3,-1.356
1940-10-01,1940-11-01,ME5 BM4,-0.0361
1940-10-01,1940-11-01,BIG HiBM,-7.2135
1940-11-01,1940-12-01,SMALL LoBM,-1.1723
1940-11-01,1940-12-01,ME1 BM2,-5.477
1940-11-01,1940-12-01,ME1 BM3,-7.4744
1940-11-01,1940-12-01,ME1 BM4,-1.9661
1940-11-01,1940-12-01,SMALL HiBM,-4.1523
1940-11-01,1940-12-01,ME2 BM1,-2.3302
1940-11-01,1940-12-01,ME2 BM2,-3.419
1940-11-01,1940-12-01,ME2 BM3,-0.9459
1940-11-01,1940-12-01,ME2 BM4,1.0333
1940-11-01,1940-12-01,ME2 BM5,-2.2639
1940-11-01,1940-12-01,ME3 BM1,0.0982
1940-11-01,1940-12-01,ME3 BM2,-0.9655
1940-11-01,1940-12-01,ME3 BM3,-0.7735
1940-11-01,1940-12-01,ME3 BM4,-0.3876
1940-11-01,1940-12-01,ME3 BM5,-1.4362
1940-11-01,1940-12-01,ME4 BM1,0.9584
1940-11-01,1940-12-01,ME4 BM2,-1.1797
1940-11-01,1940-12-01,ME4 BM3,-0.0868
1940-11-01,1940-12-01,ME4 BM4,0.1655
1940-11-01,1940-12-01,ME4 BM5,-0.7255
1940-11-01,1940-12-01,BIG LoBM,0.1967
1940-11-01,1940-12-01,ME5 BM2,1.6433
1940-11-01,1940-12-01,ME5 BM3,0.5019
1940-11-01,1940-12-01,ME5 BM4,1.1023
1940-11-01,1940-12-01,BIG HiBM,2.3815
1940-12-01,1941-01-01,SMALL LoBM,-8.6223
1940-12-01,1941-01-01,ME1 BM2,-5.7032
1940-12-01,1941-01-01,ME1 BM3,-3.0483
1940-12-01,1941-01-01,ME1 BM4,0.0371
1940-12-01,1941-01-01,SMALL HiBM,0.5809
1940-12-01,1941-01-01,ME2 BM1,-4.5197
1940-12-01,1941-01-01,ME2 BM2,-2.7424
1940-12-01,1941-01-01,ME2 BM3,-3.2037
1940-12-01,1941-01-01,ME2 BM4,-1.6821
1940-12-01,1941-01-01,ME2 BM5,0.0742
1940-12-01,1941-01-01,ME3 BM1,-6.5182
1940-12-01,1941-01-01,ME3 BM2,-5.5029
1940-12-01,1941-01-01,ME3 BM3,-4.1758
1940-12-01,1941-01-01,ME3 BM4,-3.2732
1940-12-01,1941-01-01,ME3 BM5,1.2984
1940-12-01,1941-01-01,ME4 BM1,-5.4583
1940-12-01,1941-01-01,ME4 BM2,-4.5523
1940-12-01,1941-01-01,ME4 BM3,-2.5823
1940-12-01,1941-01-01,ME4 BM4,-4.7008
1940-12-01,1941-01-01,ME4 BM5,-0.4241
1940-12-01,1941-01-01,BIG LoBM,-5.7931
1940-12-01,1941-01-01,ME5 BM2,-3.7764
1940-12-01,1941-01-01,ME5 BM3,-2.825
1940-12-01,1941-01-01,ME5 BM4,-2.9824
1940-12-01,1941-01-01,BIG HiBM,-0.6331
1941-01-01,1941-02-01,SMALL LoBM,-7.6358
1941-01-01,1941-02-01,ME1 BM2,-3.0079
1941-01-01,1941-02-01,ME1 BM3,-0.0433
1941-01-01,1941-02-01,ME1 BM4,-4.3933
1941-01-01,1941-02-01,SMALL HiBM,-2.7516
1941-01-01,1941-02-01,ME2 BM1,0.3992
1941-01-01,1941-02-01,ME2 BM2,-3.1685
1941-01-01,1941-02-01,ME2 BM3,-1.7592
1941-01-01,1941-02-01,ME2 BM4,-2.806
1941-01-01,1941-02-01,ME2 BM5,-2.2041
1941-01-01,1941-02-01,ME3 BM1,-3.8919
1941-01-01,1941-02-01,ME3 BM2,-0.7419
1941-01-01,1941-02-01,ME3 BM3,-1.7368
1941-01-01,1941-02-01,ME3 BM4,-2.0617
1941-01-01,1941-02-01,ME3 BM5,-2.3304
1941-01-01,1941-02-01,ME4 BM1,-2.5068
1941-01-01,1941-02-01,ME4 BM2,-2.2439
1941-01-01,1941-02-01,ME4 BM3,-0.2416
1941-01-01,1941-02-01,ME4 BM4,-1.2688
1941-01-01,1941-02-01,ME4 BM5,-2.1789
1941-01-01,1941-02-01,BIG LoBM,-1.4379
1941-01-01,1941-02-01,ME5 BM2,-1.6774
1941-01-01,1941-02-01,ME5 BM3,-1.3616
1941-01-01,1941-02-01,ME5 BM4,-1.4546
1941-01-01,1941-02-01,BIG HiBM,0.9816
1941-02-01,1941-03-01,SMALL LoBM,-1.5494
1941-02-01,1941-03-01,ME1 BM2,-3.1952
1941-02-01,1941-03-01,ME1 BM3,-1.0402
1941-02-01,1941-03-01,ME1 BM4,2.1064
1941-02-01,1941-03-01,SMALL HiBM,4.1715
1941-02-01,1941-03-01,ME2 BM1,-0.2271
1941-02-01,1941-03-01,ME2 BM2,1.8315
1941-02-01,1941-03-01,ME2 BM3,2.6384
1941-02-01,1941-03-01,ME2 BM4,0.457
1941-02-01,1941-03-01,ME2 BM5,5.1966
1941-02-01,1941-03-01,ME3 BM1,0.2514
1941-02-01,1941-03-01,ME3 BM2,0.345
1941-02-01,1941-03-01,ME3 BM3,1.3819
1941-02-01,1941-03-01,ME3 BM4,1.5974
1941-02-01,1941-03-01,ME3 BM5,3.92
1941-02-01,1941-03-01,ME4 BM1,0.9277
1941-02-01,1941-03-01,ME4 BM2,-1.4639
1941-02-01,1941-03-01,ME4 BM3,1.1834
1941-02-01,1941-03-01,ME4 BM4,2.1567
1941-02-01,1941-03-01,ME4 BM5,4.0463
1941-02-01,1941-03-01,BIG LoBM,0.4858
1941-02-01,1941-03-01,ME5 BM2,0.9138
1941-02-01,1941-03-01,ME5 BM3,1.8397
1941-02-01,1941-03-01,ME5 BM4,1.3909
1941-02-01,1941-03-01,BIG HiBM,4.0789
1941-03-01,1941-04-01,SMALL LoBM,-15.6336
1941-03-01,1941-04-01,ME1 BM2,-12.9474
1941-03-01,1941-04-01,ME1 BM3,-6.8332
1941-03-01,1941-04-01,ME1 BM4,-4.9726
1941-03-01,1941-04-01,SMALL HiBM,-4.2453
1941-03-01,1941-04-01,ME2 BM1,-7.4323
1941-03-01,1941-04-01,ME2 BM2,-7.3846
1941-03-01,1941-04-01,ME2 BM3,-6.0107
1941-03-01,1941-04-01,ME2 BM4,-4.6585
1941-03-01,1941-04-01,ME2 BM5,-5.7056
1941-03-01,1941-04-01,ME3 BM1,-5.0054
1941-03-01,1941-04-01,ME3 BM2,-7.121
1941-03-01,1941-04-01,ME3 BM3,-4.2707
1941-03-01,1941-04-01,ME3 BM4,-5.3533
1941-03-01,1941-04-01,ME3 BM5,-1.3567
1941-03-01,1941-04-01,ME4 BM1,-7.4815
1941-03-01,1941-04-01,ME4 BM2,-6.4431
1941-03-01,1941-04-01,ME4 BM3,-5.6712
1941-03-01,1941-04-01,ME4 BM4,-3.6472
1941-03-01,1941-04-01,ME4 BM5,-4.7337
1941-03-01,1941-04-01,BIG LoBM,-6.4072
1941-03-01,1941-04-01,ME5 BM2,-6.2936
1941-03-01,1941-04-01,ME5 BM3,-3.4803
1941-03-01,1941-04-01,ME5 BM4,-3.3122
1941-03-01,1941-04-01,BIG HiBM,-0.4959
1941-04-01,1941-05-01,SMALL LoBM,-0.6825
1941-04-01,1941-05-01,ME1 BM2,3.5569
1941-04-01,1941-05-01,ME1 BM3,-0.3989
1941-04-01,1941-05-01,ME1 BM4,1.4767
1941-04-01,1941-05-01,SMALL HiBM,-1.2599
1941-04-01,1941-05-01,ME2 BM1,3.7179
1941-04-01,1941-05-01,ME2 BM2,1.6419
1941-04-01,1941-05-01,ME2 BM3,0.7506
1941-04-01,1941-05-01,ME2 BM4,1.7286
1941-04-01,1941-05-01,ME2 BM5,3.9797
1941-04-01,1941-05-01,ME3 BM1,-1.7269
1941-04-01,1941-05-01,ME3 BM2,1.1233
1941-04-01,1941-05-01,ME3 BM3,2.4794
1941-04-01,1941-05-01,ME3 BM4,2.8205
1941-04-01,1941-05-01,ME3 BM5,0.0396
1941-04-01,1941-05-01,ME4 BM1,3.6103
1941-04-01,1941-05-01,ME4 BM2,1.8299
1941-04-01,1941-05-01,ME4 BM3,-0.6838
1941-04-01,1941-05-01,ME4 BM4,-0.473
1941-04-01,1941-05-01,ME4 BM5,2.9212
1941-04-01,1941-05-01,BIG LoBM,1.0346
1941-04-01,1941-05-01,ME5 BM2,1.2132
1941-04-01,1941-05-01,ME5 BM3,3.2678
1941-04-01,1941-05-01,ME5 BM4,3.4206
1941-04-01,1941-05-01,BIG HiBM,-0.3561
1941-05-01,1941-06-01,SMALL LoBM,3.2547
1941-05-01,1941-06-01,ME1 BM2,-0.7542
1941-05-01,1941-06-01,ME1 BM3,9.0461
1941-05-01,1941-06-01,ME1 BM4,8.0823
1941-05-01,1941-06-01,SMALL HiBM,14.0006
1941-05-01,1941-06-01,ME2 BM1,2.1106
1941-05-01,1941-06-01,ME2 BM2,5.7914
1941-05-01,1941-06-01,ME2 BM3,6.4787
1941-05-01,1941-06-01,ME2 BM4,9.753
1941-05-01,1941-06-01,ME2 BM5,7.4278
1941-05-01,1941-06-01,ME3 BM1,4.5104
1941-05-01,1941-06-01,ME3 BM2,6.8463
1941-05-01,1941-06-01,ME3 BM3,6.1526
1941-05-01,1941-06-01,ME3 BM4,6.4102
1941-05-01,1941-06-01,ME3 BM5,9.5034
1941-05-01,1941-06-01,ME4 BM1,4.7296
1941-05-01,1941-06-01,ME4 BM2,7.8786
1941-05-01,1941-06-01,ME4 BM3,5.1913
1941-05-01,1941-06-01,ME4 BM4,5.2658
1941-05-01,1941-06-01,ME4 BM5,4.6632
1941-05-01,1941-06-01,BIG LoBM,6.6449
1941-05-01,1941-06-01,ME5 BM2,5.0182
1941-05-01,1941-06-01,ME5 BM3,6.4857
1941-05-01,1941-06-01,ME5 BM4,3.9703
1941-05-01,1941-06-01,BIG HiBM,1.9459
1941-06-01,1941-07-01,SMALL LoBM,17.1194
1941-06-01,1941-07-01,ME1 BM2,25.1747
1941-06-01,1941-07-01,ME1 BM3,27.8332
1941-06-01,1941-07-01,ME1 BM4,17.6385
1941-06-01,1941-07-01,SMALL HiBM,25.1609
1941-06-01,1941-07-01,ME2 BM1,10.0368
1941-06-01,1941-07-01,ME2 BM2,9.2413
1941-06-01,1941-07-01,ME2 BM3,6.4218
1941-06-01,1941-07-01,ME2 BM4,13.6943
1941-06-01,1941-07-01,ME2 BM5,21.4498
1941-06-01,1941-07-01,ME3 BM1,8.5867
1941-06-01,1941-07-01,ME3 BM2,7.9742
1941-06-01,1941-07-01,ME3 BM3,7.0049
1941-06-01,1941-07-01,ME3 BM4,13.3362
1941-06-01,1941-07-01,ME3 BM5,18.9306
1941-06-01,1941-07-01,ME4 BM1,7.8836
1941-06-01,1941-07-01,ME4 BM2,6.8938
1941-06-01,1941-07-01,ME4 BM3,9.6466
1941-06-01,1941-07-01,ME4 BM4,12.6623
1941-06-01,1941-07-01,ME4 BM5,24.6297
1941-06-01,1941-07-01,BIG LoBM,4.1482
1941-06-01,1941-07-01,ME5 BM2,3.1433
1941-06-01,1941-07-01,ME5 BM3,8.2527
1941-06-01,1941-07-01,ME5 BM4,8.4785
1941-06-01,1941-07-01,BIG HiBM,11.2157
1941-07-01,1941-08-01,SMALL LoBM,2.499
1941-07-01,1941-08-01,ME1 BM2,-0.4325
1941-07-01,1941-08-01,ME1 BM3,-7.5289
1941-07-01,1941-08-01,ME1 BM4,-3.0216
1941-07-01,1941-08-01,SMALL HiBM,0.7956
1941-07-01,1941-08-01,ME2 BM1,-0.8105
1941-07-01,1941-08-01,ME2 BM2,-0.8282
1941-07-01,1941-08-01,ME2 BM3,-1.1419
1941-07-01,1941-08-01,ME2 BM4,-0.8672
1941-07-01,1941-08-01,ME2 BM5,0.0324
1941-07-01,1941-08-01,ME3 BM1,-2.0077
1941-07-01,1941-08-01,ME3 BM2,-2.1559
1941-07-01,1941-08-01,ME3 BM3,0.1182
1941-07-01,1941-08-01,ME3 BM4,-1.9397
1941-07-01,1941-08-01,ME3 BM5,-2.3984
1941-07-01,1941-08-01,ME4 BM1,0.8271
1941-07-01,1941-08-01,ME4 BM2,-0.0185
1941-07-01,1941-08-01,ME4 BM3,1.7713
1941-07-01,1941-08-01,ME4 BM4,-0.2811
1941-07-01,1941-08-01,ME4 BM5,0.6367
1941-07-01,1941-08-01,BIG LoBM,0.8902
1941-07-01,1941-08-01,ME5 BM2,0.2237
1941-07-01,1941-08-01,ME5 BM3,-2.0258
1941-07-01,1941-08-01,ME5 BM4,-1.2405
1941-07-01,1941-08-01,BIG HiBM,-5.1218
1941-08-01,1941-09-01,SMALL LoBM,-11.7981
1941-08-01,1941-09-01,ME1 BM2,-3.6548
1941-08-01,1941-09-01,ME1 BM3,-4.2792
1941-08-01,1941-09-01,ME1 BM4,-2.7961
1941-08-01,1941-09-01,SMALL HiBM,-5.0932
1941-08-01,1941-09-01,ME2 BM1,-1.5868
1941-08-01,1941-09-01,ME2 BM2,-1.5728
1941-08-01,1941-09-01,ME2 BM3,-3.8777
1941-08-01,1941-09-01,ME2 BM4,0.7721
1941-08-01,1941-09-01,ME2 BM5,-3.5705
1941-08-01,1941-09-01,ME3 BM1,-2.8138
1941-08-01,1941-09-01,ME3 BM2,-1.3531
1941-08-01,1941-09-01,ME3 BM3,-1.1854
1941-08-01,1941-09-01,ME3 BM4,-2.9221
1941-08-01,1941-09-01,ME3 BM5,0.5262
1941-08-01,1941-09-01,ME4 BM1,0.089
1941-08-01,1941-09-01,ME4 BM2,-1.7513
1941-08-01,1941-09-01,ME4 BM3,-2.6338
1941-08-01,1941-09-01,ME4 BM4,0.1784
1941-08-01,1941-09-01,ME4 BM5,-1.4325
1941-08-01,1941-09-01,BIG LoBM,0.2453
1941-08-01,1941-09-01,ME5 BM2,-0.9215
1941-08-01,1941-09-01,ME5 BM3,-2.6361
1941-08-01,1941-09-01,ME5 BM4,-1.6996
1941-08-01,1941-09-01,BIG HiBM,-2.7127
1941-09-01,1941-10-01,SMALL LoBM,-8.6967
1941-09-01,1941-10-01,ME1 BM2,-0.3133
1941-09-01,1941-10-01,ME1 BM3,-7.9773
1941-09-01,1941-10-01,ME1 BM4,-7.2948
1941-09-01,1941-10-01,SMALL HiBM,-7.9548
1941-09-01,1941-10-01,ME2 BM1,-6.7796
1941-09-01,1941-10-01,ME2 BM2,-4.879
1941-09-01,1941-10-01,ME2 BM3,-5.5607
1941-09-01,1941-10-01,ME2 BM4,-5.6224
1941-09-01,1941-10-01,ME2 BM5,-7.3401
1941-09-01,1941-10-01,ME3 BM1,-6.0231
1941-09-01,1941-10-01,ME3 BM2,-6.35
1941-09-01,1941-10-01,ME3 BM3,-5.0001
1941-09-01,1941-10-01,ME3 BM4,-6.4645
1941-09-01,1941-10-01,ME3 BM5,-10.3383
1941-09-01,1941-10-01,ME4 BM1,-5.0469
1941-09-01,1941-10-01,ME4 BM2,-5.5698
1941-09-01,1941-10-01,ME4 BM3,-6.1039
1941-09-01,1941-10-01,ME4 BM4,-4.3634
1941-09-01,1941-10-01,ME4 BM5,-4.9469
1941-09-01,1941-10-01,BIG LoBM,-6.7696
1941-09-01,1941-10-01,ME5 BM2,-4.7228
1941-09-01,1941-10-01,ME5 BM3,-2.1304
1941-09-01,1941-10-01,ME5 BM4,-1.7113
1941-09-01,1941-10-01,BIG HiBM,-1.8395
1941-10-01,1941-11-01,SMALL LoBM,-10.3848
1941-10-01,1941-11-01,ME1 BM2,-5.7382
1941-10-01,1941-11-01,ME1 BM3,-8.121
1941-10-01,1941-11-01,ME1 BM4,-4.3604
1941-10-01,1941-11-01,SMALL HiBM,-4.2941
1941-10-01,1941-11-01,ME2 BM1,-1.6123
1941-10-01,1941-11-01,ME2 BM2,-1.4979
1941-10-01,1941-11-01,ME2 BM3,-5.162
1941-10-01,1941-11-01,ME2 BM4,-1.7756
1941-10-01,1941-11-01,ME2 BM5,-3.2587
1941-10-01,1941-11-01,ME3 BM1,-1.1078
1941-10-01,1941-11-01,ME3 BM2,-2.1765
1941-10-01,1941-11-01,ME3 BM3,-3.2744
1941-10-01,1941-11-01,ME3 BM4,-0.1944
1941-10-01,1941-11-01,ME3 BM5,-5.874
1941-10-01,1941-11-01,ME4 BM1,-0.8597
1941-10-01,1941-11-01,ME4 BM2,-2.0564
1941-10-01,1941-11-01,ME4 BM3,-1.8973
1941-10-01,1941-11-01,ME4 BM4,-0.9825
1941-10-01,1941-11-01,ME4 BM5,-3.1785
1941-10-01,1941-11-01,BIG LoBM,-1.9174
1941-10-01,1941-11-01,ME5 BM2,-2.7219
1941-10-01,1941-11-01,ME5 BM3,0.7237
1941-10-01,1941-11-01,ME5 BM4,-1.8956
1941-10-01,1941-11-01,BIG HiBM,-2.6879
1941-11-01,1941-12-01,SMALL LoBM,-18.538
1941-11-01,1941-12-01,ME1 BM2,-19.5785
1941-11-01,1941-12-01,ME1 BM3,-8.6899
1941-11-01,1941-12-01,ME1 BM4,-14.5642
1941-11-01,1941-12-01,SMALL HiBM,-14.6055
1941-11-01,1941-12-01,ME2 BM1,-7.0576
1941-11-01,1941-12-01,ME2 BM2,-5.2865
1941-11-01,1941-12-01,ME2 BM3,-7.9379
1941-11-01,1941-12-01,ME2 BM4,-9.0978
1941-11-01,1941-12-01,ME2 BM5,-15.3464
1941-11-01,1941-12-01,ME3 BM1,-7.7475
1941-11-01,1941-12-01,ME3 BM2,-3.7771
1941-11-01,1941-12-01,ME3 BM3,-4.4825
1941-11-01,1941-12-01,ME3 BM4,-6.74
1941-11-01,1941-12-01,ME3 BM5,-8.3747
1941-11-01,1941-12-01,ME4 BM1,-3.5256
1941-11-01,1941-12-01,ME4 BM2,-5.4418
1941-11-01,1941-12-01,ME4 BM3,-6.5759
1941-11-01,1941-12-01,ME4 BM4,-6.0822
1941-11-01,1941-12-01,ME4 BM5,-9.1924
1941-11-01,1941-12-01,BIG LoBM,-3.3729
1941-11-01,1941-12-01,ME5 BM2,-4.991
1941-11-01,1941-12-01,ME5 BM3,-4.3318
1941-11-01,1941-12-01,ME5 BM4,-9.455
1941-11-01,1941-12-01,BIG HiBM,-6.8726
1941-12-01,1942-01-01,SMALL LoBM,34.5808
1941-12-01,1942-01-01,ME1 BM2,12.9913
1941-12-01,1942-01-01,ME1 BM3,16.22
1941-12-01,1942-01-01,ME1 BM4,20.5826
1941-12-01,1942-01-01,SMALL HiBM,25.6369
1941-12-01,1942-01-01,ME2 BM1,8.6229
1941-12-01,1942-01-01,ME2 BM2,7.0258
1941-12-01,1942-01-01,ME2 BM3,10.0491
1941-12-01,1942-01-01,ME2 BM4,11.4863
1941-12-01,1942-01-01,ME2 BM5,16.823
1941-12-01,1942-01-01,ME3 BM1,3.9921
1941-12-01,1942-01-01,ME3 BM2,3.1435
1941-12-01,1942-01-01,ME3 BM3,5.0039
1941-12-01,1942-01-01,ME3 BM4,7.2257
1941-12-01,1942-01-01,ME3 BM5,13.7138
1941-12-01,1942-01-01,ME4 BM1,-2.3297
1941-12-01,1942-01-01,ME4 BM2,4.2709
1941-12-01,1942-01-01,ME4 BM3,6.2893
1941-12-01,1942-01-01,ME4 BM4,6.4379
1941-12-01,1942-01-01,ME4 BM5,9.0181
1941-12-01,1942-01-01,BIG LoBM,-2.9991
1941-12-01,1942-01-01,ME5 BM2,0.0927
1941-12-01,1942-01-01,ME5 BM3,-0.3913
1941-12-01,1942-01-01,ME5 BM4,6.8181
1941-12-01,1942-01-01,BIG HiBM,13.9124
1942-01-01,1942-02-01,SMALL LoBM,-6.7697
1942-01-01,1942-02-01,ME1 BM2,-8.6167
1942-01-01,1942-02-01,ME1 BM3,-2.0244
1942-01-01,1942-02-01,ME1 BM4,0.3042
1942-01-01,1942-02-01,SMALL HiBM,-2.5389
1942-01-01,1942-02-01,ME2 BM1,1.1738
1942-01-01,1942-02-01,ME2 BM2,-1.2337
1942-01-01,1942-02-01,ME2 BM3,-1.5375
1942-01-01,1942-02-01,ME2 BM4,-1.6797
1942-01-01,1942-02-01,ME2 BM5,-1.5635
1942-01-01,1942-02-01,ME3 BM1,-0.5063
1942-01-01,1942-02-01,ME3 BM2,-1.4849
1942-01-01,1942-02-01,ME3 BM3,-1.0944
1942-01-01,1942-02-01,ME3 BM4,-1.4889
1942-01-01,1942-02-01,ME3 BM5,-2.8428
1942-01-01,1942-02-01,ME4 BM1,-1.9553
1942-01-01,1942-02-01,ME4 BM2,-1.7619
1942-01-01,1942-02-01,ME4 BM3,-2.9037
1942-01-01,1942-02-01,ME4 BM4,-2.1354
1942-01-01,1942-02-01,ME4 BM5,0.3506
1942-01-01,1942-02-01,BIG LoBM,-2.5961
1942-01-01,1942-02-01,ME5 BM2,-2.0408
1942-01-01,1942-02-01,ME5 BM3,-3.4129
1942-01-01,1942-02-01,ME5 BM4,-2.4637
1942-01-01,1942-02-01,BIG HiBM,-1.0914
1942-02-01,1942-03-01,SMALL LoBM,-7.7132
1942-02-01,1942-03-01,ME1 BM2,-7.1348
1942-02-01,1942-03-01,ME1 BM3,-6.6407
1942-02-01,1942-03-01,ME1 BM4,-0.8914
1942-02-01,1942-03-01,SMALL HiBM,-6.5365
1942-02-01,1942-03-01,ME2 BM1,-5.1318
1942-02-01,1942-03-01,ME2 BM2,1.4456
1942-02-01,1942-03-01,ME2 BM3,-2.8808
1942-02-01,1942-03-01,ME2 BM4,-5.6702
1942-02-01,1942-03-01,ME2 BM5,-5.693
1942-02-01,1942-03-01,ME3 BM1,-2.5456
1942-02-01,1942-03-01,ME3 BM2,-1.8182
1942-02-01,1942-03-01,ME3 BM3,-6.3227
1942-02-01,1942-03-01,ME3 BM4,-4.7377
1942-02-01,1942-03-01,ME3 BM5,-7.4554
1942-02-01,1942-03-01,ME4 BM1,-5.2867
1942-02-01,1942-03-01,ME4 BM2,-5.9645
1942-02-01,1942-03-01,ME4 BM3,-6.2367
1942-02-01,1942-03-01,ME4 BM4,-4.2483
1942-02-01,1942-03-01,ME4 BM5,-4.9375
1942-02-01,1942-03-01,BIG LoBM,-5.581
1942-02-01,1942-03-01,ME5 BM2,-7.2735
1942-02-01,1942-03-01,ME5 BM3,-8.3789
1942-02-01,1942-03-01,ME5 BM4,-6.3303
1942-02-01,1942-03-01,BIG HiBM,-7.186
1942-03-01,1942-04-01,SMALL LoBM,-5.1224
1942-03-01,1942-04-01,ME1 BM2,-3.9776
1942-03-01,1942-04-01,ME1 BM3,-3.9659
1942-03-01,1942-04-01,ME1 BM4,-4.1746
1942-03-01,1942-04-01,SMALL HiBM,-4.7639
1942-03-01,1942-04-01,ME2 BM1,-7.0903
1942-03-01,1942-04-01,ME2 BM2,-5.7351
1942-03-01,1942-04-01,ME2 BM3,-4.6446
1942-03-01,1942-04-01,ME2 BM4,-2.4885
1942-03-01,1942-04-01,ME2 BM5,-4.7723
1942-03-01,1942-04-01,ME3 BM1,-5.4624
1942-03-01,1942-04-01,ME3 BM2,-4.7195
1942-03-01,1942-04-01,ME3 BM3,-4.5035
1942-03-01,1942-04-01,ME3 BM4,-5.3041
1942-03-01,1942-04-01,ME3 BM5,-4.1168
1942-03-01,1942-04-01,ME4 BM1,-7.0527
1942-03-01,1942-04-01,ME4 BM2,-5.8661
1942-03-01,1942-04-01,ME4 BM3,-4.5991
1942-03-01,1942-04-01,ME4 BM4,-5.6212
1942-03-01,1942-04-01,ME4 BM5,-3.7676
1942-03-01,1942-04-01,BIG LoBM,-3.3412
1942-03-01,1942-04-01,ME5 BM2,-6.4899
1942-03-01,1942-04-01,ME5 BM3,-3.5619
1942-03-01,1942-04-01,ME5 BM4,-3.1789
1942-03-01,1942-04-01,BIG HiBM,-0.1794
1942-04-01,1942-05-01,SMALL LoBM,-5.9652
1942-04-01,1942-05-01,ME1 BM2,0.5333
1942-04-01,1942-05-01,ME1 BM3,1.6145
1942-04-01,1942-05-01,ME1 BM4,-3.5826
1942-04-01,1942-05-01,SMALL HiBM,0.3074
1942-04-01,1942-05-01,ME2 BM1,0.7052
1942-04-01,1942-05-01,ME2 BM2,0.594
1942-04-01,1942-05-01,ME2 BM3,0.826
1942-04-01,1942-05-01,ME2 BM4,3.7071
1942-04-01,1942-05-01,ME2 BM5,-0.5942
1942-04-01,1942-05-01,ME3 BM1,0.6754
1942-04-01,1942-05-01,ME3 BM2,2.2471
1942-04-01,1942-05-01,ME3 BM3,2.313
1942-04-01,1942-05-01,ME3 BM4,4.3927
1942-04-01,1942-05-01,ME3 BM5,-0.7144
1942-04-01,1942-05-01,ME4 BM1,4.3247
1942-04-01,1942-05-01,ME4 BM2,4.6093
1942-04-01,1942-05-01,ME4 BM3,4.5721
1942-04-01,1942-05-01,ME4 BM4,1.7936
1942-04-01,1942-05-01,ME4 BM5,4.2777
1942-04-01,1942-05-01,BIG LoBM,8.2858
1942-04-01,1942-05-01,ME5 BM2,6.2672
1942-04-01,1942-05-01,ME5 BM3,5.4166
1942-04-01,1942-05-01,ME5 BM4,2.1891
1942-04-01,1942-05-01,BIG HiBM,-4.6484
1942-05-01,1942-06-01,SMALL LoBM,3.1542
1942-05-01,1942-06-01,ME1 BM2,0.9273
1942-05-01,1942-06-01,ME1 BM3,-1.3862
1942-05-01,1942-06-01,ME1 BM4,4.5688
1942-05-01,1942-06-01,SMALL HiBM,3.5496
1942-05-01,1942-06-01,ME2 BM1,1.3625
1942-05-01,1942-06-01,ME2 BM2,3.9207
1942-05-01,1942-06-01,ME2 BM3,0.2279
1942-05-01,1942-06-01,ME2 BM4,1.7357
1942-05-01,1942-06-01,ME2 BM5,0.841
1942-05-01,1942-06-01,ME3 BM1,2.6323
1942-05-01,1942-06-01,ME3 BM2,1.7188
1942-05-01,1942-06-01,ME3 BM3,0.7384
1942-05-01,1942-06-01,ME3 BM4,1.9316
1942-05-01,1942-06-01,ME3 BM5,1.3718
1942-05-01,1942-06-01,ME4 BM1,3.8302
1942-05-01,1942-06-01,ME4 BM2,2.7195
1942-05-01,1942-06-01,ME4 BM3,1.9861
1942-05-01,1942-06-01,ME4 BM4,1.8017
1942-05-01,1942-06-01,ME4 BM5,-0.5918
1942-05-01,1942-06-01,BIG LoBM,4.4737
1942-05-01,1942-06-01,ME5 BM2,0.8325
1942-05-01,1942-06-01,ME5 BM3,2.0531
1942-05-01,1942-06-01,ME5 BM4,3.0269
1942-05-01,1942-06-01,BIG HiBM,5.7075
1942-06-01,1942-07-01,SMALL LoBM,6.0767
1942-06-01,1942-07-01,ME1 BM2,6.2309
1942-06-01,1942-07-01,ME1 BM3,7.9002
1942-06-01,1942-07-01,ME1 BM4,2.3307
1942-06-01,1942-07-01,SMALL HiBM,7.7685
1942-06-01,1942-07-01,ME2 BM1,3.4139
1942-06-01,1942-07-01,ME2 BM2,3.0606
1942-06-01,1942-07-01,ME2 BM3,4.0946
1942-06-01,1942-07-01,ME2 BM4,2.4712
1942-06-01,1942-07-01,ME2 BM5,6.9846
1942-06-01,1942-07-01,ME3 BM1,4.1535
1942-06-01,1942-07-01,ME3 BM2,4.5697
1942-06-01,1942-07-01,ME3 BM3,3.0741
1942-06-01,1942-07-01,ME3 BM4,4.5911
1942-06-01,1942-07-01,ME3 BM5,3.7452
1942-06-01,1942-07-01,ME4 BM1,4.1293
1942-06-01,1942-07-01,ME4 BM2,3.3622
1942-06-01,1942-07-01,ME4 BM3,5.0205
1942-06-01,1942-07-01,ME4 BM4,4.9323
1942-06-01,1942-07-01,ME4 BM5,9.3486
1942-06-01,1942-07-01,BIG LoBM,1.964
1942-06-01,1942-07-01,ME5 BM2,4.3709
1942-06-01,1942-07-01,ME5 BM3,3.0069
1942-06-01,1942-07-01,ME5 BM4,5.8868
1942-06-01,1942-07-01,BIG HiBM,7.8579
1942-07-01,1942-08-01,SMALL LoBM,1.0916
1942-07-01,1942-08-01,ME1 BM2,5.7238
1942-07-01,1942-08-01,ME1 BM3,1.8402
1942-07-01,1942-08-01,ME1 BM4,1.9308
1942-07-01,1942-08-01,SMALL HiBM,1.154
1942-07-01,1942-08-01,ME2 BM1,-1.114
1942-07-01,1942-08-01,ME2 BM2,2.9483
1942-07-01,1942-08-01,ME2 BM3,3.7863
1942-07-01,1942-08-01,ME2 BM4,3.143
1942-07-01,1942-08-01,ME2 BM5,2.3615
1942-07-01,1942-08-01,ME3 BM1,5.8661
1942-07-01,1942-08-01,ME3 BM2,2.8688
1942-07-01,1942-08-01,ME3 BM3,0.7989
1942-07-01,1942-08-01,ME3 BM4,1.9369
1942-07-01,1942-08-01,ME3 BM5,3.9947
1942-07-01,1942-08-01,ME4 BM1,2.9465
1942-07-01,1942-08-01,ME4 BM2,1.4411
1942-07-01,1942-08-01,ME4 BM3,2.2383
1942-07-01,1942-08-01,ME4 BM4,1.4532
1942-07-01,1942-08-01,ME4 BM5,2.757
1942-07-01,1942-08-01,BIG LoBM,1.1853
1942-07-01,1942-08-01,ME5 BM2,1.9759
1942-07-01,1942-08-01,ME5 BM3,1.1484
1942-07-01,1942-08-01,ME5 BM4,4.0009
1942-07-01,1942-08-01,BIG HiBM,5.5316
1942-08-01,1942-09-01,SMALL LoBM,6.8462
1942-08-01,1942-09-01,ME1 BM2,8.0872
1942-08-01,1942-09-01,ME1 BM3,1.6428
1942-08-01,1942-09-01,ME1 BM4,8.1752
1942-08-01,1942-09-01,SMALL HiBM,9.073
1942-08-01,1942-09-01,ME2 BM1,6.5353
1942-08-01,1942-09-01,ME2 BM2,1.9197
1942-08-01,1942-09-01,ME2 BM3,4.7624
1942-08-01,1942-09-01,ME2 BM4,4.466
1942-08-01,1942-09-01,ME2 BM5,3.282
1942-08-01,1942-09-01,ME3 BM1,1.2227
1942-08-01,1942-09-01,ME3 BM2,1.9664
1942-08-01,1942-09-01,ME3 BM3,1.5656
1942-08-01,1942-09-01,ME3 BM4,3.8353
1942-08-01,1942-09-01,ME3 BM5,3.7826
1942-08-01,1942-09-01,ME4 BM1,2.5427
1942-08-01,1942-09-01,ME4 BM2,3.2774
1942-08-01,1942-09-01,ME4 BM3,3.0913
1942-08-01,1942-09-01,ME4 BM4,2.6247
1942-08-01,1942-09-01,ME4 BM5,6.9837
1942-08-01,1942-09-01,BIG LoBM,2.9858
1942-08-01,1942-09-01,ME5 BM2,2.706
1942-08-01,1942-09-01,ME5 BM3,1.4813
1942-08-01,1942-09-01,ME5 BM4,2.2386
1942-08-01,1942-09-01,BIG HiBM,5.6691
1942-09-01,1942-10-01,SMALL LoBM,1.4652
1942-09-01,1942-10-01,ME1 BM2,11.566
1942-09-01,1942-10-01,ME1 BM3,16.1034
1942-09-01,1942-10-01,ME1 BM4,9.1272
1942-09-01,1942-10-01,SMALL HiBM,12.0147
1942-09-01,1942-10-01,ME2 BM1,12.2155
1942-09-01,1942-10-01,ME2 BM2,7.8631
1942-09-01,1942-10-01,ME2 BM3,6.6325
1942-09-01,1942-10-01,ME2 BM4,10.318
1942-09-01,1942-10-01,ME2 BM5,19.5692
1942-09-01,1942-10-01,ME3 BM1,11.0864
1942-09-01,1942-10-01,ME3 BM2,5.9876
1942-09-01,1942-10-01,ME3 BM3,9.4419
1942-09-01,1942-10-01,ME3 BM4,9.0701
1942-09-01,1942-10-01,ME3 BM5,14.2237
1942-09-01,1942-10-01,ME4 BM1,7.2395
1942-09-01,1942-10-01,ME4 BM2,7.3451
1942-09-01,1942-10-01,ME4 BM3,6.4308
1942-09-01,1942-10-01,ME4 BM4,9.8307
1942-09-01,1942-10-01,ME4 BM5,14.0186
1942-09-01,1942-10-01,BIG LoBM,4.9796
1942-09-01,1942-10-01,ME5 BM2,5.3726
1942-09-01,1942-10-01,ME5 BM3,9.8727
1942-09-01,1942-10-01,ME5 BM4,10.6336
1942-09-01,1942-10-01,BIG HiBM,13.386
1942-10-01,1942-11-01,SMALL LoBM,8.6365
1942-10-01,1942-11-01,ME1 BM2,0.3335
1942-10-01,1942-11-01,ME1 BM3,-7.231
1942-10-01,1942-11-01,ME1 BM4,-1.1375
1942-10-01,1942-11-01,SMALL HiBM,-5.9875
1942-10-01,1942-11-01,ME2 BM1,0.2005
1942-10-01,1942-11-01,ME2 BM2,-2.0297
1942-10-01,1942-11-01,ME2 BM3,-0.7941
1942-10-01,1942-11-01,ME2 BM4,-3.7797
1942-10-01,1942-11-01,ME2 BM5,-5.9929
1942-10-01,1942-11-01,ME3 BM1,-1.6951
1942-10-01,1942-11-01,ME3 BM2,-1.4654
1942-10-01,1942-11-01,ME3 BM3,-1.2856
1942-10-01,1942-11-01,ME3 BM4,-0.012
1942-10-01,1942-11-01,ME3 BM5,-2.3823
1942-10-01,1942-11-01,ME4 BM1,0.2862
1942-10-01,1942-11-01,ME4 BM2,-0.3652
1942-10-01,1942-11-01,ME4 BM3,-0.8643
1942-10-01,1942-11-01,ME4 BM4,-2.2172
1942-10-01,1942-11-01,ME4 BM5,-1.3622
1942-10-01,1942-11-01,BIG LoBM,1.0401
1942-10-01,1942-11-01,ME5 BM2,1.9565
1942-10-01,1942-11-01,ME5 BM3,0.4421
1942-10-01,1942-11-01,ME5 BM4,-4.1559
1942-10-01,1942-11-01,BIG HiBM,-6.6454
1942-11-01,1942-12-01,SMALL LoBM,-4.6984
1942-11-01,1942-12-01,ME1 BM2,-3.437
1942-11-01,1942-12-01,ME1 BM3,3.1968
1942-11-01,1942-12-01,ME1 BM4,-0.8888
1942-11-01,1942-12-01,SMALL HiBM,-1.0453
1942-11-01,1942-12-01,ME2 BM1,2.4662
1942-11-01,1942-12-01,ME2 BM2,5.7395
1942-11-01,1942-12-01,ME2 BM3,3.0398
1942-11-01,1942-12-01,ME2 BM4,1.9891
1942-11-01,1942-12-01,ME2 BM5,5.1322
1942-11-01,1942-12-01,ME3 BM1,3.5517
1942-11-01,1942-12-01,ME3 BM2,2.403
1942-11-01,1942-12-01,ME3 BM3,3.0809
1942-11-01,1942-12-01,ME3 BM4,5.0974
1942-11-01,1942-12-01,ME3 BM5,3.4818
1942-11-01,1942-12-01,ME4 BM1,6.641
1942-11-01,1942-12-01,ME4 BM2,4.7245
1942-11-01,1942-12-01,ME4 BM3,5.1413
1942-11-01,1942-12-01,ME4 BM4,5.024
1942-11-01,1942-12-01,ME4 BM5,6.344
1942-11-01,1942-12-01,BIG LoBM,5.8951
1942-11-01,1942-12-01,ME5 BM2,3.8926
1942-11-01,1942-12-01,ME5 BM3,6.4031
1942-11-01,1942-12-01,ME5 BM4,6.8419
1942-11-01,1942-12-01,BIG HiBM,3.8409
1942-12-01,1943-01-01,SMALL LoBM,32.1429
1942-12-01,1943-01-01,ME1 BM2,23.3289
1942-12-01,1943-01-01,ME1 BM3,21.4595
1942-12-01,1943-01-01,ME1 BM4,20.6379
1942-12-01,1943-01-01,SMALL HiBM,32.6081
1942-12-01,1943-01-01,ME2 BM1,14.7957
1942-12-01,1943-01-01,ME2 BM2,12.0712
1942-12-01,1943-01-01,ME2 BM3,12.8712
1942-12-01,1943-01-01,ME2 BM4,18.756
1942-12-01,1943-01-01,ME2 BM5,24.5326
1942-12-01,1943-01-01,ME3 BM1,6.949
1942-12-01,1943-01-01,ME3 BM2,9.5841
1942-12-01,1943-01-01,ME3 BM3,13.6494
1942-12-01,1943-01-01,ME3 BM4,12.6319
1942-12-01,1943-01-01,ME3 BM5,21.2946
1942-12-01,1943-01-01,ME4 BM1,4.8222
1942-12-01,1943-01-01,ME4 BM2,8.645
1942-12-01,1943-01-01,ME4 BM3,8.7898
1942-12-01,1943-01-01,ME4 BM4,12.1466
1942-12-01,1943-01-01,ME4 BM5,12.1196
1942-12-01,1943-01-01,BIG LoBM,5.6107
1942-12-01,1943-01-01,ME5 BM2,5.4845
1942-12-01,1943-01-01,ME5 BM3,8.3032
1942-12-01,1943-01-01,ME5 BM4,7.72
1942-12-01,1943-01-01,BIG HiBM,11.8149
1943-01-01,1943-02-01,SMALL LoBM,17.1043
1943-01-01,1943-02-01,ME1 BM2,17.6739
1943-01-01,1943-02-01,ME1 BM3,12.0941
1943-01-01,1943-02-01,ME1 BM4,17.7885
1943-01-01,1943-02-01,SMALL HiBM,26.8748
1943-01-01,1943-02-01,ME2 BM1,17.4132
1943-01-01,1943-02-01,ME2 BM2,9.4684
1943-01-01,1943-02-01,ME2 BM3,7.0974
1943-01-01,1943-02-01,ME2 BM4,12.5116
1943-01-01,1943-02-01,ME2 BM5,15.3117
1943-01-01,1943-02-01,ME3 BM1,6.4145
1943-01-01,1943-02-01,ME3 BM2,7.3596
1943-01-01,1943-02-01,ME3 BM3,9.503
1943-01-01,1943-02-01,ME3 BM4,10.231
1943-01-01,1943-02-01,ME3 BM5,19.4925
1943-01-01,1943-02-01,ME4 BM1,4.9119
1943-01-01,1943-02-01,ME4 BM2,6.761
1943-01-01,1943-02-01,ME4 BM3,7.1321
1943-01-01,1943-02-01,ME4 BM4,9.7326
1943-01-01,1943-02-01,ME4 BM5,11.6481
1943-01-01,1943-02-01,BIG LoBM,3.5779
1943-01-01,1943-02-01,ME5 BM2,6.2015
1943-01-01,1943-02-01,ME5 BM3,8.3277
1943-01-01,1943-02-01,ME5 BM4,9.8567
1943-01-01,1943-02-01,BIG HiBM,12.4628
1943-02-01,1943-03-01,SMALL LoBM,20.8898
1943-02-01,1943-03-01,ME1 BM2,0.7946
1943-02-01,1943-03-01,ME1 BM3,16.3511
1943-02-01,1943-03-01,ME1 BM4,15.8882
1943-02-01,1943-03-01,SMALL HiBM,15.1757
1943-02-01,1943-03-01,ME2 BM1,13.9501
1943-02-01,1943-03-01,ME2 BM2,11.9203
1943-02-01,1943-03-01,ME2 BM3,15.5236
1943-02-01,1943-03-01,ME2 BM4,13.3204
1943-02-01,1943-03-01,ME2 BM5,19.3714
1943-02-01,1943-03-01,ME3 BM1,9.3934
1943-02-01,1943-03-01,ME3 BM2,7.5806
1943-02-01,1943-03-01,ME3 BM3,9.8808
1943-02-01,1943-03-01,ME3 BM4,12.3267
1943-02-01,1943-03-01,ME3 BM5,14.4448
1943-02-01,1943-03-01,ME4 BM1,8.9072
1943-02-01,1943-03-01,ME4 BM2,7.391
1943-02-01,1943-03-01,ME4 BM3,8.5664
1943-02-01,1943-03-01,ME4 BM4,11.8887
1943-02-01,1943-03-01,ME4 BM5,15.1941
1943-02-01,1943-03-01,BIG LoBM,3.6377
1943-02-01,1943-03-01,ME5 BM2,4.7388
1943-02-01,1943-03-01,ME5 BM3,7.5491
1943-02-01,1943-03-01,ME5 BM4,7.8217
1943-02-01,1943-03-01,BIG HiBM,10.6916
1943-03-01,1943-04-01,SMALL LoBM,5.7137
1943-03-01,1943-04-01,ME1 BM2,2.195
1943-03-01,1943-04-01,ME1 BM3,0.998
1943-03-01,1943-04-01,ME1 BM4,4.7946
1943-03-01,1943-04-01,SMALL HiBM,11.776
1943-03-01,1943-04-01,ME2 BM1,-0.632
1943-03-01,1943-04-01,ME2 BM2,2.2846
1943-03-01,1943-04-01,ME2 BM3,0.7794
1943-03-01,1943-04-01,ME2 BM4,7.0497
1943-03-01,1943-04-01,ME2 BM5,8.3556
1943-03-01,1943-04-01,ME3 BM1,0.2024
1943-03-01,1943-04-01,ME3 BM2,-0.6248
1943-03-01,1943-04-01,ME3 BM3,2.9556
1943-03-01,1943-04-01,ME3 BM4,3.7209
1943-03-01,1943-04-01,ME3 BM5,8.3475
1943-03-01,1943-04-01,ME4 BM1,0.8609
1943-03-01,1943-04-01,ME4 BM2,-0.4474
1943-03-01,1943-04-01,ME4 BM3,0.5845
1943-03-01,1943-04-01,ME4 BM4,3.6693
1943-03-01,1943-04-01,ME4 BM5,14.6275
1943-03-01,1943-04-01,BIG LoBM,-0.7378
1943-03-01,1943-04-01,ME5 BM2,1.182
1943-03-01,1943-04-01,ME5 BM3,1.1376
1943-03-01,1943-04-01,ME5 BM4,-0.1443
1943-03-01,1943-04-01,BIG HiBM,3.9681
1943-04-01,1943-05-01,SMALL LoBM,5.7949
1943-04-01,1943-05-01,ME1 BM2,8.1713
1943-04-01,1943-05-01,ME1 BM3,13.0018
1943-04-01,1943-05-01,ME1 BM4,10.6391
1943-04-01,1943-05-01,SMALL HiBM,14.9531
1943-04-01,1943-05-01,ME2 BM1,17.3169
1943-04-01,1943-05-01,ME2 BM2,10.585
1943-04-01,1943-05-01,ME2 BM3,9.2927
1943-04-01,1943-05-01,ME2 BM4,8.2362
1943-04-01,1943-05-01,ME2 BM5,14.8452
1943-04-01,1943-05-01,ME3 BM1,5.2614
1943-04-01,1943-05-01,ME3 BM2,4.8862
1943-04-01,1943-05-01,ME3 BM3,8.1707
1943-04-01,1943-05-01,ME3 BM4,6.4855
1943-04-01,1943-05-01,ME3 BM5,12.9248
1943-04-01,1943-05-01,ME4 BM1,3.1608
1943-04-01,1943-05-01,ME4 BM2,7.041
1943-04-01,1943-05-01,ME4 BM3,5.5858
1943-04-01,1943-05-01,ME4 BM4,8.4032
1943-04-01,1943-05-01,ME4 BM5,10.0143
1943-04-01,1943-05-01,BIG LoBM,5.3917
1943-04-01,1943-05-01,ME5 BM2,4.5431
1943-04-01,1943-05-01,ME5 BM3,7.0161
1943-04-01,1943-05-01,ME5 BM4,6.115
1943-04-01,1943-05-01,BIG HiBM,5.1045
1943-05-01,1943-06-01,SMALL LoBM,0.9553
1943-05-01,1943-06-01,ME1 BM2,0.7398
1943-05-01,1943-06-01,ME1 BM3,-0.6934
1943-05-01,1943-06-01,ME1 BM4,2.8362
1943-05-01,1943-06-01,SMALL HiBM,-1.901
1943-05-01,1943-06-01,ME2 BM1,-2.0135
1943-05-01,1943-06-01,ME2 BM2,1.7675
1943-05-01,1943-06-01,ME2 BM3,0.3143
1943-05-01,1943-06-01,ME2 BM4,1.0175
1943-05-01,1943-06-01,ME2 BM5,1.7019
1943-05-01,1943-06-01,ME3 BM1,2.9695
1943-05-01,1943-06-01,ME3 BM2,1.3223
1943-05-01,1943-06-01,ME3 BM3,0.8386
1943-05-01,1943-06-01,ME3 BM4,3.3808
1943-05-01,1943-06-01,ME3 BM5,-2.4284
1943-05-01,1943-06-01,ME4 BM1,1.8127
1943-05-01,1943-06-01,ME4 BM2,2.3789
1943-05-01,1943-06-01,ME4 BM3,0.7562
1943-05-01,1943-06-01,ME4 BM4,2.4397
1943-05-01,1943-06-01,ME4 BM5,-3.948
1943-05-01,1943-06-01,BIG LoBM,2.0173
1943-05-01,1943-06-01,ME5 BM2,3.098
1943-05-01,1943-06-01,ME5 BM3,0.2874
1943-05-01,1943-06-01,ME5 BM4,0.4015
1943-05-01,1943-06-01,BIG HiBM,0.7489
1943-06-01,1943-07-01,SMALL LoBM,-16.4896
1943-06-01,1943-07-01,ME1 BM2,0.1867
1943-06-01,1943-07-01,ME1 BM3,-8.0345
1943-06-01,1943-07-01,ME1 BM4,-5.9559
1943-06-01,1943-07-01,SMALL HiBM,-7.8338
1943-06-01,1943-07-01,ME2 BM1,-3.4903
1943-06-01,1943-07-01,ME2 BM2,-5.2755
1943-06-01,1943-07-01,ME2 BM3,-5.5857
1943-06-01,1943-07-01,ME2 BM4,-8.8629
1943-06-01,1943-07-01,ME2 BM5,-11.7715
1943-06-01,1943-07-01,ME3 BM1,-4.6268
1943-06-01,1943-07-01,ME3 BM2,-6.1912
1943-06-01,1943-07-01,ME3 BM3,-5.5574
1943-06-01,1943-07-01,ME3 BM4,-6.4522
1943-06-01,1943-07-01,ME3 BM5,-9.4224
1943-06-01,1943-07-01,ME4 BM1,-5.2767
1943-06-01,1943-07-01,ME4 BM2,-3.9728
1943-06-01,1943-07-01,ME4 BM3,-6.43
1943-06-01,1943-07-01,ME4 BM4,-9.0364
1943-06-01,1943-07-01,ME4 BM5,-10.3417
1943-06-01,1943-07-01,BIG LoBM,-5.4816
1943-06-01,1943-07-01,ME5 BM2,-3.4627
1943-06-01,1943-07-01,ME5 BM3,-1.8806
1943-06-01,1943-07-01,ME5 BM4,-4.5154
1943-06-01,1943-07-01,BIG HiBM,-4.3879
1943-07-01,1943-08-01,SMALL LoBM,-6.6784
1943-07-01,1943-08-01,ME1 BM2,-4.1773
1943-07-01,1943-08-01,ME1 BM3,-0.5297
1943-07-01,1943-08-01,ME1 BM4,-1.2564
1943-07-01,1943-08-01,SMALL HiBM,-0.857
1943-07-01,1943-08-01,ME2 BM1,0.529
1943-07-01,1943-08-01,ME2 BM2,-0.6042
1943-07-01,1943-08-01,ME2 BM3,-0.8081
1943-07-01,1943-08-01,ME2 BM4,0.7854
1943-07-01,1943-08-01,ME2 BM5,2.338
1943-07-01,1943-08-01,ME3 BM1,2.3404
1943-07-01,1943-08-01,ME3 BM2,0.5104
1943-07-01,1943-08-01,ME3 BM3,0.341
1943-07-01,1943-08-01,ME3 BM4,2.4391
1943-07-01,1943-08-01,ME3 BM5,0.1893
1943-07-01,1943-08-01,ME4 BM1,2.3607
1943-07-01,1943-08-01,ME4 BM2,1.4061
1943-07-01,1943-08-01,ME4 BM3,0.2965
1943-07-01,1943-08-01,ME4 BM4,0.9839
1943-07-01,1943-08-01,ME4 BM5,-1.3805
1943-07-01,1943-08-01,BIG LoBM,1.4111
1943-07-01,1943-08-01,ME5 BM2,1.491
1943-07-01,1943-08-01,ME5 BM3,1.6998
1943-07-01,1943-08-01,ME5 BM4,0.2988
1943-07-01,1943-08-01,BIG HiBM,1.1951
1943-08-01,1943-09-01,SMALL LoBM,8.4694
1943-08-01,1943-09-01,ME1 BM2,2.0449
1943-08-01,1943-09-01,ME1 BM3,2.7893
1943-08-01,1943-09-01,ME1 BM4,3.2335
1943-08-01,1943-09-01,SMALL HiBM,5.9795
1943-08-01,1943-09-01,ME2 BM1,5.4559
1943-08-01,1943-09-01,ME2 BM2,2.9839
1943-08-01,1943-09-01,ME2 BM3,2.8699
1943-08-01,1943-09-01,ME2 BM4,3.9657
1943-08-01,1943-09-01,ME2 BM5,8.1772
1943-08-01,1943-09-01,ME3 BM1,1.3881
1943-08-01,1943-09-01,ME3 BM2,2.5417
1943-08-01,1943-09-01,ME3 BM3,3.7696
1943-08-01,1943-09-01,ME3 BM4,1.2812
1943-08-01,1943-09-01,ME3 BM5,6.628
1943-08-01,1943-09-01,ME4 BM1,0.8695
1943-08-01,1943-09-01,ME4 BM2,3.3775
1943-08-01,1943-09-01,ME4 BM3,4.7663
1943-08-01,1943-09-01,ME4 BM4,3.5609
1943-08-01,1943-09-01,ME4 BM5,2.4999
1943-08-01,1943-09-01,BIG LoBM,2.5005
1943-08-01,1943-09-01,ME5 BM2,1.7722
1943-08-01,1943-09-01,ME5 BM3,2.2772
1943-08-01,1943-09-01,ME5 BM4,3.045
1943-08-01,1943-09-01,BIG HiBM,3.2422
1943-09-01,1943-10-01,SMALL LoBM,-2.141
1943-09-01,1943-10-01,ME1 BM2,-0.8784
1943-09-01,1943-10-01,ME1 BM3,0.5018
1943-09-01,1943-10-01,ME1 BM4,2.3948
1943-09-01,1943-10-01,SMALL HiBM,-1.7141
1943-09-01,1943-10-01,ME2 BM1,-3.2286
1943-09-01,1943-10-01,ME2 BM2,0.7872
1943-09-01,1943-10-01,ME2 BM3,1.5134
1943-09-01,1943-10-01,ME2 BM4,3.9897
1943-09-01,1943-10-01,ME2 BM5,-2.7617
1943-09-01,1943-10-01,ME3 BM1,-0.8278
1943-09-01,1943-10-01,ME3 BM2,-0.5181
1943-09-01,1943-10-01,ME3 BM3,-0.2458
1943-09-01,1943-10-01,ME3 BM4,0.993
1943-09-01,1943-10-01,ME3 BM5,-1.6496
1943-09-01,1943-10-01,ME4 BM1,-2.0784
1943-09-01,1943-10-01,ME4 BM2,-1.4479
1943-09-01,1943-10-01,ME4 BM3,-1.4602
1943-09-01,1943-10-01,ME4 BM4,1.58
1943-09-01,1943-10-01,ME4 BM5,2.4574
1943-09-01,1943-10-01,BIG LoBM,-1.746
1943-09-01,1943-10-01,ME5 BM2,-1.1328
1943-09-01,1943-10-01,ME5 BM3,-1.0808
1943-09-01,1943-10-01,ME5 BM4,0.545
1943-09-01,1943-10-01,BIG HiBM,-0.8614
1943-10-01,1943-11-01,SMALL LoBM,-14.1132
1943-10-01,1943-11-01,ME1 BM2,-5.3508
1943-10-01,1943-11-01,ME1 BM3,-7.1949
1943-10-01,1943-11-01,ME1 BM4,-10.1173
1943-10-01,1943-11-01,SMALL HiBM,-13.4516
1943-10-01,1943-11-01,ME2 BM1,-7.5226
1943-10-01,1943-11-01,ME2 BM2,-7.9066
1943-10-01,1943-11-01,ME2 BM3,-5.7384
1943-10-01,1943-11-01,ME2 BM4,-4.7071
1943-10-01,1943-11-01,ME2 BM5,-14.9127
1943-10-01,1943-11-01,ME3 BM1,-7.0863
1943-10-01,1943-11-01,ME3 BM2,-6.9034
1943-10-01,1943-11-01,ME3 BM3,-8.3452
1943-10-01,1943-11-01,ME3 BM4,-7.8097
1943-10-01,1943-11-01,ME3 BM5,-12.8803
1943-10-01,1943-11-01,ME4 BM1,-6.9463
1943-10-01,1943-11-01,ME4 BM2,-5.667
1943-10-01,1943-11-01,ME4 BM3,-8.181
1943-10-01,1943-11-01,ME4 BM4,-9.1832
1943-10-01,1943-11-01,ME4 BM5,-14.2059
1943-10-01,1943-11-01,BIG LoBM,-4.8151
1943-10-01,1943-11-01,ME5 BM2,-4.2885
1943-10-01,1943-11-01,ME5 BM3,-6.5098
1943-10-01,1943-11-01,ME5 BM4,-7.9342
1943-10-01,1943-11-01,BIG HiBM,-12.8814
1943-11-01,1943-12-01,SMALL LoBM,10.129
1943-11-01,1943-12-01,ME1 BM2,5.4316
1943-11-01,1943-12-01,ME1 BM3,10.822
1943-11-01,1943-12-01,ME1 BM4,13.5384
1943-11-01,1943-12-01,SMALL HiBM,11.7626
1943-11-01,1943-12-01,ME2 BM1,7.0757
1943-11-01,1943-12-01,ME2 BM2,6.7673
1943-11-01,1943-12-01,ME2 BM3,13.0194
1943-11-01,1943-12-01,ME2 BM4,11.8808
1943-11-01,1943-12-01,ME2 BM5,12.5829
1943-11-01,1943-12-01,ME3 BM1,8.0137
1943-11-01,1943-12-01,ME3 BM2,9.0363
1943-11-01,1943-12-01,ME3 BM3,8.3485
1943-11-01,1943-12-01,ME3 BM4,8.7162
1943-11-01,1943-12-01,ME3 BM5,15.8544
1943-11-01,1943-12-01,ME4 BM1,7.2777
1943-11-01,1943-12-01,ME4 BM2,8.116
1943-11-01,1943-12-01,ME4 BM3,9.0615
1943-11-01,1943-12-01,ME4 BM4,9.8774
1943-11-01,1943-12-01,ME4 BM5,12.1941
1943-11-01,1943-12-01,BIG LoBM,5.3773
1943-11-01,1943-12-01,ME5 BM2,5.8503
1943-11-01,1943-12-01,ME5 BM3,6.4058
1943-11-01,1943-12-01,ME5 BM4,6.2265
1943-11-01,1943-12-01,BIG HiBM,7.8386
1943-12-01,1944-01-01,SMALL LoBM,6.5688
1943-12-01,1944-01-01,ME1 BM2,6.4656
1943-12-01,1944-01-01,ME1 BM3,5.0743
1943-12-01,1944-01-01,ME1 BM4,3.0459
1943-12-01,1944-01-01,SMALL HiBM,8.3331
1943-12-01,1944-01-01,ME2 BM1,4.2351
1943-12-01,1944-01-01,ME2 BM2,5.3845
1943-12-01,1944-01-01,ME2 BM3,3.6367
1943-12-01,1944-01-01,ME2 BM4,5.4515
1943-12-01,1944-01-01,ME2 BM5,7.6692
1943-12-01,1944-01-01,ME3 BM1,3.9156
1943-12-01,1944-01-01,ME3 BM2,3.6404
1943-12-01,1944-01-01,ME3 BM3,3.1288
1943-12-01,1944-01-01,ME3 BM4,3.42
1943-12-01,1944-01-01,ME3 BM5,5.9873
1943-12-01,1944-01-01,ME4 BM1,2.0578
1943-12-01,1944-01-01,ME4 BM2,1.5275
1943-12-01,1944-01-01,ME4 BM3,2.6766
1943-12-01,1944-01-01,ME4 BM4,2.9309
1943-12-01,1944-01-01,ME4 BM5,5.3432
1943-12-01,1944-01-01,BIG LoBM,0.607
1943-12-01,1944-01-01,ME5 BM2,0.8687
1943-12-01,1944-01-01,ME5 BM3,2.1318
1943-12-01,1944-01-01,ME5 BM4,2.0864
1943-12-01,1944-01-01,BIG HiBM,9.132
1944-01-01,1944-02-01,SMALL LoBM,4.1823
1944-01-01,1944-02-01,ME1 BM2,1.6912
1944-01-01,1944-02-01,ME1 BM3,2.2453
1944-01-01,1944-02-01,ME1 BM4,2.9441
1944-01-01,1944-02-01,SMALL HiBM,4.2984
1944-01-01,1944-02-01,ME2 BM1,2.3867
1944-01-01,1944-02-01,ME2 BM2,0.321
1944-01-01,1944-02-01,ME2 BM3,1.5641
1944-01-01,1944-02-01,ME2 BM4,-4.6952
1944-01-01,1944-02-01,ME2 BM5,3.8752
1944-01-01,1944-02-01,ME3 BM1,2.7989
1944-01-01,1944-02-01,ME3 BM2,0.8657
1944-01-01,1944-02-01,ME3 BM3,-0.0678
1944-01-01,1944-02-01,ME3 BM4,0.7553
1944-01-01,1944-02-01,ME3 BM5,4.908
1944-01-01,1944-02-01,ME4 BM1,1.0331
1944-01-01,1944-02-01,ME4 BM2,1.3724
1944-01-01,1944-02-01,ME4 BM3,0.8175
1944-01-01,1944-02-01,ME4 BM4,-1.2306
1944-01-01,1944-02-01,ME4 BM5,6.0029
1944-01-01,1944-02-01,BIG LoBM,0.1023
1944-01-01,1944-02-01,ME5 BM2,-0.1087
1944-01-01,1944-02-01,ME5 BM3,0.6209
1944-01-01,1944-02-01,ME5 BM4,1.4632
1944-01-01,1944-02-01,BIG HiBM,4.7016
1944-02-01,1944-03-01,SMALL LoBM,8.2516
1944-02-01,1944-03-01,ME1 BM2,12.1373
1944-02-01,1944-03-01,ME1 BM3,5.2936
1944-02-01,1944-03-01,ME1 BM4,5.0824
1944-02-01,1944-03-01,SMALL HiBM,7.6364
1944-02-01,1944-03-01,ME2 BM1,1.6219
1944-02-01,1944-03-01,ME2 BM2,2.5968
1944-02-01,1944-03-01,ME2 BM3,3.0922
1944-02-01,1944-03-01,ME2 BM4,4.2128
1944-02-01,1944-03-01,ME2 BM5,14.1625
1944-02-01,1944-03-01,ME3 BM1,2.8805
1944-02-01,1944-03-01,ME3 BM2,3.5981
1944-02-01,1944-03-01,ME3 BM3,4.2595
1944-02-01,1944-03-01,ME3 BM4,4.7357
1944-02-01,1944-03-01,ME3 BM5,4.3321
1944-02-01,1944-03-01,ME4 BM1,1.0475
1944-02-01,1944-03-01,ME4 BM2,2.8549
1944-02-01,1944-03-01,ME4 BM3,2.9241
1944-02-01,1944-03-01,ME4 BM4,5.0438
1944-02-01,1944-03-01,ME4 BM5,2.7438
1944-02-01,1944-03-01,BIG LoBM,2.6778
1944-02-01,1944-03-01,ME5 BM2,1.6939
1944-02-01,1944-03-01,ME5 BM3,1.7432
1944-02-01,1944-03-01,ME5 BM4,3.0037
1944-02-01,1944-03-01,BIG HiBM,5.0739
1944-03-01,1944-04-01,SMALL LoBM,-5.4491
1944-03-01,1944-04-01,ME1 BM2,0.3893
1944-03-01,1944-04-01,ME1 BM3,-2.9184
1944-03-01,1944-04-01,ME1 BM4,-1.9956
1944-03-01,1944-04-01,SMALL HiBM,-3.6973
1944-03-01,1944-04-01,ME2 BM1,-1.5315
1944-03-01,1944-04-01,ME2 BM2,-1.8509
1944-03-01,1944-04-01,ME2 BM3,-2.9371
1944-03-01,1944-04-01,ME2 BM4,-3.7865
1944-03-01,1944-04-01,ME2 BM5,-5.6198
1944-03-01,1944-04-01,ME3 BM1,-3.0164
1944-03-01,1944-04-01,ME3 BM2,-3.0489
1944-03-01,1944-04-01,ME3 BM3,-3.4798
1944-03-01,1944-04-01,ME3 BM4,-2.3007
1944-03-01,1944-04-01,ME3 BM5,-1.36
1944-03-01,1944-04-01,ME4 BM1,-2.664
1944-03-01,1944-04-01,ME4 BM2,-2.0722
1944-03-01,1944-04-01,ME4 BM3,-3.6274
1944-03-01,1944-04-01,ME4 BM4,-2.9204
1944-03-01,1944-04-01,ME4 BM5,-5.2439
1944-03-01,1944-04-01,BIG LoBM,-1.2435
1944-03-01,1944-04-01,ME5 BM2,-1.4341
1944-03-01,1944-04-01,ME5 BM3,-1.5862
1944-03-01,1944-04-01,ME5 BM4,-1.0426
1944-03-01,1944-04-01,BIG HiBM,-1.2181
1944-04-01,1944-05-01,SMALL LoBM,7.5139
1944-04-01,1944-05-01,ME1 BM2,3.1414
1944-04-01,1944-05-01,ME1 BM3,11.8401
1944-04-01,1944-05-01,ME1 BM4,6.3426
1944-04-01,1944-05-01,SMALL HiBM,8.8601
1944-04-01,1944-05-01,ME2 BM1,4.818
1944-04-01,1944-05-01,ME2 BM2,6.1874
1944-04-01,1944-05-01,ME2 BM3,5.7272
1944-04-01,1944-05-01,ME2 BM4,5.3854
1944-04-01,1944-05-01,ME2 BM5,8.0988
1944-04-01,1944-05-01,ME3 BM1,6.0615
1944-04-01,1944-05-01,ME3 BM2,7.1244
1944-04-01,1944-05-01,ME3 BM3,7.0414
1944-04-01,1944-05-01,ME3 BM4,5.9606
1944-04-01,1944-05-01,ME3 BM5,8.9286
1944-04-01,1944-05-01,ME4 BM1,4.7423
1944-04-01,1944-05-01,ME4 BM2,5.7146
1944-04-01,1944-05-01,ME4 BM3,6.1351
1944-04-01,1944-05-01,ME4 BM4,8.7504
1944-04-01,1944-05-01,ME4 BM5,7.736
1944-04-01,1944-05-01,BIG LoBM,4.4385
1944-04-01,1944-05-01,ME5 BM2,4.6579
1944-04-01,1944-05-01,ME5 BM3,4.5819
1944-04-01,1944-05-01,ME5 BM4,4.4786
1944-04-01,1944-05-01,BIG HiBM,7.0071
1944-05-01,1944-06-01,SMALL LoBM,25.5976
1944-05-01,1944-06-01,ME1 BM2,14.4868
1944-05-01,1944-06-01,ME1 BM3,11.126
1944-05-01,1944-06-01,ME1 BM4,14.9118
1944-05-01,1944-06-01,SMALL HiBM,16.5867
1944-05-01,1944-06-01,ME2 BM1,12.1279
1944-05-01,1944-06-01,ME2 BM2,12.4265
1944-05-01,1944-06-01,ME2 BM3,5.1505
1944-05-01,1944-06-01,ME2 BM4,8.1721
1944-05-01,1944-06-01,ME2 BM5,9.1455
1944-05-01,1944-06-01,ME3 BM1,5.5612
1944-05-01,1944-06-01,ME3 BM2,8.6696
1944-05-01,1944-06-01,ME3 BM3,8.9722
1944-05-01,1944-06-01,ME3 BM4,9.4539
1944-05-01,1944-06-01,ME3 BM5,10.1038
1944-05-01,1944-06-01,ME4 BM1,6.5747
1944-05-01,1944-06-01,ME4 BM2,8.0411
1944-05-01,1944-06-01,ME4 BM3,8.3906
1944-05-01,1944-06-01,ME4 BM4,13.8369
1944-05-01,1944-06-01,ME4 BM5,10.1989
1944-05-01,1944-06-01,BIG LoBM,5.5223
1944-05-01,1944-06-01,ME5 BM2,3.6879
1944-05-01,1944-06-01,ME5 BM3,3.3434
1944-05-01,1944-06-01,ME5 BM4,5.8914
1944-05-01,1944-06-01,BIG HiBM,5.2524
1944-06-01,1944-07-01,SMALL LoBM,-4.2234
1944-06-01,1944-07-01,ME1 BM2,-2.3568
1944-06-01,1944-07-01,ME1 BM3,-0.7932
1944-06-01,1944-07-01,ME1 BM4,0.9286
1944-06-01,1944-07-01,SMALL HiBM,-3.9255
1944-06-01,1944-07-01,ME2 BM1,-0.0477
1944-06-01,1944-07-01,ME2 BM2,0.0052
1944-06-01,1944-07-01,ME2 BM3,-2.3526
1944-06-01,1944-07-01,ME2 BM4,-2.4831
1944-06-01,1944-07-01,ME2 BM5,-1.067
1944-06-01,1944-07-01,ME3 BM1,-0.3026
1944-06-01,1944-07-01,ME3 BM2,-0.6881
1944-06-01,1944-07-01,ME3 BM3,-0.6047
1944-06-01,1944-07-01,ME3 BM4,-1.4061
1944-06-01,1944-07-01,ME3 BM5,-1.1912
1944-06-01,1944-07-01,ME4 BM1,0.0786
1944-06-01,1944-07-01,ME4 BM2,-1.3893
1944-06-01,1944-07-01,ME4 BM3,-1.175
1944-06-01,1944-07-01,ME4 BM4,-2.6847
1944-06-01,1944-07-01,ME4 BM5,-0.4585
1944-06-01,1944-07-01,BIG LoBM,-1.9732
1944-06-01,1944-07-01,ME5 BM2,-1.5398
1944-06-01,1944-07-01,ME5 BM3,-1.1822
1944-06-01,1944-07-01,ME5 BM4,-1.116
1944-06-01,1944-07-01,BIG HiBM,-0.5269
1944-07-01,1944-08-01,SMALL LoBM,7.9502
1944-07-01,1944-08-01,ME1 BM2,2.7194
1944-07-01,1944-08-01,ME1 BM3,2.0053
1944-07-01,1944-08-01,ME1 BM4,2.8518
1944-07-01,1944-08-01,SMALL HiBM,3.2762
1944-07-01,1944-08-01,ME2 BM1,2.9175
1944-07-01,1944-08-01,ME2 BM2,4.2923
1944-07-01,1944-08-01,ME2 BM3,4.5269
1944-07-01,1944-08-01,ME2 BM4,4.6696
1944-07-01,1944-08-01,ME2 BM5,-1.1398
1944-07-01,1944-08-01,ME3 BM1,2.793
1944-07-01,1944-08-01,ME3 BM2,4.439
1944-07-01,1944-08-01,ME3 BM3,3.8428
1944-07-01,1944-08-01,ME3 BM4,3.5007
1944-07-01,1944-08-01,ME3 BM5,2.2065
1944-07-01,1944-08-01,ME4 BM1,0.6848
1944-07-01,1944-08-01,ME4 BM2,3.1759
1944-07-01,1944-08-01,ME4 BM3,2.7238
1944-07-01,1944-08-01,ME4 BM4,3.7851
1944-07-01,1944-08-01,ME4 BM5,1.1094
1944-07-01,1944-08-01,BIG LoBM,1.7383
1944-07-01,1944-08-01,ME5 BM2,0.219
1944-07-01,1944-08-01,ME5 BM3,2.0225
1944-07-01,1944-08-01,ME5 BM4,1.0886
1944-07-01,1944-08-01,BIG HiBM,0.0978
1944-08-01,1944-09-01,SMALL LoBM,-2.3059
1944-08-01,1944-09-01,ME1 BM2,2.5285
1944-08-01,1944-09-01,ME1 BM3,2.9663
1944-08-01,1944-09-01,ME1 BM4,-0.0624
1944-08-01,1944-09-01,SMALL HiBM,-0.4266
1944-08-01,1944-09-01,ME2 BM1,2.9494
1944-08-01,1944-09-01,ME2 BM2,-0.315
1944-08-01,1944-09-01,ME2 BM3,-1.4755
1944-08-01,1944-09-01,ME2 BM4,0.0497
1944-08-01,1944-09-01,ME2 BM5,1.3005
1944-08-01,1944-09-01,ME3 BM1,0.6987
1944-08-01,1944-09-01,ME3 BM2,0.9111
1944-08-01,1944-09-01,ME3 BM3,-1.1528
1944-08-01,1944-09-01,ME3 BM4,2.1047
1944-08-01,1944-09-01,ME3 BM5,0.3033
1944-08-01,1944-09-01,ME4 BM1,-0.1799
1944-08-01,1944-09-01,ME4 BM2,-0.9461
1944-08-01,1944-09-01,ME4 BM3,-0.1449
1944-08-01,1944-09-01,ME4 BM4,1.7168
1944-08-01,1944-09-01,ME4 BM5,-0.6069
1944-08-01,1944-09-01,BIG LoBM,0.4871
1944-08-01,1944-09-01,ME5 BM2,-0.3429
1944-08-01,1944-09-01,ME5 BM3,0.1536
1944-08-01,1944-09-01,ME5 BM4,-0.356
1944-08-01,1944-09-01,BIG HiBM,0.1582
1944-09-01,1944-10-01,SMALL LoBM,-0.2408
1944-09-01,1944-10-01,ME1 BM2,1.3284
1944-09-01,1944-10-01,ME1 BM3,1.1235
1944-09-01,1944-10-01,ME1 BM4,0.347
1944-09-01,1944-10-01,SMALL HiBM,0.6171
1944-09-01,1944-10-01,ME2 BM1,-0.7889
1944-09-01,1944-10-01,ME2 BM2,0.5946
1944-09-01,1944-10-01,ME2 BM3,0.8179
1944-09-01,1944-10-01,ME2 BM4,0.6478
1944-09-01,1944-10-01,ME2 BM5,-0.942
1944-09-01,1944-10-01,ME3 BM1,-1.3722
1944-09-01,1944-10-01,ME3 BM2,1.2784
1944-09-01,1944-10-01,ME3 BM3,0.0212
1944-09-01,1944-10-01,ME3 BM4,-0.9328
1944-09-01,1944-10-01,ME3 BM5,-0.4783
1944-09-01,1944-10-01,ME4 BM1,-0.1952
1944-09-01,1944-10-01,ME4 BM2,-1.2562
1944-09-01,1944-10-01,ME4 BM3,-0.6319
1944-09-01,1944-10-01,ME4 BM4,0.444
1944-09-01,1944-10-01,ME4 BM5,-1.0976
1944-09-01,1944-10-01,BIG LoBM,-0.2989
1944-09-01,1944-10-01,ME5 BM2,0.9764
1944-09-01,1944-10-01,ME5 BM3,1.2975
1944-09-01,1944-10-01,ME5 BM4,-0.3345
1944-09-01,1944-10-01,BIG HiBM,0.8205
1944-10-01,1944-11-01,SMALL LoBM,2.5128
1944-10-01,1944-11-01,ME1 BM2,-0.8212
1944-10-01,1944-11-01,ME1 BM3,2.9322
1944-10-01,1944-11-01,ME1 BM4,4.9244
1944-10-01,1944-11-01,SMALL HiBM,1.6744
1944-10-01,1944-11-01,ME2 BM1,2.3689
1944-10-01,1944-11-01,ME2 BM2,1.4715
1944-10-01,1944-11-01,ME2 BM3,3.4391
1944-10-01,1944-11-01,ME2 BM4,3.279
1944-10-01,1944-11-01,ME2 BM5,4.0685
1944-10-01,1944-11-01,ME3 BM1,0.4984
1944-10-01,1944-11-01,ME3 BM2,2.6057
1944-10-01,1944-11-01,ME3 BM3,1.3295
1944-10-01,1944-11-01,ME3 BM4,1.7221
1944-10-01,1944-11-01,ME3 BM5,3.7085
1944-10-01,1944-11-01,ME4 BM1,1.6311
1944-10-01,1944-11-01,ME4 BM2,2.36
1944-10-01,1944-11-01,ME4 BM3,2.4945
1944-10-01,1944-11-01,ME4 BM4,4.7691
1944-10-01,1944-11-01,ME4 BM5,1.564
1944-10-01,1944-11-01,BIG LoBM,1.074
1944-10-01,1944-11-01,ME5 BM2,1.6718
1944-10-01,1944-11-01,ME5 BM3,2.0999
1944-10-01,1944-11-01,ME5 BM4,2.5264
1944-10-01,1944-11-01,BIG HiBM,3.8894
1944-11-01,1944-12-01,SMALL LoBM,2.6415
1944-11-01,1944-12-01,ME1 BM2,4.0186
1944-11-01,1944-12-01,ME1 BM3,6.5661
1944-11-01,1944-12-01,ME1 BM4,7.283
1944-11-01,1944-12-01,SMALL HiBM,15.2621
1944-11-01,1944-12-01,ME2 BM1,6.8354
1944-11-01,1944-12-01,ME2 BM2,5.4049
1944-11-01,1944-12-01,ME2 BM3,7.6115
1944-11-01,1944-12-01,ME2 BM4,6.9333
1944-11-01,1944-12-01,ME2 BM5,14.0395
1944-11-01,1944-12-01,ME3 BM1,5.3573
1944-11-01,1944-12-01,ME3 BM2,7.9906
1944-11-01,1944-12-01,ME3 BM3,5.907
1944-11-01,1944-12-01,ME3 BM4,5.426
1944-11-01,1944-12-01,ME3 BM5,10.8901
1944-11-01,1944-12-01,ME4 BM1,3.3637
1944-11-01,1944-12-01,ME4 BM2,5.1362
1944-11-01,1944-12-01,ME4 BM3,5.5872
1944-11-01,1944-12-01,ME4 BM4,6.5744
1944-11-01,1944-12-01,ME4 BM5,12.2393
1944-11-01,1944-12-01,BIG LoBM,2.1855
1944-11-01,1944-12-01,ME5 BM2,3.1485
1944-11-01,1944-12-01,ME5 BM3,4.854
1944-11-01,1944-12-01,ME5 BM4,4.7381
1944-11-01,1944-12-01,BIG HiBM,11.8332
1944-12-01,1945-01-01,SMALL LoBM,12.2978
1944-12-01,1945-01-01,ME1 BM2,4.8534
1944-12-01,1945-01-01,ME1 BM3,6.0913
1944-12-01,1945-01-01,ME1 BM4,4.7689
1944-12-01,1945-01-01,SMALL HiBM,3.8313
1944-12-01,1945-01-01,ME2 BM1,4.8688
1944-12-01,1945-01-01,ME2 BM2,3.7373
1944-12-01,1945-01-01,ME2 BM3,5.1218
1944-12-01,1945-01-01,ME2 BM4,6.772
1944-12-01,1945-01-01,ME2 BM5,3.4336
1944-12-01,1945-01-01,ME3 BM1,4.0922
1944-12-01,1945-01-01,ME3 BM2,4.3166
1944-12-01,1945-01-01,ME3 BM3,3.8496
1944-12-01,1945-01-01,ME3 BM4,3.3437
1944-12-01,1945-01-01,ME3 BM5,4.6493
1944-12-01,1945-01-01,ME4 BM1,2.8471
1944-12-01,1945-01-01,ME4 BM2,3.1551
1944-12-01,1945-01-01,ME4 BM3,2.949
1944-12-01,1945-01-01,ME4 BM4,1.6218
1944-12-01,1945-01-01,ME4 BM5,3.4829
1944-12-01,1945-01-01,BIG LoBM,0.9977
1944-12-01,1945-01-01,ME5 BM2,0.7513
1944-12-01,1945-01-01,ME5 BM3,3.0179
1944-12-01,1945-01-01,ME5 BM4,5.9981
1944-12-01,1945-01-01,BIG HiBM,1.1559
1945-01-01,1945-02-01,SMALL LoBM,6.6349
1945-01-01,1945-02-01,ME1 BM2,4.9645
1945-01-01,1945-02-01,ME1 BM3,9.4874
1945-01-01,1945-02-01,ME1 BM4,7.7908
1945-01-01,1945-02-01,SMALL HiBM,11.4183
1945-01-01,1945-02-01,ME2 BM1,7.4139
1945-01-01,1945-02-01,ME2 BM2,7.4469
1945-01-01,1945-02-01,ME2 BM3,10.5954
1945-01-01,1945-02-01,ME2 BM4,8.0611
1945-01-01,1945-02-01,ME2 BM5,12.0541
1945-01-01,1945-02-01,ME3 BM1,6.6769
1945-01-01,1945-02-01,ME3 BM2,5.7644
1945-01-01,1945-02-01,ME3 BM3,9.2334
1945-01-01,1945-02-01,ME3 BM4,9.1026
1945-01-01,1945-02-01,ME3 BM5,10.5011
1945-01-01,1945-02-01,ME4 BM1,6.7683
1945-01-01,1945-02-01,ME4 BM2,6.8516
1945-01-01,1945-02-01,ME4 BM3,7.0271
1945-01-01,1945-02-01,ME4 BM4,10.7896
1945-01-01,1945-02-01,ME4 BM5,14.3548
1945-01-01,1945-02-01,BIG LoBM,5.2516
1945-01-01,1945-02-01,ME5 BM2,5.1524
1945-01-01,1945-02-01,ME5 BM3,5.1454
1945-01-01,1945-02-01,ME5 BM4,7.5877
1945-01-01,1945-02-01,BIG HiBM,8.8503
1945-02-01,1945-03-01,SMALL LoBM,-8.0209
1945-02-01,1945-03-01,ME1 BM2,-8.0864
1945-02-01,1945-03-01,ME1 BM3,-9.1857
1945-02-01,1945-03-01,ME1 BM4,-8.2522
1945-02-01,1945-03-01,SMALL HiBM,-11.8275
1945-02-01,1945-03-01,ME2 BM1,-5.0251
1945-02-01,1945-03-01,ME2 BM2,-5.3948
1945-02-01,1945-03-01,ME2 BM3,-6.9933
1945-02-01,1945-03-01,ME2 BM4,-4.3804
1945-02-01,1945-03-01,ME2 BM5,-1.5298
1945-02-01,1945-03-01,ME3 BM1,-4.2519
1945-02-01,1945-03-01,ME3 BM2,-5.823
1945-02-01,1945-03-01,ME3 BM3,-5.3557
1945-02-01,1945-03-01,ME3 BM4,-6.0317
1945-02-01,1945-03-01,ME3 BM5,-7.4631
1945-02-01,1945-03-01,ME4 BM1,-3.992
1945-02-01,1945-03-01,ME4 BM2,-4.2919
1945-02-01,1945-03-01,ME4 BM3,-3.4869
1945-02-01,1945-03-01,ME4 BM4,-5.0282
1945-02-01,1945-03-01,ME4 BM5,-4.9306
1945-02-01,1945-03-01,BIG LoBM,-3.8491
1945-02-01,1945-03-01,ME5 BM2,-2.7064
1945-02-01,1945-03-01,ME5 BM3,-3.7439
1945-02-01,1945-03-01,ME5 BM4,-5.6508
1945-02-01,1945-03-01,BIG HiBM,-3.6765
1945-03-01,1945-04-01,SMALL LoBM,3.2238
1945-03-01,1945-04-01,ME1 BM2,9.0147
1945-03-01,1945-04-01,ME1 BM3,9.6647
1945-03-01,1945-04-01,ME1 BM4,8.6498
1945-03-01,1945-04-01,SMALL HiBM,8.5092
1945-03-01,1945-04-01,ME2 BM1,6.7074
1945-03-01,1945-04-01,ME2 BM2,7.1453
1945-03-01,1945-04-01,ME2 BM3,9.9369
1945-03-01,1945-04-01,ME2 BM4,8.3963
1945-03-01,1945-04-01,ME2 BM5,15.4438
1945-03-01,1945-04-01,ME3 BM1,8.9943
1945-03-01,1945-04-01,ME3 BM2,10.2253
1945-03-01,1945-04-01,ME3 BM3,6.8617
1945-03-01,1945-04-01,ME3 BM4,8.3835
1945-03-01,1945-04-01,ME3 BM5,12.0568
1945-03-01,1945-04-01,ME4 BM1,6.9155
1945-03-01,1945-04-01,ME4 BM2,9.3367
1945-03-01,1945-04-01,ME4 BM3,7.7951
1945-03-01,1945-04-01,ME4 BM4,7.7697
1945-03-01,1945-04-01,ME4 BM5,12.7896
1945-03-01,1945-04-01,BIG LoBM,7.6019
1945-03-01,1945-04-01,ME5 BM2,6.0619
1945-03-01,1945-04-01,ME5 BM3,7.7878
1945-03-01,1945-04-01,ME5 BM4,8.6241
1945-03-01,1945-04-01,BIG HiBM,11.0384
1945-04-01,1945-05-01,SMALL LoBM,2.3081
1945-04-01,1945-05-01,ME1 BM2,9.2928
1945-04-01,1945-05-01,ME1 BM3,3.7263
1945-04-01,1945-05-01,ME1 BM4,2.832
1945-04-01,1945-05-01,SMALL HiBM,6.1668
1945-04-01,1945-05-01,ME2 BM1,4.4324
1945-04-01,1945-05-01,ME2 BM2,2.2645
1945-04-01,1945-05-01,ME2 BM3,1.0946
1945-04-01,1945-05-01,ME2 BM4,2.4686
1945-04-01,1945-05-01,ME2 BM5,7.6121
1945-04-01,1945-05-01,ME3 BM1,0.3596
1945-04-01,1945-05-01,ME3 BM2,0.9308
1945-04-01,1945-05-01,ME3 BM3,3.1952
1945-04-01,1945-05-01,ME3 BM4,4.649
1945-04-01,1945-05-01,ME3 BM5,2.0895
1945-04-01,1945-05-01,ME4 BM1,2.4335
1945-04-01,1945-05-01,ME4 BM2,0.5905
1945-04-01,1945-05-01,ME4 BM3,3.3403
1945-04-01,1945-05-01,ME4 BM4,1.035
1945-04-01,1945-05-01,ME4 BM5,3.2658
1945-04-01,1945-05-01,BIG LoBM,1.6526
1945-04-01,1945-05-01,ME5 BM2,2.0826
1945-04-01,1945-05-01,ME5 BM3,0.7885
1945-04-01,1945-05-01,ME5 BM4,-0.2616
1945-04-01,1945-05-01,BIG HiBM,1.5419
1945-05-01,1945-06-01,SMALL LoBM,16.5883
1945-05-01,1945-06-01,ME1 BM2,2.7366
1945-05-01,1945-06-01,ME1 BM3,4.8216
1945-05-01,1945-06-01,ME1 BM4,6.2506
1945-05-01,1945-06-01,SMALL HiBM,15.0874
1945-05-01,1945-06-01,ME2 BM1,9.4331
1945-05-01,1945-06-01,ME2 BM2,0.0922
1945-05-01,1945-06-01,ME2 BM3,0.7836
1945-05-01,1945-06-01,ME2 BM4,1.3959
1945-05-01,1945-06-01,ME2 BM5,7.0655
1945-05-01,1945-06-01,ME3 BM1,1.6771
1945-05-01,1945-06-01,ME3 BM2,2.011
1945-05-01,1945-06-01,ME3 BM3,0.5636
1945-05-01,1945-06-01,ME3 BM4,2.6599
1945-05-01,1945-06-01,ME3 BM5,4.9976
1945-05-01,1945-06-01,ME4 BM1,-0.7002
1945-05-01,1945-06-01,ME4 BM2,0.2297
1945-05-01,1945-06-01,ME4 BM3,1.1532
1945-05-01,1945-06-01,ME4 BM4,3.2904
1945-05-01,1945-06-01,ME4 BM5,11.4133
1945-05-01,1945-06-01,BIG LoBM,-2.0849
1945-05-01,1945-06-01,ME5 BM2,0.225
1945-05-01,1945-06-01,ME5 BM3,0.8722
1945-05-01,1945-06-01,ME5 BM4,1.4777
1945-05-01,1945-06-01,BIG HiBM,2.075
1945-06-01,1945-07-01,SMALL LoBM,-2.9134
1945-06-01,1945-07-01,ME1 BM2,-3.7433
1945-06-01,1945-07-01,ME1 BM3,-4.3495
1945-06-01,1945-07-01,ME1 BM4,-3.8991
1945-06-01,1945-07-01,SMALL HiBM,-4.212
1945-06-01,1945-07-01,ME2 BM1,-1.5252
1945-06-01,1945-07-01,ME2 BM2,-4.0578
1945-06-01,1945-07-01,ME2 BM3,-4.0317
1945-06-01,1945-07-01,ME2 BM4,-3.2962
1945-06-01,1945-07-01,ME2 BM5,-5.9044
1945-06-01,1945-07-01,ME3 BM1,-4.225
1945-06-01,1945-07-01,ME3 BM2,-2.5861
1945-06-01,1945-07-01,ME3 BM3,-3.6781
1945-06-01,1945-07-01,ME3 BM4,-3.9723
1945-06-01,1945-07-01,ME3 BM5,-6.6829
1945-06-01,1945-07-01,ME4 BM1,-1.0167
1945-06-01,1945-07-01,ME4 BM2,-4.3863
1945-06-01,1945-07-01,ME4 BM3,-1.541
1945-06-01,1945-07-01,ME4 BM4,-3.8144
1945-06-01,1945-07-01,ME4 BM5,-6.1706
1945-06-01,1945-07-01,BIG LoBM,-1.382
1945-06-01,1945-07-01,ME5 BM2,0.0438
1945-06-01,1945-07-01,ME5 BM3,-3.0603
1945-06-01,1945-07-01,ME5 BM4,-2.0285
1945-06-01,1945-07-01,BIG HiBM,-4.5328
1945-07-01,1945-08-01,SMALL LoBM,-1.4727
1945-07-01,1945-08-01,ME1 BM2,11.6538
1945-07-01,1945-08-01,ME1 BM3,7.9797
1945-07-01,1945-08-01,ME1 BM4,5.0945
1945-07-01,1945-08-01,SMALL HiBM,4.8978
1945-07-01,1945-08-01,ME2 BM1,5.3135
1945-07-01,1945-08-01,ME2 BM2,8.0342
1945-07-01,1945-08-01,ME2 BM3,7.1788
1945-07-01,1945-08-01,ME2 BM4,6.3505
1945-07-01,1945-08-01,ME2 BM5,5.0762
1945-07-01,1945-08-01,ME3 BM1,10.1023
1945-07-01,1945-08-01,ME3 BM2,6.531
1945-07-01,1945-08-01,ME3 BM3,8.4925
1945-07-01,1945-08-01,ME3 BM4,7.3066
1945-07-01,1945-08-01,ME3 BM5,2.731
1945-07-01,1945-08-01,ME4 BM1,6.4567
1945-07-01,1945-08-01,ME4 BM2,9.2426
1945-07-01,1945-08-01,ME4 BM3,9.3429
1945-07-01,1945-08-01,ME4 BM4,6.292
1945-07-01,1945-08-01,ME4 BM5,0.8719
1945-07-01,1945-08-01,BIG LoBM,8.931
1945-07-01,1945-08-01,ME5 BM2,5.0912
1945-07-01,1945-08-01,ME5 BM3,4.126
1945-07-01,1945-08-01,ME5 BM4,2.467
1945-07-01,1945-08-01,BIG HiBM,2.6278
1945-08-01,1945-09-01,SMALL LoBM,14.1236
1945-08-01,1945-09-01,ME1 BM2,8.2943
1945-08-01,1945-09-01,ME1 BM3,3.2057
1945-08-01,1945-09-01,ME1 BM4,7.1683
1945-08-01,1945-09-01,SMALL HiBM,7.6846
1945-08-01,1945-09-01,ME2 BM1,3.9157
1945-08-01,1945-09-01,ME2 BM2,7.8
1945-08-01,1945-09-01,ME2 BM3,7.0039
1945-08-01,1945-09-01,ME2 BM4,6.9597
1945-08-01,1945-09-01,ME2 BM5,8.163
1945-08-01,1945-09-01,ME3 BM1,6.5669
1945-08-01,1945-09-01,ME3 BM2,6.6078
1945-08-01,1945-09-01,ME3 BM3,6.3305
1945-08-01,1945-09-01,ME3 BM4,7.5672
1945-08-01,1945-09-01,ME3 BM5,5.0723
1945-08-01,1945-09-01,ME4 BM1,4.462
1945-08-01,1945-09-01,ME4 BM2,7.0108
1945-08-01,1945-09-01,ME4 BM3,5.8106
1945-08-01,1945-09-01,ME4 BM4,5.8946
1945-08-01,1945-09-01,ME4 BM5,10.4561
1945-08-01,1945-09-01,BIG LoBM,5.0607
1945-08-01,1945-09-01,ME5 BM2,2.375
1945-08-01,1945-09-01,ME5 BM3,3.9485
1945-08-01,1945-09-01,ME5 BM4,5.0483
1945-08-01,1945-09-01,BIG HiBM,5.7815
1945-09-01,1945-10-01,SMALL LoBM,16.0256
1945-09-01,1945-10-01,ME1 BM2,10.1274
1945-09-01,1945-10-01,ME1 BM3,11.0303
1945-09-01,1945-10-01,ME1 BM4,12.5976
1945-09-01,1945-10-01,SMALL HiBM,9.7257
1945-09-01,1945-10-01,ME2 BM1,5.9759
1945-09-01,1945-10-01,ME2 BM2,6.1409
1945-09-01,1945-10-01,ME2 BM3,5.9352
1945-09-01,1945-10-01,ME2 BM4,5.9683
1945-09-01,1945-10-01,ME2 BM5,5.726
1945-09-01,1945-10-01,ME3 BM1,5.131
1945-09-01,1945-10-01,ME3 BM2,3.4193
1945-09-01,1945-10-01,ME3 BM3,6.3418
1945-09-01,1945-10-01,ME3 BM4,5.4745
1945-09-01,1945-10-01,ME3 BM5,5.4999
1945-09-01,1945-10-01,ME4 BM1,4.545
1945-09-01,1945-10-01,ME4 BM2,3.1111
1945-09-01,1945-10-01,ME4 BM3,6.032
1945-09-01,1945-10-01,ME4 BM4,5.8203
1945-09-01,1945-10-01,ME4 BM5,6.3481
1945-09-01,1945-10-01,BIG LoBM,2.0866
1945-09-01,1945-10-01,ME5 BM2,3.1127
1945-09-01,1945-10-01,ME5 BM3,5.508
1945-09-01,1945-10-01,ME5 BM4,7.1776
1945-09-01,1945-10-01,BIG HiBM,4.3251
1945-10-01,1945-11-01,SMALL LoBM,8.77
1945-10-01,1945-11-01,ME1 BM2,9.1106
1945-10-01,1945-11-01,ME1 BM3,13.9497
1945-10-01,1945-11-01,ME1 BM4,13.4296
1945-10-01,1945-11-01,SMALL HiBM,11.9104
1945-10-01,1945-11-01,ME2 BM1,13.6065
1945-10-01,1945-11-01,ME2 BM2,8.5252
1945-10-01,1945-11-01,ME2 BM3,7.3016
1945-10-01,1945-11-01,ME2 BM4,13.0175
1945-10-01,1945-11-01,ME2 BM5,9.6633
1945-10-01,1945-11-01,ME3 BM1,7.2331
1945-10-01,1945-11-01,ME3 BM2,11.4108
1945-10-01,1945-11-01,ME3 BM3,6.2767
1945-10-01,1945-11-01,ME3 BM4,9.3751
1945-10-01,1945-11-01,ME3 BM5,8.868
1945-10-01,1945-11-01,ME4 BM1,7.5052
1945-10-01,1945-11-01,ME4 BM2,10.5503
1945-10-01,1945-11-01,ME4 BM3,8.6932
1945-10-01,1945-11-01,ME4 BM4,10.7964
1945-10-01,1945-11-01,ME4 BM5,17.1955
1945-10-01,1945-11-01,BIG LoBM,2.1217
1945-10-01,1945-11-01,ME5 BM2,3.464
1945-10-01,1945-11-01,ME5 BM3,5.2022
1945-10-01,1945-11-01,ME5 BM4,5.499
1945-10-01,1945-11-01,BIG HiBM,9.1532
1945-11-01,1945-12-01,SMALL LoBM,6.2425
1945-11-01,1945-12-01,ME1 BM2,2.8012
1945-11-01,1945-12-01,ME1 BM3,4.9164
1945-11-01,1945-12-01,ME1 BM4,3.3152
1945-11-01,1945-12-01,SMALL HiBM,3.0141
1945-11-01,1945-12-01,ME2 BM1,5.0761
1945-11-01,1945-12-01,ME2 BM2,5.8226
1945-11-01,1945-12-01,ME2 BM3,3.154
1945-11-01,1945-12-01,ME2 BM4,3.4033
1945-11-01,1945-12-01,ME2 BM5,3.1392
1945-11-01,1945-12-01,ME3 BM1,2.3098
1945-11-01,1945-12-01,ME3 BM2,-0.0249
1945-11-01,1945-12-01,ME3 BM3,1.9465
1945-11-01,1945-12-01,ME3 BM4,4.8284
1945-11-01,1945-12-01,ME3 BM5,-0.7455
1945-11-01,1945-12-01,ME4 BM1,2.1947
1945-11-01,1945-12-01,ME4 BM2,2.5016
1945-11-01,1945-12-01,ME4 BM3,2.4518
1945-11-01,1945-12-01,ME4 BM4,2.8255
1945-11-01,1945-12-01,ME4 BM5,-0.2939
1945-11-01,1945-12-01,BIG LoBM,1.7645
1945-11-01,1945-12-01,ME5 BM2,0.8187
1945-11-01,1945-12-01,ME5 BM3,1.4351
1945-11-01,1945-12-01,ME5 BM4,-0.887
1945-11-01,1945-12-01,BIG HiBM,-1.0365
1945-12-01,1946-01-01,SMALL LoBM,34.0108
1945-12-01,1946-01-01,ME1 BM2,9.3653
1945-12-01,1946-01-01,ME1 BM3,11.6478
1945-12-01,1946-01-01,ME1 BM4,11.6472
1945-12-01,1946-01-01,SMALL HiBM,16.7396
1945-12-01,1946-01-01,ME2 BM1,7.431
1945-12-01,1946-01-01,ME2 BM2,8.3655
1945-12-01,1946-01-01,ME2 BM3,7.7537
1945-12-01,1946-01-01,ME2 BM4,8.2617
1945-12-01,1946-01-01,ME2 BM5,12.5847
1945-12-01,1946-01-01,ME3 BM1,5.7144
1945-12-01,1946-01-01,ME3 BM2,9.5947
1945-12-01,1946-01-01,ME3 BM3,6.6302
1945-12-01,1946-01-01,ME3 BM4,5.372
1945-12-01,1946-01-01,ME3 BM5,15.5299
1945-12-01,1946-01-01,ME4 BM1,5.0626
1945-12-01,1946-01-01,ME4 BM2,8.3897
1945-12-01,1946-01-01,ME4 BM3,9.1739
1945-12-01,1946-01-01,ME4 BM4,7.4661
1945-12-01,1946-01-01,ME4 BM5,9.8442
1945-12-01,1946-01-01,BIG LoBM,6.145
1945-12-01,1946-01-01,ME5 BM2,4.4365
1945-12-01,1946-01-01,ME5 BM3,4.0432
1945-12-01,1946-01-01,ME5 BM4,6.4845
1945-12-01,1946-01-01,BIG HiBM,7.8369
1946-01-01,1946-02-01,SMALL LoBM,-5.0543
1946-01-01,1946-02-01,ME1 BM2,-10.1231
1946-01-01,1946-02-01,ME1 BM3,-6.413
1946-01-01,1946-02-01,ME1 BM4,-6.9825
1946-01-01,1946-02-01,SMALL HiBM,-6.255
1946-01-01,1946-02-01,ME2 BM1,-5.0492
1946-01-01,1946-02-01,ME2 BM2,-6.3736
1946-01-01,1946-02-01,ME2 BM3,-7.1999
1946-01-01,1946-02-01,ME2 BM4,-6.1376
1946-01-01,1946-02-01,ME2 BM5,-7.6358
1946-01-01,1946-02-01,ME3 BM1,-6.5982
1946-01-01,1946-02-01,ME3 BM2,-6.1098
1946-01-01,1946-02-01,ME3 BM3,-5.8962
1946-01-01,1946-02-01,ME3 BM4,-8.4968
1946-01-01,1946-02-01,ME3 BM5,-9.5433
1946-01-01,1946-02-01,ME4 BM1,-5.1291
1946-01-01,1946-02-01,ME4 BM2,-6.1473
1946-01-01,1946-02-01,ME4 BM3,-5.3356
1946-01-01,1946-02-01,ME4 BM4,-6.8233
1946-01-01,1946-02-01,ME4 BM5,-7.3587
1946-01-01,1946-02-01,BIG LoBM,-5.8773
1946-01-01,1946-02-01,ME5 BM2,-4.37
1946-01-01,1946-02-01,ME5 BM3,-4.9421
1946-01-01,1946-02-01,ME5 BM4,-6.7446
1946-01-01,1946-02-01,BIG HiBM,-7.637
1946-02-01,1946-03-01,SMALL LoBM,-4.3296
1946-02-01,1946-03-01,ME1 BM2,3.7241
1946-02-01,1946-03-01,ME1 BM3,4.9845
1946-02-01,1946-03-01,ME1 BM4,4.4974
1946-02-01,1946-03-01,SMALL HiBM,4.0457
1946-02-01,1946-03-01,ME2 BM1,3.6997
1946-02-01,1946-03-01,ME2 BM2,7.694
1946-02-01,1946-03-01,ME2 BM3,5.4738
1946-02-01,1946-03-01,ME2 BM4,8.0035
1946-02-01,1946-03-01,ME2 BM5,4.1606
1946-02-01,1946-03-01,ME3 BM1,6.9856
1946-02-01,1946-03-01,ME3 BM2,8.4857
1946-02-01,1946-03-01,ME3 BM3,8.6189
1946-02-01,1946-03-01,ME3 BM4,8.4129
1946-02-01,1946-03-01,ME3 BM5,5.757
1946-02-01,1946-03-01,ME4 BM1,9.1837
1946-02-01,1946-03-01,ME4 BM2,8.4537
1946-02-01,1946-03-01,ME4 BM3,8.2929
1946-02-01,1946-03-01,ME4 BM4,6.3502
1946-02-01,1946-03-01,ME4 BM5,4.4968
1946-02-01,1946-03-01,BIG LoBM,4.5982
1946-02-01,1946-03-01,ME5 BM2,4.5005
1946-02-01,1946-03-01,ME5 BM3,8.3348
1946-02-01,1946-03-01,ME5 BM4,7.5423
1946-02-01,1946-03-01,BIG HiBM,3.8262
1946-03-01,1946-04-01,SMALL LoBM,2.865
1946-03-01,1946-04-01,ME1 BM2,6.2584
1946-03-01,1946-04-01,ME1 BM3,15.8161
1946-03-01,1946-04-01,ME1 BM4,7.0215
1946-03-01,1946-04-01,SMALL HiBM,6.7147
1946-03-01,1946-04-01,ME2 BM1,4.2556
1946-03-01,1946-04-01,ME2 BM2,8.8876
1946-03-01,1946-04-01,ME2 BM3,7.5997
1946-03-01,1946-04-01,ME2 BM4,6.6193
1946-03-01,1946-04-01,ME2 BM5,7.6425
1946-03-01,1946-04-01,ME3 BM1,3.9071
1946-03-01,1946-04-01,ME3 BM2,5.4133
1946-03-01,1946-04-01,ME3 BM3,5.524
1946-03-01,1946-04-01,ME3 BM4,6.6859
1946-03-01,1946-04-01,ME3 BM5,3.7801
1946-03-01,1946-04-01,ME4 BM1,6.3648
1946-03-01,1946-04-01,ME4 BM2,3.7632
1946-03-01,1946-04-01,ME4 BM3,7.7945
1946-03-01,1946-04-01,ME4 BM4,2.7746
1946-03-01,1946-04-01,ME4 BM5,1.116
1946-03-01,1946-04-01,BIG LoBM,3.4078
1946-03-01,1946-04-01,ME5 BM2,3.965
1946-03-01,1946-04-01,ME5 BM3,5.5076
1946-03-01,1946-04-01,ME5 BM4,5.7402
1946-03-01,1946-04-01,BIG HiBM,1.8983
1946-04-01,1946-05-01,SMALL LoBM,9.0831
1946-04-01,1946-05-01,ME1 BM2,7.5393
1946-04-01,1946-05-01,ME1 BM3,4.7079
1946-04-01,1946-05-01,ME1 BM4,1.8392
1946-04-01,1946-05-01,SMALL HiBM,6.4597
1946-04-01,1946-05-01,ME2 BM1,6.1968
1946-04-01,1946-05-01,ME2 BM2,4.0111
1946-04-01,1946-05-01,ME2 BM3,6.0705
1946-04-01,1946-05-01,ME2 BM4,4.168
1946-04-01,1946-05-01,ME2 BM5,8.8903
1946-04-01,1946-05-01,ME3 BM1,5.2592
1946-04-01,1946-05-01,ME3 BM2,8.4287
1946-04-01,1946-05-01,ME3 BM3,7.5523
1946-04-01,1946-05-01,ME3 BM4,5.7528
1946-04-01,1946-05-01,ME3 BM5,4.4729
1946-04-01,1946-05-01,ME4 BM1,5.1432
1946-04-01,1946-05-01,ME4 BM2,4.2832
1946-04-01,1946-05-01,ME4 BM3,5.1288
1946-04-01,1946-05-01,ME4 BM4,7.1788
1946-04-01,1946-05-01,ME4 BM5,11.3292
1946-04-01,1946-05-01,BIG LoBM,2.5617
1946-04-01,1946-05-01,ME5 BM2,4.0211
1946-04-01,1946-05-01,ME5 BM3,1.8909
1946-04-01,1946-05-01,ME5 BM4,5.7224
1946-04-01,1946-05-01,BIG HiBM,5.7257
1946-05-01,1946-06-01,SMALL LoBM,-6.0324
1946-05-01,1946-06-01,ME1 BM2,-3.8834
1946-05-01,1946-06-01,ME1 BM3,-5.802
1946-05-01,1946-06-01,ME1 BM4,-4.1781
1946-05-01,1946-06-01,SMALL HiBM,-6.0803
1946-05-01,1946-06-01,ME2 BM1,-4.1699
1946-05-01,1946-06-01,ME2 BM2,-5.6062
1946-05-01,1946-06-01,ME2 BM3,-5.2942
1946-05-01,1946-06-01,ME2 BM4,-5.5726
1946-05-01,1946-06-01,ME2 BM5,-5.9305
1946-05-01,1946-06-01,ME3 BM1,-5.4143
1946-05-01,1946-06-01,ME3 BM2,-5.6642
1946-05-01,1946-06-01,ME3 BM3,-4.6565
1946-05-01,1946-06-01,ME3 BM4,-6.3448
1946-05-01,1946-06-01,ME3 BM5,-4.7646
1946-05-01,1946-06-01,ME4 BM1,-5.4387
1946-05-01,1946-06-01,ME4 BM2,-6.2437
1946-05-01,1946-06-01,ME4 BM3,-5.4824
1946-05-01,1946-06-01,ME4 BM4,-6.1204
1946-05-01,1946-06-01,ME4 BM5,-5.3901
1946-05-01,1946-06-01,BIG LoBM,-4.3085
1946-05-01,1946-06-01,ME5 BM2,-2.5137
1946-05-01,1946-06-01,ME5 BM3,-0.9666
1946-05-01,1946-06-01,ME5 BM4,-5.6233
1946-05-01,1946-06-01,BIG HiBM,-2.7747
1946-06-01,1946-07-01,SMALL LoBM,-6.6808
1946-06-01,1946-07-01,ME1 BM2,-6.7544
1946-06-01,1946-07-01,ME1 BM3,-0.1055
1946-06-01,1946-07-01,ME1 BM4,-3.2959
1946-06-01,1946-07-01,SMALL HiBM,-6.525
1946-06-01,1946-07-01,ME2 BM1,-4.171
1946-06-01,1946-07-01,ME2 BM2,-5.0913
1946-06-01,1946-07-01,ME2 BM3,-3.6122
1946-06-01,1946-07-01,ME2 BM4,-3.9153
1946-06-01,1946-07-01,ME2 BM5,-4.7177
1946-06-01,1946-07-01,ME3 BM1,-5.5513
1946-06-01,1946-07-01,ME3 BM2,-2.3864
1946-06-01,1946-07-01,ME3 BM3,-4.7555
1946-06-01,1946-07-01,ME3 BM4,-3.4537
1946-06-01,1946-07-01,ME3 BM5,-4.5924
1946-06-01,1946-07-01,ME4 BM1,-3.7716
1946-06-01,1946-07-01,ME4 BM2,-2.366
1946-06-01,1946-07-01,ME4 BM3,-4.0807
1946-06-01,1946-07-01,ME4 BM4,-3.7856
1946-06-01,1946-07-01,ME4 BM5,-6.2642
1946-06-01,1946-07-01,BIG LoBM,-2.1114
1946-06-01,1946-07-01,ME5 BM2,-4.2229
1946-06-01,1946-07-01,ME5 BM3,-1.6576
1946-06-01,1946-07-01,ME5 BM4,-1.218
1946-06-01,1946-07-01,BIG HiBM,-2.5111
1946-07-01,1946-08-01,SMALL LoBM,-9.5653
1946-07-01,1946-08-01,ME1 BM2,-8.7333
1946-07-01,1946-08-01,ME1 BM3,-10.4876
1946-07-01,1946-08-01,ME1 BM4,-7.7068
1946-07-01,1946-08-01,SMALL HiBM,-9.1426
1946-07-01,1946-08-01,ME2 BM1,-6.8787
1946-07-01,1946-08-01,ME2 BM2,-8.0261
1946-07-01,1946-08-01,ME2 BM3,-8.3352
1946-07-01,1946-08-01,ME2 BM4,-8.5286
1946-07-01,1946-08-01,ME2 BM5,-7.9592
1946-07-01,1946-08-01,ME3 BM1,-9.0849
1946-07-01,1946-08-01,ME3 BM2,-8.0579
1946-07-01,1946-08-01,ME3 BM3,-7.1929
1946-07-01,1946-08-01,ME3 BM4,-6.4818
1946-07-01,1946-08-01,ME3 BM5,-8.4587
1946-07-01,1946-08-01,ME4 BM1,-6.7563
1946-07-01,1946-08-01,ME4 BM2,-6.2783
1946-07-01,1946-08-01,ME4 BM3,-6.6416
1946-07-01,1946-08-01,ME4 BM4,-5.4675
1946-07-01,1946-08-01,ME4 BM5,-9.205
1946-07-01,1946-08-01,BIG LoBM,-5.9922
1946-07-01,1946-08-01,ME5 BM2,-6.685
1946-07-01,1946-08-01,ME5 BM3,-6.6606
1946-07-01,1946-08-01,ME5 BM4,-5.0463
1946-07-01,1946-08-01,BIG HiBM,-6.7526
1946-08-01,1946-09-01,SMALL LoBM,-16.0231
1946-08-01,1946-09-01,ME1 BM2,-18.3151
1946-08-01,1946-09-01,ME1 BM3,-15.1269
1946-08-01,1946-09-01,ME1 BM4,-15.149
1946-08-01,1946-09-01,SMALL HiBM,-18.3039
1946-08-01,1946-09-01,ME2 BM1,-14.006
1946-08-01,1946-09-01,ME2 BM2,-13.5561
1946-08-01,1946-09-01,ME2 BM3,-13.7475
1946-08-01,1946-09-01,ME2 BM4,-13.0178
1946-08-01,1946-09-01,ME2 BM5,-16.3693
1946-08-01,1946-09-01,ME3 BM1,-13.8491
1946-08-01,1946-09-01,ME3 BM2,-11.8464
1946-08-01,1946-09-01,ME3 BM3,-13.1732
1946-08-01,1946-09-01,ME3 BM4,-11.9792
1946-08-01,1946-09-01,ME3 BM5,-14.801
1946-08-01,1946-09-01,ME4 BM1,-11.1987
1946-08-01,1946-09-01,ME4 BM2,-10.8013
1946-08-01,1946-09-01,ME4 BM3,-14.4388
1946-08-01,1946-09-01,ME4 BM4,-8.5019
1946-08-01,1946-09-01,ME4 BM5,-16.337
1946-08-01,1946-09-01,BIG LoBM,-9.8105
1946-08-01,1946-09-01,ME5 BM2,-8.642
1946-08-01,1946-09-01,ME5 BM3,-6.4043
1946-08-01,1946-09-01,ME5 BM4,-8.3554
1946-08-01,1946-09-01,BIG HiBM,-13.0888
1946-09-01,1946-10-01,SMALL LoBM,-4.0702
1946-09-01,1946-10-01,ME1 BM2,-3.6252
1946-09-01,1946-10-01,ME1 BM3,1.584
1946-09-01,1946-10-01,ME1 BM4,-1.5394
1946-09-01,1946-10-01,SMALL HiBM,0.2542
1946-09-01,1946-10-01,ME2 BM1,-4.6607
1946-09-01,1946-10-01,ME2 BM2,-2.5873
1946-09-01,1946-10-01,ME2 BM3,-1.1022
1946-09-01,1946-10-01,ME2 BM4,-0.6646
1946-09-01,1946-10-01,ME2 BM5,-0.7242
1946-09-01,1946-10-01,ME3 BM1,-0.9219
1946-09-01,1946-10-01,ME3 BM2,-2.511
1946-09-01,1946-10-01,ME3 BM3,-2.134
1946-09-01,1946-10-01,ME3 BM4,-0.4684
1946-09-01,1946-10-01,ME3 BM5,0.8587
1946-09-01,1946-10-01,ME4 BM1,-3.6438
1946-09-01,1946-10-01,ME4 BM2,-0.4553
1946-09-01,1946-10-01,ME4 BM3,-2.1094
1946-09-01,1946-10-01,ME4 BM4,-0.9588
1946-09-01,1946-10-01,ME4 BM5,2.9369
1946-09-01,1946-10-01,BIG LoBM,-2.3744
1946-09-01,1946-10-01,ME5 BM2,-2.7363
1946-09-01,1946-10-01,ME5 BM3,-3.409
1946-09-01,1946-10-01,ME5 BM4,0.1557
1946-09-01,1946-10-01,BIG HiBM,0.9836
1946-10-01,1946-11-01,SMALL LoBM,-2.87
1946-10-01,1946-11-01,ME1 BM2,0.9934
1946-10-01,1946-11-01,ME1 BM3,-2.7122
1946-10-01,1946-11-01,ME1 BM4,-1.9177
1946-10-01,1946-11-01,SMALL HiBM,0.3515
1946-10-01,1946-11-01,ME2 BM1,-4.4598
1946-10-01,1946-11-01,ME2 BM2,0.0902
1946-10-01,1946-11-01,ME2 BM3,-0.3168
1946-10-01,1946-11-01,ME2 BM4,-0.74
1946-10-01,1946-11-01,ME2 BM5,1.9406
1946-10-01,1946-11-01,ME3 BM1,-0.5375
1946-10-01,1946-11-01,ME3 BM2,0.5488
1946-10-01,1946-11-01,ME3 BM3,1.0863
1946-10-01,1946-11-01,ME3 BM4,-0.771
1946-10-01,1946-11-01,ME3 BM5,2.2338
1946-10-01,1946-11-01,ME4 BM1,2.0501
1946-10-01,1946-11-01,ME4 BM2,0.313
1946-10-01,1946-11-01,ME4 BM3,1.3296
1946-10-01,1946-11-01,ME4 BM4,-0.7904
1946-10-01,1946-11-01,ME4 BM5,0.8363
1946-10-01,1946-11-01,BIG LoBM,-0.2484
1946-10-01,1946-11-01,ME5 BM2,-0.168
1946-10-01,1946-11-01,ME5 BM3,0.292
1946-10-01,1946-11-01,ME5 BM4,0.8825
1946-10-01,1946-11-01,BIG HiBM,-0.7145
1946-11-01,1946-12-01,SMALL LoBM,1.6814
1946-11-01,1946-12-01,ME1 BM2,8.4591
1946-11-01,1946-12-01,ME1 BM3,3.4623
1946-11-01,1946-12-01,ME1 BM4,3.2461
1946-11-01,1946-12-01,SMALL HiBM,3.1067
1946-11-01,1946-12-01,ME2 BM1,4.556
1946-11-01,1946-12-01,ME2 BM2,6.9336
1946-11-01,1946-12-01,ME2 BM3,4.0272
1946-11-01,1946-12-01,ME2 BM4,4.7507
1946-11-01,1946-12-01,ME2 BM5,4.1911
1946-11-01,1946-12-01,ME3 BM1,5.9205
1946-11-01,1946-12-01,ME3 BM2,4.5187
1946-11-01,1946-12-01,ME3 BM3,6.7261
1946-11-01,1946-12-01,ME3 BM4,7.0546
1946-11-01,1946-12-01,ME3 BM5,3.1989
1946-11-01,1946-12-01,ME4 BM1,7.3988
1946-11-01,1946-12-01,ME4 BM2,5.3931
1946-11-01,1946-12-01,ME4 BM3,7.9898
1946-11-01,1946-12-01,ME4 BM4,2.6343
1946-11-01,1946-12-01,ME4 BM5,4.3102
1946-11-01,1946-12-01,BIG LoBM,5.3036
1946-11-01,1946-12-01,ME5 BM2,6.3222
1946-11-01,1946-12-01,ME5 BM3,4.0363
1946-11-01,1946-12-01,ME5 BM4,4.4418
1946-11-01,1946-12-01,BIG HiBM,3.6567
1946-12-01,1947-01-01,SMALL LoBM,5.8837
1946-12-01,1947-01-01,ME1 BM2,5.8197
1946-12-01,1947-01-01,ME1 BM3,3.0515
1946-12-01,1947-01-01,ME1 BM4,5.0178
1946-12-01,1947-01-01,SMALL HiBM,5.1362
1946-12-01,1947-01-01,ME2 BM1,6.406
1946-12-01,1947-01-01,ME2 BM2,2.4403
1946-12-01,1947-01-01,ME2 BM3,3.0751
1946-12-01,1947-01-01,ME2 BM4,2.3687
1946-12-01,1947-01-01,ME2 BM5,4.4307
1946-12-01,1947-01-01,ME3 BM1,1.5884
1946-12-01,1947-01-01,ME3 BM2,2.7626
1946-12-01,1947-01-01,ME3 BM3,2.0569
1946-12-01,1947-01-01,ME3 BM4,0.2118
1946-12-01,1947-01-01,ME3 BM5,4.5387
1946-12-01,1947-01-01,ME4 BM1,-1.7612
1946-12-01,1947-01-01,ME4 BM2,0.762
1946-12-01,1947-01-01,ME4 BM3,1.7238
1946-12-01,1947-01-01,ME4 BM4,3.3573
1946-12-01,1947-01-01,ME4 BM5,1.8998
1946-12-01,1947-01-01,BIG LoBM,2.3781
1946-12-01,1947-01-01,ME5 BM2,-0.1532
1946-12-01,1947-01-01,ME5 BM3,1.325
1946-12-01,1947-01-01,ME5 BM4,-0.5479
1946-12-01,1947-01-01,BIG HiBM,1.3859
1947-01-01,1947-02-01,SMALL LoBM,1.0628
1947-01-01,1947-02-01,ME1 BM2,-2.0283
1947-01-01,1947-02-01,ME1 BM3,-0.9668
1947-01-01,1947-02-01,ME1 BM4,0.9608
1947-01-01,1947-02-01,SMALL HiBM,0.2818
1947-01-01,1947-02-01,ME2 BM1,-2.3234
1947-01-01,1947-02-01,ME2 BM2,-0.0557
1947-01-01,1947-02-01,ME2 BM3,1.6222
1947-01-01,1947-02-01,ME2 BM4,-1.4643
1947-01-01,1947-02-01,ME2 BM5,0.9856
1947-01-01,1947-02-01,ME3 BM1,-1.1892
1947-01-01,1947-02-01,ME3 BM2,-1.4645
1947-01-01,1947-02-01,ME3 BM3,-1.375
1947-01-01,1947-02-01,ME3 BM4,-0.7029
1947-01-01,1947-02-01,ME3 BM5,0.804
1947-01-01,1947-02-01,ME4 BM1,-2.1403
1947-01-01,1947-02-01,ME4 BM2,-0.8833
1947-01-01,1947-02-01,ME4 BM3,-2.0517
1947-01-01,1947-02-01,ME4 BM4,-1.844
1947-01-01,1947-02-01,ME4 BM5,0.1675
1947-01-01,1947-02-01,BIG LoBM,0.6778
1947-01-01,1947-02-01,ME5 BM2,-0.4905
1947-01-01,1947-02-01,ME5 BM3,-1.554
1947-01-01,1947-02-01,ME5 BM4,-1.615
1947-01-01,1947-02-01,BIG HiBM,-2.5122
1947-02-01,1947-03-01,SMALL LoBM,-5.2755
1947-02-01,1947-03-01,ME1 BM2,-4.4748
1947-02-01,1947-03-01,ME1 BM3,-5.0604
1947-02-01,1947-03-01,ME1 BM4,-4.6284
1947-02-01,1947-03-01,SMALL HiBM,-1.7308
1947-02-01,1947-03-01,ME2 BM1,-4.322
1947-02-01,1947-03-01,ME2 BM2,-4.2794
1947-02-01,1947-03-01,ME2 BM3,-3.5066
1947-02-01,1947-03-01,ME2 BM4,-2.5023
1947-02-01,1947-03-01,ME2 BM5,-3.024
1947-02-01,1947-03-01,ME3 BM1,-2.6789
1947-02-01,1947-03-01,ME3 BM2,-2.7427
1947-02-01,1947-03-01,ME3 BM3,-2.5661
1947-02-01,1947-03-01,ME3 BM4,-1.3083
1947-02-01,1947-03-01,ME3 BM5,-2.4601
1947-02-01,1947-03-01,ME4 BM1,-0.435
1947-02-01,1947-03-01,ME4 BM2,-1.6222
1947-02-01,1947-03-01,ME4 BM3,-2.7638
1947-02-01,1947-03-01,ME4 BM4,-0.7299
1947-02-01,1947-03-01,ME4 BM5,-2.6737
1947-02-01,1947-03-01,BIG LoBM,-1.733
1947-02-01,1947-03-01,ME5 BM2,-2.0519
1947-02-01,1947-03-01,ME5 BM3,-2.0722
1947-02-01,1947-03-01,ME5 BM4,0.647
1947-02-01,1947-03-01,BIG HiBM,-2.1638
1947-03-01,1947-04-01,SMALL LoBM,-11.2715
1947-03-01,1947-04-01,ME1 BM2,-9.7146
1947-03-01,1947-04-01,ME1 BM3,-9.8552
1947-03-01,1947-04-01,ME1 BM4,-9.2389
1947-03-01,1947-04-01,SMALL HiBM,-9.3387
1947-03-01,1947-04-01,ME2 BM1,-9.1413
1947-03-01,1947-04-01,ME2 BM2,-6.3368
1947-03-01,1947-04-01,ME2 BM3,-8.1044
1947-03-01,1947-04-01,ME2 BM4,-9.4806
1947-03-01,1947-04-01,ME2 BM5,-8.9607
1947-03-01,1947-04-01,ME3 BM1,-9.415
1947-03-01,1947-04-01,ME3 BM2,-8.5596
1947-03-01,1947-04-01,ME3 BM3,-7.4317
1947-03-01,1947-04-01,ME3 BM4,-6.5755
1947-03-01,1947-04-01,ME3 BM5,-6.5664
1947-03-01,1947-04-01,ME4 BM1,-6.6669
1947-03-01,1947-04-01,ME4 BM2,-6.3857
1947-03-01,1947-04-01,ME4 BM3,-7.5659
1947-03-01,1947-04-01,ME4 BM4,-8.5651
1947-03-01,1947-04-01,ME4 BM5,-8.0767
1947-03-01,1947-04-01,BIG LoBM,-4.7294
1947-03-01,1947-04-01,ME5 BM2,-5.3519
1947-03-01,1947-04-01,ME5 BM3,-2.3967
1947-03-01,1947-04-01,ME5 BM4,-2.7514
1947-03-01,1947-04-01,BIG HiBM,-3.8971
1947-04-01,1947-05-01,SMALL LoBM,-6.2296
1947-04-01,1947-05-01,ME1 BM2,-7.0307
1947-04-01,1947-05-01,ME1 BM3,-7.2624
1947-04-01,1947-05-01,ME1 BM4,-5.12
1947-04-01,1947-05-01,SMALL HiBM,-5.6553
1947-04-01,1947-05-01,ME2 BM1,-7.1086
1947-04-01,1947-05-01,ME2 BM2,-4.2828
1947-04-01,1947-05-01,ME2 BM3,-4.3186
1947-04-01,1947-05-01,ME2 BM4,-3.3772
1947-04-01,1947-05-01,ME2 BM5,-1.884
1947-04-01,1947-05-01,ME3 BM1,-4.4792
1947-04-01,1947-05-01,ME3 BM2,-3.0159
1947-04-01,1947-05-01,ME3 BM3,-4.2153
1947-04-01,1947-05-01,ME3 BM4,-2.5113
1947-04-01,1947-05-01,ME3 BM5,-3.7851
1947-04-01,1947-05-01,ME4 BM1,-3.1222
1947-04-01,1947-05-01,ME4 BM2,-3.4698
1947-04-01,1947-05-01,ME4 BM3,-1.3722
1947-04-01,1947-05-01,ME4 BM4,-4.441
1947-04-01,1947-05-01,ME4 BM5,-2.5742
1947-04-01,1947-05-01,BIG LoBM,-0.8384
1947-04-01,1947-05-01,ME5 BM2,-0.0516
1947-04-01,1947-05-01,ME5 BM3,-1.2164
1947-04-01,1947-05-01,ME5 BM4,1.8973
1947-04-01,1947-05-01,BIG HiBM,-2.1185
1947-05-01,1947-06-01,SMALL LoBM,7.0711
1947-05-01,1947-06-01,ME1 BM2,3.2152
1947-05-01,1947-06-01,ME1 BM3,7.7835
1947-05-01,1947-06-01,ME1 BM4,2.8727
1947-05-01,1947-06-01,SMALL HiBM,6.3056
1947-05-01,1947-06-01,ME2 BM1,4.8163
1947-05-01,1947-06-01,ME2 BM2,5.2877
1947-05-01,1947-06-01,ME2 BM3,5.5001
1947-05-01,1947-06-01,ME2 BM4,5.9915
1947-05-01,1947-06-01,ME2 BM5,4.4943
1947-05-01,1947-06-01,ME3 BM1,3.5199
1947-05-01,1947-06-01,ME3 BM2,5.5668
1947-05-01,1947-06-01,ME3 BM3,5.4327
1947-05-01,1947-06-01,ME3 BM4,6.1162
1947-05-01,1947-06-01,ME3 BM5,5.5213
1947-05-01,1947-06-01,ME4 BM1,7.0629
1947-05-01,1947-06-01,ME4 BM2,5.7786
1947-05-01,1947-06-01,ME4 BM3,5.4901
1947-05-01,1947-06-01,ME4 BM4,5.0874
1947-05-01,1947-06-01,ME4 BM5,6.0818
1947-05-01,1947-06-01,BIG LoBM,6.1409
1947-05-01,1947-06-01,ME5 BM2,7.4806
1947-05-01,1947-06-01,ME5 BM3,0.7469
1947-05-01,1947-06-01,ME5 BM4,6.0575
1947-05-01,1947-06-01,BIG HiBM,4.3783
1947-06-01,1947-07-01,SMALL LoBM,10.172
1947-06-01,1947-07-01,ME1 BM2,7.9085
1947-06-01,1947-07-01,ME1 BM3,7.9092
1947-06-01,1947-07-01,ME1 BM4,5.1595
1947-06-01,1947-07-01,SMALL HiBM,8.9762
1947-06-01,1947-07-01,ME2 BM1,4.7034
1947-06-01,1947-07-01,ME2 BM2,6.7841
1947-06-01,1947-07-01,ME2 BM3,5.6373
1947-06-01,1947-07-01,ME2 BM4,6.3608
1947-06-01,1947-07-01,ME2 BM5,8.1313
1947-06-01,1947-07-01,ME3 BM1,6.3167
1947-06-01,1947-07-01,ME3 BM2,4.0216
1947-06-01,1947-07-01,ME3 BM3,8.2587
1947-06-01,1947-07-01,ME3 BM4,6.7175
1947-06-01,1947-07-01,ME3 BM5,7.3633
1947-06-01,1947-07-01,ME4 BM1,3.8591
1947-06-01,1947-07-01,ME4 BM2,3.9546
1947-06-01,1947-07-01,ME4 BM3,7.7394
1947-06-01,1947-07-01,ME4 BM4,4.749
1947-06-01,1947-07-01,ME4 BM5,9.9718
1947-06-01,1947-07-01,BIG LoBM,3.384
1947-06-01,1947-07-01,ME5 BM2,3.7422
1947-06-01,1947-07-01,ME5 BM3,2.624
1947-06-01,1947-07-01,ME5 BM4,3.5858
1947-06-01,1947-07-01,BIG HiBM,7.2516
1947-07-01,1947-08-01,SMALL LoBM,-2.5053
1947-07-01,1947-08-01,ME1 BM2,-3.8744
1947-07-01,1947-08-01,ME1 BM3,-3.4238
1947-07-01,1947-08-01,ME1 BM4,-1.3384
1947-07-01,1947-08-01,SMALL HiBM,-2.1535
1947-07-01,1947-08-01,ME2 BM1,-2.3928
1947-07-01,1947-08-01,ME2 BM2,-1.1933
1947-07-01,1947-08-01,ME2 BM3,-1.8317
1947-07-01,1947-08-01,ME2 BM4,-0.6389
1947-07-01,1947-08-01,ME2 BM5,-1.7274
1947-07-01,1947-08-01,ME3 BM1,0.3392
1947-07-01,1947-08-01,ME3 BM2,-1.3527
1947-07-01,1947-08-01,ME3 BM3,-1.802
1947-07-01,1947-08-01,ME3 BM4,-1.5284
1947-07-01,1947-08-01,ME3 BM5,-0.9215
1947-07-01,1947-08-01,ME4 BM1,-1.434
1947-07-01,1947-08-01,ME4 BM2,-1.2191
1947-07-01,1947-08-01,ME4 BM3,-3.0148
1947-07-01,1947-08-01,ME4 BM4,-1.8871
1947-07-01,1947-08-01,ME4 BM5,-1.9299
1947-07-01,1947-08-01,BIG LoBM,-1.7626
1947-07-01,1947-08-01,ME5 BM2,-1.7882
1947-07-01,1947-08-01,ME5 BM3,-1.4383
1947-07-01,1947-08-01,ME5 BM4,-1.0352
1947-07-01,1947-08-01,BIG HiBM,-2.9782
1947-08-01,1947-09-01,SMALL LoBM,1.1655
1947-08-01,1947-09-01,ME1 BM2,0.7686
1947-08-01,1947-09-01,ME1 BM3,-0.704
1947-08-01,1947-09-01,ME1 BM4,-0.1653
1947-08-01,1947-09-01,SMALL HiBM,2.8832
1947-08-01,1947-09-01,ME2 BM1,-0.7766
1947-08-01,1947-09-01,ME2 BM2,1.9691
1947-08-01,1947-09-01,ME2 BM3,0.9669
1947-08-01,1947-09-01,ME2 BM4,0.8365
1947-08-01,1947-09-01,ME2 BM5,3.1947
1947-08-01,1947-09-01,ME3 BM1,0.8381
1947-08-01,1947-09-01,ME3 BM2,-1.4798
1947-08-01,1947-09-01,ME3 BM3,0.6908
1947-08-01,1947-09-01,ME3 BM4,1.4724
1947-08-01,1947-09-01,ME3 BM5,1.9486
1947-08-01,1947-09-01,ME4 BM1,-0.7858
1947-08-01,1947-09-01,ME4 BM2,-0.7928
1947-08-01,1947-09-01,ME4 BM3,2.5309
1947-08-01,1947-09-01,ME4 BM4,2.2629
1947-08-01,1947-09-01,ME4 BM5,0.8867
1947-08-01,1947-09-01,BIG LoBM,-0.5743
1947-08-01,1947-09-01,ME5 BM2,-0.7998
1947-08-01,1947-09-01,ME5 BM3,-1.3858
1947-08-01,1947-09-01,ME5 BM4,-0.3004
1947-08-01,1947-09-01,BIG HiBM,-0.5708
1947-09-01,1947-10-01,SMALL LoBM,2.4823
1947-09-01,1947-10-01,ME1 BM2,5.423
1947-09-01,1947-10-01,ME1 BM3,7.8999
1947-09-01,1947-10-01,ME1 BM4,4.263
1947-09-01,1947-10-01,SMALL HiBM,2.4224
1947-09-01,1947-10-01,ME2 BM1,3.1579
1947-09-01,1947-10-01,ME2 BM2,3.4995
1947-09-01,1947-10-01,ME2 BM3,2.8325
1947-09-01,1947-10-01,ME2 BM4,4.3899
1947-09-01,1947-10-01,ME2 BM5,3.2862
1947-09-01,1947-10-01,ME3 BM1,5.136
1947-09-01,1947-10-01,ME3 BM2,3.1078
1947-09-01,1947-10-01,ME3 BM3,3.6743
1947-09-01,1947-10-01,ME3 BM4,4.6514
1947-09-01,1947-10-01,ME3 BM5,0.6255
1947-09-01,1947-10-01,ME4 BM1,3.4623
1947-09-01,1947-10-01,ME4 BM2,2.7021
1947-09-01,1947-10-01,ME4 BM3,4.1767
1947-09-01,1947-10-01,ME4 BM4,1.6128
1947-09-01,1947-10-01,ME4 BM5,-0.0848
1947-09-01,1947-10-01,BIG LoBM,1.7819
1947-09-01,1947-10-01,ME5 BM2,4.2581
1947-09-01,1947-10-01,ME5 BM3,2.4458
1947-09-01,1947-10-01,ME5 BM4,2.5066
1947-09-01,1947-10-01,BIG HiBM,3.5972
1947-10-01,1947-11-01,SMALL LoBM,-4.77
1947-10-01,1947-11-01,ME1 BM2,-6.4146
1947-10-01,1947-11-01,ME1 BM3,-3.781
1947-10-01,1947-11-01,ME1 BM4,-2.073
1947-10-01,1947-11-01,SMALL HiBM,-1.7576
1947-10-01,1947-11-01,ME2 BM1,-5.1604
1947-10-01,1947-11-01,ME2 BM2,-3.2315
1947-10-01,1947-11-01,ME2 BM3,-2.52
1947-10-01,1947-11-01,ME2 BM4,-3.9708
1947-10-01,1947-11-01,ME2 BM5,-3.206
1947-10-01,1947-11-01,ME3 BM1,-2.5716
1947-10-01,1947-11-01,ME3 BM2,-3.8256
1947-10-01,1947-11-01,ME3 BM3,-2.8956
1947-10-01,1947-11-01,ME3 BM4,-3.1431
1947-10-01,1947-11-01,ME3 BM5,-1.6766
1947-10-01,1947-11-01,ME4 BM1,-2.9005
1947-10-01,1947-11-01,ME4 BM2,-2.5284
1947-10-01,1947-11-01,ME4 BM3,-1.9128
1947-10-01,1947-11-01,ME4 BM4,-1.8849
1947-10-01,1947-11-01,ME4 BM5,-3.974
1947-10-01,1947-11-01,BIG LoBM,-1.7353
1947-10-01,1947-11-01,ME5 BM2,-1.7017
1947-10-01,1947-11-01,ME5 BM3,-1.3574
1947-10-01,1947-11-01,ME5 BM4,-2.3649
1947-10-01,1947-11-01,BIG HiBM,-1.4914
1947-11-01,1947-12-01,SMALL LoBM,-3.4891
1947-11-01,1947-12-01,ME1 BM2,3.6486
1947-11-01,1947-12-01,ME1 BM3,-1.7521
1947-11-01,1947-12-01,ME1 BM4,0.0531
1947-11-01,1947-12-01,SMALL HiBM,4.8499
1947-11-01,1947-12-01,ME2 BM1,-1.2221
1947-11-01,1947-12-01,ME2 BM2,1.5406
1947-11-01,1947-12-01,ME2 BM3,1.5926
1947-11-01,1947-12-01,ME2 BM4,-0.5546
1947-11-01,1947-12-01,ME2 BM5,6.5823
1947-11-01,1947-12-01,ME3 BM1,1.9733
1947-11-01,1947-12-01,ME3 BM2,4.0878
1947-11-01,1947-12-01,ME3 BM3,0.3107
1947-11-01,1947-12-01,ME3 BM4,2.4193
1947-11-01,1947-12-01,ME3 BM5,3.0699
1947-11-01,1947-12-01,ME4 BM1,4.5324
1947-11-01,1947-12-01,ME4 BM2,3.0136
1947-11-01,1947-12-01,ME4 BM3,1.1408
1947-11-01,1947-12-01,ME4 BM4,0.5896
1947-11-01,1947-12-01,ME4 BM5,3.5147
1947-11-01,1947-12-01,BIG LoBM,1.6701
1947-11-01,1947-12-01,ME5 BM2,3.6628
1947-11-01,1947-12-01,ME5 BM3,3.6834
1947-11-01,1947-12-01,ME5 BM4,4.7988
1947-11-01,1947-12-01,BIG HiBM,7.5039
1947-12-01,1948-01-01,SMALL LoBM,2.4185
1947-12-01,1948-01-01,ME1 BM2,-0.6446
1947-12-01,1948-01-01,ME1 BM3,-2.4237
1947-12-01,1948-01-01,ME1 BM4,-1.1961
1947-12-01,1948-01-01,SMALL HiBM,1.385
1947-12-01,1948-01-01,ME2 BM1,-3.2778
1947-12-01,1948-01-01,ME2 BM2,-2.2057
1947-12-01,1948-01-01,ME2 BM3,-3.2084
1947-12-01,1948-01-01,ME2 BM4,-1.1893
1947-12-01,1948-01-01,ME2 BM5,-0.1046
1947-12-01,1948-01-01,ME3 BM1,-3.9169
1947-12-01,1948-01-01,ME3 BM2,-3.4773
1947-12-01,1948-01-01,ME3 BM3,-2.2235
1947-12-01,1948-01-01,ME3 BM4,-3.8637
1947-12-01,1948-01-01,ME3 BM5,-0.0743
1947-12-01,1948-01-01,ME4 BM1,-3.1841
1947-12-01,1948-01-01,ME4 BM2,-3.7928
1947-12-01,1948-01-01,ME4 BM3,-3.3748
1947-12-01,1948-01-01,ME4 BM4,0.6246
1947-12-01,1948-01-01,ME4 BM5,0.2599
1947-12-01,1948-01-01,BIG LoBM,-4.8982
1947-12-01,1948-01-01,ME5 BM2,-4.3532
1947-12-01,1948-01-01,ME5 BM3,-4.314
1947-12-01,1948-01-01,ME5 BM4,-3.2964
1947-12-01,1948-01-01,BIG HiBM,-4.2245
1948-01-01,1948-02-01,SMALL LoBM,-8.752
1948-01-01,1948-02-01,ME1 BM2,-6.8018
1948-01-01,1948-02-01,ME1 BM3,-7.8778
1948-01-01,1948-02-01,ME1 BM4,-6.9402
1948-01-01,1948-02-01,SMALL HiBM,-6.498
1948-01-01,1948-02-01,ME2 BM1,-7.1368
1948-01-01,1948-02-01,ME2 BM2,-6.1901
1948-01-01,1948-02-01,ME2 BM3,-7.1111
1948-01-01,1948-02-01,ME2 BM4,-5.5453
1948-01-01,1948-02-01,ME2 BM5,-7.2529
1948-01-01,1948-02-01,ME3 BM1,-4.8751
1948-01-01,1948-02-01,ME3 BM2,-7.5267
1948-01-01,1948-02-01,ME3 BM3,-6.3109
1948-01-01,1948-02-01,ME3 BM4,-6.7606
1948-01-01,1948-02-01,ME3 BM5,-4.9581
1948-01-01,1948-02-01,ME4 BM1,-5.3815
1948-01-01,1948-02-01,ME4 BM2,-5.4955
1948-01-01,1948-02-01,ME4 BM3,-2.9019
1948-01-01,1948-02-01,ME4 BM4,-6.7286
1948-01-01,1948-02-01,ME4 BM5,-6.6595
1948-01-01,1948-02-01,BIG LoBM,-4.6258
1948-01-01,1948-02-01,ME5 BM2,-4.7825
1948-01-01,1948-02-01,ME5 BM3,-2.8206
1948-01-01,1948-02-01,ME5 BM4,-4.0392
1948-01-01,1948-02-01,BIG HiBM,-3.822
1948-02-01,1948-03-01,SMALL LoBM,14.4288
1948-02-01,1948-03-01,ME1 BM2,7.8481
1948-02-01,1948-03-01,ME1 BM3,10.1231
1948-02-01,1948-03-01,ME1 BM4,10.0021
1948-02-01,1948-03-01,SMALL HiBM,10.9967
1948-02-01,1948-03-01,ME2 BM1,5.4053
1948-02-01,1948-03-01,ME2 BM2,6.723
1948-02-01,1948-03-01,ME2 BM3,9.0055
1948-02-01,1948-03-01,ME2 BM4,10.1809
1948-02-01,1948-03-01,ME2 BM5,12.9934
1948-02-01,1948-03-01,ME3 BM1,6.6856
1948-02-01,1948-03-01,ME3 BM2,6.9913
1948-02-01,1948-03-01,ME3 BM3,11.2659
1948-02-01,1948-03-01,ME3 BM4,11.271
1948-02-01,1948-03-01,ME3 BM5,11.8625
1948-02-01,1948-03-01,ME4 BM1,9.0663
1948-02-01,1948-03-01,ME4 BM2,8.2638
1948-02-01,1948-03-01,ME4 BM3,8.3468
1948-02-01,1948-03-01,ME4 BM4,10.8786
1948-02-01,1948-03-01,ME4 BM5,13.2459
1948-02-01,1948-03-01,BIG LoBM,7.3579
1948-02-01,1948-03-01,ME5 BM2,10.6296
1948-02-01,1948-03-01,ME5 BM3,6.2753
1948-02-01,1948-03-01,ME5 BM4,8.6645
1948-02-01,1948-03-01,BIG HiBM,10.585
1948-03-01,1948-04-01,SMALL LoBM,-0.3883
1948-03-01,1948-04-01,ME1 BM2,7.1408
1948-03-01,1948-04-01,ME1 BM3,1.5462
1948-03-01,1948-04-01,ME1 BM4,5.1532
1948-03-01,1948-04-01,SMALL HiBM,5.5521
1948-03-01,1948-04-01,ME2 BM1,4.4818
1948-03-01,1948-04-01,ME2 BM2,1.3777
1948-03-01,1948-04-01,ME2 BM3,1.2663
1948-03-01,1948-04-01,ME2 BM4,5.3201
1948-03-01,1948-04-01,ME2 BM5,5.4009
1948-03-01,1948-04-01,ME3 BM1,2.3742
1948-03-01,1948-04-01,ME3 BM2,2.2824
1948-03-01,1948-04-01,ME3 BM3,2.2033
1948-03-01,1948-04-01,ME3 BM4,2.8115
1948-03-01,1948-04-01,ME3 BM5,3.8987
1948-03-01,1948-04-01,ME4 BM1,5.1133
1948-03-01,1948-04-01,ME4 BM2,3.7119
1948-03-01,1948-04-01,ME4 BM3,6.9708
1948-03-01,1948-04-01,ME4 BM4,1.5052
1948-03-01,1948-04-01,ME4 BM5,7.0991
1948-03-01,1948-04-01,BIG LoBM,1.9807
1948-03-01,1948-04-01,ME5 BM2,2.9224
1948-03-01,1948-04-01,ME5 BM3,4.8116
1948-03-01,1948-04-01,ME5 BM4,3.9448
1948-03-01,1948-04-01,BIG HiBM,7.8192
1948-04-01,1948-05-01,SMALL LoBM,13.1693
1948-04-01,1948-05-01,ME1 BM2,10.8332
1948-04-01,1948-05-01,ME1 BM3,13.5055
1948-04-01,1948-05-01,ME1 BM4,5.9872
1948-04-01,1948-05-01,SMALL HiBM,8.2343
1948-04-01,1948-05-01,ME2 BM1,8.3548
1948-04-01,1948-05-01,ME2 BM2,9.3959
1948-04-01,1948-05-01,ME2 BM3,10.448
1948-04-01,1948-05-01,ME2 BM4,8.1613
1948-04-01,1948-05-01,ME2 BM5,7.826
1948-04-01,1948-05-01,ME3 BM1,8.0258
1948-04-01,1948-05-01,ME3 BM2,8.3608
1948-04-01,1948-05-01,ME3 BM3,10.1744
1948-04-01,1948-05-01,ME3 BM4,10.3465
1948-04-01,1948-05-01,ME3 BM5,7.1174
1948-04-01,1948-05-01,ME4 BM1,5.7429
1948-04-01,1948-05-01,ME4 BM2,7.9773
1948-04-01,1948-05-01,ME4 BM3,8.4008
1948-04-01,1948-05-01,ME4 BM4,6.9707
1948-04-01,1948-05-01,ME4 BM5,8.621
1948-04-01,1948-05-01,BIG LoBM,8.7079
1948-04-01,1948-05-01,ME5 BM2,9.443
1948-04-01,1948-05-01,ME5 BM3,5.1795
1948-04-01,1948-05-01,ME5 BM4,5.8491
1948-04-01,1948-05-01,BIG HiBM,7.696
1948-05-01,1948-06-01,SMALL LoBM,-4.63
1948-05-01,1948-06-01,ME1 BM2,1.0643
1948-05-01,1948-06-01,ME1 BM3,-2.2023
1948-05-01,1948-06-01,ME1 BM4,-0.2573
1948-05-01,1948-06-01,SMALL HiBM,0.5392
1948-05-01,1948-06-01,ME2 BM1,-4.1957
1948-05-01,1948-06-01,ME2 BM2,-1.9266
1948-05-01,1948-06-01,ME2 BM3,-2.0618
1948-05-01,1948-06-01,ME2 BM4,-1.6719
1948-05-01,1948-06-01,ME2 BM5,4.1116
1948-05-01,1948-06-01,ME3 BM1,-1.1235
1948-05-01,1948-06-01,ME3 BM2,-1.0151
1948-05-01,1948-06-01,ME3 BM3,-4.1411
1948-05-01,1948-06-01,ME3 BM4,-2.2936
1948-05-01,1948-06-01,ME3 BM5,0.0198
1948-05-01,1948-06-01,ME4 BM1,-1.2632
1948-05-01,1948-06-01,ME4 BM2,-0.3184
1948-05-01,1948-06-01,ME4 BM3,-1.9134
1948-05-01,1948-06-01,ME4 BM4,-3.0473
1948-05-01,1948-06-01,ME4 BM5,-0.4654
1948-05-01,1948-06-01,BIG LoBM,-0.4537
1948-05-01,1948-06-01,ME5 BM2,-0.7977
1948-05-01,1948-06-01,ME5 BM3,1.3724
1948-05-01,1948-06-01,ME5 BM4,0.1518
1948-05-01,1948-06-01,BIG HiBM,2.8709
1948-06-01,1948-07-01,SMALL LoBM,-7.2728
1948-06-01,1948-07-01,ME1 BM2,-5.1581
1948-06-01,1948-07-01,ME1 BM3,-7.6206
1948-06-01,1948-07-01,ME1 BM4,-5.8686
1948-06-01,1948-07-01,SMALL HiBM,-4.8156
1948-06-01,1948-07-01,ME2 BM1,-5.8359
1948-06-01,1948-07-01,ME2 BM2,-3.9743
1948-06-01,1948-07-01,ME2 BM3,-4.3579
1948-06-01,1948-07-01,ME2 BM4,-4.7843
1948-06-01,1948-07-01,ME2 BM5,-3.6827
1948-06-01,1948-07-01,ME3 BM1,-4.2133
1948-06-01,1948-07-01,ME3 BM2,-4.9224
1948-06-01,1948-07-01,ME3 BM3,-5.4674
1948-06-01,1948-07-01,ME3 BM4,-6.177
1948-06-01,1948-07-01,ME3 BM5,-6.3926
1948-06-01,1948-07-01,ME4 BM1,-5.9075
1948-06-01,1948-07-01,ME4 BM2,-4.7039
1948-06-01,1948-07-01,ME4 BM3,-4.9711
1948-06-01,1948-07-01,ME4 BM4,-5.4216
1948-06-01,1948-07-01,ME4 BM5,-2.645
1948-06-01,1948-07-01,BIG LoBM,-5.1521
1948-06-01,1948-07-01,ME5 BM2,-6.2735
1948-06-01,1948-07-01,ME5 BM3,-3.7291
1948-06-01,1948-07-01,ME5 BM4,-4.7553
1948-06-01,1948-07-01,BIG HiBM,-5.3513
1948-07-01,1948-08-01,SMALL LoBM,-5.2559
1948-07-01,1948-08-01,ME1 BM2,-2.2893
1948-07-01,1948-08-01,ME1 BM3,-0.9048
1948-07-01,1948-08-01,ME1 BM4,-2.0229
1948-07-01,1948-08-01,SMALL HiBM,-0.7975
1948-07-01,1948-08-01,ME2 BM1,-0.9235
1948-07-01,1948-08-01,ME2 BM2,-0.8982
1948-07-01,1948-08-01,ME2 BM3,-0.0414
1948-07-01,1948-08-01,ME2 BM4,-0.4762
1948-07-01,1948-08-01,ME2 BM5,-0.1327
1948-07-01,1948-08-01,ME3 BM1,-0.9566
1948-07-01,1948-08-01,ME3 BM2,1.6085
1948-07-01,1948-08-01,ME3 BM3,0.7087
1948-07-01,1948-08-01,ME3 BM4,-0.0002
1948-07-01,1948-08-01,ME3 BM5,0.7073
1948-07-01,1948-08-01,ME4 BM1,-0.044
1948-07-01,1948-08-01,ME4 BM2,-0.1803
1948-07-01,1948-08-01,ME4 BM3,1.2793
1948-07-01,1948-08-01,ME4 BM4,0.6908
1948-07-01,1948-08-01,ME4 BM5,-0.5548
1948-07-01,1948-08-01,BIG LoBM,1.1066
1948-07-01,1948-08-01,ME5 BM2,-0.3488
1948-07-01,1948-08-01,ME5 BM3,-0.1018
1948-07-01,1948-08-01,ME5 BM4,-0.6726
1948-07-01,1948-08-01,BIG HiBM,1.3167
1948-08-01,1948-09-01,SMALL LoBM,-3.7397
1948-08-01,1948-09-01,ME1 BM2,-6.1853
1948-08-01,1948-09-01,ME1 BM3,-3.3994
1948-08-01,1948-09-01,ME1 BM4,-5.7797
1948-08-01,1948-09-01,SMALL HiBM,-5.7799
1948-08-01,1948-09-01,ME2 BM1,-1.0827
1948-08-01,1948-09-01,ME2 BM2,-2.6747
1948-08-01,1948-09-01,ME2 BM3,-3.9565
1948-08-01,1948-09-01,ME2 BM4,-3.9041
1948-08-01,1948-09-01,ME2 BM5,-5.7173
1948-08-01,1948-09-01,ME3 BM1,-3.5127
1948-08-01,1948-09-01,ME3 BM2,-4.9688
1948-08-01,1948-09-01,ME3 BM3,-4.1597
1948-08-01,1948-09-01,ME3 BM4,-3.7652
1948-08-01,1948-09-01,ME3 BM5,-5.62
1948-08-01,1948-09-01,ME4 BM1,-4.3704
1948-08-01,1948-09-01,ME4 BM2,-2.7455
1948-08-01,1948-09-01,ME4 BM3,-3.9258
1948-08-01,1948-09-01,ME4 BM4,-5.1958
1948-08-01,1948-09-01,ME4 BM5,-5.585
1948-08-01,1948-09-01,BIG LoBM,-2.4568
1948-08-01,1948-09-01,ME5 BM2,-3.5829
1948-08-01,1948-09-01,ME5 BM3,-0.9078
1948-08-01,1948-09-01,ME5 BM4,-4.0125
1948-08-01,1948-09-01,BIG HiBM,-2.847
1948-09-01,1948-10-01,SMALL LoBM,2.415
1948-09-01,1948-10-01,ME1 BM2,3.5594
1948-09-01,1948-10-01,ME1 BM3,5.6773
1948-09-01,1948-10-01,ME1 BM4,5.0419
1948-09-01,1948-10-01,SMALL HiBM,5.4048
1948-09-01,1948-10-01,ME2 BM1,2.535
1948-09-01,1948-10-01,ME2 BM2,4.3027
1948-09-01,1948-10-01,ME2 BM3,5.3655
1948-09-01,1948-10-01,ME2 BM4,4.3888
1948-09-01,1948-10-01,ME2 BM5,7.5225
1948-09-01,1948-10-01,ME3 BM1,3.8708
1948-09-01,1948-10-01,ME3 BM2,5.5385
1948-09-01,1948-10-01,ME3 BM3,5.4535
1948-09-01,1948-10-01,ME3 BM4,3.9792
1948-09-01,1948-10-01,ME3 BM5,4.3547
1948-09-01,1948-10-01,ME4 BM1,5.2639
1948-09-01,1948-10-01,ME4 BM2,5.1867
1948-09-01,1948-10-01,ME4 BM3,6.1789
1948-09-01,1948-10-01,ME4 BM4,6.5535
1948-09-01,1948-10-01,ME4 BM5,6.2632
1948-09-01,1948-10-01,BIG LoBM,6.419
1948-09-01,1948-10-01,ME5 BM2,8.3944
1948-09-01,1948-10-01,ME5 BM3,4.222
1948-09-01,1948-10-01,ME5 BM4,6.0934
1948-09-01,1948-10-01,BIG HiBM,6.5002
1948-10-01,1948-11-01,SMALL LoBM,-13.5533
1948-10-01,1948-11-01,ME1 BM2,-10.6195
1948-10-01,1948-11-01,ME1 BM3,-12.6654
1948-10-01,1948-11-01,ME1 BM4,-12.0256
1948-10-01,1948-11-01,SMALL HiBM,-11.8748
1948-10-01,1948-11-01,ME2 BM1,-9.163
1948-10-01,1948-11-01,ME2 BM2,-9.4441
1948-10-01,1948-11-01,ME2 BM3,-9.6889
1948-10-01,1948-11-01,ME2 BM4,-11.3004
1948-10-01,1948-11-01,ME2 BM5,-13.0447
1948-10-01,1948-11-01,ME3 BM1,-9.6426
1948-10-01,1948-11-01,ME3 BM2,-9.0215
1948-10-01,1948-11-01,ME3 BM3,-7.6898
1948-10-01,1948-11-01,ME3 BM4,-10.511
1948-10-01,1948-11-01,ME3 BM5,-14.101
1948-10-01,1948-11-01,ME4 BM1,-8.8463
1948-10-01,1948-11-01,ME4 BM2,-8.3712
1948-10-01,1948-11-01,ME4 BM3,-9.1
1948-10-01,1948-11-01,ME4 BM4,-12.2506
1948-10-01,1948-11-01,ME4 BM5,-14.7887
1948-10-01,1948-11-01,BIG LoBM,-8.3494
1948-10-01,1948-11-01,ME5 BM2,-9.7213
1948-10-01,1948-11-01,ME5 BM3,-6.9203
1948-10-01,1948-11-01,ME5 BM4,-12.3888
1948-10-01,1948-11-01,BIG HiBM,-14.1377
1948-11-01,1948-12-01,SMALL LoBM,6.0009
1948-11-01,1948-12-01,ME1 BM2,-3.9957
1948-11-01,1948-12-01,ME1 BM3,-2.2641
1948-11-01,1948-12-01,ME1 BM4,-3.0349
1948-11-01,1948-12-01,SMALL HiBM,0.7801
1948-11-01,1948-12-01,ME2 BM1,0.6076
1948-11-01,1948-12-01,ME2 BM2,0.8293
1948-11-01,1948-12-01,ME2 BM3,-0.3563
1948-11-01,1948-12-01,ME2 BM4,0.1612
1948-11-01,1948-12-01,ME2 BM5,0.413
1948-11-01,1948-12-01,ME3 BM1,3.0853
1948-11-01,1948-12-01,ME3 BM2,2.8479
1948-11-01,1948-12-01,ME3 BM3,1.1484
1948-11-01,1948-12-01,ME3 BM4,0.4217
1948-11-01,1948-12-01,ME3 BM5,1.9645
1948-11-01,1948-12-01,ME4 BM1,4.1038
1948-11-01,1948-12-01,ME4 BM2,2.8592
1948-11-01,1948-12-01,ME4 BM3,0.5637
1948-11-01,1948-12-01,ME4 BM4,2.8248
1948-11-01,1948-12-01,ME4 BM5,1.6293
1948-11-01,1948-12-01,BIG LoBM,5.2903
1948-11-01,1948-12-01,ME5 BM2,3.594
1948-11-01,1948-12-01,ME5 BM3,3.0007
1948-11-01,1948-12-01,ME5 BM4,2.4791
1948-11-01,1948-12-01,BIG HiBM,2.272
1948-12-01,1949-01-01,SMALL LoBM,-1.2356
1948-12-01,1949-01-01,ME1 BM2,5.3954
1948-12-01,1949-01-01,ME1 BM3,5.3275
1948-12-01,1949-01-01,ME1 BM4,2.847
1948-12-01,1949-01-01,SMALL HiBM,4.3415
1948-12-01,1949-01-01,ME2 BM1,1.5979
1948-12-01,1949-01-01,ME2 BM2,1.0226
1948-12-01,1949-01-01,ME2 BM3,1.4808
1948-12-01,1949-01-01,ME2 BM4,2.7694
1948-12-01,1949-01-01,ME2 BM5,2.4592
1948-12-01,1949-01-01,ME3 BM1,0.9168
1948-12-01,1949-01-01,ME3 BM2,-0.6537
1948-12-01,1949-01-01,ME3 BM3,0.7647
1948-12-01,1949-01-01,ME3 BM4,0.5786
1948-12-01,1949-01-01,ME3 BM5,0.1492
1948-12-01,1949-01-01,ME4 BM1,1.2614
1948-12-01,1949-01-01,ME4 BM2,1.4789
1948-12-01,1949-01-01,ME4 BM3,3.545
1948-12-01,1949-01-01,ME4 BM4,-0.123
1948-12-01,1949-01-01,ME4 BM5,2.3646
1948-12-01,1949-01-01,BIG LoBM,0.764
1948-12-01,1949-01-01,ME5 BM2,-1.9082
1948-12-01,1949-01-01,ME5 BM3,-1.5393
1948-12-01,1949-01-01,ME5 BM4,1.1269
1948-12-01,1949-01-01,BIG HiBM,1.761
1949-01-01,1949-02-01,SMALL LoBM,-6.4024
1949-01-01,1949-02-01,ME1 BM2,-3.777
1949-01-01,1949-02-01,ME1 BM3,-4.6799
1949-01-01,1949-02-01,ME1 BM4,-5.6354
1949-01-01,1949-02-01,SMALL HiBM,-3.5671
1949-01-01,1949-02-01,ME2 BM1,-7.9531
1949-01-01,1949-02-01,ME2 BM2,-3.8959
1949-01-01,1949-02-01,ME2 BM3,-4.6608
1949-01-01,1949-02-01,ME2 BM4,-4.8413
1949-01-01,1949-02-01,ME2 BM5,-6.5362
1949-01-01,1949-02-01,ME3 BM1,-2.4168
1949-01-01,1949-02-01,ME3 BM2,-4.6991
1949-01-01,1949-02-01,ME3 BM3,-2.3931
1949-01-01,1949-02-01,ME3 BM4,-2.9775
1949-01-01,1949-02-01,ME3 BM5,-6.1166
1949-01-01,1949-02-01,ME4 BM1,-1.1104
1949-01-01,1949-02-01,ME4 BM2,-2.277
1949-01-01,1949-02-01,ME4 BM3,-2.3063
1949-01-01,1949-02-01,ME4 BM4,-3.7329
1949-01-01,1949-02-01,ME4 BM5,-3.2687
1949-01-01,1949-02-01,BIG LoBM,-2.6005
1949-01-01,1949-02-01,ME5 BM2,-3.7111
1949-01-01,1949-02-01,ME5 BM3,-1.8739
1949-01-01,1949-02-01,ME5 BM4,-1.7915
1949-01-01,1949-02-01,BIG HiBM,-5.6568
1949-02-01,1949-03-01,SMALL LoBM,8.1838
1949-02-01,1949-03-01,ME1 BM2,7.2167
1949-02-01,1949-03-01,ME1 BM3,8.0467
1949-02-01,1949-03-01,ME1 BM4,5.8008
1949-02-01,1949-03-01,SMALL HiBM,6.7478
1949-02-01,1949-03-01,ME2 BM1,5.9662
1949-02-01,1949-03-01,ME2 BM2,7.6335
1949-02-01,1949-03-01,ME2 BM3,5.3669
1949-02-01,1949-03-01,ME2 BM4,5.3337
1949-02-01,1949-03-01,ME2 BM5,7.5983
1949-02-01,1949-03-01,ME3 BM1,5.8474
1949-02-01,1949-03-01,ME3 BM2,5.2071
1949-02-01,1949-03-01,ME3 BM3,4.946
1949-02-01,1949-03-01,ME3 BM4,7.7065
1949-02-01,1949-03-01,ME3 BM5,7.6454
1949-02-01,1949-03-01,ME4 BM1,4.1907
1949-02-01,1949-03-01,ME4 BM2,4.123
1949-02-01,1949-03-01,ME4 BM3,3.6244
1949-02-01,1949-03-01,ME4 BM4,4.67
1949-02-01,1949-03-01,ME4 BM5,7.747
1949-02-01,1949-03-01,BIG LoBM,4.3415
1949-02-01,1949-03-01,ME5 BM2,3.5864
1949-02-01,1949-03-01,ME5 BM3,2.6085
1949-02-01,1949-03-01,ME5 BM4,5.7326
1949-02-01,1949-03-01,BIG HiBM,4.0592
1949-03-01,1949-04-01,SMALL LoBM,-2.0212
1949-03-01,1949-04-01,ME1 BM2,-3.1608
1949-03-01,1949-04-01,ME1 BM3,-1.6222
1949-03-01,1949-04-01,ME1 BM4,-3.2195
1949-03-01,1949-04-01,SMALL HiBM,-2.9841
1949-03-01,1949-04-01,ME2 BM1,-3.6168
1949-03-01,1949-04-01,ME2 BM2,-2.2731
1949-03-01,1949-04-01,ME2 BM3,-3.5901
1949-03-01,1949-04-01,ME2 BM4,-3.5954
1949-03-01,1949-04-01,ME2 BM5,-3.4493
1949-03-01,1949-04-01,ME3 BM1,-2.0552
1949-03-01,1949-04-01,ME3 BM2,-2.4227
1949-03-01,1949-04-01,ME3 BM3,-3.6829
1949-03-01,1949-04-01,ME3 BM4,-5.0697
1949-03-01,1949-04-01,ME3 BM5,-4.3065
1949-03-01,1949-04-01,ME4 BM1,-2.2625
1949-03-01,1949-04-01,ME4 BM2,-2.4117
1949-03-01,1949-04-01,ME4 BM3,-2.4419
1949-03-01,1949-04-01,ME4 BM4,-4.5223
1949-03-01,1949-04-01,ME4 BM5,-4.3353
1949-03-01,1949-04-01,BIG LoBM,-1.9573
1949-03-01,1949-04-01,ME5 BM2,-0.4027
1949-03-01,1949-04-01,ME5 BM3,-0.8603
1949-03-01,1949-04-01,ME5 BM4,-0.3669
1949-03-01,1949-04-01,BIG HiBM,-2.0943
1949-04-01,1949-05-01,SMALL LoBM,-11.5317
1949-04-01,1949-05-01,ME1 BM2,-6.9237
1949-04-01,1949-05-01,ME1 BM3,-7.2639
1949-04-01,1949-05-01,ME1 BM4,-6.4852
1949-04-01,1949-05-01,SMALL HiBM,-5.9579
1949-04-01,1949-05-01,ME2 BM1,-3.3126
1949-04-01,1949-05-01,ME2 BM2,-4.857
1949-04-01,1949-05-01,ME2 BM3,-2.2568
1949-04-01,1949-05-01,ME2 BM4,-4.2244
1949-04-01,1949-05-01,ME2 BM5,-6.7197
1949-04-01,1949-05-01,ME3 BM1,-3.4407
1949-04-01,1949-05-01,ME3 BM2,-2.5287
1949-04-01,1949-05-01,ME3 BM3,-1.9685
1949-04-01,1949-05-01,ME3 BM4,-3.7484
1949-04-01,1949-05-01,ME3 BM5,-6.412
1949-04-01,1949-05-01,ME4 BM1,-1.762
1949-04-01,1949-05-01,ME4 BM2,-2.3933
1949-04-01,1949-05-01,ME4 BM3,-1.2636
1949-04-01,1949-05-01,ME4 BM4,-3.1152
1949-04-01,1949-05-01,ME4 BM5,-4.6772
1949-04-01,1949-05-01,BIG LoBM,-1.9361
1949-04-01,1949-05-01,ME5 BM2,-3.1054
1949-04-01,1949-05-01,ME5 BM3,-2.3866
1949-04-01,1949-05-01,ME5 BM4,-5.6512
1949-04-01,1949-05-01,BIG HiBM,-5.8624
1949-05-01,1949-06-01,SMALL LoBM,-1.6821
1949-05-01,1949-06-01,ME1 BM2,-3.056
1949-05-01,1949-06-01,ME1 BM3,-1.5031
1949-05-01,1949-06-01,ME1 BM4,-0.1755
1949-05-01,1949-06-01,SMALL HiBM,-0.4156
1949-05-01,1949-06-01,ME2 BM1,-2.972
1949-05-01,1949-06-01,ME2 BM2,-2.0801
1949-05-01,1949-06-01,ME2 BM3,-0.34
1949-05-01,1949-06-01,ME2 BM4,0.1519
1949-05-01,1949-06-01,ME2 BM5,-1.8435
1949-05-01,1949-06-01,ME3 BM1,1.4069
1949-05-01,1949-06-01,ME3 BM2,-2.6679
1949-05-01,1949-06-01,ME3 BM3,-1.8763
1949-05-01,1949-06-01,ME3 BM4,-0.8683
1949-05-01,1949-06-01,ME3 BM5,-3.9077
1949-05-01,1949-06-01,ME4 BM1,0.6194
1949-05-01,1949-06-01,ME4 BM2,-0.3404
1949-05-01,1949-06-01,ME4 BM3,0.4921
1949-05-01,1949-06-01,ME4 BM4,-1.0084
1949-05-01,1949-06-01,ME4 BM5,-1.3956
1949-05-01,1949-06-01,BIG LoBM,1.1328
1949-05-01,1949-06-01,ME5 BM2,0.1598
1949-05-01,1949-06-01,ME5 BM3,0.8397
1949-05-01,1949-06-01,ME5 BM4,-0.0504
1949-05-01,1949-06-01,BIG HiBM,-3.183
1949-06-01,1949-07-01,SMALL LoBM,11.6855
1949-06-01,1949-07-01,ME1 BM2,5.5437
1949-06-01,1949-07-01,ME1 BM3,5.6198
1949-06-01,1949-07-01,ME1 BM4,5.7502
1949-06-01,1949-07-01,SMALL HiBM,5.1125
1949-06-01,1949-07-01,ME2 BM1,4.4447
1949-06-01,1949-07-01,ME2 BM2,6.9764
1949-06-01,1949-07-01,ME2 BM3,6.9401
1949-06-01,1949-07-01,ME2 BM4,7.9995
1949-06-01,1949-07-01,ME2 BM5,4.9915
1949-06-01,1949-07-01,ME3 BM1,7.1692
1949-06-01,1949-07-01,ME3 BM2,7.1621
1949-06-01,1949-07-01,ME3 BM3,6.3979
1949-06-01,1949-07-01,ME3 BM4,7.1817
1949-06-01,1949-07-01,ME3 BM5,6.1444
1949-06-01,1949-07-01,ME4 BM1,6.6769
1949-06-01,1949-07-01,ME4 BM2,5.6629
1949-06-01,1949-07-01,ME4 BM3,7.3849
1949-06-01,1949-07-01,ME4 BM4,4.3079
1949-06-01,1949-07-01,ME4 BM5,6.6844
1949-06-01,1949-07-01,BIG LoBM,5.5996
1949-06-01,1949-07-01,ME5 BM2,4.7661
1949-06-01,1949-07-01,ME5 BM3,5.1624
1949-06-01,1949-07-01,ME5 BM4,5.9566
1949-06-01,1949-07-01,BIG HiBM,7.2034
1949-07-01,1949-08-01,SMALL LoBM,3.3537
1949-07-01,1949-08-01,ME1 BM2,3.4993
1949-07-01,1949-08-01,ME1 BM3,1.9313
1949-07-01,1949-08-01,ME1 BM4,3.0862
1949-07-01,1949-08-01,SMALL HiBM,1.8232
1949-07-01,1949-08-01,ME2 BM1,1.0799
1949-07-01,1949-08-01,ME2 BM2,3.3958
1949-07-01,1949-08-01,ME2 BM3,2.872
1949-07-01,1949-08-01,ME2 BM4,2.4083
1949-07-01,1949-08-01,ME2 BM5,1.1789
1949-07-01,1949-08-01,ME3 BM1,3.951
1949-07-01,1949-08-01,ME3 BM2,1.4444
1949-07-01,1949-08-01,ME3 BM3,4.0895
1949-07-01,1949-08-01,ME3 BM4,1.3499
1949-07-01,1949-08-01,ME3 BM5,3.1553
1949-07-01,1949-08-01,ME4 BM1,2.042
1949-07-01,1949-08-01,ME4 BM2,2.5015
1949-07-01,1949-08-01,ME4 BM3,2.5531
1949-07-01,1949-08-01,ME4 BM4,0.206
1949-07-01,1949-08-01,ME4 BM5,4.6929
1949-07-01,1949-08-01,BIG LoBM,2.891
1949-07-01,1949-08-01,ME5 BM2,2.6903
1949-07-01,1949-08-01,ME5 BM3,3.5745
1949-07-01,1949-08-01,ME5 BM4,2.6136
1949-07-01,1949-08-01,BIG HiBM,1.984
1949-08-01,1949-09-01,SMALL LoBM,9.8788
1949-08-01,1949-09-01,ME1 BM2,0.9081
1949-08-01,1949-09-01,ME1 BM3,5.1468
1949-08-01,1949-09-01,ME1 BM4,3.5238
1949-08-01,1949-09-01,SMALL HiBM,3.4858
1949-08-01,1949-09-01,ME2 BM1,4.4939
1949-08-01,1949-09-01,ME2 BM2,4.1492
1949-08-01,1949-09-01,ME2 BM3,4.3325
1949-08-01,1949-09-01,ME2 BM4,5.467
1949-08-01,1949-09-01,ME2 BM5,5.3602
1949-08-01,1949-09-01,ME3 BM1,4.6869
1949-08-01,1949-09-01,ME3 BM2,4.9902
1949-08-01,1949-09-01,ME3 BM3,3.4687
1949-08-01,1949-09-01,ME3 BM4,4.2204
1949-08-01,1949-09-01,ME3 BM5,4.167
1949-08-01,1949-09-01,ME4 BM1,4.1806
1949-08-01,1949-09-01,ME4 BM2,4.4134
1949-08-01,1949-09-01,ME4 BM3,3.1165
1949-08-01,1949-09-01,ME4 BM4,4.0217
1949-08-01,1949-09-01,ME4 BM5,6.1667
1949-08-01,1949-09-01,BIG LoBM,2.8391
1949-08-01,1949-09-01,ME5 BM2,2.1578
1949-08-01,1949-09-01,ME5 BM3,3.9748
1949-08-01,1949-09-01,ME5 BM4,3.7766
1949-08-01,1949-09-01,BIG HiBM,4.2398
1949-09-01,1949-10-01,SMALL LoBM,8.6956
1949-09-01,1949-10-01,ME1 BM2,3.5074
1949-09-01,1949-10-01,ME1 BM3,6.5627
1949-09-01,1949-10-01,ME1 BM4,6.738
1949-09-01,1949-10-01,SMALL HiBM,4.6341
1949-09-01,1949-10-01,ME2 BM1,6.1582
1949-09-01,1949-10-01,ME2 BM2,4.7281
1949-09-01,1949-10-01,ME2 BM3,2.3846
1949-09-01,1949-10-01,ME2 BM4,4.5674
1949-09-01,1949-10-01,ME2 BM5,2.206
1949-09-01,1949-10-01,ME3 BM1,3.4177
1949-09-01,1949-10-01,ME3 BM2,4.0685
1949-09-01,1949-10-01,ME3 BM3,2.1375
1949-09-01,1949-10-01,ME3 BM4,3.8674
1949-09-01,1949-10-01,ME3 BM5,5.379
1949-09-01,1949-10-01,ME4 BM1,2.8727
1949-09-01,1949-10-01,ME4 BM2,2.1107
1949-09-01,1949-10-01,ME4 BM3,4.1388
1949-09-01,1949-10-01,ME4 BM4,0.4448
1949-09-01,1949-10-01,ME4 BM5,1.9252
1949-09-01,1949-10-01,BIG LoBM,3.6584
1949-09-01,1949-10-01,ME5 BM2,3.0261
1949-09-01,1949-10-01,ME5 BM3,2.6522
1949-09-01,1949-10-01,ME5 BM4,3.3588
1949-09-01,1949-10-01,BIG HiBM,2.0448
1949-10-01,1949-11-01,SMALL LoBM,-8.9028
1949-10-01,1949-11-01,ME1 BM2,1.5771
1949-10-01,1949-11-01,ME1 BM3,-2.9583
1949-10-01,1949-11-01,ME1 BM4,-0.2627
1949-10-01,1949-11-01,SMALL HiBM,-0.0204
1949-10-01,1949-11-01,ME2 BM1,-2.1811
1949-10-01,1949-11-01,ME2 BM2,1.2484
1949-10-01,1949-11-01,ME2 BM3,1.127
1949-10-01,1949-11-01,ME2 BM4,0.1974
1949-10-01,1949-11-01,ME2 BM5,1.0217
1949-10-01,1949-11-01,ME3 BM1,2.2828
1949-10-01,1949-11-01,ME3 BM2,2.395
1949-10-01,1949-11-01,ME3 BM3,1.2631
1949-10-01,1949-11-01,ME3 BM4,0.2571
1949-10-01,1949-11-01,ME3 BM5,0.5457
1949-10-01,1949-11-01,ME4 BM1,1.2181
1949-10-01,1949-11-01,ME4 BM2,1.9626
1949-10-01,1949-11-01,ME4 BM3,2.3195
1949-10-01,1949-11-01,ME4 BM4,0.4624
1949-10-01,1949-11-01,ME4 BM5,3.5896
1949-10-01,1949-11-01,BIG LoBM,3.3805
1949-10-01,1949-11-01,ME5 BM2,1.0417
1949-10-01,1949-11-01,ME5 BM3,-0.1487
1949-10-01,1949-11-01,ME5 BM4,0.8087
1949-10-01,1949-11-01,BIG HiBM,2.1145
1949-11-01,1949-12-01,SMALL LoBM,6.9579
1949-11-01,1949-12-01,ME1 BM2,8.5891
1949-11-01,1949-12-01,ME1 BM3,7.2972
1949-11-01,1949-12-01,ME1 BM4,7.4157
1949-11-01,1949-12-01,SMALL HiBM,8.6126
1949-11-01,1949-12-01,ME2 BM1,5.1126
1949-11-01,1949-12-01,ME2 BM2,6.4647
1949-11-01,1949-12-01,ME2 BM3,7.1187
1949-11-01,1949-12-01,ME2 BM4,6.9075
1949-11-01,1949-12-01,ME2 BM5,8.722
1949-11-01,1949-12-01,ME3 BM1,6.8461
1949-11-01,1949-12-01,ME3 BM2,7.1922
1949-11-01,1949-12-01,ME3 BM3,6.1009
1949-11-01,1949-12-01,ME3 BM4,8.1955
1949-11-01,1949-12-01,ME3 BM5,12.6545
1949-11-01,1949-12-01,ME4 BM1,5.4137
1949-11-01,1949-12-01,ME4 BM2,5.3441
1949-11-01,1949-12-01,ME4 BM3,6.8672
1949-11-01,1949-12-01,ME4 BM4,6.6873
1949-11-01,1949-12-01,ME4 BM5,7.8367
1949-11-01,1949-12-01,BIG LoBM,5.8931
1949-11-01,1949-12-01,ME5 BM2,3.288
1949-11-01,1949-12-01,ME5 BM3,2.8615
1949-11-01,1949-12-01,ME5 BM4,4.8186
1949-11-01,1949-12-01,BIG HiBM,7.3592
1949-12-01,1950-01-01,SMALL LoBM,13.2026
1949-12-01,1950-01-01,ME1 BM2,3.4638
1949-12-01,1950-01-01,ME1 BM3,6.9472
1949-12-01,1950-01-01,ME1 BM4,4.4256
1949-12-01,1950-01-01,SMALL HiBM,6.479
1949-12-01,1950-01-01,ME2 BM1,10.2883
1949-12-01,1950-01-01,ME2 BM2,5.2163
1949-12-01,1950-01-01,ME2 BM3,4.2347
1949-12-01,1950-01-01,ME2 BM4,2.3548
1949-12-01,1950-01-01,ME2 BM5,4.7877
1949-12-01,1950-01-01,ME3 BM1,3.7651
1949-12-01,1950-01-01,ME3 BM2,5.6228
1949-12-01,1950-01-01,ME3 BM3,3.4709
1949-12-01,1950-01-01,ME3 BM4,2.2185
1949-12-01,1950-01-01,ME3 BM5,5.8561
1949-12-01,1950-01-01,ME4 BM1,0.6469
1949-12-01,1950-01-01,ME4 BM2,2.1896
1949-12-01,1950-01-01,ME4 BM3,2.7575
1949-12-01,1950-01-01,ME4 BM4,2.7849
1949-12-01,1950-01-01,ME4 BM5,8.4416
1949-12-01,1950-01-01,BIG LoBM,0.8839
1949-12-01,1950-01-01,ME5 BM2,0.7521
1949-12-01,1950-01-01,ME5 BM3,2.3292
1949-12-01,1950-01-01,ME5 BM4,1.4475
1949-12-01,1950-01-01,BIG HiBM,5.6449
1950-01-01,1950-02-01,SMALL LoBM,3.7114
1950-01-01,1950-02-01,ME1 BM2,5.8813
1950-01-01,1950-02-01,ME1 BM3,3.7092
1950-01-01,1950-02-01,ME1 BM4,3.8144
1950-01-01,1950-02-01,SMALL HiBM,0.4039
1950-01-01,1950-02-01,ME2 BM1,2.8156
1950-01-01,1950-02-01,ME2 BM2,1.5244
1950-01-01,1950-02-01,ME2 BM3,2.8268
1950-01-01,1950-02-01,ME2 BM4,2.487
1950-01-01,1950-02-01,ME2 BM5,0.5664
1950-01-01,1950-02-01,ME3 BM1,1.6351
1950-01-01,1950-02-01,ME3 BM2,1.2552
1950-01-01,1950-02-01,ME3 BM3,1.1766
1950-01-01,1950-02-01,ME3 BM4,0.9766
1950-01-01,1950-02-01,ME3 BM5,-0.2943
1950-01-01,1950-02-01,ME4 BM1,1.3796
1950-01-01,1950-02-01,ME4 BM2,2.2651
1950-01-01,1950-02-01,ME4 BM3,1.7495
1950-01-01,1950-02-01,ME4 BM4,0.5781
1950-01-01,1950-02-01,ME4 BM5,2.2912
1950-01-01,1950-02-01,BIG LoBM,1.9782
1950-01-01,1950-02-01,ME5 BM2,0.7732
1950-01-01,1950-02-01,ME5 BM3,1.2733
1950-01-01,1950-02-01,ME5 BM4,1.1925
1950-01-01,1950-02-01,BIG HiBM,1.3865
1950-02-01,1950-03-01,SMALL LoBM,-1.9889
1950-02-01,1950-03-01,ME1 BM2,0.0643
1950-02-01,1950-03-01,ME1 BM3,3.7872
1950-02-01,1950-03-01,ME1 BM4,-1.958
1950-02-01,1950-03-01,SMALL HiBM,0.1768
1950-02-01,1950-03-01,ME2 BM1,-0.9972
1950-02-01,1950-03-01,ME2 BM2,1.539
1950-02-01,1950-03-01,ME2 BM3,-0.962
1950-02-01,1950-03-01,ME2 BM4,-1.0846
1950-02-01,1950-03-01,ME2 BM5,-1.4018
1950-02-01,1950-03-01,ME3 BM1,1.0697
1950-02-01,1950-03-01,ME3 BM2,1.2675
1950-02-01,1950-03-01,ME3 BM3,-0.0965
1950-02-01,1950-03-01,ME3 BM4,-2.2415
1950-02-01,1950-03-01,ME3 BM5,-1.8778
1950-02-01,1950-03-01,ME4 BM1,2.4194
1950-02-01,1950-03-01,ME4 BM2,0.7441
1950-02-01,1950-03-01,ME4 BM3,-0.2985
1950-02-01,1950-03-01,ME4 BM4,-1.3462
1950-02-01,1950-03-01,ME4 BM5,-1.1631
1950-02-01,1950-03-01,BIG LoBM,1.9733
1950-02-01,1950-03-01,ME5 BM2,1.6177
1950-02-01,1950-03-01,ME5 BM3,1.5705
1950-02-01,1950-03-01,ME5 BM4,1.7275
1950-02-01,1950-03-01,BIG HiBM,-0.2686
1950-03-01,1950-04-01,SMALL LoBM,10.5076
1950-03-01,1950-04-01,ME1 BM2,3.315
1950-03-01,1950-04-01,ME1 BM3,8.0555
1950-03-01,1950-04-01,ME1 BM4,5.3199
1950-03-01,1950-04-01,SMALL HiBM,7.4031
1950-03-01,1950-04-01,ME2 BM1,8.0904
1950-03-01,1950-04-01,ME2 BM2,5.8468
1950-03-01,1950-04-01,ME2 BM3,5.7715
1950-03-01,1950-04-01,ME2 BM4,4.6332
1950-03-01,1950-04-01,ME2 BM5,7.4412
1950-03-01,1950-04-01,ME3 BM1,3.5909
1950-03-01,1950-04-01,ME3 BM2,4.107
1950-03-01,1950-04-01,ME3 BM3,5.6377
1950-03-01,1950-04-01,ME3 BM4,6.5105
1950-03-01,1950-04-01,ME3 BM5,9.9395
1950-03-01,1950-04-01,ME4 BM1,3.617
1950-03-01,1950-04-01,ME4 BM2,1.6034
1950-03-01,1950-04-01,ME4 BM3,4.4629
1950-03-01,1950-04-01,ME4 BM4,4.5267
1950-03-01,1950-04-01,ME4 BM5,3.6203
1950-03-01,1950-04-01,BIG LoBM,5.3459
1950-03-01,1950-04-01,ME5 BM2,2.3922
1950-03-01,1950-04-01,ME5 BM3,3.1926
1950-03-01,1950-04-01,ME5 BM4,3.7251
1950-03-01,1950-04-01,BIG HiBM,4.303
1950-04-01,1950-05-01,SMALL LoBM,-2.1134
1950-04-01,1950-05-01,ME1 BM2,2.6818
1950-04-01,1950-05-01,ME1 BM3,-0.627
1950-04-01,1950-05-01,ME1 BM4,3.4098
1950-04-01,1950-05-01,SMALL HiBM,3.2503
1950-04-01,1950-05-01,ME2 BM1,1.5985
1950-04-01,1950-05-01,ME2 BM2,1.7575
1950-04-01,1950-05-01,ME2 BM3,3.6556
1950-04-01,1950-05-01,ME2 BM4,3.6899
1950-04-01,1950-05-01,ME2 BM5,2.8456
1950-04-01,1950-05-01,ME3 BM1,1.4871
1950-04-01,1950-05-01,ME3 BM2,1.3955
1950-04-01,1950-05-01,ME3 BM3,3.2667
1950-04-01,1950-05-01,ME3 BM4,4.7732
1950-04-01,1950-05-01,ME3 BM5,1.9171
1950-04-01,1950-05-01,ME4 BM1,4.5315
1950-04-01,1950-05-01,ME4 BM2,2.4057
1950-04-01,1950-05-01,ME4 BM3,4.0739
1950-04-01,1950-05-01,ME4 BM4,3.1417
1950-04-01,1950-05-01,ME4 BM5,1.9089
1950-04-01,1950-05-01,BIG LoBM,4.9197
1950-04-01,1950-05-01,ME5 BM2,5.2347
1950-04-01,1950-05-01,ME5 BM3,5.0488
1950-04-01,1950-05-01,ME5 BM4,5.5402
1950-04-01,1950-05-01,BIG HiBM,2.1538
1950-05-01,1950-06-01,SMALL LoBM,-14.2631
1950-05-01,1950-06-01,ME1 BM2,-10.1202
1950-05-01,1950-06-01,ME1 BM3,-10.7947
1950-05-01,1950-06-01,ME1 BM4,-8.6557
1950-05-01,1950-06-01,SMALL HiBM,-10.3355
1950-05-01,1950-06-01,ME2 BM1,-6.8224
1950-05-01,1950-06-01,ME2 BM2,-6.5897
1950-05-01,1950-06-01,ME2 BM3,-7.2854
1950-05-01,1950-06-01,ME2 BM4,-9.3963
1950-05-01,1950-06-01,ME2 BM5,-9.6113
1950-05-01,1950-06-01,ME3 BM1,-6.5819
1950-05-01,1950-06-01,ME3 BM2,-8.1098
1950-05-01,1950-06-01,ME3 BM3,-5.802
1950-05-01,1950-06-01,ME3 BM4,-7.8321
1950-05-01,1950-06-01,ME3 BM5,-8.3509
1950-05-01,1950-06-01,ME4 BM1,-7.1604
1950-05-01,1950-06-01,ME4 BM2,-8.3399
1950-05-01,1950-06-01,ME4 BM3,-7.6647
1950-05-01,1950-06-01,ME4 BM4,-5.6246
1950-05-01,1950-06-01,ME4 BM5,-8.4905
1950-05-01,1950-06-01,BIG LoBM,-5.5369
1950-05-01,1950-06-01,ME5 BM2,-4.9535
1950-05-01,1950-06-01,ME5 BM3,-6.0125
1950-05-01,1950-06-01,ME5 BM4,-3.5444
1950-05-01,1950-06-01,BIG HiBM,-7.2237
1950-06-01,1950-07-01,SMALL LoBM,5.6316
1950-06-01,1950-07-01,ME1 BM2,2.3724
1950-06-01,1950-07-01,ME1 BM3,5.7999
1950-06-01,1950-07-01,ME1 BM4,8.735
1950-06-01,1950-07-01,SMALL HiBM,12.747
1950-06-01,1950-07-01,ME2 BM1,0.6715
1950-06-01,1950-07-01,ME2 BM2,1.6373
1950-06-01,1950-07-01,ME2 BM3,4.5788
1950-06-01,1950-07-01,ME2 BM4,6.2682
1950-06-01,1950-07-01,ME2 BM5,14.3381
1950-06-01,1950-07-01,ME3 BM1,-1.8661
1950-06-01,1950-07-01,ME3 BM2,-2.3316
1950-06-01,1950-07-01,ME3 BM3,2.327
1950-06-01,1950-07-01,ME3 BM4,7.3613
1950-06-01,1950-07-01,ME3 BM5,17.7764
1950-06-01,1950-07-01,ME4 BM1,-1.6562
1950-06-01,1950-07-01,ME4 BM2,0.4862
1950-06-01,1950-07-01,ME4 BM3,5.3773
1950-06-01,1950-07-01,ME4 BM4,8.2947
1950-06-01,1950-07-01,ME4 BM5,15.6296
1950-06-01,1950-07-01,BIG LoBM,-3.904
1950-06-01,1950-07-01,ME5 BM2,-0.6765
1950-06-01,1950-07-01,ME5 BM3,6.6088
1950-06-01,1950-07-01,ME5 BM4,12.568
1950-06-01,1950-07-01,BIG HiBM,12.8352
1950-07-01,1950-08-01,SMALL LoBM,0.1924
1950-07-01,1950-08-01,ME1 BM2,6.2809
1950-07-01,1950-08-01,ME1 BM3,4.5511
1950-07-01,1950-08-01,ME1 BM4,3.1852
1950-07-01,1950-08-01,SMALL HiBM,5.7761
1950-07-01,1950-08-01,ME2 BM1,5.7622
1950-07-01,1950-08-01,ME2 BM2,3.8811
1950-07-01,1950-08-01,ME2 BM3,5.7524
1950-07-01,1950-08-01,ME2 BM4,5.9672
1950-07-01,1950-08-01,ME2 BM5,2.1098
1950-07-01,1950-08-01,ME3 BM1,5.065
1950-07-01,1950-08-01,ME3 BM2,5.0855
1950-07-01,1950-08-01,ME3 BM3,5.7979
1950-07-01,1950-08-01,ME3 BM4,5.9997
1950-07-01,1950-08-01,ME3 BM5,4.35
1950-07-01,1950-08-01,ME4 BM1,4.7413
1950-07-01,1950-08-01,ME4 BM2,4.3722
1950-07-01,1950-08-01,ME4 BM3,4.2629
1950-07-01,1950-08-01,ME4 BM4,3.4944
1950-07-01,1950-08-01,ME4 BM5,4.0267
1950-07-01,1950-08-01,BIG LoBM,6.6768
1950-07-01,1950-08-01,ME5 BM2,3.7233
1950-07-01,1950-08-01,ME5 BM3,4.9222
1950-07-01,1950-08-01,ME5 BM4,2.4714
1950-07-01,1950-08-01,BIG HiBM,2.8463
1950-08-01,1950-09-01,SMALL LoBM,5.6458
1950-08-01,1950-09-01,ME1 BM2,5.7721
1950-08-01,1950-09-01,ME1 BM3,2.8006
1950-08-01,1950-09-01,ME1 BM4,4.3141
1950-08-01,1950-09-01,SMALL HiBM,3.2939
1950-08-01,1950-09-01,ME2 BM1,5.8189
1950-08-01,1950-09-01,ME2 BM2,5.8195
1950-08-01,1950-09-01,ME2 BM3,4.5755
1950-08-01,1950-09-01,ME2 BM4,6.0425
1950-08-01,1950-09-01,ME2 BM5,6.2364
1950-08-01,1950-09-01,ME3 BM1,5.6587
1950-08-01,1950-09-01,ME3 BM2,6.3346
1950-08-01,1950-09-01,ME3 BM3,6.7462
1950-08-01,1950-09-01,ME3 BM4,5.1757
1950-08-01,1950-09-01,ME3 BM5,5.6582
1950-08-01,1950-09-01,ME4 BM1,6.3232
1950-08-01,1950-09-01,ME4 BM2,6.5065
1950-08-01,1950-09-01,ME4 BM3,5.7884
1950-08-01,1950-09-01,ME4 BM4,4.3371
1950-08-01,1950-09-01,ME4 BM5,9.0788
1950-08-01,1950-09-01,BIG LoBM,5.3179
1950-08-01,1950-09-01,ME5 BM2,4.2464
1950-08-01,1950-09-01,ME5 BM3,4.3314
1950-08-01,1950-09-01,ME5 BM4,4.0047
1950-08-01,1950-09-01,BIG HiBM,3.1613
1950-09-01,1950-10-01,SMALL LoBM,-4.2171
1950-09-01,1950-10-01,ME1 BM2,-3.1522
1950-09-01,1950-10-01,ME1 BM3,1.387
1950-09-01,1950-10-01,ME1 BM4,-1.0882
1950-09-01,1950-10-01,SMALL HiBM,-0.2167
1950-09-01,1950-10-01,ME2 BM1,2.595
1950-09-01,1950-10-01,ME2 BM2,0.0582
1950-09-01,1950-10-01,ME2 BM3,-0.0049
1950-09-01,1950-10-01,ME2 BM4,-1.0665
1950-09-01,1950-10-01,ME2 BM5,1.1376
1950-09-01,1950-10-01,ME3 BM1,0.2037
1950-09-01,1950-10-01,ME3 BM2,-1.4729
1950-09-01,1950-10-01,ME3 BM3,-0.6008
1950-09-01,1950-10-01,ME3 BM4,0.0313
1950-09-01,1950-10-01,ME3 BM5,0.2269
1950-09-01,1950-10-01,ME4 BM1,-1.2108
1950-09-01,1950-10-01,ME4 BM2,-0.9725
1950-09-01,1950-10-01,ME4 BM3,-1.9367
1950-09-01,1950-10-01,ME4 BM4,0.5814
1950-09-01,1950-10-01,ME4 BM5,-3.2306
1950-09-01,1950-10-01,BIG LoBM,0.1294
1950-09-01,1950-10-01,ME5 BM2,-0.2511
1950-09-01,1950-10-01,ME5 BM3,-0.8446
1950-09-01,1950-10-01,ME5 BM4,-0.8059
1950-09-01,1950-10-01,BIG HiBM,4.6091
1950-10-01,1950-11-01,SMALL LoBM,-1.0525
1950-10-01,1950-11-01,ME1 BM2,2.1534
1950-10-01,1950-11-01,ME1 BM3,1.3371
1950-10-01,1950-11-01,ME1 BM4,1.8471
1950-10-01,1950-11-01,SMALL HiBM,5.2773
1950-10-01,1950-11-01,ME2 BM1,0.1354
1950-10-01,1950-11-01,ME2 BM2,0.7347
1950-10-01,1950-11-01,ME2 BM3,2.0219
1950-10-01,1950-11-01,ME2 BM4,2.6262
1950-10-01,1950-11-01,ME2 BM5,8.3388
1950-10-01,1950-11-01,ME3 BM1,0.9683
1950-10-01,1950-11-01,ME3 BM2,1.5904
1950-10-01,1950-11-01,ME3 BM3,2.349
1950-10-01,1950-11-01,ME3 BM4,2.9247
1950-10-01,1950-11-01,ME3 BM5,8.5056
1950-10-01,1950-11-01,ME4 BM1,2.9011
1950-10-01,1950-11-01,ME4 BM2,3.2498
1950-10-01,1950-11-01,ME4 BM3,2.902
1950-10-01,1950-11-01,ME4 BM4,5.5916
1950-10-01,1950-11-01,ME4 BM5,7.7221
1950-10-01,1950-11-01,BIG LoBM,2.6265
1950-10-01,1950-11-01,ME5 BM2,1.8074
1950-10-01,1950-11-01,ME5 BM3,4.0934
1950-10-01,1950-11-01,ME5 BM4,4.5971
1950-10-01,1950-11-01,BIG HiBM,2.4505
1950-11-01,1950-12-01,SMALL LoBM,8.4945
1950-11-01,1950-12-01,ME1 BM2,7.6947
1950-11-01,1950-12-01,ME1 BM3,11.4658
1950-11-01,1950-12-01,ME1 BM4,12.7312
1950-11-01,1950-12-01,SMALL HiBM,14.5444
1950-11-01,1950-12-01,ME2 BM1,9.4279
1950-11-01,1950-12-01,ME2 BM2,6.0052
1950-11-01,1950-12-01,ME2 BM3,10.5161
1950-11-01,1950-12-01,ME2 BM4,8.6044
1950-11-01,1950-12-01,ME2 BM5,14.4941
1950-11-01,1950-12-01,ME3 BM1,3.0784
1950-11-01,1950-12-01,ME3 BM2,3.6319
1950-11-01,1950-12-01,ME3 BM3,6.1527
1950-11-01,1950-12-01,ME3 BM4,8.3448
1950-11-01,1950-12-01,ME3 BM5,15.1117
1950-11-01,1950-12-01,ME4 BM1,4.7617
1950-11-01,1950-12-01,ME4 BM2,3.8839
1950-11-01,1950-12-01,ME4 BM3,8.9719
1950-11-01,1950-12-01,ME4 BM4,10.7421
1950-11-01,1950-12-01,ME4 BM5,12.9279
1950-11-01,1950-12-01,BIG LoBM,3.1198
1950-11-01,1950-12-01,ME5 BM2,5.0644
1950-11-01,1950-12-01,ME5 BM3,5.8967
1950-11-01,1950-12-01,ME5 BM4,9.4055
1950-11-01,1950-12-01,BIG HiBM,10.4279
1950-12-01,1951-01-01,SMALL LoBM,8.8155
1950-12-01,1951-01-01,ME1 BM2,9.078
1950-12-01,1951-01-01,ME1 BM3,8.7126
1950-12-01,1951-01-01,ME1 BM4,6.8038
1950-12-01,1951-01-01,SMALL HiBM,11.3216
1950-12-01,1951-01-01,ME2 BM1,5.1693
1950-12-01,1951-01-01,ME2 BM2,8.6369
1950-12-01,1951-01-01,ME2 BM3,5.889
1950-12-01,1951-01-01,ME2 BM4,8.3908
1950-12-01,1951-01-01,ME2 BM5,9.8197
1950-12-01,1951-01-01,ME3 BM1,6.9758
1950-12-01,1951-01-01,ME3 BM2,6.9519
1950-12-01,1951-01-01,ME3 BM3,6.8127
1950-12-01,1951-01-01,ME3 BM4,9.6293
1950-12-01,1951-01-01,ME3 BM5,9.1685
1950-12-01,1951-01-01,ME4 BM1,6.5243
1950-12-01,1951-01-01,ME4 BM2,7.5663
1950-12-01,1951-01-01,ME4 BM3,6.741
1950-12-01,1951-01-01,ME4 BM4,6.0772
1950-12-01,1951-01-01,ME4 BM5,9.4084
1950-12-01,1951-01-01,BIG LoBM,4.7282
1950-12-01,1951-01-01,ME5 BM2,3.9111
1950-12-01,1951-01-01,ME5 BM3,7.1015
1950-12-01,1951-01-01,ME5 BM4,5.4008
1950-12-01,1951-01-01,BIG HiBM,10.2398
1951-01-01,1951-02-01,SMALL LoBM,1.1488
1951-01-01,1951-02-01,ME1 BM2,0.2168
1951-01-01,1951-02-01,ME1 BM3,-0.5499
1951-01-01,1951-02-01,ME1 BM4,0.9248
1951-01-01,1951-02-01,SMALL HiBM,0.1236
1951-01-01,1951-02-01,ME2 BM1,1.7748
1951-01-01,1951-02-01,ME2 BM2,0.3074
1951-01-01,1951-02-01,ME2 BM3,2.2784
1951-01-01,1951-02-01,ME2 BM4,-0.104
1951-01-01,1951-02-01,ME2 BM5,0.8098
1951-01-01,1951-02-01,ME3 BM1,1.9635
1951-01-01,1951-02-01,ME3 BM2,2.2525
1951-01-01,1951-02-01,ME3 BM3,2.4047
1951-01-01,1951-02-01,ME3 BM4,-0.6927
1951-01-01,1951-02-01,ME3 BM5,-0.675
1951-01-01,1951-02-01,ME4 BM1,1.3199
1951-01-01,1951-02-01,ME4 BM2,0.9637
1951-01-01,1951-02-01,ME4 BM3,2.7306
1951-01-01,1951-02-01,ME4 BM4,1.4251
1951-01-01,1951-02-01,ME4 BM5,1.7089
1951-01-01,1951-02-01,BIG LoBM,2.5191
1951-01-01,1951-02-01,ME5 BM2,1.752
1951-01-01,1951-02-01,ME5 BM3,2.2477
1951-01-01,1951-02-01,ME5 BM4,-0.0069
1951-01-01,1951-02-01,BIG HiBM,-2.7632
1951-02-01,1951-03-01,SMALL LoBM,1.3226
1951-02-01,1951-03-01,ME1 BM2,-4.8075
1951-02-01,1951-03-01,ME1 BM3,-4.627
1951-02-01,1951-03-01,ME1 BM4,-4.923
1951-02-01,1951-03-01,SMALL HiBM,-6.7552
1951-02-01,1951-03-01,ME2 BM1,-1.9876
1951-02-01,1951-03-01,ME2 BM2,-1.0642
1951-02-01,1951-03-01,ME2 BM3,-3.3028
1951-02-01,1951-03-01,ME2 BM4,-5.6011
1951-02-01,1951-03-01,ME2 BM5,-5.1677
1951-02-01,1951-03-01,ME3 BM1,-1.5496
1951-02-01,1951-03-01,ME3 BM2,-0.968
1951-02-01,1951-03-01,ME3 BM3,-4.7552
1951-02-01,1951-03-01,ME3 BM4,-4.7589
1951-02-01,1951-03-01,ME3 BM5,-6.0536
1951-02-01,1951-03-01,ME4 BM1,-1.5993
1951-02-01,1951-03-01,ME4 BM2,-1.8546
1951-02-01,1951-03-01,ME4 BM3,-3.8661
1951-02-01,1951-03-01,ME4 BM4,-6.2029
1951-02-01,1951-03-01,ME4 BM5,-5.5661
1951-02-01,1951-03-01,BIG LoBM,-0.529
1951-02-01,1951-03-01,ME5 BM2,-1.3306
1951-02-01,1951-03-01,ME5 BM3,-2.9798
1951-02-01,1951-03-01,ME5 BM4,-3.4812
1951-02-01,1951-03-01,BIG HiBM,-4.895
1951-03-01,1951-04-01,SMALL LoBM,1.7789
1951-03-01,1951-04-01,ME1 BM2,3.2251
1951-03-01,1951-04-01,ME1 BM3,5.0833
1951-03-01,1951-04-01,ME1 BM4,3.9107
1951-03-01,1951-04-01,SMALL HiBM,5.0706
1951-03-01,1951-04-01,ME2 BM1,3.1938
1951-03-01,1951-04-01,ME2 BM2,3.2616
1951-03-01,1951-04-01,ME2 BM3,3.6623
1951-03-01,1951-04-01,ME2 BM4,5.7716
1951-03-01,1951-04-01,ME2 BM5,5.0899
1951-03-01,1951-04-01,ME3 BM1,0.6693
1951-03-01,1951-04-01,ME3 BM2,3.6589
1951-03-01,1951-04-01,ME3 BM3,3.8309
1951-03-01,1951-04-01,ME3 BM4,5.6372
1951-03-01,1951-04-01,ME3 BM5,7.6127
1951-03-01,1951-04-01,ME4 BM1,4.6442
1951-03-01,1951-04-01,ME4 BM2,4.7812
1951-03-01,1951-04-01,ME4 BM3,3.8768
1951-03-01,1951-04-01,ME4 BM4,5.3693
1951-03-01,1951-04-01,ME4 BM5,5.1288
1951-03-01,1951-04-01,BIG LoBM,4.659
1951-03-01,1951-04-01,ME5 BM2,2.9398
1951-03-01,1951-04-01,ME5 BM3,8.8547
1951-03-01,1951-04-01,ME5 BM4,6.5004
1951-03-01,1951-04-01,BIG HiBM,7.8204
1951-04-01,1951-05-01,SMALL LoBM,-4.4766
1951-04-01,1951-05-01,ME1 BM2,-2.6322
1951-04-01,1951-05-01,ME1 BM3,-3.7072
1951-04-01,1951-05-01,ME1 BM4,-4.3733
1951-04-01,1951-05-01,SMALL HiBM,-3.9464
1951-04-01,1951-05-01,ME2 BM1,-2.2808
1951-04-01,1951-05-01,ME2 BM2,-2.5004
1951-04-01,1951-05-01,ME2 BM3,-1.8886
1951-04-01,1951-05-01,ME2 BM4,-3.0158
1951-04-01,1951-05-01,ME2 BM5,-4.6755
1951-04-01,1951-05-01,ME3 BM1,-2.3617
1951-04-01,1951-05-01,ME3 BM2,-2.0752
1951-04-01,1951-05-01,ME3 BM3,-2.4709
1951-04-01,1951-05-01,ME3 BM4,-2.8998
1951-04-01,1951-05-01,ME3 BM5,-0.9716
1951-04-01,1951-05-01,ME4 BM1,-1.9808
1951-04-01,1951-05-01,ME4 BM2,-1.8923
1951-04-01,1951-05-01,ME4 BM3,-1.4451
1951-04-01,1951-05-01,ME4 BM4,-2.7187
1951-04-01,1951-05-01,ME4 BM5,-3.953
1951-04-01,1951-05-01,BIG LoBM,-2.2679
1951-04-01,1951-05-01,ME5 BM2,-1.7177
1951-04-01,1951-05-01,ME5 BM3,-2.2634
1951-04-01,1951-05-01,ME5 BM4,-2.0008
1951-04-01,1951-05-01,BIG HiBM,-4.7911
1951-05-01,1951-06-01,SMALL LoBM,-3.9466
1951-05-01,1951-06-01,ME1 BM2,-7.3009
1951-05-01,1951-06-01,ME1 BM3,-6.8667
1951-05-01,1951-06-01,ME1 BM4,-4.6286
1951-05-01,1951-06-01,SMALL HiBM,-7.2121
1951-05-01,1951-06-01,ME2 BM1,-4.2739
1951-05-01,1951-06-01,ME2 BM2,-4.2237
1951-05-01,1951-06-01,ME2 BM3,-5.6675
1951-05-01,1951-06-01,ME2 BM4,-5.8278
1951-05-01,1951-06-01,ME2 BM5,-7.3052
1951-05-01,1951-06-01,ME3 BM1,-4.4491
1951-05-01,1951-06-01,ME3 BM2,-4.0828
1951-05-01,1951-06-01,ME3 BM3,-4.2306
1951-05-01,1951-06-01,ME3 BM4,-6.3851
1951-05-01,1951-06-01,ME3 BM5,-10.7813
1951-05-01,1951-06-01,ME4 BM1,-2.797
1951-05-01,1951-06-01,ME4 BM2,-2.7422
1951-05-01,1951-06-01,ME4 BM3,-4.4938
1951-05-01,1951-06-01,ME4 BM4,-5.1728
1951-05-01,1951-06-01,ME4 BM5,-8.0965
1951-05-01,1951-06-01,BIG LoBM,-2.0113
1951-05-01,1951-06-01,ME5 BM2,-2.0023
1951-05-01,1951-06-01,ME5 BM3,2.0391
1951-05-01,1951-06-01,ME5 BM4,-3.7783
1951-05-01,1951-06-01,BIG HiBM,-6.6823
1951-06-01,1951-07-01,SMALL LoBM,2.7434
1951-06-01,1951-07-01,ME1 BM2,3.3705
1951-06-01,1951-07-01,ME1 BM3,3.3988
1951-06-01,1951-07-01,ME1 BM4,4.3659
1951-06-01,1951-07-01,SMALL HiBM,4.2876
1951-06-01,1951-07-01,ME2 BM1,5.2514
1951-06-01,1951-07-01,ME2 BM2,6.0635
1951-06-01,1951-07-01,ME2 BM3,5.6961
1951-06-01,1951-07-01,ME2 BM4,7.0039
1951-06-01,1951-07-01,ME2 BM5,7.3612
1951-06-01,1951-07-01,ME3 BM1,4.0477
1951-06-01,1951-07-01,ME3 BM2,6.7369
1951-06-01,1951-07-01,ME3 BM3,5.0511
1951-06-01,1951-07-01,ME3 BM4,7.2364
1951-06-01,1951-07-01,ME3 BM5,6.7844
1951-06-01,1951-07-01,ME4 BM1,8.5137
1951-06-01,1951-07-01,ME4 BM2,5.9287
1951-06-01,1951-07-01,ME4 BM3,6.3035
1951-06-01,1951-07-01,ME4 BM4,8.3386
1951-06-01,1951-07-01,ME4 BM5,10.8979
1951-06-01,1951-07-01,BIG LoBM,7.0286
1951-06-01,1951-07-01,ME5 BM2,5.6805
1951-06-01,1951-07-01,ME5 BM3,6.7241
1951-06-01,1951-07-01,ME5 BM4,9.3385
1951-06-01,1951-07-01,BIG HiBM,10.8461
1951-07-01,1951-08-01,SMALL LoBM,10.2627
1951-07-01,1951-08-01,ME1 BM2,13.2263
1951-07-01,1951-08-01,ME1 BM3,4.2956
1951-07-01,1951-08-01,ME1 BM4,6.0737
1951-07-01,1951-08-01,SMALL HiBM,5.1666
1951-07-01,1951-08-01,ME2 BM1,4.0404
1951-07-01,1951-08-01,ME2 BM2,5.4661
1951-07-01,1951-08-01,ME2 BM3,3.6247
1951-07-01,1951-08-01,ME2 BM4,6.6445
1951-07-01,1951-08-01,ME2 BM5,3.8069
1951-07-01,1951-08-01,ME3 BM1,4.6098
1951-07-01,1951-08-01,ME3 BM2,5.9754
1951-07-01,1951-08-01,ME3 BM3,5.1464
1951-07-01,1951-08-01,ME3 BM4,4.25
1951-07-01,1951-08-01,ME3 BM5,4.9286
1951-07-01,1951-08-01,ME4 BM1,3.2958
1951-07-01,1951-08-01,ME4 BM2,4.589
1951-07-01,1951-08-01,ME4 BM3,4.2416
1951-07-01,1951-08-01,ME4 BM4,4.243
1951-07-01,1951-08-01,ME4 BM5,1.6658
1951-07-01,1951-08-01,BIG LoBM,3.7391
1951-07-01,1951-08-01,ME5 BM2,5.7133
1951-07-01,1951-08-01,ME5 BM3,4.5506
1951-07-01,1951-08-01,ME5 BM4,5.0872
1951-07-01,1951-08-01,BIG HiBM,4.7727
1951-08-01,1951-09-01,SMALL LoBM,3.2795
1951-08-01,1951-09-01,ME1 BM2,2.2512
1951-08-01,1951-09-01,ME1 BM3,3.0143
1951-08-01,1951-09-01,ME1 BM4,2.2391
1951-08-01,1951-09-01,SMALL HiBM,1.9469
1951-08-01,1951-09-01,ME2 BM1,2.92
1951-08-01,1951-09-01,ME2 BM2,3.7459
1951-08-01,1951-09-01,ME2 BM3,2.9059
1951-08-01,1951-09-01,ME2 BM4,1.8245
1951-08-01,1951-09-01,ME2 BM5,4.4819
1951-08-01,1951-09-01,ME3 BM1,0.4452
1951-08-01,1951-09-01,ME3 BM2,1.914
1951-08-01,1951-09-01,ME3 BM3,1.7142
1951-08-01,1951-09-01,ME3 BM4,2.7737
1951-08-01,1951-09-01,ME3 BM5,3.6614
1951-08-01,1951-09-01,ME4 BM1,1.1172
1951-08-01,1951-09-01,ME4 BM2,2.1669
1951-08-01,1951-09-01,ME4 BM3,2.7297
1951-08-01,1951-09-01,ME4 BM4,3.3943
1951-08-01,1951-09-01,ME4 BM5,4.0547
1951-08-01,1951-09-01,BIG LoBM,0.4701
1951-08-01,1951-09-01,ME5 BM2,0.5838
1951-08-01,1951-09-01,ME5 BM3,-0.3895
1951-08-01,1951-09-01,ME5 BM4,0.1089
1951-08-01,1951-09-01,BIG HiBM,1.858
1951-09-01,1951-10-01,SMALL LoBM,-3.5124
1951-09-01,1951-10-01,ME1 BM2,0.3929
1951-09-01,1951-10-01,ME1 BM3,-3.1266
1951-09-01,1951-10-01,ME1 BM4,-3.0295
1951-09-01,1951-10-01,SMALL HiBM,-1.6641
1951-09-01,1951-10-01,ME2 BM1,-2.4009
1951-09-01,1951-10-01,ME2 BM2,-2.6417
1951-09-01,1951-10-01,ME2 BM3,-2.1173
1951-09-01,1951-10-01,ME2 BM4,-2.9001
1951-09-01,1951-10-01,ME2 BM5,-4.3296
1951-09-01,1951-10-01,ME3 BM1,-1.4865
1951-09-01,1951-10-01,ME3 BM2,-1.6024
1951-09-01,1951-10-01,ME3 BM3,-1.817
1951-09-01,1951-10-01,ME3 BM4,-2.3637
1951-09-01,1951-10-01,ME3 BM5,-4.2546
1951-09-01,1951-10-01,ME4 BM1,-2.8685
1951-09-01,1951-10-01,ME4 BM2,-2.2785
1951-09-01,1951-10-01,ME4 BM3,-2.7714
1951-09-01,1951-10-01,ME4 BM4,-1.2778
1951-09-01,1951-10-01,ME4 BM5,-4.3741
1951-09-01,1951-10-01,BIG LoBM,-4.2676
1951-09-01,1951-10-01,ME5 BM2,-2.5728
1951-09-01,1951-10-01,ME5 BM3,0.518
1951-09-01,1951-10-01,ME5 BM4,-0.2347
1951-09-01,1951-10-01,BIG HiBM,-3.4342
1951-10-01,1951-11-01,SMALL LoBM,-0.2918
1951-10-01,1951-11-01,ME1 BM2,-1.1956
1951-10-01,1951-11-01,ME1 BM3,-0.5439
1951-10-01,1951-11-01,ME1 BM4,-0.2275
1951-10-01,1951-11-01,SMALL HiBM,-1.2201
1951-10-01,1951-11-01,ME2 BM1,0.3966
1951-10-01,1951-11-01,ME2 BM2,-0.6933
1951-10-01,1951-11-01,ME2 BM3,0.5931
1951-10-01,1951-11-01,ME2 BM4,0.3005
1951-10-01,1951-11-01,ME2 BM5,1.3233
1951-10-01,1951-11-01,ME3 BM1,1.0135
1951-10-01,1951-11-01,ME3 BM2,1.9704
1951-10-01,1951-11-01,ME3 BM3,1.6099
1951-10-01,1951-11-01,ME3 BM4,1.0782
1951-10-01,1951-11-01,ME3 BM5,0.393
1951-10-01,1951-11-01,ME4 BM1,0.6789
1951-10-01,1951-11-01,ME4 BM2,2.6514
1951-10-01,1951-11-01,ME4 BM3,1.8341
1951-10-01,1951-11-01,ME4 BM4,1.64
1951-10-01,1951-11-01,ME4 BM5,1.4125
1951-10-01,1951-11-01,BIG LoBM,0.7308
1951-10-01,1951-11-01,ME5 BM2,1.2077
1951-10-01,1951-11-01,ME5 BM3,0.0137
1951-10-01,1951-11-01,ME5 BM4,-0.1574
1951-10-01,1951-11-01,BIG HiBM,1.6531
1951-11-01,1951-12-01,SMALL LoBM,-0.6531
1951-11-01,1951-12-01,ME1 BM2,-0.3302
1951-11-01,1951-12-01,ME1 BM3,1.1402
1951-11-01,1951-12-01,ME1 BM4,0.8243
1951-11-01,1951-12-01,SMALL HiBM,0.2234
1951-11-01,1951-12-01,ME2 BM1,2.6437
1951-11-01,1951-12-01,ME2 BM2,-0.1409
1951-11-01,1951-12-01,ME2 BM3,1.6753
1951-11-01,1951-12-01,ME2 BM4,1.0058
1951-11-01,1951-12-01,ME2 BM5,0.7465
1951-11-01,1951-12-01,ME3 BM1,1.1775
1951-11-01,1951-12-01,ME3 BM2,0.6306
1951-11-01,1951-12-01,ME3 BM3,1.4198
1951-11-01,1951-12-01,ME3 BM4,-0.2284
1951-11-01,1951-12-01,ME3 BM5,0.5915
1951-11-01,1951-12-01,ME4 BM1,2.7253
1951-11-01,1951-12-01,ME4 BM2,2.8434
1951-11-01,1951-12-01,ME4 BM3,1.7052
1951-11-01,1951-12-01,ME4 BM4,1.1987
1951-11-01,1951-12-01,ME4 BM5,1.5338
1951-11-01,1951-12-01,BIG LoBM,4.9985
1951-11-01,1951-12-01,ME5 BM2,2.9271
1951-11-01,1951-12-01,ME5 BM3,4.2053
1951-11-01,1951-12-01,ME5 BM4,2.6199
1951-11-01,1951-12-01,BIG HiBM,1.4753
1951-12-01,1952-01-01,SMALL LoBM,1.3113
1951-12-01,1952-01-01,ME1 BM2,2.7396
1951-12-01,1952-01-01,ME1 BM3,1.1931
1951-12-01,1952-01-01,ME1 BM4,1.373
1951-12-01,1952-01-01,SMALL HiBM,2.091
1951-12-01,1952-01-01,ME2 BM1,2.0337
1951-12-01,1952-01-01,ME2 BM2,1.9938
1951-12-01,1952-01-01,ME2 BM3,1.2703
1951-12-01,1952-01-01,ME2 BM4,2.5027
1951-12-01,1952-01-01,ME2 BM5,1.1032
1951-12-01,1952-01-01,ME3 BM1,2.0812
1951-12-01,1952-01-01,ME3 BM2,1.8772
1951-12-01,1952-01-01,ME3 BM3,0.8363
1951-12-01,1952-01-01,ME3 BM4,1.2126
1951-12-01,1952-01-01,ME3 BM5,2.0918
1951-12-01,1952-01-01,ME4 BM1,1.9185
1951-12-01,1952-01-01,ME4 BM2,1.5903
1951-12-01,1952-01-01,ME4 BM3,1.3145
1951-12-01,1952-01-01,ME4 BM4,2.2425
1951-12-01,1952-01-01,ME4 BM5,1.3726
1951-12-01,1952-01-01,BIG LoBM,-0.229
1951-12-01,1952-01-01,ME5 BM2,2.0105
1951-12-01,1952-01-01,ME5 BM3,2.9082
1951-12-01,1952-01-01,ME5 BM4,4.5759
1951-12-01,1952-01-01,BIG HiBM,3.5187
1952-01-01,1952-02-01,SMALL LoBM,-3.8411
1952-01-01,1952-02-01,ME1 BM2,-3.3243
1952-01-01,1952-02-01,ME1 BM3,-2.4037
1952-01-01,1952-02-01,ME1 BM4,-2.9616
1952-01-01,1952-02-01,SMALL HiBM,-2.855
1952-01-01,1952-02-01,ME2 BM1,-1.6171
1952-01-01,1952-02-01,ME2 BM2,-2.1336
1952-01-01,1952-02-01,ME2 BM3,-2.9345
1952-01-01,1952-02-01,ME2 BM4,-1.6811
1952-01-01,1952-02-01,ME2 BM5,-1.9078
1952-01-01,1952-02-01,ME3 BM1,-1.5986
1952-01-01,1952-02-01,ME3 BM2,-0.7281
1952-01-01,1952-02-01,ME3 BM3,-2.3555
1952-01-01,1952-02-01,ME3 BM4,-2.6546
1952-01-01,1952-02-01,ME3 BM5,-1.7044
1952-01-01,1952-02-01,ME4 BM1,-0.8897
1952-01-01,1952-02-01,ME4 BM2,-1.1477
1952-01-01,1952-02-01,ME4 BM3,-3.4097
1952-01-01,1952-02-01,ME4 BM4,-2.1322
1952-01-01,1952-02-01,ME4 BM5,-1.6424
1952-01-01,1952-02-01,BIG LoBM,-2.324
1952-01-01,1952-02-01,ME5 BM2,-2.5878
1952-01-01,1952-02-01,ME5 BM3,-3.1852
1952-01-01,1952-02-01,ME5 BM4,-3.1748
1952-01-01,1952-02-01,BIG HiBM,-3.5029
1952-02-01,1952-03-01,SMALL LoBM,1.3001
1952-02-01,1952-03-01,ME1 BM2,1.5038
1952-02-01,1952-03-01,ME1 BM3,1.6045
1952-02-01,1952-03-01,ME1 BM4,2.4237
1952-02-01,1952-03-01,SMALL HiBM,2.3905
1952-02-01,1952-03-01,ME2 BM1,0.9438
1952-02-01,1952-03-01,ME2 BM2,1.8378
1952-02-01,1952-03-01,ME2 BM3,2.0037
1952-02-01,1952-03-01,ME2 BM4,2.746
1952-02-01,1952-03-01,ME2 BM5,4.8917
1952-02-01,1952-03-01,ME3 BM1,3.357
1952-02-01,1952-03-01,ME3 BM2,1.8118
1952-02-01,1952-03-01,ME3 BM3,2.5172
1952-02-01,1952-03-01,ME3 BM4,2.3698
1952-02-01,1952-03-01,ME3 BM5,4.3179
1952-02-01,1952-03-01,ME4 BM1,2.6565
1952-02-01,1952-03-01,ME4 BM2,2.411
1952-02-01,1952-03-01,ME4 BM3,3.1039
1952-02-01,1952-03-01,ME4 BM4,5.4576
1952-02-01,1952-03-01,ME4 BM5,7.3813
1952-02-01,1952-03-01,BIG LoBM,4.83
1952-02-01,1952-03-01,ME5 BM2,5.2422
1952-02-01,1952-03-01,ME5 BM3,4.3277
1952-02-01,1952-03-01,ME5 BM4,6.8013
1952-02-01,1952-03-01,BIG HiBM,7.3267
1952-03-01,1952-04-01,SMALL LoBM,-5.8473
1952-03-01,1952-04-01,ME1 BM2,-7.0025
1952-03-01,1952-04-01,ME1 BM3,-4.3108
1952-03-01,1952-04-01,ME1 BM4,-3.8152
1952-03-01,1952-04-01,SMALL HiBM,-4.9811
1952-03-01,1952-04-01,ME2 BM1,-4.9275
1952-03-01,1952-04-01,ME2 BM2,-4.9637
1952-03-01,1952-04-01,ME2 BM3,-4.2643
1952-03-01,1952-04-01,ME2 BM4,-5.4963
1952-03-01,1952-04-01,ME2 BM5,-3.9524
1952-03-01,1952-04-01,ME3 BM1,-3.9439
1952-03-01,1952-04-01,ME3 BM2,-5.5031
1952-03-01,1952-04-01,ME3 BM3,-3.7755
1952-03-01,1952-04-01,ME3 BM4,-4.5303
1952-03-01,1952-04-01,ME3 BM5,-3.0594
1952-03-01,1952-04-01,ME4 BM1,-5.7587
1952-03-01,1952-04-01,ME4 BM2,-4.2299
1952-03-01,1952-04-01,ME4 BM3,-4.2747
1952-03-01,1952-04-01,ME4 BM4,-6.264
1952-03-01,1952-04-01,ME4 BM5,-2.783
1952-03-01,1952-04-01,BIG LoBM,-4.7197
1952-03-01,1952-04-01,ME5 BM2,-4.3054
1952-03-01,1952-04-01,ME5 BM3,-4.5717
1952-03-01,1952-04-01,ME5 BM4,-7.0917
1952-03-01,1952-04-01,BIG HiBM,-5.8778
1952-04-01,1952-05-01,SMALL LoBM,-5.7438
1952-04-01,1952-05-01,ME1 BM2,1.0672
1952-04-01,1952-05-01,ME1 BM3,2.804
1952-04-01,1952-05-01,ME1 BM4,2.082
1952-04-01,1952-05-01,SMALL HiBM,1.4566
1952-04-01,1952-05-01,ME2 BM1,2.1308
1952-04-01,1952-05-01,ME2 BM2,2.3019
1952-04-01,1952-05-01,ME2 BM3,2.9478
1952-04-01,1952-05-01,ME2 BM4,1.9646
1952-04-01,1952-05-01,ME2 BM5,3.1104
1952-04-01,1952-05-01,ME3 BM1,2.6205
1952-04-01,1952-05-01,ME3 BM2,2.9168
1952-04-01,1952-05-01,ME3 BM3,1.4384
1952-04-01,1952-05-01,ME3 BM4,2.5008
1952-04-01,1952-05-01,ME3 BM5,4.0166
1952-04-01,1952-05-01,ME4 BM1,3.3528
1952-04-01,1952-05-01,ME4 BM2,2.2933
1952-04-01,1952-05-01,ME4 BM3,3.382
1952-04-01,1952-05-01,ME4 BM4,1.9193
1952-04-01,1952-05-01,ME4 BM5,3.1757
1952-04-01,1952-05-01,BIG LoBM,4.1375
1952-04-01,1952-05-01,ME5 BM2,3.0305
1952-04-01,1952-05-01,ME5 BM3,2.7078
1952-04-01,1952-05-01,ME5 BM4,3.8127
1952-04-01,1952-05-01,BIG HiBM,3.4389
1952-05-01,1952-06-01,SMALL LoBM,2.3068
1952-05-01,1952-06-01,ME1 BM2,6.1368
1952-05-01,1952-06-01,ME1 BM3,2.0095
1952-05-01,1952-06-01,ME1 BM4,2.4022
1952-05-01,1952-06-01,SMALL HiBM,3.3778
1952-05-01,1952-06-01,ME2 BM1,2.9586
1952-05-01,1952-06-01,ME2 BM2,1.7948
1952-05-01,1952-06-01,ME2 BM3,2.0596
1952-05-01,1952-06-01,ME2 BM4,2.7021
1952-05-01,1952-06-01,ME2 BM5,4.074
1952-05-01,1952-06-01,ME3 BM1,0.8497
1952-05-01,1952-06-01,ME3 BM2,3.0095
1952-05-01,1952-06-01,ME3 BM3,2.8965
1952-05-01,1952-06-01,ME3 BM4,4.085
1952-05-01,1952-06-01,ME3 BM5,3.631
1952-05-01,1952-06-01,ME4 BM1,3.2961
1952-05-01,1952-06-01,ME4 BM2,4.0586
1952-05-01,1952-06-01,ME4 BM3,2.7738
1952-05-01,1952-06-01,ME4 BM4,3.5987
1952-05-01,1952-06-01,ME4 BM5,3.8076
1952-05-01,1952-06-01,BIG LoBM,4.0703
1952-05-01,1952-06-01,ME5 BM2,4.2618
1952-05-01,1952-06-01,ME5 BM3,4.3186
1952-05-01,1952-06-01,ME5 BM4,3.323
1952-05-01,1952-06-01,BIG HiBM,7.0475
1952-06-01,1952-07-01,SMALL LoBM,1.1811
1952-06-01,1952-07-01,ME1 BM2,2.0697
1952-06-01,1952-07-01,ME1 BM3,2.5415
1952-06-01,1952-07-01,ME1 BM4,0.8343
1952-06-01,1952-07-01,SMALL HiBM,0.4549
1952-06-01,1952-07-01,ME2 BM1,1.8524
1952-06-01,1952-07-01,ME2 BM2,-0.0895
1952-06-01,1952-07-01,ME2 BM3,1.5614
1952-06-01,1952-07-01,ME2 BM4,1.3321
1952-06-01,1952-07-01,ME2 BM5,-0.3329
1952-06-01,1952-07-01,ME3 BM1,1.5688
1952-06-01,1952-07-01,ME3 BM2,1.0095
1952-06-01,1952-07-01,ME3 BM3,1.593
1952-06-01,1952-07-01,ME3 BM4,1.5258
1952-06-01,1952-07-01,ME3 BM5,0.0848
1952-06-01,1952-07-01,ME4 BM1,0.8923
1952-06-01,1952-07-01,ME4 BM2,1.3121
1952-06-01,1952-07-01,ME4 BM3,1.635
1952-06-01,1952-07-01,ME4 BM4,1.0958
1952-06-01,1952-07-01,ME4 BM5,1.7307
1952-06-01,1952-07-01,BIG LoBM,1.3085
1952-06-01,1952-07-01,ME5 BM2,1.0821
1952-06-01,1952-07-01,ME5 BM3,0.0841
1952-06-01,1952-07-01,ME5 BM4,1.4464
1952-06-01,1952-07-01,BIG HiBM,1.3921
1952-07-01,1952-08-01,SMALL LoBM,-4.8073
1952-07-01,1952-08-01,ME1 BM2,0.2576
1952-07-01,1952-08-01,ME1 BM3,0.6815
1952-07-01,1952-08-01,ME1 BM4,0.2026
1952-07-01,1952-08-01,SMALL HiBM,-0.1541
1952-07-01,1952-08-01,ME2 BM1,-0.0354
1952-07-01,1952-08-01,ME2 BM2,-0.2424
1952-07-01,1952-08-01,ME2 BM3,0.8468
1952-07-01,1952-08-01,ME2 BM4,1.6949
1952-07-01,1952-08-01,ME2 BM5,0.0861
1952-07-01,1952-08-01,ME3 BM1,0.0447
1952-07-01,1952-08-01,ME3 BM2,1.2401
1952-07-01,1952-08-01,ME3 BM3,1.8932
1952-07-01,1952-08-01,ME3 BM4,-0.4278
1952-07-01,1952-08-01,ME3 BM5,-1.7122
1952-07-01,1952-08-01,ME4 BM1,-0.006
1952-07-01,1952-08-01,ME4 BM2,1.0011
1952-07-01,1952-08-01,ME4 BM3,-0.4818
1952-07-01,1952-08-01,ME4 BM4,-0.11
1952-07-01,1952-08-01,ME4 BM5,-0.0156
1952-07-01,1952-08-01,BIG LoBM,-0.7709
1952-07-01,1952-08-01,ME5 BM2,-1.3825
1952-07-01,1952-08-01,ME5 BM3,0.2622
1952-07-01,1952-08-01,ME5 BM4,-1.8123
1952-07-01,1952-08-01,BIG HiBM,-1.3151
1952-08-01,1952-09-01,SMALL LoBM,-2.5448
1952-08-01,1952-09-01,ME1 BM2,0.2051
1952-08-01,1952-09-01,ME1 BM3,-1.2484
1952-08-01,1952-09-01,ME1 BM4,-1.7025
1952-08-01,1952-09-01,SMALL HiBM,-1.1163
1952-08-01,1952-09-01,ME2 BM1,-1.6842
1952-08-01,1952-09-01,ME2 BM2,-2.078
1952-08-01,1952-09-01,ME2 BM3,0.0509
1952-08-01,1952-09-01,ME2 BM4,-2.101
1952-08-01,1952-09-01,ME2 BM5,-1.7333
1952-08-01,1952-09-01,ME3 BM1,0.1121
1952-08-01,1952-09-01,ME3 BM2,-1.1906
1952-08-01,1952-09-01,ME3 BM3,-0.7176
1952-08-01,1952-09-01,ME3 BM4,-2.8916
1952-08-01,1952-09-01,ME3 BM5,-2.5984
1952-08-01,1952-09-01,ME4 BM1,-2.2382
1952-08-01,1952-09-01,ME4 BM2,-0.4897
1952-08-01,1952-09-01,ME4 BM3,-1.3715
1952-08-01,1952-09-01,ME4 BM4,-1.1327
1952-08-01,1952-09-01,ME4 BM5,-2.4167
1952-08-01,1952-09-01,BIG LoBM,-1.5504
1952-08-01,1952-09-01,ME5 BM2,-2.1891
1952-08-01,1952-09-01,ME5 BM3,-1.5605
1952-08-01,1952-09-01,ME5 BM4,-4.5134
1952-08-01,1952-09-01,BIG HiBM,-2.0767
1952-09-01,1952-10-01,SMALL LoBM,-1.5118
1952-09-01,1952-10-01,ME1 BM2,-2.7403
1952-09-01,1952-10-01,ME1 BM3,0.2072
1952-09-01,1952-10-01,ME1 BM4,-1.2099
1952-09-01,1952-10-01,SMALL HiBM,-1.285
1952-09-01,1952-10-01,ME2 BM1,-2.3499
1952-09-01,1952-10-01,ME2 BM2,-0.9398
1952-09-01,1952-10-01,ME2 BM3,-2.2155
1952-09-01,1952-10-01,ME2 BM4,-0.9545
1952-09-01,1952-10-01,ME2 BM5,-2.4744
1952-09-01,1952-10-01,ME3 BM1,-0.4405
1952-09-01,1952-10-01,ME3 BM2,-0.136
1952-09-01,1952-10-01,ME3 BM3,-1.8059
1952-09-01,1952-10-01,ME3 BM4,-1.2941
1952-09-01,1952-10-01,ME3 BM5,-0.8483
1952-09-01,1952-10-01,ME4 BM1,-0.1674
1952-09-01,1952-10-01,ME4 BM2,-1.3877
1952-09-01,1952-10-01,ME4 BM3,-1.6662
1952-09-01,1952-10-01,ME4 BM4,-1.777
1952-09-01,1952-10-01,ME4 BM5,1.3141
1952-09-01,1952-10-01,BIG LoBM,-0.9162
1952-09-01,1952-10-01,ME5 BM2,0.2365
1952-09-01,1952-10-01,ME5 BM3,-0.2686
1952-09-01,1952-10-01,ME5 BM4,0.1705
1952-09-01,1952-10-01,BIG HiBM,-0.3353
1952-10-01,1952-11-01,SMALL LoBM,0.1103
1952-10-01,1952-11-01,ME1 BM2,8.4144
1952-10-01,1952-11-01,ME1 BM3,2.6982
1952-10-01,1952-11-01,ME1 BM4,4.3634
1952-10-01,1952-11-01,SMALL HiBM,4.6737
1952-10-01,1952-11-01,ME2 BM1,6.5397
1952-10-01,1952-11-01,ME2 BM2,3.6475
1952-10-01,1952-11-01,ME2 BM3,5.3629
1952-10-01,1952-11-01,ME2 BM4,6.589
1952-10-01,1952-11-01,ME2 BM5,5.8594
1952-10-01,1952-11-01,ME3 BM1,5.2666
1952-10-01,1952-11-01,ME3 BM2,6.4845
1952-10-01,1952-11-01,ME3 BM3,6.0558
1952-10-01,1952-11-01,ME3 BM4,6.1
1952-10-01,1952-11-01,ME3 BM5,6.2635
1952-10-01,1952-11-01,ME4 BM1,4.3955
1952-10-01,1952-11-01,ME4 BM2,5.9082
1952-10-01,1952-11-01,ME4 BM3,5.8285
1952-10-01,1952-11-01,ME4 BM4,6.1199
1952-10-01,1952-11-01,ME4 BM5,7.2
1952-10-01,1952-11-01,BIG LoBM,7.3396
1952-10-01,1952-11-01,ME5 BM2,5.0277
1952-10-01,1952-11-01,ME5 BM3,4.3687
1952-10-01,1952-11-01,ME5 BM4,7.0484
1952-10-01,1952-11-01,BIG HiBM,8.3554
1952-11-01,1952-12-01,SMALL LoBM,1.3515
1952-11-01,1952-12-01,ME1 BM2,-1.6775
1952-11-01,1952-12-01,ME1 BM3,0.3257
1952-11-01,1952-12-01,ME1 BM4,0.5831
1952-11-01,1952-12-01,SMALL HiBM,1.778
1952-11-01,1952-12-01,ME2 BM1,2.0404
1952-11-01,1952-12-01,ME2 BM2,2.8798
1952-11-01,1952-12-01,ME2 BM3,4.0808
1952-11-01,1952-12-01,ME2 BM4,2.591
1952-11-01,1952-12-01,ME2 BM5,2.5201
1952-11-01,1952-12-01,ME3 BM1,1.967
1952-11-01,1952-12-01,ME3 BM2,2.1635
1952-11-01,1952-12-01,ME3 BM3,1.8764
1952-11-01,1952-12-01,ME3 BM4,1.3295
1952-11-01,1952-12-01,ME3 BM5,2.7057
1952-11-01,1952-12-01,ME4 BM1,2.2108
1952-11-01,1952-12-01,ME4 BM2,2.0175
1952-11-01,1952-12-01,ME4 BM3,1.7747
1952-11-01,1952-12-01,ME4 BM4,2.7068
1952-11-01,1952-12-01,ME4 BM5,4.3728
1952-11-01,1952-12-01,BIG LoBM,3.2174
1952-11-01,1952-12-01,ME5 BM2,3.3549
1952-11-01,1952-12-01,ME5 BM3,2.6888
1952-11-01,1952-12-01,ME5 BM4,4.2941
1952-11-01,1952-12-01,BIG HiBM,4.7943
1952-12-01,1953-01-01,SMALL LoBM,5.1547
1952-12-01,1953-01-01,ME1 BM2,5.7551
1952-12-01,1953-01-01,ME1 BM3,3.3201
1952-12-01,1953-01-01,ME1 BM4,4.3515
1952-12-01,1953-01-01,SMALL HiBM,4.0144
1952-12-01,1953-01-01,ME2 BM1,4.0719
1952-12-01,1953-01-01,ME2 BM2,3.0607
1952-12-01,1953-01-01,ME2 BM3,2.7974
1952-12-01,1953-01-01,ME2 BM4,3.7368
1952-12-01,1953-01-01,ME2 BM5,3.9369
1952-12-01,1953-01-01,ME3 BM1,2.3406
1952-12-01,1953-01-01,ME3 BM2,1.0126
1952-12-01,1953-01-01,ME3 BM3,3.2935
1952-12-01,1953-01-01,ME3 BM4,3.3267
1952-12-01,1953-01-01,ME3 BM5,1.6332
1952-12-01,1953-01-01,ME4 BM1,0.2636
1952-12-01,1953-01-01,ME4 BM2,0.7357
1952-12-01,1953-01-01,ME4 BM3,3.7543
1952-12-01,1953-01-01,ME4 BM4,2.174
1952-12-01,1953-01-01,ME4 BM5,1.9051
1952-12-01,1953-01-01,BIG LoBM,-0.9896
1952-12-01,1953-01-01,ME5 BM2,-1.2145
1952-12-01,1953-01-01,ME5 BM3,-0.0552
1952-12-01,1953-01-01,ME5 BM4,-1.0334
1952-12-01,1953-01-01,BIG HiBM,1.2325
1953-01-01,1953-02-01,SMALL LoBM,7.0319
1953-01-01,1953-02-01,ME1 BM2,3.9153
1953-01-01,1953-02-01,ME1 BM3,4.4165
1953-01-01,1953-02-01,ME1 BM4,2.6236
1953-01-01,1953-02-01,SMALL HiBM,2.2776
1953-01-01,1953-02-01,ME2 BM1,1.8488
1953-01-01,1953-02-01,ME2 BM2,0.0565
1953-01-01,1953-02-01,ME2 BM3,1.9003
1953-01-01,1953-02-01,ME2 BM4,1.5746
1953-01-01,1953-02-01,ME2 BM5,1.6431
1953-01-01,1953-02-01,ME3 BM1,1.6427
1953-01-01,1953-02-01,ME3 BM2,1.5324
1953-01-01,1953-02-01,ME3 BM3,0.739
1953-01-01,1953-02-01,ME3 BM4,1.4153
1953-01-01,1953-02-01,ME3 BM5,0.1698
1953-01-01,1953-02-01,ME4 BM1,1.41
1953-01-01,1953-02-01,ME4 BM2,0.4951
1953-01-01,1953-02-01,ME4 BM3,0.0171
1953-01-01,1953-02-01,ME4 BM4,1.8247
1953-01-01,1953-02-01,ME4 BM5,-0.8486
1953-01-01,1953-02-01,BIG LoBM,-0.6268
1953-01-01,1953-02-01,ME5 BM2,0.0076
1953-01-01,1953-02-01,ME5 BM3,-0.3769
1953-01-01,1953-02-01,ME5 BM4,-0.3783
1953-01-01,1953-02-01,BIG HiBM,-1.2239
1953-02-01,1953-03-01,SMALL LoBM,-10.5707
1953-02-01,1953-03-01,ME1 BM2,-3.6869
1953-02-01,1953-03-01,ME1 BM3,-1.7723
1953-02-01,1953-03-01,ME1 BM4,-1.0461
1953-02-01,1953-03-01,SMALL HiBM,-1.5212
1953-02-01,1953-03-01,ME2 BM1,-2.7129
1953-02-01,1953-03-01,ME2 BM2,-0.5921
1953-02-01,1953-03-01,ME2 BM3,-1.5628
1953-02-01,1953-03-01,ME2 BM4,-1.7762
1953-02-01,1953-03-01,ME2 BM5,-2.0322
1953-02-01,1953-03-01,ME3 BM1,0.5015
1953-02-01,1953-03-01,ME3 BM2,-0.587
1953-02-01,1953-03-01,ME3 BM3,-1.6435
1953-02-01,1953-03-01,ME3 BM4,-1.2226
1953-02-01,1953-03-01,ME3 BM5,-1.9278
1953-02-01,1953-03-01,ME4 BM1,-1.0781
1953-02-01,1953-03-01,ME4 BM2,-0.8185
1953-02-01,1953-03-01,ME4 BM3,-2.2227
1953-02-01,1953-03-01,ME4 BM4,-2.5251
1953-02-01,1953-03-01,ME4 BM5,-0.8935
1953-02-01,1953-03-01,BIG LoBM,-1.3104
1953-02-01,1953-03-01,ME5 BM2,-1.4482
1953-02-01,1953-03-01,ME5 BM3,-0.777
1953-02-01,1953-03-01,ME5 BM4,-1.0668
1953-02-01,1953-03-01,BIG HiBM,-2.9203
1953-03-01,1953-04-01,SMALL LoBM,-1.1404
1953-03-01,1953-04-01,ME1 BM2,-4.8773
1953-03-01,1953-04-01,ME1 BM3,-1.016
1953-03-01,1953-04-01,ME1 BM4,-1.9176
1953-03-01,1953-04-01,SMALL HiBM,-1.7483
1953-03-01,1953-04-01,ME2 BM1,-3.1022
1953-03-01,1953-04-01,ME2 BM2,-3.2882
1953-03-01,1953-04-01,ME2 BM3,-1.5468
1953-03-01,1953-04-01,ME2 BM4,-0.659
1953-03-01,1953-04-01,ME2 BM5,-1.7794
1953-03-01,1953-04-01,ME3 BM1,-3.705
1953-03-01,1953-04-01,ME3 BM2,-1.498
1953-03-01,1953-04-01,ME3 BM3,-2.2405
1953-03-01,1953-04-01,ME3 BM4,-1.6771
1953-03-01,1953-04-01,ME3 BM5,-1.6361
1953-03-01,1953-04-01,ME4 BM1,-2.0822
1953-03-01,1953-04-01,ME4 BM2,-3.3891
1953-03-01,1953-04-01,ME4 BM3,-1.566
1953-03-01,1953-04-01,ME4 BM4,-1.915
1953-03-01,1953-04-01,ME4 BM5,-2.2839
1953-03-01,1953-04-01,BIG LoBM,-2.7524
1953-03-01,1953-04-01,ME5 BM2,-3.3836
1953-03-01,1953-04-01,ME5 BM3,-2.4814
1953-03-01,1953-04-01,ME5 BM4,-2.5675
1953-03-01,1953-04-01,BIG HiBM,-1.6837
1953-04-01,1953-05-01,SMALL LoBM,3.5978
1953-04-01,1953-05-01,ME1 BM2,-1.1586
1953-04-01,1953-05-01,ME1 BM3,2.3189
1953-04-01,1953-05-01,ME1 BM4,-0.2492
1953-04-01,1953-05-01,SMALL HiBM,1.4909
1953-04-01,1953-05-01,ME2 BM1,0.0994
1953-04-01,1953-05-01,ME2 BM2,1.2899
1953-04-01,1953-05-01,ME2 BM3,1.7064
1953-04-01,1953-05-01,ME2 BM4,-0.1973
1953-04-01,1953-05-01,ME2 BM5,0.6422
1953-04-01,1953-05-01,ME3 BM1,0.1623
1953-04-01,1953-05-01,ME3 BM2,-0.352
1953-04-01,1953-05-01,ME3 BM3,0.7063
1953-04-01,1953-05-01,ME3 BM4,0.7632
1953-04-01,1953-05-01,ME3 BM5,1.1336
1953-04-01,1953-05-01,ME4 BM1,-0.2221
1953-04-01,1953-05-01,ME4 BM2,0.0392
1953-04-01,1953-05-01,ME4 BM3,0.5014
1953-04-01,1953-05-01,ME4 BM4,1.136
1953-04-01,1953-05-01,ME4 BM5,4.221
1953-04-01,1953-05-01,BIG LoBM,0.8157
1953-04-01,1953-05-01,ME5 BM2,0.6316
1953-04-01,1953-05-01,ME5 BM3,0.394
1953-04-01,1953-05-01,ME5 BM4,1.0602
1953-04-01,1953-05-01,BIG HiBM,1.9497
1953-05-01,1953-06-01,SMALL LoBM,-6.6523
1953-05-01,1953-06-01,ME1 BM2,-5.6764
1953-05-01,1953-06-01,ME1 BM3,-5.3746
1953-05-01,1953-06-01,ME1 BM4,-3.3083
1953-05-01,1953-06-01,SMALL HiBM,-4.6479
1953-05-01,1953-06-01,ME2 BM1,-3.1294
1953-05-01,1953-06-01,ME2 BM2,-3.982
1953-05-01,1953-06-01,ME2 BM3,-2.4666
1953-05-01,1953-06-01,ME2 BM4,-3.2394
1953-05-01,1953-06-01,ME2 BM5,-4.9608
1953-05-01,1953-06-01,ME3 BM1,-2.4932
1953-05-01,1953-06-01,ME3 BM2,-3.2447
1953-05-01,1953-06-01,ME3 BM3,-2.6206
1953-05-01,1953-06-01,ME3 BM4,-4.151
1953-05-01,1953-06-01,ME3 BM5,-2.9896
1953-05-01,1953-06-01,ME4 BM1,-2.4543
1953-05-01,1953-06-01,ME4 BM2,-3.3811
1953-05-01,1953-06-01,ME4 BM3,-2.5646
1953-05-01,1953-06-01,ME4 BM4,-4.2574
1953-05-01,1953-06-01,ME4 BM5,-1.4266
1953-05-01,1953-06-01,BIG LoBM,-1.7331
1953-05-01,1953-06-01,ME5 BM2,-1.2316
1953-05-01,1953-06-01,ME5 BM3,-0.2051
1953-05-01,1953-06-01,ME5 BM4,-1.8065
1953-05-01,1953-06-01,BIG HiBM,-1.2422
1953-06-01,1953-07-01,SMALL LoBM,-0.2172
1953-06-01,1953-07-01,ME1 BM2,-0.0292
1953-06-01,1953-07-01,ME1 BM3,2.1738
1953-06-01,1953-07-01,ME1 BM4,1.3368
1953-06-01,1953-07-01,SMALL HiBM,2.4746
1953-06-01,1953-07-01,ME2 BM1,-0.5866
1953-06-01,1953-07-01,ME2 BM2,1.4079
1953-06-01,1953-07-01,ME2 BM3,1.5849
1953-06-01,1953-07-01,ME2 BM4,1.4388
1953-06-01,1953-07-01,ME2 BM5,1.1059
1953-06-01,1953-07-01,ME3 BM1,1.3582
1953-06-01,1953-07-01,ME3 BM2,1.5294
1953-06-01,1953-07-01,ME3 BM3,1.604
1953-06-01,1953-07-01,ME3 BM4,2.4119
1953-06-01,1953-07-01,ME3 BM5,2.0613
1953-06-01,1953-07-01,ME4 BM1,1.5806
1953-06-01,1953-07-01,ME4 BM2,1.7393
1953-06-01,1953-07-01,ME4 BM3,1.8342
1953-06-01,1953-07-01,ME4 BM4,0.4916
1953-06-01,1953-07-01,ME4 BM5,0.9854
1953-06-01,1953-07-01,BIG LoBM,2.8246
1953-06-01,1953-07-01,ME5 BM2,3.3919
1953-06-01,1953-07-01,ME5 BM3,1.8183
1953-06-01,1953-07-01,ME5 BM4,1.6808
1953-06-01,1953-07-01,BIG HiBM,1.5345
1953-07-01,1953-08-01,SMALL LoBM,-8.8272
1953-07-01,1953-08-01,ME1 BM2,-7.0503
1953-07-01,1953-08-01,ME1 BM3,-7.4339
1953-07-01,1953-08-01,ME1 BM4,-5.8358
1953-07-01,1953-08-01,SMALL HiBM,-5.2902
1953-07-01,1953-08-01,ME2 BM1,-3.3858
1953-07-01,1953-08-01,ME2 BM2,-3.6959
1953-07-01,1953-08-01,ME2 BM3,-5.2511
1953-07-01,1953-08-01,ME2 BM4,-6.3854
1953-07-01,1953-08-01,ME2 BM5,-6.3717
1953-07-01,1953-08-01,ME3 BM1,-3.6141
1953-07-01,1953-08-01,ME3 BM2,-2.1788
1953-07-01,1953-08-01,ME3 BM3,-5.6667
1953-07-01,1953-08-01,ME3 BM4,-6.333
1953-07-01,1953-08-01,ME3 BM5,-8.3328
1953-07-01,1953-08-01,ME4 BM1,-3.9978
1953-07-01,1953-08-01,ME4 BM2,-4.0451
1953-07-01,1953-08-01,ME4 BM3,-4.1104
1953-07-01,1953-08-01,ME4 BM4,-6.4905
1953-07-01,1953-08-01,ME4 BM5,-9.2172
1953-07-01,1953-08-01,BIG LoBM,-3.5851
1953-07-01,1953-08-01,ME5 BM2,-4.0631
1953-07-01,1953-08-01,ME5 BM3,-4.5403
1953-07-01,1953-08-01,ME5 BM4,-6.361
1953-07-01,1953-08-01,BIG HiBM,-9.6234
1953-08-01,1953-09-01,SMALL LoBM,-1.918
1953-08-01,1953-09-01,ME1 BM2,-3.8666
1953-08-01,1953-09-01,ME1 BM3,-1.126
1953-08-01,1953-09-01,ME1 BM4,-1.7722
1953-08-01,1953-09-01,SMALL HiBM,-3.3028
1953-08-01,1953-09-01,ME2 BM1,2.462
1953-08-01,1953-09-01,ME2 BM2,-0.967
1953-08-01,1953-09-01,ME2 BM3,-0.9686
1953-08-01,1953-09-01,ME2 BM4,-0.7162
1953-08-01,1953-09-01,ME2 BM5,-2.3087
1953-08-01,1953-09-01,ME3 BM1,1.0484
1953-08-01,1953-09-01,ME3 BM2,-0.9142
1953-08-01,1953-09-01,ME3 BM3,-0.8231
1953-08-01,1953-09-01,ME3 BM4,-2.0299
1953-08-01,1953-09-01,ME3 BM5,-3.1489
1953-08-01,1953-09-01,ME4 BM1,-0.1891
1953-08-01,1953-09-01,ME4 BM2,0.7384
1953-08-01,1953-09-01,ME4 BM3,-0.3777
1953-08-01,1953-09-01,ME4 BM4,-0.9968
1953-08-01,1953-09-01,ME4 BM5,-2.7834
1953-08-01,1953-09-01,BIG LoBM,1.2322
1953-08-01,1953-09-01,ME5 BM2,0.803
1953-08-01,1953-09-01,ME5 BM3,-0.7554
1953-08-01,1953-09-01,ME5 BM4,-1.3006
1953-08-01,1953-09-01,BIG HiBM,-1.6461
1953-09-01,1953-10-01,SMALL LoBM,-0.4191
1953-09-01,1953-10-01,ME1 BM2,2.4924
1953-09-01,1953-10-01,ME1 BM3,3.4798
1953-09-01,1953-10-01,ME1 BM4,1.361
1953-09-01,1953-10-01,SMALL HiBM,2.5893
1953-09-01,1953-10-01,ME2 BM1,0.7389
1953-09-01,1953-10-01,ME2 BM2,3.5182
1953-09-01,1953-10-01,ME2 BM3,3.5975
1953-09-01,1953-10-01,ME2 BM4,2.9443
1953-09-01,1953-10-01,ME2 BM5,3.682
1953-09-01,1953-10-01,ME3 BM1,4.1577
1953-09-01,1953-10-01,ME3 BM2,4.0099
1953-09-01,1953-10-01,ME3 BM3,3.8931
1953-09-01,1953-10-01,ME3 BM4,5.958
1953-09-01,1953-10-01,ME3 BM5,3.5104
1953-09-01,1953-10-01,ME4 BM1,4.3948
1953-09-01,1953-10-01,ME4 BM2,4.4568
1953-09-01,1953-10-01,ME4 BM3,5.3648
1953-09-01,1953-10-01,ME4 BM4,3.3997
1953-09-01,1953-10-01,ME4 BM5,3.3954
1953-09-01,1953-10-01,BIG LoBM,5.2976
1953-09-01,1953-10-01,ME5 BM2,4.1845
1953-09-01,1953-10-01,ME5 BM3,5.1452
1953-09-01,1953-10-01,ME5 BM4,5.7789
1953-09-01,1953-10-01,BIG HiBM,3.559
1953-10-01,1953-11-01,SMALL LoBM,0.1468
1953-10-01,1953-11-01,ME1 BM2,4.4652
1953-10-01,1953-11-01,ME1 BM3,2.0039
1953-10-01,1953-11-01,ME1 BM4,0.9555
1953-10-01,1953-11-01,SMALL HiBM,1.9846
1953-10-01,1953-11-01,ME2 BM1,1.9035
1953-10-01,1953-11-01,ME2 BM2,2.6021
1953-10-01,1953-11-01,ME2 BM3,2.7179
1953-10-01,1953-11-01,ME2 BM4,0.6391
1953-10-01,1953-11-01,ME2 BM5,1.5709
1953-10-01,1953-11-01,ME3 BM1,2.7948
1953-10-01,1953-11-01,ME3 BM2,1.7934
1953-10-01,1953-11-01,ME3 BM3,1.4256
1953-10-01,1953-11-01,ME3 BM4,1.7266
1953-10-01,1953-11-01,ME3 BM5,1.9013
1953-10-01,1953-11-01,ME4 BM1,2.6092
1953-10-01,1953-11-01,ME4 BM2,2.8421
1953-10-01,1953-11-01,ME4 BM3,3.2551
1953-10-01,1953-11-01,ME4 BM4,3.5888
1953-10-01,1953-11-01,ME4 BM5,3.8016
1953-10-01,1953-11-01,BIG LoBM,3.9
1953-10-01,1953-11-01,ME5 BM2,2.3361
1953-10-01,1953-11-01,ME5 BM3,1.598
1953-10-01,1953-11-01,ME5 BM4,2.913
1953-10-01,1953-11-01,BIG HiBM,2.4349
1953-11-01,1953-12-01,SMALL LoBM,-4.313
1953-11-01,1953-12-01,ME1 BM2,-2.8911
1953-11-01,1953-12-01,ME1 BM3,-1.9701
1953-11-01,1953-12-01,ME1 BM4,-1.5469
1953-11-01,1953-12-01,SMALL HiBM,-3.6826
1953-11-01,1953-12-01,ME2 BM1,-1.0324
1953-11-01,1953-12-01,ME2 BM2,-0.9235
1953-11-01,1953-12-01,ME2 BM3,-0.6228
1953-11-01,1953-12-01,ME2 BM4,-1.9373
1953-11-01,1953-12-01,ME2 BM5,-4.2911
1953-11-01,1953-12-01,ME3 BM1,0.6991
1953-11-01,1953-12-01,ME3 BM2,-0.5948
1953-11-01,1953-12-01,ME3 BM3,-1.7401
1953-11-01,1953-12-01,ME3 BM4,-1.2359
1953-11-01,1953-12-01,ME3 BM5,-2.6816
1953-11-01,1953-12-01,ME4 BM1,0.5234
1953-11-01,1953-12-01,ME4 BM2,-0.064
1953-11-01,1953-12-01,ME4 BM3,0.1754
1953-11-01,1953-12-01,ME4 BM4,-1.9101
1953-11-01,1953-12-01,ME4 BM5,-4.4419
1953-11-01,1953-12-01,BIG LoBM,0.6823
1953-11-01,1953-12-01,ME5 BM2,0.7219
1953-11-01,1953-12-01,ME5 BM3,0.5478
1953-11-01,1953-12-01,ME5 BM4,-0.8349
1953-11-01,1953-12-01,BIG HiBM,-4.8848
1953-12-01,1954-01-01,SMALL LoBM,11.0763
1953-12-01,1954-01-01,ME1 BM2,8.1303
1953-12-01,1954-01-01,ME1 BM3,4.5389
1953-12-01,1954-01-01,ME1 BM4,7.652
1953-12-01,1954-01-01,SMALL HiBM,8.8143
1953-12-01,1954-01-01,ME2 BM1,4.3828
1953-12-01,1954-01-01,ME2 BM2,5.2483
1953-12-01,1954-01-01,ME2 BM3,6.3511
1953-12-01,1954-01-01,ME2 BM4,6.782
1953-12-01,1954-01-01,ME2 BM5,9.5673
1953-12-01,1954-01-01,ME3 BM1,6.1173
1953-12-01,1954-01-01,ME3 BM2,7.1512
1953-12-01,1954-01-01,ME3 BM3,6.5971
1953-12-01,1954-01-01,ME3 BM4,6.9782
1953-12-01,1954-01-01,ME3 BM5,8.1178
1953-12-01,1954-01-01,ME4 BM1,5.0876
1953-12-01,1954-01-01,ME4 BM2,5.5314
1953-12-01,1954-01-01,ME4 BM3,6.615
1953-12-01,1954-01-01,ME4 BM4,6.543
1953-12-01,1954-01-01,ME4 BM5,8.2068
1953-12-01,1954-01-01,BIG LoBM,3.445
1953-12-01,1954-01-01,ME5 BM2,5.4311
1953-12-01,1954-01-01,ME5 BM3,7.3897
1953-12-01,1954-01-01,ME5 BM4,8.8078
1953-12-01,1954-01-01,BIG HiBM,7.9764
1954-01-01,1954-02-01,SMALL LoBM,0.07
1954-01-01,1954-02-01,ME1 BM2,2.2134
1954-01-01,1954-02-01,ME1 BM3,-0.055
1954-01-01,1954-02-01,ME1 BM4,0.3839
1954-01-01,1954-02-01,SMALL HiBM,0.0845
1954-01-01,1954-02-01,ME2 BM1,2.4744
1954-01-01,1954-02-01,ME2 BM2,-0.3378
1954-01-01,1954-02-01,ME2 BM3,3.062
1954-01-01,1954-02-01,ME2 BM4,2.6242
1954-01-01,1954-02-01,ME2 BM5,-0.3084
1954-01-01,1954-02-01,ME3 BM1,1.3558
1954-01-01,1954-02-01,ME3 BM2,2.3961
1954-01-01,1954-02-01,ME3 BM3,1.9852
1954-01-01,1954-02-01,ME3 BM4,2.3543
1954-01-01,1954-02-01,ME3 BM5,0.8511
1954-01-01,1954-02-01,ME4 BM1,2.2475
1954-01-01,1954-02-01,ME4 BM2,1.9291
1954-01-01,1954-02-01,ME4 BM3,2.9121
1954-01-01,1954-02-01,ME4 BM4,1.5065
1954-01-01,1954-02-01,ME4 BM5,0.6061
1954-01-01,1954-02-01,BIG LoBM,1.7582
1954-01-01,1954-02-01,ME5 BM2,1.8167
1954-01-01,1954-02-01,ME5 BM3,1.8796
1954-01-01,1954-02-01,ME5 BM4,-0.1679
1954-01-01,1954-02-01,BIG HiBM,2.361
1954-02-01,1954-03-01,SMALL LoBM,3.0671
1954-02-01,1954-03-01,ME1 BM2,3.1961
1954-02-01,1954-03-01,ME1 BM3,3.1248
1954-02-01,1954-03-01,ME1 BM4,3.1107
1954-02-01,1954-03-01,SMALL HiBM,2.2731
1954-02-01,1954-03-01,ME2 BM1,2.8448
1954-02-01,1954-03-01,ME2 BM2,2.7246
1954-02-01,1954-03-01,ME2 BM3,3.5597
1954-02-01,1954-03-01,ME2 BM4,2.4947
1954-02-01,1954-03-01,ME2 BM5,2.3103
1954-02-01,1954-03-01,ME3 BM1,4.1338
1954-02-01,1954-03-01,ME3 BM2,1.8008
1954-02-01,1954-03-01,ME3 BM3,3.9415
1954-02-01,1954-03-01,ME3 BM4,3.0958
1954-02-01,1954-03-01,ME3 BM5,0.4653
1954-02-01,1954-03-01,ME4 BM1,4.6397
1954-02-01,1954-03-01,ME4 BM2,3.0802
1954-02-01,1954-03-01,ME4 BM3,5.0678
1954-02-01,1954-03-01,ME4 BM4,3.2185
1954-02-01,1954-03-01,ME4 BM5,2.1398
1954-02-01,1954-03-01,BIG LoBM,4.4773
1954-02-01,1954-03-01,ME5 BM2,3.7938
1954-02-01,1954-03-01,ME5 BM3,2.8571
1954-02-01,1954-03-01,ME5 BM4,2.2411
1954-02-01,1954-03-01,BIG HiBM,0.7129
1954-03-01,1954-04-01,SMALL LoBM,-5.2562
1954-03-01,1954-04-01,ME1 BM2,2.7684
1954-03-01,1954-04-01,ME1 BM3,3.1516
1954-03-01,1954-04-01,ME1 BM4,1.2815
1954-03-01,1954-04-01,SMALL HiBM,-0.4158
1954-03-01,1954-04-01,ME2 BM1,-1.4716
1954-03-01,1954-04-01,ME2 BM2,-0.1867
1954-03-01,1954-04-01,ME2 BM3,2.6545
1954-03-01,1954-04-01,ME2 BM4,0.0835
1954-03-01,1954-04-01,ME2 BM5,0.3862
1954-03-01,1954-04-01,ME3 BM1,2.4552
1954-03-01,1954-04-01,ME3 BM2,1.9232
1954-03-01,1954-04-01,ME3 BM3,2.8748
1954-03-01,1954-04-01,ME3 BM4,2.4857
1954-03-01,1954-04-01,ME3 BM5,-0.6107
1954-03-01,1954-04-01,ME4 BM1,1.449
1954-03-01,1954-04-01,ME4 BM2,3.5224
1954-03-01,1954-04-01,ME4 BM3,2.59
1954-03-01,1954-04-01,ME4 BM4,-1.1369
1954-03-01,1954-04-01,ME4 BM5,0.5331
1954-03-01,1954-04-01,BIG LoBM,5.5861
1954-03-01,1954-04-01,ME5 BM2,4.566
1954-03-01,1954-04-01,ME5 BM3,5.28
1954-03-01,1954-04-01,ME5 BM4,5.7179
1954-03-01,1954-04-01,BIG HiBM,1.3735
1954-04-01,1954-05-01,SMALL LoBM,0.241
1954-04-01,1954-05-01,ME1 BM2,6.7878
1954-04-01,1954-05-01,ME1 BM3,4.6894
1954-04-01,1954-05-01,ME1 BM4,4.5569
1954-04-01,1954-05-01,SMALL HiBM,4.5545
1954-04-01,1954-05-01,ME2 BM1,2.6779
1954-04-01,1954-05-01,ME2 BM2,3.9654
1954-04-01,1954-05-01,ME2 BM3,4.5356
1954-04-01,1954-05-01,ME2 BM4,4.7413
1954-04-01,1954-05-01,ME2 BM5,3.8481
1954-04-01,1954-05-01,ME3 BM1,2.8051
1954-04-01,1954-05-01,ME3 BM2,3.3723
1954-04-01,1954-05-01,ME3 BM3,2.8516
1954-04-01,1954-05-01,ME3 BM4,4.3965
1954-04-01,1954-05-01,ME3 BM5,6.7437
1954-04-01,1954-05-01,ME4 BM1,3.8128
1954-04-01,1954-05-01,ME4 BM2,3.0083
1954-04-01,1954-05-01,ME4 BM3,4.4358
1954-04-01,1954-05-01,ME4 BM4,6.2991
1954-04-01,1954-05-01,ME4 BM5,6.9547
1954-04-01,1954-05-01,BIG LoBM,2.8068
1954-04-01,1954-05-01,ME5 BM2,2.1782
1954-04-01,1954-05-01,ME5 BM3,2.3304
1954-04-01,1954-05-01,ME5 BM4,6.9248
1954-04-01,1954-05-01,BIG HiBM,7.4527
1954-05-01,1954-06-01,SMALL LoBM,-4.2575
1954-05-01,1954-06-01,ME1 BM2,0.3917
1954-05-01,1954-06-01,ME1 BM3,0.932
1954-05-01,1954-06-01,ME1 BM4,0.8313
1954-05-01,1954-06-01,SMALL HiBM,2.2287
1954-05-01,1954-06-01,ME2 BM1,1.1842
1954-05-01,1954-06-01,ME2 BM2,-0.6297
1954-05-01,1954-06-01,ME2 BM3,2.9099
1954-05-01,1954-06-01,ME2 BM4,1.2044
1954-05-01,1954-06-01,ME2 BM5,2.604
1954-05-01,1954-06-01,ME3 BM1,1.3369
1954-05-01,1954-06-01,ME3 BM2,1.5328
1954-05-01,1954-06-01,ME3 BM3,2.0919
1954-05-01,1954-06-01,ME3 BM4,2.2275
1954-05-01,1954-06-01,ME3 BM5,1.5249
1954-05-01,1954-06-01,ME4 BM1,0.9692
1954-05-01,1954-06-01,ME4 BM2,2.6149
1954-05-01,1954-06-01,ME4 BM3,3.313
1954-05-01,1954-06-01,ME4 BM4,0.9373
1954-05-01,1954-06-01,ME4 BM5,-0.1606
1954-05-01,1954-06-01,BIG LoBM,3.1738
1954-05-01,1954-06-01,ME5 BM2,-1.1298
1954-05-01,1954-06-01,ME5 BM3,-1.7154
1954-05-01,1954-06-01,ME5 BM4,0.9266
1954-05-01,1954-06-01,BIG HiBM,-0.748
1954-06-01,1954-07-01,SMALL LoBM,2.6168
1954-06-01,1954-07-01,ME1 BM2,7.4849
1954-06-01,1954-07-01,ME1 BM3,4.1046
1954-06-01,1954-07-01,ME1 BM4,9.4346
1954-06-01,1954-07-01,SMALL HiBM,14.6003
1954-06-01,1954-07-01,ME2 BM1,3.5607
1954-06-01,1954-07-01,ME2 BM2,6.7859
1954-06-01,1954-07-01,ME2 BM3,7.088
1954-06-01,1954-07-01,ME2 BM4,7.133
1954-06-01,1954-07-01,ME2 BM5,8.304
1954-06-01,1954-07-01,ME3 BM1,5.4673
1954-06-01,1954-07-01,ME3 BM2,6.8972
1954-06-01,1954-07-01,ME3 BM3,6.6539
1954-06-01,1954-07-01,ME3 BM4,7.1244
1954-06-01,1954-07-01,ME3 BM5,6.5293
1954-06-01,1954-07-01,ME4 BM1,5.6816
1954-06-01,1954-07-01,ME4 BM2,6.6709
1954-06-01,1954-07-01,ME4 BM3,7.4177
1954-06-01,1954-07-01,ME4 BM4,5.1143
1954-06-01,1954-07-01,ME4 BM5,8.5532
1954-06-01,1954-07-01,BIG LoBM,3.7826
1954-06-01,1954-07-01,ME5 BM2,4.9611
1954-06-01,1954-07-01,ME5 BM3,4.8909
1954-06-01,1954-07-01,ME5 BM4,7.2466
1954-06-01,1954-07-01,BIG HiBM,8.7904
1954-07-01,1954-08-01,SMALL LoBM,3.1559
1954-07-01,1954-08-01,ME1 BM2,-2.519
1954-07-01,1954-08-01,ME1 BM3,-0.2445
1954-07-01,1954-08-01,ME1 BM4,-0.2776
1954-07-01,1954-08-01,SMALL HiBM,0.0886
1954-07-01,1954-08-01,ME2 BM1,-1.8722
1954-07-01,1954-08-01,ME2 BM2,1.5533
1954-07-01,1954-08-01,ME2 BM3,1.2307
1954-07-01,1954-08-01,ME2 BM4,0.7383
1954-07-01,1954-08-01,ME2 BM5,-0.9145
1954-07-01,1954-08-01,ME3 BM1,0.2228
1954-07-01,1954-08-01,ME3 BM2,-1.6437
1954-07-01,1954-08-01,ME3 BM3,-1.3988
1954-07-01,1954-08-01,ME3 BM4,-1.5269
1954-07-01,1954-08-01,ME3 BM5,-1.4198
1954-07-01,1954-08-01,ME4 BM1,-1.7956
1954-07-01,1954-08-01,ME4 BM2,-1.7414
1954-07-01,1954-08-01,ME4 BM3,-0.9385
1954-07-01,1954-08-01,ME4 BM4,-0.8935
1954-07-01,1954-08-01,ME4 BM5,-3.1228
1954-07-01,1954-08-01,BIG LoBM,-3.463
1954-07-01,1954-08-01,ME5 BM2,-1.1085
1954-07-01,1954-08-01,ME5 BM3,-1.4439
1954-07-01,1954-08-01,ME5 BM4,-4.6013
1954-07-01,1954-08-01,BIG HiBM,-5.0736
1954-08-01,1954-09-01,SMALL LoBM,0.6616
1954-08-01,1954-09-01,ME1 BM2,4.9798
1954-08-01,1954-09-01,ME1 BM3,2.9713
1954-08-01,1954-09-01,ME1 BM4,4.3946
1954-08-01,1954-09-01,SMALL HiBM,3.6738
1954-08-01,1954-09-01,ME2 BM1,4.6122
1954-08-01,1954-09-01,ME2 BM2,3.9996
1954-08-01,1954-09-01,ME2 BM3,4.5786
1954-08-01,1954-09-01,ME2 BM4,4.6603
1954-08-01,1954-09-01,ME2 BM5,4.8825
1954-08-01,1954-09-01,ME3 BM1,1.6067
1954-08-01,1954-09-01,ME3 BM2,2.5689
1954-08-01,1954-09-01,ME3 BM3,6.6892
1954-08-01,1954-09-01,ME3 BM4,4.1021
1954-08-01,1954-09-01,ME3 BM5,5.1602
1954-08-01,1954-09-01,ME4 BM1,4.036
1954-08-01,1954-09-01,ME4 BM2,4.6307
1954-08-01,1954-09-01,ME4 BM3,6.4131
1954-08-01,1954-09-01,ME4 BM4,6.1928
1954-08-01,1954-09-01,ME4 BM5,4.1065
1954-08-01,1954-09-01,BIG LoBM,7.492
1954-08-01,1954-09-01,ME5 BM2,6.1517
1954-08-01,1954-09-01,ME5 BM3,9.3878
1954-08-01,1954-09-01,ME5 BM4,7.2231
1954-08-01,1954-09-01,BIG HiBM,3.5103
1954-09-01,1954-10-01,SMALL LoBM,-0.4651
1954-09-01,1954-10-01,ME1 BM2,-2.836
1954-09-01,1954-10-01,ME1 BM3,-0.0764
1954-09-01,1954-10-01,ME1 BM4,0.3026
1954-09-01,1954-10-01,SMALL HiBM,0.5009
1954-09-01,1954-10-01,ME2 BM1,-3.6817
1954-09-01,1954-10-01,ME2 BM2,-0.2494
1954-09-01,1954-10-01,ME2 BM3,-0.1118
1954-09-01,1954-10-01,ME2 BM4,-0.5171
1954-09-01,1954-10-01,ME2 BM5,-2.9548
1954-09-01,1954-10-01,ME3 BM1,1.9333
1954-09-01,1954-10-01,ME3 BM2,-0.1658
1954-09-01,1954-10-01,ME3 BM3,-0.5199
1954-09-01,1954-10-01,ME3 BM4,-0.2333
1954-09-01,1954-10-01,ME3 BM5,-2.0667
1954-09-01,1954-10-01,ME4 BM1,-1.1449
1954-09-01,1954-10-01,ME4 BM2,-0.8193
1954-09-01,1954-10-01,ME4 BM3,1.5065
1954-09-01,1954-10-01,ME4 BM4,-1.4593
1954-09-01,1954-10-01,ME4 BM5,1.3188
1954-09-01,1954-10-01,BIG LoBM,-2.4221
1954-09-01,1954-10-01,ME5 BM2,-1.7
1954-09-01,1954-10-01,ME5 BM3,-1.9263
1954-09-01,1954-10-01,ME5 BM4,0.277
1954-09-01,1954-10-01,BIG HiBM,0.4586
1954-10-01,1954-11-01,SMALL LoBM,3.6794
1954-10-01,1954-11-01,ME1 BM2,9.8555
1954-10-01,1954-11-01,ME1 BM3,8.9058
1954-10-01,1954-11-01,ME1 BM4,7.4495
1954-10-01,1954-11-01,SMALL HiBM,7.5055
1954-10-01,1954-11-01,ME2 BM1,9.2375
1954-10-01,1954-11-01,ME2 BM2,5.2944
1954-10-01,1954-11-01,ME2 BM3,7.3369
1954-10-01,1954-11-01,ME2 BM4,10.4844
1954-10-01,1954-11-01,ME2 BM5,9.2204
1954-10-01,1954-11-01,ME3 BM1,7.4682
1954-10-01,1954-11-01,ME3 BM2,9.6278
1954-10-01,1954-11-01,ME3 BM3,9.4311
1954-10-01,1954-11-01,ME3 BM4,13.2187
1954-10-01,1954-11-01,ME3 BM5,10.5574
1954-10-01,1954-11-01,ME4 BM1,7.2028
1954-10-01,1954-11-01,ME4 BM2,8.9096
1954-10-01,1954-11-01,ME4 BM3,11.9653
1954-10-01,1954-11-01,ME4 BM4,12.0828
1954-10-01,1954-11-01,ME4 BM5,13.392
1954-10-01,1954-11-01,BIG LoBM,10.3681
1954-10-01,1954-11-01,ME5 BM2,7.2825
1954-10-01,1954-11-01,ME5 BM3,8.6997
1954-10-01,1954-11-01,ME5 BM4,13.6643
1954-10-01,1954-11-01,BIG HiBM,15.5884
1954-11-01,1954-12-01,SMALL LoBM,13.5928
1954-11-01,1954-12-01,ME1 BM2,10.0228
1954-11-01,1954-12-01,ME1 BM3,8.3837
1954-11-01,1954-12-01,ME1 BM4,12.8278
1954-11-01,1954-12-01,SMALL HiBM,12.7889
1954-11-01,1954-12-01,ME2 BM1,7.7743
1954-11-01,1954-12-01,ME2 BM2,11.0222
1954-11-01,1954-12-01,ME2 BM3,9.6519
1954-11-01,1954-12-01,ME2 BM4,8.5573
1954-11-01,1954-12-01,ME2 BM5,11.2863
1954-11-01,1954-12-01,ME3 BM1,4.239
1954-11-01,1954-12-01,ME3 BM2,7.1761
1954-11-01,1954-12-01,ME3 BM3,8.1671
1954-11-01,1954-12-01,ME3 BM4,10.9826
1954-11-01,1954-12-01,ME3 BM5,12.8355
1954-11-01,1954-12-01,ME4 BM1,4.5369
1954-11-01,1954-12-01,ME4 BM2,4.405
1954-11-01,1954-12-01,ME4 BM3,5.3809
1954-11-01,1954-12-01,ME4 BM4,8.733
1954-11-01,1954-12-01,ME4 BM5,14.1686
1954-11-01,1954-12-01,BIG LoBM,3.9404
1954-11-01,1954-12-01,ME5 BM2,4.3865
1954-11-01,1954-12-01,ME5 BM3,7.9726
1954-11-01,1954-12-01,ME5 BM4,9.7109
1954-11-01,1954-12-01,BIG HiBM,15.5934
1954-12-01,1955-01-01,SMALL LoBM,-5.095
1954-12-01,1955-01-01,ME1 BM2,4.6307
1954-12-01,1955-01-01,ME1 BM3,2.4776
1954-12-01,1955-01-01,ME1 BM4,3.7154
1954-12-01,1955-01-01,SMALL HiBM,4.683
1954-12-01,1955-01-01,ME2 BM1,-2.4464
1954-12-01,1955-01-01,ME2 BM2,1.5783
1954-12-01,1955-01-01,ME2 BM3,0.9076
1954-12-01,1955-01-01,ME2 BM4,1.3473
1954-12-01,1955-01-01,ME2 BM5,1.4065
1954-12-01,1955-01-01,ME3 BM1,3.0376
1954-12-01,1955-01-01,ME3 BM2,1.4682
1954-12-01,1955-01-01,ME3 BM3,3.5089
1954-12-01,1955-01-01,ME3 BM4,1.6604
1954-12-01,1955-01-01,ME3 BM5,2.5432
1954-12-01,1955-01-01,ME4 BM1,-0.1205
1954-12-01,1955-01-01,ME4 BM2,1.1871
1954-12-01,1955-01-01,ME4 BM3,1.1074
1954-12-01,1955-01-01,ME4 BM4,0.1584
1954-12-01,1955-01-01,ME4 BM5,0.3773
1954-12-01,1955-01-01,BIG LoBM,-0.1703
1954-12-01,1955-01-01,ME5 BM2,1.5554
1954-12-01,1955-01-01,ME5 BM3,-1.5307
1954-12-01,1955-01-01,ME5 BM4,2.8183
1954-12-01,1955-01-01,BIG HiBM,1.8369
1955-01-01,1955-02-01,SMALL LoBM,2.4107
1955-01-01,1955-02-01,ME1 BM2,9.1479
1955-01-01,1955-02-01,ME1 BM3,5.0445
1955-01-01,1955-02-01,ME1 BM4,5.3657
1955-01-01,1955-02-01,SMALL HiBM,5.8973
1955-01-01,1955-02-01,ME2 BM1,3.4023
1955-01-01,1955-02-01,ME2 BM2,3.8544
1955-01-01,1955-02-01,ME2 BM3,3.6332
1955-01-01,1955-02-01,ME2 BM4,3.6695
1955-01-01,1955-02-01,ME2 BM5,5.0623
1955-01-01,1955-02-01,ME3 BM1,5.1234
1955-01-01,1955-02-01,ME3 BM2,5.2148
1955-01-01,1955-02-01,ME3 BM3,5.1595
1955-01-01,1955-02-01,ME3 BM4,5.8552
1955-01-01,1955-02-01,ME3 BM5,4.3715
1955-01-01,1955-02-01,ME4 BM1,3.524
1955-01-01,1955-02-01,ME4 BM2,3.1649
1955-01-01,1955-02-01,ME4 BM3,4.1912
1955-01-01,1955-02-01,ME4 BM4,4.0057
1955-01-01,1955-02-01,ME4 BM5,3.2257
1955-01-01,1955-02-01,BIG LoBM,2.8796
1955-01-01,1955-02-01,ME5 BM2,2.5964
1955-01-01,1955-02-01,ME5 BM3,2.8881
1955-01-01,1955-02-01,ME5 BM4,2.4802
1955-01-01,1955-02-01,BIG HiBM,5.192
1955-02-01,1955-03-01,SMALL LoBM,-0.1046
1955-02-01,1955-03-01,ME1 BM2,-0.9848
1955-02-01,1955-03-01,ME1 BM3,-0.2815
1955-02-01,1955-03-01,ME1 BM4,-0.8197
1955-02-01,1955-03-01,SMALL HiBM,-0.3455
1955-02-01,1955-03-01,ME2 BM1,-0.0787
1955-02-01,1955-03-01,ME2 BM2,0.2664
1955-02-01,1955-03-01,ME2 BM3,-0.7719
1955-02-01,1955-03-01,ME2 BM4,0.1804
1955-02-01,1955-03-01,ME2 BM5,2.0492
1955-02-01,1955-03-01,ME3 BM1,-3.2138
1955-02-01,1955-03-01,ME3 BM2,-0.9784
1955-02-01,1955-03-01,ME3 BM3,-0.5046
1955-02-01,1955-03-01,ME3 BM4,0.8763
1955-02-01,1955-03-01,ME3 BM5,5.514
1955-02-01,1955-03-01,ME4 BM1,-0.3445
1955-02-01,1955-03-01,ME4 BM2,-1.4316
1955-02-01,1955-03-01,ME4 BM3,-1.7953
1955-02-01,1955-03-01,ME4 BM4,-1.5388
1955-02-01,1955-03-01,ME4 BM5,1.6827
1955-02-01,1955-03-01,BIG LoBM,-0.0614
1955-02-01,1955-03-01,ME5 BM2,-0.3248
1955-02-01,1955-03-01,ME5 BM3,0.1463
1955-02-01,1955-03-01,ME5 BM4,1.5104
1955-02-01,1955-03-01,BIG HiBM,0.7081
1955-03-01,1955-04-01,SMALL LoBM,3.7138
1955-03-01,1955-04-01,ME1 BM2,-1.3013
1955-03-01,1955-04-01,ME1 BM3,2.4274
1955-03-01,1955-04-01,ME1 BM4,2.9027
1955-03-01,1955-04-01,SMALL HiBM,1.2695
1955-03-01,1955-04-01,ME2 BM1,0.4123
1955-03-01,1955-04-01,ME2 BM2,1.3977
1955-03-01,1955-04-01,ME2 BM3,1.5077
1955-03-01,1955-04-01,ME2 BM4,2.5636
1955-03-01,1955-04-01,ME2 BM5,2.9034
1955-03-01,1955-04-01,ME3 BM1,3.1636
1955-03-01,1955-04-01,ME3 BM2,3.2919
1955-03-01,1955-04-01,ME3 BM3,2.1254
1955-03-01,1955-04-01,ME3 BM4,1.7073
1955-03-01,1955-04-01,ME3 BM5,0.1736
1955-03-01,1955-04-01,ME4 BM1,3.731
1955-03-01,1955-04-01,ME4 BM2,1.3505
1955-03-01,1955-04-01,ME4 BM3,2.6299
1955-03-01,1955-04-01,ME4 BM4,1.1376
1955-03-01,1955-04-01,ME4 BM5,1.0974
1955-03-01,1955-04-01,BIG LoBM,4.6929
1955-03-01,1955-04-01,ME5 BM2,1.9361
1955-03-01,1955-04-01,ME5 BM3,2.1314
1955-03-01,1955-04-01,ME5 BM4,5.5391
1955-03-01,1955-04-01,BIG HiBM,4.6867
1955-04-01,1955-05-01,SMALL LoBM,-1.531
1955-04-01,1955-05-01,ME1 BM2,1.3872
1955-04-01,1955-05-01,ME1 BM3,-0.1064
1955-04-01,1955-05-01,ME1 BM4,0.7767
1955-04-01,1955-05-01,SMALL HiBM,0.8035
1955-04-01,1955-05-01,ME2 BM1,-1.1409
1955-04-01,1955-05-01,ME2 BM2,2.093
1955-04-01,1955-05-01,ME2 BM3,-0.2593
1955-04-01,1955-05-01,ME2 BM4,-0.6534
1955-04-01,1955-05-01,ME2 BM5,0.4994
1955-04-01,1955-05-01,ME3 BM1,1.6336
1955-04-01,1955-05-01,ME3 BM2,-0.5404
1955-04-01,1955-05-01,ME3 BM3,0.9024
1955-04-01,1955-05-01,ME3 BM4,0.5251
1955-04-01,1955-05-01,ME3 BM5,0.8145
1955-04-01,1955-05-01,ME4 BM1,1.239
1955-04-01,1955-05-01,ME4 BM2,1.4634
1955-04-01,1955-05-01,ME4 BM3,0.6711
1955-04-01,1955-05-01,ME4 BM4,2.4869
1955-04-01,1955-05-01,ME4 BM5,0.3324
1955-04-01,1955-05-01,BIG LoBM,2.4867
1955-04-01,1955-05-01,ME5 BM2,-0.0886
1955-04-01,1955-05-01,ME5 BM3,0.5143
1955-04-01,1955-05-01,ME5 BM4,-0.8596
1955-04-01,1955-05-01,BIG HiBM,1.4295
1955-05-01,1955-06-01,SMALL LoBM,5.2902
1955-05-01,1955-06-01,ME1 BM2,3.7153
1955-05-01,1955-06-01,ME1 BM3,1.8132
1955-05-01,1955-06-01,ME1 BM4,4.826
1955-05-01,1955-06-01,SMALL HiBM,4.4021
1955-05-01,1955-06-01,ME2 BM1,1.9261
1955-05-01,1955-06-01,ME2 BM2,1.392
1955-05-01,1955-06-01,ME2 BM3,3.4043
1955-05-01,1955-06-01,ME2 BM4,4.0409
1955-05-01,1955-06-01,ME2 BM5,2.1573
1955-05-01,1955-06-01,ME3 BM1,2.6898
1955-05-01,1955-06-01,ME3 BM2,1.3738
1955-05-01,1955-06-01,ME3 BM3,3.2816
1955-05-01,1955-06-01,ME3 BM4,4.2613
1955-05-01,1955-06-01,ME3 BM5,1.3545
1955-05-01,1955-06-01,ME4 BM1,3.4087
1955-05-01,1955-06-01,ME4 BM2,5.6013
1955-05-01,1955-06-01,ME4 BM3,5.434
1955-05-01,1955-06-01,ME4 BM4,5.5891
1955-05-01,1955-06-01,ME4 BM5,0.8637
1955-05-01,1955-06-01,BIG LoBM,7.478
1955-05-01,1955-06-01,ME5 BM2,6.0161
1955-05-01,1955-06-01,ME5 BM3,11.1096
1955-05-01,1955-06-01,ME5 BM4,11.6472
1955-05-01,1955-06-01,BIG HiBM,5.0393
1955-06-01,1955-07-01,SMALL LoBM,9.3525
1955-06-01,1955-07-01,ME1 BM2,3.3223
1955-06-01,1955-07-01,ME1 BM3,0.3959
1955-06-01,1955-07-01,ME1 BM4,1.6183
1955-06-01,1955-07-01,SMALL HiBM,0.7267
1955-06-01,1955-07-01,ME2 BM1,-4.3466
1955-06-01,1955-07-01,ME2 BM2,0.0447
1955-06-01,1955-07-01,ME2 BM3,1.8706
1955-06-01,1955-07-01,ME2 BM4,1.0741
1955-06-01,1955-07-01,ME2 BM5,1.9609
1955-06-01,1955-07-01,ME3 BM1,0.9613
1955-06-01,1955-07-01,ME3 BM2,0.0502
1955-06-01,1955-07-01,ME3 BM3,-0.5744
1955-06-01,1955-07-01,ME3 BM4,0.4962
1955-06-01,1955-07-01,ME3 BM5,1.0003
1955-06-01,1955-07-01,ME4 BM1,-0.3357
1955-06-01,1955-07-01,ME4 BM2,0.6998
1955-06-01,1955-07-01,ME4 BM3,0.1496
1955-06-01,1955-07-01,ME4 BM4,0.5403
1955-06-01,1955-07-01,ME4 BM5,1.5824
1955-06-01,1955-07-01,BIG LoBM,2.3393
1955-06-01,1955-07-01,ME5 BM2,4.298
1955-06-01,1955-07-01,ME5 BM3,1.6406
1955-06-01,1955-07-01,ME5 BM4,-0.592
1955-06-01,1955-07-01,BIG HiBM,0.2046
1955-07-01,1955-08-01,SMALL LoBM,1.9667
1955-07-01,1955-08-01,ME1 BM2,-1.8528
1955-07-01,1955-08-01,ME1 BM3,1.1129
1955-07-01,1955-08-01,ME1 BM4,-0.5968
1955-07-01,1955-08-01,SMALL HiBM,-0.4037
1955-07-01,1955-08-01,ME2 BM1,1.7312
1955-07-01,1955-08-01,ME2 BM2,1.3836
1955-07-01,1955-08-01,ME2 BM3,-0.0705
1955-07-01,1955-08-01,ME2 BM4,-1.5494
1955-07-01,1955-08-01,ME2 BM5,0.7932
1955-07-01,1955-08-01,ME3 BM1,3.1486
1955-07-01,1955-08-01,ME3 BM2,0.774
1955-07-01,1955-08-01,ME3 BM3,1.0617
1955-07-01,1955-08-01,ME3 BM4,1.0638
1955-07-01,1955-08-01,ME3 BM5,0.5075
1955-07-01,1955-08-01,ME4 BM1,1.5073
1955-07-01,1955-08-01,ME4 BM2,0.9939
1955-07-01,1955-08-01,ME4 BM3,0.3194
1955-07-01,1955-08-01,ME4 BM4,-0.0542
1955-07-01,1955-08-01,ME4 BM5,-0.4724
1955-07-01,1955-08-01,BIG LoBM,0.7455
1955-07-01,1955-08-01,ME5 BM2,-0.8361
1955-07-01,1955-08-01,ME5 BM3,-0.7569
1955-07-01,1955-08-01,ME5 BM4,3.0189
1955-07-01,1955-08-01,BIG HiBM,2.0852
1955-08-01,1955-09-01,SMALL LoBM,1.9216
1955-08-01,1955-09-01,ME1 BM2,-0.381
1955-08-01,1955-09-01,ME1 BM3,1.8353
1955-08-01,1955-09-01,ME1 BM4,-0.8215
1955-08-01,1955-09-01,SMALL HiBM,1.6621
1955-08-01,1955-09-01,ME2 BM1,-2.3163
1955-08-01,1955-09-01,ME2 BM2,-1.2711
1955-08-01,1955-09-01,ME2 BM3,-0.5102
1955-08-01,1955-09-01,ME2 BM4,-1.4583
1955-08-01,1955-09-01,ME2 BM5,-0.2919
1955-08-01,1955-09-01,ME3 BM1,-1.4282
1955-08-01,1955-09-01,ME3 BM2,-1.7282
1955-08-01,1955-09-01,ME3 BM3,-0.6415
1955-08-01,1955-09-01,ME3 BM4,0.6255
1955-08-01,1955-09-01,ME3 BM5,-1.306
1955-08-01,1955-09-01,ME4 BM1,-1.5612
1955-08-01,1955-09-01,ME4 BM2,-1.5688
1955-08-01,1955-09-01,ME4 BM3,-0.8423
1955-08-01,1955-09-01,ME4 BM4,-2.1306
1955-08-01,1955-09-01,ME4 BM5,-1.3642
1955-08-01,1955-09-01,BIG LoBM,0.0161
1955-08-01,1955-09-01,ME5 BM2,0.2068
1955-08-01,1955-09-01,ME5 BM3,0.5478
1955-08-01,1955-09-01,ME5 BM4,0.1332
1955-08-01,1955-09-01,BIG HiBM,-3.6838
1955-09-01,1955-10-01,SMALL LoBM,-4.768
1955-09-01,1955-10-01,ME1 BM2,-3.6503
1955-09-01,1955-10-01,ME1 BM3,-3.5705
1955-09-01,1955-10-01,ME1 BM4,-1.0188
1955-09-01,1955-10-01,SMALL HiBM,-0.4596
1955-09-01,1955-10-01,ME2 BM1,-3.4336
1955-09-01,1955-10-01,ME2 BM2,-1.62
1955-09-01,1955-10-01,ME2 BM3,-1.2118
1955-09-01,1955-10-01,ME2 BM4,-1.0576
1955-09-01,1955-10-01,ME2 BM5,-0.2929
1955-09-01,1955-10-01,ME3 BM1,-1.2
1955-09-01,1955-10-01,ME3 BM2,-2.3854
1955-09-01,1955-10-01,ME3 BM3,-1.6004
1955-09-01,1955-10-01,ME3 BM4,1.3923
1955-09-01,1955-10-01,ME3 BM5,-2.3014
1955-09-01,1955-10-01,ME4 BM1,-1.8309
1955-09-01,1955-10-01,ME4 BM2,-1.3689
1955-09-01,1955-10-01,ME4 BM3,-1.7844
1955-09-01,1955-10-01,ME4 BM4,-2.1999
1955-09-01,1955-10-01,ME4 BM5,-4.3366
1955-09-01,1955-10-01,BIG LoBM,-3.5508
1955-09-01,1955-10-01,ME5 BM2,-1.4027
1955-09-01,1955-10-01,ME5 BM3,-1.2346
1955-09-01,1955-10-01,ME5 BM4,-3.7948
1955-09-01,1955-10-01,BIG HiBM,-3.8424
1955-10-01,1955-11-01,SMALL LoBM,-2.207
1955-10-01,1955-11-01,ME1 BM2,7.4921
1955-10-01,1955-11-01,ME1 BM3,3.1969
1955-10-01,1955-11-01,ME1 BM4,3.7909
1955-10-01,1955-11-01,SMALL HiBM,3.4547
1955-10-01,1955-11-01,ME2 BM1,5.851
1955-10-01,1955-11-01,ME2 BM2,7.0028
1955-10-01,1955-11-01,ME2 BM3,5.2073
1955-10-01,1955-11-01,ME2 BM4,3.4425
1955-10-01,1955-11-01,ME2 BM5,5.5975
1955-10-01,1955-11-01,ME3 BM1,6.8577
1955-10-01,1955-11-01,ME3 BM2,6.1599
1955-10-01,1955-11-01,ME3 BM3,5.8577
1955-10-01,1955-11-01,ME3 BM4,4.5913
1955-10-01,1955-11-01,ME3 BM5,7.5157
1955-10-01,1955-11-01,ME4 BM1,6.9808
1955-10-01,1955-11-01,ME4 BM2,6.6328
1955-10-01,1955-11-01,ME4 BM3,5.6036
1955-10-01,1955-11-01,ME4 BM4,6.2481
1955-10-01,1955-11-01,ME4 BM5,6.9568
1955-10-01,1955-11-01,BIG LoBM,8.3471
1955-10-01,1955-11-01,ME5 BM2,7.8853
1955-10-01,1955-11-01,ME5 BM3,3.7758
1955-10-01,1955-11-01,ME5 BM4,7.8856
1955-10-01,1955-11-01,BIG HiBM,11.5674
1955-11-01,1955-12-01,SMALL LoBM,2.2968
1955-11-01,1955-12-01,ME1 BM2,3.0312
1955-11-01,1955-12-01,ME1 BM3,0.1054
1955-11-01,1955-12-01,ME1 BM4,3.9826
1955-11-01,1955-12-01,SMALL HiBM,2.0679
1955-11-01,1955-12-01,ME2 BM1,0.4946
1955-11-01,1955-12-01,ME2 BM2,1.4256
1955-11-01,1955-12-01,ME2 BM3,2.441
1955-11-01,1955-12-01,ME2 BM4,2.1057
1955-11-01,1955-12-01,ME2 BM5,2.0755
1955-11-01,1955-12-01,ME3 BM1,5.8605
1955-11-01,1955-12-01,ME3 BM2,2.3403
1955-11-01,1955-12-01,ME3 BM3,3.9307
1955-11-01,1955-12-01,ME3 BM4,1.064
1955-11-01,1955-12-01,ME3 BM5,1.7421
1955-11-01,1955-12-01,ME4 BM1,2.0583
1955-11-01,1955-12-01,ME4 BM2,2.4278
1955-11-01,1955-12-01,ME4 BM3,2.3085
1955-11-01,1955-12-01,ME4 BM4,1.2113
1955-11-01,1955-12-01,ME4 BM5,-0.5123
1955-11-01,1955-12-01,BIG LoBM,1.6756
1955-11-01,1955-12-01,ME5 BM2,1.9971
1955-11-01,1955-12-01,ME5 BM3,2.1784
1955-11-01,1955-12-01,ME5 BM4,-0.3773
1955-11-01,1955-12-01,BIG HiBM,-2.1179
1955-12-01,1956-01-01,SMALL LoBM,3.2489
1955-12-01,1956-01-01,ME1 BM2,-0.4626
1955-12-01,1956-01-01,ME1 BM3,0.1072
1955-12-01,1956-01-01,ME1 BM4,-0.9409
1955-12-01,1956-01-01,SMALL HiBM,-1.3937
1955-12-01,1956-01-01,ME2 BM1,-2.3221
1955-12-01,1956-01-01,ME2 BM2,-2.2723
1955-12-01,1956-01-01,ME2 BM3,-1.4088
1955-12-01,1956-01-01,ME2 BM4,-2.6216
1955-12-01,1956-01-01,ME2 BM5,-1.4269
1955-12-01,1956-01-01,ME3 BM1,-5.1162
1955-12-01,1956-01-01,ME3 BM2,-2.4916
1955-12-01,1956-01-01,ME3 BM3,-3.8929
1955-12-01,1956-01-01,ME3 BM4,-0.7582
1955-12-01,1956-01-01,ME3 BM5,-3.6616
1955-12-01,1956-01-01,ME4 BM1,-2.8598
1955-12-01,1956-01-01,ME4 BM2,-2.9616
1955-12-01,1956-01-01,ME4 BM3,-3.0025
1955-12-01,1956-01-01,ME4 BM4,-3.8543
1955-12-01,1956-01-01,ME4 BM5,-4.3157
1955-12-01,1956-01-01,BIG LoBM,-4.4584
1955-12-01,1956-01-01,ME5 BM2,-1.1853
1955-12-01,1956-01-01,ME5 BM3,-0.5207
1955-12-01,1956-01-01,ME5 BM4,-1.5757
1955-12-01,1956-01-01,BIG HiBM,-2.9257
1956-01-01,1956-02-01,SMALL LoBM,7.1961
1956-01-01,1956-02-01,ME1 BM2,1.2599
1956-01-01,1956-02-01,ME1 BM3,1.3773
1956-01-01,1956-02-01,ME1 BM4,3.1998
1956-01-01,1956-02-01,SMALL HiBM,3.5754
1956-01-01,1956-02-01,ME2 BM1,2.68
1956-01-01,1956-02-01,ME2 BM2,3.1502
1956-01-01,1956-02-01,ME2 BM3,5.173
1956-01-01,1956-02-01,ME2 BM4,3.0467
1956-01-01,1956-02-01,ME2 BM5,2.2611
1956-01-01,1956-02-01,ME3 BM1,3.736
1956-01-01,1956-02-01,ME3 BM2,2.5378
1956-01-01,1956-02-01,ME3 BM3,4.2151
1956-01-01,1956-02-01,ME3 BM4,3.3383
1956-01-01,1956-02-01,ME3 BM5,2.6196
1956-01-01,1956-02-01,ME4 BM1,3.4757
1956-01-01,1956-02-01,ME4 BM2,4.2291
1956-01-01,1956-02-01,ME4 BM3,3.1827
1956-01-01,1956-02-01,ME4 BM4,3.9695
1956-01-01,1956-02-01,ME4 BM5,3.768
1956-01-01,1956-02-01,BIG LoBM,5.432
1956-01-01,1956-02-01,ME5 BM2,3.0542
1956-01-01,1956-02-01,ME5 BM3,2.2873
1956-01-01,1956-02-01,ME5 BM4,3.8794
1956-01-01,1956-02-01,BIG HiBM,3.3155
1956-02-01,1956-03-01,SMALL LoBM,0.6216
1956-02-01,1956-03-01,ME1 BM2,3.0163
1956-02-01,1956-03-01,ME1 BM3,1.3524
1956-02-01,1956-03-01,ME1 BM4,7.923
1956-02-01,1956-03-01,SMALL HiBM,4.8799
1956-02-01,1956-03-01,ME2 BM1,0.1189
1956-02-01,1956-03-01,ME2 BM2,4.839
1956-02-01,1956-03-01,ME2 BM3,4.7894
1956-02-01,1956-03-01,ME2 BM4,3.7309
1956-02-01,1956-03-01,ME2 BM5,5.8403
1956-02-01,1956-03-01,ME3 BM1,7.5597
1956-02-01,1956-03-01,ME3 BM2,4.1774
1956-02-01,1956-03-01,ME3 BM3,5.7481
1956-02-01,1956-03-01,ME3 BM4,5.8416
1956-02-01,1956-03-01,ME3 BM5,3.642
1956-02-01,1956-03-01,ME4 BM1,5.9239
1956-02-01,1956-03-01,ME4 BM2,6.1431
1956-02-01,1956-03-01,ME4 BM3,6.5168
1956-02-01,1956-03-01,ME4 BM4,4.645
1956-02-01,1956-03-01,ME4 BM5,2.4518
1956-02-01,1956-03-01,BIG LoBM,6.9911
1956-02-01,1956-03-01,ME5 BM2,9.9623
1956-02-01,1956-03-01,ME5 BM3,5.2122
1956-02-01,1956-03-01,ME5 BM4,5.8108
1956-02-01,1956-03-01,BIG HiBM,8.8403
1956-03-01,1956-04-01,SMALL LoBM,0.8226
1956-03-01,1956-04-01,ME1 BM2,-0.4485
1956-03-01,1956-04-01,ME1 BM3,-0.8637
1956-03-01,1956-04-01,ME1 BM4,0.4247
1956-03-01,1956-04-01,SMALL HiBM,0.8246
1956-03-01,1956-04-01,ME2 BM1,1.2506
1956-03-01,1956-04-01,ME2 BM2,1.8325
1956-03-01,1956-04-01,ME2 BM3,-0.6131
1956-03-01,1956-04-01,ME2 BM4,-0.0219
1956-03-01,1956-04-01,ME2 BM5,0.3152
1956-03-01,1956-04-01,ME3 BM1,-2.314
1956-03-01,1956-04-01,ME3 BM2,0.6951
1956-03-01,1956-04-01,ME3 BM3,1.1079
1956-03-01,1956-04-01,ME3 BM4,1.8733
1956-03-01,1956-04-01,ME3 BM5,0.0194
1956-03-01,1956-04-01,ME4 BM1,1.1216
1956-03-01,1956-04-01,ME4 BM2,0.1811
1956-03-01,1956-04-01,ME4 BM3,0.8187
1956-03-01,1956-04-01,ME4 BM4,1.0987
1956-03-01,1956-04-01,ME4 BM5,0.7887
1956-03-01,1956-04-01,BIG LoBM,-0.8027
1956-03-01,1956-04-01,ME5 BM2,1.7352
1956-03-01,1956-04-01,ME5 BM3,2.1388
1956-03-01,1956-04-01,ME5 BM4,1.2043
1956-03-01,1956-04-01,BIG HiBM,0.652
1956-04-01,1956-05-01,SMALL LoBM,-1.3676
1956-04-01,1956-05-01,ME1 BM2,-5.9375
1956-04-01,1956-05-01,ME1 BM3,-2.4188
1956-04-01,1956-05-01,ME1 BM4,-3.887
1956-04-01,1956-05-01,SMALL HiBM,-4.0308
1956-04-01,1956-05-01,ME2 BM1,-4.3281
1956-04-01,1956-05-01,ME2 BM2,-5.6867
1956-04-01,1956-05-01,ME2 BM3,-3.9699
1956-04-01,1956-05-01,ME2 BM4,-4.4616
1956-04-01,1956-05-01,ME2 BM5,-4.3269
1956-04-01,1956-05-01,ME3 BM1,-1.2074
1956-04-01,1956-05-01,ME3 BM2,-3.8268
1956-04-01,1956-05-01,ME3 BM3,-2.2771
1956-04-01,1956-05-01,ME3 BM4,-4.6174
1956-04-01,1956-05-01,ME3 BM5,-5.0727
1956-04-01,1956-05-01,ME4 BM1,-2.8266
1956-04-01,1956-05-01,ME4 BM2,-3.3788
1956-04-01,1956-05-01,ME4 BM3,-4.8458
1956-04-01,1956-05-01,ME4 BM4,-4.6395
1956-04-01,1956-05-01,ME4 BM5,-5.6338
1956-04-01,1956-05-01,BIG LoBM,-4.9289
1956-04-01,1956-05-01,ME5 BM2,-6.0002
1956-04-01,1956-05-01,ME5 BM3,-4.6853
1956-04-01,1956-05-01,ME5 BM4,-6.552
1956-04-01,1956-05-01,BIG HiBM,-8.6421
1956-05-01,1956-06-01,SMALL LoBM,-4.6902
1956-05-01,1956-06-01,ME1 BM2,0.3871
1956-05-01,1956-06-01,ME1 BM3,2.651
1956-05-01,1956-06-01,ME1 BM4,0.8333
1956-05-01,1956-06-01,SMALL HiBM,0.0928
1956-05-01,1956-06-01,ME2 BM1,0.2318
1956-05-01,1956-06-01,ME2 BM2,2.7096
1956-05-01,1956-06-01,ME2 BM3,1.9673
1956-05-01,1956-06-01,ME2 BM4,1.5951
1956-05-01,1956-06-01,ME2 BM5,1.6281
1956-05-01,1956-06-01,ME3 BM1,4.4159
1956-05-01,1956-06-01,ME3 BM2,2.6944
1956-05-01,1956-06-01,ME3 BM3,3.8796
1956-05-01,1956-06-01,ME3 BM4,3.6934
1956-05-01,1956-06-01,ME3 BM5,1.6029
1956-05-01,1956-06-01,ME4 BM1,3.6413
1956-05-01,1956-06-01,ME4 BM2,2.9151
1956-05-01,1956-06-01,ME4 BM3,2.2054
1956-05-01,1956-06-01,ME4 BM4,1.6434
1956-05-01,1956-06-01,ME4 BM5,0.8744
1956-05-01,1956-06-01,BIG LoBM,5.3896
1956-05-01,1956-06-01,ME5 BM2,1.5598
1956-05-01,1956-06-01,ME5 BM3,3.5888
1956-05-01,1956-06-01,ME5 BM4,3.356
1956-05-01,1956-06-01,BIG HiBM,1.8696
1956-06-01,1956-07-01,SMALL LoBM,0.0881
1956-06-01,1956-07-01,ME1 BM2,2.8371
1956-06-01,1956-07-01,ME1 BM3,0.1003
1956-06-01,1956-07-01,ME1 BM4,3.7517
1956-06-01,1956-07-01,SMALL HiBM,3.1548
1956-06-01,1956-07-01,ME2 BM1,1.628
1956-06-01,1956-07-01,ME2 BM2,4.3871
1956-06-01,1956-07-01,ME2 BM3,2.4129
1956-06-01,1956-07-01,ME2 BM4,3.8936
1956-06-01,1956-07-01,ME2 BM5,3.8627
1956-06-01,1956-07-01,ME3 BM1,3.743
1956-06-01,1956-07-01,ME3 BM2,4.0696
1956-06-01,1956-07-01,ME3 BM3,4.7033
1956-06-01,1956-07-01,ME3 BM4,3.9818
1956-06-01,1956-07-01,ME3 BM5,3.5258
1956-06-01,1956-07-01,ME4 BM1,4.436
1956-06-01,1956-07-01,ME4 BM2,5.4209
1956-06-01,1956-07-01,ME4 BM3,3.9079
1956-06-01,1956-07-01,ME4 BM4,5.0961
1956-06-01,1956-07-01,ME4 BM5,3.0656
1956-06-01,1956-07-01,BIG LoBM,4.5918
1956-06-01,1956-07-01,ME5 BM2,7.7717
1956-06-01,1956-07-01,ME5 BM3,5.3693
1956-06-01,1956-07-01,ME5 BM4,4.8831
1956-06-01,1956-07-01,BIG HiBM,3.0366
1956-07-01,1956-08-01,SMALL LoBM,-4.7497
1956-07-01,1956-08-01,ME1 BM2,-2.6288
1956-07-01,1956-08-01,ME1 BM3,1.8057
1956-07-01,1956-08-01,ME1 BM4,-1.5152
1956-07-01,1956-08-01,SMALL HiBM,-0.9853
1956-07-01,1956-08-01,ME2 BM1,-1.5778
1956-07-01,1956-08-01,ME2 BM2,-0.2438
1956-07-01,1956-08-01,ME2 BM3,-1.6807
1956-07-01,1956-08-01,ME2 BM4,-1.2962
1956-07-01,1956-08-01,ME2 BM5,-2.1501
1956-07-01,1956-08-01,ME3 BM1,0.7678
1956-07-01,1956-08-01,ME3 BM2,-0.9988
1956-07-01,1956-08-01,ME3 BM3,-1.7228
1956-07-01,1956-08-01,ME3 BM4,-1.4253
1956-07-01,1956-08-01,ME3 BM5,-3.5591
1956-07-01,1956-08-01,ME4 BM1,-3.0431
1956-07-01,1956-08-01,ME4 BM2,-2.6601
1956-07-01,1956-08-01,ME4 BM3,-2.4297
1956-07-01,1956-08-01,ME4 BM4,-2.0524
1956-07-01,1956-08-01,ME4 BM5,-2.8967
1956-07-01,1956-08-01,BIG LoBM,-3.1589
1956-07-01,1956-08-01,ME5 BM2,-5.0608
1956-07-01,1956-08-01,ME5 BM3,-1.9064
1956-07-01,1956-08-01,ME5 BM4,-2.9741
1956-07-01,1956-08-01,BIG HiBM,-4.6591
1956-08-01,1956-09-01,SMALL LoBM,-2.6572
1956-08-01,1956-09-01,ME1 BM2,-7.8103
1956-08-01,1956-09-01,ME1 BM3,-2.3582
1956-08-01,1956-09-01,ME1 BM4,-2.4729
1956-08-01,1956-09-01,SMALL HiBM,-1.3049
1956-08-01,1956-09-01,ME2 BM1,-4.3278
1956-08-01,1956-09-01,ME2 BM2,-1.4229
1956-08-01,1956-09-01,ME2 BM3,-3.3613
1956-08-01,1956-09-01,ME2 BM4,-1.4562
1956-08-01,1956-09-01,ME2 BM5,-2.1746
1956-08-01,1956-09-01,ME3 BM1,-4.8283
1956-08-01,1956-09-01,ME3 BM2,-4.8724
1956-08-01,1956-09-01,ME3 BM3,-3.2731
1956-08-01,1956-09-01,ME3 BM4,-2.6722
1956-08-01,1956-09-01,ME3 BM5,-1.9031
1956-08-01,1956-09-01,ME4 BM1,-4.5327
1956-08-01,1956-09-01,ME4 BM2,-4.2618
1956-08-01,1956-09-01,ME4 BM3,-3.7734
1956-08-01,1956-09-01,ME4 BM4,-3.3253
1956-08-01,1956-09-01,ME4 BM5,-2.8014
1956-08-01,1956-09-01,BIG LoBM,-6.2456
1956-08-01,1956-09-01,ME5 BM2,-4.7449
1956-08-01,1956-09-01,ME5 BM3,-2.9992
1956-08-01,1956-09-01,ME5 BM4,-5.5326
1956-08-01,1956-09-01,BIG HiBM,-2.98
1956-09-01,1956-10-01,SMALL LoBM,-4.8011
1956-09-01,1956-10-01,ME1 BM2,1.5497
1956-09-01,1956-10-01,ME1 BM3,-0.4671
1956-09-01,1956-10-01,ME1 BM4,0.5893
1956-09-01,1956-10-01,SMALL HiBM,0.9236
1956-09-01,1956-10-01,ME2 BM1,-0.4464
1956-09-01,1956-10-01,ME2 BM2,1.8047
1956-09-01,1956-10-01,ME2 BM3,1.0329
1956-09-01,1956-10-01,ME2 BM4,0.2567
1956-09-01,1956-10-01,ME2 BM5,0.2134
1956-09-01,1956-10-01,ME3 BM1,0.5269
1956-09-01,1956-10-01,ME3 BM2,0.5947
1956-09-01,1956-10-01,ME3 BM3,-0.1058
1956-09-01,1956-10-01,ME3 BM4,1.8687
1956-09-01,1956-10-01,ME3 BM5,0.8239
1956-09-01,1956-10-01,ME4 BM1,0.2526
1956-09-01,1956-10-01,ME4 BM2,0.7957
1956-09-01,1956-10-01,ME4 BM3,1.2426
1956-09-01,1956-10-01,ME4 BM4,1.3883
1956-09-01,1956-10-01,ME4 BM5,0.6419
1956-09-01,1956-10-01,BIG LoBM,0.7404
1956-09-01,1956-10-01,ME5 BM2,0.775
1956-09-01,1956-10-01,ME5 BM3,0.6532
1956-09-01,1956-10-01,ME5 BM4,0.9562
1956-09-01,1956-10-01,BIG HiBM,1.7175
1956-10-01,1956-11-01,SMALL LoBM,-5.5376
1956-10-01,1956-11-01,ME1 BM2,2.139
1956-10-01,1956-11-01,ME1 BM3,-0.7193
1956-10-01,1956-11-01,ME1 BM4,-0.1279
1956-10-01,1956-11-01,SMALL HiBM,1.2015
1956-10-01,1956-11-01,ME2 BM1,0.3573
1956-10-01,1956-11-01,ME2 BM2,-2.4049
1956-10-01,1956-11-01,ME2 BM3,0.0918
1956-10-01,1956-11-01,ME2 BM4,2.574
1956-10-01,1956-11-01,ME2 BM5,2.656
1956-10-01,1956-11-01,ME3 BM1,-1.1676
1956-10-01,1956-11-01,ME3 BM2,1.8224
1956-10-01,1956-11-01,ME3 BM3,1.008
1956-10-01,1956-11-01,ME3 BM4,0.204
1956-10-01,1956-11-01,ME3 BM5,2.1458
1956-10-01,1956-11-01,ME4 BM1,1.2272
1956-10-01,1956-11-01,ME4 BM2,0.6579
1956-10-01,1956-11-01,ME4 BM3,-0.4175
1956-10-01,1956-11-01,ME4 BM4,1.7151
1956-10-01,1956-11-01,ME4 BM5,-0.7231
1956-10-01,1956-11-01,BIG LoBM,-0.5194
1956-10-01,1956-11-01,ME5 BM2,0.2863
1956-10-01,1956-11-01,ME5 BM3,2.4729
1956-10-01,1956-11-01,ME5 BM4,5.6065
1956-10-01,1956-11-01,BIG HiBM,-2.4898
1956-11-01,1956-12-01,SMALL LoBM,6.0664
1956-11-01,1956-12-01,ME1 BM2,-2.2951
1956-11-01,1956-12-01,ME1 BM3,1.0967
1956-11-01,1956-12-01,ME1 BM4,1.1316
1956-11-01,1956-12-01,SMALL HiBM,0.9395
1956-11-01,1956-12-01,ME2 BM1,2.7555
1956-11-01,1956-12-01,ME2 BM2,4.8484
1956-11-01,1956-12-01,ME2 BM3,1.9728
1956-11-01,1956-12-01,ME2 BM4,2.2373
1956-11-01,1956-12-01,ME2 BM5,3.6031
1956-11-01,1956-12-01,ME3 BM1,4.308
1956-11-01,1956-12-01,ME3 BM2,3.1229
1956-11-01,1956-12-01,ME3 BM3,3.6619
1956-11-01,1956-12-01,ME3 BM4,1.2436
1956-11-01,1956-12-01,ME3 BM5,0.2718
1956-11-01,1956-12-01,ME4 BM1,2.7239
1956-11-01,1956-12-01,ME4 BM2,2.5439
1956-11-01,1956-12-01,ME4 BM3,2.6804
1956-11-01,1956-12-01,ME4 BM4,4.2774
1956-11-01,1956-12-01,ME4 BM5,3.7512
1956-11-01,1956-12-01,BIG LoBM,3.4927
1956-11-01,1956-12-01,ME5 BM2,4.7752
1956-11-01,1956-12-01,ME5 BM3,3.7688
1956-11-01,1956-12-01,ME5 BM4,1.6954
1956-11-01,1956-12-01,BIG HiBM,1.9928
1956-12-01,1957-01-01,SMALL LoBM,0.0197
1956-12-01,1957-01-01,ME1 BM2,0.7544
1956-12-01,1957-01-01,ME1 BM3,1.7574
1956-12-01,1957-01-01,ME1 BM4,2.5845
1956-12-01,1957-01-01,SMALL HiBM,3.2236
1956-12-01,1957-01-01,ME2 BM1,2.0207
1956-12-01,1957-01-01,ME2 BM2,-0.707
1956-12-01,1957-01-01,ME2 BM3,1.7817
1956-12-01,1957-01-01,ME2 BM4,0.0895
1956-12-01,1957-01-01,ME2 BM5,2.323
1956-12-01,1957-01-01,ME3 BM1,0.089
1956-12-01,1957-01-01,ME3 BM2,-0.6411
1956-12-01,1957-01-01,ME3 BM3,-0.995
1956-12-01,1957-01-01,ME3 BM4,-0.2563
1956-12-01,1957-01-01,ME3 BM5,1.7367
1956-12-01,1957-01-01,ME4 BM1,-1.1302
1956-12-01,1957-01-01,ME4 BM2,-1.0159
1956-12-01,1957-01-01,ME4 BM3,-0.9185
1956-12-01,1957-01-01,ME4 BM4,-2.1744
1956-12-01,1957-01-01,ME4 BM5,-1.3246
1956-12-01,1957-01-01,BIG LoBM,-4.9084
1956-12-01,1957-01-01,ME5 BM2,-4.4238
1956-12-01,1957-01-01,ME5 BM3,-2.1186
1956-12-01,1957-01-01,ME5 BM4,-4.2307
1956-12-01,1957-01-01,BIG HiBM,-0.6817
1957-01-01,1957-02-01,SMALL LoBM,3.1479
1957-01-01,1957-02-01,ME1 BM2,-2.1257
1957-01-01,1957-02-01,ME1 BM3,-2.9165
1957-01-01,1957-02-01,ME1 BM4,-2.4701
1957-01-01,1957-02-01,SMALL HiBM,-1.636
1957-01-01,1957-02-01,ME2 BM1,-5.4945
1957-01-01,1957-02-01,ME2 BM2,-2.0041
1957-01-01,1957-02-01,ME2 BM3,-3.4303
1957-01-01,1957-02-01,ME2 BM4,-3.3382
1957-01-01,1957-02-01,ME2 BM5,-1.6565
1957-01-01,1957-02-01,ME3 BM1,-2.6546
1957-01-01,1957-02-01,ME3 BM2,-3.1219
1957-01-01,1957-02-01,ME3 BM3,-2.442
1957-01-01,1957-02-01,ME3 BM4,-2.5571
1957-01-01,1957-02-01,ME3 BM5,-3.5926
1957-01-01,1957-02-01,ME4 BM1,-0.7783
1957-01-01,1957-02-01,ME4 BM2,-1.1282
1957-01-01,1957-02-01,ME4 BM3,-2.0203
1957-01-01,1957-02-01,ME4 BM4,-4.1098
1957-01-01,1957-02-01,ME4 BM5,-2.5403
1957-01-01,1957-02-01,BIG LoBM,-1.6428
1957-01-01,1957-02-01,ME5 BM2,-1.1366
1957-01-01,1957-02-01,ME5 BM3,-1.7287
1957-01-01,1957-02-01,ME5 BM4,-4.0972
1957-01-01,1957-02-01,BIG HiBM,-4.0446
1957-02-01,1957-03-01,SMALL LoBM,-2.5437
1957-02-01,1957-03-01,ME1 BM2,0.5621
1957-02-01,1957-03-01,ME1 BM3,3.0074
1957-02-01,1957-03-01,ME1 BM4,2.7194
1957-02-01,1957-03-01,SMALL HiBM,0.8686
1957-02-01,1957-03-01,ME2 BM1,2.528
1957-02-01,1957-03-01,ME2 BM2,1.3605
1957-02-01,1957-03-01,ME2 BM3,1.8068
1957-02-01,1957-03-01,ME2 BM4,2.2027
1957-02-01,1957-03-01,ME2 BM5,3.2145
1957-02-01,1957-03-01,ME3 BM1,1.5852
1957-02-01,1957-03-01,ME3 BM2,3.4337
1957-02-01,1957-03-01,ME3 BM3,3.0397
1957-02-01,1957-03-01,ME3 BM4,1.8768
1957-02-01,1957-03-01,ME3 BM5,1.7265
1957-02-01,1957-03-01,ME4 BM1,2.9364
1957-02-01,1957-03-01,ME4 BM2,1.5378
1957-02-01,1957-03-01,ME4 BM3,2.8412
1957-02-01,1957-03-01,ME4 BM4,3.2723
1957-02-01,1957-03-01,ME4 BM5,1.6843
1957-02-01,1957-03-01,BIG LoBM,2.6363
1957-02-01,1957-03-01,ME5 BM2,2.1699
1957-02-01,1957-03-01,ME5 BM3,2.2151
1957-02-01,1957-03-01,ME5 BM4,1.1434
1957-02-01,1957-03-01,BIG HiBM,2.227
1957-03-01,1957-04-01,SMALL LoBM,0.3026
1957-03-01,1957-04-01,ME1 BM2,-0.5866
1957-03-01,1957-04-01,ME1 BM3,3.1465
1957-03-01,1957-04-01,ME1 BM4,2.1337
1957-03-01,1957-04-01,SMALL HiBM,3.1933
1957-03-01,1957-04-01,ME2 BM1,2.4498
1957-03-01,1957-04-01,ME2 BM2,-0.782
1957-03-01,1957-04-01,ME2 BM3,4.0298
1957-03-01,1957-04-01,ME2 BM4,1.058
1957-03-01,1957-04-01,ME2 BM5,4.3102
1957-03-01,1957-04-01,ME3 BM1,3.1436
1957-03-01,1957-04-01,ME3 BM2,1.6341
1957-03-01,1957-04-01,ME3 BM3,3.5854
1957-03-01,1957-04-01,ME3 BM4,1.689
1957-03-01,1957-04-01,ME3 BM5,1.0662
1957-03-01,1957-04-01,ME4 BM1,3.9834
1957-03-01,1957-04-01,ME4 BM2,2.1176
1957-03-01,1957-04-01,ME4 BM3,2.6306
1957-03-01,1957-04-01,ME4 BM4,4.0444
1957-03-01,1957-04-01,ME4 BM5,0.3308
1957-03-01,1957-04-01,BIG LoBM,5.673
1957-03-01,1957-04-01,ME5 BM2,5.6211
1957-03-01,1957-04-01,ME5 BM3,3.197
1957-03-01,1957-04-01,ME5 BM4,4.7526
1957-03-01,1957-04-01,BIG HiBM,1.9016
1957-04-01,1957-05-01,SMALL LoBM,6.8888
1957-04-01,1957-05-01,ME1 BM2,1.1336
1957-04-01,1957-05-01,ME1 BM3,-1.4185
1957-04-01,1957-05-01,ME1 BM4,0.7244
1957-04-01,1957-05-01,SMALL HiBM,0.2427
1957-04-01,1957-05-01,ME2 BM1,3.5635
1957-04-01,1957-05-01,ME2 BM2,4.3773
1957-04-01,1957-05-01,ME2 BM3,0.5703
1957-04-01,1957-05-01,ME2 BM4,0.8805
1957-04-01,1957-05-01,ME2 BM5,3.2404
1957-04-01,1957-05-01,ME3 BM1,3.0552
1957-04-01,1957-05-01,ME3 BM2,1.4626
1957-04-01,1957-05-01,ME3 BM3,3.359
1957-04-01,1957-05-01,ME3 BM4,1.7615
1957-04-01,1957-05-01,ME3 BM5,2.1528
1957-04-01,1957-05-01,ME4 BM1,2.8826
1957-04-01,1957-05-01,ME4 BM2,2.208
1957-04-01,1957-05-01,ME4 BM3,0.587
1957-04-01,1957-05-01,ME4 BM4,1.6298
1957-04-01,1957-05-01,ME4 BM5,3.7632
1957-04-01,1957-05-01,BIG LoBM,5.1027
1957-04-01,1957-05-01,ME5 BM2,3.3075
1957-04-01,1957-05-01,ME5 BM3,3.161
1957-04-01,1957-05-01,ME5 BM4,1.845
1957-04-01,1957-05-01,BIG HiBM,2.829
1957-05-01,1957-06-01,SMALL LoBM,-2.6947
1957-05-01,1957-06-01,ME1 BM2,1.0528
1957-05-01,1957-06-01,ME1 BM3,0.1335
1957-05-01,1957-06-01,ME1 BM4,1.0551
1957-05-01,1957-06-01,SMALL HiBM,1.1105
1957-05-01,1957-06-01,ME2 BM1,-0.1249
1957-05-01,1957-06-01,ME2 BM2,-0.4971
1957-05-01,1957-06-01,ME2 BM3,-0.3863
1957-05-01,1957-06-01,ME2 BM4,-1.9698
1957-05-01,1957-06-01,ME2 BM5,2.2094
1957-05-01,1957-06-01,ME3 BM1,1.3816
1957-05-01,1957-06-01,ME3 BM2,-1.6062
1957-05-01,1957-06-01,ME3 BM3,-1.9109
1957-05-01,1957-06-01,ME3 BM4,-0.3547
1957-05-01,1957-06-01,ME3 BM5,-0.9761
1957-05-01,1957-06-01,ME4 BM1,-1.1313
1957-05-01,1957-06-01,ME4 BM2,-2.5432
1957-05-01,1957-06-01,ME4 BM3,-1.7808
1957-05-01,1957-06-01,ME4 BM4,-2.8215
1957-05-01,1957-06-01,ME4 BM5,0.1829
1957-05-01,1957-06-01,BIG LoBM,0.3542
1957-05-01,1957-06-01,ME5 BM2,-1.7012
1957-05-01,1957-06-01,ME5 BM3,-0.5862
1957-05-01,1957-06-01,ME5 BM4,-1.7907
1957-05-01,1957-06-01,BIG HiBM,0.313
1957-06-01,1957-07-01,SMALL LoBM,11.123
1957-06-01,1957-07-01,ME1 BM2,-2.9747
1957-06-01,1957-07-01,ME1 BM3,0.4934
1957-06-01,1957-07-01,ME1 BM4,0.1679
1957-06-01,1957-07-01,SMALL HiBM,0.0046
1957-06-01,1957-07-01,ME2 BM1,-1.547
1957-06-01,1957-07-01,ME2 BM2,0.6525
1957-06-01,1957-07-01,ME2 BM3,0.5585
1957-06-01,1957-07-01,ME2 BM4,1.1354
1957-06-01,1957-07-01,ME2 BM5,1.2707
1957-06-01,1957-07-01,ME3 BM1,1.0854
1957-06-01,1957-07-01,ME3 BM2,-0.4163
1957-06-01,1957-07-01,ME3 BM3,-0.0929
1957-06-01,1957-07-01,ME3 BM4,1.4654
1957-06-01,1957-07-01,ME3 BM5,0.8193
1957-06-01,1957-07-01,ME4 BM1,-0.1202
1957-06-01,1957-07-01,ME4 BM2,0.3794
1957-06-01,1957-07-01,ME4 BM3,0.1257
1957-06-01,1957-07-01,ME4 BM4,1.2188
1957-06-01,1957-07-01,ME4 BM5,1.3469
1957-06-01,1957-07-01,BIG LoBM,1.5357
1957-06-01,1957-07-01,ME5 BM2,1.1224
1957-06-01,1957-07-01,ME5 BM3,0.0983
1957-06-01,1957-07-01,ME5 BM4,1.0896
1957-06-01,1957-07-01,BIG HiBM,1.1987
1957-07-01,1957-08-01,SMALL LoBM,-3.5042
1957-07-01,1957-08-01,ME1 BM2,-2.764
1957-07-01,1957-08-01,ME1 BM3,-3.8904
1957-07-01,1957-08-01,ME1 BM4,-4.6898
1957-07-01,1957-08-01,SMALL HiBM,-3.9484
1957-07-01,1957-08-01,ME2 BM1,-4.518
1957-07-01,1957-08-01,ME2 BM2,-3.5749
1957-07-01,1957-08-01,ME2 BM3,-3.9135
1957-07-01,1957-08-01,ME2 BM4,-5.2027
1957-07-01,1957-08-01,ME2 BM5,-6.0241
1957-07-01,1957-08-01,ME3 BM1,-6.0237
1957-07-01,1957-08-01,ME3 BM2,-4.2729
1957-07-01,1957-08-01,ME3 BM3,-4.9428
1957-07-01,1957-08-01,ME3 BM4,-5.6537
1957-07-01,1957-08-01,ME3 BM5,-5.9407
1957-07-01,1957-08-01,ME4 BM1,-7.4141
1957-07-01,1957-08-01,ME4 BM2,-5.538
1957-07-01,1957-08-01,ME4 BM3,-4.0271
1957-07-01,1957-08-01,ME4 BM4,-5.7328
1957-07-01,1957-08-01,ME4 BM5,-5.5713
1957-07-01,1957-08-01,BIG LoBM,-5.4342
1957-07-01,1957-08-01,ME5 BM2,-4.7351
1957-07-01,1957-08-01,ME5 BM3,-2.2783
1957-07-01,1957-08-01,ME5 BM4,-5.2293
1957-07-01,1957-08-01,BIG HiBM,-4.9837
1957-08-01,1957-09-01,SMALL LoBM,-7.8499
1957-08-01,1957-09-01,ME1 BM2,-2.1352
1957-08-01,1957-09-01,ME1 BM3,-4.3987
1957-08-01,1957-09-01,ME1 BM4,-4.0139
1957-08-01,1957-09-01,SMALL HiBM,-4.8283
1957-08-01,1957-09-01,ME2 BM1,-6.6317
1957-08-01,1957-09-01,ME2 BM2,-4.4063
1957-08-01,1957-09-01,ME2 BM3,-3.3877
1957-08-01,1957-09-01,ME2 BM4,-4.2286
1957-08-01,1957-09-01,ME2 BM5,-6.4799
1957-08-01,1957-09-01,ME3 BM1,-5.7551
1957-08-01,1957-09-01,ME3 BM2,-7.4888
1957-08-01,1957-09-01,ME3 BM3,-4.3388
1957-08-01,1957-09-01,ME3 BM4,-4.9562
1957-08-01,1957-09-01,ME3 BM5,-4.1821
1957-08-01,1957-09-01,ME4 BM1,-5.0061
1957-08-01,1957-09-01,ME4 BM2,-4.968
1957-08-01,1957-09-01,ME4 BM3,-3.3646
1957-08-01,1957-09-01,ME4 BM4,-6.7373
1957-08-01,1957-09-01,ME4 BM5,-8.4932
1957-08-01,1957-09-01,BIG LoBM,-6.8719
1957-08-01,1957-09-01,ME5 BM2,-5.0403
1957-08-01,1957-09-01,ME5 BM3,-4.0218
1957-08-01,1957-09-01,ME5 BM4,-5.3891
1957-08-01,1957-09-01,BIG HiBM,-8.4278
1957-09-01,1957-10-01,SMALL LoBM,-8.904
1957-09-01,1957-10-01,ME1 BM2,-9.7889
1957-09-01,1957-10-01,ME1 BM3,-5.7305
1957-09-01,1957-10-01,ME1 BM4,-6.5012
1957-09-01,1957-10-01,SMALL HiBM,-9.3719
1957-09-01,1957-10-01,ME2 BM1,-6.5949
1957-09-01,1957-10-01,ME2 BM2,-6.2026
1957-09-01,1957-10-01,ME2 BM3,-5.1912
1957-09-01,1957-10-01,ME2 BM4,-6.1831
1957-09-01,1957-10-01,ME2 BM5,-8.9393
1957-09-01,1957-10-01,ME3 BM1,-7.2375
1957-09-01,1957-10-01,ME3 BM2,-5.1937
1957-09-01,1957-10-01,ME3 BM3,-5.2952
1957-09-01,1957-10-01,ME3 BM4,-5.6652
1957-09-01,1957-10-01,ME3 BM5,-7.9812
1957-09-01,1957-10-01,ME4 BM1,-6.0759
1957-09-01,1957-10-01,ME4 BM2,-2.1727
1957-09-01,1957-10-01,ME4 BM3,-3.0199
1957-09-01,1957-10-01,ME4 BM4,-7.1642
1957-09-01,1957-10-01,ME4 BM5,-10.3779
1957-09-01,1957-10-01,BIG LoBM,-3.6558
1957-09-01,1957-10-01,ME5 BM2,-3.3694
1957-09-01,1957-10-01,ME5 BM3,-3.3478
1957-09-01,1957-10-01,ME5 BM4,-5.5073
1957-09-01,1957-10-01,BIG HiBM,-7.5324
1957-10-01,1957-11-01,SMALL LoBM,2.5721
1957-10-01,1957-11-01,ME1 BM2,-2.2175
1957-10-01,1957-11-01,ME1 BM3,0.8298
1957-10-01,1957-11-01,ME1 BM4,1.0525
1957-10-01,1957-11-01,SMALL HiBM,1.3206
1957-10-01,1957-11-01,ME2 BM1,1.7434
1957-10-01,1957-11-01,ME2 BM2,2.4871
1957-10-01,1957-11-01,ME2 BM3,1.4027
1957-10-01,1957-11-01,ME2 BM4,-1.345
1957-10-01,1957-11-01,ME2 BM5,0.3738
1957-10-01,1957-11-01,ME3 BM1,4.2774
1957-10-01,1957-11-01,ME3 BM2,3.3381
1957-10-01,1957-11-01,ME3 BM3,2.4125
1957-10-01,1957-11-01,ME3 BM4,2.2787
1957-10-01,1957-11-01,ME3 BM5,3.8215
1957-10-01,1957-11-01,ME4 BM1,4.1489
1957-10-01,1957-11-01,ME4 BM2,3.7035
1957-10-01,1957-11-01,ME4 BM3,1.8066
1957-10-01,1957-11-01,ME4 BM4,1.7384
1957-10-01,1957-11-01,ME4 BM5,-0.6191
1957-10-01,1957-11-01,BIG LoBM,2.8589
1957-10-01,1957-11-01,ME5 BM2,3.0901
1957-10-01,1957-11-01,ME5 BM3,1.7814
1957-10-01,1957-11-01,ME5 BM4,2.0377
1957-10-01,1957-11-01,BIG HiBM,-4.146
1957-11-01,1957-12-01,SMALL LoBM,-10.5443
1957-11-01,1957-12-01,ME1 BM2,-4.9753
1957-11-01,1957-12-01,ME1 BM3,-4.7181
1957-11-01,1957-12-01,ME1 BM4,-5.7807
1957-11-01,1957-12-01,SMALL HiBM,-5.1963
1957-11-01,1957-12-01,ME2 BM1,-5.7097
1957-11-01,1957-12-01,ME2 BM2,-2.6964
1957-11-01,1957-12-01,ME2 BM3,-1.4616
1957-11-01,1957-12-01,ME2 BM4,-7.1479
1957-11-01,1957-12-01,ME2 BM5,-6.7782
1957-11-01,1957-12-01,ME3 BM1,-4.2926
1957-11-01,1957-12-01,ME3 BM2,-2.5513
1957-11-01,1957-12-01,ME3 BM3,-4.8801
1957-11-01,1957-12-01,ME3 BM4,-6.5934
1957-11-01,1957-12-01,ME3 BM5,-4.2832
1957-11-01,1957-12-01,ME4 BM1,-3.5548
1957-11-01,1957-12-01,ME4 BM2,-2.5631
1957-11-01,1957-12-01,ME4 BM3,-0.749
1957-11-01,1957-12-01,ME4 BM4,-7.0191
1957-11-01,1957-12-01,ME4 BM5,-5.6806
1957-11-01,1957-12-01,BIG LoBM,-3.6861
1957-11-01,1957-12-01,ME5 BM2,-4.1618
1957-11-01,1957-12-01,ME5 BM3,-1.5202
1957-11-01,1957-12-01,ME5 BM4,-7.1493
1957-11-01,1957-12-01,BIG HiBM,-6.7649
1957-12-01,1958-01-01,SMALL LoBM,22.9359
1957-12-01,1958-01-01,ME1 BM2,9.7605
1957-12-01,1958-01-01,ME1 BM3,10.0513
1957-12-01,1958-01-01,ME1 BM4,11.7014
1957-12-01,1958-01-01,SMALL HiBM,15.0308
1957-12-01,1958-01-01,ME2 BM1,12.4918
1957-12-01,1958-01-01,ME2 BM2,11.1557
1957-12-01,1958-01-01,ME2 BM3,8.4938
1957-12-01,1958-01-01,ME2 BM4,11.2317
1957-12-01,1958-01-01,ME2 BM5,12.5528
1957-12-01,1958-01-01,ME3 BM1,8.2847
1957-12-01,1958-01-01,ME3 BM2,8.7645
1957-12-01,1958-01-01,ME3 BM3,10.2715
1957-12-01,1958-01-01,ME3 BM4,12.6157
1957-12-01,1958-01-01,ME3 BM5,11.3754
1957-12-01,1958-01-01,ME4 BM1,7.251
1957-12-01,1958-01-01,ME4 BM2,8.2568
1957-12-01,1958-01-01,ME4 BM3,7.5633
1957-12-01,1958-01-01,ME4 BM4,13.4156
1957-12-01,1958-01-01,ME4 BM5,13.8502
1957-12-01,1958-01-01,BIG LoBM,2.9311
1957-12-01,1958-01-01,ME5 BM2,3.7061
1957-12-01,1958-01-01,ME5 BM3,5.2947
1957-12-01,1958-01-01,ME5 BM4,7.2105
1957-12-01,1958-01-01,BIG HiBM,11.8597
1958-01-01,1958-02-01,SMALL LoBM,-7.9773
1958-01-01,1958-02-01,ME1 BM2,0.7031
1958-01-01,1958-02-01,ME1 BM3,-1.9839
1958-01-01,1958-02-01,ME1 BM4,-1.4262
1958-01-01,1958-02-01,SMALL HiBM,-0.8991
1958-01-01,1958-02-01,ME2 BM1,0.6718
1958-01-01,1958-02-01,ME2 BM2,0.1786
1958-01-01,1958-02-01,ME2 BM3,-0.4713
1958-01-01,1958-02-01,ME2 BM4,-0.0409
1958-01-01,1958-02-01,ME2 BM5,0.1955
1958-01-01,1958-02-01,ME3 BM1,-0.7108
1958-01-01,1958-02-01,ME3 BM2,-0.2367
1958-01-01,1958-02-01,ME3 BM3,-0.4777
1958-01-01,1958-02-01,ME3 BM4,-0.2254
1958-01-01,1958-02-01,ME3 BM5,0.298
1958-01-01,1958-02-01,ME4 BM1,-1.4266
1958-01-01,1958-02-01,ME4 BM2,-0.2975
1958-01-01,1958-02-01,ME4 BM3,0.893
1958-01-01,1958-02-01,ME4 BM4,-2.008
1958-01-01,1958-02-01,ME4 BM5,-2.4979
1958-01-01,1958-02-01,BIG LoBM,-2.0325
1958-01-01,1958-02-01,ME5 BM2,-1.1571
1958-01-01,1958-02-01,ME5 BM3,-0.7208
1958-01-01,1958-02-01,ME5 BM4,-3.1698
1958-01-01,1958-02-01,BIG HiBM,-3.3065
1958-02-01,1958-03-01,SMALL LoBM,0.1022
1958-02-01,1958-03-01,ME1 BM2,5.95
1958-02-01,1958-03-01,ME1 BM3,3.947
1958-02-01,1958-03-01,ME1 BM4,4.8075
1958-02-01,1958-03-01,SMALL HiBM,3.0869
1958-02-01,1958-03-01,ME2 BM1,8.2153
1958-02-01,1958-03-01,ME2 BM2,2.4013
1958-02-01,1958-03-01,ME2 BM3,3.3042
1958-02-01,1958-03-01,ME2 BM4,2.8649
1958-02-01,1958-03-01,ME2 BM5,3.7328
1958-02-01,1958-03-01,ME3 BM1,3.0778
1958-02-01,1958-03-01,ME3 BM2,4.6617
1958-02-01,1958-03-01,ME3 BM3,3.1332
1958-02-01,1958-03-01,ME3 BM4,3.2684
1958-02-01,1958-03-01,ME3 BM5,4.2143
1958-02-01,1958-03-01,ME4 BM1,5.743
1958-02-01,1958-03-01,ME4 BM2,2.9558
1958-02-01,1958-03-01,ME4 BM3,3.2094
1958-02-01,1958-03-01,ME4 BM4,1.9904
1958-02-01,1958-03-01,ME4 BM5,3.1799
1958-02-01,1958-03-01,BIG LoBM,3.1918
1958-02-01,1958-03-01,ME5 BM2,3.2579
1958-02-01,1958-03-01,ME5 BM3,3.8122
1958-02-01,1958-03-01,ME5 BM4,3.0003
1958-02-01,1958-03-01,BIG HiBM,1.3388
1958-03-01,1958-04-01,SMALL LoBM,4.0672
1958-03-01,1958-04-01,ME1 BM2,5.7791
1958-03-01,1958-04-01,ME1 BM3,1.9688
1958-03-01,1958-04-01,ME1 BM4,3.2504
1958-03-01,1958-04-01,SMALL HiBM,3.8813
1958-03-01,1958-04-01,ME2 BM1,4.9601
1958-03-01,1958-04-01,ME2 BM2,4.0602
1958-03-01,1958-04-01,ME2 BM3,2.7419
1958-03-01,1958-04-01,ME2 BM4,2.3136
1958-03-01,1958-04-01,ME2 BM5,4.8393
1958-03-01,1958-04-01,ME3 BM1,2.8509
1958-03-01,1958-04-01,ME3 BM2,0.873
1958-03-01,1958-04-01,ME3 BM3,1.8698
1958-03-01,1958-04-01,ME3 BM4,0.9224
1958-03-01,1958-04-01,ME3 BM5,4.6717
1958-03-01,1958-04-01,ME4 BM1,3.7781
1958-03-01,1958-04-01,ME4 BM2,2.8488
1958-03-01,1958-04-01,ME4 BM3,2.1083
1958-03-01,1958-04-01,ME4 BM4,3.2185
1958-03-01,1958-04-01,ME4 BM5,6.1621
1958-03-01,1958-04-01,BIG LoBM,3.0303
1958-03-01,1958-04-01,ME5 BM2,3.4884
1958-03-01,1958-04-01,ME5 BM3,3.2125
1958-03-01,1958-04-01,ME5 BM4,2.6465
1958-03-01,1958-04-01,BIG HiBM,6.2872
1958-04-01,1958-05-01,SMALL LoBM,8.1278
1958-04-01,1958-05-01,ME1 BM2,4.873
1958-04-01,1958-05-01,ME1 BM3,4.1815
1958-04-01,1958-05-01,ME1 BM4,4.2089
1958-04-01,1958-05-01,SMALL HiBM,4.0405
1958-04-01,1958-05-01,ME2 BM1,4.3768
1958-04-01,1958-05-01,ME2 BM2,3.158
1958-04-01,1958-05-01,ME2 BM3,3.2421
1958-04-01,1958-05-01,ME2 BM4,3.6763
1958-04-01,1958-05-01,ME2 BM5,5.7491
1958-04-01,1958-05-01,ME3 BM1,6.6782
1958-04-01,1958-05-01,ME3 BM2,4.6231
1958-04-01,1958-05-01,ME3 BM3,3.9515
1958-04-01,1958-05-01,ME3 BM4,4.8539
1958-04-01,1958-05-01,ME3 BM5,4.6004
1958-04-01,1958-05-01,ME4 BM1,2.7396
1958-04-01,1958-05-01,ME4 BM2,2.1922
1958-04-01,1958-05-01,ME4 BM3,2.8347
1958-04-01,1958-05-01,ME4 BM4,3.3461
1958-04-01,1958-05-01,ME4 BM5,2.2235
1958-04-01,1958-05-01,BIG LoBM,1.8446
1958-04-01,1958-05-01,ME5 BM2,2.7543
1958-04-01,1958-05-01,ME5 BM3,1.907
1958-04-01,1958-05-01,ME5 BM4,3.5049
1958-04-01,1958-05-01,BIG HiBM,4.076
1958-05-01,1958-06-01,SMALL LoBM,2.8976
1958-05-01,1958-06-01,ME1 BM2,1.8434
1958-05-01,1958-06-01,ME1 BM3,1.4346
1958-05-01,1958-06-01,ME1 BM4,3.3606
1958-05-01,1958-06-01,SMALL HiBM,2.9252
1958-05-01,1958-06-01,ME2 BM1,0.2439
1958-05-01,1958-06-01,ME2 BM2,4.9641
1958-05-01,1958-06-01,ME2 BM3,2.8142
1958-05-01,1958-06-01,ME2 BM4,3.2606
1958-05-01,1958-06-01,ME2 BM5,3.1875
1958-05-01,1958-06-01,ME3 BM1,3.3657
1958-05-01,1958-06-01,ME3 BM2,2.4472
1958-05-01,1958-06-01,ME3 BM3,2.8863
1958-05-01,1958-06-01,ME3 BM4,1.3766
1958-05-01,1958-06-01,ME3 BM5,3.6022
1958-05-01,1958-06-01,ME4 BM1,3.2847
1958-05-01,1958-06-01,ME4 BM2,2.0749
1958-05-01,1958-06-01,ME4 BM3,2.8464
1958-05-01,1958-06-01,ME4 BM4,3.2997
1958-05-01,1958-06-01,ME4 BM5,4.7939
1958-05-01,1958-06-01,BIG LoBM,2.96
1958-05-01,1958-06-01,ME5 BM2,3.246
1958-05-01,1958-06-01,ME5 BM3,2.9758
1958-05-01,1958-06-01,ME5 BM4,2.7811
1958-05-01,1958-06-01,BIG HiBM,3.2276
1958-06-01,1958-07-01,SMALL LoBM,1.1712
1958-06-01,1958-07-01,ME1 BM2,7.184
1958-06-01,1958-07-01,ME1 BM3,7.3805
1958-06-01,1958-07-01,ME1 BM4,6.1803
1958-06-01,1958-07-01,SMALL HiBM,5.7312
1958-06-01,1958-07-01,ME2 BM1,1.97
1958-06-01,1958-07-01,ME2 BM2,2.7746
1958-06-01,1958-07-01,ME2 BM3,5.5581
1958-06-01,1958-07-01,ME2 BM4,5.3654
1958-06-01,1958-07-01,ME2 BM5,7.0925
1958-06-01,1958-07-01,ME3 BM1,2.5335
1958-06-01,1958-07-01,ME3 BM2,5.7718
1958-06-01,1958-07-01,ME3 BM3,6.8852
1958-06-01,1958-07-01,ME3 BM4,7.2209
1958-06-01,1958-07-01,ME3 BM5,10.1414
1958-06-01,1958-07-01,ME4 BM1,3.6584
1958-06-01,1958-07-01,ME4 BM2,4.0706
1958-06-01,1958-07-01,ME4 BM3,5.5423
1958-06-01,1958-07-01,ME4 BM4,5.4375
1958-06-01,1958-07-01,ME4 BM5,9.3553
1958-06-01,1958-07-01,BIG LoBM,5.1272
1958-06-01,1958-07-01,ME5 BM2,2.1287
1958-06-01,1958-07-01,ME5 BM3,3.8114
1958-06-01,1958-07-01,ME5 BM4,5.5899
1958-06-01,1958-07-01,BIG HiBM,7.8233
1958-07-01,1958-08-01,SMALL LoBM,3.299
1958-07-01,1958-08-01,ME1 BM2,-0.4205
1958-07-01,1958-08-01,ME1 BM3,3.2193
1958-07-01,1958-08-01,ME1 BM4,2.86
1958-07-01,1958-08-01,SMALL HiBM,4.4977
1958-07-01,1958-08-01,ME2 BM1,3.9612
1958-07-01,1958-08-01,ME2 BM2,3.4696
1958-07-01,1958-08-01,ME2 BM3,1.9808
1958-07-01,1958-08-01,ME2 BM4,2.1209
1958-07-01,1958-08-01,ME2 BM5,4.6049
1958-07-01,1958-08-01,ME3 BM1,3.8308
1958-07-01,1958-08-01,ME3 BM2,3.4552
1958-07-01,1958-08-01,ME3 BM3,3.369
1958-07-01,1958-08-01,ME3 BM4,4.1574
1958-07-01,1958-08-01,ME3 BM5,1.8424
1958-07-01,1958-08-01,ME4 BM1,3.4354
1958-07-01,1958-08-01,ME4 BM2,1.9521
1958-07-01,1958-08-01,ME4 BM3,3.304
1958-07-01,1958-08-01,ME4 BM4,1.8473
1958-07-01,1958-08-01,ME4 BM5,3.8981
1958-07-01,1958-08-01,BIG LoBM,1.7987
1958-07-01,1958-08-01,ME5 BM2,0.7461
1958-07-01,1958-08-01,ME5 BM3,2.3787
1958-07-01,1958-08-01,ME5 BM4,1.4051
1958-07-01,1958-08-01,BIG HiBM,2.0705
1958-08-01,1958-09-01,SMALL LoBM,2.9731
1958-08-01,1958-09-01,ME1 BM2,9.5417
1958-08-01,1958-09-01,ME1 BM3,5.1423
1958-08-01,1958-09-01,ME1 BM4,3.9149
1958-08-01,1958-09-01,SMALL HiBM,7.4029
1958-08-01,1958-09-01,ME2 BM1,2.153
1958-08-01,1958-09-01,ME2 BM2,4.185
1958-08-01,1958-09-01,ME2 BM3,4.444
1958-08-01,1958-09-01,ME2 BM4,7.6207
1958-08-01,1958-09-01,ME2 BM5,8.9476
1958-08-01,1958-09-01,ME3 BM1,3.8498
1958-08-01,1958-09-01,ME3 BM2,2.1376
1958-08-01,1958-09-01,ME3 BM3,4.0488
1958-08-01,1958-09-01,ME3 BM4,6.0313
1958-08-01,1958-09-01,ME3 BM5,9.289
1958-08-01,1958-09-01,ME4 BM1,3.8603
1958-08-01,1958-09-01,ME4 BM2,3.5783
1958-08-01,1958-09-01,ME4 BM3,5.0514
1958-08-01,1958-09-01,ME4 BM4,6.5272
1958-08-01,1958-09-01,ME4 BM5,11.7161
1958-08-01,1958-09-01,BIG LoBM,4.8374
1958-08-01,1958-09-01,ME5 BM2,4.5671
1958-08-01,1958-09-01,ME5 BM3,4.7683
1958-08-01,1958-09-01,ME5 BM4,4.1165
1958-08-01,1958-09-01,BIG HiBM,8.6271
1958-09-01,1958-10-01,SMALL LoBM,7.5936
1958-09-01,1958-10-01,ME1 BM2,6.3023
1958-09-01,1958-10-01,ME1 BM3,2.0743
1958-09-01,1958-10-01,ME1 BM4,1.9581
1958-09-01,1958-10-01,SMALL HiBM,2.6184
1958-09-01,1958-10-01,ME2 BM1,11.3396
1958-09-01,1958-10-01,ME2 BM2,4.9735
1958-09-01,1958-10-01,ME2 BM3,2.0692
1958-09-01,1958-10-01,ME2 BM4,4.4341
1958-09-01,1958-10-01,ME2 BM5,4.565
1958-09-01,1958-10-01,ME3 BM1,0.8759
1958-09-01,1958-10-01,ME3 BM2,5.3881
1958-09-01,1958-10-01,ME3 BM3,2.647
1958-09-01,1958-10-01,ME3 BM4,3.8753
1958-09-01,1958-10-01,ME3 BM5,5.1774
1958-09-01,1958-10-01,ME4 BM1,3.1835
1958-09-01,1958-10-01,ME4 BM2,3.4668
1958-09-01,1958-10-01,ME4 BM3,2.9281
1958-09-01,1958-10-01,ME4 BM4,2.331
1958-09-01,1958-10-01,ME4 BM5,4.6208
1958-09-01,1958-10-01,BIG LoBM,2.3462
1958-09-01,1958-10-01,ME5 BM2,3.1077
1958-09-01,1958-10-01,ME5 BM3,2.7077
1958-09-01,1958-10-01,ME5 BM4,2.3967
1958-09-01,1958-10-01,BIG HiBM,3.5475
1958-10-01,1958-11-01,SMALL LoBM,12.0672
1958-10-01,1958-11-01,ME1 BM2,11.9907
1958-10-01,1958-11-01,ME1 BM3,9.1046
1958-10-01,1958-11-01,ME1 BM4,3.9137
1958-10-01,1958-11-01,SMALL HiBM,3.1971
1958-10-01,1958-11-01,ME2 BM1,4.9429
1958-10-01,1958-11-01,ME2 BM2,7.8361
1958-10-01,1958-11-01,ME2 BM3,4.146
1958-10-01,1958-11-01,ME2 BM4,4.8123
1958-10-01,1958-11-01,ME2 BM5,5.433
1958-10-01,1958-11-01,ME3 BM1,6.5032
1958-10-01,1958-11-01,ME3 BM2,1.6221
1958-10-01,1958-11-01,ME3 BM3,2.7363
1958-10-01,1958-11-01,ME3 BM4,3.7989
1958-10-01,1958-11-01,ME3 BM5,3.0208
1958-10-01,1958-11-01,ME4 BM1,4.7752
1958-10-01,1958-11-01,ME4 BM2,3.8425
1958-10-01,1958-11-01,ME4 BM3,5.745
1958-10-01,1958-11-01,ME4 BM4,4.6041
1958-10-01,1958-11-01,ME4 BM5,5.0585
1958-10-01,1958-11-01,BIG LoBM,3.309
1958-10-01,1958-11-01,ME5 BM2,2.6761
1958-10-01,1958-11-01,ME5 BM3,1.3649
1958-10-01,1958-11-01,ME5 BM4,2.6554
1958-10-01,1958-11-01,BIG HiBM,3.2582
1958-11-01,1958-12-01,SMALL LoBM,4.0174
1958-11-01,1958-12-01,ME1 BM2,-0.7045
1958-11-01,1958-12-01,ME1 BM3,3.0726
1958-11-01,1958-12-01,ME1 BM4,4.2613
1958-11-01,1958-12-01,SMALL HiBM,3.4757
1958-11-01,1958-12-01,ME2 BM1,6.3093
1958-11-01,1958-12-01,ME2 BM2,6.2622
1958-11-01,1958-12-01,ME2 BM3,2.7191
1958-11-01,1958-12-01,ME2 BM4,4.2359
1958-11-01,1958-12-01,ME2 BM5,3.5563
1958-11-01,1958-12-01,ME3 BM1,0.742
1958-11-01,1958-12-01,ME3 BM2,3.0555
1958-11-01,1958-12-01,ME3 BM3,2.2951
1958-11-01,1958-12-01,ME3 BM4,3.7329
1958-11-01,1958-12-01,ME3 BM5,4.2758
1958-11-01,1958-12-01,ME4 BM1,3.4243
1958-11-01,1958-12-01,ME4 BM2,5.1187
1958-11-01,1958-12-01,ME4 BM3,5.4429
1958-11-01,1958-12-01,ME4 BM4,3.8431
1958-11-01,1958-12-01,ME4 BM5,1.9898
1958-11-01,1958-12-01,BIG LoBM,5.2702
1958-11-01,1958-12-01,ME5 BM2,4.7978
1958-11-01,1958-12-01,ME5 BM3,9.5083
1958-11-01,1958-12-01,ME5 BM4,2.683
1958-11-01,1958-12-01,BIG HiBM,4.8422
1958-12-01,1959-01-01,SMALL LoBM,8.3595
1958-12-01,1959-01-01,ME1 BM2,1.7031
1958-12-01,1959-01-01,ME1 BM3,14.9487
1958-12-01,1959-01-01,ME1 BM4,5.7326
1958-12-01,1959-01-01,SMALL HiBM,6.5446
1958-12-01,1959-01-01,ME2 BM1,3.4683
1958-12-01,1959-01-01,ME2 BM2,2.8235
1958-12-01,1959-01-01,ME2 BM3,3.6902
1958-12-01,1959-01-01,ME2 BM4,7.3378
1958-12-01,1959-01-01,ME2 BM5,5.7325
1958-12-01,1959-01-01,ME3 BM1,3.6132
1958-12-01,1959-01-01,ME3 BM2,1.4947
1958-12-01,1959-01-01,ME3 BM3,5.3183
1958-12-01,1959-01-01,ME3 BM4,4.9804
1958-12-01,1959-01-01,ME3 BM5,4.0451
1958-12-01,1959-01-01,ME4 BM1,0.4621
1958-12-01,1959-01-01,ME4 BM2,2.0511
1958-12-01,1959-01-01,ME4 BM3,2.6716
1958-12-01,1959-01-01,ME4 BM4,5.7201
1958-12-01,1959-01-01,ME4 BM5,2.2074
1958-12-01,1959-01-01,BIG LoBM,-1.1123
1958-12-01,1959-01-01,ME5 BM2,1.1343
1958-12-01,1959-01-01,ME5 BM3,2.7414
1958-12-01,1959-01-01,ME5 BM4,2.3851
1958-12-01,1959-01-01,BIG HiBM,5.3631
1959-01-01,1959-02-01,SMALL LoBM,2.0048
1959-01-01,1959-02-01,ME1 BM2,4.5014
1959-01-01,1959-02-01,ME1 BM3,2.6024
1959-01-01,1959-02-01,ME1 BM4,4.1739
1959-01-01,1959-02-01,SMALL HiBM,3.0702
1959-01-01,1959-02-01,ME2 BM1,6.3362
1959-01-01,1959-02-01,ME2 BM2,2.6023
1959-01-01,1959-02-01,ME2 BM3,3.4487
1959-01-01,1959-02-01,ME2 BM4,2.2702
1959-01-01,1959-02-01,ME2 BM5,3.096
1959-01-01,1959-02-01,ME3 BM1,1.9891
1959-01-01,1959-02-01,ME3 BM2,4.3771
1959-01-01,1959-02-01,ME3 BM3,3.9153
1959-01-01,1959-02-01,ME3 BM4,6.0453
1959-01-01,1959-02-01,ME3 BM5,-0.7493
1959-01-01,1959-02-01,ME4 BM1,3.5641
1959-01-01,1959-02-01,ME4 BM2,2.7877
1959-01-01,1959-02-01,ME4 BM3,3.057
1959-01-01,1959-02-01,ME4 BM4,2.6063
1959-01-01,1959-02-01,ME4 BM5,1.2143
1959-01-01,1959-02-01,BIG LoBM,0.75
1959-01-01,1959-02-01,ME5 BM2,-0.4834
1959-01-01,1959-02-01,ME5 BM3,0.8584
1959-01-01,1959-02-01,ME5 BM4,1.0262
1959-01-01,1959-02-01,BIG HiBM,2.1373
1959-02-01,1959-03-01,SMALL LoBM,1.6046
1959-02-01,1959-03-01,ME1 BM2,-2.5369
1959-02-01,1959-03-01,ME1 BM3,0.0518
1959-02-01,1959-03-01,ME1 BM4,1.6608
1959-02-01,1959-03-01,SMALL HiBM,3.3804
1959-02-01,1959-03-01,ME2 BM1,3.5297
1959-02-01,1959-03-01,ME2 BM2,1.6932
1959-02-01,1959-03-01,ME2 BM3,1.6551
1959-02-01,1959-03-01,ME2 BM4,1.8684
1959-02-01,1959-03-01,ME2 BM5,3.1416
1959-02-01,1959-03-01,ME3 BM1,0.7878
1959-02-01,1959-03-01,ME3 BM2,2.1629
1959-02-01,1959-03-01,ME3 BM3,2.0572
1959-02-01,1959-03-01,ME3 BM4,-1.2685
1959-02-01,1959-03-01,ME3 BM5,0.7424
1959-02-01,1959-03-01,ME4 BM1,0.679
1959-02-01,1959-03-01,ME4 BM2,-0.1192
1959-02-01,1959-03-01,ME4 BM3,3.2608
1959-02-01,1959-03-01,ME4 BM4,0.9017
1959-02-01,1959-03-01,ME4 BM5,-1.1343
1959-02-01,1959-03-01,BIG LoBM,0.6885
1959-02-01,1959-03-01,ME5 BM2,0.9627
1959-02-01,1959-03-01,ME5 BM3,-1.4991
1959-02-01,1959-03-01,ME5 BM4,1.7432
1959-02-01,1959-03-01,BIG HiBM,-0.3468
1959-03-01,1959-04-01,SMALL LoBM,-1.3214
1959-03-01,1959-04-01,ME1 BM2,6.3908
1959-03-01,1959-04-01,ME1 BM3,-0.9761
1959-03-01,1959-04-01,ME1 BM4,1.7833
1959-03-01,1959-04-01,SMALL HiBM,4.4389
1959-03-01,1959-04-01,ME2 BM1,3.6928
1959-03-01,1959-04-01,ME2 BM2,6.0525
1959-03-01,1959-04-01,ME2 BM3,2.7867
1959-03-01,1959-04-01,ME2 BM4,2.9993
1959-03-01,1959-04-01,ME2 BM5,1.3058
1959-03-01,1959-04-01,ME3 BM1,2.4699
1959-03-01,1959-04-01,ME3 BM2,4.9625
1959-03-01,1959-04-01,ME3 BM3,2.6575
1959-03-01,1959-04-01,ME3 BM4,5.5146
1959-03-01,1959-04-01,ME3 BM5,2.7006
1959-03-01,1959-04-01,ME4 BM1,3.9314
1959-03-01,1959-04-01,ME4 BM2,2.8466
1959-03-01,1959-04-01,ME4 BM3,3.219
1959-03-01,1959-04-01,ME4 BM4,4.5005
1959-03-01,1959-04-01,ME4 BM5,3.9462
1959-03-01,1959-04-01,BIG LoBM,5.836
1959-03-01,1959-04-01,ME5 BM2,0.8793
1959-03-01,1959-04-01,ME5 BM3,2.8322
1959-03-01,1959-04-01,ME5 BM4,2.9159
1959-03-01,1959-04-01,BIG HiBM,3.335
1959-04-01,1959-05-01,SMALL LoBM,-0.6906
1959-04-01,1959-05-01,ME1 BM2,0.4959
1959-04-01,1959-05-01,ME1 BM3,3.2295
1959-04-01,1959-05-01,ME1 BM4,2.248
1959-04-01,1959-05-01,SMALL HiBM,1.8284
1959-04-01,1959-05-01,ME2 BM1,-1.2068
1959-04-01,1959-05-01,ME2 BM2,-0.6436
1959-04-01,1959-05-01,ME2 BM3,0.478
1959-04-01,1959-05-01,ME2 BM4,-2.5319
1959-04-01,1959-05-01,ME2 BM5,1.2968
1959-04-01,1959-05-01,ME3 BM1,0.0151
1959-04-01,1959-05-01,ME3 BM2,0.3231
1959-04-01,1959-05-01,ME3 BM3,-0.6637
1959-04-01,1959-05-01,ME3 BM4,2.5769
1959-04-01,1959-05-01,ME3 BM5,4.0249
1959-04-01,1959-05-01,ME4 BM1,-0.3602
1959-04-01,1959-05-01,ME4 BM2,1.2193
1959-04-01,1959-05-01,ME4 BM3,1.8505
1959-04-01,1959-05-01,ME4 BM4,1.8058
1959-04-01,1959-05-01,ME4 BM5,1.4012
1959-04-01,1959-05-01,BIG LoBM,3.4167
1959-04-01,1959-05-01,ME5 BM2,0.3401
1959-04-01,1959-05-01,ME5 BM3,1.5872
1959-04-01,1959-05-01,ME5 BM4,0.8467
1959-04-01,1959-05-01,BIG HiBM,4.7257
1959-05-01,1959-06-01,SMALL LoBM,-1.8152
1959-05-01,1959-06-01,ME1 BM2,1.1833
1959-05-01,1959-06-01,ME1 BM3,-0.9157
1959-05-01,1959-06-01,ME1 BM4,1.0031
1959-05-01,1959-06-01,SMALL HiBM,1.2244
1959-05-01,1959-06-01,ME2 BM1,-0.372
1959-05-01,1959-06-01,ME2 BM2,1.5585
1959-05-01,1959-06-01,ME2 BM3,0.4982
1959-05-01,1959-06-01,ME2 BM4,1.0972
1959-05-01,1959-06-01,ME2 BM5,0.3463
1959-05-01,1959-06-01,ME3 BM1,2.5986
1959-05-01,1959-06-01,ME3 BM2,0.7592
1959-05-01,1959-06-01,ME3 BM3,1.0174
1959-05-01,1959-06-01,ME3 BM4,0.5052
1959-05-01,1959-06-01,ME3 BM5,4.3169
1959-05-01,1959-06-01,ME4 BM1,1.2652
1959-05-01,1959-06-01,ME4 BM2,1.0994
1959-05-01,1959-06-01,ME4 BM3,2.3612
1959-05-01,1959-06-01,ME4 BM4,-0.0474
1959-05-01,1959-06-01,ME4 BM5,2.1843
1959-05-01,1959-06-01,BIG LoBM,-0.4896
1959-05-01,1959-06-01,ME5 BM2,0.1685
1959-05-01,1959-06-01,ME5 BM3,-0.3287
1959-05-01,1959-06-01,ME5 BM4,-0.5137
1959-05-01,1959-06-01,BIG HiBM,2.6202
1959-06-01,1959-07-01,SMALL LoBM,3.5788
1959-06-01,1959-07-01,ME1 BM2,-0.7031
1959-06-01,1959-07-01,ME1 BM3,4.251
1959-06-01,1959-07-01,ME1 BM4,1.3857
1959-06-01,1959-07-01,SMALL HiBM,3.5167
1959-06-01,1959-07-01,ME2 BM1,5.2423
1959-06-01,1959-07-01,ME2 BM2,1.7568
1959-06-01,1959-07-01,ME2 BM3,3.5625
1959-06-01,1959-07-01,ME2 BM4,3.4568
1959-06-01,1959-07-01,ME2 BM5,4.438
1959-06-01,1959-07-01,ME3 BM1,2.2783
1959-06-01,1959-07-01,ME3 BM2,2.0485
1959-06-01,1959-07-01,ME3 BM3,4.1762
1959-06-01,1959-07-01,ME3 BM4,4.0505
1959-06-01,1959-07-01,ME3 BM5,4.1118
1959-06-01,1959-07-01,ME4 BM1,2.6007
1959-06-01,1959-07-01,ME4 BM2,2.1527
1959-06-01,1959-07-01,ME4 BM3,2.0107
1959-06-01,1959-07-01,ME4 BM4,4.1361
1959-06-01,1959-07-01,ME4 BM5,3.1087
1959-06-01,1959-07-01,BIG LoBM,4.2779
1959-06-01,1959-07-01,ME5 BM2,3.6075
1959-06-01,1959-07-01,ME5 BM3,1.8011
1959-06-01,1959-07-01,ME5 BM4,3.3202
1959-06-01,1959-07-01,BIG HiBM,0.79
1959-07-01,1959-08-01,SMALL LoBM,1.3809
1959-07-01,1959-08-01,ME1 BM2,5.2642
1959-07-01,1959-08-01,ME1 BM3,-1.4017
1959-07-01,1959-08-01,ME1 BM4,-0.0059
1959-07-01,1959-08-01,SMALL HiBM,-1.6911
1959-07-01,1959-08-01,ME2 BM1,-2.8165
1959-07-01,1959-08-01,ME2 BM2,-1.7302
1959-07-01,1959-08-01,ME2 BM3,-0.418
1959-07-01,1959-08-01,ME2 BM4,-2.738
1959-07-01,1959-08-01,ME2 BM5,-1.2685
1959-07-01,1959-08-01,ME3 BM1,-1.425
1959-07-01,1959-08-01,ME3 BM2,0.7415
1959-07-01,1959-08-01,ME3 BM3,-0.6575
1959-07-01,1959-08-01,ME3 BM4,-1.2454
1959-07-01,1959-08-01,ME3 BM5,-2.696
1959-07-01,1959-08-01,ME4 BM1,-2.4307
1959-07-01,1959-08-01,ME4 BM2,-0.5865
1959-07-01,1959-08-01,ME4 BM3,-2.7836
1959-07-01,1959-08-01,ME4 BM4,-2.6881
1959-07-01,1959-08-01,ME4 BM5,-1.6648
1959-07-01,1959-08-01,BIG LoBM,-1.3722
1959-07-01,1959-08-01,ME5 BM2,-1.4255
1959-07-01,1959-08-01,ME5 BM3,0.3197
1959-07-01,1959-08-01,ME5 BM4,-2.9309
1959-07-01,1959-08-01,BIG HiBM,2.5872
1959-08-01,1959-09-01,SMALL LoBM,-9.3107
1959-08-01,1959-09-01,ME1 BM2,-3.0788
1959-08-01,1959-09-01,ME1 BM3,-5.3243
1959-08-01,1959-09-01,ME1 BM4,-1.5923
1959-08-01,1959-09-01,SMALL HiBM,-5.9408
1959-08-01,1959-09-01,ME2 BM1,-5.0503
1959-08-01,1959-09-01,ME2 BM2,-4.9494
1959-08-01,1959-09-01,ME2 BM3,-2.7062
1959-08-01,1959-09-01,ME2 BM4,-5.3334
1959-08-01,1959-09-01,ME2 BM5,-3.9434
1959-08-01,1959-09-01,ME3 BM1,-4.5655
1959-08-01,1959-09-01,ME3 BM2,-2.3713
1959-08-01,1959-09-01,ME3 BM3,-5.1274
1959-08-01,1959-09-01,ME3 BM4,-5.489
1959-08-01,1959-09-01,ME3 BM5,-2.7201
1959-08-01,1959-09-01,ME4 BM1,-5.9051
1959-08-01,1959-09-01,ME4 BM2,-4.7547
1959-08-01,1959-09-01,ME4 BM3,-4.7085
1959-08-01,1959-09-01,ME4 BM4,-3.8223
1959-08-01,1959-09-01,ME4 BM5,-3.8633
1959-08-01,1959-09-01,BIG LoBM,-4.6282
1959-08-01,1959-09-01,ME5 BM2,-4.9625
1959-08-01,1959-09-01,ME5 BM3,-2.4331
1959-08-01,1959-09-01,ME5 BM4,-6.3666
1959-08-01,1959-09-01,BIG HiBM,-5.6265
1959-09-01,1959-10-01,SMALL LoBM,1.5381
1959-09-01,1959-10-01,ME1 BM2,7.9137
1959-09-01,1959-10-01,ME1 BM3,0.6245
1959-09-01,1959-10-01,ME1 BM4,1.5589
1959-09-01,1959-10-01,SMALL HiBM,1.0245
1959-09-01,1959-10-01,ME2 BM1,2.3758
1959-09-01,1959-10-01,ME2 BM2,2.6103
1959-09-01,1959-10-01,ME2 BM3,2.9558
1959-09-01,1959-10-01,ME2 BM4,2.2618
1959-09-01,1959-10-01,ME2 BM5,1.6033
1959-09-01,1959-10-01,ME3 BM1,4.7266
1959-09-01,1959-10-01,ME3 BM2,5.3576
1959-09-01,1959-10-01,ME3 BM3,2.1491
1959-09-01,1959-10-01,ME3 BM4,2.2402
1959-09-01,1959-10-01,ME3 BM5,-0.791
1959-09-01,1959-10-01,ME4 BM1,3.482
1959-09-01,1959-10-01,ME4 BM2,3.8311
1959-09-01,1959-10-01,ME4 BM3,2.3323
1959-09-01,1959-10-01,ME4 BM4,3.0072
1959-09-01,1959-10-01,ME4 BM5,-0.4881
1959-09-01,1959-10-01,BIG LoBM,1.1069
1959-09-01,1959-10-01,ME5 BM2,1.5969
1959-09-01,1959-10-01,ME5 BM3,1.4471
1959-09-01,1959-10-01,ME5 BM4,-0.0259
1959-09-01,1959-10-01,BIG HiBM,-0.763
1959-10-01,1959-11-01,SMALL LoBM,-1.6513
1959-10-01,1959-11-01,ME1 BM2,1.5129
1959-10-01,1959-11-01,ME1 BM3,-1.0245
1959-10-01,1959-11-01,ME1 BM4,1.6077
1959-10-01,1959-11-01,SMALL HiBM,0.4504
1959-10-01,1959-11-01,ME2 BM1,7.1665
1959-10-01,1959-11-01,ME2 BM2,-2.0713
1959-10-01,1959-11-01,ME2 BM3,1.7683
1959-10-01,1959-11-01,ME2 BM4,2.7999
1959-10-01,1959-11-01,ME2 BM5,1.9594
1959-10-01,1959-11-01,ME3 BM1,2.9681
1959-10-01,1959-11-01,ME3 BM2,0.388
1959-10-01,1959-11-01,ME3 BM3,0.7248
1959-10-01,1959-11-01,ME3 BM4,2.4058
1959-10-01,1959-11-01,ME3 BM5,-1.1512
1959-10-01,1959-11-01,ME4 BM1,3.688
1959-10-01,1959-11-01,ME4 BM2,2.7256
1959-10-01,1959-11-01,ME4 BM3,3.1712
1959-10-01,1959-11-01,ME4 BM4,-0.7084
1959-10-01,1959-11-01,ME4 BM5,0.912
1959-10-01,1959-11-01,BIG LoBM,4.1692
1959-10-01,1959-11-01,ME5 BM2,-0.4194
1959-10-01,1959-11-01,ME5 BM3,-0.7428
1959-10-01,1959-11-01,ME5 BM4,-1.9332
1959-10-01,1959-11-01,BIG HiBM,0.0175
1959-11-01,1959-12-01,SMALL LoBM,4.995
1959-11-01,1959-12-01,ME1 BM2,5.6722
1959-11-01,1959-12-01,ME1 BM3,2.0618
1959-11-01,1959-12-01,ME1 BM4,2.9387
1959-11-01,1959-12-01,SMALL HiBM,2.2295
1959-11-01,1959-12-01,ME2 BM1,0.8756
1959-11-01,1959-12-01,ME2 BM2,5.2106
1959-11-01,1959-12-01,ME2 BM3,1.4698
1959-11-01,1959-12-01,ME2 BM4,4.2615
1959-11-01,1959-12-01,ME2 BM5,0.9631
1959-11-01,1959-12-01,ME3 BM1,3.1148
1959-11-01,1959-12-01,ME3 BM2,0.9923
1959-11-01,1959-12-01,ME3 BM3,2.3598
1959-11-01,1959-12-01,ME3 BM4,2.0318
1959-11-01,1959-12-01,ME3 BM5,2.2431
1959-11-01,1959-12-01,ME4 BM1,1.0045
1959-11-01,1959-12-01,ME4 BM2,1.0384
1959-11-01,1959-12-01,ME4 BM3,0.4022
1959-11-01,1959-12-01,ME4 BM4,3.2306
1959-11-01,1959-12-01,ME4 BM5,2.1748
1959-11-01,1959-12-01,BIG LoBM,3.1481
1959-11-01,1959-12-01,ME5 BM2,3.2129
1959-11-01,1959-12-01,ME5 BM3,2.8528
1959-11-01,1959-12-01,ME5 BM4,3.9975
1959-11-01,1959-12-01,BIG HiBM,6.2891
1959-12-01,1960-01-01,SMALL LoBM,-5.7311
1959-12-01,1960-01-01,ME1 BM2,-5.915
1959-12-01,1960-01-01,ME1 BM3,-1.0522
1959-12-01,1960-01-01,ME1 BM4,-1.8112
1959-12-01,1960-01-01,SMALL HiBM,-0.7447
1959-12-01,1960-01-01,ME2 BM1,-4.4467
1959-12-01,1960-01-01,ME2 BM2,-6.0007
1959-12-01,1960-01-01,ME2 BM3,-2.5
1959-12-01,1960-01-01,ME2 BM4,-3.4674
1959-12-01,1960-01-01,ME2 BM5,-4.1393
1959-12-01,1960-01-01,ME3 BM1,-6.6182
1959-12-01,1960-01-01,ME3 BM2,-4.3567
1959-12-01,1960-01-01,ME3 BM3,-6.155
1959-12-01,1960-01-01,ME3 BM4,-3.9265
1959-12-01,1960-01-01,ME3 BM5,-5.1005
1959-12-01,1960-01-01,ME4 BM1,-5.7655
1959-12-01,1960-01-01,ME4 BM2,-4.2205
1959-12-01,1960-01-01,ME4 BM3,-5.9456
1959-12-01,1960-01-01,ME4 BM4,-7.4515
1959-12-01,1960-01-01,ME4 BM5,-2.6134
1959-12-01,1960-01-01,BIG LoBM,-9.115
1959-12-01,1960-01-01,ME5 BM2,-6.9823
1959-12-01,1960-01-01,ME5 BM3,-1.683
1959-12-01,1960-01-01,ME5 BM4,-5.8368
1959-12-01,1960-01-01,BIG HiBM,-7.5513
1960-01-01,1960-02-01,SMALL LoBM,-2.1138
1960-01-01,1960-02-01,ME1 BM2,3.9529
1960-01-01,1960-02-01,ME1 BM3,-0.7593
1960-01-01,1960-02-01,ME1 BM4,-0.9373
1960-01-01,1960-02-01,SMALL HiBM,1.1544
1960-01-01,1960-02-01,ME2 BM1,1.7178
1960-01-01,1960-02-01,ME2 BM2,2.169
1960-01-01,1960-02-01,ME2 BM3,1.6032
1960-01-01,1960-02-01,ME2 BM4,2.7654
1960-01-01,1960-02-01,ME2 BM5,0.8305
1960-01-01,1960-02-01,ME3 BM1,1.7908
1960-01-01,1960-02-01,ME3 BM2,0.319
1960-01-01,1960-02-01,ME3 BM3,0.019
1960-01-01,1960-02-01,ME3 BM4,0.8324
1960-01-01,1960-02-01,ME3 BM5,-0.6751
1960-01-01,1960-02-01,ME4 BM1,2.1013
1960-01-01,1960-02-01,ME4 BM2,1.7484
1960-01-01,1960-02-01,ME4 BM3,1.8111
1960-01-01,1960-02-01,ME4 BM4,0.7332
1960-01-01,1960-02-01,ME4 BM5,1.6199
1960-01-01,1960-02-01,BIG LoBM,2.316
1960-01-01,1960-02-01,ME5 BM2,-1.446
1960-01-01,1960-02-01,ME5 BM3,4.9601
1960-01-01,1960-02-01,ME5 BM4,-2.6945
1960-01-01,1960-02-01,BIG HiBM,-3.9617
1960-02-01,1960-03-01,SMALL LoBM,-2.5215
1960-02-01,1960-03-01,ME1 BM2,-5.1835
1960-02-01,1960-03-01,ME1 BM3,-3.5807
1960-02-01,1960-03-01,ME1 BM4,-1.6955
1960-02-01,1960-03-01,SMALL HiBM,-2.6026
1960-02-01,1960-03-01,ME2 BM1,-3.8771
1960-02-01,1960-03-01,ME2 BM2,-2.616
1960-02-01,1960-03-01,ME2 BM3,-3.1729
1960-02-01,1960-03-01,ME2 BM4,-1.9141
1960-02-01,1960-03-01,ME2 BM5,-4.7045
1960-02-01,1960-03-01,ME3 BM1,-1.6315
1960-02-01,1960-03-01,ME3 BM2,0.2294
1960-02-01,1960-03-01,ME3 BM3,-2.937
1960-02-01,1960-03-01,ME3 BM4,-3.6963
1960-02-01,1960-03-01,ME3 BM5,-6.7433
1960-02-01,1960-03-01,ME4 BM1,-0.4087
1960-02-01,1960-03-01,ME4 BM2,-0.3367
1960-02-01,1960-03-01,ME4 BM3,-4.0914
1960-02-01,1960-03-01,ME4 BM4,-3.7341
1960-02-01,1960-03-01,ME4 BM5,-6.8144
1960-02-01,1960-03-01,BIG LoBM,-0.4015
1960-02-01,1960-03-01,ME5 BM2,-1.7662
1960-02-01,1960-03-01,ME5 BM3,-0.5967
1960-02-01,1960-03-01,ME5 BM4,-3.2453
1960-02-01,1960-03-01,BIG HiBM,-7.1743
1960-03-01,1960-04-01,SMALL LoBM,-4.9512
1960-03-01,1960-04-01,ME1 BM2,1.0131
1960-03-01,1960-04-01,ME1 BM3,-2.4361
1960-03-01,1960-04-01,ME1 BM4,-2.762
1960-03-01,1960-04-01,SMALL HiBM,-2.472
1960-03-01,1960-04-01,ME2 BM1,1.0239
1960-03-01,1960-04-01,ME2 BM2,-4.6126
1960-03-01,1960-04-01,ME2 BM3,-1.6955
1960-03-01,1960-04-01,ME2 BM4,-1.409
1960-03-01,1960-04-01,ME2 BM5,-3.0983
1960-03-01,1960-04-01,ME3 BM1,0.8657
1960-03-01,1960-04-01,ME3 BM2,-1.8045
1960-03-01,1960-04-01,ME3 BM3,-2.556
1960-03-01,1960-04-01,ME3 BM4,-2.5741
1960-03-01,1960-04-01,ME3 BM5,-5.6135
1960-03-01,1960-04-01,ME4 BM1,0.0021
1960-03-01,1960-04-01,ME4 BM2,-0.4881
1960-03-01,1960-04-01,ME4 BM3,-2.1812
1960-03-01,1960-04-01,ME4 BM4,-2.7913
1960-03-01,1960-04-01,ME4 BM5,-2.3547
1960-03-01,1960-04-01,BIG LoBM,-1.0733
1960-03-01,1960-04-01,ME5 BM2,-2.717
1960-03-01,1960-04-01,ME5 BM3,-1.4885
1960-03-01,1960-04-01,ME5 BM4,-2.1734
1960-03-01,1960-04-01,BIG HiBM,-3.7299
1960-04-01,1960-05-01,SMALL LoBM,-4.8661
1960-04-01,1960-05-01,ME1 BM2,-1.3716
1960-04-01,1960-05-01,ME1 BM3,-1.4996
1960-04-01,1960-05-01,ME1 BM4,2.1058
1960-04-01,1960-05-01,SMALL HiBM,1.7782
1960-04-01,1960-05-01,ME2 BM1,2.9651
1960-04-01,1960-05-01,ME2 BM2,6.2321
1960-04-01,1960-05-01,ME2 BM3,1.7623
1960-04-01,1960-05-01,ME2 BM4,2.6387
1960-04-01,1960-05-01,ME2 BM5,6.2658
1960-04-01,1960-05-01,ME3 BM1,7.1087
1960-04-01,1960-05-01,ME3 BM2,1.2703
1960-04-01,1960-05-01,ME3 BM3,4.0681
1960-04-01,1960-05-01,ME3 BM4,2.4114
1960-04-01,1960-05-01,ME3 BM5,0.0739
1960-04-01,1960-05-01,ME4 BM1,4.1568
1960-04-01,1960-05-01,ME4 BM2,1.8089
1960-04-01,1960-05-01,ME4 BM3,0.3058
1960-04-01,1960-05-01,ME4 BM4,2.8192
1960-04-01,1960-05-01,ME4 BM5,0.4867
1960-04-01,1960-05-01,BIG LoBM,5.0457
1960-04-01,1960-05-01,ME5 BM2,2.5483
1960-04-01,1960-05-01,ME5 BM3,1.5758
1960-04-01,1960-05-01,ME5 BM4,-2.0366
1960-04-01,1960-05-01,BIG HiBM,-0.9381
1960-05-01,1960-06-01,SMALL LoBM,3.6376
1960-05-01,1960-06-01,ME1 BM2,-3.3236
1960-05-01,1960-06-01,ME1 BM3,5.8544
1960-05-01,1960-06-01,ME1 BM4,3.3848
1960-05-01,1960-06-01,SMALL HiBM,1.9524
1960-05-01,1960-06-01,ME2 BM1,3.9575
1960-05-01,1960-06-01,ME2 BM2,2.7418
1960-05-01,1960-06-01,ME2 BM3,1.5342
1960-05-01,1960-06-01,ME2 BM4,2.0435
1960-05-01,1960-06-01,ME2 BM5,0.3296
1960-05-01,1960-06-01,ME3 BM1,4.4771
1960-05-01,1960-06-01,ME3 BM2,1.1802
1960-05-01,1960-06-01,ME3 BM3,2.1385
1960-05-01,1960-06-01,ME3 BM4,3.8373
1960-05-01,1960-06-01,ME3 BM5,1.4058
1960-05-01,1960-06-01,ME4 BM1,2.577
1960-05-01,1960-06-01,ME4 BM2,2.1414
1960-05-01,1960-06-01,ME4 BM3,2.996
1960-05-01,1960-06-01,ME4 BM4,1.3967
1960-05-01,1960-06-01,ME4 BM5,2.8817
1960-05-01,1960-06-01,BIG LoBM,2.4094
1960-05-01,1960-06-01,ME5 BM2,2.5828
1960-05-01,1960-06-01,ME5 BM3,1.2876
1960-05-01,1960-06-01,ME5 BM4,3.2461
1960-05-01,1960-06-01,BIG HiBM,2.6944
1960-06-01,1960-07-01,SMALL LoBM,-5.4142
1960-06-01,1960-07-01,ME1 BM2,-3.9299
1960-06-01,1960-07-01,ME1 BM3,1.0275
1960-06-01,1960-07-01,ME1 BM4,-1.2118
1960-06-01,1960-07-01,SMALL HiBM,-1.7964
1960-06-01,1960-07-01,ME2 BM1,-3.4589
1960-06-01,1960-07-01,ME2 BM2,-1.955
1960-06-01,1960-07-01,ME2 BM3,-1.8322
1960-06-01,1960-07-01,ME2 BM4,-2.3759
1960-06-01,1960-07-01,ME2 BM5,-1.8943
1960-06-01,1960-07-01,ME3 BM1,-1.6934
1960-06-01,1960-07-01,ME3 BM2,-1.963
1960-06-01,1960-07-01,ME3 BM3,-1.9676
1960-06-01,1960-07-01,ME3 BM4,-1.1835
1960-06-01,1960-07-01,ME3 BM5,-1.8327
1960-06-01,1960-07-01,ME4 BM1,-3.4869
1960-06-01,1960-07-01,ME4 BM2,-0.82
1960-06-01,1960-07-01,ME4 BM3,-0.4298
1960-06-01,1960-07-01,ME4 BM4,0.3631
1960-06-01,1960-07-01,ME4 BM5,-5.5297
1960-06-01,1960-07-01,BIG LoBM,-4.0861
1960-06-01,1960-07-01,ME5 BM2,-1.8222
1960-06-01,1960-07-01,ME5 BM3,0.3983
1960-06-01,1960-07-01,ME5 BM4,-0.9168
1960-06-01,1960-07-01,BIG HiBM,-0.0662
1960-07-01,1960-08-01,SMALL LoBM,22.9883
1960-07-01,1960-08-01,ME1 BM2,9.1183
1960-07-01,1960-08-01,ME1 BM3,2.3803
1960-07-01,1960-08-01,ME1 BM4,4.6705
1960-07-01,1960-08-01,SMALL HiBM,4.3609
1960-07-01,1960-08-01,ME2 BM1,0.1313
1960-07-01,1960-08-01,ME2 BM2,1.6211
1960-07-01,1960-08-01,ME2 BM3,2.4425
1960-07-01,1960-08-01,ME2 BM4,4.9011
1960-07-01,1960-08-01,ME2 BM5,4.2611
1960-07-01,1960-08-01,ME3 BM1,4.7257
1960-07-01,1960-08-01,ME3 BM2,5.972
1960-07-01,1960-08-01,ME3 BM3,3.7469
1960-07-01,1960-08-01,ME3 BM4,3.9934
1960-07-01,1960-08-01,ME3 BM5,1.3344
1960-07-01,1960-08-01,ME4 BM1,1.6381
1960-07-01,1960-08-01,ME4 BM2,3.6512
1960-07-01,1960-08-01,ME4 BM3,3.7436
1960-07-01,1960-08-01,ME4 BM4,4.4043
1960-07-01,1960-08-01,ME4 BM5,0.6443
1960-07-01,1960-08-01,BIG LoBM,2.6643
1960-07-01,1960-08-01,ME5 BM2,2.8839
1960-07-01,1960-08-01,ME5 BM3,4.4779
1960-07-01,1960-08-01,ME5 BM4,4.1534
1960-07-01,1960-08-01,BIG HiBM,2.5055
1960-08-01,1960-09-01,SMALL LoBM,-15.6939
1960-08-01,1960-09-01,ME1 BM2,-7.3166
1960-08-01,1960-09-01,ME1 BM3,-3.5666
1960-08-01,1960-09-01,ME1 BM4,-4.6358
1960-08-01,1960-09-01,SMALL HiBM,-7.2489
1960-08-01,1960-09-01,ME2 BM1,-7.5854
1960-08-01,1960-09-01,ME2 BM2,-5.5433
1960-08-01,1960-09-01,ME2 BM3,-6.8197
1960-08-01,1960-09-01,ME2 BM4,-5.8329
1960-08-01,1960-09-01,ME2 BM5,-7.677
1960-08-01,1960-09-01,ME3 BM1,-7.2962
1960-08-01,1960-09-01,ME3 BM2,-5.4835
1960-08-01,1960-09-01,ME3 BM3,-4.5507
1960-08-01,1960-09-01,ME3 BM4,-6.1547
1960-08-01,1960-09-01,ME3 BM5,-5.5662
1960-08-01,1960-09-01,ME4 BM1,-5.9374
1960-08-01,1960-09-01,ME4 BM2,-4.5635
1960-08-01,1960-09-01,ME4 BM3,-5.3878
1960-08-01,1960-09-01,ME4 BM4,-5.106
1960-08-01,1960-09-01,ME4 BM5,-8.7407
1960-08-01,1960-09-01,BIG LoBM,-7.1052
1960-08-01,1960-09-01,ME5 BM2,-5.6179
1960-08-01,1960-09-01,ME5 BM3,-3.981
1960-08-01,1960-09-01,ME5 BM4,-4.9856
1960-08-01,1960-09-01,BIG HiBM,-3.7556
1960-09-01,1960-10-01,SMALL LoBM,-8.7853
1960-09-01,1960-10-01,ME1 BM2,-3.4217
1960-09-01,1960-10-01,ME1 BM3,-2.9395
1960-09-01,1960-10-01,ME1 BM4,-1.2589
1960-09-01,1960-10-01,SMALL HiBM,-3.1462
1960-09-01,1960-10-01,ME2 BM1,-7.2253
1960-09-01,1960-10-01,ME2 BM2,-3.0011
1960-09-01,1960-10-01,ME2 BM3,-2.4483
1960-09-01,1960-10-01,ME2 BM4,-3.8608
1960-09-01,1960-10-01,ME2 BM5,-0.9987
1960-09-01,1960-10-01,ME3 BM1,-3.3198
1960-09-01,1960-10-01,ME3 BM2,-2.5928
1960-09-01,1960-10-01,ME3 BM3,-2.7492
1960-09-01,1960-10-01,ME3 BM4,-2.3765
1960-09-01,1960-10-01,ME3 BM5,-3.6535
1960-09-01,1960-10-01,ME4 BM1,-2.0345
1960-09-01,1960-10-01,ME4 BM2,-2.1556
1960-09-01,1960-10-01,ME4 BM3,-1.5163
1960-09-01,1960-10-01,ME4 BM4,1.2115
1960-09-01,1960-10-01,ME4 BM5,-3.71
1960-09-01,1960-10-01,BIG LoBM,-0.6665
1960-09-01,1960-10-01,ME5 BM2,0.4137
1960-09-01,1960-10-01,ME5 BM3,0.2957
1960-09-01,1960-10-01,ME5 BM4,0.0614
1960-09-01,1960-10-01,BIG HiBM,2.2188
1960-10-01,1960-11-01,SMALL LoBM,-2.8619
1960-10-01,1960-11-01,ME1 BM2,-0.044
1960-10-01,1960-11-01,ME1 BM3,-0.7858
1960-10-01,1960-11-01,ME1 BM4,2.334
1960-10-01,1960-11-01,SMALL HiBM,1.676
1960-10-01,1960-11-01,ME2 BM1,7.0135
1960-10-01,1960-11-01,ME2 BM2,8.3645
1960-10-01,1960-11-01,ME2 BM3,4.6571
1960-10-01,1960-11-01,ME2 BM4,4.321
1960-10-01,1960-11-01,ME2 BM5,1.9847
1960-10-01,1960-11-01,ME3 BM1,7.2655
1960-10-01,1960-11-01,ME3 BM2,5.1906
1960-10-01,1960-11-01,ME3 BM3,6.6247
1960-10-01,1960-11-01,ME3 BM4,5.9326
1960-10-01,1960-11-01,ME3 BM5,4.0619
1960-10-01,1960-11-01,ME4 BM1,8.6752
1960-10-01,1960-11-01,ME4 BM2,4.5913
1960-10-01,1960-11-01,ME4 BM3,4.7717
1960-10-01,1960-11-01,ME4 BM4,4.9134
1960-10-01,1960-11-01,ME4 BM5,3.2176
1960-10-01,1960-11-01,BIG LoBM,5.2781
1960-10-01,1960-11-01,ME5 BM2,5.3201
1960-10-01,1960-11-01,ME5 BM3,3.0108
1960-10-01,1960-11-01,ME5 BM4,4.0723
1960-10-01,1960-11-01,BIG HiBM,4.5764
1960-11-01,1960-12-01,SMALL LoBM,7.8068
1960-11-01,1960-12-01,ME1 BM2,3.3095
1960-11-01,1960-12-01,ME1 BM3,2.8403
1960-11-01,1960-12-01,ME1 BM4,2.9268
1960-11-01,1960-12-01,SMALL HiBM,1.1672
1960-11-01,1960-12-01,ME2 BM1,4.3219
1960-11-01,1960-12-01,ME2 BM2,2.5167
1960-11-01,1960-12-01,ME2 BM3,3.3311
1960-11-01,1960-12-01,ME2 BM4,3.7507
1960-11-01,1960-12-01,ME2 BM5,2.5764
1960-11-01,1960-12-01,ME3 BM1,3.03
1960-11-01,1960-12-01,ME3 BM2,4.317
1960-11-01,1960-12-01,ME3 BM3,4.2547
1960-11-01,1960-12-01,ME3 BM4,3.2066
1960-11-01,1960-12-01,ME3 BM5,1.8309
1960-11-01,1960-12-01,ME4 BM1,5.9746
1960-11-01,1960-12-01,ME4 BM2,4.5689
1960-11-01,1960-12-01,ME4 BM3,5.4904
1960-11-01,1960-12-01,ME4 BM4,3.763
1960-11-01,1960-12-01,ME4 BM5,2.5685
1960-11-01,1960-12-01,BIG LoBM,3.3229
1960-11-01,1960-12-01,ME5 BM2,4.7451
1960-11-01,1960-12-01,ME5 BM3,9.0093
1960-11-01,1960-12-01,ME5 BM4,3.589
1960-11-01,1960-12-01,BIG HiBM,3.352
1960-12-01,1961-01-01,SMALL LoBM,10.4794
1960-12-01,1961-01-01,ME1 BM2,9.2595
1960-12-01,1961-01-01,ME1 BM3,8.4889
1960-12-01,1961-01-01,ME1 BM4,8.0486
1960-12-01,1961-01-01,SMALL HiBM,9.1245
1960-12-01,1961-01-01,ME2 BM1,10.612
1960-12-01,1961-01-01,ME2 BM2,5.8097
1960-12-01,1961-01-01,ME2 BM3,6.972
1960-12-01,1961-01-01,ME2 BM4,9.337
1960-12-01,1961-01-01,ME2 BM5,9.2387
1960-12-01,1961-01-01,ME3 BM1,5.9849
1960-12-01,1961-01-01,ME3 BM2,6.6128
1960-12-01,1961-01-01,ME3 BM3,8.2575
1960-12-01,1961-01-01,ME3 BM4,9.8693
1960-12-01,1961-01-01,ME3 BM5,12.8894
1960-12-01,1961-01-01,ME4 BM1,6.657
1960-12-01,1961-01-01,ME4 BM2,8.121
1960-12-01,1961-01-01,ME4 BM3,7.6699
1960-12-01,1961-01-01,ME4 BM4,9.1917
1960-12-01,1961-01-01,ME4 BM5,13.1822
1960-12-01,1961-01-01,BIG LoBM,4.2225
1960-12-01,1961-01-01,ME5 BM2,6.6732
1960-12-01,1961-01-01,ME5 BM3,7.8877
1960-12-01,1961-01-01,ME5 BM4,7.8489
1960-12-01,1961-01-01,BIG HiBM,9.9267
1961-01-01,1961-02-01,SMALL LoBM,5.4697
1961-01-01,1961-02-01,ME1 BM2,7.7714
1961-01-01,1961-02-01,ME1 BM3,5.8802
1961-01-01,1961-02-01,ME1 BM4,6.1488
1961-01-01,1961-02-01,SMALL HiBM,5.5623
1961-01-01,1961-02-01,ME2 BM1,9.1599
1961-01-01,1961-02-01,ME2 BM2,9.1071
1961-01-01,1961-02-01,ME2 BM3,5.4951
1961-01-01,1961-02-01,ME2 BM4,9.2771
1961-01-01,1961-02-01,ME2 BM5,8.1266
1961-01-01,1961-02-01,ME3 BM1,6.037
1961-01-01,1961-02-01,ME3 BM2,7.0025
1961-01-01,1961-02-01,ME3 BM3,4.8649
1961-01-01,1961-02-01,ME3 BM4,5.9529
1961-01-01,1961-02-01,ME3 BM5,5.0515
1961-01-01,1961-02-01,ME4 BM1,6.0746
1961-01-01,1961-02-01,ME4 BM2,6.1355
1961-01-01,1961-02-01,ME4 BM3,5.1976
1961-01-01,1961-02-01,ME4 BM4,4.5231
1961-01-01,1961-02-01,ME4 BM5,3.9979
1961-01-01,1961-02-01,BIG LoBM,3.7138
1961-01-01,1961-02-01,ME5 BM2,4.5546
1961-01-01,1961-02-01,ME5 BM3,0.9054
1961-01-01,1961-02-01,ME5 BM4,3.7148
1961-01-01,1961-02-01,BIG HiBM,2.3167
1961-02-01,1961-03-01,SMALL LoBM,12.4151
1961-02-01,1961-03-01,ME1 BM2,4.6741
1961-02-01,1961-03-01,ME1 BM3,7.4427
1961-02-01,1961-03-01,ME1 BM4,5.4312
1961-02-01,1961-03-01,SMALL HiBM,5.528
1961-02-01,1961-03-01,ME2 BM1,11.3103
1961-02-01,1961-03-01,ME2 BM2,9.4549
1961-02-01,1961-03-01,ME2 BM3,4.4945
1961-02-01,1961-03-01,ME2 BM4,5.6902
1961-02-01,1961-03-01,ME2 BM5,7.0409
1961-02-01,1961-03-01,ME3 BM1,5.7423
1961-02-01,1961-03-01,ME3 BM2,4.6259
1961-02-01,1961-03-01,ME3 BM3,4.1782
1961-02-01,1961-03-01,ME3 BM4,4.1839
1961-02-01,1961-03-01,ME3 BM5,5.6854
1961-02-01,1961-03-01,ME4 BM1,5.9888
1961-02-01,1961-03-01,ME4 BM2,2.5984
1961-02-01,1961-03-01,ME4 BM3,4.1857
1961-02-01,1961-03-01,ME4 BM4,6.3438
1961-02-01,1961-03-01,ME4 BM5,3.8972
1961-02-01,1961-03-01,BIG LoBM,1.8967
1961-02-01,1961-03-01,ME5 BM2,2.6774
1961-02-01,1961-03-01,ME5 BM3,4.1973
1961-02-01,1961-03-01,ME5 BM4,-0.5203
1961-02-01,1961-03-01,BIG HiBM,1.5528
1961-03-01,1961-04-01,SMALL LoBM,1.2502
1961-03-01,1961-04-01,ME1 BM2,3.2683
1961-03-01,1961-04-01,ME1 BM3,1.3865
1961-03-01,1961-04-01,ME1 BM4,2.2736
1961-03-01,1961-04-01,SMALL HiBM,1.087
1961-03-01,1961-04-01,ME2 BM1,1.2284
1961-03-01,1961-04-01,ME2 BM2,0.0542
1961-03-01,1961-04-01,ME2 BM3,0.7096
1961-03-01,1961-04-01,ME2 BM4,3.3539
1961-03-01,1961-04-01,ME2 BM5,4.3975
1961-03-01,1961-04-01,ME3 BM1,-0.7929
1961-03-01,1961-04-01,ME3 BM2,1.4913
1961-03-01,1961-04-01,ME3 BM3,-2.2154
1961-03-01,1961-04-01,ME3 BM4,0.6505
1961-03-01,1961-04-01,ME3 BM5,1.3474
1961-03-01,1961-04-01,ME4 BM1,-0.7182
1961-03-01,1961-04-01,ME4 BM2,0.8048
1961-03-01,1961-04-01,ME4 BM3,1.7017
1961-03-01,1961-04-01,ME4 BM4,-0.2244
1961-03-01,1961-04-01,ME4 BM5,-6.3781
1961-03-01,1961-04-01,BIG LoBM,-0.6453
1961-03-01,1961-04-01,ME5 BM2,-0.1566
1961-03-01,1961-04-01,ME5 BM3,2.2473
1961-03-01,1961-04-01,ME5 BM4,0.6992
1961-03-01,1961-04-01,BIG HiBM,4.9735
1961-04-01,1961-05-01,SMALL LoBM,-0.684
1961-04-01,1961-05-01,ME1 BM2,4.3616
1961-04-01,1961-05-01,ME1 BM3,2.2188
1961-04-01,1961-05-01,ME1 BM4,3.4191
1961-04-01,1961-05-01,SMALL HiBM,5.0816
1961-04-01,1961-05-01,ME2 BM1,1.3494
1961-04-01,1961-05-01,ME2 BM2,1.2559
1961-04-01,1961-05-01,ME2 BM3,7.4057
1961-04-01,1961-05-01,ME2 BM4,2.8474
1961-04-01,1961-05-01,ME2 BM5,6.0127
1961-04-01,1961-05-01,ME3 BM1,4.1833
1961-04-01,1961-05-01,ME3 BM2,4.1032
1961-04-01,1961-05-01,ME3 BM3,3.7051
1961-04-01,1961-05-01,ME3 BM4,7.1324
1961-04-01,1961-05-01,ME3 BM5,3.0394
1961-04-01,1961-05-01,ME4 BM1,3.5323
1961-04-01,1961-05-01,ME4 BM2,3.7986
1961-04-01,1961-05-01,ME4 BM3,3.1855
1961-04-01,1961-05-01,ME4 BM4,4.4204
1961-04-01,1961-05-01,ME4 BM5,6.9214
1961-04-01,1961-05-01,BIG LoBM,3.249
1961-04-01,1961-05-01,ME5 BM2,3.0923
1961-04-01,1961-05-01,ME5 BM3,0.0648
1961-04-01,1961-05-01,ME5 BM4,2.5309
1961-04-01,1961-05-01,BIG HiBM,1.434
1961-05-01,1961-06-01,SMALL LoBM,-6.0799
1961-05-01,1961-06-01,ME1 BM2,-5.5043
1961-05-01,1961-06-01,ME1 BM3,-4.4067
1961-05-01,1961-06-01,ME1 BM4,-5.7014
1961-05-01,1961-06-01,SMALL HiBM,-4.75
1961-05-01,1961-06-01,ME2 BM1,-7.5366
1961-05-01,1961-06-01,ME2 BM2,-2.8359
1961-05-01,1961-06-01,ME2 BM3,-4.1729
1961-05-01,1961-06-01,ME2 BM4,-4.9701
1961-05-01,1961-06-01,ME2 BM5,-5.8963
1961-05-01,1961-06-01,ME3 BM1,-5.5372
1961-05-01,1961-06-01,ME3 BM2,-4.9243
1961-05-01,1961-06-01,ME3 BM3,-2.966
1961-05-01,1961-06-01,ME3 BM4,-5.461
1961-05-01,1961-06-01,ME3 BM5,-4.3278
1961-05-01,1961-06-01,ME4 BM1,-4.7534
1961-05-01,1961-06-01,ME4 BM2,-3.6459
1961-05-01,1961-06-01,ME4 BM3,-2.9605
1961-05-01,1961-06-01,ME4 BM4,-0.7658
1961-05-01,1961-06-01,ME4 BM5,-2.7284
1961-05-01,1961-06-01,BIG LoBM,-1.4324
1961-05-01,1961-06-01,ME5 BM2,-4.0283
1961-05-01,1961-06-01,ME5 BM3,-3.1228
1961-05-01,1961-06-01,ME5 BM4,-4.1123
1961-05-01,1961-06-01,BIG HiBM,-2.9846
1961-06-01,1961-07-01,SMALL LoBM,2.4796
1961-06-01,1961-07-01,ME1 BM2,0.016
1961-06-01,1961-07-01,ME1 BM3,-2.9374
1961-06-01,1961-07-01,ME1 BM4,2.4264
1961-06-01,1961-07-01,SMALL HiBM,-0.6222
1961-06-01,1961-07-01,ME2 BM1,-0.154
1961-06-01,1961-07-01,ME2 BM2,-1.2171
1961-06-01,1961-07-01,ME2 BM3,0.7242
1961-06-01,1961-07-01,ME2 BM4,0.5263
1961-06-01,1961-07-01,ME2 BM5,2.1011
1961-06-01,1961-07-01,ME3 BM1,-0.3481
1961-06-01,1961-07-01,ME3 BM2,1.2739
1961-06-01,1961-07-01,ME3 BM3,2.1012
1961-06-01,1961-07-01,ME3 BM4,1.0765
1961-06-01,1961-07-01,ME3 BM5,1.8467
1961-06-01,1961-07-01,ME4 BM1,0.5729
1961-06-01,1961-07-01,ME4 BM2,2.7994
1961-06-01,1961-07-01,ME4 BM3,2.7882
1961-06-01,1961-07-01,ME4 BM4,1.0983
1961-06-01,1961-07-01,ME4 BM5,-0.0866
1961-06-01,1961-07-01,BIG LoBM,1.9372
1961-06-01,1961-07-01,ME5 BM2,5.0637
1961-06-01,1961-07-01,ME5 BM3,4.0158
1961-06-01,1961-07-01,ME5 BM4,1.0847
1961-06-01,1961-07-01,BIG HiBM,2.9109
1961-07-01,1961-08-01,SMALL LoBM,2.7397
1961-07-01,1961-08-01,ME1 BM2,1.0327
1961-07-01,1961-08-01,ME1 BM3,0.0868
1961-07-01,1961-08-01,ME1 BM4,-0.5741
1961-07-01,1961-08-01,SMALL HiBM,1.8057
1961-07-01,1961-08-01,ME2 BM1,3.5347
1961-07-01,1961-08-01,ME2 BM2,0.4266
1961-07-01,1961-08-01,ME2 BM3,1.5303
1961-07-01,1961-08-01,ME2 BM4,0.545
1961-07-01,1961-08-01,ME2 BM5,1.7396
1961-07-01,1961-08-01,ME3 BM1,-0.1471
1961-07-01,1961-08-01,ME3 BM2,1.4889
1961-07-01,1961-08-01,ME3 BM3,-0.2998
1961-07-01,1961-08-01,ME3 BM4,2.4386
1961-07-01,1961-08-01,ME3 BM5,-0.1362
1961-07-01,1961-08-01,ME4 BM1,4.9319
1961-07-01,1961-08-01,ME4 BM2,4.2322
1961-07-01,1961-08-01,ME4 BM3,3.9974
1961-07-01,1961-08-01,ME4 BM4,0.6273
1961-07-01,1961-08-01,ME4 BM5,2.8611
1961-07-01,1961-08-01,BIG LoBM,4.0834
1961-07-01,1961-08-01,ME5 BM2,2.1033
1961-07-01,1961-08-01,ME5 BM3,0.5857
1961-07-01,1961-08-01,ME5 BM4,1.6762
1961-07-01,1961-08-01,BIG HiBM,3.6973
1961-08-01,1961-09-01,SMALL LoBM,-4.5572
1961-08-01,1961-09-01,ME1 BM2,-6.0245
1961-08-01,1961-09-01,ME1 BM3,-2.8324
1961-08-01,1961-09-01,ME1 BM4,-2.6615
1961-08-01,1961-09-01,SMALL HiBM,-4.2482
1961-08-01,1961-09-01,ME2 BM1,-5.0119
1961-08-01,1961-09-01,ME2 BM2,-5.2112
1961-08-01,1961-09-01,ME2 BM3,-3.1572
1961-08-01,1961-09-01,ME2 BM4,-3.6514
1961-08-01,1961-09-01,ME2 BM5,-1.4105
1961-08-01,1961-09-01,ME3 BM1,-3.7801
1961-08-01,1961-09-01,ME3 BM2,-0.0322
1961-08-01,1961-09-01,ME3 BM3,-2.6664
1961-08-01,1961-09-01,ME3 BM4,-2.3218
1961-08-01,1961-09-01,ME3 BM5,-4.9379
1961-08-01,1961-09-01,ME4 BM1,-1.89
1961-08-01,1961-09-01,ME4 BM2,-2.6284
1961-08-01,1961-09-01,ME4 BM3,-2.6905
1961-08-01,1961-09-01,ME4 BM4,-3.9483
1961-08-01,1961-09-01,ME4 BM5,-3.7231
1961-08-01,1961-09-01,BIG LoBM,-0.7112
1961-08-01,1961-09-01,ME5 BM2,-1.8633
1961-08-01,1961-09-01,ME5 BM3,-3.5985
1961-08-01,1961-09-01,ME5 BM4,-4.7702
1961-08-01,1961-09-01,BIG HiBM,-0.2768
1961-09-01,1961-10-01,SMALL LoBM,3.256
1961-09-01,1961-10-01,ME1 BM2,6.5984
1961-09-01,1961-10-01,ME1 BM3,3.2896
1961-09-01,1961-10-01,ME1 BM4,1.9975
1961-09-01,1961-10-01,SMALL HiBM,1.1563
1961-09-01,1961-10-01,ME2 BM1,-1.4869
1961-09-01,1961-10-01,ME2 BM2,1.884
1961-09-01,1961-10-01,ME2 BM3,3.2525
1961-09-01,1961-10-01,ME2 BM4,1.0227
1961-09-01,1961-10-01,ME2 BM5,1.0277
1961-09-01,1961-10-01,ME3 BM1,2.5688
1961-09-01,1961-10-01,ME3 BM2,3.6146
1961-09-01,1961-10-01,ME3 BM3,1.7764
1961-09-01,1961-10-01,ME3 BM4,1.871
1961-09-01,1961-10-01,ME3 BM5,-0.1762
1961-09-01,1961-10-01,ME4 BM1,2.9074
1961-09-01,1961-10-01,ME4 BM2,3.4024
1961-09-01,1961-10-01,ME4 BM3,4.78
1961-09-01,1961-10-01,ME4 BM4,-1.6381
1961-09-01,1961-10-01,ME4 BM5,2.5217
1961-09-01,1961-10-01,BIG LoBM,3.4741
1961-09-01,1961-10-01,ME5 BM2,1.4023
1961-09-01,1961-10-01,ME5 BM3,3.8301
1961-09-01,1961-10-01,ME5 BM4,5.7809
1961-09-01,1961-10-01,BIG HiBM,0.7685
1961-10-01,1961-11-01,SMALL LoBM,6.2131
1961-10-01,1961-11-01,ME1 BM2,5.1245
1961-10-01,1961-11-01,ME1 BM3,6.5342
1961-10-01,1961-11-01,ME1 BM4,6.3227
1961-10-01,1961-11-01,SMALL HiBM,4.7908
1961-10-01,1961-11-01,ME2 BM1,2.9215
1961-10-01,1961-11-01,ME2 BM2,8.2215
1961-10-01,1961-11-01,ME2 BM3,5.5005
1961-10-01,1961-11-01,ME2 BM4,5.752
1961-10-01,1961-11-01,ME2 BM5,5.9438
1961-10-01,1961-11-01,ME3 BM1,8.0766
1961-10-01,1961-11-01,ME3 BM2,5.0938
1961-10-01,1961-11-01,ME3 BM3,4.1969
1961-10-01,1961-11-01,ME3 BM4,4.3933
1961-10-01,1961-11-01,ME3 BM5,2.1041
1961-10-01,1961-11-01,ME4 BM1,4.4989
1961-10-01,1961-11-01,ME4 BM2,2.3206
1961-10-01,1961-11-01,ME4 BM3,5.4696
1961-10-01,1961-11-01,ME4 BM4,3.8533
1961-10-01,1961-11-01,ME4 BM5,3.6977
1961-10-01,1961-11-01,BIG LoBM,3.2639
1961-10-01,1961-11-01,ME5 BM2,6.8042
1961-10-01,1961-11-01,ME5 BM3,4.006
1961-10-01,1961-11-01,ME5 BM4,3.2627
1961-10-01,1961-11-01,BIG HiBM,4.0598
1961-11-01,1961-12-01,SMALL LoBM,-3.1888
1961-11-01,1961-12-01,ME1 BM2,4.0619
1961-11-01,1961-12-01,ME1 BM3,-1.466
1961-11-01,1961-12-01,ME1 BM4,1.3343
1961-11-01,1961-12-01,SMALL HiBM,0.3709
1961-11-01,1961-12-01,ME2 BM1,-4.5414
1961-11-01,1961-12-01,ME2 BM2,0.1176
1961-11-01,1961-12-01,ME2 BM3,-0.2181
1961-11-01,1961-12-01,ME2 BM4,1.9905
1961-11-01,1961-12-01,ME2 BM5,-1.3769
1961-11-01,1961-12-01,ME3 BM1,-1.5655
1961-11-01,1961-12-01,ME3 BM2,-1.7264
1961-11-01,1961-12-01,ME3 BM3,0.5932
1961-11-01,1961-12-01,ME3 BM4,1.1562
1961-11-01,1961-12-01,ME3 BM5,1.857
1961-11-01,1961-12-01,ME4 BM1,-3.6675
1961-11-01,1961-12-01,ME4 BM2,-1.7244
1961-11-01,1961-12-01,ME4 BM3,-0.117
1961-11-01,1961-12-01,ME4 BM4,1.5137
1961-11-01,1961-12-01,ME4 BM5,-1.2529
1961-11-01,1961-12-01,BIG LoBM,-1.4004
1961-11-01,1961-12-01,ME5 BM2,1.0517
1961-11-01,1961-12-01,ME5 BM3,2.6605
1961-11-01,1961-12-01,ME5 BM4,2.7021
1961-11-01,1961-12-01,BIG HiBM,0.034
1961-12-01,1962-01-01,SMALL LoBM,4.045
1961-12-01,1962-01-01,ME1 BM2,-3.4595
1961-12-01,1962-01-01,ME1 BM3,1.5503
1961-12-01,1962-01-01,ME1 BM4,1.7378
1961-12-01,1962-01-01,SMALL HiBM,3.173
1961-12-01,1962-01-01,ME2 BM1,-3.376
1961-12-01,1962-01-01,ME2 BM2,-0.551
1961-12-01,1962-01-01,ME2 BM3,-0.6168
1961-12-01,1962-01-01,ME2 BM4,0.7779
1961-12-01,1962-01-01,ME2 BM5,2.6939
1961-12-01,1962-01-01,ME3 BM1,-4.6921
1961-12-01,1962-01-01,ME3 BM2,-1.0951
1961-12-01,1962-01-01,ME3 BM3,-2.2749
1961-12-01,1962-01-01,ME3 BM4,-2.5374
1961-12-01,1962-01-01,ME3 BM5,1.5675
1961-12-01,1962-01-01,ME4 BM1,-5.3759
1961-12-01,1962-01-01,ME4 BM2,-1.9835
1961-12-01,1962-01-01,ME4 BM3,-2.7361
1961-12-01,1962-01-01,ME4 BM4,1.7842
1961-12-01,1962-01-01,ME4 BM5,3.6409
1961-12-01,1962-01-01,BIG LoBM,-5.8983
1961-12-01,1962-01-01,ME5 BM2,-3.8848
1961-12-01,1962-01-01,ME5 BM3,-1.1047
1961-12-01,1962-01-01,ME5 BM4,-0.3271
1961-12-01,1962-01-01,BIG HiBM,0.06
1962-01-01,1962-02-01,SMALL LoBM,-0.3873
1962-01-01,1962-02-01,ME1 BM2,-1.1509
1962-01-01,1962-02-01,ME1 BM3,1.9116
1962-01-01,1962-02-01,ME1 BM4,1.7565
1962-01-01,1962-02-01,SMALL HiBM,1.9079
1962-01-01,1962-02-01,ME2 BM1,1.5259
1962-01-01,1962-02-01,ME2 BM2,1.0528
1962-01-01,1962-02-01,ME2 BM3,-0.1731
1962-01-01,1962-02-01,ME2 BM4,2.4455
1962-01-01,1962-02-01,ME2 BM5,1.4712
1962-01-01,1962-02-01,ME3 BM1,3.5675
1962-01-01,1962-02-01,ME3 BM2,-0.6679
1962-01-01,1962-02-01,ME3 BM3,0.9283
1962-01-01,1962-02-01,ME3 BM4,1.5412
1962-01-01,1962-02-01,ME3 BM5,1.604
1962-01-01,1962-02-01,ME4 BM1,1.373
1962-01-01,1962-02-01,ME4 BM2,1.3487
1962-01-01,1962-02-01,ME4 BM3,2.6459
1962-01-01,1962-02-01,ME4 BM4,0.7872
1962-01-01,1962-02-01,ME4 BM5,0.9645
1962-01-01,1962-02-01,BIG LoBM,1.7444
1962-01-01,1962-02-01,ME5 BM2,2.0938
1962-01-01,1962-02-01,ME5 BM3,2.988
1962-01-01,1962-02-01,ME5 BM4,3.1395
1962-01-01,1962-02-01,BIG HiBM,1.7622
1962-02-01,1962-03-01,SMALL LoBM,-0.2225
1962-02-01,1962-03-01,ME1 BM2,1.8139
1962-02-01,1962-03-01,ME1 BM3,1.7272
1962-02-01,1962-03-01,ME1 BM4,1.0861
1962-02-01,1962-03-01,SMALL HiBM,-0.0505
1962-02-01,1962-03-01,ME2 BM1,-0.1003
1962-02-01,1962-03-01,ME2 BM2,1.0889
1962-02-01,1962-03-01,ME2 BM3,-1.2539
1962-02-01,1962-03-01,ME2 BM4,-1.2198
1962-02-01,1962-03-01,ME2 BM5,-0.9604
1962-02-01,1962-03-01,ME3 BM1,0.3484
1962-02-01,1962-03-01,ME3 BM2,1.018
1962-02-01,1962-03-01,ME3 BM3,-0.5858
1962-02-01,1962-03-01,ME3 BM4,-2.1376
1962-02-01,1962-03-01,ME3 BM5,-0.6413
1962-02-01,1962-03-01,ME4 BM1,-1.5271
1962-02-01,1962-03-01,ME4 BM2,-0.9039
1962-02-01,1962-03-01,ME4 BM3,-0.5767
1962-02-01,1962-03-01,ME4 BM4,-0.3707
1962-02-01,1962-03-01,ME4 BM5,-2.4491
1962-02-01,1962-03-01,BIG LoBM,0.3219
1962-02-01,1962-03-01,ME5 BM2,-0.85
1962-02-01,1962-03-01,ME5 BM3,-0.4208
1962-02-01,1962-03-01,ME5 BM4,-1.0992
1962-02-01,1962-03-01,BIG HiBM,-3.6408
1962-03-01,1962-04-01,SMALL LoBM,-7.2747
1962-03-01,1962-04-01,ME1 BM2,-7.7201
1962-03-01,1962-04-01,ME1 BM3,-7.1729
1962-03-01,1962-04-01,ME1 BM4,-7.7742
1962-03-01,1962-04-01,SMALL HiBM,-6.7768
1962-03-01,1962-04-01,ME2 BM1,-8.2779
1962-03-01,1962-04-01,ME2 BM2,-6.8753
1962-03-01,1962-04-01,ME2 BM3,-8.3175
1962-03-01,1962-04-01,ME2 BM4,-6.4706
1962-03-01,1962-04-01,ME2 BM5,-6.2055
1962-03-01,1962-04-01,ME3 BM1,-5.1916
1962-03-01,1962-04-01,ME3 BM2,-4.0899
1962-03-01,1962-04-01,ME3 BM3,-7.1587
1962-03-01,1962-04-01,ME3 BM4,-6.0739
1962-03-01,1962-04-01,ME3 BM5,-7.3714
1962-03-01,1962-04-01,ME4 BM1,-6.8047
1962-03-01,1962-04-01,ME4 BM2,-6.4012
1962-03-01,1962-04-01,ME4 BM3,-6.9758
1962-03-01,1962-04-01,ME4 BM4,-7.8331
1962-03-01,1962-04-01,ME4 BM5,-5.5878
1962-03-01,1962-04-01,BIG LoBM,-7.9105
1962-03-01,1962-04-01,ME5 BM2,-5.0754
1962-03-01,1962-04-01,ME5 BM3,-5.443
1962-03-01,1962-04-01,ME5 BM4,-5.627
1962-03-01,1962-04-01,BIG HiBM,-5.5095
1962-04-01,1962-05-01,SMALL LoBM,-11.9196
1962-04-01,1962-05-01,ME1 BM2,-11.1442
1962-04-01,1962-05-01,ME1 BM3,-10.4303
1962-04-01,1962-05-01,ME1 BM4,-7.7104
1962-04-01,1962-05-01,SMALL HiBM,-11.1688
1962-04-01,1962-05-01,ME2 BM1,-12.2911
1962-04-01,1962-05-01,ME2 BM2,-10.8955
1962-04-01,1962-05-01,ME2 BM3,-9.2621
1962-04-01,1962-05-01,ME2 BM4,-9.4267
1962-04-01,1962-05-01,ME2 BM5,-10.9024
1962-04-01,1962-05-01,ME3 BM1,-13.035
1962-04-01,1962-05-01,ME3 BM2,-9.9072
1962-04-01,1962-05-01,ME3 BM3,-11.1629
1962-04-01,1962-05-01,ME3 BM4,-9.6163
1962-04-01,1962-05-01,ME3 BM5,-9.323
1962-04-01,1962-05-01,ME4 BM1,-13.0905
1962-04-01,1962-05-01,ME4 BM2,-9.0839
1962-04-01,1962-05-01,ME4 BM3,-8.2746
1962-04-01,1962-05-01,ME4 BM4,-5.052
1962-04-01,1962-05-01,ME4 BM5,-7.2215
1962-04-01,1962-05-01,BIG LoBM,-10.3013
1962-04-01,1962-05-01,ME5 BM2,-7.2177
1962-04-01,1962-05-01,ME5 BM3,-5.0493
1962-04-01,1962-05-01,ME5 BM4,-5.6994
1962-04-01,1962-05-01,BIG HiBM,-5.9593
1962-05-01,1962-06-01,SMALL LoBM,2.1095
1962-05-01,1962-06-01,ME1 BM2,-6.818
1962-05-01,1962-06-01,ME1 BM3,-7.6641
1962-05-01,1962-06-01,ME1 BM4,-7.4441
1962-05-01,1962-06-01,SMALL HiBM,-7.3742
1962-05-01,1962-06-01,ME2 BM1,-12.7779
1962-05-01,1962-06-01,ME2 BM2,-8.4495
1962-05-01,1962-06-01,ME2 BM3,-6.8843
1962-05-01,1962-06-01,ME2 BM4,-5.7997
1962-05-01,1962-06-01,ME2 BM5,-7.4258
1962-05-01,1962-06-01,ME3 BM1,-8.2184
1962-05-01,1962-06-01,ME3 BM2,-7.3097
1962-05-01,1962-06-01,ME3 BM3,-9.3824
1962-05-01,1962-06-01,ME3 BM4,-5.5671
1962-05-01,1962-06-01,ME3 BM5,-7.599
1962-05-01,1962-06-01,ME4 BM1,-10.612
1962-05-01,1962-06-01,ME4 BM2,-8.8208
1962-05-01,1962-06-01,ME4 BM3,-6.7105
1962-05-01,1962-06-01,ME4 BM4,-8.6546
1962-05-01,1962-06-01,ME4 BM5,-7.5717
1962-05-01,1962-06-01,BIG LoBM,-10.4823
1962-05-01,1962-06-01,ME5 BM2,-7.2735
1962-05-01,1962-06-01,ME5 BM3,-6.3929
1962-05-01,1962-06-01,ME5 BM4,-5.4381
1962-05-01,1962-06-01,BIG HiBM,-6.9371
1962-06-01,1962-07-01,SMALL LoBM,9.6254
1962-06-01,1962-07-01,ME1 BM2,9.4237
1962-06-01,1962-07-01,ME1 BM3,8.633
1962-06-01,1962-07-01,ME1 BM4,5.9702
1962-06-01,1962-07-01,SMALL HiBM,7.332
1962-06-01,1962-07-01,ME2 BM1,6.831
1962-06-01,1962-07-01,ME2 BM2,6.6281
1962-06-01,1962-07-01,ME2 BM3,7.5457
1962-06-01,1962-07-01,ME2 BM4,5.0401
1962-06-01,1962-07-01,ME2 BM5,7.9319
1962-06-01,1962-07-01,ME3 BM1,10.1795
1962-06-01,1962-07-01,ME3 BM2,3.7421
1962-06-01,1962-07-01,ME3 BM3,4.3476
1962-06-01,1962-07-01,ME3 BM4,3.7465
1962-06-01,1962-07-01,ME3 BM5,7.3756
1962-06-01,1962-07-01,ME4 BM1,7.3001
1962-06-01,1962-07-01,ME4 BM2,5.6019
1962-06-01,1962-07-01,ME4 BM3,5.2768
1962-06-01,1962-07-01,ME4 BM4,5.1356
1962-06-01,1962-07-01,ME4 BM5,4.0623
1962-06-01,1962-07-01,BIG LoBM,8.6745
1962-06-01,1962-07-01,ME5 BM2,6.471
1962-06-01,1962-07-01,ME5 BM3,4.7499
1962-06-01,1962-07-01,ME5 BM4,1.9884
1962-06-01,1962-07-01,BIG HiBM,2.8083
1962-07-01,1962-08-01,SMALL LoBM,9.561
1962-07-01,1962-08-01,ME1 BM2,2.5343
1962-07-01,1962-08-01,ME1 BM3,4.1902
1962-07-01,1962-08-01,ME1 BM4,0.8458
1962-07-01,1962-08-01,SMALL HiBM,2.9996
1962-07-01,1962-08-01,ME2 BM1,7.6967
1962-07-01,1962-08-01,ME2 BM2,1.7509
1962-07-01,1962-08-01,ME2 BM3,4.4903
1962-07-01,1962-08-01,ME2 BM4,2.7105
1962-07-01,1962-08-01,ME2 BM5,1.9537
1962-07-01,1962-08-01,ME3 BM1,3.1883
1962-07-01,1962-08-01,ME3 BM2,3.3416
1962-07-01,1962-08-01,ME3 BM3,3.789
1962-07-01,1962-08-01,ME3 BM4,2.0829
1962-07-01,1962-08-01,ME3 BM5,1.4073
1962-07-01,1962-08-01,ME4 BM1,3.1945
1962-07-01,1962-08-01,ME4 BM2,2.8143
1962-07-01,1962-08-01,ME4 BM3,1.666
1962-07-01,1962-08-01,ME4 BM4,2.8961
1962-07-01,1962-08-01,ME4 BM5,1.6311
1962-07-01,1962-08-01,BIG LoBM,2.8096
1962-07-01,1962-08-01,ME5 BM2,2.1626
1962-07-01,1962-08-01,ME5 BM3,1.1787
1962-07-01,1962-08-01,ME5 BM4,1.1265
1962-07-01,1962-08-01,BIG HiBM,3.1781
1962-08-01,1962-09-01,SMALL LoBM,-8.6006
1962-08-01,1962-09-01,ME1 BM2,-8.6874
1962-08-01,1962-09-01,ME1 BM3,-9.8677
1962-08-01,1962-09-01,ME1 BM4,-5.2275
1962-08-01,1962-09-01,SMALL HiBM,-6.3543
1962-08-01,1962-09-01,ME2 BM1,-8.2324
1962-08-01,1962-09-01,ME2 BM2,-5.7337
1962-08-01,1962-09-01,ME2 BM3,-7.5799
1962-08-01,1962-09-01,ME2 BM4,-6.328
1962-08-01,1962-09-01,ME2 BM5,-7.5491
1962-08-01,1962-09-01,ME3 BM1,-9.554
1962-08-01,1962-09-01,ME3 BM2,-5.8573
1962-08-01,1962-09-01,ME3 BM3,-4.658
1962-08-01,1962-09-01,ME3 BM4,-6.5345
1962-08-01,1962-09-01,ME3 BM5,-5.5442
1962-08-01,1962-09-01,ME4 BM1,-5.7586
1962-08-01,1962-09-01,ME4 BM2,-4.1677
1962-08-01,1962-09-01,ME4 BM3,-4.5901
1962-08-01,1962-09-01,ME4 BM4,-6.3558
1962-08-01,1962-09-01,ME4 BM5,-5.6359
1962-08-01,1962-09-01,BIG LoBM,-5.2374
1962-08-01,1962-09-01,ME5 BM2,-4.5567
1962-08-01,1962-09-01,ME5 BM3,-4.0854
1962-08-01,1962-09-01,ME5 BM4,-4.6344
1962-08-01,1962-09-01,BIG HiBM,-4.0325
1962-09-01,1962-10-01,SMALL LoBM,-10.3725
1962-09-01,1962-10-01,ME1 BM2,-7.3863
1962-09-01,1962-10-01,ME1 BM3,-3.4847
1962-09-01,1962-10-01,ME1 BM4,-5.3359
1962-09-01,1962-10-01,SMALL HiBM,-2.3451
1962-09-01,1962-10-01,ME2 BM1,-4.7857
1962-09-01,1962-10-01,ME2 BM2,-5.2983
1962-09-01,1962-10-01,ME2 BM3,-4.5998
1962-09-01,1962-10-01,ME2 BM4,-1.3105
1962-09-01,1962-10-01,ME2 BM5,-0.7789
1962-09-01,1962-10-01,ME3 BM1,-4.5233
1962-09-01,1962-10-01,ME3 BM2,-1.5626
1962-09-01,1962-10-01,ME3 BM3,0.0367
1962-09-01,1962-10-01,ME3 BM4,-1.5608
1962-09-01,1962-10-01,ME3 BM5,-1.4125
1962-09-01,1962-10-01,ME4 BM1,-3.0135
1962-09-01,1962-10-01,ME4 BM2,-0.6524
1962-09-01,1962-10-01,ME4 BM3,-0.3603
1962-09-01,1962-10-01,ME4 BM4,-1.9156
1962-09-01,1962-10-01,ME4 BM5,0.4605
1962-09-01,1962-10-01,BIG LoBM,1.2994
1962-09-01,1962-10-01,ME5 BM2,0.8604
1962-09-01,1962-10-01,ME5 BM3,0.49
1962-09-01,1962-10-01,ME5 BM4,0.5082
1962-09-01,1962-10-01,BIG HiBM,0.815
1962-10-01,1962-11-01,SMALL LoBM,14.6953
1962-10-01,1962-11-01,ME1 BM2,16.7655
1962-10-01,1962-11-01,ME1 BM3,12.1729
1962-10-01,1962-11-01,ME1 BM4,14.8977
1962-10-01,1962-11-01,SMALL HiBM,13.7187
1962-10-01,1962-11-01,ME2 BM1,14.9725
1962-10-01,1962-11-01,ME2 BM2,15.7382
1962-10-01,1962-11-01,ME2 BM3,11.1658
1962-10-01,1962-11-01,ME2 BM4,14.7095
1962-10-01,1962-11-01,ME2 BM5,16.4591
1962-10-01,1962-11-01,ME3 BM1,16.0187
1962-10-01,1962-11-01,ME3 BM2,11.9042
1962-10-01,1962-11-01,ME3 BM3,12.4399
1962-10-01,1962-11-01,ME3 BM4,14.0349
1962-10-01,1962-11-01,ME3 BM5,12.9329
1962-10-01,1962-11-01,ME4 BM1,14.3421
1962-10-01,1962-11-01,ME4 BM2,11.6523
1962-10-01,1962-11-01,ME4 BM3,11.9827
1962-10-01,1962-11-01,ME4 BM4,11.836
1962-10-01,1962-11-01,ME4 BM5,17.4961
1962-10-01,1962-11-01,BIG LoBM,10.9371
1962-10-01,1962-11-01,ME5 BM2,9.259
1962-10-01,1962-11-01,ME5 BM3,11.1831
1962-10-01,1962-11-01,ME5 BM4,11.4083
1962-10-01,1962-11-01,BIG HiBM,14.5898
1962-11-01,1962-12-01,SMALL LoBM,-3.3595
1962-11-01,1962-12-01,ME1 BM2,-4.8503
1962-11-01,1962-12-01,ME1 BM3,-0.6372
1962-11-01,1962-12-01,ME1 BM4,-2.3005
1962-11-01,1962-12-01,SMALL HiBM,-2.1875
1962-11-01,1962-12-01,ME2 BM1,-2.9217
1962-11-01,1962-12-01,ME2 BM2,-0.8783
1962-11-01,1962-12-01,ME2 BM3,-0.9711
1962-11-01,1962-12-01,ME2 BM4,-2.1044
1962-11-01,1962-12-01,ME2 BM5,-3.6348
1962-11-01,1962-12-01,ME3 BM1,-3.35
1962-11-01,1962-12-01,ME3 BM2,1.3577
1962-11-01,1962-12-01,ME3 BM3,-1.2305
1962-11-01,1962-12-01,ME3 BM4,-2.0679
1962-11-01,1962-12-01,ME3 BM5,-1.5063
1962-11-01,1962-12-01,ME4 BM1,0.3442
1962-11-01,1962-12-01,ME4 BM2,1.7617
1962-11-01,1962-12-01,ME4 BM3,0.8644
1962-11-01,1962-12-01,ME4 BM4,-0.6774
1962-11-01,1962-12-01,ME4 BM5,1.8439
1962-11-01,1962-12-01,BIG LoBM,1.4225
1962-11-01,1962-12-01,ME5 BM2,2.3992
1962-11-01,1962-12-01,ME5 BM3,2.5012
1962-11-01,1962-12-01,ME5 BM4,-0.3409
1962-11-01,1962-12-01,BIG HiBM,0.6625
1962-12-01,1963-01-01,SMALL LoBM,13.0152
1962-12-01,1963-01-01,ME1 BM2,11.4404
1962-12-01,1963-01-01,ME1 BM3,10.1911
1962-12-01,1963-01-01,ME1 BM4,10.7539
1962-12-01,1963-01-01,SMALL HiBM,11.0196
1962-12-01,1963-01-01,ME2 BM1,7.6242
1962-12-01,1963-01-01,ME2 BM2,5.7244
1962-12-01,1963-01-01,ME2 BM3,7.3924
1962-12-01,1963-01-01,ME2 BM4,8.3103
1962-12-01,1963-01-01,ME2 BM5,11.0698
1962-12-01,1963-01-01,ME3 BM1,6.1895
1962-12-01,1963-01-01,ME3 BM2,5.8484
1962-12-01,1963-01-01,ME3 BM3,4.716
1962-12-01,1963-01-01,ME3 BM4,8.8928
1962-12-01,1963-01-01,ME3 BM5,9.3784
1962-12-01,1963-01-01,ME4 BM1,5.0458
1962-12-01,1963-01-01,ME4 BM2,5.2512
1962-12-01,1963-01-01,ME4 BM3,5.9579
1962-12-01,1963-01-01,ME4 BM4,9.7425
1962-12-01,1963-01-01,ME4 BM5,6.3151
1962-12-01,1963-01-01,BIG LoBM,5.219
1962-12-01,1963-01-01,ME5 BM2,4.1916
1962-12-01,1963-01-01,ME5 BM3,3.3511
1962-12-01,1963-01-01,ME5 BM4,6.5635
1962-12-01,1963-01-01,BIG HiBM,6.4035
1963-01-01,1963-02-01,SMALL LoBM,-3.2371
1963-01-01,1963-02-01,ME1 BM2,-3.5024
1963-01-01,1963-02-01,ME1 BM3,-0.827
1963-01-01,1963-02-01,ME1 BM4,-0.6905
1963-01-01,1963-02-01,SMALL HiBM,2.5377
1963-01-01,1963-02-01,ME2 BM1,-4.0231
1963-01-01,1963-02-01,ME2 BM2,-1.8352
1963-01-01,1963-02-01,ME2 BM3,-2.3278
1963-01-01,1963-02-01,ME2 BM4,-1.6747
1963-01-01,1963-02-01,ME2 BM5,-0.2663
1963-01-01,1963-02-01,ME3 BM1,-3.6106
1963-01-01,1963-02-01,ME3 BM2,-1.5013
1963-01-01,1963-02-01,ME3 BM3,-0.7424
1963-01-01,1963-02-01,ME3 BM4,-2.5465
1963-01-01,1963-02-01,ME3 BM5,0.9648
1963-01-01,1963-02-01,ME4 BM1,-3.0539
1963-01-01,1963-02-01,ME4 BM2,-1.4046
1963-01-01,1963-02-01,ME4 BM3,-0.9892
1963-01-01,1963-02-01,ME4 BM4,-1.0264
1963-01-01,1963-02-01,ME4 BM5,-0.5901
1963-01-01,1963-02-01,BIG LoBM,-3.2332
1963-01-01,1963-02-01,ME5 BM2,-1.7329
1963-01-01,1963-02-01,ME5 BM3,-2.0126
1963-01-01,1963-02-01,ME5 BM4,-1.3809
1963-01-01,1963-02-01,BIG HiBM,-0.9535
1963-02-01,1963-03-01,SMALL LoBM,4.9786
1963-02-01,1963-03-01,ME1 BM2,-1.4704
1963-02-01,1963-03-01,ME1 BM3,-0.6196
1963-02-01,1963-03-01,ME1 BM4,1.3176
1963-02-01,1963-03-01,SMALL HiBM,2.5547
1963-02-01,1963-03-01,ME2 BM1,-0.1524
1963-02-01,1963-03-01,ME2 BM2,1.1248
1963-02-01,1963-03-01,ME2 BM3,1.2521
1963-02-01,1963-03-01,ME2 BM4,3.0453
1963-02-01,1963-03-01,ME2 BM5,1.6457
1963-02-01,1963-03-01,ME3 BM1,-0.1765
1963-02-01,1963-03-01,ME3 BM2,1.637
1963-02-01,1963-03-01,ME3 BM3,1.1934
1963-02-01,1963-03-01,ME3 BM4,3.5785
1963-02-01,1963-03-01,ME3 BM5,1.5537
1963-02-01,1963-03-01,ME4 BM1,2.1435
1963-02-01,1963-03-01,ME4 BM2,1.8115
1963-02-01,1963-03-01,ME4 BM3,2.6368
1963-02-01,1963-03-01,ME4 BM4,3.6973
1963-02-01,1963-03-01,ME4 BM5,3.7315
1963-02-01,1963-03-01,BIG LoBM,3.6701
1963-02-01,1963-03-01,ME5 BM2,3.0132
1963-02-01,1963-03-01,ME5 BM3,4.4216
1963-02-01,1963-03-01,ME5 BM4,4.7314
1963-02-01,1963-03-01,BIG HiBM,5.6325
1963-03-01,1963-04-01,SMALL LoBM,4.7964
1963-03-01,1963-04-01,ME1 BM2,1.5002
1963-03-01,1963-04-01,ME1 BM3,2.1736
1963-03-01,1963-04-01,ME1 BM4,3.251
1963-03-01,1963-04-01,SMALL HiBM,2.8403
1963-03-01,1963-04-01,ME2 BM1,2.334
1963-03-01,1963-04-01,ME2 BM2,5.2191
1963-03-01,1963-04-01,ME2 BM3,1.0605
1963-03-01,1963-04-01,ME2 BM4,4.333
1963-03-01,1963-04-01,ME2 BM5,6.2809
1963-03-01,1963-04-01,ME3 BM1,3.7704
1963-03-01,1963-04-01,ME3 BM2,3.7297
1963-03-01,1963-04-01,ME3 BM3,2.8224
1963-03-01,1963-04-01,ME3 BM4,3.262
1963-03-01,1963-04-01,ME3 BM5,4.969
1963-03-01,1963-04-01,ME4 BM1,3.9347
1963-03-01,1963-04-01,ME4 BM2,3.325
1963-03-01,1963-04-01,ME4 BM3,5.1712
1963-03-01,1963-04-01,ME4 BM4,7.3274
1963-03-01,1963-04-01,ME4 BM5,4.4496
1963-03-01,1963-04-01,BIG LoBM,4.8688
1963-03-01,1963-04-01,ME5 BM2,4.1318
1963-03-01,1963-04-01,ME5 BM3,5.9964
1963-03-01,1963-04-01,ME5 BM4,4.0817
1963-03-01,1963-04-01,BIG HiBM,8.0043
1963-04-01,1963-05-01,SMALL LoBM,3.389
1963-04-01,1963-05-01,ME1 BM2,1.6902
1963-04-01,1963-05-01,ME1 BM3,3.1863
1963-04-01,1963-05-01,ME1 BM4,3.7437
1963-04-01,1963-05-01,SMALL HiBM,7.4758
1963-04-01,1963-05-01,ME2 BM1,2.0933
1963-04-01,1963-05-01,ME2 BM2,2.8257
1963-04-01,1963-05-01,ME2 BM3,0.7459
1963-04-01,1963-05-01,ME2 BM4,5.0012
1963-04-01,1963-05-01,ME2 BM5,4.9004
1963-04-01,1963-05-01,ME3 BM1,2.339
1963-04-01,1963-05-01,ME3 BM2,2.1327
1963-04-01,1963-05-01,ME3 BM3,2.497
1963-04-01,1963-05-01,ME3 BM4,5.171
1963-04-01,1963-05-01,ME3 BM5,5.8997
1963-04-01,1963-05-01,ME4 BM1,1.6207
1963-04-01,1963-05-01,ME4 BM2,1.7291
1963-04-01,1963-05-01,ME4 BM3,1.7452
1963-04-01,1963-05-01,ME4 BM4,4.2812
1963-04-01,1963-05-01,ME4 BM5,3.6913
1963-04-01,1963-05-01,BIG LoBM,3.1937
1963-04-01,1963-05-01,ME5 BM2,-0.3577
1963-04-01,1963-05-01,ME5 BM3,1.9062
1963-04-01,1963-05-01,ME5 BM4,2.3181
1963-04-01,1963-05-01,BIG HiBM,4.3217
1963-05-01,1963-06-01,SMALL LoBM,3.7773
1963-05-01,1963-06-01,ME1 BM2,-1.1789
1963-05-01,1963-06-01,ME1 BM3,-1.5049
1963-05-01,1963-06-01,ME1 BM4,-2.5419
1963-05-01,1963-06-01,SMALL HiBM,-0.8731
1963-05-01,1963-06-01,ME2 BM1,-0.0161
1963-05-01,1963-06-01,ME2 BM2,-1.6655
1963-05-01,1963-06-01,ME2 BM3,-1.8727
1963-05-01,1963-06-01,ME2 BM4,-1.9466
1963-05-01,1963-06-01,ME2 BM5,-2.0696
1963-05-01,1963-06-01,ME3 BM1,-1.2152
1963-05-01,1963-06-01,ME3 BM2,-0.7883
1963-05-01,1963-06-01,ME3 BM3,-2.1968
1963-05-01,1963-06-01,ME3 BM4,-2.9017
1963-05-01,1963-06-01,ME3 BM5,-0.9335
1963-05-01,1963-06-01,ME4 BM1,-1.3807
1963-05-01,1963-06-01,ME4 BM2,-1.3464
1963-05-01,1963-06-01,ME4 BM3,-2.5733
1963-05-01,1963-06-01,ME4 BM4,-2.8212
1963-05-01,1963-06-01,ME4 BM5,1.2615
1963-05-01,1963-06-01,BIG LoBM,-3.2082
1963-05-01,1963-06-01,ME5 BM2,-0.9898
1963-05-01,1963-06-01,ME5 BM3,-0.6741
1963-05-01,1963-06-01,ME5 BM4,-2.0554
1963-05-01,1963-06-01,BIG HiBM,0.3622
1963-06-01,1963-07-01,SMALL LoBM,1.1287
1963-06-01,1963-07-01,ME1 BM2,-0.3632
1963-06-01,1963-07-01,ME1 BM3,0.7223
1963-06-01,1963-07-01,ME1 BM4,-0.0413
1963-06-01,1963-07-01,SMALL HiBM,-1.2447
1963-06-01,1963-07-01,ME2 BM1,-1.8076
1963-06-01,1963-07-01,ME2 BM2,0.1929
1963-06-01,1963-07-01,ME2 BM3,-1.0149
1963-06-01,1963-07-01,ME2 BM4,-1.9749
1963-06-01,1963-07-01,ME2 BM5,-1.188
1963-06-01,1963-07-01,ME3 BM1,-2.3527
1963-06-01,1963-07-01,ME3 BM2,-1.3247
1963-06-01,1963-07-01,ME3 BM3,-0.7383
1963-06-01,1963-07-01,ME3 BM4,-2.1329
1963-06-01,1963-07-01,ME3 BM5,-1.7526
1963-06-01,1963-07-01,ME4 BM1,-0.9115
1963-06-01,1963-07-01,ME4 BM2,-1.7733
1963-06-01,1963-07-01,ME4 BM3,-1.9168
1963-06-01,1963-07-01,ME4 BM4,-1.5745
1963-06-01,1963-07-01,ME4 BM5,-1.8574
1963-06-01,1963-07-01,BIG LoBM,0.1391
1963-06-01,1963-07-01,ME5 BM2,0.4839
1963-06-01,1963-07-01,ME5 BM3,1.136
1963-06-01,1963-07-01,ME5 BM4,-0.4285
1963-06-01,1963-07-01,BIG HiBM,-1.1045
1963-07-01,1963-08-01,SMALL LoBM,4.2396
1963-07-01,1963-08-01,ME1 BM2,1.373
1963-07-01,1963-08-01,ME1 BM3,1.4917
1963-07-01,1963-08-01,ME1 BM4,2.5068
1963-07-01,1963-08-01,SMALL HiBM,4.6644
1963-07-01,1963-08-01,ME2 BM1,5.5703
1963-07-01,1963-08-01,ME2 BM2,4.522
1963-07-01,1963-08-01,ME2 BM3,4.445
1963-07-01,1963-08-01,ME2 BM4,4.4662
1963-07-01,1963-08-01,ME2 BM5,8.2451
1963-07-01,1963-08-01,ME3 BM1,5.0879
1963-07-01,1963-08-01,ME3 BM2,5.3055
1963-07-01,1963-08-01,ME3 BM3,5.3831
1963-07-01,1963-08-01,ME3 BM4,4.8413
1963-07-01,1963-08-01,ME3 BM5,5.1562
1963-07-01,1963-08-01,ME4 BM1,5.5754
1963-07-01,1963-08-01,ME4 BM2,4.7469
1963-07-01,1963-08-01,ME4 BM3,6.2516
1963-07-01,1963-08-01,ME4 BM4,7.6941
1963-07-01,1963-08-01,ME4 BM5,5.3456
1963-07-01,1963-08-01,BIG LoBM,5.7823
1963-07-01,1963-08-01,ME5 BM2,4.2633
1963-07-01,1963-08-01,ME5 BM3,4.6341
1963-07-01,1963-08-01,ME5 BM4,8.1704
1963-07-01,1963-08-01,BIG HiBM,6.3984
1963-08-01,1963-09-01,SMALL LoBM,-1.7343
1963-08-01,1963-09-01,ME1 BM2,0.6204
1963-08-01,1963-09-01,ME1 BM3,-1.0007
1963-08-01,1963-09-01,ME1 BM4,-1.5215
1963-08-01,1963-09-01,SMALL HiBM,-0.3584
1963-08-01,1963-09-01,ME2 BM1,-4.0525
1963-08-01,1963-09-01,ME2 BM2,-1.5072
1963-08-01,1963-09-01,ME2 BM3,-0.8638
1963-08-01,1963-09-01,ME2 BM4,-1.4935
1963-08-01,1963-09-01,ME2 BM5,-2.9243
1963-08-01,1963-09-01,ME3 BM1,-4.3315
1963-08-01,1963-09-01,ME3 BM2,-1.799
1963-08-01,1963-09-01,ME3 BM3,-0.3303
1963-08-01,1963-09-01,ME3 BM4,-0.9741
1963-08-01,1963-09-01,ME3 BM5,-1.8327
1963-08-01,1963-09-01,ME4 BM1,-2.6644
1963-08-01,1963-09-01,ME4 BM2,-2.1463
1963-08-01,1963-09-01,ME4 BM3,-1.7882
1963-08-01,1963-09-01,ME4 BM4,-3.9641
1963-08-01,1963-09-01,ME4 BM5,-2.0002
1963-08-01,1963-09-01,BIG LoBM,-1.3752
1963-08-01,1963-09-01,ME5 BM2,-0.8081
1963-08-01,1963-09-01,ME5 BM3,-0.8497
1963-08-01,1963-09-01,ME5 BM4,-0.1912
1963-08-01,1963-09-01,BIG HiBM,-3.5033
1963-09-01,1963-10-01,SMALL LoBM,0.3778
1963-09-01,1963-10-01,ME1 BM2,-0.7329
1963-09-01,1963-10-01,ME1 BM3,1.3066
1963-09-01,1963-10-01,ME1 BM4,0.1904
1963-09-01,1963-10-01,SMALL HiBM,2.3711
1963-09-01,1963-10-01,ME2 BM1,1.1926
1963-09-01,1963-10-01,ME2 BM2,4.2411
1963-09-01,1963-10-01,ME2 BM3,2.3526
1963-09-01,1963-10-01,ME2 BM4,2.3058
1963-09-01,1963-10-01,ME2 BM5,3.9314
1963-09-01,1963-10-01,ME3 BM1,2.3951
1963-09-01,1963-10-01,ME3 BM2,0.423
1963-09-01,1963-10-01,ME3 BM3,2.7461
1963-09-01,1963-10-01,ME3 BM4,2.5239
1963-09-01,1963-10-01,ME3 BM5,1.0696
1963-09-01,1963-10-01,ME4 BM1,-0.2415
1963-09-01,1963-10-01,ME4 BM2,0.699
1963-09-01,1963-10-01,ME4 BM3,2.5214
1963-09-01,1963-10-01,ME4 BM4,4.8524
1963-09-01,1963-10-01,ME4 BM5,0.6138
1963-09-01,1963-10-01,BIG LoBM,5.3261
1963-09-01,1963-10-01,ME5 BM2,1.742
1963-09-01,1963-10-01,ME5 BM3,-0.3354
1963-09-01,1963-10-01,ME5 BM4,2.4176
1963-09-01,1963-10-01,BIG HiBM,0.4702
1963-10-01,1963-11-01,SMALL LoBM,-3.3319
1963-10-01,1963-11-01,ME1 BM2,-3.8436
1963-10-01,1963-11-01,ME1 BM3,-1.7893
1963-10-01,1963-11-01,ME1 BM4,-1.0535
1963-10-01,1963-11-01,SMALL HiBM,-1.1077
1963-10-01,1963-11-01,ME2 BM1,-4.2596
1963-10-01,1963-11-01,ME2 BM2,-1.7484
1963-10-01,1963-11-01,ME2 BM3,-0.7845
1963-10-01,1963-11-01,ME2 BM4,-0.0554
1963-10-01,1963-11-01,ME2 BM5,-0.115
1963-10-01,1963-11-01,ME3 BM1,-2.9957
1963-10-01,1963-11-01,ME3 BM2,-1.3781
1963-10-01,1963-11-01,ME3 BM3,-1.0492
1963-10-01,1963-11-01,ME3 BM4,-0.8066
1963-10-01,1963-11-01,ME3 BM5,-1.2163
1963-10-01,1963-11-01,ME4 BM1,-0.9083
1963-10-01,1963-11-01,ME4 BM2,-0.6311
1963-10-01,1963-11-01,ME4 BM3,-0.7516
1963-10-01,1963-11-01,ME4 BM4,1.3596
1963-10-01,1963-11-01,ME4 BM5,3.5407
1963-10-01,1963-11-01,BIG LoBM,-1.2669
1963-10-01,1963-11-01,ME5 BM2,1.008
1963-10-01,1963-11-01,ME5 BM3,-1.6914
1963-10-01,1963-11-01,ME5 BM4,-2.1316
1963-10-01,1963-11-01,BIG HiBM,1.3496
1963-11-01,1963-12-01,SMALL LoBM,-2.3435
1963-11-01,1963-12-01,ME1 BM2,-0.9565
1963-11-01,1963-12-01,ME1 BM3,-0.9366
1963-11-01,1963-12-01,ME1 BM4,-1.6555
1963-11-01,1963-12-01,SMALL HiBM,-0.9997
1963-11-01,1963-12-01,ME2 BM1,-0.8693
1963-11-01,1963-12-01,ME2 BM2,-0.7582
1963-11-01,1963-12-01,ME2 BM3,1.0284
1963-11-01,1963-12-01,ME2 BM4,0.8358
1963-11-01,1963-12-01,ME2 BM5,0.113
1963-11-01,1963-12-01,ME3 BM1,0.2946
1963-11-01,1963-12-01,ME3 BM2,1.6992
1963-11-01,1963-12-01,ME3 BM3,1.3412
1963-11-01,1963-12-01,ME3 BM4,1.5966
1963-11-01,1963-12-01,ME3 BM5,0.4638
1963-11-01,1963-12-01,ME4 BM1,-0.1562
1963-11-01,1963-12-01,ME4 BM2,1.2207
1963-11-01,1963-12-01,ME4 BM3,1.7398
1963-11-01,1963-12-01,ME4 BM4,3.2888
1963-11-01,1963-12-01,ME4 BM5,6.1681
1963-11-01,1963-12-01,BIG LoBM,2.6568
1963-11-01,1963-12-01,ME5 BM2,2.3223
1963-11-01,1963-12-01,ME5 BM3,2.1885
1963-11-01,1963-12-01,ME5 BM4,2.5147
1963-11-01,1963-12-01,BIG HiBM,2.1354
1963-12-01,1964-01-01,SMALL LoBM,3.8925
1963-12-01,1964-01-01,ME1 BM2,2.8728
1963-12-01,1964-01-01,ME1 BM3,4.222
1963-12-01,1964-01-01,ME1 BM4,4.0493
1963-12-01,1964-01-01,SMALL HiBM,4.9503
1963-12-01,1964-01-01,ME2 BM1,-2.029
1963-12-01,1964-01-01,ME2 BM2,-0.4915
1963-12-01,1964-01-01,ME2 BM3,3.6368
1963-12-01,1964-01-01,ME2 BM4,1.5616
1963-12-01,1964-01-01,ME2 BM5,4.1813
1963-12-01,1964-01-01,ME3 BM1,0.0993
1963-12-01,1964-01-01,ME3 BM2,0.5507
1963-12-01,1964-01-01,ME3 BM3,2.7314
1963-12-01,1964-01-01,ME3 BM4,3.8647
1963-12-01,1964-01-01,ME3 BM5,3.2166
1963-12-01,1964-01-01,ME4 BM1,-0.4314
1963-12-01,1964-01-01,ME4 BM2,1.8531
1963-12-01,1964-01-01,ME4 BM3,1.2448
1963-12-01,1964-01-01,ME4 BM4,3.6021
1963-12-01,1964-01-01,ME4 BM5,3.3329
1963-12-01,1964-01-01,BIG LoBM,3.0631
1963-12-01,1964-01-01,ME5 BM2,3.1961
1963-12-01,1964-01-01,ME5 BM3,1.6725
1963-12-01,1964-01-01,ME5 BM4,2.0134
1963-12-01,1964-01-01,BIG HiBM,1.6236
1964-01-01,1964-02-01,SMALL LoBM,2.8826
1964-01-01,1964-02-01,ME1 BM2,2.819
1964-01-01,1964-02-01,ME1 BM3,2.3024
1964-01-01,1964-02-01,ME1 BM4,0.3336
1964-01-01,1964-02-01,SMALL HiBM,4.4744
1964-01-01,1964-02-01,ME2 BM1,1.6198
1964-01-01,1964-02-01,ME2 BM2,1.7294
1964-01-01,1964-02-01,ME2 BM3,2.6131
1964-01-01,1964-02-01,ME2 BM4,2.1453
1964-01-01,1964-02-01,ME2 BM5,6.1043
1964-01-01,1964-02-01,ME3 BM1,0.1236
1964-01-01,1964-02-01,ME3 BM2,3.026
1964-01-01,1964-02-01,ME3 BM3,1.6322
1964-01-01,1964-02-01,ME3 BM4,3.7531
1964-01-01,1964-02-01,ME3 BM5,4.014
1964-01-01,1964-02-01,ME4 BM1,2.5943
1964-01-01,1964-02-01,ME4 BM2,1.5619
1964-01-01,1964-02-01,ME4 BM3,2.8444
1964-01-01,1964-02-01,ME4 BM4,7.2047
1964-01-01,1964-02-01,ME4 BM5,4.6121
1964-01-01,1964-02-01,BIG LoBM,1.8271
1964-01-01,1964-02-01,ME5 BM2,0.5232
1964-01-01,1964-02-01,ME5 BM3,1.0194
1964-01-01,1964-02-01,ME5 BM4,3.9989
1964-01-01,1964-02-01,BIG HiBM,3.7567
1964-02-01,1964-03-01,SMALL LoBM,0.4753
1964-02-01,1964-03-01,ME1 BM2,1.4861
1964-02-01,1964-03-01,ME1 BM3,2.0712
1964-02-01,1964-03-01,ME1 BM4,3.7018
1964-02-01,1964-03-01,SMALL HiBM,2.5228
1964-02-01,1964-03-01,ME2 BM1,2.3518
1964-02-01,1964-03-01,ME2 BM2,3.2064
1964-02-01,1964-03-01,ME2 BM3,3.3567
1964-02-01,1964-03-01,ME2 BM4,5.6606
1964-02-01,1964-03-01,ME2 BM5,6.1622
1964-02-01,1964-03-01,ME3 BM1,-0.8109
1964-02-01,1964-03-01,ME3 BM2,2.9838
1964-02-01,1964-03-01,ME3 BM3,4.3441
1964-02-01,1964-03-01,ME3 BM4,5.5647
1964-02-01,1964-03-01,ME3 BM5,6.7719
1964-02-01,1964-03-01,ME4 BM1,1.775
1964-02-01,1964-03-01,ME4 BM2,2.9767
1964-02-01,1964-03-01,ME4 BM3,5.2497
1964-02-01,1964-03-01,ME4 BM4,7.1287
1964-02-01,1964-03-01,ME4 BM5,0.7247
1964-02-01,1964-03-01,BIG LoBM,1.1575
1964-02-01,1964-03-01,ME5 BM2,0.7635
1964-02-01,1964-03-01,ME5 BM3,3.6237
1964-02-01,1964-03-01,ME5 BM4,3.8382
1964-02-01,1964-03-01,BIG HiBM,0.1491
1964-03-01,1964-04-01,SMALL LoBM,-1.5767
1964-03-01,1964-04-01,ME1 BM2,2.6118
1964-03-01,1964-04-01,ME1 BM3,-0.4566
1964-03-01,1964-04-01,ME1 BM4,-0.9186
1964-03-01,1964-04-01,SMALL HiBM,-0.753
1964-03-01,1964-04-01,ME2 BM1,-0.9122
1964-03-01,1964-04-01,ME2 BM2,-3.8847
1964-03-01,1964-04-01,ME2 BM3,0.757
1964-03-01,1964-04-01,ME2 BM4,-1.6687
1964-03-01,1964-04-01,ME2 BM5,-0.6575
1964-03-01,1964-04-01,ME3 BM1,-2.0805
1964-03-01,1964-04-01,ME3 BM2,-1.2453
1964-03-01,1964-04-01,ME3 BM3,0.2874
1964-03-01,1964-04-01,ME3 BM4,-0.7634
1964-03-01,1964-04-01,ME3 BM5,-1.0248
1964-03-01,1964-04-01,ME4 BM1,-2.7045
1964-03-01,1964-04-01,ME4 BM2,0.3434
1964-03-01,1964-04-01,ME4 BM3,1.9784
1964-03-01,1964-04-01,ME4 BM4,-2.6384
1964-03-01,1964-04-01,ME4 BM5,-2.2805
1964-03-01,1964-04-01,BIG LoBM,0.2272
1964-03-01,1964-04-01,ME5 BM2,1.4745
1964-03-01,1964-04-01,ME5 BM3,0.8082
1964-03-01,1964-04-01,ME5 BM4,-0.9054
1964-03-01,1964-04-01,BIG HiBM,2.4147
1964-04-01,1964-05-01,SMALL LoBM,-1.239
1964-04-01,1964-05-01,ME1 BM2,-1.2253
1964-04-01,1964-05-01,ME1 BM3,0.425
1964-04-01,1964-05-01,ME1 BM4,0.4818
1964-04-01,1964-05-01,SMALL HiBM,1.358
1964-04-01,1964-05-01,ME2 BM1,3.1443
1964-04-01,1964-05-01,ME2 BM2,0.4096
1964-04-01,1964-05-01,ME2 BM3,2.9789
1964-04-01,1964-05-01,ME2 BM4,1.8462
1964-04-01,1964-05-01,ME2 BM5,3.7408
1964-04-01,1964-05-01,ME3 BM1,-0.4707
1964-04-01,1964-05-01,ME3 BM2,1.6949
1964-04-01,1964-05-01,ME3 BM3,-0.254
1964-04-01,1964-05-01,ME3 BM4,1.9709
1964-04-01,1964-05-01,ME3 BM5,2.4943
1964-04-01,1964-05-01,ME4 BM1,1.1914
1964-04-01,1964-05-01,ME4 BM2,2.2992
1964-04-01,1964-05-01,ME4 BM3,1.3559
1964-04-01,1964-05-01,ME4 BM4,1.3281
1964-04-01,1964-05-01,ME4 BM5,4.099
1964-04-01,1964-05-01,BIG LoBM,2.0599
1964-04-01,1964-05-01,ME5 BM2,0.3304
1964-04-01,1964-05-01,ME5 BM3,1.1776
1964-04-01,1964-05-01,ME5 BM4,4.2859
1964-04-01,1964-05-01,BIG HiBM,3.3968
1964-05-01,1964-06-01,SMALL LoBM,1.9444
1964-05-01,1964-06-01,ME1 BM2,0.4278
1964-05-01,1964-06-01,ME1 BM3,1.2084
1964-05-01,1964-06-01,ME1 BM4,0.8025
1964-05-01,1964-06-01,SMALL HiBM,1.1335
1964-05-01,1964-06-01,ME2 BM1,0.8851
1964-05-01,1964-06-01,ME2 BM2,1.6658
1964-05-01,1964-06-01,ME2 BM3,1.8667
1964-05-01,1964-06-01,ME2 BM4,1.1354
1964-05-01,1964-06-01,ME2 BM5,2.2155
1964-05-01,1964-06-01,ME3 BM1,0.8905
1964-05-01,1964-06-01,ME3 BM2,2.1595
1964-05-01,1964-06-01,ME3 BM3,2.2361
1964-05-01,1964-06-01,ME3 BM4,2.5761
1964-05-01,1964-06-01,ME3 BM5,1.2487
1964-05-01,1964-06-01,ME4 BM1,1.0927
1964-05-01,1964-06-01,ME4 BM2,1.4771
1964-05-01,1964-06-01,ME4 BM3,1.1035
1964-05-01,1964-06-01,ME4 BM4,2.4965
1964-05-01,1964-06-01,ME4 BM5,3.1119
1964-05-01,1964-06-01,BIG LoBM,0.9744
1964-05-01,1964-06-01,ME5 BM2,2.8644
1964-05-01,1964-06-01,ME5 BM3,0.4437
1964-05-01,1964-06-01,ME5 BM4,1.3682
1964-05-01,1964-06-01,BIG HiBM,2.4217
1964-06-01,1964-07-01,SMALL LoBM,1.1367
1964-06-01,1964-07-01,ME1 BM2,3.6022
1964-06-01,1964-07-01,ME1 BM3,4.1156
1964-06-01,1964-07-01,ME1 BM4,2.5984
1964-06-01,1964-07-01,SMALL HiBM,4.731
1964-06-01,1964-07-01,ME2 BM1,0.8709
1964-06-01,1964-07-01,ME2 BM2,2.0631
1964-06-01,1964-07-01,ME2 BM3,3.9801
1964-06-01,1964-07-01,ME2 BM4,2.8795
1964-06-01,1964-07-01,ME2 BM5,2.4535
1964-06-01,1964-07-01,ME3 BM1,2.8097
1964-06-01,1964-07-01,ME3 BM2,2.6283
1964-06-01,1964-07-01,ME3 BM3,3.0991
1964-06-01,1964-07-01,ME3 BM4,3.1914
1964-06-01,1964-07-01,ME3 BM5,1.2372
1964-06-01,1964-07-01,ME4 BM1,1.5586
1964-06-01,1964-07-01,ME4 BM2,3.3062
1964-06-01,1964-07-01,ME4 BM3,1.6201
1964-06-01,1964-07-01,ME4 BM4,1.7744
1964-06-01,1964-07-01,ME4 BM5,3.5825
1964-06-01,1964-07-01,BIG LoBM,2.5598
1964-06-01,1964-07-01,ME5 BM2,0.6934
1964-06-01,1964-07-01,ME5 BM3,3.8954
1964-06-01,1964-07-01,ME5 BM4,1.8783
1964-06-01,1964-07-01,BIG HiBM,0.9931
1964-07-01,1964-08-01,SMALL LoBM,1.6973
1964-07-01,1964-08-01,ME1 BM2,-2.5518
1964-07-01,1964-08-01,ME1 BM3,-1.7484
1964-07-01,1964-08-01,ME1 BM4,-0.8049
1964-07-01,1964-08-01,SMALL HiBM,-0.4831
1964-07-01,1964-08-01,ME2 BM1,-1.8159
1964-07-01,1964-08-01,ME2 BM2,-2.2378
1964-07-01,1964-08-01,ME2 BM3,-1.2322
1964-07-01,1964-08-01,ME2 BM4,0.3431
1964-07-01,1964-08-01,ME2 BM5,-1.866
1964-07-01,1964-08-01,ME3 BM1,-2.7851
1964-07-01,1964-08-01,ME3 BM2,-0.425
1964-07-01,1964-08-01,ME3 BM3,0.1867
1964-07-01,1964-08-01,ME3 BM4,-0.1132
1964-07-01,1964-08-01,ME3 BM5,-2.2609
1964-07-01,1964-08-01,ME4 BM1,-1.0822
1964-07-01,1964-08-01,ME4 BM2,0.1083
1964-07-01,1964-08-01,ME4 BM3,0.9632
1964-07-01,1964-08-01,ME4 BM4,-0.0139
1964-07-01,1964-08-01,ME4 BM5,-1.1736
1964-07-01,1964-08-01,BIG LoBM,-1.2739
1964-07-01,1964-08-01,ME5 BM2,-1.5604
1964-07-01,1964-08-01,ME5 BM3,-0.0792
1964-07-01,1964-08-01,ME5 BM4,-0.8964
1964-07-01,1964-08-01,BIG HiBM,-2.903
1964-08-01,1964-09-01,SMALL LoBM,5.4362
1964-08-01,1964-09-01,ME1 BM2,2.9791
1964-08-01,1964-09-01,ME1 BM3,6.2309
1964-08-01,1964-09-01,ME1 BM4,2.768
1964-08-01,1964-09-01,SMALL HiBM,3.9217
1964-08-01,1964-09-01,ME2 BM1,3.3507
1964-08-01,1964-09-01,ME2 BM2,2.7652
1964-08-01,1964-09-01,ME2 BM3,2.2302
1964-08-01,1964-09-01,ME2 BM4,2.1863
1964-08-01,1964-09-01,ME2 BM5,4.7087
1964-08-01,1964-09-01,ME3 BM1,1.7622
1964-08-01,1964-09-01,ME3 BM2,2.0533
1964-08-01,1964-09-01,ME3 BM3,3.431
1964-08-01,1964-09-01,ME3 BM4,3.0761
1964-08-01,1964-09-01,ME3 BM5,3.7501
1964-08-01,1964-09-01,ME4 BM1,3.13
1964-08-01,1964-09-01,ME4 BM2,3.3262
1964-08-01,1964-09-01,ME4 BM3,4.1421
1964-08-01,1964-09-01,ME4 BM4,4.6636
1964-08-01,1964-09-01,ME4 BM5,4.2656
1964-08-01,1964-09-01,BIG LoBM,3.0865
1964-08-01,1964-09-01,ME5 BM2,1.347
1964-08-01,1964-09-01,ME5 BM3,4.283
1964-08-01,1964-09-01,ME5 BM4,4.5121
1964-08-01,1964-09-01,BIG HiBM,6.8538
1964-09-01,1964-10-01,SMALL LoBM,1.8991
1964-09-01,1964-10-01,ME1 BM2,0.0905
1964-09-01,1964-10-01,ME1 BM3,5.1491
1964-09-01,1964-10-01,ME1 BM4,1.9336
1964-09-01,1964-10-01,SMALL HiBM,3.3329
1964-09-01,1964-10-01,ME2 BM1,-1.3436
1964-09-01,1964-10-01,ME2 BM2,1.21
1964-09-01,1964-10-01,ME2 BM3,2.6037
1964-09-01,1964-10-01,ME2 BM4,1.2235
1964-09-01,1964-10-01,ME2 BM5,1.3573
1964-09-01,1964-10-01,ME3 BM1,3.2119
1964-09-01,1964-10-01,ME3 BM2,3.489
1964-09-01,1964-10-01,ME3 BM3,1.9459
1964-09-01,1964-10-01,ME3 BM4,1.1581
1964-09-01,1964-10-01,ME3 BM5,2.7149
1964-09-01,1964-10-01,ME4 BM1,0.9305
1964-09-01,1964-10-01,ME4 BM2,1.2955
1964-09-01,1964-10-01,ME4 BM3,1.2825
1964-09-01,1964-10-01,ME4 BM4,3.2659
1964-09-01,1964-10-01,ME4 BM5,3.7565
1964-09-01,1964-10-01,BIG LoBM,0.3221
1964-09-01,1964-10-01,ME5 BM2,1.0902
1964-09-01,1964-10-01,ME5 BM3,0.5699
1964-09-01,1964-10-01,ME5 BM4,0.5297
1964-09-01,1964-10-01,BIG HiBM,3.2922
1964-10-01,1964-11-01,SMALL LoBM,-0.3007
1964-10-01,1964-11-01,ME1 BM2,-0.1509
1964-10-01,1964-11-01,ME1 BM3,0.8917
1964-10-01,1964-11-01,ME1 BM4,0.6823
1964-10-01,1964-11-01,SMALL HiBM,0.5298
1964-10-01,1964-11-01,ME2 BM1,-0.967
1964-10-01,1964-11-01,ME2 BM2,0.1674
1964-10-01,1964-11-01,ME2 BM3,-0.1973
1964-10-01,1964-11-01,ME2 BM4,-0.6529
1964-10-01,1964-11-01,ME2 BM5,-1.767
1964-10-01,1964-11-01,ME3 BM1,1.6126
1964-10-01,1964-11-01,ME3 BM2,0.6029
1964-10-01,1964-11-01,ME3 BM3,0.1006
1964-10-01,1964-11-01,ME3 BM4,0.4017
1964-10-01,1964-11-01,ME3 BM5,-0.0585
1964-10-01,1964-11-01,ME4 BM1,0.6553
1964-10-01,1964-11-01,ME4 BM2,1.6438
1964-10-01,1964-11-01,ME4 BM3,-1.0152
1964-10-01,1964-11-01,ME4 BM4,-0.8372
1964-10-01,1964-11-01,ME4 BM5,-4.7187
1964-10-01,1964-11-01,BIG LoBM,1.0217
1964-10-01,1964-11-01,ME5 BM2,-0.3673
1964-10-01,1964-11-01,ME5 BM3,1.6422
1964-10-01,1964-11-01,ME5 BM4,-1.286
1964-10-01,1964-11-01,BIG HiBM,-4.6842
1964-11-01,1964-12-01,SMALL LoBM,-1.4726
1964-11-01,1964-12-01,ME1 BM2,-1.2379
1964-11-01,1964-12-01,ME1 BM3,-3.125
1964-11-01,1964-12-01,ME1 BM4,-2.6798
1964-11-01,1964-12-01,SMALL HiBM,-1.7928
1964-11-01,1964-12-01,ME2 BM1,1.4489
1964-11-01,1964-12-01,ME2 BM2,-0.1486
1964-11-01,1964-12-01,ME2 BM3,1.1892
1964-11-01,1964-12-01,ME2 BM4,-2.4864
1964-11-01,1964-12-01,ME2 BM5,-0.9464
1964-11-01,1964-12-01,ME3 BM1,0.116
1964-11-01,1964-12-01,ME3 BM2,0.588
1964-11-01,1964-12-01,ME3 BM3,-0.2675
1964-11-01,1964-12-01,ME3 BM4,-1.6849
1964-11-01,1964-12-01,ME3 BM5,-0.6796
1964-11-01,1964-12-01,ME4 BM1,1.4114
1964-11-01,1964-12-01,ME4 BM2,0.0102
1964-11-01,1964-12-01,ME4 BM3,-1.5027
1964-11-01,1964-12-01,ME4 BM4,-0.955
1964-11-01,1964-12-01,ME4 BM5,-1.3266
1964-11-01,1964-12-01,BIG LoBM,0.799
1964-11-01,1964-12-01,ME5 BM2,1.4209
1964-11-01,1964-12-01,ME5 BM3,-0.9509
1964-11-01,1964-12-01,ME5 BM4,-1.0688
1964-11-01,1964-12-01,BIG HiBM,-1.3383
1964-12-01,1965-01-01,SMALL LoBM,8.4566
1964-12-01,1965-01-01,ME1 BM2,6.3573
1964-12-01,1965-01-01,ME1 BM3,6.8733
1964-12-01,1965-01-01,ME1 BM4,6.6762
1964-12-01,1965-01-01,SMALL HiBM,8.7568
1964-12-01,1965-01-01,ME2 BM1,7.8749
1964-12-01,1965-01-01,ME2 BM2,5.4662
1964-12-01,1965-01-01,ME2 BM3,5.9236
1964-12-01,1965-01-01,ME2 BM4,5.7124
1964-12-01,1965-01-01,ME2 BM5,6.1785
1964-12-01,1965-01-01,ME3 BM1,5.2074
1964-12-01,1965-01-01,ME3 BM2,6.2046
1964-12-01,1965-01-01,ME3 BM3,5.1133
1964-12-01,1965-01-01,ME3 BM4,5.9609
1964-12-01,1965-01-01,ME3 BM5,7.056
1964-12-01,1965-01-01,ME4 BM1,5.5263
1964-12-01,1965-01-01,ME4 BM2,4.2867
1964-12-01,1965-01-01,ME4 BM3,5.1409
1964-12-01,1965-01-01,ME4 BM4,5.1165
1964-12-01,1965-01-01,ME4 BM5,6.8218
1964-12-01,1965-01-01,BIG LoBM,4.7202
1964-12-01,1965-01-01,ME5 BM2,1.2522
1964-12-01,1965-01-01,ME5 BM3,2.8229
1964-12-01,1965-01-01,ME5 BM4,3.5354
1964-12-01,1965-01-01,BIG HiBM,3.6001
1965-01-01,1965-02-01,SMALL LoBM,1.8638
1965-01-01,1965-02-01,ME1 BM2,0.5099
1965-01-01,1965-02-01,ME1 BM3,2.5255
1965-01-01,1965-02-01,ME1 BM4,3.1923
1965-01-01,1965-02-01,SMALL HiBM,3.6524
1965-01-01,1965-02-01,ME2 BM1,3.3795
1965-01-01,1965-02-01,ME2 BM2,4.2289
1965-01-01,1965-02-01,ME2 BM3,3.7383
1965-01-01,1965-02-01,ME2 BM4,3.4098
1965-01-01,1965-02-01,ME2 BM5,3.5904
1965-01-01,1965-02-01,ME3 BM1,3.899
1965-01-01,1965-02-01,ME3 BM2,4.4372
1965-01-01,1965-02-01,ME3 BM3,4.7925
1965-01-01,1965-02-01,ME3 BM4,3.2175
1965-01-01,1965-02-01,ME3 BM5,3.201
1965-01-01,1965-02-01,ME4 BM1,1.3902
1965-01-01,1965-02-01,ME4 BM2,3.4228
1965-01-01,1965-02-01,ME4 BM3,3.9336
1965-01-01,1965-02-01,ME4 BM4,3.2034
1965-01-01,1965-02-01,ME4 BM5,1.6802
1965-01-01,1965-02-01,BIG LoBM,0.1858
1965-01-01,1965-02-01,ME5 BM2,-0.0448
1965-01-01,1965-02-01,ME5 BM3,-0.126
1965-01-01,1965-02-01,ME5 BM4,-0.5377
1965-01-01,1965-02-01,BIG HiBM,-1.1935
1965-02-01,1965-03-01,SMALL LoBM,1.6576
1965-02-01,1965-03-01,ME1 BM2,2.3232
1965-02-01,1965-03-01,ME1 BM3,1.2665
1965-02-01,1965-03-01,ME1 BM4,2.5785
1965-02-01,1965-03-01,SMALL HiBM,3.1914
1965-02-01,1965-03-01,ME2 BM1,2.0961
1965-02-01,1965-03-01,ME2 BM2,-1.9294
1965-02-01,1965-03-01,ME2 BM3,1.3979
1965-02-01,1965-03-01,ME2 BM4,1.8887
1965-02-01,1965-03-01,ME2 BM5,0.5794
1965-02-01,1965-03-01,ME3 BM1,-0.2907
1965-02-01,1965-03-01,ME3 BM2,-0.056
1965-02-01,1965-03-01,ME3 BM3,-0.3211
1965-02-01,1965-03-01,ME3 BM4,1.3299
1965-02-01,1965-03-01,ME3 BM5,0.6378
1965-02-01,1965-03-01,ME4 BM1,-0.7985
1965-02-01,1965-03-01,ME4 BM2,-0.3232
1965-02-01,1965-03-01,ME4 BM3,-0.291
1965-02-01,1965-03-01,ME4 BM4,0.4349
1965-02-01,1965-03-01,ME4 BM5,1.8183
1965-02-01,1965-03-01,BIG LoBM,-1.3236
1965-02-01,1965-03-01,ME5 BM2,-1.58
1965-02-01,1965-03-01,ME5 BM3,-1.8043
1965-02-01,1965-03-01,ME5 BM4,-0.7165
1965-02-01,1965-03-01,BIG HiBM,0.3403
1965-03-01,1965-04-01,SMALL LoBM,4.0673
1965-03-01,1965-04-01,ME1 BM2,4.4129
1965-03-01,1965-04-01,ME1 BM3,4.789
1965-03-01,1965-04-01,ME1 BM4,4.444
1965-03-01,1965-04-01,SMALL HiBM,4.5886
1965-03-01,1965-04-01,ME2 BM1,0.1559
1965-03-01,1965-04-01,ME2 BM2,5.0305
1965-03-01,1965-04-01,ME2 BM3,3.9249
1965-03-01,1965-04-01,ME2 BM4,4.7086
1965-03-01,1965-04-01,ME2 BM5,5.0312
1965-03-01,1965-04-01,ME3 BM1,2.805
1965-03-01,1965-04-01,ME3 BM2,3.1203
1965-03-01,1965-04-01,ME3 BM3,3.8598
1965-03-01,1965-04-01,ME3 BM4,3.7242
1965-03-01,1965-04-01,ME3 BM5,6.8019
1965-03-01,1965-04-01,ME4 BM1,2.6191
1965-03-01,1965-04-01,ME4 BM2,3.1943
1965-03-01,1965-04-01,ME4 BM3,4.6285
1965-03-01,1965-04-01,ME4 BM4,4.3921
1965-03-01,1965-04-01,ME4 BM5,2.1567
1965-03-01,1965-04-01,BIG LoBM,4.5863
1965-03-01,1965-04-01,ME5 BM2,1.8738
1965-03-01,1965-04-01,ME5 BM3,2.1667
1965-03-01,1965-04-01,ME5 BM4,2.2064
1965-03-01,1965-04-01,BIG HiBM,4.4499
1965-04-01,1965-05-01,SMALL LoBM,-0.4546
1965-04-01,1965-05-01,ME1 BM2,-2.5956
1965-04-01,1965-05-01,ME1 BM3,-1.2927
1965-04-01,1965-05-01,ME1 BM4,-0.7798
1965-04-01,1965-05-01,SMALL HiBM,-1.2123
1965-04-01,1965-05-01,ME2 BM1,1.0537
1965-04-01,1965-05-01,ME2 BM2,-0.7392
1965-04-01,1965-05-01,ME2 BM3,-1.1564
1965-04-01,1965-05-01,ME2 BM4,0.0841
1965-04-01,1965-05-01,ME2 BM5,-2.1204
1965-04-01,1965-05-01,ME3 BM1,-0.5779
1965-04-01,1965-05-01,ME3 BM2,0.2504
1965-04-01,1965-05-01,ME3 BM3,-1.0293
1965-04-01,1965-05-01,ME3 BM4,-0.8671
1965-04-01,1965-05-01,ME3 BM5,-0.5873
1965-04-01,1965-05-01,ME4 BM1,-0.9651
1965-04-01,1965-05-01,ME4 BM2,0.033
1965-04-01,1965-05-01,ME4 BM3,-1.109
1965-04-01,1965-05-01,ME4 BM4,-0.3676
1965-04-01,1965-05-01,ME4 BM5,-3.3714
1965-04-01,1965-05-01,BIG LoBM,-0.7544
1965-04-01,1965-05-01,ME5 BM2,0.8302
1965-04-01,1965-05-01,ME5 BM3,-0.0849
1965-04-01,1965-05-01,ME5 BM4,-0.3611
1965-04-01,1965-05-01,BIG HiBM,-3.571
1965-05-01,1965-06-01,SMALL LoBM,-12.5886
1965-05-01,1965-06-01,ME1 BM2,-10.4413
1965-05-01,1965-06-01,ME1 BM3,-9.3609
1965-05-01,1965-06-01,ME1 BM4,-7.9296
1965-05-01,1965-06-01,SMALL HiBM,-9.5699
1965-05-01,1965-06-01,ME2 BM1,-10.3567
1965-05-01,1965-06-01,ME2 BM2,-8.6131
1965-05-01,1965-06-01,ME2 BM3,-8.9828
1965-05-01,1965-06-01,ME2 BM4,-8.3897
1965-05-01,1965-06-01,ME2 BM5,-8.2995
1965-05-01,1965-06-01,ME3 BM1,-6.6323
1965-05-01,1965-06-01,ME3 BM2,-9.221
1965-05-01,1965-06-01,ME3 BM3,-8.5172
1965-05-01,1965-06-01,ME3 BM4,-8.5307
1965-05-01,1965-06-01,ME3 BM5,-8.4334
1965-05-01,1965-06-01,ME4 BM1,-6.3568
1965-05-01,1965-06-01,ME4 BM2,-6.9768
1965-05-01,1965-06-01,ME4 BM3,-7.9386
1965-05-01,1965-06-01,ME4 BM4,-8.6779
1965-05-01,1965-06-01,ME4 BM5,-8.4349
1965-05-01,1965-06-01,BIG LoBM,-4.4306
1965-05-01,1965-06-01,ME5 BM2,-3.6674
1965-05-01,1965-06-01,ME5 BM3,-4.9365
1965-05-01,1965-06-01,ME5 BM4,-3.8056
1965-05-01,1965-06-01,BIG HiBM,-5.4788
1965-06-01,1965-07-01,SMALL LoBM,2.4078
1965-06-01,1965-07-01,ME1 BM2,3.4728
1965-06-01,1965-07-01,ME1 BM3,3.6533
1965-06-01,1965-07-01,ME1 BM4,2.2033
1965-06-01,1965-07-01,SMALL HiBM,4.1972
1965-06-01,1965-07-01,ME2 BM1,3.7755
1965-06-01,1965-07-01,ME2 BM2,1.6587
1965-06-01,1965-07-01,ME2 BM3,2.9237
1965-06-01,1965-07-01,ME2 BM4,3.4788
1965-06-01,1965-07-01,ME2 BM5,4.507
1965-06-01,1965-07-01,ME3 BM1,1.526
1965-06-01,1965-07-01,ME3 BM2,4.6267
1965-06-01,1965-07-01,ME3 BM3,2.5895
1965-06-01,1965-07-01,ME3 BM4,4.36
1965-06-01,1965-07-01,ME3 BM5,4.6866
1965-06-01,1965-07-01,ME4 BM1,2.6035
1965-06-01,1965-07-01,ME4 BM2,3.1714
1965-06-01,1965-07-01,ME4 BM3,3.8986
1965-06-01,1965-07-01,ME4 BM4,2.6544
1965-06-01,1965-07-01,ME4 BM5,6.25
1965-06-01,1965-07-01,BIG LoBM,1.5235
1965-06-01,1965-07-01,ME5 BM2,-0.0021
1965-06-01,1965-07-01,ME5 BM3,1.9197
1965-06-01,1965-07-01,ME5 BM4,4.0881
1965-06-01,1965-07-01,BIG HiBM,4.8277
1965-07-01,1965-08-01,SMALL LoBM,2.5036
1965-07-01,1965-08-01,ME1 BM2,5.4354
1965-07-01,1965-08-01,ME1 BM3,5.1565
1965-07-01,1965-08-01,ME1 BM4,3.9579
1965-07-01,1965-08-01,SMALL HiBM,4.0133
1965-07-01,1965-08-01,ME2 BM1,7.2991
1965-07-01,1965-08-01,ME2 BM2,4.236
1965-07-01,1965-08-01,ME2 BM3,4.9247
1965-07-01,1965-08-01,ME2 BM4,4.9206
1965-07-01,1965-08-01,ME2 BM5,3.943
1965-07-01,1965-08-01,ME3 BM1,8.1068
1965-07-01,1965-08-01,ME3 BM2,4.5658
1965-07-01,1965-08-01,ME3 BM3,7.7512
1965-07-01,1965-08-01,ME3 BM4,3.2518
1965-07-01,1965-08-01,ME3 BM5,6.5499
1965-07-01,1965-08-01,ME4 BM1,3.8079
1965-07-01,1965-08-01,ME4 BM2,4.1756
1965-07-01,1965-08-01,ME4 BM3,5.3024
1965-07-01,1965-08-01,ME4 BM4,2.9982
1965-07-01,1965-08-01,ME4 BM5,4.8752
1965-07-01,1965-08-01,BIG LoBM,3.2645
1965-07-01,1965-08-01,ME5 BM2,1.2951
1965-07-01,1965-08-01,ME5 BM3,3.4395
1965-07-01,1965-08-01,ME5 BM4,1.1267
1965-07-01,1965-08-01,BIG HiBM,2.1812
1965-08-01,1965-09-01,SMALL LoBM,3.4711
1965-08-01,1965-09-01,ME1 BM2,5.9272
1965-08-01,1965-09-01,ME1 BM3,1.2744
1965-08-01,1965-09-01,ME1 BM4,3.9987
1965-08-01,1965-09-01,SMALL HiBM,3.3711
1965-08-01,1965-09-01,ME2 BM1,5.8317
1965-08-01,1965-09-01,ME2 BM2,3.7915
1965-08-01,1965-09-01,ME2 BM3,2.888
1965-08-01,1965-09-01,ME2 BM4,4.6113
1965-08-01,1965-09-01,ME2 BM5,2.6159
1965-08-01,1965-09-01,ME3 BM1,2.4531
1965-08-01,1965-09-01,ME3 BM2,3.1662
1965-08-01,1965-09-01,ME3 BM3,3.3162
1965-08-01,1965-09-01,ME3 BM4,5.205
1965-08-01,1965-09-01,ME3 BM5,4.5035
1965-08-01,1965-09-01,ME4 BM1,3.2993
1965-08-01,1965-09-01,ME4 BM2,4.1014
1965-08-01,1965-09-01,ME4 BM3,1.5628
1965-08-01,1965-09-01,ME4 BM4,2.9004
1965-08-01,1965-09-01,ME4 BM5,3.849
1965-08-01,1965-09-01,BIG LoBM,3.9289
1965-08-01,1965-09-01,ME5 BM2,2.3018
1965-08-01,1965-09-01,ME5 BM3,2.3766
1965-08-01,1965-09-01,ME5 BM4,3.5269
1965-08-01,1965-09-01,BIG HiBM,3.2283
1965-09-01,1965-10-01,SMALL LoBM,6.1584
1965-09-01,1965-10-01,ME1 BM2,8.9538
1965-09-01,1965-10-01,ME1 BM3,6.0563
1965-09-01,1965-10-01,ME1 BM4,5.6597
1965-09-01,1965-10-01,SMALL HiBM,9.0633
1965-09-01,1965-10-01,ME2 BM1,4.0941
1965-09-01,1965-10-01,ME2 BM2,7.8656
1965-09-01,1965-10-01,ME2 BM3,3.7585
1965-09-01,1965-10-01,ME2 BM4,5.8202
1965-09-01,1965-10-01,ME2 BM5,5.2135
1965-09-01,1965-10-01,ME3 BM1,4.4
1965-09-01,1965-10-01,ME3 BM2,4.247
1965-09-01,1965-10-01,ME3 BM3,5.5875
1965-09-01,1965-10-01,ME3 BM4,5.7329
1965-09-01,1965-10-01,ME3 BM5,5.0437
1965-09-01,1965-10-01,ME4 BM1,4.058
1965-09-01,1965-10-01,ME4 BM2,3.3683
1965-09-01,1965-10-01,ME4 BM3,2.8771
1965-09-01,1965-10-01,ME4 BM4,4.4819
1965-09-01,1965-10-01,ME4 BM5,8.0786
1965-09-01,1965-10-01,BIG LoBM,3.1389
1965-09-01,1965-10-01,ME5 BM2,0.214
1965-09-01,1965-10-01,ME5 BM3,3.0547
1965-09-01,1965-10-01,ME5 BM4,4.4226
1965-09-01,1965-10-01,BIG HiBM,5.2216
1965-10-01,1965-11-01,SMALL LoBM,4.1546
1965-10-01,1965-11-01,ME1 BM2,6.7399
1965-10-01,1965-11-01,ME1 BM3,2.709
1965-10-01,1965-11-01,ME1 BM4,7.8663
1965-10-01,1965-11-01,SMALL HiBM,6.4658
1965-10-01,1965-11-01,ME2 BM1,1.4154
1965-10-01,1965-11-01,ME2 BM2,5.0932
1965-10-01,1965-11-01,ME2 BM3,4.3201
1965-10-01,1965-11-01,ME2 BM4,5.2165
1965-10-01,1965-11-01,ME2 BM5,4.0522
1965-10-01,1965-11-01,ME3 BM1,3.3546
1965-10-01,1965-11-01,ME3 BM2,3.113
1965-10-01,1965-11-01,ME3 BM3,5.6965
1965-10-01,1965-11-01,ME3 BM4,2.5193
1965-10-01,1965-11-01,ME3 BM5,3.0572
1965-10-01,1965-11-01,ME4 BM1,3.6904
1965-10-01,1965-11-01,ME4 BM2,2.6667
1965-10-01,1965-11-01,ME4 BM3,3.6479
1965-10-01,1965-11-01,ME4 BM4,1.046
1965-10-01,1965-11-01,ME4 BM5,5.4682
1965-10-01,1965-11-01,BIG LoBM,-0.317
1965-10-01,1965-11-01,ME5 BM2,-1.8293
1965-10-01,1965-11-01,ME5 BM3,1.25
1965-10-01,1965-11-01,ME5 BM4,-1.2898
1965-10-01,1965-11-01,BIG HiBM,-2.321
1965-11-01,1965-12-01,SMALL LoBM,7.2363
1965-11-01,1965-12-01,ME1 BM2,6.7426
1965-11-01,1965-12-01,ME1 BM3,2.1385
1965-11-01,1965-12-01,ME1 BM4,3.8599
1965-11-01,1965-12-01,SMALL HiBM,5.0485
1965-11-01,1965-12-01,ME2 BM1,3.762
1965-11-01,1965-12-01,ME2 BM2,3.7745
1965-11-01,1965-12-01,ME2 BM3,3.2259
1965-11-01,1965-12-01,ME2 BM4,3.3894
1965-11-01,1965-12-01,ME2 BM5,7.352
1965-11-01,1965-12-01,ME3 BM1,2.6402
1965-11-01,1965-12-01,ME3 BM2,0.9087
1965-11-01,1965-12-01,ME3 BM3,3.9506
1965-11-01,1965-12-01,ME3 BM4,1.9292
1965-11-01,1965-12-01,ME3 BM5,5.3729
1965-11-01,1965-12-01,ME4 BM1,1.2725
1965-11-01,1965-12-01,ME4 BM2,1.2499
1965-11-01,1965-12-01,ME4 BM3,1.5534
1965-11-01,1965-12-01,ME4 BM4,4.3269
1965-11-01,1965-12-01,ME4 BM5,5.3091
1965-11-01,1965-12-01,BIG LoBM,1.0117
1965-11-01,1965-12-01,ME5 BM2,-0.2235
1965-11-01,1965-12-01,ME5 BM3,1.3304
1965-11-01,1965-12-01,ME5 BM4,2.7994
1965-11-01,1965-12-01,BIG HiBM,2.7168
1965-12-01,1966-01-01,SMALL LoBM,5.5888
1965-12-01,1966-01-01,ME1 BM2,6.5774
1965-12-01,1966-01-01,ME1 BM3,8.1231
1965-12-01,1966-01-01,ME1 BM4,9.8046
1965-12-01,1966-01-01,SMALL HiBM,9.6396
1965-12-01,1966-01-01,ME2 BM1,6.4439
1965-12-01,1966-01-01,ME2 BM2,6.4342
1965-12-01,1966-01-01,ME2 BM3,4.723
1965-12-01,1966-01-01,ME2 BM4,5.1276
1965-12-01,1966-01-01,ME2 BM5,5.7735
1965-12-01,1966-01-01,ME3 BM1,4.4461
1965-12-01,1966-01-01,ME3 BM2,2.402
1965-12-01,1966-01-01,ME3 BM3,2.899
1965-12-01,1966-01-01,ME3 BM4,4.7855
1965-12-01,1966-01-01,ME3 BM5,4.9564
1965-12-01,1966-01-01,ME4 BM1,0.9005
1965-12-01,1966-01-01,ME4 BM2,1.8775
1965-12-01,1966-01-01,ME4 BM3,5.2213
1965-12-01,1966-01-01,ME4 BM4,4.2516
1965-12-01,1966-01-01,ME4 BM5,6.1452
1965-12-01,1966-01-01,BIG LoBM,-0.3731
1965-12-01,1966-01-01,ME5 BM2,-0.571
1965-12-01,1966-01-01,ME5 BM3,1.6999
1965-12-01,1966-01-01,ME5 BM4,3.0533
1965-12-01,1966-01-01,BIG HiBM,3.1425
1966-01-01,1966-02-01,SMALL LoBM,6.9168
1966-01-01,1966-02-01,ME1 BM2,5.8021
1966-01-01,1966-02-01,ME1 BM3,1.8119
1966-01-01,1966-02-01,ME1 BM4,4.6709
1966-01-01,1966-02-01,SMALL HiBM,6.3804
1966-01-01,1966-02-01,ME2 BM1,5.4916
1966-01-01,1966-02-01,ME2 BM2,4.6383
1966-01-01,1966-02-01,ME2 BM3,1.6488
1966-01-01,1966-02-01,ME2 BM4,0.0124
1966-01-01,1966-02-01,ME2 BM5,3.1869
1966-01-01,1966-02-01,ME3 BM1,-0.3911
1966-01-01,1966-02-01,ME3 BM2,1.468
1966-01-01,1966-02-01,ME3 BM3,4.6324
1966-01-01,1966-02-01,ME3 BM4,1.8809
1966-01-01,1966-02-01,ME3 BM5,4.6062
1966-01-01,1966-02-01,ME4 BM1,1.2811
1966-01-01,1966-02-01,ME4 BM2,-0.7462
1966-01-01,1966-02-01,ME4 BM3,0.4432
1966-01-01,1966-02-01,ME4 BM4,0.6104
1966-01-01,1966-02-01,ME4 BM5,2.5331
1966-01-01,1966-02-01,BIG LoBM,-1.3336
1966-01-01,1966-02-01,ME5 BM2,-2.3107
1966-01-01,1966-02-01,ME5 BM3,-1.7111
1966-01-01,1966-02-01,ME5 BM4,-1.9866
1966-01-01,1966-02-01,BIG HiBM,-1.7276
1966-02-01,1966-03-01,SMALL LoBM,1.8008
1966-02-01,1966-03-01,ME1 BM2,-1.5119
1966-02-01,1966-03-01,ME1 BM3,-2.5017
1966-02-01,1966-03-01,ME1 BM4,-0.7032
1966-02-01,1966-03-01,SMALL HiBM,-1.4687
1966-02-01,1966-03-01,ME2 BM1,0.1861
1966-02-01,1966-03-01,ME2 BM2,-2.0139
1966-02-01,1966-03-01,ME2 BM3,-2.1464
1966-02-01,1966-03-01,ME2 BM4,-3.7719
1966-02-01,1966-03-01,ME2 BM5,-2.0337
1966-02-01,1966-03-01,ME3 BM1,-1.6297
1966-02-01,1966-03-01,ME3 BM2,-4.7628
1966-02-01,1966-03-01,ME3 BM3,-2.4127
1966-02-01,1966-03-01,ME3 BM4,-3.4279
1966-02-01,1966-03-01,ME3 BM5,-3.7947
1966-02-01,1966-03-01,ME4 BM1,0.2576
1966-02-01,1966-03-01,ME4 BM2,-1.4313
1966-02-01,1966-03-01,ME4 BM3,-3.5289
1966-02-01,1966-03-01,ME4 BM4,-2.392
1966-02-01,1966-03-01,ME4 BM5,-3.3844
1966-02-01,1966-03-01,BIG LoBM,-1.4716
1966-02-01,1966-03-01,ME5 BM2,-3.4561
1966-02-01,1966-03-01,ME5 BM3,-1.0578
1966-02-01,1966-03-01,ME5 BM4,-2.1435
1966-02-01,1966-03-01,BIG HiBM,-5.0627
1966-03-01,1966-04-01,SMALL LoBM,10.9554
1966-03-01,1966-04-01,ME1 BM2,4.592
1966-03-01,1966-04-01,ME1 BM3,5.4276
1966-03-01,1966-04-01,ME1 BM4,6.6304
1966-03-01,1966-04-01,SMALL HiBM,4.5804
1966-03-01,1966-04-01,ME2 BM1,2.3984
1966-03-01,1966-04-01,ME2 BM2,4.7767
1966-03-01,1966-04-01,ME2 BM3,4.0094
1966-03-01,1966-04-01,ME2 BM4,7.4753
1966-03-01,1966-04-01,ME2 BM5,8.793
1966-03-01,1966-04-01,ME3 BM1,3.6962
1966-03-01,1966-04-01,ME3 BM2,3.7713
1966-03-01,1966-04-01,ME3 BM3,3.524
1966-03-01,1966-04-01,ME3 BM4,4.4857
1966-03-01,1966-04-01,ME3 BM5,2.579
1966-03-01,1966-04-01,ME4 BM1,3.9267
1966-03-01,1966-04-01,ME4 BM2,2.7198
1966-03-01,1966-04-01,ME4 BM3,3.5747
1966-03-01,1966-04-01,ME4 BM4,4.8264
1966-03-01,1966-04-01,ME4 BM5,0.7506
1966-03-01,1966-04-01,BIG LoBM,2.1104
1966-03-01,1966-04-01,ME5 BM2,1.9995
1966-03-01,1966-04-01,ME5 BM3,1.1745
1966-03-01,1966-04-01,ME5 BM4,2.4066
1966-03-01,1966-04-01,BIG HiBM,1.7925
1966-04-01,1966-05-01,SMALL LoBM,-12.2067
1966-04-01,1966-05-01,ME1 BM2,-13.2138
1966-04-01,1966-05-01,ME1 BM3,-10.3359
1966-04-01,1966-05-01,ME1 BM4,-10.7227
1966-04-01,1966-05-01,SMALL HiBM,-11.9299
1966-04-01,1966-05-01,ME2 BM1,-9.9576
1966-04-01,1966-05-01,ME2 BM2,-9.8088
1966-04-01,1966-05-01,ME2 BM3,-8.6524
1966-04-01,1966-05-01,ME2 BM4,-10.1298
1966-04-01,1966-05-01,ME2 BM5,-8.7554
1966-04-01,1966-05-01,ME3 BM1,-5.9453
1966-04-01,1966-05-01,ME3 BM2,-6.702
1966-04-01,1966-05-01,ME3 BM3,-8.2073
1966-04-01,1966-05-01,ME3 BM4,-10.1367
1966-04-01,1966-05-01,ME3 BM5,-9.8208
1966-04-01,1966-05-01,ME4 BM1,-5.0461
1966-04-01,1966-05-01,ME4 BM2,-5.1202
1966-04-01,1966-05-01,ME4 BM3,-7.0224
1966-04-01,1966-05-01,ME4 BM4,-8.8191
1966-04-01,1966-05-01,ME4 BM5,-10.2388
1966-04-01,1966-05-01,BIG LoBM,-4.1961
1966-04-01,1966-05-01,ME5 BM2,-3.9492
1966-04-01,1966-05-01,ME5 BM3,-4.8671
1966-04-01,1966-05-01,ME5 BM4,-5.5203
1966-04-01,1966-05-01,BIG HiBM,-5.4763
1966-05-01,1966-06-01,SMALL LoBM,-0.7871
1966-05-01,1966-06-01,ME1 BM2,-0.0993
1966-05-01,1966-06-01,ME1 BM3,1.304
1966-05-01,1966-06-01,ME1 BM4,1.4033
1966-05-01,1966-06-01,SMALL HiBM,0.3527
1966-05-01,1966-06-01,ME2 BM1,1.6748
1966-05-01,1966-06-01,ME2 BM2,0.0857
1966-05-01,1966-06-01,ME2 BM3,-0.0701
1966-05-01,1966-06-01,ME2 BM4,-0.6895
1966-05-01,1966-06-01,ME2 BM5,0.2511
1966-05-01,1966-06-01,ME3 BM1,0.2261
1966-05-01,1966-06-01,ME3 BM2,-0.1732
1966-05-01,1966-06-01,ME3 BM3,2.5697
1966-05-01,1966-06-01,ME3 BM4,-0.5368
1966-05-01,1966-06-01,ME3 BM5,-0.4405
1966-05-01,1966-06-01,ME4 BM1,-0.7918
1966-05-01,1966-06-01,ME4 BM2,-0.3272
1966-05-01,1966-06-01,ME4 BM3,-0.1245
1966-05-01,1966-06-01,ME4 BM4,3.3373
1966-05-01,1966-06-01,ME4 BM5,1.0483
1966-05-01,1966-06-01,BIG LoBM,-2.0006
1966-05-01,1966-06-01,ME5 BM2,-1.4866
1966-05-01,1966-06-01,ME5 BM3,-0.6161
1966-05-01,1966-06-01,ME5 BM4,0.8536
1966-05-01,1966-06-01,BIG HiBM,-1.1969
1966-06-01,1966-07-01,SMALL LoBM,-2.1032
1966-06-01,1966-07-01,ME1 BM2,-1.7997
1966-06-01,1966-07-01,ME1 BM3,-2.3088
1966-06-01,1966-07-01,ME1 BM4,-0.0202
1966-06-01,1966-07-01,SMALL HiBM,-0.9453
1966-06-01,1966-07-01,ME2 BM1,-3.1673
1966-06-01,1966-07-01,ME2 BM2,-1.846
1966-06-01,1966-07-01,ME2 BM3,-0.928
1966-06-01,1966-07-01,ME2 BM4,-1.7068
1966-06-01,1966-07-01,ME2 BM5,-1.4297
1966-06-01,1966-07-01,ME3 BM1,-0.9747
1966-06-01,1966-07-01,ME3 BM2,-2.0339
1966-06-01,1966-07-01,ME3 BM3,-0.8141
1966-06-01,1966-07-01,ME3 BM4,-0.6898
1966-06-01,1966-07-01,ME3 BM5,-1.3433
1966-06-01,1966-07-01,ME4 BM1,-0.661
1966-06-01,1966-07-01,ME4 BM2,-1.6477
1966-06-01,1966-07-01,ME4 BM3,-2.0213
1966-06-01,1966-07-01,ME4 BM4,-2.6307
1966-06-01,1966-07-01,ME4 BM5,-2.2452
1966-06-01,1966-07-01,BIG LoBM,-1.702
1966-06-01,1966-07-01,ME5 BM2,-1.4411
1966-06-01,1966-07-01,ME5 BM3,-0.7537
1966-06-01,1966-07-01,ME5 BM4,0.911
1966-06-01,1966-07-01,BIG HiBM,-1.3269
1966-07-01,1966-08-01,SMALL LoBM,-12.2104
1966-07-01,1966-08-01,ME1 BM2,-10.397
1966-07-01,1966-08-01,ME1 BM3,-9.6701
1966-07-01,1966-08-01,ME1 BM4,-10.849
1966-07-01,1966-08-01,SMALL HiBM,-10.4568
1966-07-01,1966-08-01,ME2 BM1,-12.7777
1966-07-01,1966-08-01,ME2 BM2,-10.5328
1966-07-01,1966-08-01,ME2 BM3,-9.7589
1966-07-01,1966-08-01,ME2 BM4,-9.6476
1966-07-01,1966-08-01,ME2 BM5,-10.9356
1966-07-01,1966-08-01,ME3 BM1,-10.7381
1966-07-01,1966-08-01,ME3 BM2,-8.4801
1966-07-01,1966-08-01,ME3 BM3,-7.9961
1966-07-01,1966-08-01,ME3 BM4,-10.1106
1966-07-01,1966-08-01,ME3 BM5,-8.6739
1966-07-01,1966-08-01,ME4 BM1,-9.8003
1966-07-01,1966-08-01,ME4 BM2,-7.5371
1966-07-01,1966-08-01,ME4 BM3,-8.1146
1966-07-01,1966-08-01,ME4 BM4,-7.3003
1966-07-01,1966-08-01,ME4 BM5,-9.2326
1966-07-01,1966-08-01,BIG LoBM,-7.2449
1966-07-01,1966-08-01,ME5 BM2,-8.7255
1966-07-01,1966-08-01,ME5 BM3,-5.6384
1966-07-01,1966-08-01,ME5 BM4,-6.223
1966-07-01,1966-08-01,BIG HiBM,-7.9877
1966-08-01,1966-09-01,SMALL LoBM,-1.9817
1966-08-01,1966-09-01,ME1 BM2,-2.062
1966-08-01,1966-09-01,ME1 BM3,-1.8683
1966-08-01,1966-09-01,ME1 BM4,-1.7764
1966-08-01,1966-09-01,SMALL HiBM,-1.1657
1966-08-01,1966-09-01,ME2 BM1,-1.8287
1966-08-01,1966-09-01,ME2 BM2,1.203
1966-08-01,1966-09-01,ME2 BM3,-1.7186
1966-08-01,1966-09-01,ME2 BM4,-1.588
1966-08-01,1966-09-01,ME2 BM5,-2.1096
1966-08-01,1966-09-01,ME3 BM1,-2.2966
1966-08-01,1966-09-01,ME3 BM2,-4.4915
1966-08-01,1966-09-01,ME3 BM3,0.2583
1966-08-01,1966-09-01,ME3 BM4,-0.3268
1966-08-01,1966-09-01,ME3 BM5,-1.2485
1966-08-01,1966-09-01,ME4 BM1,-1.1204
1966-08-01,1966-09-01,ME4 BM2,0.0382
1966-08-01,1966-09-01,ME4 BM3,-0.7889
1966-08-01,1966-09-01,ME4 BM4,-3.2196
1966-08-01,1966-09-01,ME4 BM5,-0.6264
1966-08-01,1966-09-01,BIG LoBM,-1.2528
1966-08-01,1966-09-01,ME5 BM2,0.8891
1966-08-01,1966-09-01,ME5 BM3,0.4628
1966-08-01,1966-09-01,ME5 BM4,0.2686
1966-08-01,1966-09-01,BIG HiBM,-1.6183
1966-09-01,1966-10-01,SMALL LoBM,-7.8591
1966-09-01,1966-10-01,ME1 BM2,-4.8369
1966-09-01,1966-10-01,ME1 BM3,-4.2385
1966-09-01,1966-10-01,ME1 BM4,-1.4753
1966-09-01,1966-10-01,SMALL HiBM,-1.4922
1966-09-01,1966-10-01,ME2 BM1,-5.3646
1966-09-01,1966-10-01,ME2 BM2,-0.6718
1966-09-01,1966-10-01,ME2 BM3,-0.7818
1966-09-01,1966-10-01,ME2 BM4,0.0677
1966-09-01,1966-10-01,ME2 BM5,-0.2629
1966-09-01,1966-10-01,ME3 BM1,-1.6118
1966-09-01,1966-10-01,ME3 BM2,1.106
1966-09-01,1966-10-01,ME3 BM3,3.5969
1966-09-01,1966-10-01,ME3 BM4,4.9868
1966-09-01,1966-10-01,ME3 BM5,1.7226
1966-09-01,1966-10-01,ME4 BM1,0.5499
1966-09-01,1966-10-01,ME4 BM2,4.782
1966-09-01,1966-10-01,ME4 BM3,4.1657
1966-09-01,1966-10-01,ME4 BM4,2.9452
1966-09-01,1966-10-01,ME4 BM5,1.748
1966-09-01,1966-10-01,BIG LoBM,3.1154
1966-09-01,1966-10-01,ME5 BM2,5.1755
1966-09-01,1966-10-01,ME5 BM3,9.1682
1966-09-01,1966-10-01,ME5 BM4,6.2771
1966-09-01,1966-10-01,BIG HiBM,6.5122
1966-10-01,1966-11-01,SMALL LoBM,8.1459
1966-10-01,1966-11-01,ME1 BM2,4.1886
1966-10-01,1966-11-01,ME1 BM3,4.5572
1966-10-01,1966-11-01,ME1 BM4,2.5215
1966-10-01,1966-11-01,SMALL HiBM,3.5416
1966-10-01,1966-11-01,ME2 BM1,7.5078
1966-10-01,1966-11-01,ME2 BM2,2.9799
1966-10-01,1966-11-01,ME2 BM3,7.2768
1966-10-01,1966-11-01,ME2 BM4,1.6878
1966-10-01,1966-11-01,ME2 BM5,2.5243
1966-10-01,1966-11-01,ME3 BM1,9.2015
1966-10-01,1966-11-01,ME3 BM2,6.0432
1966-10-01,1966-11-01,ME3 BM3,1.6711
1966-10-01,1966-11-01,ME3 BM4,4.4247
1966-10-01,1966-11-01,ME3 BM5,-0.037
1966-10-01,1966-11-01,ME4 BM1,8.5828
1966-10-01,1966-11-01,ME4 BM2,1.6945
1966-10-01,1966-11-01,ME4 BM3,0.7783
1966-10-01,1966-11-01,ME4 BM4,3.0085
1966-10-01,1966-11-01,ME4 BM5,0.7817
1966-10-01,1966-11-01,BIG LoBM,3.5384
1966-10-01,1966-11-01,ME5 BM2,2.1824
1966-10-01,1966-11-01,ME5 BM3,-2.4325
1966-10-01,1966-11-01,ME5 BM4,-1.4548
1966-10-01,1966-11-01,BIG HiBM,-1.0891
1966-11-01,1966-12-01,SMALL LoBM,3.8379
1966-11-01,1966-12-01,ME1 BM2,2.7889
1966-11-01,1966-12-01,ME1 BM3,2.1336
1966-11-01,1966-12-01,ME1 BM4,1.3139
1966-11-01,1966-12-01,SMALL HiBM,0.2148
1966-11-01,1966-12-01,ME2 BM1,4.751
1966-11-01,1966-12-01,ME2 BM2,3.1411
1966-11-01,1966-12-01,ME2 BM3,1.4104
1966-11-01,1966-12-01,ME2 BM4,2.0928
1966-11-01,1966-12-01,ME2 BM5,0.7712
1966-11-01,1966-12-01,ME3 BM1,2.7632
1966-11-01,1966-12-01,ME3 BM2,3.1471
1966-11-01,1966-12-01,ME3 BM3,0.9474
1966-11-01,1966-12-01,ME3 BM4,3.12
1966-11-01,1966-12-01,ME3 BM5,0.2618
1966-11-01,1966-12-01,ME4 BM1,3.1387
1966-11-01,1966-12-01,ME4 BM2,2.4944
1966-11-01,1966-12-01,ME4 BM3,1.187
1966-11-01,1966-12-01,ME4 BM4,3.6508
1966-11-01,1966-12-01,ME4 BM5,1.8842
1966-11-01,1966-12-01,BIG LoBM,-0.8373
1966-11-01,1966-12-01,ME5 BM2,-0.0127
1966-11-01,1966-12-01,ME5 BM3,1.4666
1966-11-01,1966-12-01,ME5 BM4,-0.1389
1966-11-01,1966-12-01,BIG HiBM,-0.1215
1966-12-01,1967-01-01,SMALL LoBM,20.8249
1966-12-01,1967-01-01,ME1 BM2,19.2939
1966-12-01,1967-01-01,ME1 BM3,18.5972
1966-12-01,1967-01-01,ME1 BM4,21.4892
1966-12-01,1967-01-01,SMALL HiBM,17.3462
1966-12-01,1967-01-01,ME2 BM1,16.9774
1966-12-01,1967-01-01,ME2 BM2,16.4842
1966-12-01,1967-01-01,ME2 BM3,17.138
1966-12-01,1967-01-01,ME2 BM4,17.6439
1966-12-01,1967-01-01,ME2 BM5,20.055
1966-12-01,1967-01-01,ME3 BM1,16.8191
1966-12-01,1967-01-01,ME3 BM2,14.2409
1966-12-01,1967-01-01,ME3 BM3,12.1173
1966-12-01,1967-01-01,ME3 BM4,13.2388
1966-12-01,1967-01-01,ME3 BM5,14.3651
1966-12-01,1967-01-01,ME4 BM1,9.9035
1966-12-01,1967-01-01,ME4 BM2,6.6748
1966-12-01,1967-01-01,ME4 BM3,9.8469
1966-12-01,1967-01-01,ME4 BM4,12.2909
1966-12-01,1967-01-01,ME4 BM5,13.7015
1966-12-01,1967-01-01,BIG LoBM,7.6997
1966-12-01,1967-01-01,ME5 BM2,7.1831
1966-12-01,1967-01-01,ME5 BM3,4.9614
1966-12-01,1967-01-01,ME5 BM4,7.8576
1966-12-01,1967-01-01,BIG HiBM,13.7838
1967-01-01,1967-02-01,SMALL LoBM,6.8539
1967-01-01,1967-02-01,ME1 BM2,5.8677
1967-01-01,1967-02-01,ME1 BM3,5.5448
1967-01-01,1967-02-01,ME1 BM4,3.9323
1967-01-01,1967-02-01,SMALL HiBM,5.8736
1967-01-01,1967-02-01,ME2 BM1,3.2421
1967-01-01,1967-02-01,ME2 BM2,3.0709
1967-01-01,1967-02-01,ME2 BM3,1.0597
1967-01-01,1967-02-01,ME2 BM4,3.4256
1967-01-01,1967-02-01,ME2 BM5,1.6576
1967-01-01,1967-02-01,ME3 BM1,2.1038
1967-01-01,1967-02-01,ME3 BM2,2.3084
1967-01-01,1967-02-01,ME3 BM3,1.698
1967-01-01,1967-02-01,ME3 BM4,0.7522
1967-01-01,1967-02-01,ME3 BM5,0.7706
1967-01-01,1967-02-01,ME4 BM1,2.8367
1967-01-01,1967-02-01,ME4 BM2,-0.3785
1967-01-01,1967-02-01,ME4 BM3,-0.4312
1967-01-01,1967-02-01,ME4 BM4,1.6176
1967-01-01,1967-02-01,ME4 BM5,0.1531
1967-01-01,1967-02-01,BIG LoBM,2.2356
1967-01-01,1967-02-01,ME5 BM2,0.8056
1967-01-01,1967-02-01,ME5 BM3,-0.7755
1967-01-01,1967-02-01,ME5 BM4,-0.8887
1967-01-01,1967-02-01,BIG HiBM,-1.3391
1967-02-01,1967-03-01,SMALL LoBM,7.265
1967-02-01,1967-03-01,ME1 BM2,6.1798
1967-02-01,1967-03-01,ME1 BM3,5.0639
1967-02-01,1967-03-01,ME1 BM4,7.6196
1967-02-01,1967-03-01,SMALL HiBM,5.1614
1967-02-01,1967-03-01,ME2 BM1,6.8694
1967-02-01,1967-03-01,ME2 BM2,6.1938
1967-02-01,1967-03-01,ME2 BM3,7.2286
1967-02-01,1967-03-01,ME2 BM4,6.6284
1967-02-01,1967-03-01,ME2 BM5,6.0732
1967-02-01,1967-03-01,ME3 BM1,5.3751
1967-02-01,1967-03-01,ME3 BM2,5.3474
1967-02-01,1967-03-01,ME3 BM3,4.6426
1967-02-01,1967-03-01,ME3 BM4,7.9994
1967-02-01,1967-03-01,ME3 BM5,4.214
1967-02-01,1967-03-01,ME4 BM1,6.1017
1967-02-01,1967-03-01,ME4 BM2,3.9292
1967-02-01,1967-03-01,ME4 BM3,5.1387
1967-02-01,1967-03-01,ME4 BM4,5.0811
1967-02-01,1967-03-01,ME4 BM5,6.4952
1967-02-01,1967-03-01,BIG LoBM,4.2397
1967-02-01,1967-03-01,ME5 BM2,3.1187
1967-02-01,1967-03-01,ME5 BM3,3.2691
1967-02-01,1967-03-01,ME5 BM4,4.6736
1967-02-01,1967-03-01,BIG HiBM,5.3115
1967-03-01,1967-04-01,SMALL LoBM,6.4365
1967-03-01,1967-04-01,ME1 BM2,3.6857
1967-03-01,1967-04-01,ME1 BM3,3.3576
1967-03-01,1967-04-01,ME1 BM4,4.4355
1967-03-01,1967-04-01,SMALL HiBM,3.7043
1967-03-01,1967-04-01,ME2 BM1,3.1704
1967-03-01,1967-04-01,ME2 BM2,3.8446
1967-03-01,1967-04-01,ME2 BM3,5.5054
1967-03-01,1967-04-01,ME2 BM4,3.5668
1967-03-01,1967-04-01,ME2 BM5,3.5234
1967-03-01,1967-04-01,ME3 BM1,5.6639
1967-03-01,1967-04-01,ME3 BM2,3.5233
1967-03-01,1967-04-01,ME3 BM3,2.8114
1967-03-01,1967-04-01,ME3 BM4,5.5692
1967-03-01,1967-04-01,ME3 BM5,3.0238
1967-03-01,1967-04-01,ME4 BM1,6.7887
1967-03-01,1967-04-01,ME4 BM2,2.8576
1967-03-01,1967-04-01,ME4 BM3,4.0142
1967-03-01,1967-04-01,ME4 BM4,3.9254
1967-03-01,1967-04-01,ME4 BM5,2.871
1967-03-01,1967-04-01,BIG LoBM,6.8024
1967-03-01,1967-04-01,ME5 BM2,2.9931
1967-03-01,1967-04-01,ME5 BM3,0.1892
1967-03-01,1967-04-01,ME5 BM4,3.5482
1967-03-01,1967-04-01,BIG HiBM,1.7641
1967-04-01,1967-05-01,SMALL LoBM,-0.1496
1967-04-01,1967-05-01,ME1 BM2,0.7664
1967-04-01,1967-05-01,ME1 BM3,-0.4996
1967-04-01,1967-05-01,ME1 BM4,-0.8513
1967-04-01,1967-05-01,SMALL HiBM,-0.8518
1967-04-01,1967-05-01,ME2 BM1,-1.2105
1967-04-01,1967-05-01,ME2 BM2,0.5428
1967-04-01,1967-05-01,ME2 BM3,-0.7792
1967-04-01,1967-05-01,ME2 BM4,-2.3289
1967-04-01,1967-05-01,ME2 BM5,-3.5352
1967-04-01,1967-05-01,ME3 BM1,-2.9685
1967-04-01,1967-05-01,ME3 BM2,-1.0964
1967-04-01,1967-05-01,ME3 BM3,-1.5066
1967-04-01,1967-05-01,ME3 BM4,-0.901
1967-04-01,1967-05-01,ME3 BM5,-1.9712
1967-04-01,1967-05-01,ME4 BM1,-2.1856
1967-04-01,1967-05-01,ME4 BM2,-0.4056
1967-04-01,1967-05-01,ME4 BM3,-2.7892
1967-04-01,1967-05-01,ME4 BM4,-0.1972
1967-04-01,1967-05-01,ME4 BM5,-0.771
1967-04-01,1967-05-01,BIG LoBM,-5.631
1967-04-01,1967-05-01,ME5 BM2,-4.297
1967-04-01,1967-05-01,ME5 BM3,-4.1858
1967-04-01,1967-05-01,ME5 BM4,-3.7382
1967-04-01,1967-05-01,BIG HiBM,-3.6835
1967-05-01,1967-06-01,SMALL LoBM,15.5457
1967-05-01,1967-06-01,ME1 BM2,10.9118
1967-05-01,1967-06-01,ME1 BM3,13.3081
1967-05-01,1967-06-01,ME1 BM4,12.4209
1967-05-01,1967-06-01,SMALL HiBM,9.216
1967-05-01,1967-06-01,ME2 BM1,10.2446
1967-05-01,1967-06-01,ME2 BM2,6.8396
1967-05-01,1967-06-01,ME2 BM3,6.5128
1967-05-01,1967-06-01,ME2 BM4,8.2948
1967-05-01,1967-06-01,ME2 BM5,6.5575
1967-05-01,1967-06-01,ME3 BM1,5.3621
1967-05-01,1967-06-01,ME3 BM2,8.2709
1967-05-01,1967-06-01,ME3 BM3,4.1989
1967-05-01,1967-06-01,ME3 BM4,5.3784
1967-05-01,1967-06-01,ME3 BM5,3.4945
1967-05-01,1967-06-01,ME4 BM1,3.2188
1967-05-01,1967-06-01,ME4 BM2,2.2592
1967-05-01,1967-06-01,ME4 BM3,2.7572
1967-05-01,1967-06-01,ME4 BM4,7.4533
1967-05-01,1967-06-01,ME4 BM5,6.065
1967-05-01,1967-06-01,BIG LoBM,1.3881
1967-05-01,1967-06-01,ME5 BM2,0.475
1967-05-01,1967-06-01,ME5 BM3,1.721
1967-05-01,1967-06-01,ME5 BM4,2.9025
1967-05-01,1967-06-01,BIG HiBM,3.0948
1967-06-01,1967-07-01,SMALL LoBM,9.3809
1967-06-01,1967-07-01,ME1 BM2,9.3717
1967-06-01,1967-07-01,ME1 BM3,10.3914
1967-06-01,1967-07-01,ME1 BM4,7.6924
1967-06-01,1967-07-01,SMALL HiBM,12.1451
1967-06-01,1967-07-01,ME2 BM1,7.1839
1967-06-01,1967-07-01,ME2 BM2,6.2895
1967-06-01,1967-07-01,ME2 BM3,9.2176
1967-06-01,1967-07-01,ME2 BM4,9.4178
1967-06-01,1967-07-01,ME2 BM5,8.2517
1967-06-01,1967-07-01,ME3 BM1,5.4488
1967-06-01,1967-07-01,ME3 BM2,4.7687
1967-06-01,1967-07-01,ME3 BM3,6.0697
1967-06-01,1967-07-01,ME3 BM4,7.4703
1967-06-01,1967-07-01,ME3 BM5,11.7093
1967-06-01,1967-07-01,ME4 BM1,4.8367
1967-06-01,1967-07-01,ME4 BM2,4.5374
1967-06-01,1967-07-01,ME4 BM3,5.2667
1967-06-01,1967-07-01,ME4 BM4,6.5877
1967-06-01,1967-07-01,ME4 BM5,8.7652
1967-06-01,1967-07-01,BIG LoBM,4.4319
1967-06-01,1967-07-01,ME5 BM2,5.7583
1967-06-01,1967-07-01,ME5 BM3,2.0438
1967-06-01,1967-07-01,ME5 BM4,5.8684
1967-06-01,1967-07-01,BIG HiBM,6.4509
1967-07-01,1967-08-01,SMALL LoBM,-0.9105
1967-07-01,1967-08-01,ME1 BM2,0.6062
1967-07-01,1967-08-01,ME1 BM3,0.6069
1967-07-01,1967-08-01,ME1 BM4,0.1403
1967-07-01,1967-08-01,SMALL HiBM,2.0579
1967-07-01,1967-08-01,ME2 BM1,-0.9828
1967-07-01,1967-08-01,ME2 BM2,-1.2146
1967-07-01,1967-08-01,ME2 BM3,0.6273
1967-07-01,1967-08-01,ME2 BM4,0.4075
1967-07-01,1967-08-01,ME2 BM5,1.0333
1967-07-01,1967-08-01,ME3 BM1,-2.8563
1967-07-01,1967-08-01,ME3 BM2,0.9501
1967-07-01,1967-08-01,ME3 BM3,1.3767
1967-07-01,1967-08-01,ME3 BM4,1.2803
1967-07-01,1967-08-01,ME3 BM5,-0.634
1967-07-01,1967-08-01,ME4 BM1,-0.8283
1967-07-01,1967-08-01,ME4 BM2,-0.9224
1967-07-01,1967-08-01,ME4 BM3,-1.3018
1967-07-01,1967-08-01,ME4 BM4,1.7841
1967-07-01,1967-08-01,ME4 BM5,3.7925
1967-07-01,1967-08-01,BIG LoBM,-0.583
1967-07-01,1967-08-01,ME5 BM2,-1.1237
1967-07-01,1967-08-01,ME5 BM3,-1.3598
1967-07-01,1967-08-01,ME5 BM4,0.4516
1967-07-01,1967-08-01,BIG HiBM,1.3365
1967-08-01,1967-09-01,SMALL LoBM,11.3373
1967-08-01,1967-09-01,ME1 BM2,9.817
1967-08-01,1967-09-01,ME1 BM3,8.4227
1967-08-01,1967-09-01,ME1 BM4,7.5572
1967-08-01,1967-09-01,SMALL HiBM,4.8273
1967-08-01,1967-09-01,ME2 BM1,4.9973
1967-08-01,1967-09-01,ME2 BM2,5.8018
1967-08-01,1967-09-01,ME2 BM3,7.5341
1967-08-01,1967-09-01,ME2 BM4,5.485
1967-08-01,1967-09-01,ME2 BM5,2.983
1967-08-01,1967-09-01,ME3 BM1,5.6493
1967-08-01,1967-09-01,ME3 BM2,2.0686
1967-08-01,1967-09-01,ME3 BM3,2.7547
1967-08-01,1967-09-01,ME3 BM4,4.5244
1967-08-01,1967-09-01,ME3 BM5,2.7422
1967-08-01,1967-09-01,ME4 BM1,3.7252
1967-08-01,1967-09-01,ME4 BM2,1.4565
1967-08-01,1967-09-01,ME4 BM3,2.6984
1967-08-01,1967-09-01,ME4 BM4,4.0773
1967-08-01,1967-09-01,ME4 BM5,0.4004
1967-08-01,1967-09-01,BIG LoBM,3.818
1967-08-01,1967-09-01,ME5 BM2,3.1332
1967-08-01,1967-09-01,ME5 BM3,3.2881
1967-08-01,1967-09-01,ME5 BM4,1.6304
1967-08-01,1967-09-01,BIG HiBM,0.2425
1967-09-01,1967-10-01,SMALL LoBM,1.7815
1967-09-01,1967-10-01,ME1 BM2,-4.1816
1967-09-01,1967-10-01,ME1 BM3,-1.4727
1967-09-01,1967-10-01,ME1 BM4,-1.4359
1967-09-01,1967-10-01,SMALL HiBM,-2.5534
1967-09-01,1967-10-01,ME2 BM1,-1.5183
1967-09-01,1967-10-01,ME2 BM2,-1.9304
1967-09-01,1967-10-01,ME2 BM3,0.7154
1967-09-01,1967-10-01,ME2 BM4,-3.0215
1967-09-01,1967-10-01,ME2 BM5,-4.7523
1967-09-01,1967-10-01,ME3 BM1,-3.3172
1967-09-01,1967-10-01,ME3 BM2,-1.2368
1967-09-01,1967-10-01,ME3 BM3,-3.1167
1967-09-01,1967-10-01,ME3 BM4,-3.0659
1967-09-01,1967-10-01,ME3 BM5,-2.6936
1967-09-01,1967-10-01,ME4 BM1,-4.2879
1967-09-01,1967-10-01,ME4 BM2,-5.7861
1967-09-01,1967-10-01,ME4 BM3,-5.7036
1967-09-01,1967-10-01,ME4 BM4,-2.567
1967-09-01,1967-10-01,ME4 BM5,-5.3032
1967-09-01,1967-10-01,BIG LoBM,-0.3476
1967-09-01,1967-10-01,ME5 BM2,-3.9726
1967-09-01,1967-10-01,ME5 BM3,-2.725
1967-09-01,1967-10-01,ME5 BM4,-5.9243
1967-09-01,1967-10-01,BIG HiBM,-6.515
1967-10-01,1967-11-01,SMALL LoBM,-0.8694
1967-10-01,1967-11-01,ME1 BM2,3.8603
1967-10-01,1967-11-01,ME1 BM3,-0.8175
1967-10-01,1967-11-01,ME1 BM4,-1.5788
1967-10-01,1967-11-01,SMALL HiBM,-1.1933
1967-10-01,1967-11-01,ME2 BM1,0.971
1967-10-01,1967-11-01,ME2 BM2,0.504
1967-10-01,1967-11-01,ME2 BM3,2.5794
1967-10-01,1967-11-01,ME2 BM4,-0.0194
1967-10-01,1967-11-01,ME2 BM5,0.3137
1967-10-01,1967-11-01,ME3 BM1,3.2374
1967-10-01,1967-11-01,ME3 BM2,-0.3063
1967-10-01,1967-11-01,ME3 BM3,0.7198
1967-10-01,1967-11-01,ME3 BM4,-0.3169
1967-10-01,1967-11-01,ME3 BM5,-0.8231
1967-10-01,1967-11-01,ME4 BM1,3.3359
1967-10-01,1967-11-01,ME4 BM2,0.5698
1967-10-01,1967-11-01,ME4 BM3,0.0569
1967-10-01,1967-11-01,ME4 BM4,0.5743
1967-10-01,1967-11-01,ME4 BM5,-0.6871
1967-10-01,1967-11-01,BIG LoBM,1.3039
1967-10-01,1967-11-01,ME5 BM2,0.4541
1967-10-01,1967-11-01,ME5 BM3,0.026
1967-10-01,1967-11-01,ME5 BM4,-0.5442
1967-10-01,1967-11-01,BIG HiBM,0.0532
1967-11-01,1967-12-01,SMALL LoBM,13.7257
1967-11-01,1967-12-01,ME1 BM2,10.5224
1967-11-01,1967-12-01,ME1 BM3,8.0018
1967-11-01,1967-12-01,ME1 BM4,9.3692
1967-11-01,1967-12-01,SMALL HiBM,10.1846
1967-11-01,1967-12-01,ME2 BM1,11.9378
1967-11-01,1967-12-01,ME2 BM2,6.5235
1967-11-01,1967-12-01,ME2 BM3,9.552
1967-11-01,1967-12-01,ME2 BM4,6.9777
1967-11-01,1967-12-01,ME2 BM5,9.4371
1967-11-01,1967-12-01,ME3 BM1,7.6562
1967-11-01,1967-12-01,ME3 BM2,5.6436
1967-11-01,1967-12-01,ME3 BM3,5.421
1967-11-01,1967-12-01,ME3 BM4,5.1849
1967-11-01,1967-12-01,ME3 BM5,6.6196
1967-11-01,1967-12-01,ME4 BM1,1.3955
1967-11-01,1967-12-01,ME4 BM2,2.7665
1967-11-01,1967-12-01,ME4 BM3,4.1619
1967-11-01,1967-12-01,ME4 BM4,4.6703
1967-11-01,1967-12-01,ME4 BM5,3.7199
1967-11-01,1967-12-01,BIG LoBM,1.956
1967-11-01,1967-12-01,ME5 BM2,3.1177
1967-11-01,1967-12-01,ME5 BM3,2.177
1967-11-01,1967-12-01,ME5 BM4,5.6073
1967-11-01,1967-12-01,BIG HiBM,2.7903
1967-12-01,1968-01-01,SMALL LoBM,2.6007
1967-12-01,1968-01-01,ME1 BM2,2.1568
1967-12-01,1968-01-01,ME1 BM3,3.2586
1967-12-01,1968-01-01,ME1 BM4,3.2325
1967-12-01,1968-01-01,SMALL HiBM,6.3782
1967-12-01,1968-01-01,ME2 BM1,-4.1794
1967-12-01,1968-01-01,ME2 BM2,-2.7015
1967-12-01,1968-01-01,ME2 BM3,0.067
1967-12-01,1968-01-01,ME2 BM4,1.2241
1967-12-01,1968-01-01,ME2 BM5,2.2682
1967-12-01,1968-01-01,ME3 BM1,-6.6526
1967-12-01,1968-01-01,ME3 BM2,-0.6312
1967-12-01,1968-01-01,ME3 BM3,-0.5653
1967-12-01,1968-01-01,ME3 BM4,-0.5234
1967-12-01,1968-01-01,ME3 BM5,3.1685
1967-12-01,1968-01-01,ME4 BM1,-7.9505
1967-12-01,1968-01-01,ME4 BM2,0.0825
1967-12-01,1968-01-01,ME4 BM3,-2.8779
1967-12-01,1968-01-01,ME4 BM4,0.0411
1967-12-01,1968-01-01,ME4 BM5,-0.4315
1967-12-01,1968-01-01,BIG LoBM,-6.3532
1967-12-01,1968-01-01,ME5 BM2,-5.7055
1967-12-01,1968-01-01,ME5 BM3,0.5894
1967-12-01,1968-01-01,ME5 BM4,-2.2886
1967-12-01,1968-01-01,BIG HiBM,-3.8571
1968-01-01,1968-02-01,SMALL LoBM,-10.1569
1968-01-01,1968-02-01,ME1 BM2,-6.9764
1968-01-01,1968-02-01,ME1 BM3,-5.6828
1968-01-01,1968-02-01,ME1 BM4,-6.8966
1968-01-01,1968-02-01,SMALL HiBM,-5.9947
1968-01-01,1968-02-01,ME2 BM1,-7.0792
1968-01-01,1968-02-01,ME2 BM2,-5.7252
1968-01-01,1968-02-01,ME2 BM3,-8.8661
1968-01-01,1968-02-01,ME2 BM4,-3.2871
1968-01-01,1968-02-01,ME2 BM5,-5.5055
1968-01-01,1968-02-01,ME3 BM1,-6.7742
1968-01-01,1968-02-01,ME3 BM2,-4.0591
1968-01-01,1968-02-01,ME3 BM3,-3.0055
1968-01-01,1968-02-01,ME3 BM4,-2.1197
1968-01-01,1968-02-01,ME3 BM5,-4.6982
1968-01-01,1968-02-01,ME4 BM1,-5.2313
1968-01-01,1968-02-01,ME4 BM2,-3.6701
1968-01-01,1968-02-01,ME4 BM3,-2.7788
1968-01-01,1968-02-01,ME4 BM4,-5.2582
1968-01-01,1968-02-01,ME4 BM5,-3.8337
1968-01-01,1968-02-01,BIG LoBM,-2.9985
1968-01-01,1968-02-01,ME5 BM2,-2.3535
1968-01-01,1968-02-01,ME5 BM3,-2.0088
1968-01-01,1968-02-01,ME5 BM4,-3.264
1968-01-01,1968-02-01,BIG HiBM,-1.8563
1968-02-01,1968-03-01,SMALL LoBM,-1.4134
1968-02-01,1968-03-01,ME1 BM2,-0.0092
1968-02-01,1968-03-01,ME1 BM3,-0.4172
1968-02-01,1968-03-01,ME1 BM4,-2.0248
1968-02-01,1968-03-01,SMALL HiBM,-0.1751
1968-02-01,1968-03-01,ME2 BM1,-0.8727
1968-02-01,1968-03-01,ME2 BM2,-1.5146
1968-02-01,1968-03-01,ME2 BM3,0.3368
1968-02-01,1968-03-01,ME2 BM4,-1.2749
1968-02-01,1968-03-01,ME2 BM5,-0.3787
1968-02-01,1968-03-01,ME3 BM1,1.9183
1968-02-01,1968-03-01,ME3 BM2,-0.9008
1968-02-01,1968-03-01,ME3 BM3,-1.9978
1968-02-01,1968-03-01,ME3 BM4,0.7392
1968-02-01,1968-03-01,ME3 BM5,-0.6145
1968-02-01,1968-03-01,ME4 BM1,0.5504
1968-02-01,1968-03-01,ME4 BM2,-0.2964
1968-02-01,1968-03-01,ME4 BM3,-1.5175
1968-02-01,1968-03-01,ME4 BM4,-0.2759
1968-02-01,1968-03-01,ME4 BM5,-0.2846
1968-02-01,1968-03-01,BIG LoBM,3.0749
1968-02-01,1968-03-01,ME5 BM2,-1.2893
1968-02-01,1968-03-01,ME5 BM3,-0.2775
1968-02-01,1968-03-01,ME5 BM4,-1.7889
1968-02-01,1968-03-01,BIG HiBM,2.0392
1968-03-01,1968-04-01,SMALL LoBM,21.1598
1968-03-01,1968-04-01,ME1 BM2,17.6666
1968-03-01,1968-04-01,ME1 BM3,16.8768
1968-03-01,1968-04-01,ME1 BM4,16.2134
1968-03-01,1968-04-01,SMALL HiBM,15.6856
1968-03-01,1968-04-01,ME2 BM1,18.7902
1968-03-01,1968-04-01,ME2 BM2,13.1618
1968-03-01,1968-04-01,ME2 BM3,17.0565
1968-03-01,1968-04-01,ME2 BM4,11.9945
1968-03-01,1968-04-01,ME2 BM5,12.8907
1968-03-01,1968-04-01,ME3 BM1,15.8341
1968-03-01,1968-04-01,ME3 BM2,11.5382
1968-03-01,1968-04-01,ME3 BM3,8.3972
1968-03-01,1968-04-01,ME3 BM4,10.316
1968-03-01,1968-04-01,ME3 BM5,17.7512
1968-03-01,1968-04-01,ME4 BM1,12.7224
1968-03-01,1968-04-01,ME4 BM2,7.0681
1968-03-01,1968-04-01,ME4 BM3,8.874
1968-03-01,1968-04-01,ME4 BM4,12.3359
1968-03-01,1968-04-01,ME4 BM5,11.6621
1968-03-01,1968-04-01,BIG LoBM,10.787
1968-03-01,1968-04-01,ME5 BM2,7.2502
1968-03-01,1968-04-01,ME5 BM3,3.3895
1968-03-01,1968-04-01,ME5 BM4,9.4117
1968-03-01,1968-04-01,BIG HiBM,10.5192
1968-04-01,1968-05-01,SMALL LoBM,10.6841
1968-04-01,1968-05-01,ME1 BM2,12.4939
1968-04-01,1968-05-01,ME1 BM3,10.4181
1968-04-01,1968-05-01,ME1 BM4,11.7349
1968-04-01,1968-05-01,SMALL HiBM,11.785
1968-04-01,1968-05-01,ME2 BM1,11.5477
1968-04-01,1968-05-01,ME2 BM2,7.876
1968-04-01,1968-05-01,ME2 BM3,8.1793
1968-04-01,1968-05-01,ME2 BM4,7.0047
1968-04-01,1968-05-01,ME2 BM5,6.5957
1968-04-01,1968-05-01,ME3 BM1,8.6403
1968-04-01,1968-05-01,ME3 BM2,4.1532
1968-04-01,1968-05-01,ME3 BM3,5.3535
1968-04-01,1968-05-01,ME3 BM4,5.1004
1968-04-01,1968-05-01,ME3 BM5,7.2106
1968-04-01,1968-05-01,ME4 BM1,4.5704
1968-04-01,1968-05-01,ME4 BM2,4.6613
1968-04-01,1968-05-01,ME4 BM3,2.744
1968-04-01,1968-05-01,ME4 BM4,2.6433
1968-04-01,1968-05-01,ME4 BM5,6.2119
1968-04-01,1968-05-01,BIG LoBM,2.2844
1968-04-01,1968-05-01,ME5 BM2,1.1089
1968-04-01,1968-05-01,ME5 BM3,-0.6814
1968-04-01,1968-05-01,ME5 BM4,-0.9919
1968-04-01,1968-05-01,BIG HiBM,4.6644
1968-05-01,1968-06-01,SMALL LoBM,-1.1392
1968-05-01,1968-06-01,ME1 BM2,0.2009
1968-05-01,1968-06-01,ME1 BM3,1.3294
1968-05-01,1968-06-01,ME1 BM4,2.2392
1968-05-01,1968-06-01,SMALL HiBM,0.1515
1968-05-01,1968-06-01,ME2 BM1,-0.5909
1968-05-01,1968-06-01,ME2 BM2,1.5365
1968-05-01,1968-06-01,ME2 BM3,-1.701
1968-05-01,1968-06-01,ME2 BM4,1.4239
1968-05-01,1968-06-01,ME2 BM5,0.7737
1968-05-01,1968-06-01,ME3 BM1,-1.9658
1968-05-01,1968-06-01,ME3 BM2,2.9703
1968-05-01,1968-06-01,ME3 BM3,3.2719
1968-05-01,1968-06-01,ME3 BM4,1.6485
1968-05-01,1968-06-01,ME3 BM5,1.1137
1968-05-01,1968-06-01,ME4 BM1,0.0296
1968-05-01,1968-06-01,ME4 BM2,3.5036
1968-05-01,1968-06-01,ME4 BM3,3.6105
1968-05-01,1968-06-01,ME4 BM4,2.9723
1968-05-01,1968-06-01,ME4 BM5,-2.5735
1968-05-01,1968-06-01,BIG LoBM,-0.0805
1968-05-01,1968-06-01,ME5 BM2,0.8771
1968-05-01,1968-06-01,ME5 BM3,4.0258
1968-05-01,1968-06-01,ME5 BM4,3.1801
1968-05-01,1968-06-01,BIG HiBM,-1.5962
1968-06-01,1968-07-01,SMALL LoBM,-4.6785
1968-06-01,1968-07-01,ME1 BM2,-4.6179
1968-06-01,1968-07-01,ME1 BM3,-3.8531
1968-06-01,1968-07-01,ME1 BM4,-0.7399
1968-06-01,1968-07-01,SMALL HiBM,0.6786
1968-06-01,1968-07-01,ME2 BM1,-8.9358
1968-06-01,1968-07-01,ME2 BM2,-2.9785
1968-06-01,1968-07-01,ME2 BM3,-2.0041
1968-06-01,1968-07-01,ME2 BM4,-0.4264
1968-06-01,1968-07-01,ME2 BM5,-0.2911
1968-06-01,1968-07-01,ME3 BM1,-5.6367
1968-06-01,1968-07-01,ME3 BM2,-4.6129
1968-06-01,1968-07-01,ME3 BM3,-3.209
1968-06-01,1968-07-01,ME3 BM4,-0.8789
1968-06-01,1968-07-01,ME3 BM5,-0.1904
1968-06-01,1968-07-01,ME4 BM1,-5.6575
1968-06-01,1968-07-01,ME4 BM2,-3.0737
1968-06-01,1968-07-01,ME4 BM3,-3.4854
1968-06-01,1968-07-01,ME4 BM4,-1.4997
1968-06-01,1968-07-01,ME4 BM5,-2.1249
1968-06-01,1968-07-01,BIG LoBM,-5.2083
1968-06-01,1968-07-01,ME5 BM2,-1.2634
1968-06-01,1968-07-01,ME5 BM3,2.9884
1968-06-01,1968-07-01,ME5 BM4,0.941
1968-06-01,1968-07-01,BIG HiBM,0.6401
1968-07-01,1968-08-01,SMALL LoBM,4.5468
1968-07-01,1968-08-01,ME1 BM2,5.936
1968-07-01,1968-08-01,ME1 BM3,4.8667
1968-07-01,1968-08-01,ME1 BM4,4.6539
1968-07-01,1968-08-01,SMALL HiBM,4.9029
1968-07-01,1968-08-01,ME2 BM1,1.7289
1968-07-01,1968-08-01,ME2 BM2,2.9475
1968-07-01,1968-08-01,ME2 BM3,3.5669
1968-07-01,1968-08-01,ME2 BM4,1.1581
1968-07-01,1968-08-01,ME2 BM5,7.0534
1968-07-01,1968-08-01,ME3 BM1,2.9314
1968-07-01,1968-08-01,ME3 BM2,2.8595
1968-07-01,1968-08-01,ME3 BM3,2.6836
1968-07-01,1968-08-01,ME3 BM4,2.8088
1968-07-01,1968-08-01,ME3 BM5,4.962
1968-07-01,1968-08-01,ME4 BM1,1.6917
1968-07-01,1968-08-01,ME4 BM2,1.3506
1968-07-01,1968-08-01,ME4 BM3,1.7819
1968-07-01,1968-08-01,ME4 BM4,1.9707
1968-07-01,1968-08-01,ME4 BM5,2.9624
1968-07-01,1968-08-01,BIG LoBM,1.1962
1968-07-01,1968-08-01,ME5 BM2,0.3855
1968-07-01,1968-08-01,ME5 BM3,2.1903
1968-07-01,1968-08-01,ME5 BM4,1.6585
1968-07-01,1968-08-01,BIG HiBM,2.4588
1968-08-01,1968-09-01,SMALL LoBM,7.3124
1968-08-01,1968-09-01,ME1 BM2,8.4648
1968-08-01,1968-09-01,ME1 BM3,7.0443
1968-08-01,1968-09-01,ME1 BM4,5.7296
1968-08-01,1968-09-01,SMALL HiBM,6.3931
1968-08-01,1968-09-01,ME2 BM1,7.1896
1968-08-01,1968-09-01,ME2 BM2,6.2011
1968-08-01,1968-09-01,ME2 BM3,7.1401
1968-08-01,1968-09-01,ME2 BM4,5.7624
1968-08-01,1968-09-01,ME2 BM5,6.1489
1968-08-01,1968-09-01,ME3 BM1,7.4255
1968-08-01,1968-09-01,ME3 BM2,6.8738
1968-08-01,1968-09-01,ME3 BM3,3.8729
1968-08-01,1968-09-01,ME3 BM4,5.6559
1968-08-01,1968-09-01,ME3 BM5,6.1898
1968-08-01,1968-09-01,ME4 BM1,6.7982
1968-08-01,1968-09-01,ME4 BM2,5.8204
1968-08-01,1968-09-01,ME4 BM3,5.3946
1968-08-01,1968-09-01,ME4 BM4,6.8854
1968-08-01,1968-09-01,ME4 BM5,6.0825
1968-08-01,1968-09-01,BIG LoBM,1.948
1968-08-01,1968-09-01,ME5 BM2,5.4099
1968-08-01,1968-09-01,ME5 BM3,2.3974
1968-08-01,1968-09-01,ME5 BM4,4.1929
1968-08-01,1968-09-01,BIG HiBM,8.674
1968-09-01,1968-10-01,SMALL LoBM,-1.665
1968-09-01,1968-10-01,ME1 BM2,-0.0085
1968-09-01,1968-10-01,ME1 BM3,1.4102
1968-09-01,1968-10-01,ME1 BM4,0.38
1968-09-01,1968-10-01,SMALL HiBM,1.713
1968-09-01,1968-10-01,ME2 BM1,-0.361
1968-09-01,1968-10-01,ME2 BM2,0.8568
1968-09-01,1968-10-01,ME2 BM3,1.5625
1968-09-01,1968-10-01,ME2 BM4,2.5058
1968-09-01,1968-10-01,ME2 BM5,0.9481
1968-09-01,1968-10-01,ME3 BM1,0.0321
1968-09-01,1968-10-01,ME3 BM2,2.3757
1968-09-01,1968-10-01,ME3 BM3,2.6865
1968-09-01,1968-10-01,ME3 BM4,2.8137
1968-09-01,1968-10-01,ME3 BM5,0.9761
1968-09-01,1968-10-01,ME4 BM1,0.2401
1968-09-01,1968-10-01,ME4 BM2,0.0016
1968-09-01,1968-10-01,ME4 BM3,2.6115
1968-09-01,1968-10-01,ME4 BM4,0.9936
1968-09-01,1968-10-01,ME4 BM5,2.4151
1968-09-01,1968-10-01,BIG LoBM,-1.7301
1968-09-01,1968-10-01,ME5 BM2,2.078
1968-09-01,1968-10-01,ME5 BM3,2.0329
1968-09-01,1968-10-01,ME5 BM4,3.7225
1968-09-01,1968-10-01,BIG HiBM,1.1624
1968-10-01,1968-11-01,SMALL LoBM,7.1438
1968-10-01,1968-11-01,ME1 BM2,7.7458
1968-10-01,1968-11-01,ME1 BM3,6.5099
1968-10-01,1968-11-01,ME1 BM4,6.2593
1968-10-01,1968-11-01,SMALL HiBM,6.9053
1968-10-01,1968-11-01,ME2 BM1,9.9771
1968-10-01,1968-11-01,ME2 BM2,9.3362
1968-10-01,1968-11-01,ME2 BM3,7.6004
1968-10-01,1968-11-01,ME2 BM4,9.1456
1968-10-01,1968-11-01,ME2 BM5,5.8888
1968-10-01,1968-11-01,ME3 BM1,8.5636
1968-10-01,1968-11-01,ME3 BM2,7.2742
1968-10-01,1968-11-01,ME3 BM3,8.3064
1968-10-01,1968-11-01,ME3 BM4,9.4115
1968-10-01,1968-11-01,ME3 BM5,7.7507
1968-10-01,1968-11-01,ME4 BM1,6.96
1968-10-01,1968-11-01,ME4 BM2,7.5366
1968-10-01,1968-11-01,ME4 BM3,7.1092
1968-10-01,1968-11-01,ME4 BM4,7.4246
1968-10-01,1968-11-01,ME4 BM5,7.9692
1968-10-01,1968-11-01,BIG LoBM,6.2724
1968-10-01,1968-11-01,ME5 BM2,2.9413
1968-10-01,1968-11-01,ME5 BM3,5.8395
1968-10-01,1968-11-01,ME5 BM4,4.53
1968-10-01,1968-11-01,BIG HiBM,4.1013
1968-11-01,1968-12-01,SMALL LoBM,3.7496
1968-11-01,1968-12-01,ME1 BM2,2.4643
1968-11-01,1968-12-01,ME1 BM3,0.6958
1968-11-01,1968-12-01,ME1 BM4,-0.2649
1968-11-01,1968-12-01,SMALL HiBM,0.5403
1968-11-01,1968-12-01,ME2 BM1,0.0822
1968-11-01,1968-12-01,ME2 BM2,0.5924
1968-11-01,1968-12-01,ME2 BM3,-1.6117
1968-11-01,1968-12-01,ME2 BM4,-3.1005
1968-11-01,1968-12-01,ME2 BM5,-3.4554
1968-11-01,1968-12-01,ME3 BM1,-2.6203
1968-11-01,1968-12-01,ME3 BM2,-4.063
1968-11-01,1968-12-01,ME3 BM3,-1.0726
1968-11-01,1968-12-01,ME3 BM4,0.0089
1968-11-01,1968-12-01,ME3 BM5,-2.8027
1968-11-01,1968-12-01,ME4 BM1,-4.2964
1968-11-01,1968-12-01,ME4 BM2,-4.1782
1968-11-01,1968-12-01,ME4 BM3,-4.165
1968-11-01,1968-12-01,ME4 BM4,-1.4666
1968-11-01,1968-12-01,ME4 BM5,-0.7198
1968-11-01,1968-12-01,BIG LoBM,-5.2494
1968-11-01,1968-12-01,ME5 BM2,-4.2187
1968-11-01,1968-12-01,ME5 BM3,-3.2144
1968-11-01,1968-12-01,ME5 BM4,-3.5028
1968-11-01,1968-12-01,BIG HiBM,-3.0706
1968-12-01,1969-01-01,SMALL LoBM,-0.4992
1968-12-01,1969-01-01,ME1 BM2,-2.2536
1968-12-01,1969-01-01,ME1 BM3,-1.78
1968-12-01,1969-01-01,ME1 BM4,-0.8706
1968-12-01,1969-01-01,SMALL HiBM,-1.2711
1968-12-01,1969-01-01,ME2 BM1,-3.0284
1968-12-01,1969-01-01,ME2 BM2,-0.7056
1968-12-01,1969-01-01,ME2 BM3,-1.5899
1968-12-01,1969-01-01,ME2 BM4,1.2463
1968-12-01,1969-01-01,ME2 BM5,0.541
1968-12-01,1969-01-01,ME3 BM1,-3.4858
1968-12-01,1969-01-01,ME3 BM2,-0.8184
1968-12-01,1969-01-01,ME3 BM3,0.3775
1968-12-01,1969-01-01,ME3 BM4,-1.4075
1968-12-01,1969-01-01,ME3 BM5,-1.2078
1968-12-01,1969-01-01,ME4 BM1,-2.0514
1968-12-01,1969-01-01,ME4 BM2,0.3209
1968-12-01,1969-01-01,ME4 BM3,-0.3465
1968-12-01,1969-01-01,ME4 BM4,-0.1746
1968-12-01,1969-01-01,ME4 BM5,1.0935
1968-12-01,1969-01-01,BIG LoBM,-2.1638
1968-12-01,1969-01-01,ME5 BM2,-0.3718
1968-12-01,1969-01-01,ME5 BM3,0.7377
1968-12-01,1969-01-01,ME5 BM4,-0.3719
1968-12-01,1969-01-01,BIG HiBM,1.3868
1969-01-01,1969-02-01,SMALL LoBM,-12.5597
1969-01-01,1969-02-01,ME1 BM2,-10.5735
1969-01-01,1969-02-01,ME1 BM3,-9.23
1969-01-01,1969-02-01,ME1 BM4,-8.6696
1969-01-01,1969-02-01,SMALL HiBM,-8.91
1969-01-01,1969-02-01,ME2 BM1,-10.8475
1969-01-01,1969-02-01,ME2 BM2,-8.3787
1969-01-01,1969-02-01,ME2 BM3,-5.1843
1969-01-01,1969-02-01,ME2 BM4,-6.8091
1969-01-01,1969-02-01,ME2 BM5,-7.7564
1969-01-01,1969-02-01,ME3 BM1,-9.176
1969-01-01,1969-02-01,ME3 BM2,-8.571
1969-01-01,1969-02-01,ME3 BM3,-6.8636
1969-01-01,1969-02-01,ME3 BM4,-6.2884
1969-01-01,1969-02-01,ME3 BM5,-5.8097
1969-01-01,1969-02-01,ME4 BM1,-8.312
1969-01-01,1969-02-01,ME4 BM2,-7.0342
1969-01-01,1969-02-01,ME4 BM3,-5.2894
1969-01-01,1969-02-01,ME4 BM4,-7.2202
1969-01-01,1969-02-01,ME4 BM5,-8.4577
1969-01-01,1969-02-01,BIG LoBM,-3.2516
1969-01-01,1969-02-01,ME5 BM2,-3.4951
1969-01-01,1969-02-01,ME5 BM3,-4.9029
1969-01-01,1969-02-01,ME5 BM4,-4.6155
1969-01-01,1969-02-01,BIG HiBM,-6.2213
1969-02-01,1969-03-01,SMALL LoBM,3.1775
1969-02-01,1969-03-01,ME1 BM2,2.3374
1969-02-01,1969-03-01,ME1 BM3,3.7858
1969-02-01,1969-03-01,ME1 BM4,3.5932
1969-02-01,1969-03-01,SMALL HiBM,2.5114
1969-02-01,1969-03-01,ME2 BM1,4.187
1969-02-01,1969-03-01,ME2 BM2,1.1919
1969-02-01,1969-03-01,ME2 BM3,1.985
1969-02-01,1969-03-01,ME2 BM4,0.3368
1969-02-01,1969-03-01,ME2 BM5,5.4759
1969-02-01,1969-03-01,ME3 BM1,1.52
1969-02-01,1969-03-01,ME3 BM2,2.5739
1969-02-01,1969-03-01,ME3 BM3,1.6289
1969-02-01,1969-03-01,ME3 BM4,1.9775
1969-02-01,1969-03-01,ME3 BM5,2.7411
1969-02-01,1969-03-01,ME4 BM1,4.6443
1969-02-01,1969-03-01,ME4 BM2,-2.0594
1969-02-01,1969-03-01,ME4 BM3,2.4389
1969-02-01,1969-03-01,ME4 BM4,1.4516
1969-02-01,1969-03-01,ME4 BM5,3.3446
1969-02-01,1969-03-01,BIG LoBM,4.2638
1969-02-01,1969-03-01,ME5 BM2,2.6898
1969-02-01,1969-03-01,ME5 BM3,4.0547
1969-02-01,1969-03-01,ME5 BM4,1.9998
1969-02-01,1969-03-01,BIG HiBM,4.7576
1969-03-01,1969-04-01,SMALL LoBM,1.3315
1969-03-01,1969-04-01,ME1 BM2,-0.8561
1969-03-01,1969-04-01,ME1 BM3,1.726
1969-03-01,1969-04-01,ME1 BM4,1.6506
1969-03-01,1969-04-01,SMALL HiBM,0.5405
1969-03-01,1969-04-01,ME2 BM1,1.8162
1969-03-01,1969-04-01,ME2 BM2,1.7188
1969-03-01,1969-04-01,ME2 BM3,0.9495
1969-03-01,1969-04-01,ME2 BM4,-0.4834
1969-03-01,1969-04-01,ME2 BM5,4.6794
1969-03-01,1969-04-01,ME3 BM1,2.0257
1969-03-01,1969-04-01,ME3 BM2,0.6223
1969-03-01,1969-04-01,ME3 BM3,1.0744
1969-03-01,1969-04-01,ME3 BM4,1.3148
1969-03-01,1969-04-01,ME3 BM5,0.4867
1969-03-01,1969-04-01,ME4 BM1,2.979
1969-03-01,1969-04-01,ME4 BM2,2.108
1969-03-01,1969-04-01,ME4 BM3,0.2833
1969-03-01,1969-04-01,ME4 BM4,-0.4003
1969-03-01,1969-04-01,ME4 BM5,1.7139
1969-03-01,1969-04-01,BIG LoBM,3.745
1969-03-01,1969-04-01,ME5 BM2,0.9694
1969-03-01,1969-04-01,ME5 BM3,1.0189
1969-03-01,1969-04-01,ME5 BM4,3.0442
1969-03-01,1969-04-01,BIG HiBM,0.7448
1969-04-01,1969-05-01,SMALL LoBM,0.9621
1969-04-01,1969-05-01,ME1 BM2,0.9706
1969-04-01,1969-05-01,ME1 BM3,0.7638
1969-04-01,1969-05-01,ME1 BM4,1.0356
1969-04-01,1969-05-01,SMALL HiBM,-0.2188
1969-04-01,1969-05-01,ME2 BM1,-1.5543
1969-04-01,1969-05-01,ME2 BM2,-1.7876
1969-04-01,1969-05-01,ME2 BM3,-0.9082
1969-04-01,1969-05-01,ME2 BM4,0.1274
1969-04-01,1969-05-01,ME2 BM5,0.4857
1969-04-01,1969-05-01,ME3 BM1,-0.0687
1969-04-01,1969-05-01,ME3 BM2,0.7412
1969-04-01,1969-05-01,ME3 BM3,2.0094
1969-04-01,1969-05-01,ME3 BM4,0.8442
1969-04-01,1969-05-01,ME3 BM5,-1.8999
1969-04-01,1969-05-01,ME4 BM1,-0.2145
1969-04-01,1969-05-01,ME4 BM2,-0.6501
1969-04-01,1969-05-01,ME4 BM3,1.3788
1969-04-01,1969-05-01,ME4 BM4,0.8804
1969-04-01,1969-05-01,ME4 BM5,-1.7837
1969-04-01,1969-05-01,BIG LoBM,-0.4741
1969-04-01,1969-05-01,ME5 BM2,0.7437
1969-04-01,1969-05-01,ME5 BM3,0.9313
1969-04-01,1969-05-01,ME5 BM4,1.479
1969-04-01,1969-05-01,BIG HiBM,0.4113
1969-05-01,1969-06-01,SMALL LoBM,-14.2677
1969-05-01,1969-06-01,ME1 BM2,-12.9237
1969-05-01,1969-06-01,ME1 BM3,-13.716
1969-05-01,1969-06-01,ME1 BM4,-12.4097
1969-05-01,1969-06-01,SMALL HiBM,-12.32
1969-05-01,1969-06-01,ME2 BM1,-12.2263
1969-05-01,1969-06-01,ME2 BM2,-11.2883
1969-05-01,1969-06-01,ME2 BM3,-9.1653
1969-05-01,1969-06-01,ME2 BM4,-9.9535
1969-05-01,1969-06-01,ME2 BM5,-10.9554
1969-05-01,1969-06-01,ME3 BM1,-10.4243
1969-05-01,1969-06-01,ME3 BM2,-9.7468
1969-05-01,1969-06-01,ME3 BM3,-11.1383
1969-05-01,1969-06-01,ME3 BM4,-9.8357
1969-05-01,1969-06-01,ME3 BM5,-9.0776
1969-05-01,1969-06-01,ME4 BM1,-6.9713
1969-05-01,1969-06-01,ME4 BM2,-8.9336
1969-05-01,1969-06-01,ME4 BM3,-7.1906
1969-05-01,1969-06-01,ME4 BM4,-8.6922
1969-05-01,1969-06-01,ME4 BM5,-8.2273
1969-05-01,1969-06-01,BIG LoBM,-1.798
1969-05-01,1969-06-01,ME5 BM2,-6.5099
1969-05-01,1969-06-01,ME5 BM3,-7.857
1969-05-01,1969-06-01,ME5 BM4,-6.6407
1969-05-01,1969-06-01,BIG HiBM,-8.4686
1969-06-01,1969-07-01,SMALL LoBM,-13.0886
1969-06-01,1969-07-01,ME1 BM2,-11.5792
1969-06-01,1969-07-01,ME1 BM3,-10.6655
1969-06-01,1969-07-01,ME1 BM4,-10.447
1969-06-01,1969-07-01,SMALL HiBM,-7.9386
1969-06-01,1969-07-01,ME2 BM1,-10.573
1969-06-01,1969-07-01,ME2 BM2,-10.1349
1969-06-01,1969-07-01,ME2 BM3,-8.4059
1969-06-01,1969-07-01,ME2 BM4,-7.1727
1969-06-01,1969-07-01,ME2 BM5,-8.0898
1969-06-01,1969-07-01,ME3 BM1,-10.0822
1969-06-01,1969-07-01,ME3 BM2,-10.4983
1969-06-01,1969-07-01,ME3 BM3,-6.7384
1969-06-01,1969-07-01,ME3 BM4,-5.5943
1969-06-01,1969-07-01,ME3 BM5,-8.0635
1969-06-01,1969-07-01,ME4 BM1,-6.5408
1969-06-01,1969-07-01,ME4 BM2,-7.5973
1969-06-01,1969-07-01,ME4 BM3,-6.3108
1969-06-01,1969-07-01,ME4 BM4,-6.4979
1969-06-01,1969-07-01,ME4 BM5,-7.7976
1969-06-01,1969-07-01,BIG LoBM,-4.1022
1969-06-01,1969-07-01,ME5 BM2,-5.731
1969-06-01,1969-07-01,ME5 BM3,-7.1651
1969-06-01,1969-07-01,ME5 BM4,-7.481
1969-06-01,1969-07-01,BIG HiBM,-5.636
1969-07-01,1969-08-01,SMALL LoBM,5.1664
1969-07-01,1969-08-01,ME1 BM2,4.7177
1969-07-01,1969-08-01,ME1 BM3,4.7018
1969-07-01,1969-08-01,ME1 BM4,3.1948
1969-07-01,1969-08-01,SMALL HiBM,2.7792
1969-07-01,1969-08-01,ME2 BM1,7.0376
1969-07-01,1969-08-01,ME2 BM2,6.6782
1969-07-01,1969-08-01,ME2 BM3,3.9889
1969-07-01,1969-08-01,ME2 BM4,3.4015
1969-07-01,1969-08-01,ME2 BM5,3.2166
1969-07-01,1969-08-01,ME3 BM1,9.6532
1969-07-01,1969-08-01,ME3 BM2,8.8147
1969-07-01,1969-08-01,ME3 BM3,6.8607
1969-07-01,1969-08-01,ME3 BM4,2.8186
1969-07-01,1969-08-01,ME3 BM5,5.4995
1969-07-01,1969-08-01,ME4 BM1,9.5114
1969-07-01,1969-08-01,ME4 BM2,6.0438
1969-07-01,1969-08-01,ME4 BM3,3.9946
1969-07-01,1969-08-01,ME4 BM4,4.0895
1969-07-01,1969-08-01,ME4 BM5,2.3996
1969-07-01,1969-08-01,BIG LoBM,7.0853
1969-07-01,1969-08-01,ME5 BM2,4.57
1969-07-01,1969-08-01,ME5 BM3,4.0266
1969-07-01,1969-08-01,ME5 BM4,4.3748
1969-07-01,1969-08-01,BIG HiBM,1.931
1969-08-01,1969-09-01,SMALL LoBM,-2.8084
1969-08-01,1969-09-01,ME1 BM2,-4.5438
1969-08-01,1969-09-01,ME1 BM3,-5.5959
1969-08-01,1969-09-01,ME1 BM4,-2.3952
1969-08-01,1969-09-01,SMALL HiBM,-3.4413
1969-08-01,1969-09-01,ME2 BM1,1.2261
1969-08-01,1969-09-01,ME2 BM2,-0.8967
1969-08-01,1969-09-01,ME2 BM3,-1.9322
1969-08-01,1969-09-01,ME2 BM4,-0.8914
1969-08-01,1969-09-01,ME2 BM5,-1.4541
1969-08-01,1969-09-01,ME3 BM1,0.6563
1969-08-01,1969-09-01,ME3 BM2,-0.1019
1969-08-01,1969-09-01,ME3 BM3,-1.7757
1969-08-01,1969-09-01,ME3 BM4,-2.5174
1969-08-01,1969-09-01,ME3 BM5,-3.3467
1969-08-01,1969-09-01,ME4 BM1,0.3349
1969-08-01,1969-09-01,ME4 BM2,-1.068
1969-08-01,1969-09-01,ME4 BM3,-2.188
1969-08-01,1969-09-01,ME4 BM4,-3.5207
1969-08-01,1969-09-01,ME4 BM5,-3.6478
1969-08-01,1969-09-01,BIG LoBM,-0.497
1969-08-01,1969-09-01,ME5 BM2,-2.2832
1969-08-01,1969-09-01,ME5 BM3,-3.4125
1969-08-01,1969-09-01,ME5 BM4,-5.0677
1969-08-01,1969-09-01,BIG HiBM,-4.5907
1969-09-01,1969-10-01,SMALL LoBM,14.1141
1969-09-01,1969-10-01,ME1 BM2,13.013
1969-09-01,1969-10-01,ME1 BM3,9.1022
1969-09-01,1969-10-01,ME1 BM4,8.1981
1969-09-01,1969-10-01,SMALL HiBM,6.3339
1969-09-01,1969-10-01,ME2 BM1,10.962
1969-09-01,1969-10-01,ME2 BM2,8.533
1969-09-01,1969-10-01,ME2 BM3,6.6793
1969-09-01,1969-10-01,ME2 BM4,6.3694
1969-09-01,1969-10-01,ME2 BM5,7.2704
1969-09-01,1969-10-01,ME3 BM1,8.9481
1969-09-01,1969-10-01,ME3 BM2,7.4783
1969-09-01,1969-10-01,ME3 BM3,7.5712
1969-09-01,1969-10-01,ME3 BM4,9.1595
1969-09-01,1969-10-01,ME3 BM5,6.8412
1969-09-01,1969-10-01,ME4 BM1,8.9949
1969-09-01,1969-10-01,ME4 BM2,5.8591
1969-09-01,1969-10-01,ME4 BM3,8.2967
1969-09-01,1969-10-01,ME4 BM4,6.4223
1969-09-01,1969-10-01,ME4 BM5,4.9406
1969-09-01,1969-10-01,BIG LoBM,6.0671
1969-09-01,1969-10-01,ME5 BM2,5.2493
1969-09-01,1969-10-01,ME5 BM3,4.4303
1969-09-01,1969-10-01,ME5 BM4,2.1168
1969-09-01,1969-10-01,BIG HiBM,3.7795
1969-10-01,1969-11-01,SMALL LoBM,-8.737
1969-10-01,1969-11-01,ME1 BM2,-7.4096
1969-10-01,1969-11-01,ME1 BM3,-5.5209
1969-10-01,1969-11-01,ME1 BM4,-6.4609
1969-10-01,1969-11-01,SMALL HiBM,-7.3487
1969-10-01,1969-11-01,ME2 BM1,-3.3124
1969-10-01,1969-11-01,ME2 BM2,-5.3643
1969-10-01,1969-11-01,ME2 BM3,-3.3956
1969-10-01,1969-11-01,ME2 BM4,-5.819
1969-10-01,1969-11-01,ME2 BM5,-5.692
1969-10-01,1969-11-01,ME3 BM1,-4.4916
1969-10-01,1969-11-01,ME3 BM2,-4.7735
1969-10-01,1969-11-01,ME3 BM3,-6.4031
1969-10-01,1969-11-01,ME3 BM4,-3.3737
1969-10-01,1969-11-01,ME3 BM5,-5.4989
1969-10-01,1969-11-01,ME4 BM1,-2.2513
1969-10-01,1969-11-01,ME4 BM2,-3.8738
1969-10-01,1969-11-01,ME4 BM3,-2.7421
1969-10-01,1969-11-01,ME4 BM4,-5.6902
1969-10-01,1969-11-01,ME4 BM5,-5.9965
1969-10-01,1969-11-01,BIG LoBM,-1.4601
1969-10-01,1969-11-01,ME5 BM2,-3.3114
1969-10-01,1969-11-01,ME5 BM3,-3.7496
1969-10-01,1969-11-01,ME5 BM4,-4.7965
1969-10-01,1969-11-01,BIG HiBM,-1.9536
1969-11-01,1969-12-01,SMALL LoBM,-8.1961
1969-11-01,1969-12-01,ME1 BM2,-7.7478
1969-11-01,1969-12-01,ME1 BM3,-4.8766
1969-11-01,1969-12-01,ME1 BM4,-8.9008
1969-11-01,1969-12-01,SMALL HiBM,-8.6615
1969-11-01,1969-12-01,ME2 BM1,-4.5412
1969-11-01,1969-12-01,ME2 BM2,-6.174
1969-11-01,1969-12-01,ME2 BM3,-7.0568
1969-11-01,1969-12-01,ME2 BM4,-6.36
1969-11-01,1969-12-01,ME2 BM5,-5.9706
1969-11-01,1969-12-01,ME3 BM1,-2.3893
1969-11-01,1969-12-01,ME3 BM2,-2.1016
1969-11-01,1969-12-01,ME3 BM3,-3.9652
1969-11-01,1969-12-01,ME3 BM4,-5.178
1969-11-01,1969-12-01,ME3 BM5,-5.2172
1969-11-01,1969-12-01,ME4 BM1,0.6338
1969-11-01,1969-12-01,ME4 BM2,-4.654
1969-11-01,1969-12-01,ME4 BM3,-1.8191
1969-11-01,1969-12-01,ME4 BM4,-2.1398
1969-11-01,1969-12-01,ME4 BM5,-3.9922
1969-11-01,1969-12-01,BIG LoBM,0.8857
1969-11-01,1969-12-01,ME5 BM2,-1.7039
1969-11-01,1969-12-01,ME5 BM3,-1.0874
1969-11-01,1969-12-01,ME5 BM4,-2.2293
1969-11-01,1969-12-01,BIG HiBM,-5.2767
1969-12-01,1970-01-01,SMALL LoBM,-4.6172
1969-12-01,1970-01-01,ME1 BM2,-3.4023
1969-12-01,1970-01-01,ME1 BM3,-4.0822
1969-12-01,1970-01-01,ME1 BM4,-2.5366
1969-12-01,1970-01-01,SMALL HiBM,0.1015
1969-12-01,1970-01-01,ME2 BM1,-7.5478
1969-12-01,1970-01-01,ME2 BM2,-6.2394
1969-12-01,1970-01-01,ME2 BM3,-2.0779
1969-12-01,1970-01-01,ME2 BM4,-4.0998
1969-12-01,1970-01-01,ME2 BM5,-2.6395
1969-12-01,1970-01-01,ME3 BM1,-9.7122
1969-12-01,1970-01-01,ME3 BM2,-6.8913
1969-12-01,1970-01-01,ME3 BM3,-8.1552
1969-12-01,1970-01-01,ME3 BM4,-3.8098
1969-12-01,1970-01-01,ME3 BM5,-3.224
1969-12-01,1970-01-01,ME4 BM1,-7.6732
1969-12-01,1970-01-01,ME4 BM2,-11.3479
1969-12-01,1970-01-01,ME4 BM3,-7.3584
1969-12-01,1970-01-01,ME4 BM4,-6.539
1969-12-01,1970-01-01,ME4 BM5,-5.8901
1969-12-01,1970-01-01,BIG LoBM,-8.4515
1969-12-01,1970-01-01,ME5 BM2,-6.9784
1969-12-01,1970-01-01,ME5 BM3,-9.17
1969-12-01,1970-01-01,ME5 BM4,-9.0016
1969-12-01,1970-01-01,BIG HiBM,-4.2669
1970-01-01,1970-02-01,SMALL LoBM,2.1519
1970-01-01,1970-02-01,ME1 BM2,3.6365
1970-01-01,1970-02-01,ME1 BM3,4.295
1970-01-01,1970-02-01,ME1 BM4,3.2299
1970-01-01,1970-02-01,SMALL HiBM,4.3021
1970-01-01,1970-02-01,ME2 BM1,4.3856
1970-01-01,1970-02-01,ME2 BM2,2.1421
1970-01-01,1970-02-01,ME2 BM3,3.2673
1970-01-01,1970-02-01,ME2 BM4,8.1895
1970-01-01,1970-02-01,ME2 BM5,7.5262
1970-01-01,1970-02-01,ME3 BM1,3.3173
1970-01-01,1970-02-01,ME3 BM2,3.1195
1970-01-01,1970-02-01,ME3 BM3,6.264
1970-01-01,1970-02-01,ME3 BM4,5.5504
1970-01-01,1970-02-01,ME3 BM5,7.2015
1970-01-01,1970-02-01,ME4 BM1,3.6327
1970-01-01,1970-02-01,ME4 BM2,5.5284
1970-01-01,1970-02-01,ME4 BM3,6.2485
1970-01-01,1970-02-01,ME4 BM4,9.4793
1970-01-01,1970-02-01,ME4 BM5,6.9062
1970-01-01,1970-02-01,BIG LoBM,3.564
1970-01-01,1970-02-01,ME5 BM2,5.9855
1970-01-01,1970-02-01,ME5 BM3,9.1226
1970-01-01,1970-02-01,ME5 BM4,6.7011
1970-01-01,1970-02-01,BIG HiBM,8.1808
1970-02-01,1970-03-01,SMALL LoBM,-6.4272
1970-02-01,1970-03-01,ME1 BM2,-4.8792
1970-02-01,1970-03-01,ME1 BM3,-3.0926
1970-02-01,1970-03-01,ME1 BM4,0.8685
1970-02-01,1970-03-01,SMALL HiBM,-1.2987
1970-02-01,1970-03-01,ME2 BM1,-6.1622
1970-02-01,1970-03-01,ME2 BM2,-2.8824
1970-02-01,1970-03-01,ME2 BM3,-0.1703
1970-02-01,1970-03-01,ME2 BM4,-0.1462
1970-02-01,1970-03-01,ME2 BM5,0.8726
1970-02-01,1970-03-01,ME3 BM1,-3.5773
1970-02-01,1970-03-01,ME3 BM2,-1.5618
1970-02-01,1970-03-01,ME3 BM3,-0.476
1970-02-01,1970-03-01,ME3 BM4,2.1001
1970-02-01,1970-03-01,ME3 BM5,1.2784
1970-02-01,1970-03-01,ME4 BM1,-4.2607
1970-02-01,1970-03-01,ME4 BM2,0.2378
1970-02-01,1970-03-01,ME4 BM3,1.8333
1970-02-01,1970-03-01,ME4 BM4,0.269
1970-02-01,1970-03-01,ME4 BM5,2.2593
1970-02-01,1970-03-01,BIG LoBM,-2.4792
1970-02-01,1970-03-01,ME5 BM2,0.4079
1970-02-01,1970-03-01,ME5 BM3,2.3028
1970-02-01,1970-03-01,ME5 BM4,1.0346
1970-02-01,1970-03-01,BIG HiBM,1.5906
1970-03-01,1970-04-01,SMALL LoBM,-23.6734
1970-03-01,1970-04-01,ME1 BM2,-18.9231
1970-03-01,1970-04-01,ME1 BM3,-14.8771
1970-03-01,1970-04-01,ME1 BM4,-13.1027
1970-03-01,1970-04-01,SMALL HiBM,-11.997
1970-03-01,1970-04-01,ME2 BM1,-22.737
1970-03-01,1970-04-01,ME2 BM2,-17.1412
1970-03-01,1970-04-01,ME2 BM3,-14.8094
1970-03-01,1970-04-01,ME2 BM4,-10.9185
1970-03-01,1970-04-01,ME2 BM5,-11.6576
1970-03-01,1970-04-01,ME3 BM1,-19.8262
1970-03-01,1970-04-01,ME3 BM2,-15.3279
1970-03-01,1970-04-01,ME3 BM3,-13.0001
1970-03-01,1970-04-01,ME3 BM4,-9.0311
1970-03-01,1970-04-01,ME3 BM5,-10.5444
1970-03-01,1970-04-01,ME4 BM1,-15.1578
1970-03-01,1970-04-01,ME4 BM2,-14.5823
1970-03-01,1970-04-01,ME4 BM3,-9.7532
1970-03-01,1970-04-01,ME4 BM4,-9.8377
1970-03-01,1970-04-01,ME4 BM5,-9.233
1970-03-01,1970-04-01,BIG LoBM,-10.5061
1970-03-01,1970-04-01,ME5 BM2,-8.1889
1970-03-01,1970-04-01,ME5 BM3,-8.6868
1970-03-01,1970-04-01,ME5 BM4,-7.1611
1970-03-01,1970-04-01,BIG HiBM,-8.0008
1970-04-01,1970-05-01,SMALL LoBM,-10.142
1970-04-01,1970-05-01,ME1 BM2,-10.0266
1970-04-01,1970-05-01,ME1 BM3,-8.9435
1970-04-01,1970-05-01,ME1 BM4,-7.6329
1970-04-01,1970-05-01,SMALL HiBM,-10.5293
1970-04-01,1970-05-01,ME2 BM1,-13.1428
1970-04-01,1970-05-01,ME2 BM2,-8.6251
1970-04-01,1970-05-01,ME2 BM3,-10.7464
1970-04-01,1970-05-01,ME2 BM4,-8.2837
1970-04-01,1970-05-01,ME2 BM5,-8.4513
1970-04-01,1970-05-01,ME3 BM1,-11.3877
1970-04-01,1970-05-01,ME3 BM2,-11.5572
1970-04-01,1970-05-01,ME3 BM3,-12.6554
1970-04-01,1970-05-01,ME3 BM4,-6.8443
1970-04-01,1970-05-01,ME3 BM5,-8.0184
1970-04-01,1970-05-01,ME4 BM1,-10.3382
1970-04-01,1970-05-01,ME4 BM2,-10.1634
1970-04-01,1970-05-01,ME4 BM3,-7.7431
1970-04-01,1970-05-01,ME4 BM4,-6.8548
1970-04-01,1970-05-01,ME4 BM5,-7.6134
1970-04-01,1970-05-01,BIG LoBM,-8.3374
1970-04-01,1970-05-01,ME5 BM2,-5.217
1970-04-01,1970-05-01,ME5 BM3,-4.2808
1970-04-01,1970-05-01,ME5 BM4,-0.3204
1970-04-01,1970-05-01,BIG HiBM,-3.9908
1970-05-01,1970-06-01,SMALL LoBM,-12.3686
1970-05-01,1970-06-01,ME1 BM2,-8.1784
1970-05-01,1970-06-01,ME1 BM3,-7.5993
1970-05-01,1970-06-01,ME1 BM4,-8.2564
1970-05-01,1970-06-01,SMALL HiBM,-6.0529
1970-05-01,1970-06-01,ME2 BM1,-10.1739
1970-05-01,1970-06-01,ME2 BM2,-6.9929
1970-05-01,1970-06-01,ME2 BM3,-8.2166
1970-05-01,1970-06-01,ME2 BM4,-7.0806
1970-05-01,1970-06-01,ME2 BM5,-6.1664
1970-05-01,1970-06-01,ME3 BM1,-7.995
1970-05-01,1970-06-01,ME3 BM2,-5.0518
1970-05-01,1970-06-01,ME3 BM3,-5.564
1970-05-01,1970-06-01,ME3 BM4,-4.5865
1970-05-01,1970-06-01,ME3 BM5,-6.9947
1970-05-01,1970-06-01,ME4 BM1,-2.7308
1970-05-01,1970-06-01,ME4 BM2,-5.1222
1970-05-01,1970-06-01,ME4 BM3,-4.071
1970-05-01,1970-06-01,ME4 BM4,-3.262
1970-05-01,1970-06-01,ME4 BM5,-10.119
1970-05-01,1970-06-01,BIG LoBM,-6.474
1970-05-01,1970-06-01,ME5 BM2,-3.7226
1970-05-01,1970-06-01,ME5 BM3,-3.3378
1970-05-01,1970-06-01,ME5 BM4,-2.3667
1970-05-01,1970-06-01,BIG HiBM,-8.2352
1970-06-01,1970-07-01,SMALL LoBM,4.7014
1970-06-01,1970-07-01,ME1 BM2,4.8437
1970-06-01,1970-07-01,ME1 BM3,5.3807
1970-06-01,1970-07-01,ME1 BM4,6.7969
1970-06-01,1970-07-01,SMALL HiBM,3.8115
1970-06-01,1970-07-01,ME2 BM1,6.7704
1970-06-01,1970-07-01,ME2 BM2,7.9636
1970-06-01,1970-07-01,ME2 BM3,5.693
1970-06-01,1970-07-01,ME2 BM4,11.1171
1970-06-01,1970-07-01,ME2 BM5,7.2194
1970-06-01,1970-07-01,ME3 BM1,7.9241
1970-06-01,1970-07-01,ME3 BM2,6.3354
1970-06-01,1970-07-01,ME3 BM3,8.7513
1970-06-01,1970-07-01,ME3 BM4,5.5637
1970-06-01,1970-07-01,ME3 BM5,7.4306
1970-06-01,1970-07-01,ME4 BM1,6.0177
1970-06-01,1970-07-01,ME4 BM2,9.3639
1970-06-01,1970-07-01,ME4 BM3,8.7461
1970-06-01,1970-07-01,ME4 BM4,9.2207
1970-06-01,1970-07-01,ME4 BM5,11.5101
1970-06-01,1970-07-01,BIG LoBM,4.4984
1970-06-01,1970-07-01,ME5 BM2,8.1256
1970-06-01,1970-07-01,ME5 BM3,9.1008
1970-06-01,1970-07-01,ME5 BM4,10.7389
1970-06-01,1970-07-01,BIG HiBM,6.1437
1970-07-01,1970-08-01,SMALL LoBM,4.7161
1970-07-01,1970-08-01,ME1 BM2,6.7665
1970-07-01,1970-08-01,ME1 BM3,7.1699
1970-07-01,1970-08-01,ME1 BM4,6.9212
1970-07-01,1970-08-01,SMALL HiBM,6.5285
1970-07-01,1970-08-01,ME2 BM1,9.6274
1970-07-01,1970-08-01,ME2 BM2,8.0055
1970-07-01,1970-08-01,ME2 BM3,7.3924
1970-07-01,1970-08-01,ME2 BM4,7.9988
1970-07-01,1970-08-01,ME2 BM5,4.4932
1970-07-01,1970-08-01,ME3 BM1,6.0103
1970-07-01,1970-08-01,ME3 BM2,8.0921
1970-07-01,1970-08-01,ME3 BM3,5.5467
1970-07-01,1970-08-01,ME3 BM4,6.549
1970-07-01,1970-08-01,ME3 BM5,7.043
1970-07-01,1970-08-01,ME4 BM1,4.5304
1970-07-01,1970-08-01,ME4 BM2,8.0504
1970-07-01,1970-08-01,ME4 BM3,3.9224
1970-07-01,1970-08-01,ME4 BM4,5.333
1970-07-01,1970-08-01,ME4 BM5,6.9499
1970-07-01,1970-08-01,BIG LoBM,4.0923
1970-07-01,1970-08-01,ME5 BM2,5.2806
1970-07-01,1970-08-01,ME5 BM3,4.3797
1970-07-01,1970-08-01,ME5 BM4,4.9123
1970-07-01,1970-08-01,BIG HiBM,6.2326
1970-08-01,1970-09-01,SMALL LoBM,22.6809
1970-08-01,1970-09-01,ME1 BM2,16.2744
1970-08-01,1970-09-01,ME1 BM3,16.0711
1970-08-01,1970-09-01,ME1 BM4,11.3225
1970-08-01,1970-09-01,SMALL HiBM,11.5877
1970-08-01,1970-09-01,ME2 BM1,17.8326
1970-08-01,1970-09-01,ME2 BM2,17.3293
1970-08-01,1970-09-01,ME2 BM3,12.3411
1970-08-01,1970-09-01,ME2 BM4,7.0197
1970-08-01,1970-09-01,ME2 BM5,9.7608
1970-08-01,1970-09-01,ME3 BM1,14.8406
1970-08-01,1970-09-01,ME3 BM2,10.74
1970-08-01,1970-09-01,ME3 BM3,8.0828
1970-08-01,1970-09-01,ME3 BM4,5.0224
1970-08-01,1970-09-01,ME3 BM5,6.6542
1970-08-01,1970-09-01,ME4 BM1,9.527
1970-08-01,1970-09-01,ME4 BM2,6.3914
1970-08-01,1970-09-01,ME4 BM3,4.6562
1970-08-01,1970-09-01,ME4 BM4,4.0028
1970-08-01,1970-09-01,ME4 BM5,7.851
1970-08-01,1970-09-01,BIG LoBM,7.1002
1970-08-01,1970-09-01,ME5 BM2,0.3994
1970-08-01,1970-09-01,ME5 BM3,-0.3707
1970-08-01,1970-09-01,ME5 BM4,0.2546
1970-08-01,1970-09-01,BIG HiBM,4.402
1970-09-01,1970-10-01,SMALL LoBM,-11.5794
1970-09-01,1970-10-01,ME1 BM2,-6.8167
1970-09-01,1970-10-01,ME1 BM3,-11.568
1970-09-01,1970-10-01,ME1 BM4,-6.0329
1970-09-01,1970-10-01,SMALL HiBM,-4.6515
1970-09-01,1970-10-01,ME2 BM1,-4.8522
1970-09-01,1970-10-01,ME2 BM2,-7.8152
1970-09-01,1970-10-01,ME2 BM3,-6.8477
1970-09-01,1970-10-01,ME2 BM4,-3.5718
1970-09-01,1970-10-01,ME2 BM5,-4.3439
1970-09-01,1970-10-01,ME3 BM1,-5.4659
1970-09-01,1970-10-01,ME3 BM2,-4.2764
1970-09-01,1970-10-01,ME3 BM3,-6.1402
1970-09-01,1970-10-01,ME3 BM4,-2.629
1970-09-01,1970-10-01,ME3 BM5,-4.7683
1970-09-01,1970-10-01,ME4 BM1,-2.943
1970-09-01,1970-10-01,ME4 BM2,-3.9422
1970-09-01,1970-10-01,ME4 BM3,-3.1558
1970-09-01,1970-10-01,ME4 BM4,-3.4356
1970-09-01,1970-10-01,ME4 BM5,-6.3644
1970-09-01,1970-10-01,BIG LoBM,-0.1294
1970-09-01,1970-10-01,ME5 BM2,-1.125
1970-09-01,1970-10-01,ME5 BM3,-3.3186
1970-09-01,1970-10-01,ME5 BM4,0.0579
1970-09-01,1970-10-01,BIG HiBM,-3.7705
1970-10-01,1970-11-01,SMALL LoBM,-4.533
1970-10-01,1970-11-01,ME1 BM2,-1.9622
1970-10-01,1970-11-01,ME1 BM3,-2.3158
1970-10-01,1970-11-01,ME1 BM4,1.0391
1970-10-01,1970-11-01,SMALL HiBM,0.1743
1970-10-01,1970-11-01,ME2 BM1,0.8012
1970-10-01,1970-11-01,ME2 BM2,1.3432
1970-10-01,1970-11-01,ME2 BM3,2.655
1970-10-01,1970-11-01,ME2 BM4,5.8825
1970-10-01,1970-11-01,ME2 BM5,3.6429
1970-10-01,1970-11-01,ME3 BM1,3.2243
1970-10-01,1970-11-01,ME3 BM2,2.6484
1970-10-01,1970-11-01,ME3 BM3,5.3269
1970-10-01,1970-11-01,ME3 BM4,4.2289
1970-10-01,1970-11-01,ME3 BM5,2.1485
1970-10-01,1970-11-01,ME4 BM1,4.8023
1970-10-01,1970-11-01,ME4 BM2,3.4879
1970-10-01,1970-11-01,ME4 BM3,6.034
1970-10-01,1970-11-01,ME4 BM4,8.0041
1970-10-01,1970-11-01,ME4 BM5,5.2498
1970-10-01,1970-11-01,BIG LoBM,5.1148
1970-10-01,1970-11-01,ME5 BM2,6.7785
1970-10-01,1970-11-01,ME5 BM3,5.2743
1970-10-01,1970-11-01,ME5 BM4,5.877
1970-10-01,1970-11-01,BIG HiBM,5.6827
1970-11-01,1970-12-01,SMALL LoBM,7.3342
1970-11-01,1970-12-01,ME1 BM2,6.9484
1970-11-01,1970-12-01,ME1 BM3,10.859
1970-11-01,1970-12-01,ME1 BM4,11.754
1970-11-01,1970-12-01,SMALL HiBM,10.6006
1970-11-01,1970-12-01,ME2 BM1,8.5923
1970-11-01,1970-12-01,ME2 BM2,8.5593
1970-11-01,1970-12-01,ME2 BM3,8.6541
1970-11-01,1970-12-01,ME2 BM4,9.2961
1970-11-01,1970-12-01,ME2 BM5,9.1294
1970-11-01,1970-12-01,ME3 BM1,6.2429
1970-11-01,1970-12-01,ME3 BM2,9.0015
1970-11-01,1970-12-01,ME3 BM3,10.4416
1970-11-01,1970-12-01,ME3 BM4,8.7214
1970-11-01,1970-12-01,ME3 BM5,8.5557
1970-11-01,1970-12-01,ME4 BM1,6.2356
1970-11-01,1970-12-01,ME4 BM2,10.7308
1970-11-01,1970-12-01,ME4 BM3,8.4282
1970-11-01,1970-12-01,ME4 BM4,10.0931
1970-11-01,1970-12-01,ME4 BM5,7.5763
1970-11-01,1970-12-01,BIG LoBM,4.7444
1970-11-01,1970-12-01,ME5 BM2,5.8791
1970-11-01,1970-12-01,ME5 BM3,7.3805
1970-11-01,1970-12-01,ME5 BM4,5.0978
1970-11-01,1970-12-01,BIG HiBM,6.9151
1970-12-01,1971-01-01,SMALL LoBM,15.3378
1970-12-01,1971-01-01,ME1 BM2,13.4731
1970-12-01,1971-01-01,ME1 BM3,15.9668
1970-12-01,1971-01-01,ME1 BM4,13.9183
1970-12-01,1971-01-01,SMALL HiBM,15.8629
1970-12-01,1971-01-01,ME2 BM1,7.7567
1970-12-01,1971-01-01,ME2 BM2,12.0603
1970-12-01,1971-01-01,ME2 BM3,12.4574
1970-12-01,1971-01-01,ME2 BM4,10.6371
1970-12-01,1971-01-01,ME2 BM5,13.2023
1970-12-01,1971-01-01,ME3 BM1,8.2138
1970-12-01,1971-01-01,ME3 BM2,9.0906
1970-12-01,1971-01-01,ME3 BM3,10.2359
1970-12-01,1971-01-01,ME3 BM4,8.2884
1970-12-01,1971-01-01,ME3 BM5,10.0254
1970-12-01,1971-01-01,ME4 BM1,5.5369
1970-12-01,1971-01-01,ME4 BM2,7.0296
1970-12-01,1971-01-01,ME4 BM3,5.1779
1970-12-01,1971-01-01,ME4 BM4,8.3873
1970-12-01,1971-01-01,ME4 BM5,13.7494
1970-12-01,1971-01-01,BIG LoBM,4.0256
1970-12-01,1971-01-01,ME5 BM2,4.4322
1970-12-01,1971-01-01,ME5 BM3,3.2014
1970-12-01,1971-01-01,ME5 BM4,2.9716
1970-12-01,1971-01-01,BIG HiBM,4.036
1971-01-01,1971-02-01,SMALL LoBM,7.9078
1971-01-01,1971-02-01,ME1 BM2,7.5441
1971-01-01,1971-02-01,ME1 BM3,5.7717
1971-01-01,1971-02-01,ME1 BM4,3.4052
1971-01-01,1971-02-01,SMALL HiBM,4.0553
1971-01-01,1971-02-01,ME2 BM1,4.3173
1971-01-01,1971-02-01,ME2 BM2,2.566
1971-01-01,1971-02-01,ME2 BM3,3.1233
1971-01-01,1971-02-01,ME2 BM4,2.1512
1971-01-01,1971-02-01,ME2 BM5,0.3418
1971-01-01,1971-02-01,ME3 BM1,4.5379
1971-01-01,1971-02-01,ME3 BM2,1.6023
1971-01-01,1971-02-01,ME3 BM3,2.4702
1971-01-01,1971-02-01,ME3 BM4,1.2509
1971-01-01,1971-02-01,ME3 BM5,2.0589
1971-01-01,1971-02-01,ME4 BM1,3.5219
1971-01-01,1971-02-01,ME4 BM2,2.8587
1971-01-01,1971-02-01,ME4 BM3,0.4585
1971-01-01,1971-02-01,ME4 BM4,3.1644
1971-01-01,1971-02-01,ME4 BM5,1.6188
1971-01-01,1971-02-01,BIG LoBM,2.3107
1971-01-01,1971-02-01,ME5 BM2,0.3803
1971-01-01,1971-02-01,ME5 BM3,0.6129
1971-01-01,1971-02-01,ME5 BM4,0.5275
1971-01-01,1971-02-01,BIG HiBM,1.2355
1971-02-01,1971-03-01,SMALL LoBM,8.2337
1971-02-01,1971-03-01,ME1 BM2,4.6534
1971-02-01,1971-03-01,ME1 BM3,7.7102
1971-02-01,1971-03-01,ME1 BM4,6.4207
1971-02-01,1971-03-01,SMALL HiBM,5.1001
1971-02-01,1971-03-01,ME2 BM1,7.451
1971-02-01,1971-03-01,ME2 BM2,7.6298
1971-02-01,1971-03-01,ME2 BM3,5.5918
1971-02-01,1971-03-01,ME2 BM4,4.7359
1971-02-01,1971-03-01,ME2 BM5,1.6896
1971-02-01,1971-03-01,ME3 BM1,10.2775
1971-02-01,1971-03-01,ME3 BM2,9.0649
1971-02-01,1971-03-01,ME3 BM3,3.3134
1971-02-01,1971-03-01,ME3 BM4,3.043
1971-02-01,1971-03-01,ME3 BM5,4.6743
1971-02-01,1971-03-01,ME4 BM1,7.0845
1971-02-01,1971-03-01,ME4 BM2,6.3195
1971-02-01,1971-03-01,ME4 BM3,4.5797
1971-02-01,1971-03-01,ME4 BM4,2.2209
1971-02-01,1971-03-01,ME4 BM5,3.4981
1971-02-01,1971-03-01,BIG LoBM,5.7194
1971-02-01,1971-03-01,ME5 BM2,2.7839
1971-02-01,1971-03-01,ME5 BM3,5.1839
1971-02-01,1971-03-01,ME5 BM4,1.4104
1971-02-01,1971-03-01,BIG HiBM,2.5049
1971-03-01,1971-04-01,SMALL LoBM,0.7124
1971-03-01,1971-04-01,ME1 BM2,3.4097
1971-03-01,1971-04-01,ME1 BM3,2.79
1971-03-01,1971-04-01,ME1 BM4,2.7398
1971-03-01,1971-04-01,SMALL HiBM,1.5041
1971-03-01,1971-04-01,ME2 BM1,1.9847
1971-03-01,1971-04-01,ME2 BM2,2.5856
1971-03-01,1971-04-01,ME2 BM3,2.2798
1971-03-01,1971-04-01,ME2 BM4,3.1846
1971-03-01,1971-04-01,ME2 BM5,6.6485
1971-03-01,1971-04-01,ME3 BM1,6.2673
1971-03-01,1971-04-01,ME3 BM2,4.3641
1971-03-01,1971-04-01,ME3 BM3,4.6881
1971-03-01,1971-04-01,ME3 BM4,2.1873
1971-03-01,1971-04-01,ME3 BM5,8.3662
1971-03-01,1971-04-01,ME4 BM1,2.9407
1971-03-01,1971-04-01,ME4 BM2,3.158
1971-03-01,1971-04-01,ME4 BM3,1.8023
1971-03-01,1971-04-01,ME4 BM4,4.1375
1971-03-01,1971-04-01,ME4 BM5,9.2164
1971-03-01,1971-04-01,BIG LoBM,3.5182
1971-03-01,1971-04-01,ME5 BM2,5.6089
1971-03-01,1971-04-01,ME5 BM3,0.6861
1971-03-01,1971-04-01,ME5 BM4,2.5394
1971-03-01,1971-04-01,BIG HiBM,6.1573
1971-04-01,1971-05-01,SMALL LoBM,-7.2251
1971-04-01,1971-05-01,ME1 BM2,-5.6007
1971-04-01,1971-05-01,ME1 BM3,-6.698
1971-04-01,1971-05-01,ME1 BM4,-5.4692
1971-04-01,1971-05-01,SMALL HiBM,-6.2382
1971-04-01,1971-05-01,ME2 BM1,-2.8852
1971-04-01,1971-05-01,ME2 BM2,-6.2101
1971-04-01,1971-05-01,ME2 BM3,-5.3107
1971-04-01,1971-05-01,ME2 BM4,-4.5524
1971-04-01,1971-05-01,ME2 BM5,-4.507
1971-04-01,1971-05-01,ME3 BM1,-4.1922
1971-04-01,1971-05-01,ME3 BM2,-2.7397
1971-04-01,1971-05-01,ME3 BM3,-5.1426
1971-04-01,1971-05-01,ME3 BM4,-3.482
1971-04-01,1971-05-01,ME3 BM5,-3.9762
1971-04-01,1971-05-01,ME4 BM1,-1.835
1971-04-01,1971-05-01,ME4 BM2,-3.3665
1971-04-01,1971-05-01,ME4 BM3,-4.3334
1971-04-01,1971-05-01,ME4 BM4,-3.1108
1971-04-01,1971-05-01,ME4 BM5,-4.1404
1971-04-01,1971-05-01,BIG LoBM,-2.4665
1971-04-01,1971-05-01,ME5 BM2,-4.3336
1971-04-01,1971-05-01,ME5 BM3,-4.2425
1971-04-01,1971-05-01,ME5 BM4,-5.0257
1971-04-01,1971-05-01,BIG HiBM,-3.9279
1971-05-01,1971-06-01,SMALL LoBM,-1.051
1971-05-01,1971-06-01,ME1 BM2,-3.4146
1971-05-01,1971-06-01,ME1 BM3,-2.058
1971-05-01,1971-06-01,ME1 BM4,-1.2362
1971-05-01,1971-06-01,SMALL HiBM,-2.1945
1971-05-01,1971-06-01,ME2 BM1,3.4435
1971-05-01,1971-06-01,ME2 BM2,-1.6005
1971-05-01,1971-06-01,ME2 BM3,0.5458
1971-05-01,1971-06-01,ME2 BM4,-2.1863
1971-05-01,1971-06-01,ME2 BM5,-3.3797
1971-05-01,1971-06-01,ME3 BM1,-1.3374
1971-05-01,1971-06-01,ME3 BM2,1.2542
1971-05-01,1971-06-01,ME3 BM3,-0.9022
1971-05-01,1971-06-01,ME3 BM4,-2.7383
1971-05-01,1971-06-01,ME3 BM5,-1.322
1971-05-01,1971-06-01,ME4 BM1,1.0181
1971-05-01,1971-06-01,ME4 BM2,1.0991
1971-05-01,1971-06-01,ME4 BM3,2.2623
1971-05-01,1971-06-01,ME4 BM4,0.4725
1971-05-01,1971-06-01,ME4 BM5,-4.0397
1971-05-01,1971-06-01,BIG LoBM,1.1907
1971-05-01,1971-06-01,ME5 BM2,-1.118
1971-05-01,1971-06-01,ME5 BM3,0.3596
1971-05-01,1971-06-01,ME5 BM4,0.7523
1971-05-01,1971-06-01,BIG HiBM,-0.0136
1971-06-01,1971-07-01,SMALL LoBM,-8.693
1971-06-01,1971-07-01,ME1 BM2,-8.2536
1971-06-01,1971-07-01,ME1 BM3,-7.1377
1971-06-01,1971-07-01,ME1 BM4,-5.9026
1971-06-01,1971-07-01,SMALL HiBM,-6.1237
1971-06-01,1971-07-01,ME2 BM1,-6.254
1971-06-01,1971-07-01,ME2 BM2,-5.0212
1971-06-01,1971-07-01,ME2 BM3,-3.8452
1971-06-01,1971-07-01,ME2 BM4,-6.8894
1971-06-01,1971-07-01,ME2 BM5,-6.0689
1971-06-01,1971-07-01,ME3 BM1,-7.7801
1971-06-01,1971-07-01,ME3 BM2,-4.6226
1971-06-01,1971-07-01,ME3 BM3,-3.0208
1971-06-01,1971-07-01,ME3 BM4,-5.6164
1971-06-01,1971-07-01,ME3 BM5,-4.8645
1971-06-01,1971-07-01,ME4 BM1,-3.3611
1971-06-01,1971-07-01,ME4 BM2,-4.1775
1971-06-01,1971-07-01,ME4 BM3,-3.8308
1971-06-01,1971-07-01,ME4 BM4,-4.1529
1971-06-01,1971-07-01,ME4 BM5,-7.6865
1971-06-01,1971-07-01,BIG LoBM,-3.8997
1971-06-01,1971-07-01,ME5 BM2,-4.2359
1971-06-01,1971-07-01,ME5 BM3,-3.2809
1971-06-01,1971-07-01,ME5 BM4,-3.2967
1971-06-01,1971-07-01,BIG HiBM,-5.4943
1971-07-01,1971-08-01,SMALL LoBM,3.3568
1971-07-01,1971-08-01,ME1 BM2,4.3553
1971-07-01,1971-08-01,ME1 BM3,3.2447
1971-07-01,1971-08-01,ME1 BM4,4.5109
1971-07-01,1971-08-01,SMALL HiBM,5.5905
1971-07-01,1971-08-01,ME2 BM1,3.8126
1971-07-01,1971-08-01,ME2 BM2,7.4508
1971-07-01,1971-08-01,ME2 BM3,3.5009
1971-07-01,1971-08-01,ME2 BM4,5.6475
1971-07-01,1971-08-01,ME2 BM5,8.3463
1971-07-01,1971-08-01,ME3 BM1,6.5752
1971-07-01,1971-08-01,ME3 BM2,4.553
1971-07-01,1971-08-01,ME3 BM3,2.2789
1971-07-01,1971-08-01,ME3 BM4,6.5719
1971-07-01,1971-08-01,ME3 BM5,9.0763
1971-07-01,1971-08-01,ME4 BM1,6.8631
1971-07-01,1971-08-01,ME4 BM2,3.8291
1971-07-01,1971-08-01,ME4 BM3,2.6126
1971-07-01,1971-08-01,ME4 BM4,3.3057
1971-07-01,1971-08-01,ME4 BM5,10.4271
1971-07-01,1971-08-01,BIG LoBM,5.3477
1971-07-01,1971-08-01,ME5 BM2,4.867
1971-07-01,1971-08-01,ME5 BM3,-1.1243
1971-07-01,1971-08-01,ME5 BM4,1.9668
1971-07-01,1971-08-01,BIG HiBM,13.6489
1971-08-01,1971-09-01,SMALL LoBM,1.6029
1971-08-01,1971-09-01,ME1 BM2,1.8328
1971-08-01,1971-09-01,ME1 BM3,-0.449
1971-08-01,1971-09-01,ME1 BM4,-0.5917
1971-08-01,1971-09-01,SMALL HiBM,-2.1538
1971-08-01,1971-09-01,ME2 BM1,2.2058
1971-08-01,1971-09-01,ME2 BM2,-0.8946
1971-08-01,1971-09-01,ME2 BM3,-1.8581
1971-08-01,1971-09-01,ME2 BM4,-1.9291
1971-08-01,1971-09-01,ME2 BM5,-2.3013
1971-08-01,1971-09-01,ME3 BM1,1.342
1971-08-01,1971-09-01,ME3 BM2,0.0526
1971-08-01,1971-09-01,ME3 BM3,-1.1477
1971-08-01,1971-09-01,ME3 BM4,-0.944
1971-08-01,1971-09-01,ME3 BM5,-3.1595
1971-08-01,1971-09-01,ME4 BM1,1.93
1971-08-01,1971-09-01,ME4 BM2,-0.9536
1971-08-01,1971-09-01,ME4 BM3,-0.1321
1971-08-01,1971-09-01,ME4 BM4,-0.2522
1971-08-01,1971-09-01,ME4 BM5,-4.5547
1971-08-01,1971-09-01,BIG LoBM,0.2972
1971-08-01,1971-09-01,ME5 BM2,-1.2755
1971-08-01,1971-09-01,ME5 BM3,-1.2298
1971-08-01,1971-09-01,ME5 BM4,-1.4557
1971-08-01,1971-09-01,BIG HiBM,-2.1485
1971-09-01,1971-10-01,SMALL LoBM,-7.6143
1971-09-01,1971-10-01,ME1 BM2,-7.061
1971-09-01,1971-10-01,ME1 BM3,-6.7632
1971-09-01,1971-10-01,ME1 BM4,-4.6593
1971-09-01,1971-10-01,SMALL HiBM,-7.1225
1971-09-01,1971-10-01,ME2 BM1,-5.7051
1971-09-01,1971-10-01,ME2 BM2,-5.3662
1971-09-01,1971-10-01,ME2 BM3,-3.3106
1971-09-01,1971-10-01,ME2 BM4,-4.6369
1971-09-01,1971-10-01,ME2 BM5,-6.4835
1971-09-01,1971-10-01,ME3 BM1,-7.7964
1971-09-01,1971-10-01,ME3 BM2,-6.48
1971-09-01,1971-10-01,ME3 BM3,-2.7308
1971-09-01,1971-10-01,ME3 BM4,-5.0827
1971-09-01,1971-10-01,ME3 BM5,-4.7511
1971-09-01,1971-10-01,ME4 BM1,-3.078
1971-09-01,1971-10-01,ME4 BM2,-3.3959
1971-09-01,1971-10-01,ME4 BM3,-2.245
1971-09-01,1971-10-01,ME4 BM4,-5.7328
1971-09-01,1971-10-01,ME4 BM5,-5.8504
1971-09-01,1971-10-01,BIG LoBM,-3.5413
1971-09-01,1971-10-01,ME5 BM2,-6.1529
1971-09-01,1971-10-01,ME5 BM3,-3.0175
1971-09-01,1971-10-01,ME5 BM4,-2.7071
1971-09-01,1971-10-01,BIG HiBM,-4.0209
1971-10-01,1971-11-01,SMALL LoBM,-3.4626
1971-10-01,1971-11-01,ME1 BM2,-5.9476
1971-10-01,1971-11-01,ME1 BM3,-3.6287
1971-10-01,1971-11-01,ME1 BM4,-4.4754
1971-10-01,1971-11-01,SMALL HiBM,-5.4706
1971-10-01,1971-11-01,ME2 BM1,-2.0391
1971-10-01,1971-11-01,ME2 BM2,-2.3105
1971-10-01,1971-11-01,ME2 BM3,-1.7141
1971-10-01,1971-11-01,ME2 BM4,-2.7939
1971-10-01,1971-11-01,ME2 BM5,-2.0645
1971-10-01,1971-11-01,ME3 BM1,-1.8154
1971-10-01,1971-11-01,ME3 BM2,-1.1941
1971-10-01,1971-11-01,ME3 BM3,-1.194
1971-10-01,1971-11-01,ME3 BM4,-3.9562
1971-10-01,1971-11-01,ME3 BM5,-4.9385
1971-10-01,1971-11-01,ME4 BM1,0.1973
1971-10-01,1971-11-01,ME4 BM2,-1.8558
1971-10-01,1971-11-01,ME4 BM3,-2.4895
1971-10-01,1971-11-01,ME4 BM4,0.747
1971-10-01,1971-11-01,ME4 BM5,-4.2032
1971-10-01,1971-11-01,BIG LoBM,1.053
1971-10-01,1971-11-01,ME5 BM2,0.6682
1971-10-01,1971-11-01,ME5 BM3,0.2505
1971-10-01,1971-11-01,ME5 BM4,-0.55
1971-10-01,1971-11-01,BIG HiBM,0.2865
1971-11-01,1971-12-01,SMALL LoBM,14.1158
1971-11-01,1971-12-01,ME1 BM2,13.9603
1971-11-01,1971-12-01,ME1 BM3,11.0308
1971-11-01,1971-12-01,ME1 BM4,11.8317
1971-11-01,1971-12-01,SMALL HiBM,12.9625
1971-11-01,1971-12-01,ME2 BM1,12.8132
1971-11-01,1971-12-01,ME2 BM2,13.9788
1971-11-01,1971-12-01,ME2 BM3,12.7723
1971-11-01,1971-12-01,ME2 BM4,11.0867
1971-11-01,1971-12-01,ME2 BM5,12.4891
1971-11-01,1971-12-01,ME3 BM1,13.6589
1971-11-01,1971-12-01,ME3 BM2,9.9252
1971-11-01,1971-12-01,ME3 BM3,10.148
1971-11-01,1971-12-01,ME3 BM4,11.8165
1971-11-01,1971-12-01,ME3 BM5,11.8179
1971-11-01,1971-12-01,ME4 BM1,12.4427
1971-11-01,1971-12-01,ME4 BM2,9.5834
1971-11-01,1971-12-01,ME4 BM3,8.622
1971-11-01,1971-12-01,ME4 BM4,8.0027
1971-11-01,1971-12-01,ME4 BM5,12.5141
1971-11-01,1971-12-01,BIG LoBM,8.3917
1971-11-01,1971-12-01,ME5 BM2,9.8387
1971-11-01,1971-12-01,ME5 BM3,8.5138
1971-11-01,1971-12-01,ME5 BM4,6.94
1971-11-01,1971-12-01,BIG HiBM,8.9455
1971-12-01,1972-01-01,SMALL LoBM,14.2909
1971-12-01,1972-01-01,ME1 BM2,13.8985
1971-12-01,1972-01-01,ME1 BM3,11.5459
1971-12-01,1972-01-01,ME1 BM4,10.7206
1971-12-01,1972-01-01,SMALL HiBM,14.668
1971-12-01,1972-01-01,ME2 BM1,8.2785
1971-12-01,1972-01-01,ME2 BM2,6.7927
1971-12-01,1972-01-01,ME2 BM3,5.4259
1971-12-01,1972-01-01,ME2 BM4,6.9906
1971-12-01,1972-01-01,ME2 BM5,10.4317
1971-12-01,1972-01-01,ME3 BM1,5.3639
1971-12-01,1972-01-01,ME3 BM2,4.4874
1971-12-01,1972-01-01,ME3 BM3,2.394
1971-12-01,1972-01-01,ME3 BM4,5.5107
1971-12-01,1972-01-01,ME3 BM5,7.9983
1971-12-01,1972-01-01,ME4 BM1,2.8103
1971-12-01,1972-01-01,ME4 BM2,1.9338
1971-12-01,1972-01-01,ME4 BM3,1.724
1971-12-01,1972-01-01,ME4 BM4,3.2088
1971-12-01,1972-01-01,ME4 BM5,7.9686
1971-12-01,1972-01-01,BIG LoBM,2.7438
1971-12-01,1972-01-01,ME5 BM2,0.6149
1971-12-01,1972-01-01,ME5 BM3,-0.6653
1971-12-01,1972-01-01,ME5 BM4,0.8173
1971-12-01,1972-01-01,BIG HiBM,6.3915
1972-01-01,1972-02-01,SMALL LoBM,3.1049
1972-01-01,1972-02-01,ME1 BM2,5.5733
1972-01-01,1972-02-01,ME1 BM3,4.3438
1972-01-01,1972-02-01,ME1 BM4,4.2718
1972-01-01,1972-02-01,SMALL HiBM,3.4596
1972-01-01,1972-02-01,ME2 BM1,5.1515
1972-01-01,1972-02-01,ME2 BM2,4.5114
1972-01-01,1972-02-01,ME2 BM3,4.2193
1972-01-01,1972-02-01,ME2 BM4,1.9249
1972-01-01,1972-02-01,ME2 BM5,3.694
1972-01-01,1972-02-01,ME3 BM1,6.5406
1972-01-01,1972-02-01,ME3 BM2,4.382
1972-01-01,1972-02-01,ME3 BM3,1.6947
1972-01-01,1972-02-01,ME3 BM4,0.509
1972-01-01,1972-02-01,ME3 BM5,2.0938
1972-01-01,1972-02-01,ME4 BM1,5.5301
1972-01-01,1972-02-01,ME4 BM2,1.5444
1972-01-01,1972-02-01,ME4 BM3,0.0138
1972-01-01,1972-02-01,ME4 BM4,2.1711
1972-01-01,1972-02-01,ME4 BM5,0.3998
1972-01-01,1972-02-01,BIG LoBM,4.6863
1972-01-01,1972-02-01,ME5 BM2,2.454
1972-01-01,1972-02-01,ME5 BM3,1.1482
1972-01-01,1972-02-01,ME5 BM4,0.3758
1972-01-01,1972-02-01,BIG HiBM,0.0593
1972-02-01,1972-03-01,SMALL LoBM,2.0309
1972-02-01,1972-03-01,ME1 BM2,0.5014
1972-02-01,1972-03-01,ME1 BM3,-1.8262
1972-02-01,1972-03-01,ME1 BM4,-1.3869
1972-02-01,1972-03-01,SMALL HiBM,-0.8486
1972-02-01,1972-03-01,ME2 BM1,2.0305
1972-02-01,1972-03-01,ME2 BM2,1.6417
1972-02-01,1972-03-01,ME2 BM3,-0.9065
1972-02-01,1972-03-01,ME2 BM4,-0.7354
1972-02-01,1972-03-01,ME2 BM5,-1.3561
1972-02-01,1972-03-01,ME3 BM1,2.6255
1972-02-01,1972-03-01,ME3 BM2,1.0574
1972-02-01,1972-03-01,ME3 BM3,1.6183
1972-02-01,1972-03-01,ME3 BM4,0.8502
1972-02-01,1972-03-01,ME3 BM5,-1.4241
1972-02-01,1972-03-01,ME4 BM1,0.9864
1972-02-01,1972-03-01,ME4 BM2,-0.2784
1972-02-01,1972-03-01,ME4 BM3,3.177
1972-02-01,1972-03-01,ME4 BM4,1.6582
1972-02-01,1972-03-01,ME4 BM5,1.169
1972-02-01,1972-03-01,BIG LoBM,2.5422
1972-02-01,1972-03-01,ME5 BM2,0.4736
1972-02-01,1972-03-01,ME5 BM3,-3.1086
1972-02-01,1972-03-01,ME5 BM4,-1.9093
1972-02-01,1972-03-01,BIG HiBM,2.8562
1972-03-01,1972-04-01,SMALL LoBM,0.1183
1972-03-01,1972-04-01,ME1 BM2,0.591
1972-03-01,1972-04-01,ME1 BM3,-1.0359
1972-03-01,1972-04-01,ME1 BM4,1.0529
1972-03-01,1972-04-01,SMALL HiBM,1.1717
1972-03-01,1972-04-01,ME2 BM1,0.1923
1972-03-01,1972-04-01,ME2 BM2,0.6046
1972-03-01,1972-04-01,ME2 BM3,2.059
1972-03-01,1972-04-01,ME2 BM4,1.5404
1972-03-01,1972-04-01,ME2 BM5,1.6177
1972-03-01,1972-04-01,ME3 BM1,1.7915
1972-03-01,1972-04-01,ME3 BM2,-0.984
1972-03-01,1972-04-01,ME3 BM3,-0.0266
1972-03-01,1972-04-01,ME3 BM4,1.1069
1972-03-01,1972-04-01,ME3 BM5,-0.1865
1972-03-01,1972-04-01,ME4 BM1,-0.9759
1972-03-01,1972-04-01,ME4 BM2,-0.6119
1972-03-01,1972-04-01,ME4 BM3,-0.3745
1972-03-01,1972-04-01,ME4 BM4,1.2523
1972-03-01,1972-04-01,ME4 BM5,3.5201
1972-03-01,1972-04-01,BIG LoBM,0.9814
1972-03-01,1972-04-01,ME5 BM2,1.2741
1972-03-01,1972-04-01,ME5 BM3,0.1887
1972-03-01,1972-04-01,ME5 BM4,0.1583
1972-03-01,1972-04-01,BIG HiBM,-1.0934
1972-04-01,1972-05-01,SMALL LoBM,-2.0591
1972-04-01,1972-05-01,ME1 BM2,-1.97
1972-04-01,1972-05-01,ME1 BM3,-3.7037
1972-04-01,1972-05-01,ME1 BM4,-2.1705
1972-04-01,1972-05-01,SMALL HiBM,-2.4142
1972-04-01,1972-05-01,ME2 BM1,-0.4057
1972-04-01,1972-05-01,ME2 BM2,-1.575
1972-04-01,1972-05-01,ME2 BM3,-1.9418
1972-04-01,1972-05-01,ME2 BM4,-3.4782
1972-04-01,1972-05-01,ME2 BM5,-1.7592
1972-04-01,1972-05-01,ME3 BM1,1.4503
1972-04-01,1972-05-01,ME3 BM2,-2.1582
1972-04-01,1972-05-01,ME3 BM3,1.0055
1972-04-01,1972-05-01,ME3 BM4,-1.1291
1972-04-01,1972-05-01,ME3 BM5,-4.0373
1972-04-01,1972-05-01,ME4 BM1,4.1909
1972-04-01,1972-05-01,ME4 BM2,-1.908
1972-04-01,1972-05-01,ME4 BM3,-1.3047
1972-04-01,1972-05-01,ME4 BM4,-0.1437
1972-04-01,1972-05-01,ME4 BM5,0.6327
1972-04-01,1972-05-01,BIG LoBM,3.278
1972-04-01,1972-05-01,ME5 BM2,-0.5756
1972-04-01,1972-05-01,ME5 BM3,3.0205
1972-04-01,1972-05-01,ME5 BM4,0.9967
1972-04-01,1972-05-01,BIG HiBM,-2.6838
1972-05-01,1972-06-01,SMALL LoBM,-4.1986
1972-05-01,1972-06-01,ME1 BM2,-4.2656
1972-05-01,1972-06-01,ME1 BM3,-3.5004
1972-05-01,1972-06-01,ME1 BM4,-3.0135
1972-05-01,1972-06-01,SMALL HiBM,-4.0
1972-05-01,1972-06-01,ME2 BM1,-3.942
1972-05-01,1972-06-01,ME2 BM2,-3.3006
1972-05-01,1972-06-01,ME2 BM3,-1.5547
1972-05-01,1972-06-01,ME2 BM4,-1.3559
1972-05-01,1972-06-01,ME2 BM5,0.9341
1972-05-01,1972-06-01,ME3 BM1,0.1678
1972-05-01,1972-06-01,ME3 BM2,-1.961
1972-05-01,1972-06-01,ME3 BM3,-3.9556
1972-05-01,1972-06-01,ME3 BM4,-5.3319
1972-05-01,1972-06-01,ME3 BM5,-5.8658
1972-05-01,1972-06-01,ME4 BM1,-4.24
1972-05-01,1972-06-01,ME4 BM2,-2.2103
1972-05-01,1972-06-01,ME4 BM3,-2.1552
1972-05-01,1972-06-01,ME4 BM4,-4.5865
1972-05-01,1972-06-01,ME4 BM5,-7.8073
1972-05-01,1972-06-01,BIG LoBM,-0.7118
1972-05-01,1972-06-01,ME5 BM2,-3.4758
1972-05-01,1972-06-01,ME5 BM3,-2.5874
1972-05-01,1972-06-01,ME5 BM4,-2.3438
1972-05-01,1972-06-01,BIG HiBM,-6.6753
1972-06-01,1972-07-01,SMALL LoBM,-6.7371
1972-06-01,1972-07-01,ME1 BM2,-5.0427
1972-06-01,1972-07-01,ME1 BM3,-3.5886
1972-06-01,1972-07-01,ME1 BM4,-3.5917
1972-06-01,1972-07-01,SMALL HiBM,-2.7995
1972-06-01,1972-07-01,ME2 BM1,-5.3413
1972-06-01,1972-07-01,ME2 BM2,-4.8612
1972-06-01,1972-07-01,ME2 BM3,-3.4421
1972-06-01,1972-07-01,ME2 BM4,-1.9366
1972-06-01,1972-07-01,ME2 BM5,-4.1951
1972-06-01,1972-07-01,ME3 BM1,-3.3655
1972-06-01,1972-07-01,ME3 BM2,-1.4709
1972-06-01,1972-07-01,ME3 BM3,-3.1631
1972-06-01,1972-07-01,ME3 BM4,-0.9783
1972-06-01,1972-07-01,ME3 BM5,-0.3573
1972-06-01,1972-07-01,ME4 BM1,-3.6342
1972-06-01,1972-07-01,ME4 BM2,-2.8261
1972-06-01,1972-07-01,ME4 BM3,-2.0681
1972-06-01,1972-07-01,ME4 BM4,0.0058
1972-06-01,1972-07-01,ME4 BM5,-2.5804
1972-06-01,1972-07-01,BIG LoBM,1.616
1972-06-01,1972-07-01,ME5 BM2,-1.539
1972-06-01,1972-07-01,ME5 BM3,0.254
1972-06-01,1972-07-01,ME5 BM4,-1.3746
1972-06-01,1972-07-01,BIG HiBM,-1.6451
1972-07-01,1972-08-01,SMALL LoBM,-1.507
1972-07-01,1972-08-01,ME1 BM2,-2.3555
1972-07-01,1972-08-01,ME1 BM3,1.1239
1972-07-01,1972-08-01,ME1 BM4,-0.4669
1972-07-01,1972-08-01,SMALL HiBM,2.2496
1972-07-01,1972-08-01,ME2 BM1,-0.5063
1972-07-01,1972-08-01,ME2 BM2,-1.6265
1972-07-01,1972-08-01,ME2 BM3,1.6323
1972-07-01,1972-08-01,ME2 BM4,1.6127
1972-07-01,1972-08-01,ME2 BM5,5.2534
1972-07-01,1972-08-01,ME3 BM1,0.2251
1972-07-01,1972-08-01,ME3 BM2,2.1338
1972-07-01,1972-08-01,ME3 BM3,2.8098
1972-07-01,1972-08-01,ME3 BM4,5.6772
1972-07-01,1972-08-01,ME3 BM5,2.8455
1972-07-01,1972-08-01,ME4 BM1,0.1321
1972-07-01,1972-08-01,ME4 BM2,2.6995
1972-07-01,1972-08-01,ME4 BM3,4.8851
1972-07-01,1972-08-01,ME4 BM4,5.2513
1972-07-01,1972-08-01,ME4 BM5,7.0215
1972-07-01,1972-08-01,BIG LoBM,0.7528
1972-07-01,1972-08-01,ME5 BM2,6.8195
1972-07-01,1972-08-01,ME5 BM3,7.3998
1972-07-01,1972-08-01,ME5 BM4,8.9123
1972-07-01,1972-08-01,BIG HiBM,6.1666
1972-08-01,1972-09-01,SMALL LoBM,-4.8516
1972-08-01,1972-09-01,ME1 BM2,-4.8496
1972-08-01,1972-09-01,ME1 BM3,-4.461
1972-08-01,1972-09-01,ME1 BM4,-3.9429
1972-08-01,1972-09-01,SMALL HiBM,-4.1595
1972-08-01,1972-09-01,ME2 BM1,-3.507
1972-08-01,1972-09-01,ME2 BM2,-3.7835
1972-08-01,1972-09-01,ME2 BM3,-2.069
1972-08-01,1972-09-01,ME2 BM4,-2.5292
1972-08-01,1972-09-01,ME2 BM5,-2.9758
1972-08-01,1972-09-01,ME3 BM1,-1.3199
1972-08-01,1972-09-01,ME3 BM2,-2.8535
1972-08-01,1972-09-01,ME3 BM3,-0.9979
1972-08-01,1972-09-01,ME3 BM4,-2.0888
1972-08-01,1972-09-01,ME3 BM5,-2.7168
1972-08-01,1972-09-01,ME4 BM1,-1.9283
1972-08-01,1972-09-01,ME4 BM2,-3.2491
1972-08-01,1972-09-01,ME4 BM3,-0.5786
1972-08-01,1972-09-01,ME4 BM4,-2.373
1972-08-01,1972-09-01,ME4 BM5,-4.0723
1972-08-01,1972-09-01,BIG LoBM,0.1573
1972-08-01,1972-09-01,ME5 BM2,-1.629
1972-08-01,1972-09-01,ME5 BM3,-1.8187
1972-08-01,1972-09-01,ME5 BM4,2.0076
1972-08-01,1972-09-01,BIG HiBM,-3.76
1972-09-01,1972-10-01,SMALL LoBM,-3.5696
1972-09-01,1972-10-01,ME1 BM2,-2.7272
1972-09-01,1972-10-01,ME1 BM3,-2.467
1972-09-01,1972-10-01,ME1 BM4,-2.2129
1972-09-01,1972-10-01,SMALL HiBM,-1.9552
1972-09-01,1972-10-01,ME2 BM1,-4.0685
1972-09-01,1972-10-01,ME2 BM2,-0.4292
1972-09-01,1972-10-01,ME2 BM3,1.5488
1972-09-01,1972-10-01,ME2 BM4,0.5279
1972-09-01,1972-10-01,ME2 BM5,-0.4729
1972-09-01,1972-10-01,ME3 BM1,-2.9586
1972-09-01,1972-10-01,ME3 BM2,-0.8236
1972-09-01,1972-10-01,ME3 BM3,1.5119
1972-09-01,1972-10-01,ME3 BM4,0.6182
1972-09-01,1972-10-01,ME3 BM5,-0.5841
1972-09-01,1972-10-01,ME4 BM1,-1.6237
1972-09-01,1972-10-01,ME4 BM2,0.2499
1972-09-01,1972-10-01,ME4 BM3,1.0631
1972-09-01,1972-10-01,ME4 BM4,2.3506
1972-09-01,1972-10-01,ME4 BM5,-0.6988
1972-09-01,1972-10-01,BIG LoBM,0.9982
1972-09-01,1972-10-01,ME5 BM2,0.9907
1972-09-01,1972-10-01,ME5 BM3,2.1373
1972-09-01,1972-10-01,ME5 BM4,2.3989
1972-09-01,1972-10-01,BIG HiBM,1.0565
1972-10-01,1972-11-01,SMALL LoBM,0.6383
1972-10-01,1972-11-01,ME1 BM2,4.1349
1972-10-01,1972-11-01,ME1 BM3,4.2884
1972-10-01,1972-11-01,ME1 BM4,5.9963
1972-10-01,1972-11-01,SMALL HiBM,5.8901
1972-10-01,1972-11-01,ME2 BM1,4.1785
1972-10-01,1972-11-01,ME2 BM2,4.7685
1972-10-01,1972-11-01,ME2 BM3,7.6456
1972-10-01,1972-11-01,ME2 BM4,4.7139
1972-10-01,1972-11-01,ME2 BM5,7.1715
1972-10-01,1972-11-01,ME3 BM1,3.1327
1972-10-01,1972-11-01,ME3 BM2,4.2273
1972-10-01,1972-11-01,ME3 BM3,6.501
1972-10-01,1972-11-01,ME3 BM4,7.8544
1972-10-01,1972-11-01,ME3 BM5,7.481
1972-10-01,1972-11-01,ME4 BM1,6.7518
1972-10-01,1972-11-01,ME4 BM2,6.9367
1972-10-01,1972-11-01,ME4 BM3,7.026
1972-10-01,1972-11-01,ME4 BM4,7.0691
1972-10-01,1972-11-01,ME4 BM5,10.923
1972-10-01,1972-11-01,BIG LoBM,1.6207
1972-10-01,1972-11-01,ME5 BM2,6.7555
1972-10-01,1972-11-01,ME5 BM3,6.6457
1972-10-01,1972-11-01,ME5 BM4,8.119
1972-10-01,1972-11-01,BIG HiBM,13.854
1972-11-01,1972-12-01,SMALL LoBM,-1.9096
1972-11-01,1972-12-01,ME1 BM2,-2.9721
1972-11-01,1972-12-01,ME1 BM3,-2.8783
1972-11-01,1972-12-01,ME1 BM4,-2.5613
1972-11-01,1972-12-01,SMALL HiBM,-1.5626
1972-11-01,1972-12-01,ME2 BM1,-0.5915
1972-11-01,1972-12-01,ME2 BM2,-2.6345
1972-11-01,1972-12-01,ME2 BM3,0.1867
1972-11-01,1972-12-01,ME2 BM4,-3.3134
1972-11-01,1972-12-01,ME2 BM5,-2.4192
1972-11-01,1972-12-01,ME3 BM1,0.8022
1972-11-01,1972-12-01,ME3 BM2,-0.297
1972-11-01,1972-12-01,ME3 BM3,-0.4741
1972-11-01,1972-12-01,ME3 BM4,-1.3168
1972-11-01,1972-12-01,ME3 BM5,-2.8743
1972-11-01,1972-12-01,ME4 BM1,0.3942
1972-11-01,1972-12-01,ME4 BM2,-1.4356
1972-11-01,1972-12-01,ME4 BM3,-0.9637
1972-11-01,1972-12-01,ME4 BM4,-1.5005
1972-11-01,1972-12-01,ME4 BM5,-4.4243
1972-11-01,1972-12-01,BIG LoBM,3.7077
1972-11-01,1972-12-01,ME5 BM2,-0.0452
1972-11-01,1972-12-01,ME5 BM3,-0.636
1972-11-01,1972-12-01,ME5 BM4,-0.0607
1972-11-01,1972-12-01,BIG HiBM,-2.6358
1972-12-01,1973-01-01,SMALL LoBM,-8.2353
1972-12-01,1973-01-01,ME1 BM2,-4.1703
1972-12-01,1973-01-01,ME1 BM3,-3.7418
1972-12-01,1973-01-01,ME1 BM4,-3.5422
1972-12-01,1973-01-01,SMALL HiBM,-1.4036
1972-12-01,1973-01-01,ME2 BM1,-10.6243
1972-12-01,1973-01-01,ME2 BM2,-5.7361
1972-12-01,1973-01-01,ME2 BM3,-6.8526
1972-12-01,1973-01-01,ME2 BM4,-2.5851
1972-12-01,1973-01-01,ME2 BM5,-5.9936
1972-12-01,1973-01-01,ME3 BM1,-7.4501
1972-12-01,1973-01-01,ME3 BM2,-7.7104
1972-12-01,1973-01-01,ME3 BM3,-5.9861
1972-12-01,1973-01-01,ME3 BM4,-3.5535
1972-12-01,1973-01-01,ME3 BM5,-5.3689
1972-12-01,1973-01-01,ME4 BM1,-6.3545
1972-12-01,1973-01-01,ME4 BM2,-7.7212
1972-12-01,1973-01-01,ME4 BM3,-5.6412
1972-12-01,1973-01-01,ME4 BM4,-3.4546
1972-12-01,1973-01-01,ME4 BM5,-4.5369
1972-12-01,1973-01-01,BIG LoBM,-1.6008
1972-12-01,1973-01-01,ME5 BM2,-3.9189
1972-12-01,1973-01-01,ME5 BM3,-1.0486
1972-12-01,1973-01-01,ME5 BM4,0.6285
1972-12-01,1973-01-01,BIG HiBM,-4.3611
1973-01-01,1973-02-01,SMALL LoBM,-14.0724
1973-01-01,1973-02-01,ME1 BM2,-8.8725
1973-01-01,1973-02-01,ME1 BM3,-8.7173
1973-01-01,1973-02-01,ME1 BM4,-7.9842
1973-01-01,1973-02-01,SMALL HiBM,-5.8995
1973-01-01,1973-02-01,ME2 BM1,-13.7546
1973-01-01,1973-02-01,ME2 BM2,-8.0697
1973-01-01,1973-02-01,ME2 BM3,-7.3379
1973-01-01,1973-02-01,ME2 BM4,-5.7697
1973-01-01,1973-02-01,ME2 BM5,-5.5491
1973-01-01,1973-02-01,ME3 BM1,-11.3053
1973-01-01,1973-02-01,ME3 BM2,-8.2496
1973-01-01,1973-02-01,ME3 BM3,-7.4249
1973-01-01,1973-02-01,ME3 BM4,-3.3674
1973-01-01,1973-02-01,ME3 BM5,-6.9672
1973-01-01,1973-02-01,ME4 BM1,-8.0046
1973-01-01,1973-02-01,ME4 BM2,-8.3208
1973-01-01,1973-02-01,ME4 BM3,-4.5091
1973-01-01,1973-02-01,ME4 BM4,-3.6302
1973-01-01,1973-02-01,ME4 BM5,-2.2767
1973-01-01,1973-02-01,BIG LoBM,-2.2274
1973-01-01,1973-02-01,ME5 BM2,-2.9497
1973-01-01,1973-02-01,ME5 BM3,-4.9409
1973-01-01,1973-02-01,ME5 BM4,-5.9409
1973-01-01,1973-02-01,BIG HiBM,-3.3864
1973-02-01,1973-03-01,SMALL LoBM,-6.3925
1973-02-01,1973-03-01,ME1 BM2,-4.0494
1973-02-01,1973-03-01,ME1 BM3,-2.4571
1973-02-01,1973-03-01,ME1 BM4,-1.0094
1973-02-01,1973-03-01,SMALL HiBM,-1.8602
1973-02-01,1973-03-01,ME2 BM1,-5.0037
1973-02-01,1973-03-01,ME2 BM2,-2.4485
1973-02-01,1973-03-01,ME2 BM3,-2.4409
1973-02-01,1973-03-01,ME2 BM4,-2.177
1973-02-01,1973-03-01,ME2 BM5,-0.283
1973-02-01,1973-03-01,ME3 BM1,-4.4951
1973-02-01,1973-03-01,ME3 BM2,-4.4394
1973-02-01,1973-03-01,ME3 BM3,-2.205
1973-02-01,1973-03-01,ME3 BM4,-1.6521
1973-02-01,1973-03-01,ME3 BM5,0.9617
1973-02-01,1973-03-01,ME4 BM1,-4.0322
1973-02-01,1973-03-01,ME4 BM2,-3.9619
1973-02-01,1973-03-01,ME4 BM3,-1.7675
1973-02-01,1973-03-01,ME4 BM4,-2.3969
1973-02-01,1973-03-01,ME4 BM5,0.699
1973-02-01,1973-03-01,BIG LoBM,-0.731
1973-02-01,1973-03-01,ME5 BM2,-0.9675
1973-02-01,1973-03-01,ME5 BM3,1.8182
1973-02-01,1973-03-01,ME5 BM4,1.8676
1973-02-01,1973-03-01,BIG HiBM,1.5684
1973-03-01,1973-04-01,SMALL LoBM,-12.511
1973-03-01,1973-04-01,ME1 BM2,-9.8493
1973-03-01,1973-04-01,ME1 BM3,-6.6975
1973-03-01,1973-04-01,ME1 BM4,-6.1837
1973-03-01,1973-04-01,SMALL HiBM,-5.3959
1973-03-01,1973-04-01,ME2 BM1,-13.9321
1973-03-01,1973-04-01,ME2 BM2,-9.407
1973-03-01,1973-04-01,ME2 BM3,-5.723
1973-03-01,1973-04-01,ME2 BM4,-4.1639
1973-03-01,1973-04-01,ME2 BM5,-4.9986
1973-03-01,1973-04-01,ME3 BM1,-10.8025
1973-03-01,1973-04-01,ME3 BM2,-6.5345
1973-03-01,1973-04-01,ME3 BM3,-3.8403
1973-03-01,1973-04-01,ME3 BM4,-3.8097
1973-03-01,1973-04-01,ME3 BM5,-4.422
1973-03-01,1973-04-01,ME4 BM1,-10.8936
1973-03-01,1973-04-01,ME4 BM2,-7.9107
1973-03-01,1973-04-01,ME4 BM3,-3.1734
1973-03-01,1973-04-01,ME4 BM4,-2.8442
1973-03-01,1973-04-01,ME4 BM5,-4.2768
1973-03-01,1973-04-01,BIG LoBM,-5.8799
1973-03-01,1973-04-01,ME5 BM2,-3.3741
1973-03-01,1973-04-01,ME5 BM3,-2.129
1973-03-01,1973-04-01,ME5 BM4,-0.742
1973-03-01,1973-04-01,BIG HiBM,-2.7667
1973-04-01,1973-05-01,SMALL LoBM,-11.3772
1973-04-01,1973-05-01,ME1 BM2,-11.2302
1973-04-01,1973-05-01,ME1 BM3,-8.902
1973-04-01,1973-05-01,ME1 BM4,-7.8372
1973-04-01,1973-05-01,SMALL HiBM,-8.3684
1973-04-01,1973-05-01,ME2 BM1,-11.1742
1973-04-01,1973-05-01,ME2 BM2,-9.1356
1973-04-01,1973-05-01,ME2 BM3,-7.798
1973-04-01,1973-05-01,ME2 BM4,-5.7441
1973-04-01,1973-05-01,ME2 BM5,-9.3094
1973-04-01,1973-05-01,ME3 BM1,-9.104
1973-04-01,1973-05-01,ME3 BM2,-8.5407
1973-04-01,1973-05-01,ME3 BM3,-4.3308
1973-04-01,1973-05-01,ME3 BM4,-3.3493
1973-04-01,1973-05-01,ME3 BM5,-6.8255
1973-04-01,1973-05-01,ME4 BM1,-6.8483
1973-04-01,1973-05-01,ME4 BM2,-8.4053
1973-04-01,1973-05-01,ME4 BM3,-2.3104
1973-04-01,1973-05-01,ME4 BM4,-2.5585
1973-04-01,1973-05-01,ME4 BM5,-4.9005
1973-04-01,1973-05-01,BIG LoBM,0.2196
1973-04-01,1973-05-01,ME5 BM2,-1.0717
1973-04-01,1973-05-01,ME5 BM3,-0.9933
1973-04-01,1973-05-01,ME5 BM4,-3.3207
1973-04-01,1973-05-01,BIG HiBM,-5.6495
1973-05-01,1973-06-01,SMALL LoBM,-5.0735
1973-05-01,1973-06-01,ME1 BM2,-3.8913
1973-05-01,1973-06-01,ME1 BM3,-4.851
1973-05-01,1973-06-01,ME1 BM4,-2.7837
1973-05-01,1973-06-01,SMALL HiBM,-2.3574
1973-05-01,1973-06-01,ME2 BM1,-6.9167
1973-05-01,1973-06-01,ME2 BM2,-3.6879
1973-05-01,1973-06-01,ME2 BM3,-2.9353
1973-05-01,1973-06-01,ME2 BM4,-2.1186
1973-05-01,1973-06-01,ME2 BM5,-1.9082
1973-05-01,1973-06-01,ME3 BM1,-6.0736
1973-05-01,1973-06-01,ME3 BM2,-3.0359
1973-05-01,1973-06-01,ME3 BM3,-1.6318
1973-05-01,1973-06-01,ME3 BM4,-1.2679
1973-05-01,1973-06-01,ME3 BM5,-2.7147
1973-05-01,1973-06-01,ME4 BM1,-4.5716
1973-05-01,1973-06-01,ME4 BM2,-3.8065
1973-05-01,1973-06-01,ME4 BM3,-3.1298
1973-05-01,1973-06-01,ME4 BM4,-0.9477
1973-05-01,1973-06-01,ME4 BM5,-3.8522
1973-05-01,1973-06-01,BIG LoBM,-0.3759
1973-05-01,1973-06-01,ME5 BM2,-0.344
1973-05-01,1973-06-01,ME5 BM3,0.8658
1973-05-01,1973-06-01,ME5 BM4,-0.7798
1973-05-01,1973-06-01,BIG HiBM,-2.0346
1973-06-01,1973-07-01,SMALL LoBM,19.072
1973-06-01,1973-07-01,ME1 BM2,16.1685
1973-06-01,1973-07-01,ME1 BM3,11.9528
1973-06-01,1973-07-01,ME1 BM4,13.397
1973-06-01,1973-07-01,SMALL HiBM,10.7737
1973-06-01,1973-07-01,ME2 BM1,21.4626
1973-06-01,1973-07-01,ME2 BM2,14.035
1973-06-01,1973-07-01,ME2 BM3,11.414
1973-06-01,1973-07-01,ME2 BM4,6.7447
1973-06-01,1973-07-01,ME2 BM5,10.0291
1973-06-01,1973-07-01,ME3 BM1,18.8871
1973-06-01,1973-07-01,ME3 BM2,9.6239
1973-06-01,1973-07-01,ME3 BM3,7.9777
1973-06-01,1973-07-01,ME3 BM4,2.3553
1973-06-01,1973-07-01,ME3 BM5,7.7105
1973-06-01,1973-07-01,ME4 BM1,15.3509
1973-06-01,1973-07-01,ME4 BM2,9.038
1973-06-01,1973-07-01,ME4 BM3,6.2119
1973-06-01,1973-07-01,ME4 BM4,3.7711
1973-06-01,1973-07-01,ME4 BM5,8.7438
1973-06-01,1973-07-01,BIG LoBM,5.4259
1973-06-01,1973-07-01,ME5 BM2,5.7071
1973-06-01,1973-07-01,ME5 BM3,-0.1917
1973-06-01,1973-07-01,ME5 BM4,1.9714
1973-06-01,1973-07-01,BIG HiBM,4.2147
1973-07-01,1973-08-01,SMALL LoBM,-5.3985
1973-07-01,1973-08-01,ME1 BM2,-6.8371
1973-07-01,1973-08-01,ME1 BM3,-6.0458
1973-07-01,1973-08-01,ME1 BM4,-5.955
1973-07-01,1973-08-01,SMALL HiBM,-4.5571
1973-07-01,1973-08-01,ME2 BM1,-2.7285
1973-07-01,1973-08-01,ME2 BM2,-7.3372
1973-07-01,1973-08-01,ME2 BM3,-4.7465
1973-07-01,1973-08-01,ME2 BM4,-5.2323
1973-07-01,1973-08-01,ME2 BM5,-4.0975
1973-07-01,1973-08-01,ME3 BM1,-3.026
1973-07-01,1973-08-01,ME3 BM2,-4.468
1973-07-01,1973-08-01,ME3 BM3,-3.4728
1973-07-01,1973-08-01,ME3 BM4,-2.7348
1973-07-01,1973-08-01,ME3 BM5,-0.7739
1973-07-01,1973-08-01,ME4 BM1,-2.4562
1973-07-01,1973-08-01,ME4 BM2,-1.1394
1973-07-01,1973-08-01,ME4 BM3,-2.5192
1973-07-01,1973-08-01,ME4 BM4,-1.8711
1973-07-01,1973-08-01,ME4 BM5,-0.7866
1973-07-01,1973-08-01,BIG LoBM,-3.4389
1973-07-01,1973-08-01,ME5 BM2,-2.2276
1973-07-01,1973-08-01,ME5 BM3,-3.694
1973-07-01,1973-08-01,ME5 BM4,-2.5386
1973-07-01,1973-08-01,BIG HiBM,0.7834
1973-08-01,1973-09-01,SMALL LoBM,12.0577
1973-08-01,1973-09-01,ME1 BM2,11.1544
1973-08-01,1973-09-01,ME1 BM3,6.9156
1973-08-01,1973-09-01,ME1 BM4,7.8112
1973-08-01,1973-09-01,SMALL HiBM,7.0507
1973-08-01,1973-09-01,ME2 BM1,11.0609
1973-08-01,1973-09-01,ME2 BM2,11.4221
1973-08-01,1973-09-01,ME2 BM3,11.848
1973-08-01,1973-09-01,ME2 BM4,6.9878
1973-08-01,1973-09-01,ME2 BM5,10.3359
1973-08-01,1973-09-01,ME3 BM1,11.2856
1973-08-01,1973-09-01,ME3 BM2,9.8005
1973-08-01,1973-09-01,ME3 BM3,10.1708
1973-08-01,1973-09-01,ME3 BM4,9.0113
1973-08-01,1973-09-01,ME3 BM5,10.5263
1973-08-01,1973-09-01,ME4 BM1,9.89
1973-08-01,1973-09-01,ME4 BM2,11.9637
1973-08-01,1973-09-01,ME4 BM3,11.1434
1973-08-01,1973-09-01,ME4 BM4,10.001
1973-08-01,1973-09-01,ME4 BM5,11.407
1973-08-01,1973-09-01,BIG LoBM,0.3144
1973-08-01,1973-09-01,ME5 BM2,7.0786
1973-08-01,1973-09-01,ME5 BM3,8.6242
1973-08-01,1973-09-01,ME5 BM4,8.6143
1973-08-01,1973-09-01,BIG HiBM,8.2805
1973-09-01,1973-10-01,SMALL LoBM,-2.5062
1973-09-01,1973-10-01,ME1 BM2,0.4746
1973-09-01,1973-10-01,ME1 BM3,1.4577
1973-09-01,1973-10-01,ME1 BM4,-0.0412
1973-09-01,1973-10-01,SMALL HiBM,1.3363
1973-09-01,1973-10-01,ME2 BM1,-3.0101
1973-09-01,1973-10-01,ME2 BM2,-2.9862
1973-09-01,1973-10-01,ME2 BM3,0.8678
1973-09-01,1973-10-01,ME2 BM4,1.7736
1973-09-01,1973-10-01,ME2 BM5,0.8798
1973-09-01,1973-10-01,ME3 BM1,-3.8558
1973-09-01,1973-10-01,ME3 BM2,2.3487
1973-09-01,1973-10-01,ME3 BM3,0.8595
1973-09-01,1973-10-01,ME3 BM4,-0.2304
1973-09-01,1973-10-01,ME3 BM5,1.5237
1973-09-01,1973-10-01,ME4 BM1,-2.3213
1973-09-01,1973-10-01,ME4 BM2,-1.8773
1973-09-01,1973-10-01,ME4 BM3,0.8811
1973-09-01,1973-10-01,ME4 BM4,-0.2276
1973-09-01,1973-10-01,ME4 BM5,1.6343
1973-09-01,1973-10-01,BIG LoBM,0.5308
1973-09-01,1973-10-01,ME5 BM2,-0.7673
1973-09-01,1973-10-01,ME5 BM3,0.1652
1973-09-01,1973-10-01,ME5 BM4,-2.9964
1973-09-01,1973-10-01,BIG HiBM,2.5391
1973-10-01,1973-11-01,SMALL LoBM,-25.1409
1973-10-01,1973-11-01,ME1 BM2,-21.0435
1973-10-01,1973-11-01,ME1 BM3,-19.2853
1973-10-01,1973-11-01,ME1 BM4,-16.9361
1973-10-01,1973-11-01,SMALL HiBM,-18.1953
1973-10-01,1973-11-01,ME2 BM1,-23.2438
1973-10-01,1973-11-01,ME2 BM2,-19.8936
1973-10-01,1973-11-01,ME2 BM3,-19.4595
1973-10-01,1973-11-01,ME2 BM4,-15.8426
1973-10-01,1973-11-01,ME2 BM5,-16.1633
1973-10-01,1973-11-01,ME3 BM1,-22.8001
1973-10-01,1973-11-01,ME3 BM2,-18.3924
1973-10-01,1973-11-01,ME3 BM3,-16.3364
1973-10-01,1973-11-01,ME3 BM4,-12.0439
1973-10-01,1973-11-01,ME3 BM5,-15.3687
1973-10-01,1973-11-01,ME4 BM1,-20.306
1973-10-01,1973-11-01,ME4 BM2,-17.1675
1973-10-01,1973-11-01,ME4 BM3,-13.9387
1973-10-01,1973-11-01,ME4 BM4,-12.6688
1973-10-01,1973-11-01,ME4 BM5,-14.7422
1973-10-01,1973-11-01,BIG LoBM,-10.8864
1973-10-01,1973-11-01,ME5 BM2,-12.3899
1973-10-01,1973-11-01,ME5 BM3,-10.8456
1973-10-01,1973-11-01,ME5 BM4,-6.2923
1973-10-01,1973-11-01,BIG HiBM,-8.2928
1973-11-01,1973-12-01,SMALL LoBM,-3.799
1973-11-01,1973-12-01,ME1 BM2,-4.7115
1973-11-01,1973-12-01,ME1 BM3,-2.8065
1973-11-01,1973-12-01,ME1 BM4,-3.8805
1973-11-01,1973-12-01,SMALL HiBM,-4.2881
1973-11-01,1973-12-01,ME2 BM1,-0.5494
1973-11-01,1973-12-01,ME2 BM2,-4.3047
1973-11-01,1973-12-01,ME2 BM3,-0.6982
1973-11-01,1973-12-01,ME2 BM4,-1.0296
1973-11-01,1973-12-01,ME2 BM5,-1.0822
1973-11-01,1973-12-01,ME3 BM1,-1.2476
1973-11-01,1973-12-01,ME3 BM2,0.4103
1973-11-01,1973-12-01,ME3 BM3,0.7942
1973-11-01,1973-12-01,ME3 BM4,1.1274
1973-11-01,1973-12-01,ME3 BM5,2.3758
1973-11-01,1973-12-01,ME4 BM1,0.2822
1973-11-01,1973-12-01,ME4 BM2,2.3343
1973-11-01,1973-12-01,ME4 BM3,6.8016
1973-11-01,1973-12-01,ME4 BM4,3.0468
1973-11-01,1973-12-01,ME4 BM5,7.0613
1973-11-01,1973-12-01,BIG LoBM,-1.6962
1973-11-01,1973-12-01,ME5 BM2,0.7835
1973-11-01,1973-12-01,ME5 BM3,7.279
1973-11-01,1973-12-01,ME5 BM4,5.0341
1973-11-01,1973-12-01,BIG HiBM,11.1402
1973-12-01,1974-01-01,SMALL LoBM,10.3843
1973-12-01,1974-01-01,ME1 BM2,14.4836
1973-12-01,1974-01-01,ME1 BM3,14.8589
1973-12-01,1974-01-01,ME1 BM4,12.919
1973-12-01,1974-01-01,SMALL HiBM,18.5375
1973-12-01,1974-01-01,ME2 BM1,4.682
1973-12-01,1974-01-01,ME2 BM2,10.5891
1973-12-01,1974-01-01,ME2 BM3,9.5355
1973-12-01,1974-01-01,ME2 BM4,10.2557
1973-12-01,1974-01-01,ME2 BM5,13.8823
1973-12-01,1974-01-01,ME3 BM1,5.0404
1973-12-01,1974-01-01,ME3 BM2,4.8892
1973-12-01,1974-01-01,ME3 BM3,8.1885
1973-12-01,1974-01-01,ME3 BM4,7.0388
1973-12-01,1974-01-01,ME3 BM5,11.5607
1973-12-01,1974-01-01,ME4 BM1,-2.1961
1973-12-01,1974-01-01,ME4 BM2,2.8295
1973-12-01,1974-01-01,ME4 BM3,2.924
1973-12-01,1974-01-01,ME4 BM4,7.978
1973-12-01,1974-01-01,ME4 BM5,5.6402
1973-12-01,1974-01-01,BIG LoBM,-1.9023
1973-12-01,1974-01-01,ME5 BM2,0.7523
1973-12-01,1974-01-01,ME5 BM3,-2.9811
1973-12-01,1974-01-01,ME5 BM4,0.6854
1973-12-01,1974-01-01,BIG HiBM,-0.0811
1974-01-01,1974-02-01,SMALL LoBM,-0.4504
1974-01-01,1974-02-01,ME1 BM2,-0.92
1974-01-01,1974-02-01,ME1 BM3,-0.5018
1974-01-01,1974-02-01,ME1 BM4,0.1953
1974-01-01,1974-02-01,SMALL HiBM,1.1295
1974-01-01,1974-02-01,ME2 BM1,0.3744
1974-01-01,1974-02-01,ME2 BM2,1.9002
1974-01-01,1974-02-01,ME2 BM3,1.1871
1974-01-01,1974-02-01,ME2 BM4,1.7737
1974-01-01,1974-02-01,ME2 BM5,3.8966
1974-01-01,1974-02-01,ME3 BM1,-2.7915
1974-01-01,1974-02-01,ME3 BM2,0.4491
1974-01-01,1974-02-01,ME3 BM3,1.1826
1974-01-01,1974-02-01,ME3 BM4,0.308
1974-01-01,1974-02-01,ME3 BM5,2.3508
1974-01-01,1974-02-01,ME4 BM1,-2.4407
1974-01-01,1974-02-01,ME4 BM2,0.9941
1974-01-01,1974-02-01,ME4 BM3,2.395
1974-01-01,1974-02-01,ME4 BM4,2.1288
1974-01-01,1974-02-01,ME4 BM5,3.5661
1974-01-01,1974-02-01,BIG LoBM,-1.1585
1974-01-01,1974-02-01,ME5 BM2,1.6036
1974-01-01,1974-02-01,ME5 BM3,-0.844
1974-01-01,1974-02-01,ME5 BM4,2.767
1974-01-01,1974-02-01,BIG HiBM,3.8685
1974-02-01,1974-03-01,SMALL LoBM,0.1496
1974-02-01,1974-03-01,ME1 BM2,-0.6508
1974-02-01,1974-03-01,ME1 BM3,0.2994
1974-02-01,1974-03-01,ME1 BM4,1.4259
1974-02-01,1974-03-01,SMALL HiBM,2.1476
1974-02-01,1974-03-01,ME2 BM1,-1.4628
1974-02-01,1974-03-01,ME2 BM2,1.2051
1974-02-01,1974-03-01,ME2 BM3,-1.436
1974-02-01,1974-03-01,ME2 BM4,-0.9013
1974-02-01,1974-03-01,ME2 BM5,0.5404
1974-02-01,1974-03-01,ME3 BM1,-1.5434
1974-02-01,1974-03-01,ME3 BM2,-0.8433
1974-02-01,1974-03-01,ME3 BM3,-2.9449
1974-02-01,1974-03-01,ME3 BM4,-1.7893
1974-02-01,1974-03-01,ME3 BM5,-1.0124
1974-02-01,1974-03-01,ME4 BM1,-2.557
1974-02-01,1974-03-01,ME4 BM2,-3.7921
1974-02-01,1974-03-01,ME4 BM3,-4.964
1974-02-01,1974-03-01,ME4 BM4,-2.7771
1974-02-01,1974-03-01,ME4 BM5,-2.2055
1974-02-01,1974-03-01,BIG LoBM,-1.4172
1974-02-01,1974-03-01,ME5 BM2,-3.7075
1974-02-01,1974-03-01,ME5 BM3,-2.399
1974-02-01,1974-03-01,ME5 BM4,-3.483
1974-02-01,1974-03-01,BIG HiBM,-4.7639
1974-03-01,1974-04-01,SMALL LoBM,-4.6452
1974-03-01,1974-04-01,ME1 BM2,-5.9099
1974-03-01,1974-04-01,ME1 BM3,-5.6044
1974-03-01,1974-04-01,ME1 BM4,-5.2032
1974-03-01,1974-04-01,SMALL HiBM,-3.9399
1974-03-01,1974-04-01,ME2 BM1,-8.3699
1974-03-01,1974-04-01,ME2 BM2,-6.407
1974-03-01,1974-04-01,ME2 BM3,-6.1834
1974-03-01,1974-04-01,ME2 BM4,-3.3861
1974-03-01,1974-04-01,ME2 BM5,-3.253
1974-03-01,1974-04-01,ME3 BM1,-6.2608
1974-03-01,1974-04-01,ME3 BM2,-6.77
1974-03-01,1974-04-01,ME3 BM3,-3.6318
1974-03-01,1974-04-01,ME3 BM4,-5.684
1974-03-01,1974-04-01,ME3 BM5,-2.3789
1974-03-01,1974-04-01,ME4 BM1,-6.9366
1974-03-01,1974-04-01,ME4 BM2,-6.8869
1974-03-01,1974-04-01,ME4 BM3,-5.9056
1974-03-01,1974-04-01,ME4 BM4,-6.6759
1974-03-01,1974-04-01,ME4 BM5,-1.6388
1974-03-01,1974-04-01,BIG LoBM,-2.7244
1974-03-01,1974-04-01,ME5 BM2,-4.8307
1974-03-01,1974-04-01,ME5 BM3,-5.0267
1974-03-01,1974-04-01,ME5 BM4,-6.1189
1974-03-01,1974-04-01,BIG HiBM,-5.4354
1974-04-01,1974-05-01,SMALL LoBM,-8.3293
1974-04-01,1974-05-01,ME1 BM2,-7.412
1974-04-01,1974-05-01,ME1 BM3,-8.0066
1974-04-01,1974-05-01,ME1 BM4,-7.0811
1974-04-01,1974-05-01,SMALL HiBM,-6.3617
1974-04-01,1974-05-01,ME2 BM1,-6.4469
1974-04-01,1974-05-01,ME2 BM2,-8.0731
1974-04-01,1974-05-01,ME2 BM3,-7.6726
1974-04-01,1974-05-01,ME2 BM4,-7.4152
1974-04-01,1974-05-01,ME2 BM5,-7.3854
1974-04-01,1974-05-01,ME3 BM1,-7.3109
1974-04-01,1974-05-01,ME3 BM2,-8.8767
1974-04-01,1974-05-01,ME3 BM3,-6.842
1974-04-01,1974-05-01,ME3 BM4,-7.4787
1974-04-01,1974-05-01,ME3 BM5,-8.3239
1974-04-01,1974-05-01,ME4 BM1,-6.133
1974-04-01,1974-05-01,ME4 BM2,-8.7447
1974-04-01,1974-05-01,ME4 BM3,-5.3801
1974-04-01,1974-05-01,ME4 BM4,-6.0258
1974-04-01,1974-05-01,ME4 BM5,-7.3483
1974-04-01,1974-05-01,BIG LoBM,-0.8696
1974-04-01,1974-05-01,ME5 BM2,-3.2807
1974-04-01,1974-05-01,ME5 BM3,-5.685
1974-04-01,1974-05-01,ME5 BM4,-3.3432
1974-04-01,1974-05-01,BIG HiBM,-7.8585
1974-05-01,1974-06-01,SMALL LoBM,-3.7151
1974-05-01,1974-06-01,ME1 BM2,-3.2725
1974-05-01,1974-06-01,ME1 BM3,-2.4467
1974-05-01,1974-06-01,ME1 BM4,-2.3285
1974-05-01,1974-06-01,SMALL HiBM,-1.5347
1974-05-01,1974-06-01,ME2 BM1,-3.5324
1974-05-01,1974-06-01,ME2 BM2,-4.0445
1974-05-01,1974-06-01,ME2 BM3,-3.2368
1974-05-01,1974-06-01,ME2 BM4,-0.6787
1974-05-01,1974-06-01,ME2 BM5,-0.583
1974-05-01,1974-06-01,ME3 BM1,-4.2626
1974-05-01,1974-06-01,ME3 BM2,-2.6343
1974-05-01,1974-06-01,ME3 BM3,-3.2272
1974-05-01,1974-06-01,ME3 BM4,-4.5555
1974-05-01,1974-06-01,ME3 BM5,-0.4817
1974-05-01,1974-06-01,ME4 BM1,-3.3051
1974-05-01,1974-06-01,ME4 BM2,-3.3972
1974-05-01,1974-06-01,ME4 BM3,-2.4006
1974-05-01,1974-06-01,ME4 BM4,-5.308
1974-05-01,1974-06-01,ME4 BM5,-4.4222
1974-05-01,1974-06-01,BIG LoBM,-1.49
1974-05-01,1974-06-01,ME5 BM2,-3.1496
1974-05-01,1974-06-01,ME5 BM3,-1.7531
1974-05-01,1974-06-01,ME5 BM4,-2.0432
1974-05-01,1974-06-01,BIG HiBM,1.5684
1974-06-01,1974-07-01,SMALL LoBM,-8.4715
1974-06-01,1974-07-01,ME1 BM2,-5.542
1974-06-01,1974-07-01,ME1 BM3,-5.0901
1974-06-01,1974-07-01,ME1 BM4,-4.5178
1974-06-01,1974-07-01,SMALL HiBM,-4.1407
1974-06-01,1974-07-01,ME2 BM1,-7.7825
1974-06-01,1974-07-01,ME2 BM2,-4.3188
1974-06-01,1974-07-01,ME2 BM3,-4.3046
1974-06-01,1974-07-01,ME2 BM4,-3.5962
1974-06-01,1974-07-01,ME2 BM5,-2.8372
1974-06-01,1974-07-01,ME3 BM1,-6.6715
1974-06-01,1974-07-01,ME3 BM2,-2.2587
1974-06-01,1974-07-01,ME3 BM3,-2.4339
1974-06-01,1974-07-01,ME3 BM4,-3.1012
1974-06-01,1974-07-01,ME3 BM5,0.97
1974-06-01,1974-07-01,ME4 BM1,-8.5003
1974-06-01,1974-07-01,ME4 BM2,-5.884
1974-06-01,1974-07-01,ME4 BM3,-2.2152
1974-06-01,1974-07-01,ME4 BM4,-0.7463
1974-06-01,1974-07-01,ME4 BM5,-1.6177
1974-06-01,1974-07-01,BIG LoBM,-10.8944
1974-06-01,1974-07-01,ME5 BM2,-4.1711
1974-06-01,1974-07-01,ME5 BM3,-3.6423
1974-06-01,1974-07-01,ME5 BM4,-4.12
1974-06-01,1974-07-01,BIG HiBM,-5.1544
1974-07-01,1974-08-01,SMALL LoBM,-9.1024
1974-07-01,1974-08-01,ME1 BM2,-8.3293
1974-07-01,1974-08-01,ME1 BM3,-7.5086
1974-07-01,1974-08-01,ME1 BM4,-7.5209
1974-07-01,1974-08-01,SMALL HiBM,-6.9933
1974-07-01,1974-08-01,ME2 BM1,-9.583
1974-07-01,1974-08-01,ME2 BM2,-10.9999
1974-07-01,1974-08-01,ME2 BM3,-6.0131
1974-07-01,1974-08-01,ME2 BM4,-7.6078
1974-07-01,1974-08-01,ME2 BM5,-5.4773
1974-07-01,1974-08-01,ME3 BM1,-10.8692
1974-07-01,1974-08-01,ME3 BM2,-10.4275
1974-07-01,1974-08-01,ME3 BM3,-6.7662
1974-07-01,1974-08-01,ME3 BM4,-7.279
1974-07-01,1974-08-01,ME3 BM5,-6.8996
1974-07-01,1974-08-01,ME4 BM1,-11.7833
1974-07-01,1974-08-01,ME4 BM2,-8.8539
1974-07-01,1974-08-01,ME4 BM3,-8.5932
1974-07-01,1974-08-01,ME4 BM4,-5.9969
1974-07-01,1974-08-01,ME4 BM5,-6.5303
1974-07-01,1974-08-01,BIG LoBM,-10.0071
1974-07-01,1974-08-01,ME5 BM2,-7.6464
1974-07-01,1974-08-01,ME5 BM3,-4.5925
1974-07-01,1974-08-01,ME5 BM4,-7.9405
1974-07-01,1974-08-01,BIG HiBM,-8.6889
1974-08-01,1974-09-01,SMALL LoBM,-12.8918
1974-08-01,1974-09-01,ME1 BM2,-8.6406
1974-08-01,1974-09-01,ME1 BM3,-6.9588
1974-08-01,1974-09-01,ME1 BM4,-6.9869
1974-08-01,1974-09-01,SMALL HiBM,-8.6717
1974-08-01,1974-09-01,ME2 BM1,-12.1581
1974-08-01,1974-09-01,ME2 BM2,-7.4995
1974-08-01,1974-09-01,ME2 BM3,-7.9126
1974-08-01,1974-09-01,ME2 BM4,-7.6586
1974-08-01,1974-09-01,ME2 BM5,-7.384
1974-08-01,1974-09-01,ME3 BM1,-13.1948
1974-08-01,1974-09-01,ME3 BM2,-8.2128
1974-08-01,1974-09-01,ME3 BM3,-6.8098
1974-08-01,1974-09-01,ME3 BM4,-4.7662
1974-08-01,1974-09-01,ME3 BM5,-6.4531
1974-08-01,1974-09-01,ME4 BM1,-11.5632
1974-08-01,1974-09-01,ME4 BM2,-6.851
1974-08-01,1974-09-01,ME4 BM3,-5.2946
1974-08-01,1974-09-01,ME4 BM4,-5.6118
1974-08-01,1974-09-01,ME4 BM5,-7.6631
1974-08-01,1974-09-01,BIG LoBM,-14.9186
1974-08-01,1974-09-01,ME5 BM2,-9.9753
1974-08-01,1974-09-01,ME5 BM3,-4.9295
1974-08-01,1974-09-01,ME5 BM4,-5.2452
1974-08-01,1974-09-01,BIG HiBM,-6.6313
1974-09-01,1974-10-01,SMALL LoBM,16.4012
1974-09-01,1974-10-01,ME1 BM2,7.1661
1974-09-01,1974-10-01,ME1 BM3,7.2194
1974-09-01,1974-10-01,ME1 BM4,7.7012
1974-09-01,1974-10-01,SMALL HiBM,8.855
1974-09-01,1974-10-01,ME2 BM1,16.4286
1974-09-01,1974-10-01,ME2 BM2,10.7328
1974-09-01,1974-10-01,ME2 BM3,6.7886
1974-09-01,1974-10-01,ME2 BM4,8.1387
1974-09-01,1974-10-01,ME2 BM5,6.7567
1974-09-01,1974-10-01,ME3 BM1,18.7726
1974-09-01,1974-10-01,ME3 BM2,10.9698
1974-09-01,1974-10-01,ME3 BM3,7.3522
1974-09-01,1974-10-01,ME3 BM4,8.3584
1974-09-01,1974-10-01,ME3 BM5,10.2116
1974-09-01,1974-10-01,ME4 BM1,21.2099
1974-09-01,1974-10-01,ME4 BM2,13.2178
1974-09-01,1974-10-01,ME4 BM3,11.5073
1974-09-01,1974-10-01,ME4 BM4,10.0293
1974-09-01,1974-10-01,ME4 BM5,8.7818
1974-09-01,1974-10-01,BIG LoBM,22.2031
1974-09-01,1974-10-01,ME5 BM2,13.8352
1974-09-01,1974-10-01,ME5 BM3,13.3401
1974-09-01,1974-10-01,ME5 BM4,10.6006
1974-09-01,1974-10-01,BIG HiBM,1.3923
1974-10-01,1974-11-01,SMALL LoBM,-6.1118
1974-10-01,1974-11-01,ME1 BM2,-5.6632
1974-10-01,1974-11-01,ME1 BM3,-5.0486
1974-10-01,1974-11-01,ME1 BM4,-5.2283
1974-10-01,1974-11-01,SMALL HiBM,-6.9362
1974-10-01,1974-11-01,ME2 BM1,-4.2392
1974-10-01,1974-11-01,ME2 BM2,-4.0404
1974-10-01,1974-11-01,ME2 BM3,-3.8907
1974-10-01,1974-11-01,ME2 BM4,-5.1526
1974-10-01,1974-11-01,ME2 BM5,-7.0524
1974-10-01,1974-11-01,ME3 BM1,-4.7126
1974-10-01,1974-11-01,ME3 BM2,-3.9682
1974-10-01,1974-11-01,ME3 BM3,-2.8586
1974-10-01,1974-11-01,ME3 BM4,-4.1493
1974-10-01,1974-11-01,ME3 BM5,-1.9526
1974-10-01,1974-11-01,ME4 BM1,-2.2883
1974-10-01,1974-11-01,ME4 BM2,-0.3565
1974-10-01,1974-11-01,ME4 BM3,-1.5244
1974-10-01,1974-11-01,ME4 BM4,-4.0003
1974-10-01,1974-11-01,ME4 BM5,-4.7937
1974-10-01,1974-11-01,BIG LoBM,-4.5668
1974-10-01,1974-11-01,ME5 BM2,-3.3143
1974-10-01,1974-11-01,ME5 BM3,-4.0859
1974-10-01,1974-11-01,ME5 BM4,-2.4032
1974-10-01,1974-11-01,BIG HiBM,-4.1831
1974-11-01,1974-12-01,SMALL LoBM,-7.0853
1974-11-01,1974-12-01,ME1 BM2,-8.1334
1974-11-01,1974-12-01,ME1 BM3,-7.2474
1974-11-01,1974-12-01,ME1 BM4,-7.4998
1974-11-01,1974-12-01,SMALL HiBM,-8.9705
1974-11-01,1974-12-01,ME2 BM1,-6.3349
1974-11-01,1974-12-01,ME2 BM2,-6.1392
1974-11-01,1974-12-01,ME2 BM3,-5.2226
1974-11-01,1974-12-01,ME2 BM4,-6.8763
1974-11-01,1974-12-01,ME2 BM5,-5.644
1974-11-01,1974-12-01,ME3 BM1,-5.602
1974-11-01,1974-12-01,ME3 BM2,-4.227
1974-11-01,1974-12-01,ME3 BM3,-4.0872
1974-11-01,1974-12-01,ME3 BM4,-4.9878
1974-11-01,1974-12-01,ME3 BM5,-7.2481
1974-11-01,1974-12-01,ME4 BM1,-4.4703
1974-11-01,1974-12-01,ME4 BM2,-2.8228
1974-11-01,1974-12-01,ME4 BM3,-3.9626
1974-11-01,1974-12-01,ME4 BM4,-2.113
1974-11-01,1974-12-01,ME4 BM5,-8.6745
1974-11-01,1974-12-01,BIG LoBM,-3.8274
1974-11-01,1974-12-01,ME5 BM2,0.4302
1974-11-01,1974-12-01,ME5 BM3,1.3441
1974-11-01,1974-12-01,ME5 BM4,-1.1046
1974-11-01,1974-12-01,BIG HiBM,1.8779
1974-12-01,1975-01-01,SMALL LoBM,25.1985
1974-12-01,1975-01-01,ME1 BM2,30.069
1974-12-01,1975-01-01,ME1 BM3,28.2814
1974-12-01,1975-01-01,ME1 BM4,28.2656
1974-12-01,1975-01-01,SMALL HiBM,33.2035
1974-12-01,1975-01-01,ME2 BM1,21.4454
1974-12-01,1975-01-01,ME2 BM2,26.6206
1974-12-01,1975-01-01,ME2 BM3,26.6153
1974-12-01,1975-01-01,ME2 BM4,27.1808
1974-12-01,1975-01-01,ME2 BM5,29.6542
1974-12-01,1975-01-01,ME3 BM1,18.9787
1974-12-01,1975-01-01,ME3 BM2,25.0351
1974-12-01,1975-01-01,ME3 BM3,22.0549
1974-12-01,1975-01-01,ME3 BM4,23.4949
1974-12-01,1975-01-01,ME3 BM5,29.2201
1974-12-01,1975-01-01,ME4 BM1,15.6047
1974-12-01,1975-01-01,ME4 BM2,20.246
1974-12-01,1975-01-01,ME4 BM3,23.8873
1974-12-01,1975-01-01,ME4 BM4,24.0697
1974-12-01,1975-01-01,ME4 BM5,27.8541
1974-12-01,1975-01-01,BIG LoBM,9.3012
1974-12-01,1975-01-01,ME5 BM2,13.9775
1974-12-01,1975-01-01,ME5 BM3,13.932
1974-12-01,1975-01-01,ME5 BM4,19.8662
1974-12-01,1975-01-01,BIG HiBM,15.6797
1975-01-01,1975-02-01,SMALL LoBM,7.7169
1975-01-01,1975-02-01,ME1 BM2,5.1878
1975-01-01,1975-02-01,ME1 BM3,3.2137
1975-01-01,1975-02-01,ME1 BM4,3.6068
1975-01-01,1975-02-01,SMALL HiBM,4.9859
1975-01-01,1975-02-01,ME2 BM1,8.5324
1975-01-01,1975-02-01,ME2 BM2,6.7867
1975-01-01,1975-02-01,ME2 BM3,1.5567
1975-01-01,1975-02-01,ME2 BM4,3.8163
1975-01-01,1975-02-01,ME2 BM5,2.0191
1975-01-01,1975-02-01,ME3 BM1,7.4185
1975-01-01,1975-02-01,ME3 BM2,3.1953
1975-01-01,1975-02-01,ME3 BM3,3.2423
1975-01-01,1975-02-01,ME3 BM4,4.5844
1975-01-01,1975-02-01,ME3 BM5,4.6654
1975-01-01,1975-02-01,ME4 BM1,6.4918
1975-01-01,1975-02-01,ME4 BM2,2.7081
1975-01-01,1975-02-01,ME4 BM3,1.7455
1975-01-01,1975-02-01,ME4 BM4,2.832
1975-01-01,1975-02-01,ME4 BM5,2.7556
1975-01-01,1975-02-01,BIG LoBM,9.6064
1975-01-01,1975-02-01,ME5 BM2,2.75
1975-01-01,1975-02-01,ME5 BM3,3.7671
1975-01-01,1975-02-01,ME5 BM4,2.2084
1975-01-01,1975-02-01,BIG HiBM,-3.2339
1975-02-01,1975-03-01,SMALL LoBM,8.9409
1975-02-01,1975-03-01,ME1 BM2,10.7724
1975-02-01,1975-03-01,ME1 BM3,8.807
1975-02-01,1975-03-01,ME1 BM4,8.0019
1975-02-01,1975-03-01,SMALL HiBM,9.7477
1975-02-01,1975-03-01,ME2 BM1,6.8158
1975-02-01,1975-03-01,ME2 BM2,7.1514
1975-02-01,1975-03-01,ME2 BM3,6.8766
1975-02-01,1975-03-01,ME2 BM4,5.8896
1975-02-01,1975-03-01,ME2 BM5,8.5342
1975-02-01,1975-03-01,ME3 BM1,5.9567
1975-02-01,1975-03-01,ME3 BM2,6.6347
1975-02-01,1975-03-01,ME3 BM3,4.2543
1975-02-01,1975-03-01,ME3 BM4,7.1121
1975-02-01,1975-03-01,ME3 BM5,5.3077
1975-02-01,1975-03-01,ME4 BM1,5.9257
1975-02-01,1975-03-01,ME4 BM2,6.2005
1975-02-01,1975-03-01,ME4 BM3,5.3121
1975-02-01,1975-03-01,ME4 BM4,5.0619
1975-02-01,1975-03-01,ME4 BM5,5.0417
1975-02-01,1975-03-01,BIG LoBM,2.7082
1975-02-01,1975-03-01,ME5 BM2,1.8429
1975-02-01,1975-03-01,ME5 BM3,-1.1943
1975-02-01,1975-03-01,ME5 BM4,6.2754
1975-02-01,1975-03-01,BIG HiBM,6.1513
1975-03-01,1975-04-01,SMALL LoBM,7.2429
1975-03-01,1975-04-01,ME1 BM2,6.2618
1975-03-01,1975-04-01,ME1 BM3,4.1693
1975-03-01,1975-04-01,ME1 BM4,2.889
1975-03-01,1975-04-01,SMALL HiBM,3.0793
1975-03-01,1975-04-01,ME2 BM1,6.0252
1975-03-01,1975-04-01,ME2 BM2,3.783
1975-03-01,1975-04-01,ME2 BM3,2.7489
1975-03-01,1975-04-01,ME2 BM4,1.3663
1975-03-01,1975-04-01,ME2 BM5,3.9616
1975-03-01,1975-04-01,ME3 BM1,5.6696
1975-03-01,1975-04-01,ME3 BM2,4.8498
1975-03-01,1975-04-01,ME3 BM3,5.1843
1975-03-01,1975-04-01,ME3 BM4,3.8238
1975-03-01,1975-04-01,ME3 BM5,3.2776
1975-03-01,1975-04-01,ME4 BM1,6.9673
1975-03-01,1975-04-01,ME4 BM2,3.2652
1975-03-01,1975-04-01,ME4 BM3,2.7861
1975-03-01,1975-04-01,ME4 BM4,4.9253
1975-03-01,1975-04-01,ME4 BM5,6.6052
1975-03-01,1975-04-01,BIG LoBM,5.7208
1975-03-01,1975-04-01,ME5 BM2,4.7546
1975-03-01,1975-04-01,ME5 BM3,0.8657
1975-03-01,1975-04-01,ME5 BM4,5.4812
1975-03-01,1975-04-01,BIG HiBM,5.0109
1975-04-01,1975-05-01,SMALL LoBM,11.7289
1975-04-01,1975-05-01,ME1 BM2,11.1419
1975-04-01,1975-05-01,ME1 BM3,8.387
1975-04-01,1975-05-01,ME1 BM4,7.9429
1975-04-01,1975-05-01,SMALL HiBM,7.0959
1975-04-01,1975-05-01,ME2 BM1,12.1382
1975-04-01,1975-05-01,ME2 BM2,7.8542
1975-04-01,1975-05-01,ME2 BM3,6.9722
1975-04-01,1975-05-01,ME2 BM4,7.8459
1975-04-01,1975-05-01,ME2 BM5,7.699
1975-04-01,1975-05-01,ME3 BM1,5.2595
1975-04-01,1975-05-01,ME3 BM2,8.1834
1975-04-01,1975-05-01,ME3 BM3,4.3832
1975-04-01,1975-05-01,ME3 BM4,7.9967
1975-04-01,1975-05-01,ME3 BM5,1.2462
1975-04-01,1975-05-01,ME4 BM1,7.744
1975-04-01,1975-05-01,ME4 BM2,5.6637
1975-04-01,1975-05-01,ME4 BM3,5.4565
1975-04-01,1975-05-01,ME4 BM4,3.9196
1975-04-01,1975-05-01,ME4 BM5,5.8189
1975-04-01,1975-05-01,BIG LoBM,4.9723
1975-04-01,1975-05-01,ME5 BM2,8.5905
1975-04-01,1975-05-01,ME5 BM3,4.661
1975-04-01,1975-05-01,ME5 BM4,-0.3741
1975-04-01,1975-05-01,BIG HiBM,0.952
1975-05-01,1975-06-01,SMALL LoBM,5.6052
1975-05-01,1975-06-01,ME1 BM2,7.6895
1975-05-01,1975-06-01,ME1 BM3,7.4868
1975-05-01,1975-06-01,ME1 BM4,8.958
1975-05-01,1975-06-01,SMALL HiBM,8.1412
1975-05-01,1975-06-01,ME2 BM1,9.5278
1975-05-01,1975-06-01,ME2 BM2,7.333
1975-05-01,1975-06-01,ME2 BM3,7.1415
1975-05-01,1975-06-01,ME2 BM4,8.3878
1975-05-01,1975-06-01,ME2 BM5,2.9795
1975-05-01,1975-06-01,ME3 BM1,5.7932
1975-05-01,1975-06-01,ME3 BM2,5.2228
1975-05-01,1975-06-01,ME3 BM3,6.6343
1975-05-01,1975-06-01,ME3 BM4,5.5792
1975-05-01,1975-06-01,ME3 BM5,4.7688
1975-05-01,1975-06-01,ME4 BM1,5.2291
1975-05-01,1975-06-01,ME4 BM2,7.772
1975-05-01,1975-06-01,ME4 BM3,7.6449
1975-05-01,1975-06-01,ME4 BM4,10.544
1975-05-01,1975-06-01,ME4 BM5,8.9636
1975-05-01,1975-06-01,BIG LoBM,3.5527
1975-05-01,1975-06-01,ME5 BM2,7.1334
1975-05-01,1975-06-01,ME5 BM3,4.8652
1975-05-01,1975-06-01,ME5 BM4,6.8054
1975-05-01,1975-06-01,BIG HiBM,7.4251
1975-06-01,1975-07-01,SMALL LoBM,-1.7352
1975-06-01,1975-07-01,ME1 BM2,0.2287
1975-06-01,1975-07-01,ME1 BM3,-1.3736
1975-06-01,1975-07-01,ME1 BM4,-0.6749
1975-06-01,1975-07-01,SMALL HiBM,-0.622
1975-06-01,1975-07-01,ME2 BM1,-3.604
1975-06-01,1975-07-01,ME2 BM2,-3.2351
1975-06-01,1975-07-01,ME2 BM3,-2.3121
1975-06-01,1975-07-01,ME2 BM4,-3.4625
1975-06-01,1975-07-01,ME2 BM5,-4.0898
1975-06-01,1975-07-01,ME3 BM1,-5.1617
1975-06-01,1975-07-01,ME3 BM2,-3.4102
1975-06-01,1975-07-01,ME3 BM3,-3.4512
1975-06-01,1975-07-01,ME3 BM4,-3.7802
1975-06-01,1975-07-01,ME3 BM5,-5.9753
1975-06-01,1975-07-01,ME4 BM1,-7.2791
1975-06-01,1975-07-01,ME4 BM2,-6.3941
1975-06-01,1975-07-01,ME4 BM3,-4.2064
1975-06-01,1975-07-01,ME4 BM4,-4.2931
1975-06-01,1975-07-01,ME4 BM5,-6.8476
1975-06-01,1975-07-01,BIG LoBM,-8.1429
1975-06-01,1975-07-01,ME5 BM2,-4.1032
1975-06-01,1975-07-01,ME5 BM3,-4.6279
1975-06-01,1975-07-01,ME5 BM4,-5.7062
1975-06-01,1975-07-01,BIG HiBM,-1.5548
1975-07-01,1975-08-01,SMALL LoBM,-6.8287
1975-07-01,1975-08-01,ME1 BM2,-6.2774
1975-07-01,1975-08-01,ME1 BM3,-4.6618
1975-07-01,1975-08-01,ME1 BM4,-5.4237
1975-07-01,1975-08-01,SMALL HiBM,-7.817
1975-07-01,1975-08-01,ME2 BM1,-4.7166
1975-07-01,1975-08-01,ME2 BM2,-3.8617
1975-07-01,1975-08-01,ME2 BM3,-5.3924
1975-07-01,1975-08-01,ME2 BM4,-4.1021
1975-07-01,1975-08-01,ME2 BM5,-7.906
1975-07-01,1975-08-01,ME3 BM1,-3.9091
1975-07-01,1975-08-01,ME3 BM2,-3.328
1975-07-01,1975-08-01,ME3 BM3,-3.1745
1975-07-01,1975-08-01,ME3 BM4,-4.2999
1975-07-01,1975-08-01,ME3 BM5,-5.6477
1975-07-01,1975-08-01,ME4 BM1,-4.4046
1975-07-01,1975-08-01,ME4 BM2,-3.3731
1975-07-01,1975-08-01,ME4 BM3,-3.1474
1975-07-01,1975-08-01,ME4 BM4,-2.4419
1975-07-01,1975-08-01,ME4 BM5,-0.6864
1975-07-01,1975-08-01,BIG LoBM,-1.9466
1975-07-01,1975-08-01,ME5 BM2,-1.8242
1975-07-01,1975-08-01,ME5 BM3,-1.7367
1975-07-01,1975-08-01,ME5 BM4,2.1809
1975-07-01,1975-08-01,BIG HiBM,-4.4636
1975-08-01,1975-09-01,SMALL LoBM,-5.4907
1975-08-01,1975-09-01,ME1 BM2,-2.5546
1975-08-01,1975-09-01,ME1 BM3,-3.3164
1975-08-01,1975-09-01,ME1 BM4,-2.9674
1975-08-01,1975-09-01,SMALL HiBM,-3.8371
1975-08-01,1975-09-01,ME2 BM1,-3.2862
1975-08-01,1975-09-01,ME2 BM2,-3.951
1975-08-01,1975-09-01,ME2 BM3,-3.492
1975-08-01,1975-09-01,ME2 BM4,-3.4523
1975-08-01,1975-09-01,ME2 BM5,-5.4483
1975-08-01,1975-09-01,ME3 BM1,-5.2618
1975-08-01,1975-09-01,ME3 BM2,-2.8344
1975-08-01,1975-09-01,ME3 BM3,-4.0597
1975-08-01,1975-09-01,ME3 BM4,-4.1734
1975-08-01,1975-09-01,ME3 BM5,-4.0265
1975-08-01,1975-09-01,ME4 BM1,-4.5177
1975-08-01,1975-09-01,ME4 BM2,-3.4387
1975-08-01,1975-09-01,ME4 BM3,-3.4597
1975-08-01,1975-09-01,ME4 BM4,-3.1481
1975-08-01,1975-09-01,ME4 BM5,-4.4732
1975-08-01,1975-09-01,BIG LoBM,-4.6265
1975-08-01,1975-09-01,ME5 BM2,-1.3094
1975-08-01,1975-09-01,ME5 BM3,-2.4132
1975-08-01,1975-09-01,ME5 BM4,-4.2387
1975-08-01,1975-09-01,BIG HiBM,-5.3542
1975-09-01,1975-10-01,SMALL LoBM,1.2311
1975-09-01,1975-10-01,ME1 BM2,1.341
1975-09-01,1975-10-01,ME1 BM3,2.7032
1975-09-01,1975-10-01,ME1 BM4,2.9432
1975-09-01,1975-10-01,SMALL HiBM,1.0143
1975-09-01,1975-10-01,ME2 BM1,2.2264
1975-09-01,1975-10-01,ME2 BM2,4.1316
1975-09-01,1975-10-01,ME2 BM3,1.4048
1975-09-01,1975-10-01,ME2 BM4,4.1053
1975-09-01,1975-10-01,ME2 BM5,4.2278
1975-09-01,1975-10-01,ME3 BM1,1.8721
1975-09-01,1975-10-01,ME3 BM2,3.8634
1975-09-01,1975-10-01,ME3 BM3,3.5306
1975-09-01,1975-10-01,ME3 BM4,5.2559
1975-09-01,1975-10-01,ME3 BM5,0.3648
1975-09-01,1975-10-01,ME4 BM1,5.6899
1975-09-01,1975-10-01,ME4 BM2,6.3416
1975-09-01,1975-10-01,ME4 BM3,7.0906
1975-09-01,1975-10-01,ME4 BM4,5.576
1975-09-01,1975-10-01,ME4 BM5,6.9316
1975-09-01,1975-10-01,BIG LoBM,7.1686
1975-09-01,1975-10-01,ME5 BM2,5.6243
1975-09-01,1975-10-01,ME5 BM3,4.413
1975-09-01,1975-10-01,ME5 BM4,6.8431
1975-09-01,1975-10-01,BIG HiBM,3.9012
1975-10-01,1975-11-01,SMALL LoBM,-0.0803
1975-10-01,1975-11-01,ME1 BM2,2.0314
1975-10-01,1975-11-01,ME1 BM3,1.8333
1975-10-01,1975-11-01,ME1 BM4,2.3037
1975-10-01,1975-11-01,SMALL HiBM,3.7319
1975-10-01,1975-11-01,ME2 BM1,-0.0338
1975-10-01,1975-11-01,ME2 BM2,3.1542
1975-10-01,1975-11-01,ME2 BM3,2.1169
1975-10-01,1975-11-01,ME2 BM4,4.1683
1975-10-01,1975-11-01,ME2 BM5,4.1218
1975-10-01,1975-11-01,ME3 BM1,1.9551
1975-10-01,1975-11-01,ME3 BM2,2.8979
1975-10-01,1975-11-01,ME3 BM3,4.6344
1975-10-01,1975-11-01,ME3 BM4,4.2177
1975-10-01,1975-11-01,ME3 BM5,1.1077
1975-10-01,1975-11-01,ME4 BM1,2.9615
1975-10-01,1975-11-01,ME4 BM2,4.0792
1975-10-01,1975-11-01,ME4 BM3,4.0087
1975-10-01,1975-11-01,ME4 BM4,7.0322
1975-10-01,1975-11-01,ME4 BM5,6.0613
1975-10-01,1975-11-01,BIG LoBM,3.2696
1975-10-01,1975-11-01,ME5 BM2,2.1354
1975-10-01,1975-11-01,ME5 BM3,3.2359
1975-10-01,1975-11-01,ME5 BM4,2.973
1975-10-01,1975-11-01,BIG HiBM,4.7373
1975-11-01,1975-12-01,SMALL LoBM,-0.8609
1975-11-01,1975-12-01,ME1 BM2,-1.2186
1975-11-01,1975-12-01,ME1 BM3,-1.1328
1975-11-01,1975-12-01,ME1 BM4,-1.2291
1975-11-01,1975-12-01,SMALL HiBM,-1.2607
1975-11-01,1975-12-01,ME2 BM1,-2.6223
1975-11-01,1975-12-01,ME2 BM2,-1.4387
1975-11-01,1975-12-01,ME2 BM3,0.8702
1975-11-01,1975-12-01,ME2 BM4,-1.0184
1975-11-01,1975-12-01,ME2 BM5,-2.237
1975-11-01,1975-12-01,ME3 BM1,-0.8343
1975-11-01,1975-12-01,ME3 BM2,-1.4874
1975-11-01,1975-12-01,ME3 BM3,0.712
1975-11-01,1975-12-01,ME3 BM4,-0.2133
1975-11-01,1975-12-01,ME3 BM5,3.0862
1975-11-01,1975-12-01,ME4 BM1,-2.4317
1975-11-01,1975-12-01,ME4 BM2,0.7102
1975-11-01,1975-12-01,ME4 BM3,-0.1656
1975-11-01,1975-12-01,ME4 BM4,-0.4225
1975-11-01,1975-12-01,ME4 BM5,-0.7657
1975-11-01,1975-12-01,BIG LoBM,-2.5986
1975-11-01,1975-12-01,ME5 BM2,0.9139
1975-11-01,1975-12-01,ME5 BM3,0.2335
1975-11-01,1975-12-01,ME5 BM4,0.6389
1975-11-01,1975-12-01,BIG HiBM,5.2476
1975-12-01,1976-01-01,SMALL LoBM,15.6909
1975-12-01,1976-01-01,ME1 BM2,16.9568
1975-12-01,1976-01-01,ME1 BM3,21.4911
1975-12-01,1976-01-01,ME1 BM4,23.4947
1975-12-01,1976-01-01,SMALL HiBM,26.9278
1975-12-01,1976-01-01,ME2 BM1,13.032
1975-12-01,1976-01-01,ME2 BM2,16.4669
1975-12-01,1976-01-01,ME2 BM3,16.5383
1975-12-01,1976-01-01,ME2 BM4,21.2334
1975-12-01,1976-01-01,ME2 BM5,26.7618
1975-12-01,1976-01-01,ME3 BM1,16.1852
1975-12-01,1976-01-01,ME3 BM2,15.0803
1975-12-01,1976-01-01,ME3 BM3,16.9741
1975-12-01,1976-01-01,ME3 BM4,18.3283
1975-12-01,1976-01-01,ME3 BM5,21.5876
1975-12-01,1976-01-01,ME4 BM1,12.738
1975-12-01,1976-01-01,ME4 BM2,13.4483
1975-12-01,1976-01-01,ME4 BM3,16.5284
1975-12-01,1976-01-01,ME4 BM4,18.5687
1975-12-01,1976-01-01,ME4 BM5,22.5976
1975-12-01,1976-01-01,BIG LoBM,11.1489
1975-12-01,1976-01-01,ME5 BM2,9.5133
1975-12-01,1976-01-01,ME5 BM3,13.8833
1975-12-01,1976-01-01,ME5 BM4,17.0251
1975-12-01,1976-01-01,BIG HiBM,15.1633
1976-01-01,1976-02-01,SMALL LoBM,10.1979
1976-01-01,1976-02-01,ME1 BM2,7.3918
1976-01-01,1976-02-01,ME1 BM3,10.1221
1976-01-01,1976-02-01,ME1 BM4,11.7814
1976-01-01,1976-02-01,SMALL HiBM,15.7746
1976-01-01,1976-02-01,ME2 BM1,7.532
1976-01-01,1976-02-01,ME2 BM2,6.4103
1976-01-01,1976-02-01,ME2 BM3,7.3684
1976-01-01,1976-02-01,ME2 BM4,8.6847
1976-01-01,1976-02-01,ME2 BM5,11.3194
1976-01-01,1976-02-01,ME3 BM1,3.8959
1976-01-01,1976-02-01,ME3 BM2,3.767
1976-01-01,1976-02-01,ME3 BM3,5.5082
1976-01-01,1976-02-01,ME3 BM4,7.1075
1976-01-01,1976-02-01,ME3 BM5,13.0954
1976-01-01,1976-02-01,ME4 BM1,0.7301
1976-01-01,1976-02-01,ME4 BM2,3.3738
1976-01-01,1976-02-01,ME4 BM3,4.3052
1976-01-01,1976-02-01,ME4 BM4,4.9045
1976-01-01,1976-02-01,ME4 BM5,3.9316
1976-01-01,1976-02-01,BIG LoBM,-2.3321
1976-01-01,1976-02-01,ME5 BM2,1.4153
1976-01-01,1976-02-01,ME5 BM3,-0.8382
1976-01-01,1976-02-01,ME5 BM4,-1.0065
1976-01-01,1976-02-01,BIG HiBM,9.4418
1976-02-01,1976-03-01,SMALL LoBM,3.2229
1976-02-01,1976-03-01,ME1 BM2,2.1417
1976-02-01,1976-03-01,ME1 BM3,2.0225
1976-02-01,1976-03-01,ME1 BM4,0.7255
1976-02-01,1976-03-01,SMALL HiBM,1.447
1976-02-01,1976-03-01,ME2 BM1,0.9158
1976-02-01,1976-03-01,ME2 BM2,1.025
1976-02-01,1976-03-01,ME2 BM3,0.1692
1976-02-01,1976-03-01,ME2 BM4,1.1911
1976-02-01,1976-03-01,ME2 BM5,2.7152
1976-02-01,1976-03-01,ME3 BM1,1.3066
1976-02-01,1976-03-01,ME3 BM2,0.8596
1976-02-01,1976-03-01,ME3 BM3,1.9781
1976-02-01,1976-03-01,ME3 BM4,1.9552
1976-02-01,1976-03-01,ME3 BM5,2.1419
1976-02-01,1976-03-01,ME4 BM1,0.8853
1976-02-01,1976-03-01,ME4 BM2,2.0607
1976-02-01,1976-03-01,ME4 BM3,1.2048
1976-02-01,1976-03-01,ME4 BM4,1.5671
1976-02-01,1976-03-01,ME4 BM5,6.8046
1976-02-01,1976-03-01,BIG LoBM,3.1416
1976-02-01,1976-03-01,ME5 BM2,3.6845
1976-02-01,1976-03-01,ME5 BM3,2.9891
1976-02-01,1976-03-01,ME5 BM4,3.1458
1976-02-01,1976-03-01,BIG HiBM,-1.0107
1976-03-01,1976-04-01,SMALL LoBM,-1.2603
1976-03-01,1976-04-01,ME1 BM2,-0.8374
1976-03-01,1976-04-01,ME1 BM3,-2.6732
1976-03-01,1976-04-01,ME1 BM4,-1.1099
1976-03-01,1976-04-01,SMALL HiBM,-1.8772
1976-03-01,1976-04-01,ME2 BM1,-1.236
1976-03-01,1976-04-01,ME2 BM2,-1.5847
1976-03-01,1976-04-01,ME2 BM3,-0.6005
1976-03-01,1976-04-01,ME2 BM4,-0.9974
1976-03-01,1976-04-01,ME2 BM5,-2.1461
1976-03-01,1976-04-01,ME3 BM1,-1.5577
1976-03-01,1976-04-01,ME3 BM2,0.031
1976-03-01,1976-04-01,ME3 BM3,-0.6887
1976-03-01,1976-04-01,ME3 BM4,-0.9683
1976-03-01,1976-04-01,ME3 BM5,-0.4939
1976-03-01,1976-04-01,ME4 BM1,-1.61
1976-03-01,1976-04-01,ME4 BM2,-1.3784
1976-03-01,1976-04-01,ME4 BM3,-0.5292
1976-03-01,1976-04-01,ME4 BM4,-2.2787
1976-03-01,1976-04-01,ME4 BM5,-3.7345
1976-03-01,1976-04-01,BIG LoBM,-2.2738
1976-03-01,1976-04-01,ME5 BM2,0.3527
1976-03-01,1976-04-01,ME5 BM3,1.6001
1976-03-01,1976-04-01,ME5 BM4,0.8283
1976-03-01,1976-04-01,BIG HiBM,1.1439
1976-04-01,1976-05-01,SMALL LoBM,-1.8621
1976-04-01,1976-05-01,ME1 BM2,-1.8109
1976-04-01,1976-05-01,ME1 BM3,-1.5438
1976-04-01,1976-05-01,ME1 BM4,-3.6248
1976-04-01,1976-05-01,SMALL HiBM,-4.4935
1976-04-01,1976-05-01,ME2 BM1,-0.5759
1976-04-01,1976-05-01,ME2 BM2,-2.0724
1976-04-01,1976-05-01,ME2 BM3,-1.0338
1976-04-01,1976-05-01,ME2 BM4,-2.6284
1976-04-01,1976-05-01,ME2 BM5,-4.4012
1976-04-01,1976-05-01,ME3 BM1,-1.492
1976-04-01,1976-05-01,ME3 BM2,-1.4472
1976-04-01,1976-05-01,ME3 BM3,-1.6342
1976-04-01,1976-05-01,ME3 BM4,-1.4612
1976-04-01,1976-05-01,ME3 BM5,-2.9869
1976-04-01,1976-05-01,ME4 BM1,-2.3531
1976-04-01,1976-05-01,ME4 BM2,-1.2202
1976-04-01,1976-05-01,ME4 BM3,-1.0254
1976-04-01,1976-05-01,ME4 BM4,-4.2348
1976-04-01,1976-05-01,ME4 BM5,1.226
1976-04-01,1976-05-01,BIG LoBM,-1.055
1976-04-01,1976-05-01,ME5 BM2,0.5886
1976-04-01,1976-05-01,ME5 BM3,-0.9657
1976-04-01,1976-05-01,ME5 BM4,-2.0507
1976-04-01,1976-05-01,BIG HiBM,1.3951
1976-05-01,1976-06-01,SMALL LoBM,4.2856
1976-05-01,1976-06-01,ME1 BM2,2.2115
1976-05-01,1976-06-01,ME1 BM3,1.9918
1976-05-01,1976-06-01,ME1 BM4,3.3202
1976-05-01,1976-06-01,SMALL HiBM,2.0504
1976-05-01,1976-06-01,ME2 BM1,2.6463
1976-05-01,1976-06-01,ME2 BM2,3.1161
1976-05-01,1976-06-01,ME2 BM3,3.4032
1976-05-01,1976-06-01,ME2 BM4,3.589
1976-05-01,1976-06-01,ME2 BM5,6.0871
1976-05-01,1976-06-01,ME3 BM1,4.3787
1976-05-01,1976-06-01,ME3 BM2,5.3241
1976-05-01,1976-06-01,ME3 BM3,6.5488
1976-05-01,1976-06-01,ME3 BM4,4.5276
1976-05-01,1976-06-01,ME3 BM5,8.1408
1976-05-01,1976-06-01,ME4 BM1,4.1091
1976-05-01,1976-06-01,ME4 BM2,5.0403
1976-05-01,1976-06-01,ME4 BM3,7.0142
1976-05-01,1976-06-01,ME4 BM4,8.3753
1976-05-01,1976-06-01,ME4 BM5,3.9122
1976-05-01,1976-06-01,BIG LoBM,4.3087
1976-05-01,1976-06-01,ME5 BM2,3.9802
1976-05-01,1976-06-01,ME5 BM3,5.6331
1976-05-01,1976-06-01,ME5 BM4,5.8088
1976-05-01,1976-06-01,BIG HiBM,2.9431
1976-06-01,1976-07-01,SMALL LoBM,-0.9886
1976-06-01,1976-07-01,ME1 BM2,-1.9169
1976-06-01,1976-07-01,ME1 BM3,0.7693
1976-06-01,1976-07-01,ME1 BM4,-0.3428
1976-06-01,1976-07-01,SMALL HiBM,1.0965
1976-06-01,1976-07-01,ME2 BM1,-1.0865
1976-06-01,1976-07-01,ME2 BM2,-0.1362
1976-06-01,1976-07-01,ME2 BM3,2.7177
1976-06-01,1976-07-01,ME2 BM4,0.3105
1976-06-01,1976-07-01,ME2 BM5,1.4731
1976-06-01,1976-07-01,ME3 BM1,-1.5013
1976-06-01,1976-07-01,ME3 BM2,-0.5609
1976-06-01,1976-07-01,ME3 BM3,0.5854
1976-06-01,1976-07-01,ME3 BM4,0.5073
1976-06-01,1976-07-01,ME3 BM5,0.3137
1976-06-01,1976-07-01,ME4 BM1,-1.5838
1976-06-01,1976-07-01,ME4 BM2,0.4934
1976-06-01,1976-07-01,ME4 BM3,0.4675
1976-06-01,1976-07-01,ME4 BM4,1.6078
1976-06-01,1976-07-01,ME4 BM5,1.3878
1976-06-01,1976-07-01,BIG LoBM,-1.6287
1976-06-01,1976-07-01,ME5 BM2,0.1927
1976-06-01,1976-07-01,ME5 BM3,0.2302
1976-06-01,1976-07-01,ME5 BM4,-0.7529
1976-06-01,1976-07-01,BIG HiBM,2.6397
1976-07-01,1976-08-01,SMALL LoBM,-4.3898
1976-07-01,1976-08-01,ME1 BM2,-1.7541
1976-07-01,1976-08-01,ME1 BM3,-1.2388
1976-07-01,1976-08-01,ME1 BM4,-1.7142
1976-07-01,1976-08-01,SMALL HiBM,-1.768
1976-07-01,1976-08-01,ME2 BM1,-4.497
1976-07-01,1976-08-01,ME2 BM2,-1.746
1976-07-01,1976-08-01,ME2 BM3,-2.4713
1976-07-01,1976-08-01,ME2 BM4,-1.3169
1976-07-01,1976-08-01,ME2 BM5,-1.5888
1976-07-01,1976-08-01,ME3 BM1,-2.6645
1976-07-01,1976-08-01,ME3 BM2,-1.4032
1976-07-01,1976-08-01,ME3 BM3,-0.9588
1976-07-01,1976-08-01,ME3 BM4,-0.1281
1976-07-01,1976-08-01,ME3 BM5,-4.1687
1976-07-01,1976-08-01,ME4 BM1,-2.6708
1976-07-01,1976-08-01,ME4 BM2,0.3136
1976-07-01,1976-08-01,ME4 BM3,1.5037
1976-07-01,1976-08-01,ME4 BM4,-0.9472
1976-07-01,1976-08-01,ME4 BM5,0.4255
1976-07-01,1976-08-01,BIG LoBM,-0.2781
1976-07-01,1976-08-01,ME5 BM2,0.4178
1976-07-01,1976-08-01,ME5 BM3,1.8684
1976-07-01,1976-08-01,ME5 BM4,-0.5342
1976-07-01,1976-08-01,BIG HiBM,1.0659
1976-08-01,1976-09-01,SMALL LoBM,2.3366
1976-08-01,1976-09-01,ME1 BM2,1.9606
1976-08-01,1976-09-01,ME1 BM3,1.2838
1976-08-01,1976-09-01,ME1 BM4,2.39
1976-08-01,1976-09-01,SMALL HiBM,2.1038
1976-08-01,1976-09-01,ME2 BM1,4.4135
1976-08-01,1976-09-01,ME2 BM2,4.2939
1976-08-01,1976-09-01,ME2 BM3,2.7978
1976-08-01,1976-09-01,ME2 BM4,3.272
1976-08-01,1976-09-01,ME2 BM5,2.02
1976-08-01,1976-09-01,ME3 BM1,3.4857
1976-08-01,1976-09-01,ME3 BM2,2.7979
1976-08-01,1976-09-01,ME3 BM3,2.5616
1976-08-01,1976-09-01,ME3 BM4,2.7622
1976-08-01,1976-09-01,ME3 BM5,0.8445
1976-08-01,1976-09-01,ME4 BM1,2.2722
1976-08-01,1976-09-01,ME4 BM2,2.2509
1976-08-01,1976-09-01,ME4 BM3,3.0474
1976-08-01,1976-09-01,ME4 BM4,3.2274
1976-08-01,1976-09-01,ME4 BM5,1.3028
1976-08-01,1976-09-01,BIG LoBM,1.63
1976-08-01,1976-09-01,ME5 BM2,4.3966
1976-08-01,1976-09-01,ME5 BM3,3.2888
1976-08-01,1976-09-01,ME5 BM4,3.6978
1976-08-01,1976-09-01,BIG HiBM,-0.6299
1976-09-01,1976-10-01,SMALL LoBM,-2.7484
1976-09-01,1976-10-01,ME1 BM2,-1.7388
1976-09-01,1976-10-01,ME1 BM3,-1.6172
1976-09-01,1976-10-01,ME1 BM4,-1.6308
1976-09-01,1976-10-01,SMALL HiBM,-2.4873
1976-09-01,1976-10-01,ME2 BM1,-2.8902
1976-09-01,1976-10-01,ME2 BM2,-3.4854
1976-09-01,1976-10-01,ME2 BM3,-2.2866
1976-09-01,1976-10-01,ME2 BM4,-1.4537
1976-09-01,1976-10-01,ME2 BM5,-1.1335
1976-09-01,1976-10-01,ME3 BM1,-3.4204
1976-09-01,1976-10-01,ME3 BM2,-0.0596
1976-09-01,1976-10-01,ME3 BM3,-1.5011
1976-09-01,1976-10-01,ME3 BM4,-1.0566
1976-09-01,1976-10-01,ME3 BM5,-3.6697
1976-09-01,1976-10-01,ME4 BM1,-2.2323
1976-09-01,1976-10-01,ME4 BM2,-1.3476
1976-09-01,1976-10-01,ME4 BM3,-1.1294
1976-09-01,1976-10-01,ME4 BM4,-1.8209
1976-09-01,1976-10-01,ME4 BM5,-2.95
1976-09-01,1976-10-01,BIG LoBM,-2.3738
1976-09-01,1976-10-01,ME5 BM2,-2.4989
1976-09-01,1976-10-01,ME5 BM3,-0.714
1976-09-01,1976-10-01,ME5 BM4,-2.9349
1976-09-01,1976-10-01,BIG HiBM,-4.0154
1976-10-01,1976-11-01,SMALL LoBM,5.6255
1976-10-01,1976-11-01,ME1 BM2,3.4143
1976-10-01,1976-11-01,ME1 BM3,1.9969
1976-10-01,1976-11-01,ME1 BM4,2.3169
1976-10-01,1976-11-01,SMALL HiBM,3.4236
1976-10-01,1976-11-01,ME2 BM1,2.8389
1976-10-01,1976-11-01,ME2 BM2,3.4643
1976-10-01,1976-11-01,ME2 BM3,3.1028
1976-10-01,1976-11-01,ME2 BM4,4.4569
1976-10-01,1976-11-01,ME2 BM5,4.5656
1976-10-01,1976-11-01,ME3 BM1,3.7549
1976-10-01,1976-11-01,ME3 BM2,3.4575
1976-10-01,1976-11-01,ME3 BM3,3.1625
1976-10-01,1976-11-01,ME3 BM4,4.31
1976-10-01,1976-11-01,ME3 BM5,7.0215
1976-10-01,1976-11-01,ME4 BM1,4.4273
1976-10-01,1976-11-01,ME4 BM2,3.2413
1976-10-01,1976-11-01,ME4 BM3,3.3879
1976-10-01,1976-11-01,ME4 BM4,2.5963
1976-10-01,1976-11-01,ME4 BM5,1.6988
1976-10-01,1976-11-01,BIG LoBM,-1.6338
1976-10-01,1976-11-01,ME5 BM2,0.1409
1976-10-01,1976-11-01,ME5 BM3,2.0629
1976-10-01,1976-11-01,ME5 BM4,1.7308
1976-10-01,1976-11-01,BIG HiBM,4.3755
1976-11-01,1976-12-01,SMALL LoBM,10.6765
1976-11-01,1976-12-01,ME1 BM2,9.4519
1976-11-01,1976-12-01,ME1 BM3,9.7171
1976-11-01,1976-12-01,ME1 BM4,10.9845
1976-11-01,1976-12-01,SMALL HiBM,9.824
1976-11-01,1976-12-01,ME2 BM1,9.187
1976-11-01,1976-12-01,ME2 BM2,9.1725
1976-11-01,1976-12-01,ME2 BM3,9.2798
1976-11-01,1976-12-01,ME2 BM4,9.2276
1976-11-01,1976-12-01,ME2 BM5,11.7441
1976-11-01,1976-12-01,ME3 BM1,5.6555
1976-11-01,1976-12-01,ME3 BM2,9.4646
1976-11-01,1976-12-01,ME3 BM3,8.7591
1976-11-01,1976-12-01,ME3 BM4,8.5218
1976-11-01,1976-12-01,ME3 BM5,8.0482
1976-11-01,1976-12-01,ME4 BM1,6.106
1976-11-01,1976-12-01,ME4 BM2,7.0511
1976-11-01,1976-12-01,ME4 BM3,7.3888
1976-11-01,1976-12-01,ME4 BM4,9.4744
1976-11-01,1976-12-01,ME4 BM5,9.536
1976-11-01,1976-12-01,BIG LoBM,3.8982
1976-11-01,1976-12-01,ME5 BM2,7.2958
1976-11-01,1976-12-01,ME5 BM3,5.683
1976-11-01,1976-12-01,ME5 BM4,7.4438
1976-11-01,1976-12-01,BIG HiBM,6.6766
1976-12-01,1977-01-01,SMALL LoBM,2.9468
1976-12-01,1977-01-01,ME1 BM2,4.1455
1976-12-01,1977-01-01,ME1 BM3,2.867
1976-12-01,1977-01-01,ME1 BM4,4.3467
1976-12-01,1977-01-01,SMALL HiBM,5.5571
1976-12-01,1977-01-01,ME2 BM1,-0.2728
1976-12-01,1977-01-01,ME2 BM2,2.4785
1976-12-01,1977-01-01,ME2 BM3,0.298
1976-12-01,1977-01-01,ME2 BM4,2.1941
1976-12-01,1977-01-01,ME2 BM5,3.1947
1976-12-01,1977-01-01,ME3 BM1,-2.0863
1976-12-01,1977-01-01,ME3 BM2,-0.2249
1976-12-01,1977-01-01,ME3 BM3,1.0223
1976-12-01,1977-01-01,ME3 BM4,0.9507
1976-12-01,1977-01-01,ME3 BM5,0.6386
1976-12-01,1977-01-01,ME4 BM1,-4.2244
1976-12-01,1977-01-01,ME4 BM2,-2.6919
1976-12-01,1977-01-01,ME4 BM3,-2.4735
1976-12-01,1977-01-01,ME4 BM4,-0.2018
1976-12-01,1977-01-01,ME4 BM5,1.6007
1976-12-01,1977-01-01,BIG LoBM,-7.8651
1976-12-01,1977-01-01,ME5 BM2,-3.3363
1976-12-01,1977-01-01,ME5 BM3,-0.9836
1976-12-01,1977-01-01,ME5 BM4,-1.6076
1976-12-01,1977-01-01,BIG HiBM,0.7307
1977-01-01,1977-02-01,SMALL LoBM,-0.4303
1977-01-01,1977-02-01,ME1 BM2,-0.294
1977-01-01,1977-02-01,ME1 BM3,-0.1817
1977-01-01,1977-02-01,ME1 BM4,-0.3912
1977-01-01,1977-02-01,SMALL HiBM,0.2955
1977-01-01,1977-02-01,ME2 BM1,-1.7859
1977-01-01,1977-02-01,ME2 BM2,-1.1538
1977-01-01,1977-02-01,ME2 BM3,-0.1897
1977-01-01,1977-02-01,ME2 BM4,-0.1346
1977-01-01,1977-02-01,ME2 BM5,-1.6346
1977-01-01,1977-02-01,ME3 BM1,-4.1357
1977-01-01,1977-02-01,ME3 BM2,-0.9986
1977-01-01,1977-02-01,ME3 BM3,-2.2746
1977-01-01,1977-02-01,ME3 BM4,0.1956
1977-01-01,1977-02-01,ME3 BM5,-3.4835
1977-01-01,1977-02-01,ME4 BM1,-3.0089
1977-01-01,1977-02-01,ME4 BM2,-1.7179
1977-01-01,1977-02-01,ME4 BM3,-1.9991
1977-01-01,1977-02-01,ME4 BM4,-1.6465
1977-01-01,1977-02-01,ME4 BM5,-2.2185
1977-01-01,1977-02-01,BIG LoBM,-1.2021
1977-01-01,1977-02-01,ME5 BM2,-3.2725
1977-01-01,1977-02-01,ME5 BM3,-0.7161
1977-01-01,1977-02-01,ME5 BM4,-2.3543
1977-01-01,1977-02-01,BIG HiBM,-0.9282
1977-02-01,1977-03-01,SMALL LoBM,0.3162
1977-02-01,1977-03-01,ME1 BM2,0.2264
1977-02-01,1977-03-01,ME1 BM3,1.0908
1977-02-01,1977-03-01,ME1 BM4,1.6379
1977-02-01,1977-03-01,SMALL HiBM,1.1277
1977-02-01,1977-03-01,ME2 BM1,0.5049
1977-02-01,1977-03-01,ME2 BM2,-0.7639
1977-02-01,1977-03-01,ME2 BM3,1.6654
1977-02-01,1977-03-01,ME2 BM4,-0.2163
1977-02-01,1977-03-01,ME2 BM5,-0.5616
1977-02-01,1977-03-01,ME3 BM1,-0.0535
1977-02-01,1977-03-01,ME3 BM2,1.4691
1977-02-01,1977-03-01,ME3 BM3,-0.2403
1977-02-01,1977-03-01,ME3 BM4,-0.1585
1977-02-01,1977-03-01,ME3 BM5,0.6897
1977-02-01,1977-03-01,ME4 BM1,-1.8853
1977-02-01,1977-03-01,ME4 BM2,0.2271
1977-02-01,1977-03-01,ME4 BM3,0.9226
1977-02-01,1977-03-01,ME4 BM4,1.1323
1977-02-01,1977-03-01,ME4 BM5,4.9324
1977-02-01,1977-03-01,BIG LoBM,-1.693
1977-02-01,1977-03-01,ME5 BM2,-1.8265
1977-02-01,1977-03-01,ME5 BM3,-1.3133
1977-02-01,1977-03-01,ME5 BM4,-0.5126
1977-02-01,1977-03-01,BIG HiBM,0.2231
1977-03-01,1977-04-01,SMALL LoBM,1.2996
1977-03-01,1977-04-01,ME1 BM2,0.2428
1977-03-01,1977-04-01,ME1 BM3,1.5422
1977-03-01,1977-04-01,ME1 BM4,2.3004
1977-03-01,1977-04-01,SMALL HiBM,2.647
1977-03-01,1977-04-01,ME2 BM1,1.1216
1977-03-01,1977-04-01,ME2 BM2,1.5786
1977-03-01,1977-04-01,ME2 BM3,1.3778
1977-03-01,1977-04-01,ME2 BM4,2.1097
1977-03-01,1977-04-01,ME2 BM5,2.6711
1977-03-01,1977-04-01,ME3 BM1,0.4823
1977-03-01,1977-04-01,ME3 BM2,0.796
1977-03-01,1977-04-01,ME3 BM3,2.0498
1977-03-01,1977-04-01,ME3 BM4,2.5082
1977-03-01,1977-04-01,ME3 BM5,2.3517
1977-03-01,1977-04-01,ME4 BM1,-0.6451
1977-03-01,1977-04-01,ME4 BM2,2.134
1977-03-01,1977-04-01,ME4 BM3,2.7578
1977-03-01,1977-04-01,ME4 BM4,2.4154
1977-03-01,1977-04-01,ME4 BM5,2.7234
1977-03-01,1977-04-01,BIG LoBM,-2.1715
1977-03-01,1977-04-01,ME5 BM2,2.1636
1977-03-01,1977-04-01,ME5 BM3,1.4198
1977-03-01,1977-04-01,ME5 BM4,3.6595
1977-03-01,1977-04-01,BIG HiBM,5.9976
1977-04-01,1977-05-01,SMALL LoBM,-1.7386
1977-04-01,1977-05-01,ME1 BM2,-0.5322
1977-04-01,1977-05-01,ME1 BM3,0.4569
1977-04-01,1977-05-01,ME1 BM4,0.281
1977-04-01,1977-05-01,SMALL HiBM,1.2295
1977-04-01,1977-05-01,ME2 BM1,0.8186
1977-04-01,1977-05-01,ME2 BM2,-0.884
1977-04-01,1977-05-01,ME2 BM3,-0.254
1977-04-01,1977-05-01,ME2 BM4,0.7264
1977-04-01,1977-05-01,ME2 BM5,-1.6981
1977-04-01,1977-05-01,ME3 BM1,-0.6691
1977-04-01,1977-05-01,ME3 BM2,0.024
1977-04-01,1977-05-01,ME3 BM3,0.5396
1977-04-01,1977-05-01,ME3 BM4,0.4513
1977-04-01,1977-05-01,ME3 BM5,0.8114
1977-04-01,1977-05-01,ME4 BM1,-0.4722
1977-04-01,1977-05-01,ME4 BM2,-1.0273
1977-04-01,1977-05-01,ME4 BM3,-0.0494
1977-04-01,1977-05-01,ME4 BM4,-1.2023
1977-04-01,1977-05-01,ME4 BM5,-1.6597
1977-04-01,1977-05-01,BIG LoBM,-2.5689
1977-04-01,1977-05-01,ME5 BM2,-0.8623
1977-04-01,1977-05-01,ME5 BM3,0.5775
1977-04-01,1977-05-01,ME5 BM4,-1.4793
1977-04-01,1977-05-01,BIG HiBM,-3.0471
1977-05-01,1977-06-01,SMALL LoBM,5.8909
1977-05-01,1977-06-01,ME1 BM2,6.5888
1977-05-01,1977-06-01,ME1 BM3,7.3944
1977-05-01,1977-06-01,ME1 BM4,5.4224
1977-05-01,1977-06-01,SMALL HiBM,7.4068
1977-05-01,1977-06-01,ME2 BM1,8.5342
1977-05-01,1977-06-01,ME2 BM2,6.5403
1977-05-01,1977-06-01,ME2 BM3,6.351
1977-05-01,1977-06-01,ME2 BM4,5.5186
1977-05-01,1977-06-01,ME2 BM5,8.5088
1977-05-01,1977-06-01,ME3 BM1,8.9809
1977-05-01,1977-06-01,ME3 BM2,6.2573
1977-05-01,1977-06-01,ME3 BM3,6.0875
1977-05-01,1977-06-01,ME3 BM4,4.7694
1977-05-01,1977-06-01,ME3 BM5,5.9251
1977-05-01,1977-06-01,ME4 BM1,6.4793
1977-05-01,1977-06-01,ME4 BM2,4.875
1977-05-01,1977-06-01,ME4 BM3,4.9353
1977-05-01,1977-06-01,ME4 BM4,4.8295
1977-05-01,1977-06-01,ME4 BM5,6.9802
1977-05-01,1977-06-01,BIG LoBM,5.9862
1977-05-01,1977-06-01,ME5 BM2,3.9638
1977-05-01,1977-06-01,ME5 BM3,2.9144
1977-05-01,1977-06-01,ME5 BM4,5.2415
1977-05-01,1977-06-01,BIG HiBM,1.9827
1977-06-01,1977-07-01,SMALL LoBM,1.2372
1977-06-01,1977-07-01,ME1 BM2,0.6483
1977-06-01,1977-07-01,ME1 BM3,1.3261
1977-06-01,1977-07-01,ME1 BM4,0.6021
1977-06-01,1977-07-01,SMALL HiBM,0.9172
1977-06-01,1977-07-01,ME2 BM1,-0.9547
1977-06-01,1977-07-01,ME2 BM2,-0.0126
1977-06-01,1977-07-01,ME2 BM3,-0.5438
1977-06-01,1977-07-01,ME2 BM4,0.5865
1977-06-01,1977-07-01,ME2 BM5,0.3159
1977-06-01,1977-07-01,ME3 BM1,-0.0069
1977-06-01,1977-07-01,ME3 BM2,0.1171
1977-06-01,1977-07-01,ME3 BM3,-1.2703
1977-06-01,1977-07-01,ME3 BM4,-1.0412
1977-06-01,1977-07-01,ME3 BM5,-1.0528
1977-06-01,1977-07-01,ME4 BM1,-1.0482
1977-06-01,1977-07-01,ME4 BM2,-3.2695
1977-06-01,1977-07-01,ME4 BM3,-0.6319
1977-06-01,1977-07-01,ME4 BM4,-1.0571
1977-06-01,1977-07-01,ME4 BM5,-4.4628
1977-06-01,1977-07-01,BIG LoBM,-1.2909
1977-06-01,1977-07-01,ME5 BM2,-2.7643
1977-06-01,1977-07-01,ME5 BM3,-0.768
1977-06-01,1977-07-01,ME5 BM4,-0.1797
1977-06-01,1977-07-01,BIG HiBM,-4.8896
1977-07-01,1977-08-01,SMALL LoBM,1.0469
1977-07-01,1977-08-01,ME1 BM2,-0.4761
1977-07-01,1977-08-01,ME1 BM3,-0.45
1977-07-01,1977-08-01,ME1 BM4,-1.3287
1977-07-01,1977-08-01,SMALL HiBM,-1.7761
1977-07-01,1977-08-01,ME2 BM1,0.8287
1977-07-01,1977-08-01,ME2 BM2,-0.8096
1977-07-01,1977-08-01,ME2 BM3,-1.581
1977-07-01,1977-08-01,ME2 BM4,-0.9094
1977-07-01,1977-08-01,ME2 BM5,-1.5082
1977-07-01,1977-08-01,ME3 BM1,1.8413
1977-07-01,1977-08-01,ME3 BM2,-1.2556
1977-07-01,1977-08-01,ME3 BM3,-0.7017
1977-07-01,1977-08-01,ME3 BM4,-0.6322
1977-07-01,1977-08-01,ME3 BM5,-1.103
1977-07-01,1977-08-01,ME4 BM1,-1.4207
1977-07-01,1977-08-01,ME4 BM2,-1.3239
1977-07-01,1977-08-01,ME4 BM3,-2.0114
1977-07-01,1977-08-01,ME4 BM4,-2.031
1977-07-01,1977-08-01,ME4 BM5,-3.3067
1977-07-01,1977-08-01,BIG LoBM,1.0813
1977-07-01,1977-08-01,ME5 BM2,-3.5206
1977-07-01,1977-08-01,ME5 BM3,-2.9562
1977-07-01,1977-08-01,ME5 BM4,-4.8634
1977-07-01,1977-08-01,BIG HiBM,-4.2166
1977-08-01,1977-09-01,SMALL LoBM,2.0987
1977-08-01,1977-09-01,ME1 BM2,2.4654
1977-08-01,1977-09-01,ME1 BM3,0.8299
1977-08-01,1977-09-01,ME1 BM4,1.747
1977-08-01,1977-09-01,SMALL HiBM,1.3348
1977-08-01,1977-09-01,ME2 BM1,0.6201
1977-08-01,1977-09-01,ME2 BM2,0.8292
1977-08-01,1977-09-01,ME2 BM3,1.6064
1977-08-01,1977-09-01,ME2 BM4,0.5393
1977-08-01,1977-09-01,ME2 BM5,0.4857
1977-08-01,1977-09-01,ME3 BM1,1.9635
1977-08-01,1977-09-01,ME3 BM2,1.4879
1977-08-01,1977-09-01,ME3 BM3,1.2543
1977-08-01,1977-09-01,ME3 BM4,0.0902
1977-08-01,1977-09-01,ME3 BM5,-0.0325
1977-08-01,1977-09-01,ME4 BM1,0.9432
1977-08-01,1977-09-01,ME4 BM2,0.3188
1977-08-01,1977-09-01,ME4 BM3,0.7994
1977-08-01,1977-09-01,ME4 BM4,0.7406
1977-08-01,1977-09-01,ME4 BM5,-1.2152
1977-08-01,1977-09-01,BIG LoBM,-0.8927
1977-08-01,1977-09-01,ME5 BM2,-0.7936
1977-08-01,1977-09-01,ME5 BM3,2.2634
1977-08-01,1977-09-01,ME5 BM4,0.39
1977-08-01,1977-09-01,BIG HiBM,-0.1123
1977-09-01,1977-10-01,SMALL LoBM,-4.5687
1977-09-01,1977-10-01,ME1 BM2,-2.7621
1977-09-01,1977-10-01,ME1 BM3,-2.5516
1977-09-01,1977-10-01,ME1 BM4,-1.0524
1977-09-01,1977-10-01,SMALL HiBM,-2.2338
1977-09-01,1977-10-01,ME2 BM1,-5.3003
1977-09-01,1977-10-01,ME2 BM2,-2.4216
1977-09-01,1977-10-01,ME2 BM3,-3.8
1977-09-01,1977-10-01,ME2 BM4,-0.0156
1977-09-01,1977-10-01,ME2 BM5,-2.9271
1977-09-01,1977-10-01,ME3 BM1,-3.5833
1977-09-01,1977-10-01,ME3 BM2,-2.2198
1977-09-01,1977-10-01,ME3 BM3,-2.4017
1977-09-01,1977-10-01,ME3 BM4,-2.3396
1977-09-01,1977-10-01,ME3 BM5,-2.7728
1977-09-01,1977-10-01,ME4 BM1,-3.942
1977-09-01,1977-10-01,ME4 BM2,-3.2399
1977-09-01,1977-10-01,ME4 BM3,-2.8953
1977-09-01,1977-10-01,ME4 BM4,-4.1214
1977-09-01,1977-10-01,ME4 BM5,-4.9651
1977-09-01,1977-10-01,BIG LoBM,-4.5241
1977-09-01,1977-10-01,ME5 BM2,-4.1064
1977-09-01,1977-10-01,ME5 BM3,-5.0417
1977-09-01,1977-10-01,ME5 BM4,-2.5025
1977-09-01,1977-10-01,BIG HiBM,-3.5949
1977-10-01,1977-11-01,SMALL LoBM,9.484
1977-10-01,1977-11-01,ME1 BM2,8.5897
1977-10-01,1977-11-01,ME1 BM3,8.3217
1977-10-01,1977-11-01,ME1 BM4,6.8677
1977-10-01,1977-11-01,SMALL HiBM,9.0621
1977-10-01,1977-11-01,ME2 BM1,8.4746
1977-10-01,1977-11-01,ME2 BM2,9.5917
1977-10-01,1977-11-01,ME2 BM3,8.9305
1977-10-01,1977-11-01,ME2 BM4,7.0556
1977-10-01,1977-11-01,ME2 BM5,8.2075
1977-10-01,1977-11-01,ME3 BM1,6.7549
1977-10-01,1977-11-01,ME3 BM2,7.5852
1977-10-01,1977-11-01,ME3 BM3,6.0309
1977-10-01,1977-11-01,ME3 BM4,5.7625
1977-10-01,1977-11-01,ME3 BM5,8.5688
1977-10-01,1977-11-01,ME4 BM1,7.09
1977-10-01,1977-11-01,ME4 BM2,6.3677
1977-10-01,1977-11-01,ME4 BM3,5.6258
1977-10-01,1977-11-01,ME4 BM4,6.9659
1977-10-01,1977-11-01,ME4 BM5,7.9523
1977-10-01,1977-11-01,BIG LoBM,3.5976
1977-10-01,1977-11-01,ME5 BM2,3.3564
1977-10-01,1977-11-01,ME5 BM3,3.0003
1977-10-01,1977-11-01,ME5 BM4,2.9662
1977-10-01,1977-11-01,BIG HiBM,4.7229
1977-11-01,1977-12-01,SMALL LoBM,4.8478
1977-11-01,1977-12-01,ME1 BM2,3.6101
1977-11-01,1977-12-01,ME1 BM3,2.7604
1977-11-01,1977-12-01,ME1 BM4,2.6417
1977-11-01,1977-12-01,SMALL HiBM,1.8094
1977-11-01,1977-12-01,ME2 BM1,2.8472
1977-11-01,1977-12-01,ME2 BM2,1.572
1977-11-01,1977-12-01,ME2 BM3,0.7393
1977-11-01,1977-12-01,ME2 BM4,0.4616
1977-11-01,1977-12-01,ME2 BM5,2.4525
1977-11-01,1977-12-01,ME3 BM1,1.5987
1977-11-01,1977-12-01,ME3 BM2,0.5906
1977-11-01,1977-12-01,ME3 BM3,2.0017
1977-11-01,1977-12-01,ME3 BM4,1.1467
1977-11-01,1977-12-01,ME3 BM5,0.5587
1977-11-01,1977-12-01,ME4 BM1,0.3869
1977-11-01,1977-12-01,ME4 BM2,0.8654
1977-11-01,1977-12-01,ME4 BM3,0.5652
1977-11-01,1977-12-01,ME4 BM4,-0.182
1977-11-01,1977-12-01,ME4 BM5,-0.6274
1977-11-01,1977-12-01,BIG LoBM,0.0396
1977-11-01,1977-12-01,ME5 BM2,1.0678
1977-11-01,1977-12-01,ME5 BM3,1.1936
1977-11-01,1977-12-01,ME5 BM4,0.3695
1977-11-01,1977-12-01,BIG HiBM,1.3495
1977-12-01,1978-01-01,SMALL LoBM,-1.2196
1977-12-01,1978-01-01,ME1 BM2,-3.2587
1977-12-01,1978-01-01,ME1 BM3,-1.3654
1977-12-01,1978-01-01,ME1 BM4,-1.0622
1977-12-01,1978-01-01,SMALL HiBM,0.4276
1977-12-01,1978-01-01,ME2 BM1,-5.3778
1977-12-01,1978-01-01,ME2 BM2,-5.4047
1977-12-01,1978-01-01,ME2 BM3,-2.5262
1977-12-01,1978-01-01,ME2 BM4,-1.9919
1977-12-01,1978-01-01,ME2 BM5,-2.0325
1977-12-01,1978-01-01,ME3 BM1,-6.7977
1977-12-01,1978-01-01,ME3 BM2,-4.9933
1977-12-01,1978-01-01,ME3 BM3,-3.4529
1977-12-01,1978-01-01,ME3 BM4,-3.1363
1977-12-01,1978-01-01,ME3 BM5,-1.3659
1977-12-01,1978-01-01,ME4 BM1,-6.1225
1977-12-01,1978-01-01,ME4 BM2,-6.2072
1977-12-01,1978-01-01,ME4 BM3,-5.4836
1977-12-01,1978-01-01,ME4 BM4,-4.1802
1977-12-01,1978-01-01,ME4 BM5,-1.5423
1977-12-01,1978-01-01,BIG LoBM,-6.2961
1977-12-01,1978-01-01,ME5 BM2,-7.2028
1977-12-01,1978-01-01,ME5 BM3,-5.4081
1977-12-01,1978-01-01,ME5 BM4,-4.9665
1977-12-01,1978-01-01,BIG HiBM,-2.9316
1978-01-01,1978-02-01,SMALL LoBM,3.2652
1978-01-01,1978-02-01,ME1 BM2,2.9558
1978-01-01,1978-02-01,ME1 BM3,3.9082
1978-01-01,1978-02-01,ME1 BM4,3.271
1978-01-01,1978-02-01,SMALL HiBM,3.6666
1978-01-01,1978-02-01,ME2 BM1,1.7923
1978-01-01,1978-02-01,ME2 BM2,1.4516
1978-01-01,1978-02-01,ME2 BM3,1.3822
1978-01-01,1978-02-01,ME2 BM4,2.1326
1978-01-01,1978-02-01,ME2 BM5,0.442
1978-01-01,1978-02-01,ME3 BM1,0.5822
1978-01-01,1978-02-01,ME3 BM2,1.7624
1978-01-01,1978-02-01,ME3 BM3,0.5637
1978-01-01,1978-02-01,ME3 BM4,0.5267
1978-01-01,1978-02-01,ME3 BM5,1.3743
1978-01-01,1978-02-01,ME4 BM1,-1.2281
1978-01-01,1978-02-01,ME4 BM2,-0.691
1978-01-01,1978-02-01,ME4 BM3,-0.7789
1978-01-01,1978-02-01,ME4 BM4,0.9222
1978-01-01,1978-02-01,ME4 BM5,-1.3129
1978-01-01,1978-02-01,BIG LoBM,-3.213
1978-01-01,1978-02-01,ME5 BM2,-1.5462
1978-01-01,1978-02-01,ME5 BM3,2.4314
1978-01-01,1978-02-01,ME5 BM4,-1.0143
1978-01-01,1978-02-01,BIG HiBM,-3.6525
1978-02-01,1978-03-01,SMALL LoBM,8.371
1978-02-01,1978-03-01,ME1 BM2,7.0412
1978-02-01,1978-03-01,ME1 BM3,8.5479
1978-02-01,1978-03-01,ME1 BM4,6.8455
1978-02-01,1978-03-01,SMALL HiBM,8.1612
1978-02-01,1978-03-01,ME2 BM1,6.1532
1978-02-01,1978-03-01,ME2 BM2,6.0499
1978-02-01,1978-03-01,ME2 BM3,7.7158
1978-02-01,1978-03-01,ME2 BM4,6.2587
1978-02-01,1978-03-01,ME2 BM5,7.5504
1978-02-01,1978-03-01,ME3 BM1,5.5633
1978-02-01,1978-03-01,ME3 BM2,5.5202
1978-02-01,1978-03-01,ME3 BM3,4.4477
1978-02-01,1978-03-01,ME3 BM4,4.7728
1978-02-01,1978-03-01,ME3 BM5,7.9953
1978-02-01,1978-03-01,ME4 BM1,5.0514
1978-02-01,1978-03-01,ME4 BM2,4.8684
1978-02-01,1978-03-01,ME4 BM3,4.7477
1978-02-01,1978-03-01,ME4 BM4,4.7508
1978-02-01,1978-03-01,ME4 BM5,5.1025
1978-02-01,1978-03-01,BIG LoBM,1.2408
1978-02-01,1978-03-01,ME5 BM2,3.9187
1978-02-01,1978-03-01,ME5 BM3,3.0256
1978-02-01,1978-03-01,ME5 BM4,2.86
1978-02-01,1978-03-01,BIG HiBM,3.3942
1978-03-01,1978-04-01,SMALL LoBM,10.2521
1978-03-01,1978-04-01,ME1 BM2,8.7968
1978-03-01,1978-04-01,ME1 BM3,7.8985
1978-03-01,1978-04-01,ME1 BM4,7.1124
1978-03-01,1978-04-01,SMALL HiBM,8.4243
1978-03-01,1978-04-01,ME2 BM1,10.1408
1978-03-01,1978-04-01,ME2 BM2,7.3855
1978-03-01,1978-04-01,ME2 BM3,8.1932
1978-03-01,1978-04-01,ME2 BM4,7.2494
1978-03-01,1978-04-01,ME2 BM5,6.8585
1978-03-01,1978-04-01,ME3 BM1,9.8589
1978-03-01,1978-04-01,ME3 BM2,8.2879
1978-03-01,1978-04-01,ME3 BM3,7.7586
1978-03-01,1978-04-01,ME3 BM4,4.8199
1978-03-01,1978-04-01,ME3 BM5,6.7266
1978-03-01,1978-04-01,ME4 BM1,8.666
1978-03-01,1978-04-01,ME4 BM2,7.1978
1978-03-01,1978-04-01,ME4 BM3,5.2979
1978-03-01,1978-04-01,ME4 BM4,5.907
1978-03-01,1978-04-01,ME4 BM5,8.3444
1978-03-01,1978-04-01,BIG LoBM,11.9007
1978-03-01,1978-04-01,ME5 BM2,8.6
1978-03-01,1978-04-01,ME5 BM3,4.6468
1978-03-01,1978-04-01,ME5 BM4,5.1088
1978-03-01,1978-04-01,BIG HiBM,5.2702
1978-04-01,1978-05-01,SMALL LoBM,8.2793
1978-04-01,1978-05-01,ME1 BM2,6.0368
1978-04-01,1978-05-01,ME1 BM3,8.6622
1978-04-01,1978-05-01,ME1 BM4,6.5809
1978-04-01,1978-05-01,SMALL HiBM,8.1463
1978-04-01,1978-05-01,ME2 BM1,6.623
1978-04-01,1978-05-01,ME2 BM2,7.2979
1978-04-01,1978-05-01,ME2 BM3,5.1864
1978-04-01,1978-05-01,ME2 BM4,3.919
1978-04-01,1978-05-01,ME2 BM5,4.8221
1978-04-01,1978-05-01,ME3 BM1,6.3082
1978-04-01,1978-05-01,ME3 BM2,5.5183
1978-04-01,1978-05-01,ME3 BM3,5.4076
1978-04-01,1978-05-01,ME3 BM4,2.176
1978-04-01,1978-05-01,ME3 BM5,3.911
1978-04-01,1978-05-01,ME4 BM1,4.8346
1978-04-01,1978-05-01,ME4 BM2,3.6672
1978-04-01,1978-05-01,ME4 BM3,1.3114
1978-04-01,1978-05-01,ME4 BM4,2.1906
1978-04-01,1978-05-01,ME4 BM5,3.7014
1978-04-01,1978-05-01,BIG LoBM,1.3389
1978-04-01,1978-05-01,ME5 BM2,1.3275
1978-04-01,1978-05-01,ME5 BM3,-0.08
1978-04-01,1978-05-01,ME5 BM4,1.1113
1978-04-01,1978-05-01,BIG HiBM,1.9956
1978-05-01,1978-06-01,SMALL LoBM,0.6311
1978-05-01,1978-06-01,ME1 BM2,0.7157
1978-05-01,1978-06-01,ME1 BM3,0.0892
1978-05-01,1978-06-01,ME1 BM4,0.1134
1978-05-01,1978-06-01,SMALL HiBM,0.2197
1978-05-01,1978-06-01,ME2 BM1,-1.1988
1978-05-01,1978-06-01,ME2 BM2,-2.6075
1978-05-01,1978-06-01,ME2 BM3,0.4516
1978-05-01,1978-06-01,ME2 BM4,3.1164
1978-05-01,1978-06-01,ME2 BM5,0.1409
1978-05-01,1978-06-01,ME3 BM1,-0.651
1978-05-01,1978-06-01,ME3 BM2,-0.5173
1978-05-01,1978-06-01,ME3 BM3,0.7612
1978-05-01,1978-06-01,ME3 BM4,1.0939
1978-05-01,1978-06-01,ME3 BM5,0.9916
1978-05-01,1978-06-01,ME4 BM1,-1.0074
1978-05-01,1978-06-01,ME4 BM2,-0.6468
1978-05-01,1978-06-01,ME4 BM3,0.0131
1978-05-01,1978-06-01,ME4 BM4,0.5597
1978-05-01,1978-06-01,ME4 BM5,-0.4916
1978-05-01,1978-06-01,BIG LoBM,-1.1999
1978-05-01,1978-06-01,ME5 BM2,-3.0172
1978-05-01,1978-06-01,ME5 BM3,-1.9985
1978-05-01,1978-06-01,ME5 BM4,-1.7862
1978-05-01,1978-06-01,BIG HiBM,-0.8186
1978-06-01,1978-07-01,SMALL LoBM,6.4019
1978-06-01,1978-07-01,ME1 BM2,6.5261
1978-06-01,1978-07-01,ME1 BM3,5.8455
1978-06-01,1978-07-01,ME1 BM4,4.6303
1978-06-01,1978-07-01,SMALL HiBM,4.8218
1978-06-01,1978-07-01,ME2 BM1,7.9241
1978-06-01,1978-07-01,ME2 BM2,5.3479
1978-06-01,1978-07-01,ME2 BM3,5.8897
1978-06-01,1978-07-01,ME2 BM4,4.9774
1978-06-01,1978-07-01,ME2 BM5,8.15
1978-06-01,1978-07-01,ME3 BM1,6.3166
1978-06-01,1978-07-01,ME3 BM2,5.2526
1978-06-01,1978-07-01,ME3 BM3,4.4068
1978-06-01,1978-07-01,ME3 BM4,4.2474
1978-06-01,1978-07-01,ME3 BM5,5.2849
1978-06-01,1978-07-01,ME4 BM1,6.1275
1978-06-01,1978-07-01,ME4 BM2,6.0461
1978-06-01,1978-07-01,ME4 BM3,6.1427
1978-06-01,1978-07-01,ME4 BM4,6.0885
1978-06-01,1978-07-01,ME4 BM5,9.963
1978-06-01,1978-07-01,BIG LoBM,7.6186
1978-06-01,1978-07-01,ME5 BM2,4.9381
1978-06-01,1978-07-01,ME5 BM3,4.7768
1978-06-01,1978-07-01,ME5 BM4,2.8254
1978-06-01,1978-07-01,BIG HiBM,4.7604
1978-07-01,1978-08-01,SMALL LoBM,9.6287
1978-07-01,1978-08-01,ME1 BM2,9.5379
1978-07-01,1978-08-01,ME1 BM3,8.3225
1978-07-01,1978-08-01,ME1 BM4,7.8624
1978-07-01,1978-08-01,SMALL HiBM,10.457
1978-07-01,1978-08-01,ME2 BM1,9.223
1978-07-01,1978-08-01,ME2 BM2,7.905
1978-07-01,1978-08-01,ME2 BM3,9.8324
1978-07-01,1978-08-01,ME2 BM4,6.6246
1978-07-01,1978-08-01,ME2 BM5,9.2153
1978-07-01,1978-08-01,ME3 BM1,7.8348
1978-07-01,1978-08-01,ME3 BM2,10.2226
1978-07-01,1978-08-01,ME3 BM3,7.6683
1978-07-01,1978-08-01,ME3 BM4,5.0473
1978-07-01,1978-08-01,ME3 BM5,8.7022
1978-07-01,1978-08-01,ME4 BM1,7.529
1978-07-01,1978-08-01,ME4 BM2,6.3334
1978-07-01,1978-08-01,ME4 BM3,4.4306
1978-07-01,1978-08-01,ME4 BM4,3.8063
1978-07-01,1978-08-01,ME4 BM5,2.8278
1978-07-01,1978-08-01,BIG LoBM,2.5832
1978-07-01,1978-08-01,ME5 BM2,3.2579
1978-07-01,1978-08-01,ME5 BM3,4.8413
1978-07-01,1978-08-01,ME5 BM4,3.0747
1978-07-01,1978-08-01,BIG HiBM,0.2142
1978-08-01,1978-09-01,SMALL LoBM,-0.9626
1978-08-01,1978-09-01,ME1 BM2,0.3178
1978-08-01,1978-09-01,ME1 BM3,-1.9676
1978-08-01,1978-09-01,ME1 BM4,-0.0049
1978-08-01,1978-09-01,SMALL HiBM,0.2474
1978-08-01,1978-09-01,ME2 BM1,-1.5668
1978-08-01,1978-09-01,ME2 BM2,-1.7372
1978-08-01,1978-09-01,ME2 BM3,-2.0726
1978-08-01,1978-09-01,ME2 BM4,0.6856
1978-08-01,1978-09-01,ME2 BM5,-1.8496
1978-08-01,1978-09-01,ME3 BM1,-3.6474
1978-08-01,1978-09-01,ME3 BM2,-2.7477
1978-08-01,1978-09-01,ME3 BM3,-1.4384
1978-08-01,1978-09-01,ME3 BM4,-0.3401
1978-08-01,1978-09-01,ME3 BM5,-0.9627
1978-08-01,1978-09-01,ME4 BM1,-3.2079
1978-08-01,1978-09-01,ME4 BM2,-2.2705
1978-08-01,1978-09-01,ME4 BM3,0.5554
1978-08-01,1978-09-01,ME4 BM4,0.0074
1978-08-01,1978-09-01,ME4 BM5,-1.1775
1978-08-01,1978-09-01,BIG LoBM,-3.2253
1978-08-01,1978-09-01,ME5 BM2,0.1947
1978-08-01,1978-09-01,ME5 BM3,1.8541
1978-08-01,1978-09-01,ME5 BM4,1.0586
1978-08-01,1978-09-01,BIG HiBM,0.8863
1978-09-01,1978-10-01,SMALL LoBM,-26.6136
1978-09-01,1978-10-01,ME1 BM2,-23.4843
1978-09-01,1978-10-01,ME1 BM3,-21.7461
1978-09-01,1978-10-01,ME1 BM4,-18.6378
1978-09-01,1978-10-01,SMALL HiBM,-21.1994
1978-09-01,1978-10-01,ME2 BM1,-24.9567
1978-09-01,1978-10-01,ME2 BM2,-19.325
1978-09-01,1978-10-01,ME2 BM3,-18.2271
1978-09-01,1978-10-01,ME2 BM4,-15.1889
1978-09-01,1978-10-01,ME2 BM5,-19.2915
1978-09-01,1978-10-01,ME3 BM1,-18.6649
1978-09-01,1978-10-01,ME3 BM2,-18.8133
1978-09-01,1978-10-01,ME3 BM3,-14.2573
1978-09-01,1978-10-01,ME3 BM4,-14.2401
1978-09-01,1978-10-01,ME3 BM5,-19.808
1978-09-01,1978-10-01,ME4 BM1,-15.5897
1978-09-01,1978-10-01,ME4 BM2,-13.1569
1978-09-01,1978-10-01,ME4 BM3,-13.6956
1978-09-01,1978-10-01,ME4 BM4,-12.0909
1978-09-01,1978-10-01,ME4 BM5,-14.8212
1978-09-01,1978-10-01,BIG LoBM,-8.3548
1978-09-01,1978-10-01,ME5 BM2,-9.3418
1978-09-01,1978-10-01,ME5 BM3,-8.4038
1978-09-01,1978-10-01,ME5 BM4,-7.1036
1978-09-01,1978-10-01,BIG HiBM,-12.1542
1978-10-01,1978-11-01,SMALL LoBM,8.5965
1978-10-01,1978-11-01,ME1 BM2,7.7838
1978-10-01,1978-11-01,ME1 BM3,6.9994
1978-10-01,1978-11-01,ME1 BM4,4.2098
1978-10-01,1978-11-01,SMALL HiBM,4.4858
1978-10-01,1978-11-01,ME2 BM1,11.4461
1978-10-01,1978-11-01,ME2 BM2,5.3337
1978-10-01,1978-11-01,ME2 BM3,4.4562
1978-10-01,1978-11-01,ME2 BM4,3.0189
1978-10-01,1978-11-01,ME2 BM5,5.7065
1978-10-01,1978-11-01,ME3 BM1,7.114
1978-10-01,1978-11-01,ME3 BM2,5.0734
1978-10-01,1978-11-01,ME3 BM3,4.1722
1978-10-01,1978-11-01,ME3 BM4,2.8688
1978-10-01,1978-11-01,ME3 BM5,3.4132
1978-10-01,1978-11-01,ME4 BM1,4.6851
1978-10-01,1978-11-01,ME4 BM2,2.1853
1978-10-01,1978-11-01,ME4 BM3,3.5566
1978-10-01,1978-11-01,ME4 BM4,1.9477
1978-10-01,1978-11-01,ME4 BM5,2.74
1978-10-01,1978-11-01,BIG LoBM,2.415
1978-10-01,1978-11-01,ME5 BM2,2.7366
1978-10-01,1978-11-01,ME5 BM3,4.0554
1978-10-01,1978-11-01,ME5 BM4,3.3099
1978-10-01,1978-11-01,BIG HiBM,2.5331
1978-11-01,1978-12-01,SMALL LoBM,3.6023
1978-11-01,1978-12-01,ME1 BM2,2.855
1978-11-01,1978-12-01,ME1 BM3,2.0357
1978-11-01,1978-12-01,ME1 BM4,1.1275
1978-11-01,1978-12-01,SMALL HiBM,0.8399
1978-11-01,1978-12-01,ME2 BM1,2.9996
1978-11-01,1978-12-01,ME2 BM2,3.2003
1978-11-01,1978-12-01,ME2 BM3,1.2765
1978-11-01,1978-12-01,ME2 BM4,2.2793
1978-11-01,1978-12-01,ME2 BM5,2.0913
1978-11-01,1978-12-01,ME3 BM1,2.7673
1978-11-01,1978-12-01,ME3 BM2,2.0885
1978-11-01,1978-12-01,ME3 BM3,0.2791
1978-11-01,1978-12-01,ME3 BM4,1.5493
1978-11-01,1978-12-01,ME3 BM5,3.1988
1978-11-01,1978-12-01,ME4 BM1,1.2976
1978-11-01,1978-12-01,ME4 BM2,1.7936
1978-11-01,1978-12-01,ME4 BM3,1.0465
1978-11-01,1978-12-01,ME4 BM4,0.6307
1978-11-01,1978-12-01,ME4 BM5,0.2718
1978-11-01,1978-12-01,BIG LoBM,3.4423
1978-11-01,1978-12-01,ME5 BM2,0.9287
1978-11-01,1978-12-01,ME5 BM3,0.8645
1978-11-01,1978-12-01,ME5 BM4,-0.0503
1978-11-01,1978-12-01,BIG HiBM,-0.7473
1978-12-01,1979-01-01,SMALL LoBM,10.0914
1978-12-01,1979-01-01,ME1 BM2,9.8299
1978-12-01,1979-01-01,ME1 BM3,8.1086
1978-12-01,1979-01-01,ME1 BM4,10.4734
1978-12-01,1979-01-01,SMALL HiBM,11.5649
1978-12-01,1979-01-01,ME2 BM1,8.7719
1978-12-01,1979-01-01,ME2 BM2,8.1731
1978-12-01,1979-01-01,ME2 BM3,7.636
1978-12-01,1979-01-01,ME2 BM4,7.4107
1978-12-01,1979-01-01,ME2 BM5,10.1791
1978-12-01,1979-01-01,ME3 BM1,7.0079
1978-12-01,1979-01-01,ME3 BM2,6.2163
1978-12-01,1979-01-01,ME3 BM3,7.76
1978-12-01,1979-01-01,ME3 BM4,7.0859
1978-12-01,1979-01-01,ME3 BM5,9.3765
1978-12-01,1979-01-01,ME4 BM1,5.4769
1978-12-01,1979-01-01,ME4 BM2,5.4148
1978-12-01,1979-01-01,ME4 BM3,6.0157
1978-12-01,1979-01-01,ME4 BM4,8.4975
1978-12-01,1979-01-01,ME4 BM5,6.334
1978-12-01,1979-01-01,BIG LoBM,2.4515
1978-12-01,1979-01-01,ME5 BM2,5.0162
1978-12-01,1979-01-01,ME5 BM3,4.4335
1978-12-01,1979-01-01,ME5 BM4,4.6975
1978-12-01,1979-01-01,BIG HiBM,7.6414
1979-01-01,1979-02-01,SMALL LoBM,-2.9761
1979-01-01,1979-02-01,ME1 BM2,-3.7244
1979-01-01,1979-02-01,ME1 BM3,-2.1713
1979-01-01,1979-02-01,ME1 BM4,-2.8955
1979-01-01,1979-02-01,SMALL HiBM,-1.403
1979-01-01,1979-02-01,ME2 BM1,-2.947
1979-01-01,1979-02-01,ME2 BM2,-3.1695
1979-01-01,1979-02-01,ME2 BM3,-2.7143
1979-01-01,1979-02-01,ME2 BM4,-3.3358
1979-01-01,1979-02-01,ME2 BM5,-2.3345
1979-01-01,1979-02-01,ME3 BM1,-4.6723
1979-01-01,1979-02-01,ME3 BM2,-2.5576
1979-01-01,1979-02-01,ME3 BM3,-1.7099
1979-01-01,1979-02-01,ME3 BM4,-1.4828
1979-01-01,1979-02-01,ME3 BM5,-1.0584
1979-01-01,1979-02-01,ME4 BM1,-3.9486
1979-01-01,1979-02-01,ME4 BM2,-3.8156
1979-01-01,1979-02-01,ME4 BM3,-3.1481
1979-01-01,1979-02-01,ME4 BM4,-3.0813
1979-01-01,1979-02-01,ME4 BM5,-4.3076
1979-01-01,1979-02-01,BIG LoBM,-4.0072
1979-01-01,1979-02-01,ME5 BM2,-2.5229
1979-01-01,1979-02-01,ME5 BM3,-2.7549
1979-01-01,1979-02-01,ME5 BM4,-1.2995
1979-01-01,1979-02-01,BIG HiBM,-2.8352
1979-02-01,1979-03-01,SMALL LoBM,12.0992
1979-02-01,1979-03-01,ME1 BM2,9.5182
1979-02-01,1979-03-01,ME1 BM3,8.0015
1979-02-01,1979-03-01,ME1 BM4,7.2209
1979-02-01,1979-03-01,SMALL HiBM,8.4466
1979-02-01,1979-03-01,ME2 BM1,12.2746
1979-02-01,1979-03-01,ME2 BM2,9.0239
1979-02-01,1979-03-01,ME2 BM3,8.4256
1979-02-01,1979-03-01,ME2 BM4,7.2686
1979-02-01,1979-03-01,ME2 BM5,8.4834
1979-02-01,1979-03-01,ME3 BM1,10.5183
1979-02-01,1979-03-01,ME3 BM2,9.1025
1979-02-01,1979-03-01,ME3 BM3,7.8585
1979-02-01,1979-03-01,ME3 BM4,8.5224
1979-02-01,1979-03-01,ME3 BM5,13.0084
1979-02-01,1979-03-01,ME4 BM1,7.6453
1979-02-01,1979-03-01,ME4 BM2,8.0658
1979-02-01,1979-03-01,ME4 BM3,6.8968
1979-02-01,1979-03-01,ME4 BM4,8.0295
1979-02-01,1979-03-01,ME4 BM5,9.6557
1979-02-01,1979-03-01,BIG LoBM,5.0174
1979-02-01,1979-03-01,ME5 BM2,6.0493
1979-02-01,1979-03-01,ME5 BM3,6.8028
1979-02-01,1979-03-01,ME5 BM4,3.6827
1979-02-01,1979-03-01,BIG HiBM,6.5217
1979-03-01,1979-04-01,SMALL LoBM,3.0671
1979-03-01,1979-04-01,ME1 BM2,2.7068
1979-03-01,1979-04-01,ME1 BM3,2.2563
1979-03-01,1979-04-01,ME1 BM4,2.989
1979-03-01,1979-04-01,SMALL HiBM,3.4751
1979-03-01,1979-04-01,ME2 BM1,1.6822
1979-03-01,1979-04-01,ME2 BM2,3.1079
1979-03-01,1979-04-01,ME2 BM3,2.1845
1979-03-01,1979-04-01,ME2 BM4,2.8438
1979-03-01,1979-04-01,ME2 BM5,2.1536
1979-03-01,1979-04-01,ME3 BM1,1.4033
1979-03-01,1979-04-01,ME3 BM2,0.3717
1979-03-01,1979-04-01,ME3 BM3,2.8178
1979-03-01,1979-04-01,ME3 BM4,1.8941
1979-03-01,1979-04-01,ME3 BM5,4.1719
1979-03-01,1979-04-01,ME4 BM1,2.0263
1979-03-01,1979-04-01,ME4 BM2,0.9619
1979-03-01,1979-04-01,ME4 BM3,1.3997
1979-03-01,1979-04-01,ME4 BM4,0.4871
1979-03-01,1979-04-01,ME4 BM5,1.6831
1979-03-01,1979-04-01,BIG LoBM,-0.1596
1979-03-01,1979-04-01,ME5 BM2,0.6767
1979-03-01,1979-04-01,ME5 BM3,0.9741
1979-03-01,1979-04-01,ME5 BM4,-0.4935
1979-03-01,1979-04-01,BIG HiBM,-0.9939
1979-04-01,1979-05-01,SMALL LoBM,-2.6209
1979-04-01,1979-05-01,ME1 BM2,-1.0357
1979-04-01,1979-05-01,ME1 BM3,-1.3345
1979-04-01,1979-05-01,ME1 BM4,-0.6288
1979-04-01,1979-05-01,SMALL HiBM,-1.1095
1979-04-01,1979-05-01,ME2 BM1,-2.1697
1979-04-01,1979-05-01,ME2 BM2,-1.8337
1979-04-01,1979-05-01,ME2 BM3,-0.3686
1979-04-01,1979-05-01,ME2 BM4,-0.2883
1979-04-01,1979-05-01,ME2 BM5,-0.4815
1979-04-01,1979-05-01,ME3 BM1,-3.4468
1979-04-01,1979-05-01,ME3 BM2,-3.0064
1979-04-01,1979-05-01,ME3 BM3,-0.2062
1979-04-01,1979-05-01,ME3 BM4,0.5336
1979-04-01,1979-05-01,ME3 BM5,-2.1376
1979-04-01,1979-05-01,ME4 BM1,-0.2944
1979-04-01,1979-05-01,ME4 BM2,-1.3734
1979-04-01,1979-05-01,ME4 BM3,-1.6701
1979-04-01,1979-05-01,ME4 BM4,-0.5276
1979-04-01,1979-05-01,ME4 BM5,-1.027
1979-04-01,1979-05-01,BIG LoBM,-2.1261
1979-04-01,1979-05-01,ME5 BM2,-0.8581
1979-04-01,1979-05-01,ME5 BM3,-1.7355
1979-04-01,1979-05-01,ME5 BM4,-1.2369
1979-04-01,1979-05-01,BIG HiBM,-1.3239
1979-05-01,1979-06-01,SMALL LoBM,5.8664
1979-05-01,1979-06-01,ME1 BM2,5.5601
1979-05-01,1979-06-01,ME1 BM3,5.4278
1979-05-01,1979-06-01,ME1 BM4,4.4477
1979-05-01,1979-06-01,SMALL HiBM,5.4251
1979-05-01,1979-06-01,ME2 BM1,7.4306
1979-05-01,1979-06-01,ME2 BM2,5.658
1979-05-01,1979-06-01,ME2 BM3,3.5945
1979-05-01,1979-06-01,ME2 BM4,6.0432
1979-05-01,1979-06-01,ME2 BM5,8.3953
1979-05-01,1979-06-01,ME3 BM1,3.3265
1979-05-01,1979-06-01,ME3 BM2,4.7867
1979-05-01,1979-06-01,ME3 BM3,6.4203
1979-05-01,1979-06-01,ME3 BM4,6.1186
1979-05-01,1979-06-01,ME3 BM5,6.1734
1979-05-01,1979-06-01,ME4 BM1,5.2284
1979-05-01,1979-06-01,ME4 BM2,7.2923
1979-05-01,1979-06-01,ME4 BM3,6.3145
1979-05-01,1979-06-01,ME4 BM4,7.9204
1979-05-01,1979-06-01,ME4 BM5,6.1149
1979-05-01,1979-06-01,BIG LoBM,2.2949
1979-05-01,1979-06-01,ME5 BM2,4.681
1979-05-01,1979-06-01,ME5 BM3,6.2651
1979-05-01,1979-06-01,ME5 BM4,4.6123
1979-05-01,1979-06-01,BIG HiBM,2.7239
1979-06-01,1979-07-01,SMALL LoBM,2.4182
1979-06-01,1979-07-01,ME1 BM2,3.0465
1979-06-01,1979-07-01,ME1 BM3,3.2504
1979-06-01,1979-07-01,ME1 BM4,3.1219
1979-06-01,1979-07-01,SMALL HiBM,2.1556
1979-06-01,1979-07-01,ME2 BM1,1.866
1979-06-01,1979-07-01,ME2 BM2,2.5567
1979-06-01,1979-07-01,ME2 BM3,3.028
1979-06-01,1979-07-01,ME2 BM4,4.868
1979-06-01,1979-07-01,ME2 BM5,3.9932
1979-06-01,1979-07-01,ME3 BM1,3.3026
1979-06-01,1979-07-01,ME3 BM2,3.7053
1979-06-01,1979-07-01,ME3 BM3,4.2127
1979-06-01,1979-07-01,ME3 BM4,2.8197
1979-06-01,1979-07-01,ME3 BM5,5.3546
1979-06-01,1979-07-01,ME4 BM1,1.4928
1979-06-01,1979-07-01,ME4 BM2,2.8665
1979-06-01,1979-07-01,ME4 BM3,2.9425
1979-06-01,1979-07-01,ME4 BM4,2.4332
1979-06-01,1979-07-01,ME4 BM5,3.0017
1979-06-01,1979-07-01,BIG LoBM,-0.4093
1979-06-01,1979-07-01,ME5 BM2,1.7061
1979-06-01,1979-07-01,ME5 BM3,1.5107
1979-06-01,1979-07-01,ME5 BM4,1.2936
1979-06-01,1979-07-01,BIG HiBM,3.6745
1979-07-01,1979-08-01,SMALL LoBM,8.7439
1979-07-01,1979-08-01,ME1 BM2,8.7061
1979-07-01,1979-08-01,ME1 BM3,6.1727
1979-07-01,1979-08-01,ME1 BM4,6.905
1979-07-01,1979-08-01,SMALL HiBM,8.164
1979-07-01,1979-08-01,ME2 BM1,8.6529
1979-07-01,1979-08-01,ME2 BM2,8.6068
1979-07-01,1979-08-01,ME2 BM3,7.0404
1979-07-01,1979-08-01,ME2 BM4,6.7484
1979-07-01,1979-08-01,ME2 BM5,7.1492
1979-07-01,1979-08-01,ME3 BM1,9.6699
1979-07-01,1979-08-01,ME3 BM2,7.6349
1979-07-01,1979-08-01,ME3 BM3,5.6425
1979-07-01,1979-08-01,ME3 BM4,5.7738
1979-07-01,1979-08-01,ME3 BM5,6.8602
1979-07-01,1979-08-01,ME4 BM1,8.5745
1979-07-01,1979-08-01,ME4 BM2,6.329
1979-07-01,1979-08-01,ME4 BM3,6.9459
1979-07-01,1979-08-01,ME4 BM4,4.8177
1979-07-01,1979-08-01,ME4 BM5,7.7352
1979-07-01,1979-08-01,BIG LoBM,6.3766
1979-07-01,1979-08-01,ME5 BM2,7.1381
1979-07-01,1979-08-01,ME5 BM3,4.4259
1979-07-01,1979-08-01,ME5 BM4,5.4152
1979-07-01,1979-08-01,BIG HiBM,5.3131
1979-08-01,1979-09-01,SMALL LoBM,-0.1984
1979-08-01,1979-09-01,ME1 BM2,-0.1647
1979-08-01,1979-09-01,ME1 BM3,-1.5158
1979-08-01,1979-09-01,ME1 BM4,-0.4235
1979-08-01,1979-09-01,SMALL HiBM,-0.9996
1979-08-01,1979-09-01,ME2 BM1,0.7359
1979-08-01,1979-09-01,ME2 BM2,0.775
1979-08-01,1979-09-01,ME2 BM3,-2.5904
1979-08-01,1979-09-01,ME2 BM4,-1.4319
1979-08-01,1979-09-01,ME2 BM5,-1.8619
1979-08-01,1979-09-01,ME3 BM1,1.4921
1979-08-01,1979-09-01,ME3 BM2,-0.0601
1979-08-01,1979-09-01,ME3 BM3,-1.3518
1979-08-01,1979-09-01,ME3 BM4,-3.0995
1979-08-01,1979-09-01,ME3 BM5,-1.4978
1979-08-01,1979-09-01,ME4 BM1,-0.302
1979-08-01,1979-09-01,ME4 BM2,0.1426
1979-08-01,1979-09-01,ME4 BM3,-0.0299
1979-08-01,1979-09-01,ME4 BM4,-1.656
1979-08-01,1979-09-01,ME4 BM5,-1.7495
1979-08-01,1979-09-01,BIG LoBM,-1.7502
1979-08-01,1979-09-01,ME5 BM2,0.8616
1979-08-01,1979-09-01,ME5 BM3,1.6337
1979-08-01,1979-09-01,ME5 BM4,0.7365
1979-08-01,1979-09-01,BIG HiBM,0.4898
1979-09-01,1979-10-01,SMALL LoBM,-11.1191
1979-09-01,1979-10-01,ME1 BM2,-10.0408
1979-09-01,1979-10-01,ME1 BM3,-11.5492
1979-09-01,1979-10-01,ME1 BM4,-9.5493
1979-09-01,1979-10-01,SMALL HiBM,-11.643
1979-09-01,1979-10-01,ME2 BM1,-8.6333
1979-09-01,1979-10-01,ME2 BM2,-10.6223
1979-09-01,1979-10-01,ME2 BM3,-11.5821
1979-09-01,1979-10-01,ME2 BM4,-11.9361
1979-09-01,1979-10-01,ME2 BM5,-11.5956
1979-09-01,1979-10-01,ME3 BM1,-8.1287
1979-09-01,1979-10-01,ME3 BM2,-8.7156
1979-09-01,1979-10-01,ME3 BM3,-10.3054
1979-09-01,1979-10-01,ME3 BM4,-7.6552
1979-09-01,1979-10-01,ME3 BM5,-12.2492
1979-09-01,1979-10-01,ME4 BM1,-7.5286
1979-09-01,1979-10-01,ME4 BM2,-7.7912
1979-09-01,1979-10-01,ME4 BM3,-8.2825
1979-09-01,1979-10-01,ME4 BM4,-10.1568
1979-09-01,1979-10-01,ME4 BM5,-10.5187
1979-09-01,1979-10-01,BIG LoBM,-6.293
1979-09-01,1979-10-01,ME5 BM2,-5.4938
1979-09-01,1979-10-01,ME5 BM3,-5.7155
1979-09-01,1979-10-01,ME5 BM4,-7.0677
1979-09-01,1979-10-01,BIG HiBM,-7.1637
1979-10-01,1979-11-01,SMALL LoBM,11.0154
1979-10-01,1979-11-01,ME1 BM2,8.4053
1979-10-01,1979-11-01,ME1 BM3,6.5416
1979-10-01,1979-11-01,ME1 BM4,5.1575
1979-10-01,1979-11-01,SMALL HiBM,6.5722
1979-10-01,1979-11-01,ME2 BM1,10.9096
1979-10-01,1979-11-01,ME2 BM2,8.0604
1979-10-01,1979-11-01,ME2 BM3,6.7519
1979-10-01,1979-11-01,ME2 BM4,7.2211
1979-10-01,1979-11-01,ME2 BM5,7.4476
1979-10-01,1979-11-01,ME3 BM1,11.5661
1979-10-01,1979-11-01,ME3 BM2,6.86
1979-10-01,1979-11-01,ME3 BM3,6.6088
1979-10-01,1979-11-01,ME3 BM4,6.8029
1979-10-01,1979-11-01,ME3 BM5,5.4093
1979-10-01,1979-11-01,ME4 BM1,9.946
1979-10-01,1979-11-01,ME4 BM2,7.3073
1979-10-01,1979-11-01,ME4 BM3,7.4092
1979-10-01,1979-11-01,ME4 BM4,5.9781
1979-10-01,1979-11-01,ME4 BM5,6.0935
1979-10-01,1979-11-01,BIG LoBM,5.0081
1979-10-01,1979-11-01,ME5 BM2,7.3722
1979-10-01,1979-11-01,ME5 BM3,4.1544
1979-10-01,1979-11-01,ME5 BM4,7.288
1979-10-01,1979-11-01,BIG HiBM,1.0009
1979-11-01,1979-12-01,SMALL LoBM,11.4031
1979-11-01,1979-12-01,ME1 BM2,8.2596
1979-11-01,1979-12-01,ME1 BM3,5.8768
1979-11-01,1979-12-01,ME1 BM4,6.8224
1979-11-01,1979-12-01,SMALL HiBM,5.0867
1979-11-01,1979-12-01,ME2 BM1,8.557
1979-11-01,1979-12-01,ME2 BM2,6.1759
1979-11-01,1979-12-01,ME2 BM3,5.7298
1979-11-01,1979-12-01,ME2 BM4,3.7809
1979-11-01,1979-12-01,ME2 BM5,4.9373
1979-11-01,1979-12-01,ME3 BM1,5.9067
1979-11-01,1979-12-01,ME3 BM2,3.3344
1979-11-01,1979-12-01,ME3 BM3,2.771
1979-11-01,1979-12-01,ME3 BM4,2.1958
1979-11-01,1979-12-01,ME3 BM5,7.8031
1979-11-01,1979-12-01,ME4 BM1,4.6356
1979-11-01,1979-12-01,ME4 BM2,3.7808
1979-11-01,1979-12-01,ME4 BM3,2.273
1979-11-01,1979-12-01,ME4 BM4,2.0515
1979-11-01,1979-12-01,ME4 BM5,4.0932
1979-11-01,1979-12-01,BIG LoBM,1.9072
1979-11-01,1979-12-01,ME5 BM2,3.725
1979-11-01,1979-12-01,ME5 BM3,-0.1076
1979-11-01,1979-12-01,ME5 BM4,0.8515
1979-11-01,1979-12-01,BIG HiBM,2.2653
1979-12-01,1980-01-01,SMALL LoBM,12.625
1979-12-01,1980-01-01,ME1 BM2,10.1349
1979-12-01,1980-01-01,ME1 BM3,8.5221
1979-12-01,1980-01-01,ME1 BM4,8.9163
1979-12-01,1980-01-01,SMALL HiBM,10.9806
1979-12-01,1980-01-01,ME2 BM1,6.9885
1979-12-01,1980-01-01,ME2 BM2,7.3654
1979-12-01,1980-01-01,ME2 BM3,6.3475
1979-12-01,1980-01-01,ME2 BM4,4.6943
1979-12-01,1980-01-01,ME2 BM5,9.1152
1979-12-01,1980-01-01,ME3 BM1,5.4302
1979-12-01,1980-01-01,ME3 BM2,6.5762
1979-12-01,1980-01-01,ME3 BM3,6.8494
1979-12-01,1980-01-01,ME3 BM4,6.0474
1979-12-01,1980-01-01,ME3 BM5,9.1079
1979-12-01,1980-01-01,ME4 BM1,7.4168
1979-12-01,1980-01-01,ME4 BM2,6.6669
1979-12-01,1980-01-01,ME4 BM3,6.838
1979-12-01,1980-01-01,ME4 BM4,0.7494
1979-12-01,1980-01-01,ME4 BM5,7.8363
1979-12-01,1980-01-01,BIG LoBM,3.3804
1979-12-01,1980-01-01,ME5 BM2,7.5185
1979-12-01,1980-01-01,ME5 BM3,5.6937
1979-12-01,1980-01-01,ME5 BM4,7.6993
1979-12-01,1980-01-01,BIG HiBM,10.2369
1980-01-01,1980-02-01,SMALL LoBM,0.6036
1980-01-01,1980-02-01,ME1 BM2,-0.1106
1980-01-01,1980-02-01,ME1 BM3,-2.1246
1980-01-01,1980-02-01,ME1 BM4,-1.8979
1980-01-01,1980-02-01,SMALL HiBM,-2.2868
1980-01-01,1980-02-01,ME2 BM1,-1.3654
1980-01-01,1980-02-01,ME2 BM2,-0.3019
1980-01-01,1980-02-01,ME2 BM3,-3.4795
1980-01-01,1980-02-01,ME2 BM4,-4.1794
1980-01-01,1980-02-01,ME2 BM5,-1.2279
1980-01-01,1980-02-01,ME3 BM1,-1.0834
1980-01-01,1980-02-01,ME3 BM2,-3.7432
1980-01-01,1980-02-01,ME3 BM3,-4.3643
1980-01-01,1980-02-01,ME3 BM4,-4.1263
1980-01-01,1980-02-01,ME3 BM5,-2.6931
1980-01-01,1980-02-01,ME4 BM1,-2.4671
1980-01-01,1980-02-01,ME4 BM2,-1.3377
1980-01-01,1980-02-01,ME4 BM3,-2.8753
1980-01-01,1980-02-01,ME4 BM4,-4.9032
1980-01-01,1980-02-01,ME4 BM5,-1.7234
1980-01-01,1980-02-01,BIG LoBM,-4.3638
1980-01-01,1980-02-01,ME5 BM2,1.0576
1980-01-01,1980-02-01,ME5 BM3,4.0105
1980-01-01,1980-02-01,ME5 BM4,1.6555
1980-01-01,1980-02-01,BIG HiBM,2.5468
1980-02-01,1980-03-01,SMALL LoBM,-22.1138
1980-02-01,1980-03-01,ME1 BM2,-19.2542
1980-02-01,1980-03-01,ME1 BM3,-17.6516
1980-02-01,1980-03-01,ME1 BM4,-15.5179
1980-02-01,1980-03-01,SMALL HiBM,-17.6863
1980-02-01,1980-03-01,ME2 BM1,-19.295
1980-02-01,1980-03-01,ME2 BM2,-16.5323
1980-02-01,1980-03-01,ME2 BM3,-16.744
1980-02-01,1980-03-01,ME2 BM4,-14.6618
1980-02-01,1980-03-01,ME2 BM5,-18.0852
1980-02-01,1980-03-01,ME3 BM1,-15.9999
1980-02-01,1980-03-01,ME3 BM2,-15.1285
1980-02-01,1980-03-01,ME3 BM3,-16.6106
1980-02-01,1980-03-01,ME3 BM4,-13.0029
1980-02-01,1980-03-01,ME3 BM5,-18.9131
1980-02-01,1980-03-01,ME4 BM1,-12.1236
1980-02-01,1980-03-01,ME4 BM2,-14.1808
1980-02-01,1980-03-01,ME4 BM3,-13.0852
1980-02-01,1980-03-01,ME4 BM4,-11.2121
1980-02-01,1980-03-01,ME4 BM5,-16.5142
1980-02-01,1980-03-01,BIG LoBM,-6.3019
1980-02-01,1980-03-01,ME5 BM2,-11.733
1980-02-01,1980-03-01,ME5 BM3,-9.5568
1980-02-01,1980-03-01,ME5 BM4,-11.3241
1980-02-01,1980-03-01,BIG HiBM,-12.8919
1980-03-01,1980-04-01,SMALL LoBM,6.3429
1980-03-01,1980-04-01,ME1 BM2,6.4933
1980-03-01,1980-04-01,ME1 BM3,6.7734
1980-03-01,1980-04-01,ME1 BM4,5.3563
1980-03-01,1980-04-01,SMALL HiBM,6.0369
1980-03-01,1980-04-01,ME2 BM1,6.089
1980-03-01,1980-04-01,ME2 BM2,4.7969
1980-03-01,1980-04-01,ME2 BM3,6.6367
1980-03-01,1980-04-01,ME2 BM4,7.9475
1980-03-01,1980-04-01,ME2 BM5,4.3842
1980-03-01,1980-04-01,ME3 BM1,7.1202
1980-03-01,1980-04-01,ME3 BM2,7.1895
1980-03-01,1980-04-01,ME3 BM3,7.2976
1980-03-01,1980-04-01,ME3 BM4,8.4694
1980-03-01,1980-04-01,ME3 BM5,6.2516
1980-03-01,1980-04-01,ME4 BM1,4.7131
1980-03-01,1980-04-01,ME4 BM2,6.37
1980-03-01,1980-04-01,ME4 BM3,7.1635
1980-03-01,1980-04-01,ME4 BM4,8.8955
1980-03-01,1980-04-01,ME4 BM5,6.9112
1980-03-01,1980-04-01,BIG LoBM,3.0011
1980-03-01,1980-04-01,ME5 BM2,3.7657
1980-03-01,1980-04-01,ME5 BM3,5.4671
1980-03-01,1980-04-01,ME5 BM4,7.8218
1980-03-01,1980-04-01,BIG HiBM,2.8701
1980-04-01,1980-05-01,SMALL LoBM,7.1858
1980-04-01,1980-05-01,ME1 BM2,6.5372
1980-04-01,1980-05-01,ME1 BM3,7.0007
1980-04-01,1980-05-01,ME1 BM4,6.6479
1980-04-01,1980-05-01,SMALL HiBM,7.5974
1980-04-01,1980-05-01,ME2 BM1,8.9379
1980-04-01,1980-05-01,ME2 BM2,10.0245
1980-04-01,1980-05-01,ME2 BM3,6.6902
1980-04-01,1980-05-01,ME2 BM4,7.9057
1980-04-01,1980-05-01,ME2 BM5,9.7821
1980-04-01,1980-05-01,ME3 BM1,7.202
1980-04-01,1980-05-01,ME3 BM2,7.0803
1980-04-01,1980-05-01,ME3 BM3,8.7732
1980-04-01,1980-05-01,ME3 BM4,7.8756
1980-04-01,1980-05-01,ME3 BM5,9.1818
1980-04-01,1980-05-01,ME4 BM1,7.5641
1980-04-01,1980-05-01,ME4 BM2,7.7391
1980-04-01,1980-05-01,ME4 BM3,9.2837
1980-04-01,1980-05-01,ME4 BM4,7.2272
1980-04-01,1980-05-01,ME4 BM5,8.9136
1980-04-01,1980-05-01,BIG LoBM,4.9975
1980-04-01,1980-05-01,ME5 BM2,5.231
1980-04-01,1980-05-01,ME5 BM3,5.3078
1980-04-01,1980-05-01,ME5 BM4,4.0844
1980-04-01,1980-05-01,BIG HiBM,6.1947
1980-05-01,1980-06-01,SMALL LoBM,5.0124
1980-05-01,1980-06-01,ME1 BM2,3.7262
1980-05-01,1980-06-01,ME1 BM3,3.4802
1980-05-01,1980-06-01,ME1 BM4,4.0684
1980-05-01,1980-06-01,SMALL HiBM,5.4312
1980-05-01,1980-06-01,ME2 BM1,4.4461
1980-05-01,1980-06-01,ME2 BM2,6.7254
1980-05-01,1980-06-01,ME2 BM3,4.078
1980-05-01,1980-06-01,ME2 BM4,5.6696
1980-05-01,1980-06-01,ME2 BM5,2.1793
1980-05-01,1980-06-01,ME3 BM1,5.0442
1980-05-01,1980-06-01,ME3 BM2,5.4024
1980-05-01,1980-06-01,ME3 BM3,4.1244
1980-05-01,1980-06-01,ME3 BM4,4.4785
1980-05-01,1980-06-01,ME3 BM5,2.5432
1980-05-01,1980-06-01,ME4 BM1,5.8354
1980-05-01,1980-06-01,ME4 BM2,3.8332
1980-05-01,1980-06-01,ME4 BM3,4.5889
1980-05-01,1980-06-01,ME4 BM4,3.3903
1980-05-01,1980-06-01,ME4 BM5,4.7444
1980-05-01,1980-06-01,BIG LoBM,2.1559
1980-05-01,1980-06-01,ME5 BM2,4.199
1980-05-01,1980-06-01,ME5 BM3,1.9448
1980-05-01,1980-06-01,ME5 BM4,4.87
1980-05-01,1980-06-01,BIG HiBM,0.2559
1980-06-01,1980-07-01,SMALL LoBM,11.9605
1980-06-01,1980-07-01,ME1 BM2,12.4288
1980-06-01,1980-07-01,ME1 BM3,10.175
1980-06-01,1980-07-01,ME1 BM4,8.242
1980-06-01,1980-07-01,SMALL HiBM,9.0358
1980-06-01,1980-07-01,ME2 BM1,14.1596
1980-06-01,1980-07-01,ME2 BM2,11.3457
1980-06-01,1980-07-01,ME2 BM3,10.2377
1980-06-01,1980-07-01,ME2 BM4,7.5589
1980-06-01,1980-07-01,ME2 BM5,8.2715
1980-06-01,1980-07-01,ME3 BM1,13.2352
1980-06-01,1980-07-01,ME3 BM2,8.364
1980-06-01,1980-07-01,ME3 BM3,9.3645
1980-06-01,1980-07-01,ME3 BM4,5.373
1980-06-01,1980-07-01,ME3 BM5,6.053
1980-06-01,1980-07-01,ME4 BM1,11.2008
1980-06-01,1980-07-01,ME4 BM2,10.3759
1980-06-01,1980-07-01,ME4 BM3,7.7041
1980-06-01,1980-07-01,ME4 BM4,3.3628
1980-06-01,1980-07-01,ME4 BM5,4.827
1980-06-01,1980-07-01,BIG LoBM,11.1623
1980-06-01,1980-07-01,ME5 BM2,6.0126
1980-06-01,1980-07-01,ME5 BM3,3.4522
1980-06-01,1980-07-01,ME5 BM4,3.203
1980-06-01,1980-07-01,BIG HiBM,5.164
1980-07-01,1980-08-01,SMALL LoBM,11.4163
1980-07-01,1980-08-01,ME1 BM2,8.7409
1980-07-01,1980-08-01,ME1 BM3,6.626
1980-07-01,1980-08-01,ME1 BM4,7.2303
1980-07-01,1980-08-01,SMALL HiBM,5.5378
1980-07-01,1980-08-01,ME2 BM1,8.0247
1980-07-01,1980-08-01,ME2 BM2,7.0761
1980-07-01,1980-08-01,ME2 BM3,4.1287
1980-07-01,1980-08-01,ME2 BM4,3.0165
1980-07-01,1980-08-01,ME2 BM5,3.6437
1980-07-01,1980-08-01,ME3 BM1,6.6865
1980-07-01,1980-08-01,ME3 BM2,6.4612
1980-07-01,1980-08-01,ME3 BM3,2.3196
1980-07-01,1980-08-01,ME3 BM4,1.7389
1980-07-01,1980-08-01,ME3 BM5,0.7395
1980-07-01,1980-08-01,ME4 BM1,4.3309
1980-07-01,1980-08-01,ME4 BM2,2.0759
1980-07-01,1980-08-01,ME4 BM3,2.5445
1980-07-01,1980-08-01,ME4 BM4,0.1896
1980-07-01,1980-08-01,ME4 BM5,0.6474
1980-07-01,1980-08-01,BIG LoBM,1.996
1980-07-01,1980-08-01,ME5 BM2,0.9653
1980-07-01,1980-08-01,ME5 BM3,1.1432
1980-07-01,1980-08-01,ME5 BM4,2.2378
1980-07-01,1980-08-01,BIG HiBM,-0.0028
1980-08-01,1980-09-01,SMALL LoBM,6.4538
1980-08-01,1980-09-01,ME1 BM2,2.9879
1980-08-01,1980-09-01,ME1 BM3,2.7391
1980-08-01,1980-09-01,ME1 BM4,1.3331
1980-08-01,1980-09-01,SMALL HiBM,2.7869
1980-08-01,1980-09-01,ME2 BM1,4.7993
1980-08-01,1980-09-01,ME2 BM2,3.6201
1980-08-01,1980-09-01,ME2 BM3,3.6396
1980-08-01,1980-09-01,ME2 BM4,0.8314
1980-08-01,1980-09-01,ME2 BM5,1.1691
1980-08-01,1980-09-01,ME3 BM1,5.532
1980-08-01,1980-09-01,ME3 BM2,2.3988
1980-08-01,1980-09-01,ME3 BM3,2.7448
1980-08-01,1980-09-01,ME3 BM4,1.4666
1980-08-01,1980-09-01,ME3 BM5,-1.3169
1980-08-01,1980-09-01,ME4 BM1,5.973
1980-08-01,1980-09-01,ME4 BM2,4.3668
1980-08-01,1980-09-01,ME4 BM3,2.0943
1980-08-01,1980-09-01,ME4 BM4,0.2426
1980-08-01,1980-09-01,ME4 BM5,0.2377
1980-08-01,1980-09-01,BIG LoBM,3.0989
1980-08-01,1980-09-01,ME5 BM2,5.6387
1980-08-01,1980-09-01,ME5 BM3,3.2025
1980-08-01,1980-09-01,ME5 BM4,-1.1454
1980-08-01,1980-09-01,BIG HiBM,0.064
1980-09-01,1980-10-01,SMALL LoBM,7.7054
1980-09-01,1980-10-01,ME1 BM2,5.8537
1980-09-01,1980-10-01,ME1 BM3,4.4844
1980-09-01,1980-10-01,ME1 BM4,3.6067
1980-09-01,1980-10-01,SMALL HiBM,2.2327
1980-09-01,1980-10-01,ME2 BM1,6.652
1980-09-01,1980-10-01,ME2 BM2,2.0934
1980-09-01,1980-10-01,ME2 BM3,0.6185
1980-09-01,1980-10-01,ME2 BM4,3.2327
1980-09-01,1980-10-01,ME2 BM5,1.6839
1980-09-01,1980-10-01,ME3 BM1,2.3861
1980-09-01,1980-10-01,ME3 BM2,2.2752
1980-09-01,1980-10-01,ME3 BM3,2.8271
1980-09-01,1980-10-01,ME3 BM4,1.41
1980-09-01,1980-10-01,ME3 BM5,0.6883
1980-09-01,1980-10-01,ME4 BM1,2.2392
1980-09-01,1980-10-01,ME4 BM2,3.5664
1980-09-01,1980-10-01,ME4 BM3,-0.7534
1980-09-01,1980-10-01,ME4 BM4,-1.409
1980-09-01,1980-10-01,ME4 BM5,-0.167
1980-09-01,1980-10-01,BIG LoBM,0.6026
1980-09-01,1980-10-01,ME5 BM2,4.0756
1980-09-01,1980-10-01,ME5 BM3,4.5969
1980-09-01,1980-10-01,ME5 BM4,-1.7398
1980-09-01,1980-10-01,BIG HiBM,0.6636
1980-10-01,1980-11-01,SMALL LoBM,16.3041
1980-10-01,1980-11-01,ME1 BM2,6.1213
1980-10-01,1980-11-01,ME1 BM3,5.5298
1980-10-01,1980-11-01,ME1 BM4,1.0337
1980-10-01,1980-11-01,SMALL HiBM,1.7586
1980-10-01,1980-11-01,ME2 BM1,13.3326
1980-10-01,1980-11-01,ME2 BM2,7.25
1980-10-01,1980-11-01,ME2 BM3,4.744
1980-10-01,1980-11-01,ME2 BM4,6.4886
1980-10-01,1980-11-01,ME2 BM5,3.6777
1980-10-01,1980-11-01,ME3 BM1,11.4652
1980-10-01,1980-11-01,ME3 BM2,7.118
1980-10-01,1980-11-01,ME3 BM3,3.5053
1980-10-01,1980-11-01,ME3 BM4,2.3385
1980-10-01,1980-11-01,ME3 BM5,2.9982
1980-10-01,1980-11-01,ME4 BM1,12.885
1980-10-01,1980-11-01,ME4 BM2,13.9229
1980-10-01,1980-11-01,ME4 BM3,4.3917
1980-10-01,1980-11-01,ME4 BM4,3.0103
1980-10-01,1980-11-01,ME4 BM5,0.8619
1980-10-01,1980-11-01,BIG LoBM,10.6566
1980-10-01,1980-11-01,ME5 BM2,14.2553
1980-10-01,1980-11-01,ME5 BM3,18.5374
1980-10-01,1980-11-01,ME5 BM4,5.1851
1980-10-01,1980-11-01,BIG HiBM,3.9327
1980-11-01,1980-12-01,SMALL LoBM,-6.2041
1980-11-01,1980-12-01,ME1 BM2,-5.6415
1980-11-01,1980-12-01,ME1 BM3,-3.682
1980-11-01,1980-12-01,ME1 BM4,-2.677
1980-11-01,1980-12-01,SMALL HiBM,-3.5341
1980-11-01,1980-12-01,ME2 BM1,-5.131
1980-11-01,1980-12-01,ME2 BM2,-2.3365
1980-11-01,1980-12-01,ME2 BM3,-1.8447
1980-11-01,1980-12-01,ME2 BM4,-1.4391
1980-11-01,1980-12-01,ME2 BM5,-0.3252
1980-11-01,1980-12-01,ME3 BM1,-3.8053
1980-11-01,1980-12-01,ME3 BM2,-3.1874
1980-11-01,1980-12-01,ME3 BM3,-0.4553
1980-11-01,1980-12-01,ME3 BM4,-0.9731
1980-11-01,1980-12-01,ME3 BM5,-0.1251
1980-11-01,1980-12-01,ME4 BM1,-3.533
1980-11-01,1980-12-01,ME4 BM2,-4.468
1980-11-01,1980-12-01,ME4 BM3,-0.8792
1980-11-01,1980-12-01,ME4 BM4,0.5046
1980-11-01,1980-12-01,ME4 BM5,-0.4294
1980-11-01,1980-12-01,BIG LoBM,0.0956
1980-11-01,1980-12-01,ME5 BM2,-5.5912
1980-11-01,1980-12-01,ME5 BM3,-5.6728
1980-11-01,1980-12-01,ME5 BM4,-1.2559
1980-11-01,1980-12-01,BIG HiBM,-0.1559
1980-12-01,1981-01-01,SMALL LoBM,-4.3849
1980-12-01,1981-01-01,ME1 BM2,-0.3493
1980-12-01,1981-01-01,ME1 BM3,1.4112
1980-12-01,1981-01-01,ME1 BM4,1.6792
1980-12-01,1981-01-01,SMALL HiBM,3.2552
1980-12-01,1981-01-01,ME2 BM1,-4.7463
1980-12-01,1981-01-01,ME2 BM2,-0.7454
1980-12-01,1981-01-01,ME2 BM3,0.0284
1980-12-01,1981-01-01,ME2 BM4,1.8336
1980-12-01,1981-01-01,ME2 BM5,3.1017
1980-12-01,1981-01-01,ME3 BM1,-4.2538
1980-12-01,1981-01-01,ME3 BM2,-1.5856
1980-12-01,1981-01-01,ME3 BM3,-0.9858
1980-12-01,1981-01-01,ME3 BM4,1.9988
1980-12-01,1981-01-01,ME3 BM5,2.7036
1980-12-01,1981-01-01,ME4 BM1,-6.826
1980-12-01,1981-01-01,ME4 BM2,-3.4515
1980-12-01,1981-01-01,ME4 BM3,-0.3771
1980-12-01,1981-01-01,ME4 BM4,0.5511
1980-12-01,1981-01-01,ME4 BM5,1.4298
1980-12-01,1981-01-01,BIG LoBM,-6.138
1980-12-01,1981-01-01,ME5 BM2,-7.3114
1980-12-01,1981-01-01,ME5 BM3,-6.4157
1980-12-01,1981-01-01,ME5 BM4,-0.0683
1980-12-01,1981-01-01,BIG HiBM,2.2764
1981-01-01,1981-02-01,SMALL LoBM,-3.41
1981-01-01,1981-02-01,ME1 BM2,-1.204
1981-01-01,1981-02-01,ME1 BM3,1.2525
1981-01-01,1981-02-01,ME1 BM4,2.0378
1981-01-01,1981-02-01,SMALL HiBM,2.3178
1981-01-01,1981-02-01,ME2 BM1,-0.346
1981-01-01,1981-02-01,ME2 BM2,1.8115
1981-01-01,1981-02-01,ME2 BM3,2.561
1981-01-01,1981-02-01,ME2 BM4,3.2927
1981-01-01,1981-02-01,ME2 BM5,3.868
1981-01-01,1981-02-01,ME3 BM1,3.3537
1981-01-01,1981-02-01,ME3 BM2,2.3909
1981-01-01,1981-02-01,ME3 BM3,3.7622
1981-01-01,1981-02-01,ME3 BM4,-0.0465
1981-01-01,1981-02-01,ME3 BM5,1.3653
1981-01-01,1981-02-01,ME4 BM1,1.3817
1981-01-01,1981-02-01,ME4 BM2,2.4142
1981-01-01,1981-02-01,ME4 BM3,4.4923
1981-01-01,1981-02-01,ME4 BM4,1.6688
1981-01-01,1981-02-01,ME4 BM5,3.8189
1981-01-01,1981-02-01,BIG LoBM,3.2819
1981-01-01,1981-02-01,ME5 BM2,2.083
1981-01-01,1981-02-01,ME5 BM3,-0.6348
1981-01-01,1981-02-01,ME5 BM4,3.1139
1981-01-01,1981-02-01,BIG HiBM,-0.4509
1981-02-01,1981-03-01,SMALL LoBM,7.3664
1981-02-01,1981-03-01,ME1 BM2,10.3421
1981-02-01,1981-03-01,ME1 BM3,8.7605
1981-02-01,1981-03-01,ME1 BM4,9.0041
1981-02-01,1981-03-01,SMALL HiBM,7.2482
1981-02-01,1981-03-01,ME2 BM1,8.0794
1981-02-01,1981-03-01,ME2 BM2,8.3187
1981-02-01,1981-03-01,ME2 BM3,7.6754
1981-02-01,1981-03-01,ME2 BM4,7.6075
1981-02-01,1981-03-01,ME2 BM5,7.555
1981-02-01,1981-03-01,ME3 BM1,7.5641
1981-02-01,1981-03-01,ME3 BM2,7.653
1981-02-01,1981-03-01,ME3 BM3,7.8425
1981-02-01,1981-03-01,ME3 BM4,9.1051
1981-02-01,1981-03-01,ME3 BM5,6.977
1981-02-01,1981-03-01,ME4 BM1,8.9507
1981-02-01,1981-03-01,ME4 BM2,6.7198
1981-02-01,1981-03-01,ME4 BM3,8.4585
1981-02-01,1981-03-01,ME4 BM4,8.2615
1981-02-01,1981-03-01,ME4 BM5,7.7287
1981-02-01,1981-03-01,BIG LoBM,3.2784
1981-02-01,1981-03-01,ME5 BM2,3.6496
1981-02-01,1981-03-01,ME5 BM3,0.4141
1981-02-01,1981-03-01,ME5 BM4,3.4018
1981-02-01,1981-03-01,BIG HiBM,8.1981
1981-03-01,1981-04-01,SMALL LoBM,2.7871
1981-03-01,1981-04-01,ME1 BM2,4.5343
1981-03-01,1981-04-01,ME1 BM3,3.5393
1981-03-01,1981-04-01,ME1 BM4,4.6487
1981-03-01,1981-04-01,SMALL HiBM,5.4125
1981-03-01,1981-04-01,ME2 BM1,1.6258
1981-03-01,1981-04-01,ME2 BM2,3.5803
1981-03-01,1981-04-01,ME2 BM3,3.5347
1981-03-01,1981-04-01,ME2 BM4,3.6961
1981-03-01,1981-04-01,ME2 BM5,4.0233
1981-03-01,1981-04-01,ME3 BM1,1.239
1981-03-01,1981-04-01,ME3 BM2,3.3638
1981-03-01,1981-04-01,ME3 BM3,1.156
1981-03-01,1981-04-01,ME3 BM4,0.9557
1981-03-01,1981-04-01,ME3 BM5,3.7056
1981-03-01,1981-04-01,ME4 BM1,0.0344
1981-03-01,1981-04-01,ME4 BM2,-0.8426
1981-03-01,1981-04-01,ME4 BM3,0.6191
1981-03-01,1981-04-01,ME4 BM4,-0.2428
1981-03-01,1981-04-01,ME4 BM5,1.704
1981-03-01,1981-04-01,BIG LoBM,-3.045
1981-03-01,1981-04-01,ME5 BM2,-4.7814
1981-03-01,1981-04-01,ME5 BM3,-2.6559
1981-03-01,1981-04-01,ME5 BM4,2.1697
1981-03-01,1981-04-01,BIG HiBM,-2.9724
1981-04-01,1981-05-01,SMALL LoBM,5.0053
1981-04-01,1981-05-01,ME1 BM2,5.2081
1981-04-01,1981-05-01,ME1 BM3,4.0379
1981-04-01,1981-05-01,ME1 BM4,2.5547
1981-04-01,1981-05-01,SMALL HiBM,2.6729
1981-04-01,1981-05-01,ME2 BM1,6.176
1981-04-01,1981-05-01,ME2 BM2,1.8737
1981-04-01,1981-05-01,ME2 BM3,3.1615
1981-04-01,1981-05-01,ME2 BM4,0.2218
1981-04-01,1981-05-01,ME2 BM5,2.5213
1981-04-01,1981-05-01,ME3 BM1,2.2994
1981-04-01,1981-05-01,ME3 BM2,2.9826
1981-04-01,1981-05-01,ME3 BM3,2.7748
1981-04-01,1981-05-01,ME3 BM4,1.4665
1981-04-01,1981-05-01,ME3 BM5,5.1335
1981-04-01,1981-05-01,ME4 BM1,3.3858
1981-04-01,1981-05-01,ME4 BM2,2.061
1981-04-01,1981-05-01,ME4 BM3,1.9832
1981-04-01,1981-05-01,ME4 BM4,0.8182
1981-04-01,1981-05-01,ME4 BM5,3.3651
1981-04-01,1981-05-01,BIG LoBM,1.5915
1981-04-01,1981-05-01,ME5 BM2,-2.1939
1981-04-01,1981-05-01,ME5 BM3,-1.9354
1981-04-01,1981-05-01,ME5 BM4,3.7471
1981-04-01,1981-05-01,BIG HiBM,0.754
1981-05-01,1981-06-01,SMALL LoBM,-7.0875
1981-05-01,1981-06-01,ME1 BM2,-0.4245
1981-05-01,1981-06-01,ME1 BM3,1.2426
1981-05-01,1981-06-01,ME1 BM4,2.7454
1981-05-01,1981-06-01,SMALL HiBM,1.3188
1981-05-01,1981-06-01,ME2 BM1,-7.1344
1981-05-01,1981-06-01,ME2 BM2,-0.5855
1981-05-01,1981-06-01,ME2 BM3,-0.7764
1981-05-01,1981-06-01,ME2 BM4,0.1194
1981-05-01,1981-06-01,ME2 BM5,1.5584
1981-05-01,1981-06-01,ME3 BM1,-4.9937
1981-05-01,1981-06-01,ME3 BM2,-0.0491
1981-05-01,1981-06-01,ME3 BM3,-0.259
1981-05-01,1981-06-01,ME3 BM4,2.359
1981-05-01,1981-06-01,ME3 BM5,-1.6997
1981-05-01,1981-06-01,ME4 BM1,-5.1794
1981-05-01,1981-06-01,ME4 BM2,-1.4322
1981-05-01,1981-06-01,ME4 BM3,0.794
1981-05-01,1981-06-01,ME4 BM4,2.5971
1981-05-01,1981-06-01,ME4 BM5,-0.5885
1981-05-01,1981-06-01,BIG LoBM,-4.478
1981-05-01,1981-06-01,ME5 BM2,1.2327
1981-05-01,1981-06-01,ME5 BM3,3.3072
1981-05-01,1981-06-01,ME5 BM4,-0.6543
1981-05-01,1981-06-01,BIG HiBM,0.6096
1981-06-01,1981-07-01,SMALL LoBM,-4.6125
1981-06-01,1981-07-01,ME1 BM2,-3.3889
1981-06-01,1981-07-01,ME1 BM3,-2.6866
1981-06-01,1981-07-01,ME1 BM4,-2.0341
1981-06-01,1981-07-01,SMALL HiBM,-2.2158
1981-06-01,1981-07-01,ME2 BM1,-2.4161
1981-06-01,1981-07-01,ME2 BM2,-3.3988
1981-06-01,1981-07-01,ME2 BM3,-0.7842
1981-06-01,1981-07-01,ME2 BM4,-1.3484
1981-06-01,1981-07-01,ME2 BM5,-2.0027
1981-06-01,1981-07-01,ME3 BM1,-1.3431
1981-06-01,1981-07-01,ME3 BM2,-1.9858
1981-06-01,1981-07-01,ME3 BM3,-2.997
1981-06-01,1981-07-01,ME3 BM4,-2.8484
1981-06-01,1981-07-01,ME3 BM5,-0.3743
1981-06-01,1981-07-01,ME4 BM1,2.2673
1981-06-01,1981-07-01,ME4 BM2,-1.232
1981-06-01,1981-07-01,ME4 BM3,-2.4449
1981-06-01,1981-07-01,ME4 BM4,-2.4766
1981-06-01,1981-07-01,ME4 BM5,-3.1688
1981-06-01,1981-07-01,BIG LoBM,1.6172
1981-06-01,1981-07-01,ME5 BM2,2.6517
1981-06-01,1981-07-01,ME5 BM3,-2.0269
1981-06-01,1981-07-01,ME5 BM4,-2.238
1981-06-01,1981-07-01,BIG HiBM,0.5977
1981-07-01,1981-08-01,SMALL LoBM,-12.5906
1981-07-01,1981-08-01,ME1 BM2,-8.6304
1981-07-01,1981-08-01,ME1 BM3,-7.3251
1981-07-01,1981-08-01,ME1 BM4,-5.6472
1981-07-01,1981-08-01,SMALL HiBM,-4.7934
1981-07-01,1981-08-01,ME2 BM1,-10.419
1981-07-01,1981-08-01,ME2 BM2,-8.3295
1981-07-01,1981-08-01,ME2 BM3,-5.1627
1981-07-01,1981-08-01,ME2 BM4,-5.1991
1981-07-01,1981-08-01,ME2 BM5,-5.5943
1981-07-01,1981-08-01,ME3 BM1,-8.3513
1981-07-01,1981-08-01,ME3 BM2,-6.006
1981-07-01,1981-08-01,ME3 BM3,-5.5187
1981-07-01,1981-08-01,ME3 BM4,-5.8802
1981-07-01,1981-08-01,ME3 BM5,-3.3826
1981-07-01,1981-08-01,ME4 BM1,-7.0489
1981-07-01,1981-08-01,ME4 BM2,-5.8265
1981-07-01,1981-08-01,ME4 BM3,-3.943
1981-07-01,1981-08-01,ME4 BM4,-5.2642
1981-07-01,1981-08-01,ME4 BM5,-3.0674
1981-07-01,1981-08-01,BIG LoBM,-6.192
1981-07-01,1981-08-01,ME5 BM2,-6.6554
1981-07-01,1981-08-01,ME5 BM3,-5.8452
1981-07-01,1981-08-01,ME5 BM4,-5.229
1981-07-01,1981-08-01,BIG HiBM,-0.4356
1981-08-01,1981-09-01,SMALL LoBM,-13.4435
1981-08-01,1981-09-01,ME1 BM2,-8.1086
1981-08-01,1981-09-01,ME1 BM3,-7.5098
1981-08-01,1981-09-01,ME1 BM4,-6.6093
1981-08-01,1981-09-01,SMALL HiBM,-6.3757
1981-08-01,1981-09-01,ME2 BM1,-10.387
1981-08-01,1981-09-01,ME2 BM2,-6.9373
1981-08-01,1981-09-01,ME2 BM3,-6.4076
1981-08-01,1981-09-01,ME2 BM4,-3.3341
1981-08-01,1981-09-01,ME2 BM5,-5.548
1981-08-01,1981-09-01,ME3 BM1,-9.3532
1981-08-01,1981-09-01,ME3 BM2,-5.8697
1981-08-01,1981-09-01,ME3 BM3,-6.1234
1981-08-01,1981-09-01,ME3 BM4,-1.5969
1981-08-01,1981-09-01,ME3 BM5,-3.9354
1981-08-01,1981-09-01,ME4 BM1,-9.1008
1981-08-01,1981-09-01,ME4 BM2,-8.0037
1981-08-01,1981-09-01,ME4 BM3,-6.551
1981-08-01,1981-09-01,ME4 BM4,-3.7818
1981-08-01,1981-09-01,ME4 BM5,-4.3296
1981-08-01,1981-09-01,BIG LoBM,-6.296
1981-08-01,1981-09-01,ME5 BM2,-6.0656
1981-08-01,1981-09-01,ME5 BM3,-6.1865
1981-08-01,1981-09-01,ME5 BM4,-2.1692
1981-08-01,1981-09-01,BIG HiBM,0.5143
1981-09-01,1981-10-01,SMALL LoBM,10.5048
1981-09-01,1981-10-01,ME1 BM2,7.8048
1981-09-01,1981-10-01,ME1 BM3,8.549
1981-09-01,1981-10-01,ME1 BM4,7.13
1981-09-01,1981-10-01,SMALL HiBM,4.9517
1981-09-01,1981-10-01,ME2 BM1,10.9
1981-09-01,1981-10-01,ME2 BM2,6.818
1981-09-01,1981-10-01,ME2 BM3,6.7014
1981-09-01,1981-10-01,ME2 BM4,7.7447
1981-09-01,1981-10-01,ME2 BM5,5.8445
1981-09-01,1981-10-01,ME3 BM1,10.6472
1981-09-01,1981-10-01,ME3 BM2,5.4423
1981-09-01,1981-10-01,ME3 BM3,7.2455
1981-09-01,1981-10-01,ME3 BM4,4.8072
1981-09-01,1981-10-01,ME3 BM5,4.3837
1981-09-01,1981-10-01,ME4 BM1,10.1144
1981-09-01,1981-10-01,ME4 BM2,7.6939
1981-09-01,1981-10-01,ME4 BM3,5.1416
1981-09-01,1981-10-01,ME4 BM4,4.1541
1981-09-01,1981-10-01,ME4 BM5,3.7316
1981-09-01,1981-10-01,BIG LoBM,7.8001
1981-09-01,1981-10-01,ME5 BM2,7.3064
1981-09-01,1981-10-01,ME5 BM3,2.639
1981-09-01,1981-10-01,ME5 BM4,1.6139
1981-09-01,1981-10-01,BIG HiBM,4.8132
1981-10-01,1981-11-01,SMALL LoBM,-1.1741
1981-10-01,1981-11-01,ME1 BM2,2.0228
1981-10-01,1981-11-01,ME1 BM3,3.894
1981-10-01,1981-11-01,ME1 BM4,2.592
1981-10-01,1981-11-01,SMALL HiBM,3.9549
1981-10-01,1981-11-01,ME2 BM1,1.5209
1981-10-01,1981-11-01,ME2 BM2,5.0482
1981-10-01,1981-11-01,ME2 BM3,4.9142
1981-10-01,1981-11-01,ME2 BM4,6.1329
1981-10-01,1981-11-01,ME2 BM5,5.6315
1981-10-01,1981-11-01,ME3 BM1,0.4721
1981-10-01,1981-11-01,ME3 BM2,2.6576
1981-10-01,1981-11-01,ME3 BM3,4.2922
1981-10-01,1981-11-01,ME3 BM4,3.1491
1981-10-01,1981-11-01,ME3 BM5,5.4365
1981-10-01,1981-11-01,ME4 BM1,4.1778
1981-10-01,1981-11-01,ME4 BM2,4.2069
1981-10-01,1981-11-01,ME4 BM3,3.3482
1981-10-01,1981-11-01,ME4 BM4,7.4031
1981-10-01,1981-11-01,ME4 BM5,4.8408
1981-10-01,1981-11-01,BIG LoBM,3.5564
1981-10-01,1981-11-01,ME5 BM2,6.0203
1981-10-01,1981-11-01,ME5 BM3,5.213
1981-10-01,1981-11-01,ME5 BM4,4.4414
1981-10-01,1981-11-01,BIG HiBM,3.7414
1981-11-01,1981-12-01,SMALL LoBM,-4.1999
1981-11-01,1981-12-01,ME1 BM2,-1.8056
1981-11-01,1981-12-01,ME1 BM3,-0.5292
1981-11-01,1981-12-01,ME1 BM4,-0.5267
1981-11-01,1981-12-01,SMALL HiBM,-1.1451
1981-11-01,1981-12-01,ME2 BM1,-1.7005
1981-11-01,1981-12-01,ME2 BM2,-0.3018
1981-11-01,1981-12-01,ME2 BM3,-2.0372
1981-11-01,1981-12-01,ME2 BM4,-2.2934
1981-11-01,1981-12-01,ME2 BM5,-1.4912
1981-11-01,1981-12-01,ME3 BM1,-1.8544
1981-11-01,1981-12-01,ME3 BM2,-2.1492
1981-11-01,1981-12-01,ME3 BM3,-0.908
1981-11-01,1981-12-01,ME3 BM4,-1.2319
1981-11-01,1981-12-01,ME3 BM5,-3.0489
1981-11-01,1981-12-01,ME4 BM1,-3.2809
1981-11-01,1981-12-01,ME4 BM2,-2.1805
1981-11-01,1981-12-01,ME4 BM3,-1.7901
1981-11-01,1981-12-01,ME4 BM4,-2.2629
1981-11-01,1981-12-01,ME4 BM5,-2.4609
1981-11-01,1981-12-01,BIG LoBM,-2.8872
1981-11-01,1981-12-01,ME5 BM2,-3.4402
1981-11-01,1981-12-01,ME5 BM3,-3.7476
1981-11-01,1981-12-01,ME5 BM4,-2.0214
1981-11-01,1981-12-01,BIG HiBM,-1.7625
1981-12-01,1982-01-01,SMALL LoBM,-3.1502
1981-12-01,1982-01-01,ME1 BM2,-0.2169
1981-12-01,1982-01-01,ME1 BM3,-1.6786
1981-12-01,1982-01-01,ME1 BM4,-1.8382
1981-12-01,1982-01-01,SMALL HiBM,0.0512
1981-12-01,1982-01-01,ME2 BM1,-5.5042
1981-12-01,1982-01-01,ME2 BM2,-3.383
1981-12-01,1982-01-01,ME2 BM3,-3.3942
1981-12-01,1982-01-01,ME2 BM4,-3.4575
1981-12-01,1982-01-01,ME2 BM5,0.2526
1981-12-01,1982-01-01,ME3 BM1,-6.2934
1981-12-01,1982-01-01,ME3 BM2,-3.3616
1981-12-01,1982-01-01,ME3 BM3,-4.8842
1981-12-01,1982-01-01,ME3 BM4,-1.988
1981-12-01,1982-01-01,ME3 BM5,1.342
1981-12-01,1982-01-01,ME4 BM1,-6.5164
1981-12-01,1982-01-01,ME4 BM2,-4.1815
1981-12-01,1982-01-01,ME4 BM3,-3.8813
1981-12-01,1982-01-01,ME4 BM4,-1.6694
1981-12-01,1982-01-01,ME4 BM5,-1.6419
1981-12-01,1982-01-01,BIG LoBM,-0.2436
1981-12-01,1982-01-01,ME5 BM2,-3.9485
1981-12-01,1982-01-01,ME5 BM3,-2.7556
1981-12-01,1982-01-01,ME5 BM4,-1.1502
1981-12-01,1982-01-01,BIG HiBM,1.4541
1982-01-01,1982-02-01,SMALL LoBM,-7.5763
1982-01-01,1982-02-01,ME1 BM2,-3.9537
1982-01-01,1982-02-01,ME1 BM3,-2.98
1982-01-01,1982-02-01,ME1 BM4,-2.9045
1982-01-01,1982-02-01,SMALL HiBM,-1.0181
1982-01-01,1982-02-01,ME2 BM1,-7.3351
1982-01-01,1982-02-01,ME2 BM2,-5.4721
1982-01-01,1982-02-01,ME2 BM3,-3.8087
1982-01-01,1982-02-01,ME2 BM4,-1.0946
1982-01-01,1982-02-01,ME2 BM5,-0.5152
1982-01-01,1982-02-01,ME3 BM1,-7.8368
1982-01-01,1982-02-01,ME3 BM2,-3.1507
1982-01-01,1982-02-01,ME3 BM3,-1.4176
1982-01-01,1982-02-01,ME3 BM4,-3.0576
1982-01-01,1982-02-01,ME3 BM5,0.3633
1982-01-01,1982-02-01,ME4 BM1,-6.9187
1982-01-01,1982-02-01,ME4 BM2,-6.3404
1982-01-01,1982-02-01,ME4 BM3,-3.6031
1982-01-01,1982-02-01,ME4 BM4,-0.288
1982-01-01,1982-02-01,ME4 BM5,0.7972
1982-01-01,1982-02-01,BIG LoBM,-7.3673
1982-01-01,1982-02-01,ME5 BM2,-7.4653
1982-01-01,1982-02-01,ME5 BM3,-2.6044
1982-01-01,1982-02-01,ME5 BM4,-1.1881
1982-01-01,1982-02-01,BIG HiBM,-4.0071
1982-02-01,1982-03-01,SMALL LoBM,-1.9733
1982-02-01,1982-03-01,ME1 BM2,-0.5269
1982-02-01,1982-03-01,ME1 BM3,-1.1883
1982-02-01,1982-03-01,ME1 BM4,-0.52
1982-02-01,1982-03-01,SMALL HiBM,0.5426
1982-02-01,1982-03-01,ME2 BM1,-3.962
1982-02-01,1982-03-01,ME2 BM2,0.7152
1982-02-01,1982-03-01,ME2 BM3,-1.3765
1982-02-01,1982-03-01,ME2 BM4,2.1204
1982-02-01,1982-03-01,ME2 BM5,1.7794
1982-02-01,1982-03-01,ME3 BM1,-2.4615
1982-02-01,1982-03-01,ME3 BM2,0.0104
1982-02-01,1982-03-01,ME3 BM3,1.111
1982-02-01,1982-03-01,ME3 BM4,-0.2132
1982-02-01,1982-03-01,ME3 BM5,2.8084
1982-02-01,1982-03-01,ME4 BM1,-3.095
1982-02-01,1982-03-01,ME4 BM2,-1.7664
1982-02-01,1982-03-01,ME4 BM3,0.1354
1982-02-01,1982-03-01,ME4 BM4,0.1681
1982-02-01,1982-03-01,ME4 BM5,1.064
1982-02-01,1982-03-01,BIG LoBM,-3.4894
1982-02-01,1982-03-01,ME5 BM2,0.5401
1982-02-01,1982-03-01,ME5 BM3,-1.5569
1982-02-01,1982-03-01,ME5 BM4,2.5907
1982-02-01,1982-03-01,BIG HiBM,2.0363
1982-03-01,1982-04-01,SMALL LoBM,6.3881
1982-03-01,1982-04-01,ME1 BM2,6.2386
1982-03-01,1982-04-01,ME1 BM3,5.812
1982-03-01,1982-04-01,ME1 BM4,4.519
1982-03-01,1982-04-01,SMALL HiBM,4.1413
1982-03-01,1982-04-01,ME2 BM1,6.8277
1982-03-01,1982-04-01,ME2 BM2,7.3554
1982-03-01,1982-04-01,ME2 BM3,5.7794
1982-03-01,1982-04-01,ME2 BM4,4.3458
1982-03-01,1982-04-01,ME2 BM5,4.2055
1982-03-01,1982-04-01,ME3 BM1,6.2184
1982-03-01,1982-04-01,ME3 BM2,5.7708
1982-03-01,1982-04-01,ME3 BM3,4.5904
1982-03-01,1982-04-01,ME3 BM4,4.9762
1982-03-01,1982-04-01,ME3 BM5,4.7627
1982-03-01,1982-04-01,ME4 BM1,6.2692
1982-03-01,1982-04-01,ME4 BM2,5.123
1982-03-01,1982-04-01,ME4 BM3,4.5643
1982-03-01,1982-04-01,ME4 BM4,3.6677
1982-03-01,1982-04-01,ME4 BM5,5.0142
1982-03-01,1982-04-01,BIG LoBM,6.6528
1982-03-01,1982-04-01,ME5 BM2,3.8598
1982-03-01,1982-04-01,ME5 BM3,3.0462
1982-03-01,1982-04-01,ME5 BM4,2.9792
1982-03-01,1982-04-01,BIG HiBM,-0.4272
1982-04-01,1982-05-01,SMALL LoBM,-3.2222
1982-04-01,1982-05-01,ME1 BM2,-1.7001
1982-04-01,1982-05-01,ME1 BM3,0.0938
1982-04-01,1982-05-01,ME1 BM4,-1.274
1982-04-01,1982-05-01,SMALL HiBM,-0.2331
1982-04-01,1982-05-01,ME2 BM1,-3.92
1982-04-01,1982-05-01,ME2 BM2,-3.9236
1982-04-01,1982-05-01,ME2 BM3,-3.2536
1982-04-01,1982-05-01,ME2 BM4,-1.8094
1982-04-01,1982-05-01,ME2 BM5,-2.3514
1982-04-01,1982-05-01,ME3 BM1,-3.6434
1982-04-01,1982-05-01,ME3 BM2,-2.089
1982-04-01,1982-05-01,ME3 BM3,-3.3641
1982-04-01,1982-05-01,ME3 BM4,-2.6512
1982-04-01,1982-05-01,ME3 BM5,-1.2123
1982-04-01,1982-05-01,ME4 BM1,-4.604
1982-04-01,1982-05-01,ME4 BM2,-4.4239
1982-04-01,1982-05-01,ME4 BM3,-4.0975
1982-04-01,1982-05-01,ME4 BM4,-3.9409
1982-04-01,1982-05-01,ME4 BM5,-2.6292
1982-04-01,1982-05-01,BIG LoBM,-4.0475
1982-04-01,1982-05-01,ME5 BM2,-1.8702
1982-04-01,1982-05-01,ME5 BM3,-1.5524
1982-04-01,1982-05-01,ME5 BM4,-3.3454
1982-04-01,1982-05-01,BIG HiBM,-0.3561
1982-05-01,1982-06-01,SMALL LoBM,-4.3352
1982-05-01,1982-06-01,ME1 BM2,-3.7562
1982-05-01,1982-06-01,ME1 BM3,-2.3835
1982-05-01,1982-06-01,ME1 BM4,-1.1273
1982-05-01,1982-06-01,SMALL HiBM,-1.4837
1982-05-01,1982-06-01,ME2 BM1,-4.4938
1982-05-01,1982-06-01,ME2 BM2,-0.972
1982-05-01,1982-06-01,ME2 BM3,-1.6576
1982-05-01,1982-06-01,ME2 BM4,-0.6201
1982-05-01,1982-06-01,ME2 BM5,-1.034
1982-05-01,1982-06-01,ME3 BM1,-3.8736
1982-05-01,1982-06-01,ME3 BM2,-0.6524
1982-05-01,1982-06-01,ME3 BM3,-0.4478
1982-05-01,1982-06-01,ME3 BM4,-2.3105
1982-05-01,1982-06-01,ME3 BM5,-1.8999
1982-05-01,1982-06-01,ME4 BM1,-4.1934
1982-05-01,1982-06-01,ME4 BM2,-3.0302
1982-05-01,1982-06-01,ME4 BM3,-0.7026
1982-05-01,1982-06-01,ME4 BM4,-1.5475
1982-05-01,1982-06-01,ME4 BM5,0.4224
1982-05-01,1982-06-01,BIG LoBM,-2.8203
1982-05-01,1982-06-01,ME5 BM2,-1.1965
1982-05-01,1982-06-01,ME5 BM3,-0.5456
1982-05-01,1982-06-01,ME5 BM4,-1.8881
1982-05-01,1982-06-01,BIG HiBM,-2.894
1982-06-01,1982-07-01,SMALL LoBM,-3.9937
1982-06-01,1982-07-01,ME1 BM2,-2.6264
1982-06-01,1982-07-01,ME1 BM3,0.3278
1982-06-01,1982-07-01,ME1 BM4,-0.8087
1982-06-01,1982-07-01,SMALL HiBM,-0.3631
1982-06-01,1982-07-01,ME2 BM1,-3.5066
1982-06-01,1982-07-01,ME2 BM2,1.5196
1982-06-01,1982-07-01,ME2 BM3,-0.2424
1982-06-01,1982-07-01,ME2 BM4,-0.114
1982-06-01,1982-07-01,ME2 BM5,-1.1108
1982-06-01,1982-07-01,ME3 BM1,-1.7545
1982-06-01,1982-07-01,ME3 BM2,-0.6208
1982-06-01,1982-07-01,ME3 BM3,-2.7138
1982-06-01,1982-07-01,ME3 BM4,-3.054
1982-06-01,1982-07-01,ME3 BM5,-1.8887
1982-06-01,1982-07-01,ME4 BM1,-1.7705
1982-06-01,1982-07-01,ME4 BM2,-4.1254
1982-06-01,1982-07-01,ME4 BM3,-2.4533
1982-06-01,1982-07-01,ME4 BM4,-3.3151
1982-06-01,1982-07-01,ME4 BM5,-2.8138
1982-06-01,1982-07-01,BIG LoBM,0.6367
1982-06-01,1982-07-01,ME5 BM2,-3.7785
1982-06-01,1982-07-01,ME5 BM3,-4.306
1982-06-01,1982-07-01,ME5 BM4,-2.12
1982-06-01,1982-07-01,BIG HiBM,-2.2427
1982-07-01,1982-08-01,SMALL LoBM,4.7757
1982-07-01,1982-08-01,ME1 BM2,7.0785
1982-07-01,1982-08-01,ME1 BM3,6.738
1982-07-01,1982-08-01,ME1 BM4,5.2159
1982-07-01,1982-08-01,SMALL HiBM,5.6032
1982-07-01,1982-08-01,ME2 BM1,7.9072
1982-07-01,1982-08-01,ME2 BM2,8.041
1982-07-01,1982-08-01,ME2 BM3,10.0689
1982-07-01,1982-08-01,ME2 BM4,8.1739
1982-07-01,1982-08-01,ME2 BM5,8.1717
1982-07-01,1982-08-01,ME3 BM1,10.6151
1982-07-01,1982-08-01,ME3 BM2,10.7981
1982-07-01,1982-08-01,ME3 BM3,12.3831
1982-07-01,1982-08-01,ME3 BM4,11.2827
1982-07-01,1982-08-01,ME3 BM5,11.0025
1982-07-01,1982-08-01,ME4 BM1,12.0251
1982-07-01,1982-08-01,ME4 BM2,12.4897
1982-07-01,1982-08-01,ME4 BM3,10.6978
1982-07-01,1982-08-01,ME4 BM4,12.6246
1982-07-01,1982-08-01,ME4 BM5,14.0854
1982-07-01,1982-08-01,BIG LoBM,11.3461
1982-07-01,1982-08-01,ME5 BM2,12.1711
1982-07-01,1982-08-01,ME5 BM3,13.1746
1982-07-01,1982-08-01,ME5 BM4,13.5805
1982-07-01,1982-08-01,BIG HiBM,14.1347
1982-08-01,1982-09-01,SMALL LoBM,2.2356
1982-08-01,1982-09-01,ME1 BM2,2.3369
1982-08-01,1982-09-01,ME1 BM3,5.588
1982-08-01,1982-09-01,ME1 BM4,3.7959
1982-08-01,1982-09-01,SMALL HiBM,4.3517
1982-08-01,1982-09-01,ME2 BM1,2.2882
1982-08-01,1982-09-01,ME2 BM2,3.0224
1982-08-01,1982-09-01,ME2 BM3,5.0359
1982-08-01,1982-09-01,ME2 BM4,5.5001
1982-08-01,1982-09-01,ME2 BM5,5.3148
1982-08-01,1982-09-01,ME3 BM1,3.2851
1982-08-01,1982-09-01,ME3 BM2,5.2463
1982-08-01,1982-09-01,ME3 BM3,4.1617
1982-08-01,1982-09-01,ME3 BM4,4.2034
1982-08-01,1982-09-01,ME3 BM5,2.1631
1982-08-01,1982-09-01,ME4 BM1,2.609
1982-08-01,1982-09-01,ME4 BM2,2.4495
1982-08-01,1982-09-01,ME4 BM3,8.2599
1982-08-01,1982-09-01,ME4 BM4,2.4497
1982-08-01,1982-09-01,ME4 BM5,-0.0368
1982-08-01,1982-09-01,BIG LoBM,1.7273
1982-08-01,1982-09-01,ME5 BM2,1.8611
1982-08-01,1982-09-01,ME5 BM3,1.1009
1982-08-01,1982-09-01,ME5 BM4,-0.0537
1982-08-01,1982-09-01,BIG HiBM,-0.0475
1982-09-01,1982-10-01,SMALL LoBM,17.729
1982-09-01,1982-10-01,ME1 BM2,13.2691
1982-09-01,1982-10-01,ME1 BM3,13.1171
1982-09-01,1982-10-01,ME1 BM4,13.0593
1982-09-01,1982-10-01,SMALL HiBM,11.6612
1982-09-01,1982-10-01,ME2 BM1,17.4251
1982-09-01,1982-10-01,ME2 BM2,12.2446
1982-09-01,1982-10-01,ME2 BM3,13.1626
1982-09-01,1982-10-01,ME2 BM4,10.7683
1982-09-01,1982-10-01,ME2 BM5,11.492
1982-09-01,1982-10-01,ME3 BM1,14.7746
1982-09-01,1982-10-01,ME3 BM2,13.5775
1982-09-01,1982-10-01,ME3 BM3,12.6187
1982-09-01,1982-10-01,ME3 BM4,13.5352
1982-09-01,1982-10-01,ME3 BM5,12.777
1982-09-01,1982-10-01,ME4 BM1,15.6155
1982-09-01,1982-10-01,ME4 BM2,14.4915
1982-09-01,1982-10-01,ME4 BM3,12.9097
1982-09-01,1982-10-01,ME4 BM4,12.7677
1982-09-01,1982-10-01,ME4 BM5,12.8371
1982-09-01,1982-10-01,BIG LoBM,11.5613
1982-09-01,1982-10-01,ME5 BM2,11.346
1982-09-01,1982-10-01,ME5 BM3,10.1838
1982-09-01,1982-10-01,ME5 BM4,10.6856
1982-09-01,1982-10-01,BIG HiBM,8.8139
1982-10-01,1982-11-01,SMALL LoBM,8.7173
1982-10-01,1982-11-01,ME1 BM2,10.3875
1982-10-01,1982-11-01,ME1 BM3,11.3917
1982-10-01,1982-11-01,ME1 BM4,10.222
1982-10-01,1982-11-01,SMALL HiBM,10.5783
1982-10-01,1982-11-01,ME2 BM1,9.6469
1982-10-01,1982-11-01,ME2 BM2,9.0544
1982-10-01,1982-11-01,ME2 BM3,7.7455
1982-10-01,1982-11-01,ME2 BM4,7.2989
1982-10-01,1982-11-01,ME2 BM5,8.8752
1982-10-01,1982-11-01,ME3 BM1,10.5865
1982-10-01,1982-11-01,ME3 BM2,8.7633
1982-10-01,1982-11-01,ME3 BM3,6.6629
1982-10-01,1982-11-01,ME3 BM4,5.0446
1982-10-01,1982-11-01,ME3 BM5,8.715
1982-10-01,1982-11-01,ME4 BM1,7.2908
1982-10-01,1982-11-01,ME4 BM2,7.2282
1982-10-01,1982-11-01,ME4 BM3,4.1571
1982-10-01,1982-11-01,ME4 BM4,5.4055
1982-10-01,1982-11-01,ME4 BM5,7.2869
1982-10-01,1982-11-01,BIG LoBM,7.2384
1982-10-01,1982-11-01,ME5 BM2,4.0667
1982-10-01,1982-11-01,ME5 BM3,1.2836
1982-10-01,1982-11-01,ME5 BM4,2.4452
1982-10-01,1982-11-01,BIG HiBM,3.2999
1982-11-01,1982-12-01,SMALL LoBM,2.5193
1982-11-01,1982-12-01,ME1 BM2,2.1087
1982-11-01,1982-12-01,ME1 BM3,1.8575
1982-11-01,1982-12-01,ME1 BM4,1.9788
1982-11-01,1982-12-01,SMALL HiBM,2.3348
1982-11-01,1982-12-01,ME2 BM1,-0.3143
1982-11-01,1982-12-01,ME2 BM2,2.227
1982-11-01,1982-12-01,ME2 BM3,1.3549
1982-11-01,1982-12-01,ME2 BM4,-0.1425
1982-11-01,1982-12-01,ME2 BM5,0.8306
1982-11-01,1982-12-01,ME3 BM1,0.6052
1982-11-01,1982-12-01,ME3 BM2,0.6648
1982-11-01,1982-12-01,ME3 BM3,-1.1525
1982-11-01,1982-12-01,ME3 BM4,0.2958
1982-11-01,1982-12-01,ME3 BM5,2.1521
1982-11-01,1982-12-01,ME4 BM1,1.0654
1982-11-01,1982-12-01,ME4 BM2,0.137
1982-11-01,1982-12-01,ME4 BM3,2.1151
1982-11-01,1982-12-01,ME4 BM4,0.3567
1982-11-01,1982-12-01,ME4 BM5,2.6497
1982-11-01,1982-12-01,BIG LoBM,2.3232
1982-11-01,1982-12-01,ME5 BM2,-0.0068
1982-11-01,1982-12-01,ME5 BM3,1.1583
1982-11-01,1982-12-01,ME5 BM4,0.6979
1982-11-01,1982-12-01,BIG HiBM,3.9695
1982-12-01,1983-01-01,SMALL LoBM,13.3089
1982-12-01,1983-01-01,ME1 BM2,8.465
1982-12-01,1983-01-01,ME1 BM3,8.7573
1982-12-01,1983-01-01,ME1 BM4,8.9281
1982-12-01,1983-01-01,SMALL HiBM,7.52
1982-12-01,1983-01-01,ME2 BM1,8.2664
1982-12-01,1983-01-01,ME2 BM2,7.9883
1982-12-01,1983-01-01,ME2 BM3,3.6584
1982-12-01,1983-01-01,ME2 BM4,4.4554
1982-12-01,1983-01-01,ME2 BM5,4.739
1982-12-01,1983-01-01,ME3 BM1,6.4231
1982-12-01,1983-01-01,ME3 BM2,2.9615
1982-12-01,1983-01-01,ME3 BM3,4.056
1982-12-01,1983-01-01,ME3 BM4,3.1566
1982-12-01,1983-01-01,ME3 BM5,4.0268
1982-12-01,1983-01-01,ME4 BM1,4.8287
1982-12-01,1983-01-01,ME4 BM2,3.4708
1982-12-01,1983-01-01,ME4 BM3,2.7373
1982-12-01,1983-01-01,ME4 BM4,2.4294
1982-12-01,1983-01-01,ME4 BM5,2.0823
1982-12-01,1983-01-01,BIG LoBM,2.0276
1982-12-01,1983-01-01,ME5 BM2,3.071
1982-12-01,1983-01-01,ME5 BM3,3.8565
1982-12-01,1983-01-01,ME5 BM4,6.6297
1982-12-01,1983-01-01,BIG HiBM,1.6519
1983-01-01,1983-02-01,SMALL LoBM,3.0917
1983-01-01,1983-02-01,ME1 BM2,4.7233
1983-01-01,1983-02-01,ME1 BM3,7.9432
1983-01-01,1983-02-01,ME1 BM4,7.3348
1983-01-01,1983-02-01,SMALL HiBM,8.5616
1983-01-01,1983-02-01,ME2 BM1,4.9336
1983-01-01,1983-02-01,ME2 BM2,5.0789
1983-01-01,1983-02-01,ME2 BM3,8.0707
1983-01-01,1983-02-01,ME2 BM4,6.0707
1983-01-01,1983-02-01,ME2 BM5,5.2084
1983-01-01,1983-02-01,ME3 BM1,4.9404
1983-01-01,1983-02-01,ME3 BM2,4.7924
1983-01-01,1983-02-01,ME3 BM3,5.5535
1983-01-01,1983-02-01,ME3 BM4,4.0469
1983-01-01,1983-02-01,ME3 BM5,5.4393
1983-01-01,1983-02-01,ME4 BM1,4.7694
1983-01-01,1983-02-01,ME4 BM2,2.7769
1983-01-01,1983-02-01,ME4 BM3,3.2812
1983-01-01,1983-02-01,ME4 BM4,3.3764
1983-01-01,1983-02-01,ME4 BM5,4.4829
1983-01-01,1983-02-01,BIG LoBM,2.4502
1983-01-01,1983-02-01,ME5 BM2,3.9467
1983-01-01,1983-02-01,ME5 BM3,3.1055
1983-01-01,1983-02-01,ME5 BM4,0.5363
1983-01-01,1983-02-01,BIG HiBM,4.1145
1983-02-01,1983-03-01,SMALL LoBM,2.7513
1983-02-01,1983-03-01,ME1 BM2,5.5461
1983-02-01,1983-03-01,ME1 BM3,6.6481
1983-02-01,1983-03-01,ME1 BM4,4.6974
1983-02-01,1983-03-01,SMALL HiBM,7.4978
1983-02-01,1983-03-01,ME2 BM1,1.6646
1983-02-01,1983-03-01,ME2 BM2,4.0412
1983-02-01,1983-03-01,ME2 BM3,6.5271
1983-02-01,1983-03-01,ME2 BM4,7.0984
1983-02-01,1983-03-01,ME2 BM5,4.8409
1983-02-01,1983-03-01,ME3 BM1,2.211
1983-02-01,1983-03-01,ME3 BM2,6.5669
1983-02-01,1983-03-01,ME3 BM3,4.4167
1983-02-01,1983-03-01,ME3 BM4,7.526
1983-02-01,1983-03-01,ME3 BM5,4.8861
1983-02-01,1983-03-01,ME4 BM1,0.6344
1983-02-01,1983-03-01,ME4 BM2,2.6615
1983-02-01,1983-03-01,ME4 BM3,4.5155
1983-02-01,1983-03-01,ME4 BM4,5.5848
1983-02-01,1983-03-01,ME4 BM5,5.1553
1983-02-01,1983-03-01,BIG LoBM,3.3461
1983-02-01,1983-03-01,ME5 BM2,2.5152
1983-02-01,1983-03-01,ME5 BM3,4.0751
1983-02-01,1983-03-01,ME5 BM4,3.0387
1983-02-01,1983-03-01,BIG HiBM,3.5157
1983-03-01,1983-04-01,SMALL LoBM,7.1253
1983-03-01,1983-04-01,ME1 BM2,7.3557
1983-03-01,1983-04-01,ME1 BM3,8.8831
1983-03-01,1983-04-01,ME1 BM4,8.7505
1983-03-01,1983-04-01,SMALL HiBM,9.0312
1983-03-01,1983-04-01,ME2 BM1,8.3953
1983-03-01,1983-04-01,ME2 BM2,8.2039
1983-03-01,1983-04-01,ME2 BM3,8.7477
1983-03-01,1983-04-01,ME2 BM4,6.779
1983-03-01,1983-04-01,ME2 BM5,7.9482
1983-03-01,1983-04-01,ME3 BM1,6.8205
1983-03-01,1983-04-01,ME3 BM2,7.0212
1983-03-01,1983-04-01,ME3 BM3,7.1265
1983-03-01,1983-04-01,ME3 BM4,6.443
1983-03-01,1983-04-01,ME3 BM5,6.7791
1983-03-01,1983-04-01,ME4 BM1,4.9556
1983-03-01,1983-04-01,ME4 BM2,5.746
1983-03-01,1983-04-01,ME4 BM3,7.787
1983-03-01,1983-04-01,ME4 BM4,6.8398
1983-03-01,1983-04-01,ME4 BM5,6.2401
1983-03-01,1983-04-01,BIG LoBM,6.5801
1983-03-01,1983-04-01,ME5 BM2,6.1135
1983-03-01,1983-04-01,ME5 BM3,8.8831
1983-03-01,1983-04-01,ME5 BM4,8.4955
1983-03-01,1983-04-01,BIG HiBM,9.2648
1983-04-01,1983-05-01,SMALL LoBM,12.4084
1983-04-01,1983-05-01,ME1 BM2,10.2811
1983-04-01,1983-05-01,ME1 BM3,8.6553
1983-04-01,1983-05-01,ME1 BM4,8.7276
1983-04-01,1983-05-01,SMALL HiBM,7.6357
1983-04-01,1983-05-01,ME2 BM1,5.2038
1983-04-01,1983-05-01,ME2 BM2,6.142
1983-04-01,1983-05-01,ME2 BM3,5.3519
1983-04-01,1983-05-01,ME2 BM4,4.0295
1983-04-01,1983-05-01,ME2 BM5,5.0291
1983-04-01,1983-05-01,ME3 BM1,5.481
1983-04-01,1983-05-01,ME3 BM2,5.2123
1983-04-01,1983-05-01,ME3 BM3,2.8055
1983-04-01,1983-05-01,ME3 BM4,2.3754
1983-04-01,1983-05-01,ME3 BM5,0.8912
1983-04-01,1983-05-01,ME4 BM1,5.0232
1983-04-01,1983-05-01,ME4 BM2,5.5057
1983-04-01,1983-05-01,ME4 BM3,4.0164
1983-04-01,1983-05-01,ME4 BM4,1.9494
1983-04-01,1983-05-01,ME4 BM5,1.0394
1983-04-01,1983-05-01,BIG LoBM,-0.9136
1983-04-01,1983-05-01,ME5 BM2,-2.2518
1983-04-01,1983-05-01,ME5 BM3,-0.4316
1983-04-01,1983-05-01,ME5 BM4,-1.3259
1983-04-01,1983-05-01,BIG HiBM,-0.3715
1983-05-01,1983-06-01,SMALL LoBM,4.3555
1983-05-01,1983-06-01,ME1 BM2,6.7131
1983-05-01,1983-06-01,ME1 BM3,3.602
1983-05-01,1983-06-01,ME1 BM4,3.2099
1983-05-01,1983-06-01,SMALL HiBM,4.366
1983-05-01,1983-06-01,ME2 BM1,6.8921
1983-05-01,1983-06-01,ME2 BM2,5.4468
1983-05-01,1983-06-01,ME2 BM3,1.1766
1983-05-01,1983-06-01,ME2 BM4,3.5671
1983-05-01,1983-06-01,ME2 BM5,3.1283
1983-05-01,1983-06-01,ME3 BM1,5.0516
1983-05-01,1983-06-01,ME3 BM2,5.4279
1983-05-01,1983-06-01,ME3 BM3,4.7111
1983-05-01,1983-06-01,ME3 BM4,1.7467
1983-05-01,1983-06-01,ME3 BM5,1.1632
1983-05-01,1983-06-01,ME4 BM1,6.2651
1983-05-01,1983-06-01,ME4 BM2,4.725
1983-05-01,1983-06-01,ME4 BM3,3.7495
1983-05-01,1983-06-01,ME4 BM4,-0.8194
1983-05-01,1983-06-01,ME4 BM5,1.8657
1983-05-01,1983-06-01,BIG LoBM,5.8797
1983-05-01,1983-06-01,ME5 BM2,5.1813
1983-05-01,1983-06-01,ME5 BM3,2.8322
1983-05-01,1983-06-01,ME5 BM4,1.2674
1983-05-01,1983-06-01,BIG HiBM,2.0054
1983-06-01,1983-07-01,SMALL LoBM,-6.0782
1983-06-01,1983-07-01,ME1 BM2,-2.1867
1983-06-01,1983-07-01,ME1 BM3,-0.8798
1983-06-01,1983-07-01,ME1 BM4,0.7748
1983-06-01,1983-07-01,SMALL HiBM,0.7141
1983-06-01,1983-07-01,ME2 BM1,-7.2746
1983-06-01,1983-07-01,ME2 BM2,-4.5173
1983-06-01,1983-07-01,ME2 BM3,-0.9526
1983-06-01,1983-07-01,ME2 BM4,1.644
1983-06-01,1983-07-01,ME2 BM5,0.8908
1983-06-01,1983-07-01,ME3 BM1,-6.1485
1983-06-01,1983-07-01,ME3 BM2,-2.6697
1983-06-01,1983-07-01,ME3 BM3,2.6781
1983-06-01,1983-07-01,ME3 BM4,0.9625
1983-06-01,1983-07-01,ME3 BM5,0.6894
1983-06-01,1983-07-01,ME4 BM1,-4.5779
1983-06-01,1983-07-01,ME4 BM2,-3.3112
1983-06-01,1983-07-01,ME4 BM3,-4.7515
1983-06-01,1983-07-01,ME4 BM4,-0.8287
1983-06-01,1983-07-01,ME4 BM5,-0.5814
1983-06-01,1983-07-01,BIG LoBM,-4.8278
1983-06-01,1983-07-01,ME5 BM2,-6.0034
1983-06-01,1983-07-01,ME5 BM3,-3.6792
1983-06-01,1983-07-01,ME5 BM4,-0.1835
1983-06-01,1983-07-01,BIG HiBM,-2.1907
1983-07-01,1983-08-01,SMALL LoBM,-6.1243
1983-07-01,1983-08-01,ME1 BM2,-3.4281
1983-07-01,1983-08-01,ME1 BM3,-2.3934
1983-07-01,1983-08-01,ME1 BM4,-3.59
1983-07-01,1983-08-01,SMALL HiBM,-1.2468
1983-07-01,1983-08-01,ME2 BM1,-5.4497
1983-07-01,1983-08-01,ME2 BM2,-3.3674
1983-07-01,1983-08-01,ME2 BM3,-2.7319
1983-07-01,1983-08-01,ME2 BM4,-1.0735
1983-07-01,1983-08-01,ME2 BM5,0.7415
1983-07-01,1983-08-01,ME3 BM1,-3.9991
1983-07-01,1983-08-01,ME3 BM2,-4.0755
1983-07-01,1983-08-01,ME3 BM3,-1.5391
1983-07-01,1983-08-01,ME3 BM4,-0.8883
1983-07-01,1983-08-01,ME3 BM5,2.2023
1983-07-01,1983-08-01,ME4 BM1,-2.8669
1983-07-01,1983-08-01,ME4 BM2,-1.7711
1983-07-01,1983-08-01,ME4 BM3,0.074
1983-07-01,1983-08-01,ME4 BM4,2.4093
1983-07-01,1983-08-01,ME4 BM5,3.7039
1983-07-01,1983-08-01,BIG LoBM,-0.6268
1983-07-01,1983-08-01,ME5 BM2,-0.4394
1983-07-01,1983-08-01,ME5 BM3,0.2845
1983-07-01,1983-08-01,ME5 BM4,4.3008
1983-07-01,1983-08-01,BIG HiBM,6.6199
1983-08-01,1983-09-01,SMALL LoBM,-2.8339
1983-08-01,1983-09-01,ME1 BM2,0.1967
1983-08-01,1983-09-01,ME1 BM3,0.3794
1983-08-01,1983-09-01,ME1 BM4,1.7343
1983-08-01,1983-09-01,SMALL HiBM,1.7243
1983-08-01,1983-09-01,ME2 BM1,1.4112
1983-08-01,1983-09-01,ME2 BM2,1.4183
1983-08-01,1983-09-01,ME2 BM3,4.172
1983-08-01,1983-09-01,ME2 BM4,4.7694
1983-08-01,1983-09-01,ME2 BM5,3.6132
1983-08-01,1983-09-01,ME3 BM1,1.894
1983-08-01,1983-09-01,ME3 BM2,3.9276
1983-08-01,1983-09-01,ME3 BM3,2.7762
1983-08-01,1983-09-01,ME3 BM4,4.9193
1983-08-01,1983-09-01,ME3 BM5,6.7714
1983-08-01,1983-09-01,ME4 BM1,3.2242
1983-08-01,1983-09-01,ME4 BM2,1.9532
1983-08-01,1983-09-01,ME4 BM3,3.4846
1983-08-01,1983-09-01,ME4 BM4,2.5626
1983-08-01,1983-09-01,ME4 BM5,1.5046
1983-08-01,1983-09-01,BIG LoBM,2.8778
1983-08-01,1983-09-01,ME5 BM2,1.9135
1983-08-01,1983-09-01,ME5 BM3,1.9638
1983-08-01,1983-09-01,ME5 BM4,-1.1057
1983-08-01,1983-09-01,BIG HiBM,0.5797
1983-09-01,1983-10-01,SMALL LoBM,-10.4585
1983-09-01,1983-10-01,ME1 BM2,-6.0979
1983-09-01,1983-10-01,ME1 BM3,-5.245
1983-09-01,1983-10-01,ME1 BM4,-3.6527
1983-09-01,1983-10-01,SMALL HiBM,-2.8839
1983-09-01,1983-10-01,ME2 BM1,-10.0875
1983-09-01,1983-10-01,ME2 BM2,-7.3818
1983-09-01,1983-10-01,ME2 BM3,-3.936
1983-09-01,1983-10-01,ME2 BM4,-1.6923
1983-09-01,1983-10-01,ME2 BM5,-3.0981
1983-09-01,1983-10-01,ME3 BM1,-8.3996
1983-09-01,1983-10-01,ME3 BM2,-4.7496
1983-09-01,1983-10-01,ME3 BM3,-2.772
1983-09-01,1983-10-01,ME3 BM4,-0.7741
1983-09-01,1983-10-01,ME3 BM5,-1.5629
1983-09-01,1983-10-01,ME4 BM1,-7.3529
1983-09-01,1983-10-01,ME4 BM2,-1.909
1983-09-01,1983-10-01,ME4 BM3,-1.7504
1983-09-01,1983-10-01,ME4 BM4,-1.7538
1983-09-01,1983-10-01,ME4 BM5,-0.4027
1983-09-01,1983-10-01,BIG LoBM,-2.4514
1983-09-01,1983-10-01,ME5 BM2,-2.3683
1983-09-01,1983-10-01,ME5 BM3,-0.2647
1983-09-01,1983-10-01,ME5 BM4,-0.0122
1983-09-01,1983-10-01,BIG HiBM,-0.6785
1983-10-01,1983-11-01,SMALL LoBM,3.6777
1983-10-01,1983-11-01,ME1 BM2,3.545
1983-10-01,1983-11-01,ME1 BM3,3.4749
1983-10-01,1983-11-01,ME1 BM4,2.7067
1983-10-01,1983-11-01,SMALL HiBM,4.2102
1983-10-01,1983-11-01,ME2 BM1,5.8085
1983-10-01,1983-11-01,ME2 BM2,5.1286
1983-10-01,1983-11-01,ME2 BM3,4.851
1983-10-01,1983-11-01,ME2 BM4,5.2134
1983-10-01,1983-11-01,ME2 BM5,4.9959
1983-10-01,1983-11-01,ME3 BM1,6.4145
1983-10-01,1983-11-01,ME3 BM2,4.0797
1983-10-01,1983-11-01,ME3 BM3,4.6959
1983-10-01,1983-11-01,ME3 BM4,4.1354
1983-10-01,1983-11-01,ME3 BM5,3.9433
1983-10-01,1983-11-01,ME4 BM1,5.596
1983-10-01,1983-11-01,ME4 BM2,2.2469
1983-10-01,1983-11-01,ME4 BM3,5.0661
1983-10-01,1983-11-01,ME4 BM4,4.4372
1983-10-01,1983-11-01,ME4 BM5,3.8104
1983-10-01,1983-11-01,BIG LoBM,1.2175
1983-10-01,1983-11-01,ME5 BM2,3.3292
1983-10-01,1983-11-01,ME5 BM3,2.7903
1983-10-01,1983-11-01,ME5 BM4,1.6184
1983-10-01,1983-11-01,BIG HiBM,0.7164
1983-11-01,1983-12-01,SMALL LoBM,-5.0747
1983-11-01,1983-12-01,ME1 BM2,-1.1535
1983-11-01,1983-12-01,ME1 BM3,-0.7734
1983-11-01,1983-12-01,ME1 BM4,-0.3205
1983-11-01,1983-12-01,SMALL HiBM,0.7956
1983-11-01,1983-12-01,ME2 BM1,-3.1221
1983-11-01,1983-12-01,ME2 BM2,-1.1311
1983-11-01,1983-12-01,ME2 BM3,0.0926
1983-11-01,1983-12-01,ME2 BM4,-0.0184
1983-11-01,1983-12-01,ME2 BM5,0.2338
1983-11-01,1983-12-01,ME3 BM1,-3.2042
1983-11-01,1983-12-01,ME3 BM2,-1.2214
1983-11-01,1983-12-01,ME3 BM3,-0.4242
1983-11-01,1983-12-01,ME3 BM4,-1.0597
1983-11-01,1983-12-01,ME3 BM5,1.1591
1983-11-01,1983-12-01,ME4 BM1,-3.4077
1983-11-01,1983-12-01,ME4 BM2,-0.4784
1983-11-01,1983-12-01,ME4 BM3,-2.3526
1983-11-01,1983-12-01,ME4 BM4,-1.5483
1983-11-01,1983-12-01,ME4 BM5,-0.5417
1983-11-01,1983-12-01,BIG LoBM,-0.1228
1983-11-01,1983-12-01,ME5 BM2,0.0139
1983-11-01,1983-12-01,ME5 BM3,-2.216
1983-11-01,1983-12-01,ME5 BM4,-1.0524
1983-11-01,1983-12-01,BIG HiBM,0.4981
1983-12-01,1984-01-01,SMALL LoBM,-1.9223
1983-12-01,1984-01-01,ME1 BM2,-0.9381
1983-12-01,1984-01-01,ME1 BM3,0.5153
1983-12-01,1984-01-01,ME1 BM4,1.3567
1983-12-01,1984-01-01,SMALL HiBM,3.1213
1983-12-01,1984-01-01,ME2 BM1,-6.2534
1983-12-01,1984-01-01,ME2 BM2,-1.2965
1983-12-01,1984-01-01,ME2 BM3,-0.5547
1983-12-01,1984-01-01,ME2 BM4,0.123
1983-12-01,1984-01-01,ME2 BM5,3.6471
1983-12-01,1984-01-01,ME3 BM1,-6.9204
1983-12-01,1984-01-01,ME3 BM2,-4.4016
1983-12-01,1984-01-01,ME3 BM3,-2.1205
1983-12-01,1984-01-01,ME3 BM4,0.2858
1983-12-01,1984-01-01,ME3 BM5,-0.1004
1983-12-01,1984-01-01,ME4 BM1,-7.3965
1983-12-01,1984-01-01,ME4 BM2,-3.4325
1983-12-01,1984-01-01,ME4 BM3,-2.1144
1983-12-01,1984-01-01,ME4 BM4,-0.467
1983-12-01,1984-01-01,ME4 BM5,0.4714
1983-12-01,1984-01-01,BIG LoBM,-5.7405
1983-12-01,1984-01-01,ME5 BM2,-0.787
1983-12-01,1984-01-01,ME5 BM3,1.1459
1983-12-01,1984-01-01,ME5 BM4,1.6451
1983-12-01,1984-01-01,BIG HiBM,6.5189
1984-01-01,1984-02-01,SMALL LoBM,-7.4225
1984-01-01,1984-02-01,ME1 BM2,-6.7713
1984-01-01,1984-02-01,ME1 BM3,-5.1536
1984-01-01,1984-02-01,ME1 BM4,-4.2665
1984-01-01,1984-02-01,SMALL HiBM,-4.6513
1984-01-01,1984-02-01,ME2 BM1,-7.1185
1984-01-01,1984-02-01,ME2 BM2,-5.9782
1984-01-01,1984-02-01,ME2 BM3,-3.8943
1984-01-01,1984-02-01,ME2 BM4,-3.3498
1984-01-01,1984-02-01,ME2 BM5,-3.725
1984-01-01,1984-02-01,ME3 BM1,-6.8874
1984-01-01,1984-02-01,ME3 BM2,-7.138
1984-01-01,1984-02-01,ME3 BM3,-4.8362
1984-01-01,1984-02-01,ME3 BM4,-4.5992
1984-01-01,1984-02-01,ME3 BM5,-2.257
1984-01-01,1984-02-01,ME4 BM1,-5.4485
1984-01-01,1984-02-01,ME4 BM2,-6.2773
1984-01-01,1984-02-01,ME4 BM3,-5.5979
1984-01-01,1984-02-01,ME4 BM4,-3.1199
1984-01-01,1984-02-01,ME4 BM5,-4.7014
1984-01-01,1984-02-01,BIG LoBM,-3.7705
1984-01-01,1984-02-01,ME5 BM2,-6.0683
1984-01-01,1984-02-01,ME5 BM3,-4.1701
1984-01-01,1984-02-01,ME5 BM4,-2.5236
1984-01-01,1984-02-01,BIG HiBM,0.9154
1984-02-01,1984-03-01,SMALL LoBM,-0.9332
1984-02-01,1984-03-01,ME1 BM2,1.3433
1984-02-01,1984-03-01,ME1 BM3,0.5962
1984-02-01,1984-03-01,ME1 BM4,1.8606
1984-02-01,1984-03-01,SMALL HiBM,2.1599
1984-02-01,1984-03-01,ME2 BM1,-0.266
1984-02-01,1984-03-01,ME2 BM2,1.2349
1984-02-01,1984-03-01,ME2 BM3,1.1852
1984-02-01,1984-03-01,ME2 BM4,1.2525
1984-02-01,1984-03-01,ME2 BM5,2.116
1984-02-01,1984-03-01,ME3 BM1,0.6679
1984-02-01,1984-03-01,ME3 BM2,1.2665
1984-02-01,1984-03-01,ME3 BM3,2.1621
1984-02-01,1984-03-01,ME3 BM4,1.3268
1984-02-01,1984-03-01,ME3 BM5,3.2957
1984-02-01,1984-03-01,ME4 BM1,0.1669
1984-02-01,1984-03-01,ME4 BM2,1.6759
1984-02-01,1984-03-01,ME4 BM3,2.3937
1984-02-01,1984-03-01,ME4 BM4,1.7071
1984-02-01,1984-03-01,ME4 BM5,4.2472
1984-02-01,1984-03-01,BIG LoBM,1.7911
1984-02-01,1984-03-01,ME5 BM2,3.0839
1984-02-01,1984-03-01,ME5 BM3,0.1381
1984-02-01,1984-03-01,ME5 BM4,1.646
1984-02-01,1984-03-01,BIG HiBM,-1.2535
1984-03-01,1984-04-01,SMALL LoBM,-3.8483
1984-03-01,1984-04-01,ME1 BM2,-1.7586
1984-03-01,1984-04-01,ME1 BM3,-0.5434
1984-03-01,1984-04-01,ME1 BM4,-0.0188
1984-03-01,1984-04-01,SMALL HiBM,-0.9184
1984-03-01,1984-04-01,ME2 BM1,-1.2414
1984-03-01,1984-04-01,ME2 BM2,1.4881
1984-03-01,1984-04-01,ME2 BM3,0.6234
1984-03-01,1984-04-01,ME2 BM4,0.086
1984-03-01,1984-04-01,ME2 BM5,-1.1702
1984-03-01,1984-04-01,ME3 BM1,0.1943
1984-03-01,1984-04-01,ME3 BM2,0.9622
1984-03-01,1984-04-01,ME3 BM3,-0.22
1984-03-01,1984-04-01,ME3 BM4,-1.2553
1984-03-01,1984-04-01,ME3 BM5,0.1613
1984-03-01,1984-04-01,ME4 BM1,-1.4824
1984-03-01,1984-04-01,ME4 BM2,0.112
1984-03-01,1984-04-01,ME4 BM3,-0.4871
1984-03-01,1984-04-01,ME4 BM4,-2.3061
1984-03-01,1984-04-01,ME4 BM5,-1.8441
1984-03-01,1984-04-01,BIG LoBM,1.462
1984-03-01,1984-04-01,ME5 BM2,-0.6651
1984-03-01,1984-04-01,ME5 BM3,1.2532
1984-03-01,1984-04-01,ME5 BM4,1.6357
1984-03-01,1984-04-01,BIG HiBM,2.3354
1984-04-01,1984-05-01,SMALL LoBM,-6.1652
1984-04-01,1984-05-01,ME1 BM2,-4.2768
1984-04-01,1984-05-01,ME1 BM3,-5.2781
1984-04-01,1984-05-01,ME1 BM4,-3.3908
1984-04-01,1984-05-01,SMALL HiBM,-3.4884
1984-04-01,1984-05-01,ME2 BM1,-6.0136
1984-04-01,1984-05-01,ME2 BM2,-4.8236
1984-04-01,1984-05-01,ME2 BM3,-4.9956
1984-04-01,1984-05-01,ME2 BM4,-4.0822
1984-04-01,1984-05-01,ME2 BM5,-4.0421
1984-04-01,1984-05-01,ME3 BM1,-5.998
1984-04-01,1984-05-01,ME3 BM2,-5.52
1984-04-01,1984-05-01,ME3 BM3,-5.864
1984-04-01,1984-05-01,ME3 BM4,-3.9991
1984-04-01,1984-05-01,ME3 BM5,-6.6229
1984-04-01,1984-05-01,ME4 BM1,-3.9971
1984-04-01,1984-05-01,ME4 BM2,-4.1667
1984-04-01,1984-05-01,ME4 BM3,-6.0325
1984-04-01,1984-05-01,ME4 BM4,-5.3509
1984-04-01,1984-05-01,ME4 BM5,-7.5699
1984-04-01,1984-05-01,BIG LoBM,-5.212
1984-04-01,1984-05-01,ME5 BM2,-3.3411
1984-04-01,1984-05-01,ME5 BM3,-6.2987
1984-04-01,1984-05-01,ME5 BM4,-4.045
1984-04-01,1984-05-01,BIG HiBM,-6.2879
1984-05-01,1984-06-01,SMALL LoBM,1.3763
1984-05-01,1984-06-01,ME1 BM2,3.4405
1984-05-01,1984-06-01,ME1 BM3,2.1429
1984-05-01,1984-06-01,ME1 BM4,1.6227
1984-05-01,1984-06-01,SMALL HiBM,1.2213
1984-05-01,1984-06-01,ME2 BM1,4.0913
1984-05-01,1984-06-01,ME2 BM2,4.2527
1984-05-01,1984-06-01,ME2 BM3,1.9654
1984-05-01,1984-06-01,ME2 BM4,2.8045
1984-05-01,1984-06-01,ME2 BM5,1.0191
1984-05-01,1984-06-01,ME3 BM1,6.3658
1984-05-01,1984-06-01,ME3 BM2,5.2977
1984-05-01,1984-06-01,ME3 BM3,0.8053
1984-05-01,1984-06-01,ME3 BM4,1.5477
1984-05-01,1984-06-01,ME3 BM5,-0.376
1984-05-01,1984-06-01,ME4 BM1,5.9445
1984-05-01,1984-06-01,ME4 BM2,4.5353
1984-05-01,1984-06-01,ME4 BM3,1.7937
1984-05-01,1984-06-01,ME4 BM4,1.5424
1984-05-01,1984-06-01,ME4 BM5,2.5492
1984-05-01,1984-06-01,BIG LoBM,3.4855
1984-05-01,1984-06-01,ME5 BM2,5.3136
1984-05-01,1984-06-01,ME5 BM3,2.0284
1984-05-01,1984-06-01,ME5 BM4,-1.0171
1984-05-01,1984-06-01,BIG HiBM,4.7439
1984-06-01,1984-07-01,SMALL LoBM,-7.2116
1984-06-01,1984-07-01,ME1 BM2,-5.0641
1984-06-01,1984-07-01,ME1 BM3,-4.653
1984-06-01,1984-07-01,ME1 BM4,-1.8119
1984-06-01,1984-07-01,SMALL HiBM,-2.1716
1984-06-01,1984-07-01,ME2 BM1,-5.2851
1984-06-01,1984-07-01,ME2 BM2,-5.3894
1984-06-01,1984-07-01,ME2 BM3,-1.4898
1984-06-01,1984-07-01,ME2 BM4,-3.6035
1984-06-01,1984-07-01,ME2 BM5,-3.7826
1984-06-01,1984-07-01,ME3 BM1,-3.4704
1984-06-01,1984-07-01,ME3 BM2,-3.3443
1984-06-01,1984-07-01,ME3 BM3,-3.1188
1984-06-01,1984-07-01,ME3 BM4,-2.9375
1984-06-01,1984-07-01,ME3 BM5,-0.9739
1984-06-01,1984-07-01,ME4 BM1,-3.7639
1984-06-01,1984-07-01,ME4 BM2,-4.6827
1984-06-01,1984-07-01,ME4 BM3,-2.5166
1984-06-01,1984-07-01,ME4 BM4,-4.4684
1984-06-01,1984-07-01,ME4 BM5,-0.8606
1984-06-01,1984-07-01,BIG LoBM,0.3627
1984-06-01,1984-07-01,ME5 BM2,-1.5271
1984-06-01,1984-07-01,ME5 BM3,-0.003
1984-06-01,1984-07-01,ME5 BM4,-3.0188
1984-06-01,1984-07-01,BIG HiBM,-2.3084
1984-07-01,1984-08-01,SMALL LoBM,11.4334
1984-07-01,1984-08-01,ME1 BM2,11.7429
1984-07-01,1984-08-01,ME1 BM3,8.6934
1984-07-01,1984-08-01,ME1 BM4,6.7951
1984-07-01,1984-08-01,SMALL HiBM,8.7243
1984-07-01,1984-08-01,ME2 BM1,15.9092
1984-07-01,1984-08-01,ME2 BM2,10.552
1984-07-01,1984-08-01,ME2 BM3,9.9556
1984-07-01,1984-08-01,ME2 BM4,9.1424
1984-07-01,1984-08-01,ME2 BM5,10.394
1984-07-01,1984-08-01,ME3 BM1,15.4313
1984-07-01,1984-08-01,ME3 BM2,12.8551
1984-07-01,1984-08-01,ME3 BM3,10.8139
1984-07-01,1984-08-01,ME3 BM4,12.0645
1984-07-01,1984-08-01,ME3 BM5,9.4725
1984-07-01,1984-08-01,ME4 BM1,12.8418
1984-07-01,1984-08-01,ME4 BM2,13.2351
1984-07-01,1984-08-01,ME4 BM3,12.4291
1984-07-01,1984-08-01,ME4 BM4,11.4683
1984-07-01,1984-08-01,ME4 BM5,10.0304
1984-07-01,1984-08-01,BIG LoBM,10.6809
1984-07-01,1984-08-01,ME5 BM2,10.3348
1984-07-01,1984-08-01,ME5 BM3,10.0344
1984-07-01,1984-08-01,ME5 BM4,11.6498
1984-07-01,1984-08-01,BIG HiBM,12.5151
1984-08-01,1984-09-01,SMALL LoBM,-2.6131
1984-08-01,1984-09-01,ME1 BM2,-1.5669
1984-08-01,1984-09-01,ME1 BM3,0.4091
1984-08-01,1984-09-01,ME1 BM4,1.4747
1984-08-01,1984-09-01,SMALL HiBM,2.4417
1984-08-01,1984-09-01,ME2 BM1,-5.5642
1984-08-01,1984-09-01,ME2 BM2,0.3675
1984-08-01,1984-09-01,ME2 BM3,1.8485
1984-08-01,1984-09-01,ME2 BM4,1.453
1984-08-01,1984-09-01,ME2 BM5,3.2094
1984-08-01,1984-09-01,ME3 BM1,-3.8775
1984-08-01,1984-09-01,ME3 BM2,1.3614
1984-08-01,1984-09-01,ME3 BM3,1.6292
1984-08-01,1984-09-01,ME3 BM4,1.9914
1984-08-01,1984-09-01,ME3 BM5,3.6093
1984-08-01,1984-09-01,ME4 BM1,-1.6354
1984-08-01,1984-09-01,ME4 BM2,-1.2852
1984-08-01,1984-09-01,ME4 BM3,0.6653
1984-08-01,1984-09-01,ME4 BM4,1.4409
1984-08-01,1984-09-01,ME4 BM5,4.457
1984-08-01,1984-09-01,BIG LoBM,-2.7173
1984-08-01,1984-09-01,ME5 BM2,-1.5251
1984-08-01,1984-09-01,ME5 BM3,-0.5154
1984-08-01,1984-09-01,ME5 BM4,1.899
1984-08-01,1984-09-01,BIG HiBM,3.1276
1984-09-01,1984-10-01,SMALL LoBM,-3.9839
1984-09-01,1984-10-01,ME1 BM2,-1.3912
1984-09-01,1984-10-01,ME1 BM3,-2.1739
1984-09-01,1984-10-01,ME1 BM4,-1.563
1984-09-01,1984-10-01,SMALL HiBM,-1.4071
1984-09-01,1984-10-01,ME2 BM1,-2.9524
1984-09-01,1984-10-01,ME2 BM2,-1.5048
1984-09-01,1984-10-01,ME2 BM3,-0.1616
1984-09-01,1984-10-01,ME2 BM4,0.9621
1984-09-01,1984-10-01,ME2 BM5,0.7489
1984-09-01,1984-10-01,ME3 BM1,-1.6737
1984-09-01,1984-10-01,ME3 BM2,-0.3818
1984-09-01,1984-10-01,ME3 BM3,1.3672
1984-09-01,1984-10-01,ME3 BM4,-1.6574
1984-09-01,1984-10-01,ME3 BM5,2.1323
1984-09-01,1984-10-01,ME4 BM1,-0.3703
1984-09-01,1984-10-01,ME4 BM2,0.1328
1984-09-01,1984-10-01,ME4 BM3,0.6972
1984-09-01,1984-10-01,ME4 BM4,0.0613
1984-09-01,1984-10-01,ME4 BM5,1.7319
1984-09-01,1984-10-01,BIG LoBM,0.8735
1984-09-01,1984-10-01,ME5 BM2,2.6731
1984-09-01,1984-10-01,ME5 BM3,1.2607
1984-09-01,1984-10-01,ME5 BM4,-0.4424
1984-09-01,1984-10-01,BIG HiBM,-1.4979
1984-10-01,1984-11-01,SMALL LoBM,-5.6356
1984-10-01,1984-11-01,ME1 BM2,-3.9881
1984-10-01,1984-11-01,ME1 BM3,-1.3788
1984-10-01,1984-11-01,ME1 BM4,-1.3635
1984-10-01,1984-11-01,SMALL HiBM,-0.9926
1984-10-01,1984-11-01,ME2 BM1,-5.8522
1984-10-01,1984-11-01,ME2 BM2,-2.0495
1984-10-01,1984-11-01,ME2 BM3,-0.3163
1984-10-01,1984-11-01,ME2 BM4,-0.0488
1984-10-01,1984-11-01,ME2 BM5,1.2197
1984-10-01,1984-11-01,ME3 BM1,-3.8501
1984-10-01,1984-11-01,ME3 BM2,0.245
1984-10-01,1984-11-01,ME3 BM3,1.1333
1984-10-01,1984-11-01,ME3 BM4,1.6448
1984-10-01,1984-11-01,ME3 BM5,1.3936
1984-10-01,1984-11-01,ME4 BM1,-3.2829
1984-10-01,1984-11-01,ME4 BM2,-0.636
1984-10-01,1984-11-01,ME4 BM3,-1.0143
1984-10-01,1984-11-01,ME4 BM4,0.6548
1984-10-01,1984-11-01,ME4 BM5,1.9842
1984-10-01,1984-11-01,BIG LoBM,-2.4507
1984-10-01,1984-11-01,ME5 BM2,-0.9893
1984-10-01,1984-11-01,ME5 BM3,-1.6451
1984-10-01,1984-11-01,ME5 BM4,-0.7365
1984-10-01,1984-11-01,BIG HiBM,1.3551
1984-11-01,1984-12-01,SMALL LoBM,0.3578
1984-11-01,1984-12-01,ME1 BM2,0.9953
1984-11-01,1984-12-01,ME1 BM3,1.0399
1984-11-01,1984-12-01,ME1 BM4,0.477
1984-11-01,1984-12-01,SMALL HiBM,0.7621
1984-11-01,1984-12-01,ME2 BM1,2.1304
1984-11-01,1984-12-01,ME2 BM2,2.2349
1984-11-01,1984-12-01,ME2 BM3,1.7339
1984-11-01,1984-12-01,ME2 BM4,2.2501
1984-11-01,1984-12-01,ME2 BM5,2.5329
1984-11-01,1984-12-01,ME3 BM1,4.4428
1984-11-01,1984-12-01,ME3 BM2,3.5104
1984-11-01,1984-12-01,ME3 BM3,0.9204
1984-11-01,1984-12-01,ME3 BM4,1.3627
1984-11-01,1984-12-01,ME3 BM5,1.9159
1984-11-01,1984-12-01,ME4 BM1,3.2751
1984-11-01,1984-12-01,ME4 BM2,1.7239
1984-11-01,1984-12-01,ME4 BM3,2.2417
1984-11-01,1984-12-01,ME4 BM4,2.9788
1984-11-01,1984-12-01,ME4 BM5,3.4811
1984-11-01,1984-12-01,BIG LoBM,2.5979
1984-11-01,1984-12-01,ME5 BM2,2.3902
1984-11-01,1984-12-01,ME5 BM3,2.799
1984-11-01,1984-12-01,ME5 BM4,3.0818
1984-11-01,1984-12-01,BIG HiBM,1.358
1984-12-01,1985-01-01,SMALL LoBM,15.7035
1984-12-01,1985-01-01,ME1 BM2,15.0685
1984-12-01,1985-01-01,ME1 BM3,10.5991
1984-12-01,1985-01-01,ME1 BM4,10.0879
1984-12-01,1985-01-01,SMALL HiBM,8.4746
1984-12-01,1985-01-01,ME2 BM1,16.0494
1984-12-01,1985-01-01,ME2 BM2,12.8342
1984-12-01,1985-01-01,ME2 BM3,8.9653
1984-12-01,1985-01-01,ME2 BM4,9.6403
1984-12-01,1985-01-01,ME2 BM5,9.0607
1984-12-01,1985-01-01,ME3 BM1,13.7077
1984-12-01,1985-01-01,ME3 BM2,10.5137
1984-12-01,1985-01-01,ME3 BM3,9.6221
1984-12-01,1985-01-01,ME3 BM4,9.1077
1984-12-01,1985-01-01,ME3 BM5,8.1962
1984-12-01,1985-01-01,ME4 BM1,12.2266
1984-12-01,1985-01-01,ME4 BM2,12.6443
1984-12-01,1985-01-01,ME4 BM3,8.4302
1984-12-01,1985-01-01,ME4 BM4,8.0397
1984-12-01,1985-01-01,ME4 BM5,6.3004
1984-12-01,1985-01-01,BIG LoBM,9.6492
1984-12-01,1985-01-01,ME5 BM2,7.6952
1984-12-01,1985-01-01,ME5 BM3,7.5339
1984-12-01,1985-01-01,ME5 BM4,6.9001
1984-12-01,1985-01-01,BIG HiBM,4.4841
1985-01-01,1985-02-01,SMALL LoBM,3.8199
1985-01-01,1985-02-01,ME1 BM2,4.7299
1985-01-01,1985-02-01,ME1 BM3,3.369
1985-01-01,1985-02-01,ME1 BM4,2.7589
1985-01-01,1985-02-01,SMALL HiBM,3.818
1985-01-01,1985-02-01,ME2 BM1,2.8989
1985-01-01,1985-02-01,ME2 BM2,3.1936
1985-01-01,1985-02-01,ME2 BM3,2.4811
1985-01-01,1985-02-01,ME2 BM4,2.016
1985-01-01,1985-02-01,ME2 BM5,1.2259
1985-01-01,1985-02-01,ME3 BM1,2.1026
1985-01-01,1985-02-01,ME3 BM2,0.9171
1985-01-01,1985-02-01,ME3 BM3,1.1407
1985-01-01,1985-02-01,ME3 BM4,1.3996
1985-01-01,1985-02-01,ME3 BM5,-0.5712
1985-01-01,1985-02-01,ME4 BM1,2.6123
1985-01-01,1985-02-01,ME4 BM2,-0.8341
1985-01-01,1985-02-01,ME4 BM3,2.0002
1985-01-01,1985-02-01,ME4 BM4,2.49
1985-01-01,1985-02-01,ME4 BM5,1.1111
1985-01-01,1985-02-01,BIG LoBM,0.3417
1985-01-01,1985-02-01,ME5 BM2,2.469
1985-01-01,1985-02-01,ME5 BM3,1.5316
1985-01-01,1985-02-01,ME5 BM4,2.5124
1985-01-01,1985-02-01,BIG HiBM,2.7597
1985-02-01,1985-03-01,SMALL LoBM,-2.6482
1985-02-01,1985-03-01,ME1 BM2,-2.9405
1985-02-01,1985-03-01,ME1 BM3,-1.3539
1985-02-01,1985-03-01,ME1 BM4,-1.1512
1985-02-01,1985-03-01,SMALL HiBM,-0.4248
1985-02-01,1985-03-01,ME2 BM1,-4.5568
1985-02-01,1985-03-01,ME2 BM2,-3.4433
1985-02-01,1985-03-01,ME2 BM3,-0.7772
1985-02-01,1985-03-01,ME2 BM4,0.3918
1985-02-01,1985-03-01,ME2 BM5,3.01
1985-02-01,1985-03-01,ME3 BM1,-4.3142
1985-02-01,1985-03-01,ME3 BM2,-1.0716
1985-02-01,1985-03-01,ME3 BM3,-2.1977
1985-02-01,1985-03-01,ME3 BM4,0.5943
1985-02-01,1985-03-01,ME3 BM5,3.6181
1985-02-01,1985-03-01,ME4 BM1,-2.8412
1985-02-01,1985-03-01,ME4 BM2,-2.0947
1985-02-01,1985-03-01,ME4 BM3,0.1043
1985-02-01,1985-03-01,ME4 BM4,0.8024
1985-02-01,1985-03-01,ME4 BM5,4.6277
1985-02-01,1985-03-01,BIG LoBM,-1.6106
1985-02-01,1985-03-01,ME5 BM2,1.0331
1985-02-01,1985-03-01,ME5 BM3,-0.6786
1985-02-01,1985-03-01,ME5 BM4,1.0751
1985-02-01,1985-03-01,BIG HiBM,1.5803
1985-03-01,1985-04-01,SMALL LoBM,-2.2749
1985-03-01,1985-04-01,ME1 BM2,-1.6761
1985-03-01,1985-04-01,ME1 BM3,0.2735
1985-03-01,1985-04-01,ME1 BM4,0.497
1985-03-01,1985-04-01,SMALL HiBM,-0.7477
1985-03-01,1985-04-01,ME2 BM1,-3.1638
1985-03-01,1985-04-01,ME2 BM2,-1.2148
1985-03-01,1985-04-01,ME2 BM3,-0.3019
1985-03-01,1985-04-01,ME2 BM4,2.4846
1985-03-01,1985-04-01,ME2 BM5,0.6674
1985-03-01,1985-04-01,ME3 BM1,-1.2843
1985-03-01,1985-04-01,ME3 BM2,-1.7068
1985-03-01,1985-04-01,ME3 BM3,-0.312
1985-03-01,1985-04-01,ME3 BM4,2.7323
1985-03-01,1985-04-01,ME3 BM5,1.3762
1985-03-01,1985-04-01,ME4 BM1,-1.2714
1985-03-01,1985-04-01,ME4 BM2,-3.1145
1985-03-01,1985-04-01,ME4 BM3,0.5084
1985-03-01,1985-04-01,ME4 BM4,0.9454
1985-03-01,1985-04-01,ME4 BM5,0.8969
1985-03-01,1985-04-01,BIG LoBM,-1.7039
1985-03-01,1985-04-01,ME5 BM2,-2.3032
1985-03-01,1985-04-01,ME5 BM3,-1.2797
1985-03-01,1985-04-01,ME5 BM4,1.2474
1985-03-01,1985-04-01,BIG HiBM,2.9046
1985-04-01,1985-05-01,SMALL LoBM,2.5719
1985-04-01,1985-05-01,ME1 BM2,4.1281
1985-04-01,1985-05-01,ME1 BM3,3.6837
1985-04-01,1985-05-01,ME1 BM4,2.6072
1985-04-01,1985-05-01,SMALL HiBM,1.0915
1985-04-01,1985-05-01,ME2 BM1,3.9384
1985-04-01,1985-05-01,ME2 BM2,4.0044
1985-04-01,1985-05-01,ME2 BM3,3.1269
1985-04-01,1985-05-01,ME2 BM4,5.3817
1985-04-01,1985-05-01,ME2 BM5,2.9486
1985-04-01,1985-05-01,ME3 BM1,6.1684
1985-04-01,1985-05-01,ME3 BM2,5.4948
1985-04-01,1985-05-01,ME3 BM3,3.3015
1985-04-01,1985-05-01,ME3 BM4,4.3092
1985-04-01,1985-05-01,ME3 BM5,3.9404
1985-04-01,1985-05-01,ME4 BM1,6.6611
1985-04-01,1985-05-01,ME4 BM2,5.9056
1985-04-01,1985-05-01,ME4 BM3,5.519
1985-04-01,1985-05-01,ME4 BM4,4.2969
1985-04-01,1985-05-01,ME4 BM5,6.3053
1985-04-01,1985-05-01,BIG LoBM,5.8044
1985-04-01,1985-05-01,ME5 BM2,7.5565
1985-04-01,1985-05-01,ME5 BM3,8.6701
1985-04-01,1985-05-01,ME5 BM4,5.5579
1985-04-01,1985-05-01,BIG HiBM,4.5944
1985-05-01,1985-06-01,SMALL LoBM,0.4302
1985-05-01,1985-06-01,ME1 BM2,0.5559
1985-05-01,1985-06-01,ME1 BM3,1.0283
1985-05-01,1985-06-01,ME1 BM4,1.2352
1985-05-01,1985-06-01,SMALL HiBM,2.1224
1985-05-01,1985-06-01,ME2 BM1,0.8559
1985-05-01,1985-06-01,ME2 BM2,2.5048
1985-05-01,1985-06-01,ME2 BM3,2.4173
1985-05-01,1985-06-01,ME2 BM4,2.9172
1985-05-01,1985-06-01,ME2 BM5,3.5033
1985-05-01,1985-06-01,ME3 BM1,2.6341
1985-05-01,1985-06-01,ME3 BM2,1.9192
1985-05-01,1985-06-01,ME3 BM3,4.0222
1985-05-01,1985-06-01,ME3 BM4,2.4022
1985-05-01,1985-06-01,ME3 BM5,3.3666
1985-05-01,1985-06-01,ME4 BM1,1.9388
1985-05-01,1985-06-01,ME4 BM2,1.9044
1985-05-01,1985-06-01,ME4 BM3,2.27
1985-05-01,1985-06-01,ME4 BM4,3.5954
1985-05-01,1985-06-01,ME4 BM5,0.9125
1985-05-01,1985-06-01,BIG LoBM,0.6533
1985-05-01,1985-06-01,ME5 BM2,2.89
1985-05-01,1985-06-01,ME5 BM3,1.3836
1985-05-01,1985-06-01,ME5 BM4,0.3612
1985-05-01,1985-06-01,BIG HiBM,2.3318
1985-06-01,1985-07-01,SMALL LoBM,2.5607
1985-06-01,1985-07-01,ME1 BM2,2.7879
1985-06-01,1985-07-01,ME1 BM3,2.4289
1985-06-01,1985-07-01,ME1 BM4,1.5135
1985-06-01,1985-07-01,SMALL HiBM,2.1856
1985-06-01,1985-07-01,ME2 BM1,3.2306
1985-06-01,1985-07-01,ME2 BM2,3.4291
1985-06-01,1985-07-01,ME2 BM3,4.5804
1985-06-01,1985-07-01,ME2 BM4,0.0316
1985-06-01,1985-07-01,ME2 BM5,0.8853
1985-06-01,1985-07-01,ME3 BM1,1.2439
1985-06-01,1985-07-01,ME3 BM2,2.779
1985-06-01,1985-07-01,ME3 BM3,1.434
1985-06-01,1985-07-01,ME3 BM4,0.9912
1985-06-01,1985-07-01,ME3 BM5,1.8966
1985-06-01,1985-07-01,ME4 BM1,-0.564
1985-06-01,1985-07-01,ME4 BM2,0.39
1985-06-01,1985-07-01,ME4 BM3,1.1739
1985-06-01,1985-07-01,ME4 BM4,-2.1193
1985-06-01,1985-07-01,ME4 BM5,0.9037
1985-06-01,1985-07-01,BIG LoBM,0.6327
1985-06-01,1985-07-01,ME5 BM2,-0.4757
1985-06-01,1985-07-01,ME5 BM3,-1.6575
1985-06-01,1985-07-01,ME5 BM4,-1.5117
1985-06-01,1985-07-01,BIG HiBM,-2.3638
1985-07-01,1985-08-01,SMALL LoBM,-1.6569
1985-07-01,1985-08-01,ME1 BM2,-0.9916
1985-07-01,1985-08-01,ME1 BM3,-0.659
1985-07-01,1985-08-01,ME1 BM4,-0.0315
1985-07-01,1985-08-01,SMALL HiBM,-0.7205
1985-07-01,1985-08-01,ME2 BM1,-1.9543
1985-07-01,1985-08-01,ME2 BM2,-0.988
1985-07-01,1985-08-01,ME2 BM3,0.997
1985-07-01,1985-08-01,ME2 BM4,0.4032
1985-07-01,1985-08-01,ME2 BM5,0.3158
1985-07-01,1985-08-01,ME3 BM1,-2.4533
1985-07-01,1985-08-01,ME3 BM2,-0.819
1985-07-01,1985-08-01,ME3 BM3,-0.0235
1985-07-01,1985-08-01,ME3 BM4,-0.6991
1985-07-01,1985-08-01,ME3 BM5,0.5459
1985-07-01,1985-08-01,ME4 BM1,-1.8298
1985-07-01,1985-08-01,ME4 BM2,-0.2354
1985-07-01,1985-08-01,ME4 BM3,0.9979
1985-07-01,1985-08-01,ME4 BM4,0.3911
1985-07-01,1985-08-01,ME4 BM5,0.2453
1985-07-01,1985-08-01,BIG LoBM,-1.8467
1985-07-01,1985-08-01,ME5 BM2,-0.0007
1985-07-01,1985-08-01,ME5 BM3,-0.5404
1985-07-01,1985-08-01,ME5 BM4,0.3208
1985-07-01,1985-08-01,BIG HiBM,0.7733
1985-08-01,1985-09-01,SMALL LoBM,-8.0644
1985-08-01,1985-09-01,ME1 BM2,-5.8677
1985-08-01,1985-09-01,ME1 BM3,-4.9226
1985-08-01,1985-09-01,ME1 BM4,-4.0126
1985-08-01,1985-09-01,SMALL HiBM,-4.0769
1985-08-01,1985-09-01,ME2 BM1,-7.4361
1985-08-01,1985-09-01,ME2 BM2,-6.1973
1985-08-01,1985-09-01,ME2 BM3,-3.366
1985-08-01,1985-09-01,ME2 BM4,-3.522
1985-08-01,1985-09-01,ME2 BM5,-5.5253
1985-08-01,1985-09-01,ME3 BM1,-6.7727
1985-08-01,1985-09-01,ME3 BM2,-4.4135
1985-08-01,1985-09-01,ME3 BM3,-3.1657
1985-08-01,1985-09-01,ME3 BM4,-3.8648
1985-08-01,1985-09-01,ME3 BM5,-3.5374
1985-08-01,1985-09-01,ME4 BM1,-5.0436
1985-08-01,1985-09-01,ME4 BM2,-4.0714
1985-08-01,1985-09-01,ME4 BM3,-4.5928
1985-08-01,1985-09-01,ME4 BM4,-6.5046
1985-08-01,1985-09-01,ME4 BM5,-4.5968
1985-08-01,1985-09-01,BIG LoBM,-3.6542
1985-08-01,1985-09-01,ME5 BM2,-1.3081
1985-08-01,1985-09-01,ME5 BM3,-3.1397
1985-08-01,1985-09-01,ME5 BM4,-3.1344
1985-08-01,1985-09-01,BIG HiBM,-4.1367
1985-09-01,1985-10-01,SMALL LoBM,0.6786
1985-09-01,1985-10-01,ME1 BM2,1.9497
1985-09-01,1985-10-01,ME1 BM3,3.5702
1985-09-01,1985-10-01,ME1 BM4,3.2012
1985-09-01,1985-10-01,SMALL HiBM,1.8546
1985-09-01,1985-10-01,ME2 BM1,4.1113
1985-09-01,1985-10-01,ME2 BM2,3.6255
1985-09-01,1985-10-01,ME2 BM3,4.1396
1985-09-01,1985-10-01,ME2 BM4,5.7844
1985-09-01,1985-10-01,ME2 BM5,3.2777
1985-09-01,1985-10-01,ME3 BM1,3.9681
1985-09-01,1985-10-01,ME3 BM2,4.4385
1985-09-01,1985-10-01,ME3 BM3,4.3535
1985-09-01,1985-10-01,ME3 BM4,2.3098
1985-09-01,1985-10-01,ME3 BM5,3.3522
1985-09-01,1985-10-01,ME4 BM1,5.7234
1985-09-01,1985-10-01,ME4 BM2,5.3607
1985-09-01,1985-10-01,ME4 BM3,4.2588
1985-09-01,1985-10-01,ME4 BM4,5.5173
1985-09-01,1985-10-01,ME4 BM5,5.2327
1985-09-01,1985-10-01,BIG LoBM,3.7156
1985-09-01,1985-10-01,ME5 BM2,4.2181
1985-09-01,1985-10-01,ME5 BM3,4.8352
1985-09-01,1985-10-01,ME5 BM4,5.8386
1985-09-01,1985-10-01,BIG HiBM,6.4049
1985-10-01,1985-11-01,SMALL LoBM,5.4155
1985-10-01,1985-11-01,ME1 BM2,6.4722
1985-10-01,1985-11-01,ME1 BM3,6.3604
1985-10-01,1985-11-01,ME1 BM4,5.012
1985-10-01,1985-11-01,SMALL HiBM,4.5515
1985-10-01,1985-11-01,ME2 BM1,9.3635
1985-10-01,1985-11-01,ME2 BM2,7.2187
1985-10-01,1985-11-01,ME2 BM3,7.8192
1985-10-01,1985-11-01,ME2 BM4,6.912
1985-10-01,1985-11-01,ME2 BM5,6.7223
1985-10-01,1985-11-01,ME3 BM1,7.6452
1985-10-01,1985-11-01,ME3 BM2,7.5463
1985-10-01,1985-11-01,ME3 BM3,5.8051
1985-10-01,1985-11-01,ME3 BM4,6.3642
1985-10-01,1985-11-01,ME3 BM5,6.3681
1985-10-01,1985-11-01,ME4 BM1,8.7119
1985-10-01,1985-11-01,ME4 BM2,6.6973
1985-10-01,1985-11-01,ME4 BM3,8.3655
1985-10-01,1985-11-01,ME4 BM4,5.5119
1985-10-01,1985-11-01,ME4 BM5,5.0513
1985-10-01,1985-11-01,BIG LoBM,10.019
1985-10-01,1985-11-01,ME5 BM2,7.9823
1985-10-01,1985-11-01,ME5 BM3,7.8667
1985-10-01,1985-11-01,ME5 BM4,3.9867
1985-10-01,1985-11-01,BIG HiBM,4.7189
1985-11-01,1985-12-01,SMALL LoBM,3.5877
1985-11-01,1985-12-01,ME1 BM2,5.2765
1985-11-01,1985-12-01,ME1 BM3,4.1272
1985-11-01,1985-12-01,ME1 BM4,3.9742
1985-11-01,1985-12-01,SMALL HiBM,3.3359
1985-11-01,1985-12-01,ME2 BM1,5.1416
1985-11-01,1985-12-01,ME2 BM2,4.2424
1985-11-01,1985-12-01,ME2 BM3,5.3512
1985-11-01,1985-12-01,ME2 BM4,3.7701
1985-11-01,1985-12-01,ME2 BM5,0.292
1985-11-01,1985-12-01,ME3 BM1,5.5851
1985-11-01,1985-12-01,ME3 BM2,4.4749
1985-11-01,1985-12-01,ME3 BM3,2.5265
1985-11-01,1985-12-01,ME3 BM4,2.681
1985-11-01,1985-12-01,ME3 BM5,5.296
1985-11-01,1985-12-01,ME4 BM1,3.7185
1985-11-01,1985-12-01,ME4 BM2,4.1775
1985-11-01,1985-12-01,ME4 BM3,2.8359
1985-11-01,1985-12-01,ME4 BM4,4.9828
1985-11-01,1985-12-01,ME4 BM5,5.5329
1985-11-01,1985-12-01,BIG LoBM,6.8206
1985-11-01,1985-12-01,ME5 BM2,3.7154
1985-11-01,1985-12-01,ME5 BM3,4.929
1985-11-01,1985-12-01,ME5 BM4,2.9889
1985-11-01,1985-12-01,BIG HiBM,4.421
1985-12-01,1986-01-01,SMALL LoBM,3.8107
1985-12-01,1986-01-01,ME1 BM2,2.0436
1985-12-01,1986-01-01,ME1 BM3,2.5692
1985-12-01,1986-01-01,ME1 BM4,2.167
1985-12-01,1986-01-01,SMALL HiBM,3.122
1985-12-01,1986-01-01,ME2 BM1,1.022
1985-12-01,1986-01-01,ME2 BM2,2.1732
1985-12-01,1986-01-01,ME2 BM3,0.7398
1985-12-01,1986-01-01,ME2 BM4,0.2156
1985-12-01,1986-01-01,ME2 BM5,2.4772
1985-12-01,1986-01-01,ME3 BM1,1.7716
1985-12-01,1986-01-01,ME3 BM2,3.0872
1985-12-01,1986-01-01,ME3 BM3,1.6371
1985-12-01,1986-01-01,ME3 BM4,2.1478
1985-12-01,1986-01-01,ME3 BM5,2.6065
1985-12-01,1986-01-01,ME4 BM1,1.1351
1985-12-01,1986-01-01,ME4 BM2,0.5037
1985-12-01,1986-01-01,ME4 BM3,1.965
1985-12-01,1986-01-01,ME4 BM4,2.7291
1985-12-01,1986-01-01,ME4 BM5,3.48
1985-12-01,1986-01-01,BIG LoBM,0.4246
1985-12-01,1986-01-01,ME5 BM2,1.3219
1985-12-01,1986-01-01,ME5 BM3,1.7331
1985-12-01,1986-01-01,ME5 BM4,-1.3781
1985-12-01,1986-01-01,BIG HiBM,1.4209
1986-01-01,1986-02-01,SMALL LoBM,5.8456
1986-01-01,1986-02-01,ME1 BM2,6.4923
1986-01-01,1986-02-01,ME1 BM3,6.5104
1986-01-01,1986-02-01,ME1 BM4,7.8458
1986-01-01,1986-02-01,SMALL HiBM,5.4909
1986-01-01,1986-02-01,ME2 BM1,7.4547
1986-01-01,1986-02-01,ME2 BM2,7.1148
1986-01-01,1986-02-01,ME2 BM3,7.1068
1986-01-01,1986-02-01,ME2 BM4,9.274
1986-01-01,1986-02-01,ME2 BM5,5.0557
1986-01-01,1986-02-01,ME3 BM1,6.7664
1986-01-01,1986-02-01,ME3 BM2,9.5758
1986-01-01,1986-02-01,ME3 BM3,7.7429
1986-01-01,1986-02-01,ME3 BM4,7.1936
1986-01-01,1986-02-01,ME3 BM5,6.3926
1986-01-01,1986-02-01,ME4 BM1,7.8687
1986-01-01,1986-02-01,ME4 BM2,9.4778
1986-01-01,1986-02-01,ME4 BM3,7.0236
1986-01-01,1986-02-01,ME4 BM4,7.2683
1986-01-01,1986-02-01,ME4 BM5,7.5316
1986-01-01,1986-02-01,BIG LoBM,7.5733
1986-01-01,1986-02-01,ME5 BM2,10.0511
1986-01-01,1986-02-01,ME5 BM3,8.765
1986-01-01,1986-02-01,ME5 BM4,6.5332
1986-01-01,1986-02-01,BIG HiBM,7.2164
1986-02-01,1986-03-01,SMALL LoBM,4.6244
1986-02-01,1986-03-01,ME1 BM2,5.4281
1986-02-01,1986-03-01,ME1 BM3,5.0816
1986-02-01,1986-03-01,ME1 BM4,4.5244
1986-02-01,1986-03-01,SMALL HiBM,6.512
1986-02-01,1986-03-01,ME2 BM1,3.6535
1986-02-01,1986-03-01,ME2 BM2,5.1407
1986-02-01,1986-03-01,ME2 BM3,5.7927
1986-02-01,1986-03-01,ME2 BM4,5.0182
1986-02-01,1986-03-01,ME2 BM5,6.3238
1986-02-01,1986-03-01,ME3 BM1,4.9975
1986-02-01,1986-03-01,ME3 BM2,7.3619
1986-02-01,1986-03-01,ME3 BM3,5.0898
1986-02-01,1986-03-01,ME3 BM4,5.9102
1986-02-01,1986-03-01,ME3 BM5,5.3786
1986-02-01,1986-03-01,ME4 BM1,5.9696
1986-02-01,1986-03-01,ME4 BM2,5.3
1986-02-01,1986-03-01,ME4 BM3,5.8745
1986-02-01,1986-03-01,ME4 BM4,3.9722
1986-02-01,1986-03-01,ME4 BM5,4.9128
1986-02-01,1986-03-01,BIG LoBM,6.0032
1986-02-01,1986-03-01,ME5 BM2,7.2801
1986-02-01,1986-03-01,ME5 BM3,5.3412
1986-02-01,1986-03-01,ME5 BM4,4.7774
1986-02-01,1986-03-01,BIG HiBM,4.7372
1986-03-01,1986-04-01,SMALL LoBM,2.746
1986-03-01,1986-04-01,ME1 BM2,2.3361
1986-03-01,1986-04-01,ME1 BM3,0.8821
1986-03-01,1986-04-01,ME1 BM4,0.5291
1986-03-01,1986-04-01,SMALL HiBM,0.4177
1986-03-01,1986-04-01,ME2 BM1,2.3746
1986-03-01,1986-04-01,ME2 BM2,1.9488
1986-03-01,1986-04-01,ME2 BM3,-0.1073
1986-03-01,1986-04-01,ME2 BM4,1.0472
1986-03-01,1986-04-01,ME2 BM5,-1.5139
1986-03-01,1986-04-01,ME3 BM1,1.9919
1986-03-01,1986-04-01,ME3 BM2,2.3235
1986-03-01,1986-04-01,ME3 BM3,0.9502
1986-03-01,1986-04-01,ME3 BM4,1.1314
1986-03-01,1986-04-01,ME3 BM5,-1.1367
1986-03-01,1986-04-01,ME4 BM1,1.7791
1986-03-01,1986-04-01,ME4 BM2,-0.117
1986-03-01,1986-04-01,ME4 BM3,-1.0739
1986-03-01,1986-04-01,ME4 BM4,-2.3909
1986-03-01,1986-04-01,ME4 BM5,-4.7139
1986-03-01,1986-04-01,BIG LoBM,0.4383
1986-03-01,1986-04-01,ME5 BM2,-0.9615
1986-03-01,1986-04-01,ME5 BM3,-2.2038
1986-03-01,1986-04-01,ME5 BM4,-2.826
1986-03-01,1986-04-01,BIG HiBM,-2.7227
1986-04-01,1986-05-01,SMALL LoBM,4.1267
1986-04-01,1986-05-01,ME1 BM2,3.4979
1986-04-01,1986-05-01,ME1 BM3,4.5105
1986-04-01,1986-05-01,ME1 BM4,3.8415
1986-04-01,1986-05-01,SMALL HiBM,3.6893
1986-04-01,1986-05-01,ME2 BM1,3.2634
1986-04-01,1986-05-01,ME2 BM2,2.4009
1986-04-01,1986-05-01,ME2 BM3,5.571
1986-04-01,1986-05-01,ME2 BM4,4.4363
1986-04-01,1986-05-01,ME2 BM5,2.2869
1986-04-01,1986-05-01,ME3 BM1,5.9758
1986-04-01,1986-05-01,ME3 BM2,4.2292
1986-04-01,1986-05-01,ME3 BM3,6.0248
1986-04-01,1986-05-01,ME3 BM4,5.1761
1986-04-01,1986-05-01,ME3 BM5,3.4575
1986-04-01,1986-05-01,ME4 BM1,6.058
1986-04-01,1986-05-01,ME4 BM2,3.7986
1986-04-01,1986-05-01,ME4 BM3,5.7467
1986-04-01,1986-05-01,ME4 BM4,4.4165
1986-04-01,1986-05-01,ME4 BM5,4.3133
1986-04-01,1986-05-01,BIG LoBM,5.1848
1986-04-01,1986-05-01,ME5 BM2,6.2676
1986-04-01,1986-05-01,ME5 BM3,3.401
1986-04-01,1986-05-01,ME5 BM4,6.5845
1986-04-01,1986-05-01,BIG HiBM,5.5465
1986-05-01,1986-06-01,SMALL LoBM,0.163
1986-05-01,1986-06-01,ME1 BM2,-1.6258
1986-05-01,1986-06-01,ME1 BM3,0.1716
1986-05-01,1986-06-01,ME1 BM4,1.3759
1986-05-01,1986-06-01,SMALL HiBM,2.0652
1986-05-01,1986-06-01,ME2 BM1,0.6975
1986-05-01,1986-06-01,ME2 BM2,0.168
1986-05-01,1986-06-01,ME2 BM3,2.4061
1986-05-01,1986-06-01,ME2 BM4,1.8004
1986-05-01,1986-06-01,ME2 BM5,2.2872
1986-05-01,1986-06-01,ME3 BM1,1.2847
1986-05-01,1986-06-01,ME3 BM2,-0.7698
1986-05-01,1986-06-01,ME3 BM3,2.3084
1986-05-01,1986-06-01,ME3 BM4,0.6124
1986-05-01,1986-06-01,ME3 BM5,2.3214
1986-05-01,1986-06-01,ME4 BM1,1.7664
1986-05-01,1986-06-01,ME4 BM2,1.0228
1986-05-01,1986-06-01,ME4 BM3,0.0994
1986-05-01,1986-06-01,ME4 BM4,3.7787
1986-05-01,1986-06-01,ME4 BM5,1.2601
1986-05-01,1986-06-01,BIG LoBM,2.249
1986-05-01,1986-06-01,ME5 BM2,2.0837
1986-05-01,1986-06-01,ME5 BM3,1.05
1986-05-01,1986-06-01,ME5 BM4,0.6238
1986-05-01,1986-06-01,BIG HiBM,2.9181
1986-06-01,1986-07-01,SMALL LoBM,-10.1126
1986-06-01,1986-07-01,ME1 BM2,-8.5706
1986-06-01,1986-07-01,ME1 BM3,-8.396
1986-06-01,1986-07-01,ME1 BM4,-6.1577
1986-06-01,1986-07-01,SMALL HiBM,-8.7
1986-06-01,1986-07-01,ME2 BM1,-11.4024
1986-06-01,1986-07-01,ME2 BM2,-9.8122
1986-06-01,1986-07-01,ME2 BM3,-8.8791
1986-06-01,1986-07-01,ME2 BM4,-4.9591
1986-06-01,1986-07-01,ME2 BM5,-6.8577
1986-06-01,1986-07-01,ME3 BM1,-9.9697
1986-06-01,1986-07-01,ME3 BM2,-7.7158
1986-06-01,1986-07-01,ME3 BM3,-8.0166
1986-06-01,1986-07-01,ME3 BM4,-6.0447
1986-06-01,1986-07-01,ME3 BM5,-5.6213
1986-06-01,1986-07-01,ME4 BM1,-8.5716
1986-06-01,1986-07-01,ME4 BM2,-7.554
1986-06-01,1986-07-01,ME4 BM3,-6.9197
1986-06-01,1986-07-01,ME4 BM4,-4.7132
1986-06-01,1986-07-01,ME4 BM5,-4.4764
1986-06-01,1986-07-01,BIG LoBM,-7.148
1986-06-01,1986-07-01,ME5 BM2,-5.8547
1986-06-01,1986-07-01,ME5 BM3,-4.8748
1986-06-01,1986-07-01,ME5 BM4,-2.5072
1986-06-01,1986-07-01,BIG HiBM,-2.5713
1986-07-01,1986-08-01,SMALL LoBM,0.2984
1986-07-01,1986-08-01,ME1 BM2,0.5591
1986-07-01,1986-08-01,ME1 BM3,2.2655
1986-07-01,1986-08-01,ME1 BM4,1.8007
1986-07-01,1986-08-01,SMALL HiBM,1.7033
1986-07-01,1986-08-01,ME2 BM1,2.498
1986-07-01,1986-08-01,ME2 BM2,4.2329
1986-07-01,1986-08-01,ME2 BM3,4.2936
1986-07-01,1986-08-01,ME2 BM4,5.4715
1986-07-01,1986-08-01,ME2 BM5,4.5585
1986-07-01,1986-08-01,ME3 BM1,4.221
1986-07-01,1986-08-01,ME3 BM2,3.815
1986-07-01,1986-08-01,ME3 BM3,5.9252
1986-07-01,1986-08-01,ME3 BM4,7.3303
1986-07-01,1986-08-01,ME3 BM5,8.4808
1986-07-01,1986-08-01,ME4 BM1,4.2744
1986-07-01,1986-08-01,ME4 BM2,6.3162
1986-07-01,1986-08-01,ME4 BM3,7.2281
1986-07-01,1986-08-01,ME4 BM4,10.2022
1986-07-01,1986-08-01,ME4 BM5,9.5066
1986-07-01,1986-08-01,BIG LoBM,4.3237
1986-07-01,1986-08-01,ME5 BM2,6.5204
1986-07-01,1986-08-01,ME5 BM3,6.1206
1986-07-01,1986-08-01,ME5 BM4,10.3436
1986-07-01,1986-08-01,BIG HiBM,10.7372
1986-08-01,1986-09-01,SMALL LoBM,-8.1438
1986-08-01,1986-09-01,ME1 BM2,-6.2529
1986-08-01,1986-09-01,ME1 BM3,-5.2936
1986-08-01,1986-09-01,ME1 BM4,-4.4472
1986-08-01,1986-09-01,SMALL HiBM,-3.2748
1986-08-01,1986-09-01,ME2 BM1,-8.741
1986-08-01,1986-09-01,ME2 BM2,-5.7332
1986-08-01,1986-09-01,ME2 BM3,-4.8155
1986-08-01,1986-09-01,ME2 BM4,-2.4337
1986-08-01,1986-09-01,ME2 BM5,-5.6665
1986-08-01,1986-09-01,ME3 BM1,-7.9378
1986-08-01,1986-09-01,ME3 BM2,-7.5691
1986-08-01,1986-09-01,ME3 BM3,-4.321
1986-08-01,1986-09-01,ME3 BM4,-4.7908
1986-08-01,1986-09-01,ME3 BM5,-4.997
1986-08-01,1986-09-01,ME4 BM1,-9.2895
1986-08-01,1986-09-01,ME4 BM2,-6.2552
1986-08-01,1986-09-01,ME4 BM3,-7.6114
1986-08-01,1986-09-01,ME4 BM4,-6.7321
1986-08-01,1986-09-01,ME4 BM5,-6.0467
1986-08-01,1986-09-01,BIG LoBM,-10.4026
1986-08-01,1986-09-01,ME5 BM2,-10.9273
1986-08-01,1986-09-01,ME5 BM3,-7.5847
1986-08-01,1986-09-01,ME5 BM4,-7.9058
1986-08-01,1986-09-01,BIG HiBM,-6.4421
1986-09-01,1986-10-01,SMALL LoBM,1.923
1986-09-01,1986-10-01,ME1 BM2,2.8514
1986-09-01,1986-10-01,ME1 BM3,1.836
1986-09-01,1986-10-01,ME1 BM4,3.0977
1986-09-01,1986-10-01,SMALL HiBM,0.7873
1986-09-01,1986-10-01,ME2 BM1,6.4162
1986-09-01,1986-10-01,ME2 BM2,4.4562
1986-09-01,1986-10-01,ME2 BM3,3.1337
1986-09-01,1986-10-01,ME2 BM4,2.7999
1986-09-01,1986-10-01,ME2 BM5,1.515
1986-09-01,1986-10-01,ME3 BM1,5.7477
1986-09-01,1986-10-01,ME3 BM2,2.6385
1986-09-01,1986-10-01,ME3 BM3,1.2114
1986-09-01,1986-10-01,ME3 BM4,2.0401
1986-09-01,1986-10-01,ME3 BM5,2.6121
1986-09-01,1986-10-01,ME4 BM1,5.8207
1986-09-01,1986-10-01,ME4 BM2,6.6266
1986-09-01,1986-10-01,ME4 BM3,5.1319
1986-09-01,1986-10-01,ME4 BM4,5.8268
1986-09-01,1986-10-01,ME4 BM5,4.2395
1986-09-01,1986-10-01,BIG LoBM,4.9311
1986-09-01,1986-10-01,ME5 BM2,7.0161
1986-09-01,1986-10-01,ME5 BM3,6.7606
1986-09-01,1986-10-01,ME5 BM4,4.6103
1986-09-01,1986-10-01,BIG HiBM,5.9328
1986-10-01,1986-11-01,SMALL LoBM,-2.2803
1986-10-01,1986-11-01,ME1 BM2,0.2845
1986-10-01,1986-11-01,ME1 BM3,0.3274
1986-10-01,1986-11-01,ME1 BM4,0.408
1986-10-01,1986-11-01,SMALL HiBM,1.1878
1986-10-01,1986-11-01,ME2 BM1,0.2596
1986-10-01,1986-11-01,ME2 BM2,0.2887
1986-10-01,1986-11-01,ME2 BM3,-0.3569
1986-10-01,1986-11-01,ME2 BM4,-2.1447
1986-10-01,1986-11-01,ME2 BM5,0.001
1986-10-01,1986-11-01,ME3 BM1,-0.0021
1986-10-01,1986-11-01,ME3 BM2,0.353
1986-10-01,1986-11-01,ME3 BM3,-1.0799
1986-10-01,1986-11-01,ME3 BM4,1.2122
1986-10-01,1986-11-01,ME3 BM5,-0.4077
1986-10-01,1986-11-01,ME4 BM1,1.3001
1986-10-01,1986-11-01,ME4 BM2,1.1996
1986-10-01,1986-11-01,ME4 BM3,1.5137
1986-10-01,1986-11-01,ME4 BM4,-1.2459
1986-10-01,1986-11-01,ME4 BM5,1.2962
1986-10-01,1986-11-01,BIG LoBM,2.634
1986-10-01,1986-11-01,ME5 BM2,1.8538
1986-10-01,1986-11-01,ME5 BM3,2.7438
1986-10-01,1986-11-01,ME5 BM4,2.4865
1986-10-01,1986-11-01,BIG HiBM,1.7048
1986-11-01,1986-12-01,SMALL LoBM,-5.5711
1986-11-01,1986-12-01,ME1 BM2,-2.0968
1986-11-01,1986-12-01,ME1 BM3,-3.5863
1986-11-01,1986-12-01,ME1 BM4,-2.1616
1986-11-01,1986-12-01,SMALL HiBM,-3.2494
1986-11-01,1986-12-01,ME2 BM1,-3.1097
1986-11-01,1986-12-01,ME2 BM2,-1.6995
1986-11-01,1986-12-01,ME2 BM3,-3.3467
1986-11-01,1986-12-01,ME2 BM4,-2.947
1986-11-01,1986-12-01,ME2 BM5,0.8561
1986-11-01,1986-12-01,ME3 BM1,-2.5751
1986-11-01,1986-12-01,ME3 BM2,-1.6882
1986-11-01,1986-12-01,ME3 BM3,-3.8492
1986-11-01,1986-12-01,ME3 BM4,-2.0701
1986-11-01,1986-12-01,ME3 BM5,-0.5198
1986-11-01,1986-12-01,ME4 BM1,-4.4595
1986-11-01,1986-12-01,ME4 BM2,-3.3497
1986-11-01,1986-12-01,ME4 BM3,-2.8728
1986-11-01,1986-12-01,ME4 BM4,-2.6262
1986-11-01,1986-12-01,ME4 BM5,-3.354
1986-11-01,1986-12-01,BIG LoBM,-1.8012
1986-11-01,1986-12-01,ME5 BM2,-2.5306
1986-11-01,1986-12-01,ME5 BM3,-4.222
1986-11-01,1986-12-01,ME5 BM4,-2.826
1986-11-01,1986-12-01,BIG HiBM,-2.974
1986-12-01,1987-01-01,SMALL LoBM,10.9883
1986-12-01,1987-01-01,ME1 BM2,10.2204
1986-12-01,1987-01-01,ME1 BM3,10.5302
1986-12-01,1987-01-01,ME1 BM4,9.6776
1986-12-01,1987-01-01,SMALL HiBM,9.6077
1986-12-01,1987-01-01,ME2 BM1,13.565
1986-12-01,1987-01-01,ME2 BM2,12.4261
1986-12-01,1987-01-01,ME2 BM3,10.5102
1986-12-01,1987-01-01,ME2 BM4,9.5289
1986-12-01,1987-01-01,ME2 BM5,10.7428
1986-12-01,1987-01-01,ME3 BM1,14.1495
1986-12-01,1987-01-01,ME3 BM2,12.9934
1986-12-01,1987-01-01,ME3 BM3,8.7987
1986-12-01,1987-01-01,ME3 BM4,10.5088
1986-12-01,1987-01-01,ME3 BM5,10.1479
1986-12-01,1987-01-01,ME4 BM1,14.0593
1986-12-01,1987-01-01,ME4 BM2,12.2056
1986-12-01,1987-01-01,ME4 BM3,10.5908
1986-12-01,1987-01-01,ME4 BM4,12.3069
1986-12-01,1987-01-01,ME4 BM5,11.7106
1986-12-01,1987-01-01,BIG LoBM,13.5636
1986-12-01,1987-01-01,ME5 BM2,16.4911
1986-12-01,1987-01-01,ME5 BM3,11.5736
1986-12-01,1987-01-01,ME5 BM4,12.4854
1986-12-01,1987-01-01,BIG HiBM,11.9064
1987-01-01,1987-02-01,SMALL LoBM,10.4375
1987-01-01,1987-02-01,ME1 BM2,8.3574
1987-01-01,1987-02-01,ME1 BM3,6.9208
1987-01-01,1987-02-01,ME1 BM4,7.1948
1987-01-01,1987-02-01,SMALL HiBM,6.4314
1987-01-01,1987-02-01,ME2 BM1,9.7091
1987-01-01,1987-02-01,ME2 BM2,9.0711
1987-01-01,1987-02-01,ME2 BM3,6.3423
1987-01-01,1987-02-01,ME2 BM4,6.0329
1987-01-01,1987-02-01,ME2 BM5,5.5754
1987-01-01,1987-02-01,ME3 BM1,8.696
1987-01-01,1987-02-01,ME3 BM2,8.0112
1987-01-01,1987-02-01,ME3 BM3,5.2951
1987-01-01,1987-02-01,ME3 BM4,4.23
1987-01-01,1987-02-01,ME3 BM5,4.4821
1987-01-01,1987-02-01,ME4 BM1,6.9893
1987-01-01,1987-02-01,ME4 BM2,7.0086
1987-01-01,1987-02-01,ME4 BM3,6.6144
1987-01-01,1987-02-01,ME4 BM4,3.1993
1987-01-01,1987-02-01,ME4 BM5,2.6728
1987-01-01,1987-02-01,BIG LoBM,8.278
1987-01-01,1987-02-01,ME5 BM2,5.8675
1987-01-01,1987-02-01,ME5 BM3,2.9539
1987-01-01,1987-02-01,ME5 BM4,-0.4466
1987-01-01,1987-02-01,BIG HiBM,-1.0931
1987-02-01,1987-03-01,SMALL LoBM,1.6124
1987-02-01,1987-03-01,ME1 BM2,3.8669
1987-02-01,1987-03-01,ME1 BM3,1.9327
1987-02-01,1987-03-01,ME1 BM4,3.377
1987-02-01,1987-03-01,SMALL HiBM,4.5072
1987-02-01,1987-03-01,ME2 BM1,1.0898
1987-02-01,1987-03-01,ME2 BM2,3.0472
1987-02-01,1987-03-01,ME2 BM3,1.6395
1987-02-01,1987-03-01,ME2 BM4,2.7661
1987-02-01,1987-03-01,ME2 BM5,3.4826
1987-02-01,1987-03-01,ME3 BM1,0.463
1987-02-01,1987-03-01,ME3 BM2,1.3831
1987-02-01,1987-03-01,ME3 BM3,1.5997
1987-02-01,1987-03-01,ME3 BM4,2.614
1987-02-01,1987-03-01,ME3 BM5,3.2646
1987-02-01,1987-03-01,ME4 BM1,1.9699
1987-02-01,1987-03-01,ME4 BM2,1.4979
1987-02-01,1987-03-01,ME4 BM3,1.6694
1987-02-01,1987-03-01,ME4 BM4,1.8477
1987-02-01,1987-03-01,ME4 BM5,-1.3033
1987-02-01,1987-03-01,BIG LoBM,1.4406
1987-02-01,1987-03-01,ME5 BM2,2.2091
1987-02-01,1987-03-01,ME5 BM3,0.6335
1987-02-01,1987-03-01,ME5 BM4,2.9849
1987-02-01,1987-03-01,BIG HiBM,4.8029
1987-03-01,1987-04-01,SMALL LoBM,-2.3139
1987-03-01,1987-04-01,ME1 BM2,-2.3106
1987-03-01,1987-04-01,ME1 BM3,-2.3585
1987-03-01,1987-04-01,ME1 BM4,-0.5565
1987-03-01,1987-04-01,SMALL HiBM,-1.3276
1987-03-01,1987-04-01,ME2 BM1,-3.9445
1987-03-01,1987-04-01,ME2 BM2,-2.3954
1987-03-01,1987-04-01,ME2 BM3,-2.943
1987-03-01,1987-04-01,ME2 BM4,-4.2926
1987-03-01,1987-04-01,ME2 BM5,-4.7639
1987-03-01,1987-04-01,ME3 BM1,-2.1874
1987-03-01,1987-04-01,ME3 BM2,-2.1278
1987-03-01,1987-04-01,ME3 BM3,-4.5038
1987-03-01,1987-04-01,ME3 BM4,-1.8945
1987-03-01,1987-04-01,ME3 BM5,-2.7991
1987-03-01,1987-04-01,ME4 BM1,-3.587
1987-03-01,1987-04-01,ME4 BM2,-2.1752
1987-03-01,1987-04-01,ME4 BM3,-2.5078
1987-03-01,1987-04-01,ME4 BM4,-1.7911
1987-03-01,1987-04-01,ME4 BM5,-1.603
1987-03-01,1987-04-01,BIG LoBM,-1.2356
1987-03-01,1987-04-01,ME5 BM2,-1.1941
1987-03-01,1987-04-01,ME5 BM3,-2.0903
1987-03-01,1987-04-01,ME5 BM4,-0.7104
1987-03-01,1987-04-01,BIG HiBM,-0.4874
1987-04-01,1987-05-01,SMALL LoBM,-0.3297
1987-04-01,1987-05-01,ME1 BM2,-1.2772
1987-04-01,1987-05-01,ME1 BM3,-0.0697
1987-04-01,1987-05-01,ME1 BM4,0.5761
1987-04-01,1987-05-01,SMALL HiBM,3.2911
1987-04-01,1987-05-01,ME2 BM1,-0.8965
1987-04-01,1987-05-01,ME2 BM2,-0.0483
1987-04-01,1987-05-01,ME2 BM3,0.0494
1987-04-01,1987-05-01,ME2 BM4,0.2127
1987-04-01,1987-05-01,ME2 BM5,0.509
1987-04-01,1987-05-01,ME3 BM1,0.6846
1987-04-01,1987-05-01,ME3 BM2,0.4478
1987-04-01,1987-05-01,ME3 BM3,-0.8165
1987-04-01,1987-05-01,ME3 BM4,0.233
1987-04-01,1987-05-01,ME3 BM5,0.6177
1987-04-01,1987-05-01,ME4 BM1,1.9353
1987-04-01,1987-05-01,ME4 BM2,0.4393
1987-04-01,1987-05-01,ME4 BM3,-0.5094
1987-04-01,1987-05-01,ME4 BM4,-0.4917
1987-04-01,1987-05-01,ME4 BM5,0.7685
1987-04-01,1987-05-01,BIG LoBM,1.8663
1987-04-01,1987-05-01,ME5 BM2,-0.5502
1987-04-01,1987-05-01,ME5 BM3,-0.2477
1987-04-01,1987-05-01,ME5 BM4,0.7645
1987-04-01,1987-05-01,BIG HiBM,0.5314
1987-05-01,1987-06-01,SMALL LoBM,-0.158
1987-05-01,1987-06-01,ME1 BM2,1.461
1987-05-01,1987-06-01,ME1 BM3,3.0642
1987-05-01,1987-06-01,ME1 BM4,1.8911
1987-05-01,1987-06-01,SMALL HiBM,4.6099
1987-05-01,1987-06-01,ME2 BM1,1.7176
1987-05-01,1987-06-01,ME2 BM2,3.052
1987-05-01,1987-06-01,ME2 BM3,3.5293
1987-05-01,1987-06-01,ME2 BM4,2.2793
1987-05-01,1987-06-01,ME2 BM5,3.9962
1987-05-01,1987-06-01,ME3 BM1,2.3263
1987-05-01,1987-06-01,ME3 BM2,1.7362
1987-05-01,1987-06-01,ME3 BM3,5.7835
1987-05-01,1987-06-01,ME3 BM4,5.5561
1987-05-01,1987-06-01,ME3 BM5,2.4014
1987-05-01,1987-06-01,ME4 BM1,5.1005
1987-05-01,1987-06-01,ME4 BM2,3.1926
1987-05-01,1987-06-01,ME4 BM3,4.2241
1987-05-01,1987-06-01,ME4 BM4,4.1037
1987-05-01,1987-06-01,ME4 BM5,3.7693
1987-05-01,1987-06-01,BIG LoBM,4.6229
1987-05-01,1987-06-01,ME5 BM2,5.4155
1987-05-01,1987-06-01,ME5 BM3,6.1321
1987-05-01,1987-06-01,ME5 BM4,5.1447
1987-05-01,1987-06-01,BIG HiBM,5.1784
1987-06-01,1987-07-01,SMALL LoBM,1.5626
1987-06-01,1987-07-01,ME1 BM2,2.1386
1987-06-01,1987-07-01,ME1 BM3,1.9181
1987-06-01,1987-07-01,ME1 BM4,2.8919
1987-06-01,1987-07-01,SMALL HiBM,5.3957
1987-06-01,1987-07-01,ME2 BM1,2.2093
1987-06-01,1987-07-01,ME2 BM2,2.0171
1987-06-01,1987-07-01,ME2 BM3,3.7855
1987-06-01,1987-07-01,ME2 BM4,3.3783
1987-06-01,1987-07-01,ME2 BM5,5.9601
1987-06-01,1987-07-01,ME3 BM1,2.4698
1987-06-01,1987-07-01,ME3 BM2,4.4389
1987-06-01,1987-07-01,ME3 BM3,3.7879
1987-06-01,1987-07-01,ME3 BM4,3.5841
1987-06-01,1987-07-01,ME3 BM5,8.1446
1987-06-01,1987-07-01,ME4 BM1,4.1565
1987-06-01,1987-07-01,ME4 BM2,4.8846
1987-06-01,1987-07-01,ME4 BM3,4.8302
1987-06-01,1987-07-01,ME4 BM4,4.0216
1987-06-01,1987-07-01,ME4 BM5,4.9189
1987-06-01,1987-07-01,BIG LoBM,5.9149
1987-06-01,1987-07-01,ME5 BM2,3.1686
1987-06-01,1987-07-01,ME5 BM3,6.1699
1987-06-01,1987-07-01,ME5 BM4,2.6668
1987-06-01,1987-07-01,BIG HiBM,3.0083
1987-07-01,1987-08-01,SMALL LoBM,0.8083
1987-07-01,1987-08-01,ME1 BM2,2.0692
1987-07-01,1987-08-01,ME1 BM3,2.7462
1987-07-01,1987-08-01,ME1 BM4,2.4512
1987-07-01,1987-08-01,SMALL HiBM,0.7235
1987-07-01,1987-08-01,ME2 BM1,2.5468
1987-07-01,1987-08-01,ME2 BM2,3.7878
1987-07-01,1987-08-01,ME2 BM3,3.9453
1987-07-01,1987-08-01,ME2 BM4,2.5175
1987-07-01,1987-08-01,ME2 BM5,4.0289
1987-07-01,1987-08-01,ME3 BM1,3.8336
1987-07-01,1987-08-01,ME3 BM2,3.4177
1987-07-01,1987-08-01,ME3 BM3,4.7693
1987-07-01,1987-08-01,ME3 BM4,3.5691
1987-07-01,1987-08-01,ME3 BM5,0.5426
1987-07-01,1987-08-01,ME4 BM1,4.663
1987-07-01,1987-08-01,ME4 BM2,4.0799
1987-07-01,1987-08-01,ME4 BM3,3.8091
1987-07-01,1987-08-01,ME4 BM4,3.829
1987-07-01,1987-08-01,ME4 BM5,1.638
1987-07-01,1987-08-01,BIG LoBM,4.9457
1987-07-01,1987-08-01,ME5 BM2,5.2966
1987-07-01,1987-08-01,ME5 BM3,3.4716
1987-07-01,1987-08-01,ME5 BM4,4.6284
1987-07-01,1987-08-01,BIG HiBM,2.5956
1987-08-01,1987-09-01,SMALL LoBM,-2.7683
1987-08-01,1987-09-01,ME1 BM2,-0.247
1987-08-01,1987-09-01,ME1 BM3,-1.1236
1987-08-01,1987-09-01,ME1 BM4,-0.4473
1987-08-01,1987-09-01,SMALL HiBM,-1.0095
1987-08-01,1987-09-01,ME2 BM1,-1.9769
1987-08-01,1987-09-01,ME2 BM2,-2.4959
1987-08-01,1987-09-01,ME2 BM3,-0.6447
1987-08-01,1987-09-01,ME2 BM4,-0.6564
1987-08-01,1987-09-01,ME2 BM5,-2.5741
1987-08-01,1987-09-01,ME3 BM1,-3.2842
1987-08-01,1987-09-01,ME3 BM2,-2.2382
1987-08-01,1987-09-01,ME3 BM3,-2.2879
1987-08-01,1987-09-01,ME3 BM4,-2.3724
1987-08-01,1987-09-01,ME3 BM5,-1.0337
1987-08-01,1987-09-01,ME4 BM1,-1.8861
1987-08-01,1987-09-01,ME4 BM2,-1.3662
1987-08-01,1987-09-01,ME4 BM3,-1.9006
1987-08-01,1987-09-01,ME4 BM4,-1.5909
1987-08-01,1987-09-01,ME4 BM5,-0.1554
1987-08-01,1987-09-01,BIG LoBM,-2.2247
1987-08-01,1987-09-01,ME5 BM2,-4.0473
1987-08-01,1987-09-01,ME5 BM3,-0.227
1987-08-01,1987-09-01,ME5 BM4,-2.1032
1987-08-01,1987-09-01,BIG HiBM,-2.6789
1987-09-01,1987-10-01,SMALL LoBM,-34.1653
1987-09-01,1987-10-01,ME1 BM2,-30.6779
1987-09-01,1987-10-01,ME1 BM3,-28.593
1987-09-01,1987-10-01,ME1 BM4,-28.3583
1987-09-01,1987-10-01,SMALL HiBM,-28.4843
1987-09-01,1987-10-01,ME2 BM1,-32.4849
1987-09-01,1987-10-01,ME2 BM2,-31.9413
1987-09-01,1987-10-01,ME2 BM3,-28.6601
1987-09-01,1987-10-01,ME2 BM4,-24.6616
1987-09-01,1987-10-01,ME2 BM5,-29.2541
1987-09-01,1987-10-01,ME3 BM1,-29.6956
1987-09-01,1987-10-01,ME3 BM2,-28.4764
1987-09-01,1987-10-01,ME3 BM3,-24.9113
1987-09-01,1987-10-01,ME3 BM4,-22.4597
1987-09-01,1987-10-01,ME3 BM5,-27.0598
1987-09-01,1987-10-01,ME4 BM1,-25.5471
1987-09-01,1987-10-01,ME4 BM2,-28.6858
1987-09-01,1987-10-01,ME4 BM3,-24.0245
1987-09-01,1987-10-01,ME4 BM4,-18.4999
1987-09-01,1987-10-01,ME4 BM5,-23.468
1987-09-01,1987-10-01,BIG LoBM,-21.6513
1987-09-01,1987-10-01,ME5 BM2,-22.4499
1987-09-01,1987-10-01,ME5 BM3,-22.0284
1987-09-01,1987-10-01,ME5 BM4,-15.4467
1987-09-01,1987-10-01,BIG HiBM,-18.7014
1987-10-01,1987-11-01,SMALL LoBM,-8.3473
1987-10-01,1987-11-01,ME1 BM2,-4.9019
1987-10-01,1987-11-01,ME1 BM3,-4.8335
1987-10-01,1987-11-01,ME1 BM4,-4.4222
1987-10-01,1987-11-01,SMALL HiBM,-3.6106
1987-10-01,1987-11-01,ME2 BM1,-7.1902
1987-10-01,1987-11-01,ME2 BM2,-5.3777
1987-10-01,1987-11-01,ME2 BM3,-3.6533
1987-10-01,1987-11-01,ME2 BM4,-3.2558
1987-10-01,1987-11-01,ME2 BM5,-2.9023
1987-10-01,1987-11-01,ME3 BM1,-6.8475
1987-10-01,1987-11-01,ME3 BM2,-2.4483
1987-10-01,1987-11-01,ME3 BM3,-2.7821
1987-10-01,1987-11-01,ME3 BM4,-3.0749
1987-10-01,1987-11-01,ME3 BM5,-4.2514
1987-10-01,1987-11-01,ME4 BM1,-6.4134
1987-10-01,1987-11-01,ME4 BM2,-6.3661
1987-10-01,1987-11-01,ME4 BM3,-5.9722
1987-10-01,1987-11-01,ME4 BM4,-4.3853
1987-10-01,1987-11-01,ME4 BM5,-2.4112
1987-10-01,1987-11-01,BIG LoBM,-9.6122
1987-10-01,1987-11-01,ME5 BM2,-8.3866
1987-10-01,1987-11-01,ME5 BM3,-8.266
1987-10-01,1987-11-01,ME5 BM4,-7.7546
1987-10-01,1987-11-01,BIG HiBM,-7.2662
1987-11-01,1987-12-01,SMALL LoBM,2.7267
1987-11-01,1987-12-01,ME1 BM2,5.3592
1987-11-01,1987-12-01,ME1 BM3,5.4135
1987-11-01,1987-12-01,ME1 BM4,4.826
1987-11-01,1987-12-01,SMALL HiBM,3.4174
1987-11-01,1987-12-01,ME2 BM1,11.8082
1987-11-01,1987-12-01,ME2 BM2,9.3387
1987-11-01,1987-12-01,ME2 BM3,6.7582
1987-11-01,1987-12-01,ME2 BM4,7.2973
1987-11-01,1987-12-01,ME2 BM5,5.0938
1987-11-01,1987-12-01,ME3 BM1,12.3088
1987-11-01,1987-12-01,ME3 BM2,9.666
1987-11-01,1987-12-01,ME3 BM3,6.2682
1987-11-01,1987-12-01,ME3 BM4,4.8318
1987-11-01,1987-12-01,ME3 BM5,6.6058
1987-11-01,1987-12-01,ME4 BM1,13.0231
1987-11-01,1987-12-01,ME4 BM2,10.831
1987-11-01,1987-12-01,ME4 BM3,9.1547
1987-11-01,1987-12-01,ME4 BM4,3.9267
1987-11-01,1987-12-01,ME4 BM5,3.9424
1987-11-01,1987-12-01,BIG LoBM,8.3148
1987-11-01,1987-12-01,ME5 BM2,7.4149
1987-11-01,1987-12-01,ME5 BM3,8.031
1987-11-01,1987-12-01,ME5 BM4,3.2887
1987-11-01,1987-12-01,BIG HiBM,6.2951
1987-12-01,1988-01-01,SMALL LoBM,6.0319
1987-12-01,1988-01-01,ME1 BM2,6.964
1987-12-01,1988-01-01,ME1 BM3,4.4944
1987-12-01,1988-01-01,ME1 BM4,4.9831
1987-12-01,1988-01-01,SMALL HiBM,6.2216
1987-12-01,1988-01-01,ME2 BM1,1.8609
1987-12-01,1988-01-01,ME2 BM2,3.3566
1987-12-01,1988-01-01,ME2 BM3,5.1187
1987-12-01,1988-01-01,ME2 BM4,4.114
1987-12-01,1988-01-01,ME2 BM5,6.5378
1987-12-01,1988-01-01,ME3 BM1,1.2671
1987-12-01,1988-01-01,ME3 BM2,3.5603
1987-12-01,1988-01-01,ME3 BM3,3.8789
1987-12-01,1988-01-01,ME3 BM4,7.5263
1987-12-01,1988-01-01,ME3 BM5,6.4408
1987-12-01,1988-01-01,ME4 BM1,0.0532
1987-12-01,1988-01-01,ME4 BM2,4.6896
1987-12-01,1988-01-01,ME4 BM3,4.9726
1987-12-01,1988-01-01,ME4 BM4,5.4078
1987-12-01,1988-01-01,ME4 BM5,4.8429
1987-12-01,1988-01-01,BIG LoBM,2.2403
1987-12-01,1988-01-01,ME5 BM2,1.5523
1987-12-01,1988-01-01,ME5 BM3,5.1184
1987-12-01,1988-01-01,ME5 BM4,9.046
1987-12-01,1988-01-01,BIG HiBM,8.7797
1988-01-01,1988-02-01,SMALL LoBM,6.0389
1988-01-01,1988-02-01,ME1 BM2,7.4426
1988-01-01,1988-02-01,ME1 BM3,7.6647
1988-01-01,1988-02-01,ME1 BM4,7.6149
1988-01-01,1988-02-01,SMALL HiBM,7.5975
1988-01-01,1988-02-01,ME2 BM1,8.6803
1988-01-01,1988-02-01,ME2 BM2,12.2428
1988-01-01,1988-02-01,ME2 BM3,8.0576
1988-01-01,1988-02-01,ME2 BM4,8.8604
1988-01-01,1988-02-01,ME2 BM5,8.3993
1988-01-01,1988-02-01,ME3 BM1,8.6843
1988-01-01,1988-02-01,ME3 BM2,7.8625
1988-01-01,1988-02-01,ME3 BM3,7.0395
1988-01-01,1988-02-01,ME3 BM4,7.2114
1988-01-01,1988-02-01,ME3 BM5,6.4883
1988-01-01,1988-02-01,ME4 BM1,8.5938
1988-01-01,1988-02-01,ME4 BM2,9.4131
1988-01-01,1988-02-01,ME4 BM3,6.379
1988-01-01,1988-02-01,ME4 BM4,4.742
1988-01-01,1988-02-01,ME4 BM5,6.2162
1988-01-01,1988-02-01,BIG LoBM,4.5771
1988-01-01,1988-02-01,ME5 BM2,5.4937
1988-01-01,1988-02-01,ME5 BM3,4.7217
1988-01-01,1988-02-01,ME5 BM4,1.8113
1988-01-01,1988-02-01,BIG HiBM,3.0609
1988-02-01,1988-03-01,SMALL LoBM,4.3074
1988-02-01,1988-03-01,ME1 BM2,5.3649
1988-02-01,1988-03-01,ME1 BM3,6.1687
1988-02-01,1988-03-01,ME1 BM4,5.1527
1988-02-01,1988-03-01,SMALL HiBM,4.74
1988-02-01,1988-03-01,ME2 BM1,2.0709
1988-02-01,1988-03-01,ME2 BM2,6.8687
1988-02-01,1988-03-01,ME2 BM3,4.101
1988-02-01,1988-03-01,ME2 BM4,2.9425
1988-02-01,1988-03-01,ME2 BM5,4.4914
1988-02-01,1988-03-01,ME3 BM1,2.7698
1988-02-01,1988-03-01,ME3 BM2,1.0257
1988-02-01,1988-03-01,ME3 BM3,1.1929
1988-02-01,1988-03-01,ME3 BM4,-0.0344
1988-02-01,1988-03-01,ME3 BM5,1.2587
1988-02-01,1988-03-01,ME4 BM1,-0.9663
1988-02-01,1988-03-01,ME4 BM2,1.4049
1988-02-01,1988-03-01,ME4 BM3,-0.0317
1988-02-01,1988-03-01,ME4 BM4,-0.2832
1988-02-01,1988-03-01,ME4 BM5,3.4565
1988-02-01,1988-03-01,BIG LoBM,-4.5994
1988-02-01,1988-03-01,ME5 BM2,-4.2419
1988-02-01,1988-03-01,ME5 BM3,-3.9845
1988-02-01,1988-03-01,ME5 BM4,-3.8124
1988-02-01,1988-03-01,BIG HiBM,-0.3902
1988-03-01,1988-04-01,SMALL LoBM,0.9058
1988-03-01,1988-04-01,ME1 BM2,1.2214
1988-03-01,1988-04-01,ME1 BM3,2.6531
1988-03-01,1988-04-01,ME1 BM4,0.9377
1988-03-01,1988-04-01,SMALL HiBM,3.8302
1988-03-01,1988-04-01,ME2 BM1,2.164
1988-03-01,1988-04-01,ME2 BM2,4.6141
1988-03-01,1988-04-01,ME2 BM3,2.6543
1988-03-01,1988-04-01,ME2 BM4,2.1204
1988-03-01,1988-04-01,ME2 BM5,2.1064
1988-03-01,1988-04-01,ME3 BM1,-0.8144
1988-03-01,1988-04-01,ME3 BM2,0.2356
1988-03-01,1988-04-01,ME3 BM3,1.9123
1988-03-01,1988-04-01,ME3 BM4,0.4455
1988-03-01,1988-04-01,ME3 BM5,2.3526
1988-03-01,1988-04-01,ME4 BM1,-0.2338
1988-03-01,1988-04-01,ME4 BM2,0.6536
1988-03-01,1988-04-01,ME4 BM3,1.8558
1988-03-01,1988-04-01,ME4 BM4,-0.6418
1988-03-01,1988-04-01,ME4 BM5,0.7152
1988-03-01,1988-04-01,BIG LoBM,-0.7468
1988-03-01,1988-04-01,ME5 BM2,1.1248
1988-03-01,1988-04-01,ME5 BM3,1.1106
1988-03-01,1988-04-01,ME5 BM4,2.4639
1988-03-01,1988-04-01,BIG HiBM,2.0338
1988-04-01,1988-05-01,SMALL LoBM,-3.624
1988-04-01,1988-05-01,ME1 BM2,-1.9474
1988-04-01,1988-05-01,ME1 BM3,-1.1539
1988-04-01,1988-05-01,ME1 BM4,-1.6696
1988-04-01,1988-05-01,SMALL HiBM,-0.8722
1988-04-01,1988-05-01,ME2 BM1,-4.4324
1988-04-01,1988-05-01,ME2 BM2,-2.3332
1988-04-01,1988-05-01,ME2 BM3,-2.5817
1988-04-01,1988-05-01,ME2 BM4,-1.038
1988-04-01,1988-05-01,ME2 BM5,-0.5019
1988-04-01,1988-05-01,ME3 BM1,-0.6991
1988-04-01,1988-05-01,ME3 BM2,-1.755
1988-04-01,1988-05-01,ME3 BM3,-1.0654
1988-04-01,1988-05-01,ME3 BM4,1.4008
1988-04-01,1988-05-01,ME3 BM5,0.8733
1988-04-01,1988-05-01,ME4 BM1,-1.1265
1988-04-01,1988-05-01,ME4 BM2,-0.6642
1988-04-01,1988-05-01,ME4 BM3,-0.4235
1988-04-01,1988-05-01,ME4 BM4,2.2826
1988-04-01,1988-05-01,ME4 BM5,1.2137
1988-04-01,1988-05-01,BIG LoBM,0.1123
1988-04-01,1988-05-01,ME5 BM2,0.2983
1988-04-01,1988-05-01,ME5 BM3,-0.2657
1988-04-01,1988-05-01,ME5 BM4,2.5255
1988-04-01,1988-05-01,BIG HiBM,2.0945
1988-05-01,1988-06-01,SMALL LoBM,6.4487
1988-05-01,1988-06-01,ME1 BM2,6.7027
1988-05-01,1988-06-01,ME1 BM3,5.9327
1988-05-01,1988-06-01,ME1 BM4,6.2989
1988-05-01,1988-06-01,SMALL HiBM,4.7497
1988-05-01,1988-06-01,ME2 BM1,7.3027
1988-05-01,1988-06-01,ME2 BM2,11.0642
1988-05-01,1988-06-01,ME2 BM3,8.0147
1988-05-01,1988-06-01,ME2 BM4,5.5461
1988-05-01,1988-06-01,ME2 BM5,8.4565
1988-05-01,1988-06-01,ME3 BM1,7.003
1988-05-01,1988-06-01,ME3 BM2,7.5026
1988-05-01,1988-06-01,ME3 BM3,6.5443
1988-05-01,1988-06-01,ME3 BM4,5.9777
1988-05-01,1988-06-01,ME3 BM5,4.9836
1988-05-01,1988-06-01,ME4 BM1,7.5049
1988-05-01,1988-06-01,ME4 BM2,6.4045
1988-05-01,1988-06-01,ME4 BM3,6.4769
1988-05-01,1988-06-01,ME4 BM4,3.9721
1988-05-01,1988-06-01,ME4 BM5,8.3846
1988-05-01,1988-06-01,BIG LoBM,4.1727
1988-05-01,1988-06-01,ME5 BM2,7.0585
1988-05-01,1988-06-01,ME5 BM3,5.5746
1988-05-01,1988-06-01,ME5 BM4,3.0829
1988-05-01,1988-06-01,BIG HiBM,3.0081
1988-06-01,1988-07-01,SMALL LoBM,-0.9258
1988-06-01,1988-07-01,ME1 BM2,-0.6494
1988-06-01,1988-07-01,ME1 BM3,-0.7159
1988-06-01,1988-07-01,ME1 BM4,1.1099
1988-06-01,1988-07-01,SMALL HiBM,-1.1529
1988-06-01,1988-07-01,ME2 BM1,-2.7348
1988-06-01,1988-07-01,ME2 BM2,-2.1949
1988-06-01,1988-07-01,ME2 BM3,-0.0077
1988-06-01,1988-07-01,ME2 BM4,0.3975
1988-06-01,1988-07-01,ME2 BM5,0.9014
1988-06-01,1988-07-01,ME3 BM1,-4.1304
1988-06-01,1988-07-01,ME3 BM2,-2.0656
1988-06-01,1988-07-01,ME3 BM3,-1.6738
1988-06-01,1988-07-01,ME3 BM4,0.1009
1988-06-01,1988-07-01,ME3 BM5,-0.3676
1988-06-01,1988-07-01,ME4 BM1,-3.1556
1988-06-01,1988-07-01,ME4 BM2,-3.1814
1988-06-01,1988-07-01,ME4 BM3,-0.727
1988-06-01,1988-07-01,ME4 BM4,0.0681
1988-06-01,1988-07-01,ME4 BM5,0.2879
1988-06-01,1988-07-01,BIG LoBM,-0.9992
1988-06-01,1988-07-01,ME5 BM2,-0.8908
1988-06-01,1988-07-01,ME5 BM3,0.4092
1988-06-01,1988-07-01,ME5 BM4,0.0383
1988-06-01,1988-07-01,BIG HiBM,0.8872
1988-07-01,1988-08-01,SMALL LoBM,-4.0758
1988-07-01,1988-08-01,ME1 BM2,-2.5584
1988-07-01,1988-08-01,ME1 BM3,-1.0319
1988-07-01,1988-08-01,ME1 BM4,-1.4882
1988-07-01,1988-08-01,SMALL HiBM,-2.0143
1988-07-01,1988-08-01,ME2 BM1,-4.2831
1988-07-01,1988-08-01,ME2 BM2,-4.2993
1988-07-01,1988-08-01,ME2 BM3,-2.0233
1988-07-01,1988-08-01,ME2 BM4,-0.8056
1988-07-01,1988-08-01,ME2 BM5,-0.7618
1988-07-01,1988-08-01,ME3 BM1,-4.0776
1988-07-01,1988-08-01,ME3 BM2,-2.634
1988-07-01,1988-08-01,ME3 BM3,-2.1773
1988-07-01,1988-08-01,ME3 BM4,0.1235
1988-07-01,1988-08-01,ME3 BM5,-1.0016
1988-07-01,1988-08-01,ME4 BM1,-3.6067
1988-07-01,1988-08-01,ME4 BM2,-3.1034
1988-07-01,1988-08-01,ME4 BM3,-1.1772
1988-07-01,1988-08-01,ME4 BM4,0.1727
1988-07-01,1988-08-01,ME4 BM5,1.357
1988-07-01,1988-08-01,BIG LoBM,-2.8421
1988-07-01,1988-08-01,ME5 BM2,-5.174
1988-07-01,1988-08-01,ME5 BM3,-2.4979
1988-07-01,1988-08-01,ME5 BM4,-1.3521
1988-07-01,1988-08-01,BIG HiBM,-3.1746
1988-08-01,1988-09-01,SMALL LoBM,0.9328
1988-08-01,1988-09-01,ME1 BM2,3.2451
1988-08-01,1988-09-01,ME1 BM3,2.4683
1988-08-01,1988-09-01,ME1 BM4,1.9477
1988-08-01,1988-09-01,SMALL HiBM,2.5737
1988-08-01,1988-09-01,ME2 BM1,2.8166
1988-08-01,1988-09-01,ME2 BM2,2.7753
1988-08-01,1988-09-01,ME2 BM3,2.8129
1988-08-01,1988-09-01,ME2 BM4,2.9447
1988-08-01,1988-09-01,ME2 BM5,2.759
1988-08-01,1988-09-01,ME3 BM1,3.6286
1988-08-01,1988-09-01,ME3 BM2,2.2917
1988-08-01,1988-09-01,ME3 BM3,2.732
1988-08-01,1988-09-01,ME3 BM4,1.5187
1988-08-01,1988-09-01,ME3 BM5,3.0535
1988-08-01,1988-09-01,ME4 BM1,4.5687
1988-08-01,1988-09-01,ME4 BM2,1.5545
1988-08-01,1988-09-01,ME4 BM3,3.9021
1988-08-01,1988-09-01,ME4 BM4,1.9898
1988-08-01,1988-09-01,ME4 BM5,4.602
1988-08-01,1988-09-01,BIG LoBM,5.7496
1988-08-01,1988-09-01,ME5 BM2,5.4294
1988-08-01,1988-09-01,ME5 BM3,2.026
1988-08-01,1988-09-01,ME5 BM4,4.073
1988-08-01,1988-09-01,BIG HiBM,4.0313
1988-09-01,1988-10-01,SMALL LoBM,-3.016
1988-09-01,1988-10-01,ME1 BM2,-1.9232
1988-09-01,1988-10-01,ME1 BM3,-1.0456
1988-09-01,1988-10-01,ME1 BM4,-2.3548
1988-09-01,1988-10-01,SMALL HiBM,-0.8135
1988-09-01,1988-10-01,ME2 BM1,-2.2288
1988-09-01,1988-10-01,ME2 BM2,-0.4616
1988-09-01,1988-10-01,ME2 BM3,0.3767
1988-09-01,1988-10-01,ME2 BM4,0.1704
1988-09-01,1988-10-01,ME2 BM5,-0.5586
1988-09-01,1988-10-01,ME3 BM1,-1.6776
1988-09-01,1988-10-01,ME3 BM2,0.1696
1988-09-01,1988-10-01,ME3 BM3,0.8225
1988-09-01,1988-10-01,ME3 BM4,0.8423
1988-09-01,1988-10-01,ME3 BM5,2.508
1988-09-01,1988-10-01,ME4 BM1,-1.3426
1988-09-01,1988-10-01,ME4 BM2,0.701
1988-09-01,1988-10-01,ME4 BM3,0.849
1988-09-01,1988-10-01,ME4 BM4,1.052
1988-09-01,1988-10-01,ME4 BM5,2.573
1988-09-01,1988-10-01,BIG LoBM,1.8429
1988-09-01,1988-10-01,ME5 BM2,5.5025
1988-09-01,1988-10-01,ME5 BM3,1.6125
1988-09-01,1988-10-01,ME5 BM4,2.4157
1988-09-01,1988-10-01,BIG HiBM,4.1992
1988-10-01,1988-11-01,SMALL LoBM,-4.8943
1988-10-01,1988-11-01,ME1 BM2,-4.5507
1988-10-01,1988-11-01,ME1 BM3,-3.3379
1988-10-01,1988-11-01,ME1 BM4,-3.3825
1988-10-01,1988-11-01,SMALL HiBM,-4.2408
1988-10-01,1988-11-01,ME2 BM1,-4.0432
1988-10-01,1988-11-01,ME2 BM2,-3.2929
1988-10-01,1988-11-01,ME2 BM3,-1.7315
1988-10-01,1988-11-01,ME2 BM4,-3.1106
1988-10-01,1988-11-01,ME2 BM5,-2.1062
1988-10-01,1988-11-01,ME3 BM1,-2.8965
1988-10-01,1988-11-01,ME3 BM2,-2.6854
1988-10-01,1988-11-01,ME3 BM3,-3.8188
1988-10-01,1988-11-01,ME3 BM4,-0.9052
1988-10-01,1988-11-01,ME3 BM5,-1.4685
1988-10-01,1988-11-01,ME4 BM1,-1.6687
1988-10-01,1988-11-01,ME4 BM2,-2.3842
1988-10-01,1988-11-01,ME4 BM3,-3.4775
1988-10-01,1988-11-01,ME4 BM4,-1.6541
1988-10-01,1988-11-01,ME4 BM5,-1.13
1988-10-01,1988-11-01,BIG LoBM,-1.8879
1988-10-01,1988-11-01,ME5 BM2,-1.0499
1988-10-01,1988-11-01,ME5 BM3,-1.8589
1988-10-01,1988-11-01,ME5 BM4,-0.5035
1988-10-01,1988-11-01,BIG HiBM,0.3435
1988-11-01,1988-12-01,SMALL LoBM,1.7273
1988-11-01,1988-12-01,ME1 BM2,4.4822
1988-11-01,1988-12-01,ME1 BM3,3.174
1988-11-01,1988-12-01,ME1 BM4,4.8186
1988-11-01,1988-12-01,SMALL HiBM,2.5059
1988-11-01,1988-12-01,ME2 BM1,5.2121
1988-11-01,1988-12-01,ME2 BM2,4.3598
1988-11-01,1988-12-01,ME2 BM3,3.9917
1988-11-01,1988-12-01,ME2 BM4,4.5223
1988-11-01,1988-12-01,ME2 BM5,2.6211
1988-11-01,1988-12-01,ME3 BM1,4.3665
1988-11-01,1988-12-01,ME3 BM2,3.9613
1988-11-01,1988-12-01,ME3 BM3,3.2119
1988-11-01,1988-12-01,ME3 BM4,2.4593
1988-11-01,1988-12-01,ME3 BM5,2.6713
1988-11-01,1988-12-01,ME4 BM1,3.1319
1988-11-01,1988-12-01,ME4 BM2,3.2848
1988-11-01,1988-12-01,ME4 BM3,1.5395
1988-11-01,1988-12-01,ME4 BM4,2.0763
1988-11-01,1988-12-01,ME4 BM5,-0.7267
1988-11-01,1988-12-01,BIG LoBM,2.603
1988-11-01,1988-12-01,ME5 BM2,2.0635
1988-11-01,1988-12-01,ME5 BM3,1.8137
1988-11-01,1988-12-01,ME5 BM4,0.5443
1988-11-01,1988-12-01,BIG HiBM,0.0206
1988-12-01,1989-01-01,SMALL LoBM,5.06
1988-12-01,1989-01-01,ME1 BM2,5.8583
1988-12-01,1989-01-01,ME1 BM3,4.517
1988-12-01,1989-01-01,ME1 BM4,4.4993
1988-12-01,1989-01-01,SMALL HiBM,5.4504
1988-12-01,1989-01-01,ME2 BM1,3.8418
1988-12-01,1989-01-01,ME2 BM2,4.8665
1988-12-01,1989-01-01,ME2 BM3,4.7611
1988-12-01,1989-01-01,ME2 BM4,3.6069
1988-12-01,1989-01-01,ME2 BM5,7.2897
1988-12-01,1989-01-01,ME3 BM1,4.7654
1988-12-01,1989-01-01,ME3 BM2,5.3077
1988-12-01,1989-01-01,ME3 BM3,5.0838
1988-12-01,1989-01-01,ME3 BM4,4.0832
1988-12-01,1989-01-01,ME3 BM5,5.3175
1988-12-01,1989-01-01,ME4 BM1,4.8454
1988-12-01,1989-01-01,ME4 BM2,5.5691
1988-12-01,1989-01-01,ME4 BM3,5.8523
1988-12-01,1989-01-01,ME4 BM4,5.6769
1988-12-01,1989-01-01,ME4 BM5,8.5102
1988-12-01,1989-01-01,BIG LoBM,7.7253
1988-12-01,1989-01-01,ME5 BM2,6.8098
1988-12-01,1989-01-01,ME5 BM3,6.5596
1988-12-01,1989-01-01,ME5 BM4,6.3987
1988-12-01,1989-01-01,BIG HiBM,8.218
1989-01-01,1989-02-01,SMALL LoBM,-1.0525
1989-01-01,1989-02-01,ME1 BM2,0.052
1989-01-01,1989-02-01,ME1 BM3,0.8456
1989-01-01,1989-02-01,ME1 BM4,1.4252
1989-01-01,1989-02-01,SMALL HiBM,1.6319
1989-01-01,1989-02-01,ME2 BM1,1.0417
1989-01-01,1989-02-01,ME2 BM2,1.7417
1989-01-01,1989-02-01,ME2 BM3,1.4444
1989-01-01,1989-02-01,ME2 BM4,0.9793
1989-01-01,1989-02-01,ME2 BM5,1.5749
1989-01-01,1989-02-01,ME3 BM1,0.1172
1989-01-01,1989-02-01,ME3 BM2,0.6549
1989-01-01,1989-02-01,ME3 BM3,0.1769
1989-01-01,1989-02-01,ME3 BM4,1.4549
1989-01-01,1989-02-01,ME3 BM5,0.1895
1989-01-01,1989-02-01,ME4 BM1,-0.3302
1989-01-01,1989-02-01,ME4 BM2,0.0073
1989-01-01,1989-02-01,ME4 BM3,-0.9874
1989-01-01,1989-02-01,ME4 BM4,0.3369
1989-01-01,1989-02-01,ME4 BM5,1.3955
1989-01-01,1989-02-01,BIG LoBM,-3.0898
1989-01-01,1989-02-01,ME5 BM2,-2.7628
1989-01-01,1989-02-01,ME5 BM3,-2.6185
1989-01-01,1989-02-01,ME5 BM4,-1.6959
1989-01-01,1989-02-01,BIG HiBM,-2.5674
1989-02-01,1989-03-01,SMALL LoBM,1.1495
1989-02-01,1989-03-01,ME1 BM2,3.1448
1989-02-01,1989-03-01,ME1 BM3,4.7995
1989-02-01,1989-03-01,ME1 BM4,2.4302
1989-02-01,1989-03-01,SMALL HiBM,2.9296
1989-02-01,1989-03-01,ME2 BM1,1.6641
1989-02-01,1989-03-01,ME2 BM2,2.1112
1989-02-01,1989-03-01,ME2 BM3,2.4172
1989-02-01,1989-03-01,ME2 BM4,1.5859
1989-02-01,1989-03-01,ME2 BM5,3.2846
1989-02-01,1989-03-01,ME3 BM1,2.3214
1989-02-01,1989-03-01,ME3 BM2,1.6123
1989-02-01,1989-03-01,ME3 BM3,1.44
1989-02-01,1989-03-01,ME3 BM4,3.2012
1989-02-01,1989-03-01,ME3 BM5,2.7228
1989-02-01,1989-03-01,ME4 BM1,-0.2526
1989-02-01,1989-03-01,ME4 BM2,1.7889
1989-02-01,1989-03-01,ME4 BM3,3.1438
1989-02-01,1989-03-01,ME4 BM4,0.6397
1989-02-01,1989-03-01,ME4 BM5,3.4532
1989-02-01,1989-03-01,BIG LoBM,2.9154
1989-02-01,1989-03-01,ME5 BM2,0.5425
1989-02-01,1989-03-01,ME5 BM3,3.9884
1989-02-01,1989-03-01,ME5 BM4,2.716
1989-02-01,1989-03-01,BIG HiBM,1.1432
1989-03-01,1989-04-01,SMALL LoBM,2.6714
1989-03-01,1989-04-01,ME1 BM2,3.1799
1989-03-01,1989-04-01,ME1 BM3,3.8454
1989-03-01,1989-04-01,ME1 BM4,2.7358
1989-03-01,1989-04-01,SMALL HiBM,2.7565
1989-03-01,1989-04-01,ME2 BM1,4.7283
1989-03-01,1989-04-01,ME2 BM2,4.8171
1989-03-01,1989-04-01,ME2 BM3,5.0011
1989-03-01,1989-04-01,ME2 BM4,2.6521
1989-03-01,1989-04-01,ME2 BM5,5.3366
1989-03-01,1989-04-01,ME3 BM1,5.5725
1989-03-01,1989-04-01,ME3 BM2,3.979
1989-03-01,1989-04-01,ME3 BM3,4.6457
1989-03-01,1989-04-01,ME3 BM4,3.9762
1989-03-01,1989-04-01,ME3 BM5,3.8186
1989-03-01,1989-04-01,ME4 BM1,6.2484
1989-03-01,1989-04-01,ME4 BM2,5.3007
1989-03-01,1989-04-01,ME4 BM3,4.0954
1989-03-01,1989-04-01,ME4 BM4,5.4453
1989-03-01,1989-04-01,ME4 BM5,5.5708
1989-03-01,1989-04-01,BIG LoBM,6.1189
1989-03-01,1989-04-01,ME5 BM2,5.1362
1989-03-01,1989-04-01,ME5 BM3,4.9834
1989-03-01,1989-04-01,ME5 BM4,4.431
1989-03-01,1989-04-01,BIG HiBM,3.6392
1989-04-01,1989-05-01,SMALL LoBM,2.6471
1989-04-01,1989-05-01,ME1 BM2,5.8114
1989-04-01,1989-05-01,ME1 BM3,2.4411
1989-04-01,1989-05-01,ME1 BM4,3.5171
1989-04-01,1989-05-01,SMALL HiBM,3.501
1989-04-01,1989-05-01,ME2 BM1,5.0522
1989-04-01,1989-05-01,ME2 BM2,2.2762
1989-04-01,1989-05-01,ME2 BM3,4.4724
1989-04-01,1989-05-01,ME2 BM4,3.6722
1989-04-01,1989-05-01,ME2 BM5,3.6668
1989-04-01,1989-05-01,ME3 BM1,5.7885
1989-04-01,1989-05-01,ME3 BM2,4.578
1989-04-01,1989-05-01,ME3 BM3,3.8154
1989-04-01,1989-05-01,ME3 BM4,4.0874
1989-04-01,1989-05-01,ME3 BM5,4.0017
1989-04-01,1989-05-01,ME4 BM1,4.5729
1989-04-01,1989-05-01,ME4 BM2,2.866
1989-04-01,1989-05-01,ME4 BM3,3.4186
1989-04-01,1989-05-01,ME4 BM4,4.0004
1989-04-01,1989-05-01,ME4 BM5,5.9809
1989-04-01,1989-05-01,BIG LoBM,4.72
1989-04-01,1989-05-01,ME5 BM2,2.8686
1989-04-01,1989-05-01,ME5 BM3,4.4969
1989-04-01,1989-05-01,ME5 BM4,4.3522
1989-04-01,1989-05-01,BIG HiBM,3.288
1989-05-01,1989-06-01,SMALL LoBM,-3.3378
1989-05-01,1989-06-01,ME1 BM2,-1.6977
1989-05-01,1989-06-01,ME1 BM3,-2.5781
1989-05-01,1989-06-01,ME1 BM4,0.7772
1989-05-01,1989-06-01,SMALL HiBM,0.558
1989-05-01,1989-06-01,ME2 BM1,-4.535
1989-05-01,1989-06-01,ME2 BM2,-1.389
1989-05-01,1989-06-01,ME2 BM3,-0.7673
1989-05-01,1989-06-01,ME2 BM4,-0.5293
1989-05-01,1989-06-01,ME2 BM5,-1.7878
1989-05-01,1989-06-01,ME3 BM1,-3.317
1989-05-01,1989-06-01,ME3 BM2,-1.5074
1989-05-01,1989-06-01,ME3 BM3,-1.2679
1989-05-01,1989-06-01,ME3 BM4,0.3389
1989-05-01,1989-06-01,ME3 BM5,2.1948
1989-05-01,1989-06-01,ME4 BM1,-1.939
1989-05-01,1989-06-01,ME4 BM2,-1.5341
1989-05-01,1989-06-01,ME4 BM3,0.2037
1989-05-01,1989-06-01,ME4 BM4,2.085
1989-05-01,1989-06-01,ME4 BM5,3.2801
1989-05-01,1989-06-01,BIG LoBM,-0.6685
1989-05-01,1989-06-01,ME5 BM2,-0.2562
1989-05-01,1989-06-01,ME5 BM3,-1.3384
1989-05-01,1989-06-01,ME5 BM4,-0.5833
1989-05-01,1989-06-01,BIG HiBM,0.8856
1989-06-01,1989-07-01,SMALL LoBM,2.7303
1989-06-01,1989-07-01,ME1 BM2,4.7316
1989-06-01,1989-07-01,ME1 BM3,2.3852
1989-06-01,1989-07-01,ME1 BM4,3.1269
1989-06-01,1989-07-01,SMALL HiBM,1.6378
1989-06-01,1989-07-01,ME2 BM1,5.4497
1989-06-01,1989-07-01,ME2 BM2,4.9911
1989-06-01,1989-07-01,ME2 BM3,3.2952
1989-06-01,1989-07-01,ME2 BM4,3.9166
1989-06-01,1989-07-01,ME2 BM5,3.0958
1989-06-01,1989-07-01,ME3 BM1,5.2991
1989-06-01,1989-07-01,ME3 BM2,4.8594
1989-06-01,1989-07-01,ME3 BM3,3.1931
1989-06-01,1989-07-01,ME3 BM4,5.0084
1989-06-01,1989-07-01,ME3 BM5,3.3036
1989-06-01,1989-07-01,ME4 BM1,8.4678
1989-06-01,1989-07-01,ME4 BM2,8.5664
1989-06-01,1989-07-01,ME4 BM3,6.254
1989-06-01,1989-07-01,ME4 BM4,5.9907
1989-06-01,1989-07-01,ME4 BM5,6.5102
1989-06-01,1989-07-01,BIG LoBM,11.5393
1989-06-01,1989-07-01,ME5 BM2,9.5053
1989-06-01,1989-07-01,ME5 BM3,6.7601
1989-06-01,1989-07-01,ME5 BM4,7.8162
1989-06-01,1989-07-01,BIG HiBM,6.6859
1989-07-01,1989-08-01,SMALL LoBM,2.301
1989-07-01,1989-08-01,ME1 BM2,0.0727
1989-07-01,1989-08-01,ME1 BM3,0.6723
1989-07-01,1989-08-01,ME1 BM4,2.3962
1989-07-01,1989-08-01,SMALL HiBM,1.6911
1989-07-01,1989-08-01,ME2 BM1,3.2104
1989-07-01,1989-08-01,ME2 BM2,2.8811
1989-07-01,1989-08-01,ME2 BM3,3.4793
1989-07-01,1989-08-01,ME2 BM4,3.6675
1989-07-01,1989-08-01,ME2 BM5,2.5917
1989-07-01,1989-08-01,ME3 BM1,3.0971
1989-07-01,1989-08-01,ME3 BM2,2.6965
1989-07-01,1989-08-01,ME3 BM3,5.1412
1989-07-01,1989-08-01,ME3 BM4,3.0851
1989-07-01,1989-08-01,ME3 BM5,2.1543
1989-07-01,1989-08-01,ME4 BM1,3.6325
1989-07-01,1989-08-01,ME4 BM2,4.0138
1989-07-01,1989-08-01,ME4 BM3,3.4869
1989-07-01,1989-08-01,ME4 BM4,3.6029
1989-07-01,1989-08-01,ME4 BM5,1.2493
1989-07-01,1989-08-01,BIG LoBM,-0.1183
1989-07-01,1989-08-01,ME5 BM2,2.2847
1989-07-01,1989-08-01,ME5 BM3,2.9732
1989-07-01,1989-08-01,ME5 BM4,1.6656
1989-07-01,1989-08-01,BIG HiBM,2.9557
1989-08-01,1989-09-01,SMALL LoBM,1.1873
1989-08-01,1989-09-01,ME1 BM2,-0.5997
1989-08-01,1989-09-01,ME1 BM3,-0.2909
1989-08-01,1989-09-01,ME1 BM4,0.5229
1989-08-01,1989-09-01,SMALL HiBM,-0.5128
1989-08-01,1989-09-01,ME2 BM1,2.3389
1989-08-01,1989-09-01,ME2 BM2,0.204
1989-08-01,1989-09-01,ME2 BM3,0.6788
1989-08-01,1989-09-01,ME2 BM4,0.7897
1989-08-01,1989-09-01,ME2 BM5,-1.0011
1989-08-01,1989-09-01,ME3 BM1,1.5016
1989-08-01,1989-09-01,ME3 BM2,-1.53
1989-08-01,1989-09-01,ME3 BM3,-1.3321
1989-08-01,1989-09-01,ME3 BM4,-0.2413
1989-08-01,1989-09-01,ME3 BM5,-0.8467
1989-08-01,1989-09-01,ME4 BM1,0.342
1989-08-01,1989-09-01,ME4 BM2,-3.13
1989-08-01,1989-09-01,ME4 BM3,-3.4447
1989-08-01,1989-09-01,ME4 BM4,-0.7724
1989-08-01,1989-09-01,ME4 BM5,0.6437
1989-08-01,1989-09-01,BIG LoBM,1.0341
1989-08-01,1989-09-01,ME5 BM2,-0.8629
1989-08-01,1989-09-01,ME5 BM3,0.1395
1989-08-01,1989-09-01,ME5 BM4,0.7301
1989-08-01,1989-09-01,BIG HiBM,-0.5604
1989-09-01,1989-10-01,SMALL LoBM,-5.0704
1989-09-01,1989-10-01,ME1 BM2,-5.5676
1989-09-01,1989-10-01,ME1 BM3,-4.9729
1989-09-01,1989-10-01,ME1 BM4,-4.5247
1989-09-01,1989-10-01,SMALL HiBM,-6.6495
1989-09-01,1989-10-01,ME2 BM1,-5.1608
1989-09-01,1989-10-01,ME2 BM2,-6.8204
1989-09-01,1989-10-01,ME2 BM3,-4.9482
1989-09-01,1989-10-01,ME2 BM4,-5.677
1989-09-01,1989-10-01,ME2 BM5,-7.8125
1989-09-01,1989-10-01,ME3 BM1,-3.7174
1989-09-01,1989-10-01,ME3 BM2,-5.9358
1989-09-01,1989-10-01,ME3 BM3,-6.4486
1989-09-01,1989-10-01,ME3 BM4,-4.8897
1989-09-01,1989-10-01,ME3 BM5,-5.2281
1989-09-01,1989-10-01,ME4 BM1,-2.8216
1989-09-01,1989-10-01,ME4 BM2,-4.273
1989-09-01,1989-10-01,ME4 BM3,-6.9545
1989-09-01,1989-10-01,ME4 BM4,-3.0998
1989-09-01,1989-10-01,ME4 BM5,-4.4764
1989-09-01,1989-10-01,BIG LoBM,0.173
1989-09-01,1989-10-01,ME5 BM2,-3.497
1989-09-01,1989-10-01,ME5 BM3,-2.7171
1989-09-01,1989-10-01,ME5 BM4,-3.2296
1989-09-01,1989-10-01,BIG HiBM,-0.2334
1989-10-01,1989-11-01,SMALL LoBM,-0.5721
1989-10-01,1989-11-01,ME1 BM2,0.0017
1989-10-01,1989-11-01,ME1 BM3,-0.6324
1989-10-01,1989-11-01,ME1 BM4,-0.2423
1989-10-01,1989-11-01,SMALL HiBM,-0.97
1989-10-01,1989-11-01,ME2 BM1,0.3239
1989-10-01,1989-11-01,ME2 BM2,1.4825
1989-10-01,1989-11-01,ME2 BM3,0.7141
1989-10-01,1989-11-01,ME2 BM4,1.6892
1989-10-01,1989-11-01,ME2 BM5,-0.8631
1989-10-01,1989-11-01,ME3 BM1,1.6033
1989-10-01,1989-11-01,ME3 BM2,2.2806
1989-10-01,1989-11-01,ME3 BM3,-0.2544
1989-10-01,1989-11-01,ME3 BM4,0.935
1989-10-01,1989-11-01,ME3 BM5,2.536
1989-10-01,1989-11-01,ME4 BM1,2.3154
1989-10-01,1989-11-01,ME4 BM2,1.8662
1989-10-01,1989-11-01,ME4 BM3,0.3847
1989-10-01,1989-11-01,ME4 BM4,0.6694
1989-10-01,1989-11-01,ME4 BM5,0.6934
1989-10-01,1989-11-01,BIG LoBM,1.9133
1989-10-01,1989-11-01,ME5 BM2,2.4143
1989-10-01,1989-11-01,ME5 BM3,2.7205
1989-10-01,1989-11-01,ME5 BM4,1.232
1989-10-01,1989-11-01,BIG HiBM,0.8203
1989-11-01,1989-12-01,SMALL LoBM,-0.6367
1989-11-01,1989-12-01,ME1 BM2,-1.008
1989-11-01,1989-12-01,ME1 BM3,-1.0589
1989-11-01,1989-12-01,ME1 BM4,-0.8125
1989-11-01,1989-12-01,SMALL HiBM,-1.6903
1989-11-01,1989-12-01,ME2 BM1,1.0025
1989-11-01,1989-12-01,ME2 BM2,-0.1258
1989-11-01,1989-12-01,ME2 BM3,0.8811
1989-11-01,1989-12-01,ME2 BM4,0.7154
1989-11-01,1989-12-01,ME2 BM5,0.3244
1989-11-01,1989-12-01,ME3 BM1,0.3608
1989-11-01,1989-12-01,ME3 BM2,0.507
1989-11-01,1989-12-01,ME3 BM3,-1.4869
1989-11-01,1989-12-01,ME3 BM4,1.9106
1989-11-01,1989-12-01,ME3 BM5,0.2735
1989-11-01,1989-12-01,ME4 BM1,2.5303
1989-11-01,1989-12-01,ME4 BM2,2.0303
1989-11-01,1989-12-01,ME4 BM3,1.5839
1989-11-01,1989-12-01,ME4 BM4,1.3222
1989-11-01,1989-12-01,ME4 BM5,2.1198
1989-11-01,1989-12-01,BIG LoBM,0.6937
1989-11-01,1989-12-01,ME5 BM2,1.0035
1989-11-01,1989-12-01,ME5 BM3,4.5545
1989-11-01,1989-12-01,ME5 BM4,4.8918
1989-11-01,1989-12-01,BIG HiBM,1.0475
1989-12-01,1990-01-01,SMALL LoBM,-8.2364
1989-12-01,1990-01-01,ME1 BM2,-7.398
1989-12-01,1990-01-01,ME1 BM3,-5.1087
1989-12-01,1990-01-01,ME1 BM4,-6.6322
1989-12-01,1990-01-01,SMALL HiBM,-6.3022
1989-12-01,1990-01-01,ME2 BM1,-9.1557
1989-12-01,1990-01-01,ME2 BM2,-9.6597
1989-12-01,1990-01-01,ME2 BM3,-7.1938
1989-12-01,1990-01-01,ME2 BM4,-7.5154
1989-12-01,1990-01-01,ME2 BM5,-9.0147
1989-12-01,1990-01-01,ME3 BM1,-9.633
1989-12-01,1990-01-01,ME3 BM2,-9.2108
1989-12-01,1990-01-01,ME3 BM3,-7.97
1989-12-01,1990-01-01,ME3 BM4,-6.5611
1989-12-01,1990-01-01,ME3 BM5,-7.696
1989-12-01,1990-01-01,ME4 BM1,-7.0273
1989-12-01,1990-01-01,ME4 BM2,-5.3589
1989-12-01,1990-01-01,ME4 BM3,-8.5868
1989-12-01,1990-01-01,ME4 BM4,-8.5147
1989-12-01,1990-01-01,ME4 BM5,-9.9603
1989-12-01,1990-01-01,BIG LoBM,-7.6333
1989-12-01,1990-01-01,ME5 BM2,-5.7648
1989-12-01,1990-01-01,ME5 BM3,-7.1512
1989-12-01,1990-01-01,ME5 BM4,-7.3211
1989-12-01,1990-01-01,BIG HiBM,-5.8932
1990-01-01,1990-02-01,SMALL LoBM,1.9141
1990-01-01,1990-02-01,ME1 BM2,2.0787
1990-01-01,1990-02-01,ME1 BM3,1.1086
1990-01-01,1990-02-01,ME1 BM4,3.4487
1990-01-01,1990-02-01,SMALL HiBM,1.5145
1990-01-01,1990-02-01,ME2 BM1,3.3179
1990-01-01,1990-02-01,ME2 BM2,3.6562
1990-01-01,1990-02-01,ME2 BM3,2.8742
1990-01-01,1990-02-01,ME2 BM4,3.3203
1990-01-01,1990-02-01,ME2 BM5,2.3794
1990-01-01,1990-02-01,ME3 BM1,3.2731
1990-01-01,1990-02-01,ME3 BM2,3.5761
1990-01-01,1990-02-01,ME3 BM3,2.2408
1990-01-01,1990-02-01,ME3 BM4,1.2576
1990-01-01,1990-02-01,ME3 BM5,3.1374
1990-01-01,1990-02-01,ME4 BM1,1.6269
1990-01-01,1990-02-01,ME4 BM2,1.5777
1990-01-01,1990-02-01,ME4 BM3,1.4873
1990-01-01,1990-02-01,ME4 BM4,1.8295
1990-01-01,1990-02-01,ME4 BM5,3.5317
1990-01-01,1990-02-01,BIG LoBM,-0.0828
1990-01-01,1990-02-01,ME5 BM2,1.7983
1990-01-01,1990-02-01,ME5 BM3,2.3749
1990-01-01,1990-02-01,ME5 BM4,1.4147
1990-01-01,1990-02-01,BIG HiBM,2.0563
1990-02-01,1990-03-01,SMALL LoBM,4.2963
1990-02-01,1990-03-01,ME1 BM2,2.2911
1990-02-01,1990-03-01,ME1 BM3,2.4861
1990-02-01,1990-03-01,ME1 BM4,3.7168
1990-02-01,1990-03-01,SMALL HiBM,1.3778
1990-02-01,1990-03-01,ME2 BM1,4.6401
1990-02-01,1990-03-01,ME2 BM2,4.766
1990-02-01,1990-03-01,ME2 BM3,4.9896
1990-02-01,1990-03-01,ME2 BM4,3.1619
1990-02-01,1990-03-01,ME2 BM5,1.5408
1990-02-01,1990-03-01,ME3 BM1,5.1161
1990-02-01,1990-03-01,ME3 BM2,2.7948
1990-02-01,1990-03-01,ME3 BM3,3.0016
1990-02-01,1990-03-01,ME3 BM4,1.0625
1990-02-01,1990-03-01,ME3 BM5,-0.1866
1990-02-01,1990-03-01,ME4 BM1,3.7276
1990-02-01,1990-03-01,ME4 BM2,4.3154
1990-02-01,1990-03-01,ME4 BM3,1.9621
1990-02-01,1990-03-01,ME4 BM4,1.9239
1990-02-01,1990-03-01,ME4 BM5,-0.4494
1990-02-01,1990-03-01,BIG LoBM,3.8536
1990-02-01,1990-03-01,ME5 BM2,3.8098
1990-02-01,1990-03-01,ME5 BM3,0.4402
1990-02-01,1990-03-01,ME5 BM4,0.5368
1990-02-01,1990-03-01,BIG HiBM,1.2023
1990-03-01,1990-04-01,SMALL LoBM,-2.4945
1990-03-01,1990-04-01,ME1 BM2,-2.6502
1990-03-01,1990-04-01,ME1 BM3,-1.8765
1990-03-01,1990-04-01,ME1 BM4,-2.5562
1990-03-01,1990-04-01,SMALL HiBM,-3.5554
1990-03-01,1990-04-01,ME2 BM1,-4.0346
1990-03-01,1990-04-01,ME2 BM2,-3.5767
1990-03-01,1990-04-01,ME2 BM3,-1.9634
1990-03-01,1990-04-01,ME2 BM4,-3.0309
1990-03-01,1990-04-01,ME2 BM5,-5.5878
1990-03-01,1990-04-01,ME3 BM1,-2.3507
1990-03-01,1990-04-01,ME3 BM2,-1.8241
1990-03-01,1990-04-01,ME3 BM3,-3.4562
1990-03-01,1990-04-01,ME3 BM4,-5.3848
1990-03-01,1990-04-01,ME3 BM5,-5.9545
1990-03-01,1990-04-01,ME4 BM1,-2.8151
1990-03-01,1990-04-01,ME4 BM2,-4.173
1990-03-01,1990-04-01,ME4 BM3,-5.8558
1990-03-01,1990-04-01,ME4 BM4,-5.4795
1990-03-01,1990-04-01,ME4 BM5,-5.941
1990-03-01,1990-04-01,BIG LoBM,0.402
1990-03-01,1990-04-01,ME5 BM2,-1.3307
1990-03-01,1990-04-01,ME5 BM3,-3.7774
1990-03-01,1990-04-01,ME5 BM4,-4.1593
1990-03-01,1990-04-01,BIG HiBM,-4.1409
1990-04-01,1990-05-01,SMALL LoBM,8.5047
1990-04-01,1990-05-01,ME1 BM2,6.4747
1990-04-01,1990-05-01,ME1 BM3,5.9255
1990-04-01,1990-05-01,ME1 BM4,4.1918
1990-04-01,1990-05-01,SMALL HiBM,3.674
1990-04-01,1990-05-01,ME2 BM1,10.6511
1990-04-01,1990-05-01,ME2 BM2,8.7681
1990-04-01,1990-05-01,ME2 BM3,5.5877
1990-04-01,1990-05-01,ME2 BM4,5.5192
1990-04-01,1990-05-01,ME2 BM5,3.6412
1990-04-01,1990-05-01,ME3 BM1,9.3967
1990-04-01,1990-05-01,ME3 BM2,8.8237
1990-04-01,1990-05-01,ME3 BM3,7.5443
1990-04-01,1990-05-01,ME3 BM4,4.5683
1990-04-01,1990-05-01,ME3 BM5,6.4514
1990-04-01,1990-05-01,ME4 BM1,11.0156
1990-04-01,1990-05-01,ME4 BM2,7.8249
1990-04-01,1990-05-01,ME4 BM3,10.2134
1990-04-01,1990-05-01,ME4 BM4,7.4323
1990-04-01,1990-05-01,ME4 BM5,8.6495
1990-04-01,1990-05-01,BIG LoBM,11.6552
1990-04-01,1990-05-01,ME5 BM2,11.1217
1990-04-01,1990-05-01,ME5 BM3,7.7203
1990-04-01,1990-05-01,ME5 BM4,6.4604
1990-04-01,1990-05-01,BIG HiBM,7.6916
1990-05-01,1990-06-01,SMALL LoBM,1.0482
1990-05-01,1990-06-01,ME1 BM2,1.9821
1990-05-01,1990-06-01,ME1 BM3,2.6986
1990-05-01,1990-06-01,ME1 BM4,0.3864
1990-05-01,1990-06-01,SMALL HiBM,-0.3098
1990-05-01,1990-06-01,ME2 BM1,0.1356
1990-05-01,1990-06-01,ME2 BM2,0.8545
1990-05-01,1990-06-01,ME2 BM3,-1.0585
1990-05-01,1990-06-01,ME2 BM4,0.0984
1990-05-01,1990-06-01,ME2 BM5,-0.6113
1990-05-01,1990-06-01,ME3 BM1,1.9148
1990-05-01,1990-06-01,ME3 BM2,0.4718
1990-05-01,1990-06-01,ME3 BM3,-0.4066
1990-05-01,1990-06-01,ME3 BM4,-1.5806
1990-05-01,1990-06-01,ME3 BM5,-0.6125
1990-05-01,1990-06-01,ME4 BM1,0.5701
1990-05-01,1990-06-01,ME4 BM2,-1.7862
1990-05-01,1990-06-01,ME4 BM3,-1.9148
1990-05-01,1990-06-01,ME4 BM4,-1.7995
1990-05-01,1990-06-01,ME4 BM5,-0.0235
1990-05-01,1990-06-01,BIG LoBM,3.4341
1990-05-01,1990-06-01,ME5 BM2,-2.1376
1990-05-01,1990-06-01,ME5 BM3,-2.3266
1990-05-01,1990-06-01,ME5 BM4,-3.4862
1990-05-01,1990-06-01,BIG HiBM,-0.3006
1990-06-01,1990-07-01,SMALL LoBM,-4.744
1990-06-01,1990-07-01,ME1 BM2,-5.0232
1990-06-01,1990-07-01,ME1 BM3,-3.4949
1990-06-01,1990-07-01,ME1 BM4,-3.0361
1990-06-01,1990-07-01,SMALL HiBM,-4.5499
1990-06-01,1990-07-01,ME2 BM1,-5.4578
1990-06-01,1990-07-01,ME2 BM2,-3.8577
1990-06-01,1990-07-01,ME2 BM3,-4.4573
1990-06-01,1990-07-01,ME2 BM4,-2.5719
1990-06-01,1990-07-01,ME2 BM5,-4.6045
1990-06-01,1990-07-01,ME3 BM1,-4.513
1990-06-01,1990-07-01,ME3 BM2,-1.4347
1990-06-01,1990-07-01,ME3 BM3,-3.2212
1990-06-01,1990-07-01,ME3 BM4,-4.8545
1990-06-01,1990-07-01,ME3 BM5,-4.2532
1990-06-01,1990-07-01,ME4 BM1,-2.3518
1990-06-01,1990-07-01,ME4 BM2,-0.8425
1990-06-01,1990-07-01,ME4 BM3,-4.2729
1990-06-01,1990-07-01,ME4 BM4,-2.2639
1990-06-01,1990-07-01,ME4 BM5,-2.8179
1990-06-01,1990-07-01,BIG LoBM,-0.8405
1990-06-01,1990-07-01,ME5 BM2,-1.4978
1990-06-01,1990-07-01,ME5 BM3,2.1151
1990-06-01,1990-07-01,ME5 BM4,-1.4011
1990-06-01,1990-07-01,BIG HiBM,-2.0358
1990-07-01,1990-08-01,SMALL LoBM,-16.2887
1990-07-01,1990-08-01,ME1 BM2,-14.7542
1990-07-01,1990-08-01,ME1 BM3,-12.6509
1990-07-01,1990-08-01,ME1 BM4,-11.055
1990-07-01,1990-08-01,SMALL HiBM,-12.2331
1990-07-01,1990-08-01,ME2 BM1,-14.5432
1990-07-01,1990-08-01,ME2 BM2,-13.4333
1990-07-01,1990-08-01,ME2 BM3,-12.5463
1990-07-01,1990-08-01,ME2 BM4,-10.446
1990-07-01,1990-08-01,ME2 BM5,-11.1668
1990-07-01,1990-08-01,ME3 BM1,-13.8314
1990-07-01,1990-08-01,ME3 BM2,-13.398
1990-07-01,1990-08-01,ME3 BM3,-10.8023
1990-07-01,1990-08-01,ME3 BM4,-8.9066
1990-07-01,1990-08-01,ME3 BM5,-9.8377
1990-07-01,1990-08-01,ME4 BM1,-9.4743
1990-07-01,1990-08-01,ME4 BM2,-10.8971
1990-07-01,1990-08-01,ME4 BM3,-11.0439
1990-07-01,1990-08-01,ME4 BM4,-9.4744
1990-07-01,1990-08-01,ME4 BM5,-10.555
1990-07-01,1990-08-01,BIG LoBM,-8.6877
1990-07-01,1990-08-01,ME5 BM2,-10.1201
1990-07-01,1990-08-01,ME5 BM3,-6.6029
1990-07-01,1990-08-01,ME5 BM4,-9.5419
1990-07-01,1990-08-01,BIG HiBM,-10.5943
1990-08-01,1990-09-01,SMALL LoBM,-10.5087
1990-08-01,1990-09-01,ME1 BM2,-9.2336
1990-08-01,1990-09-01,ME1 BM3,-8.1034
1990-08-01,1990-09-01,ME1 BM4,-6.9004
1990-08-01,1990-09-01,SMALL HiBM,-8.6792
1990-08-01,1990-09-01,ME2 BM1,-9.8345
1990-08-01,1990-09-01,ME2 BM2,-9.0022
1990-08-01,1990-09-01,ME2 BM3,-8.7623
1990-08-01,1990-09-01,ME2 BM4,-6.9499
1990-08-01,1990-09-01,ME2 BM5,-8.5706
1990-08-01,1990-09-01,ME3 BM1,-9.4358
1990-08-01,1990-09-01,ME3 BM2,-7.1756
1990-08-01,1990-09-01,ME3 BM3,-6.7005
1990-08-01,1990-09-01,ME3 BM4,-8.1735
1990-08-01,1990-09-01,ME3 BM5,-8.18
1990-08-01,1990-09-01,ME4 BM1,-5.8495
1990-08-01,1990-09-01,ME4 BM2,-6.2793
1990-08-01,1990-09-01,ME4 BM3,-9.7384
1990-08-01,1990-09-01,ME4 BM4,-6.5355
1990-08-01,1990-09-01,ME4 BM5,-7.9525
1990-08-01,1990-09-01,BIG LoBM,-5.2159
1990-08-01,1990-09-01,ME5 BM2,-5.252
1990-08-01,1990-09-01,ME5 BM3,-1.515
1990-08-01,1990-09-01,ME5 BM4,-6.6357
1990-08-01,1990-09-01,BIG HiBM,-7.4339
1990-09-01,1990-10-01,SMALL LoBM,-6.6088
1990-09-01,1990-10-01,ME1 BM2,-6.65
1990-09-01,1990-10-01,ME1 BM3,-6.3207
1990-09-01,1990-10-01,ME1 BM4,-5.5214
1990-09-01,1990-10-01,SMALL HiBM,-7.2871
1990-09-01,1990-10-01,ME2 BM1,-6.3134
1990-09-01,1990-10-01,ME2 BM2,-5.2704
1990-09-01,1990-10-01,ME2 BM3,-4.3569
1990-09-01,1990-10-01,ME2 BM4,-4.1345
1990-09-01,1990-10-01,ME2 BM5,-7.5258
1990-09-01,1990-10-01,ME3 BM1,-5.0715
1990-09-01,1990-10-01,ME3 BM2,-4.9835
1990-09-01,1990-10-01,ME3 BM3,-4.1651
1990-09-01,1990-10-01,ME3 BM4,-2.5149
1990-09-01,1990-10-01,ME3 BM5,-4.8608
1990-09-01,1990-10-01,ME4 BM1,-0.6855
1990-09-01,1990-10-01,ME4 BM2,-3.3469
1990-09-01,1990-10-01,ME4 BM3,-7.3204
1990-09-01,1990-10-01,ME4 BM4,-1.2545
1990-09-01,1990-10-01,ME4 BM5,-2.3798
1990-09-01,1990-10-01,BIG LoBM,1.5293
1990-09-01,1990-10-01,ME5 BM2,-1.631
1990-09-01,1990-10-01,ME5 BM3,-0.972
1990-09-01,1990-10-01,ME5 BM4,0.432
1990-09-01,1990-10-01,BIG HiBM,0.9095
1990-10-01,1990-11-01,SMALL LoBM,3.5051
1990-10-01,1990-11-01,ME1 BM2,5.7029
1990-10-01,1990-11-01,ME1 BM3,4.0641
1990-10-01,1990-11-01,ME1 BM4,2.939
1990-10-01,1990-11-01,SMALL HiBM,1.6237
1990-10-01,1990-11-01,ME2 BM1,11.8491
1990-10-01,1990-11-01,ME2 BM2,6.1617
1990-10-01,1990-11-01,ME2 BM3,6.9913
1990-10-01,1990-11-01,ME2 BM4,6.9106
1990-10-01,1990-11-01,ME2 BM5,4.2688
1990-10-01,1990-11-01,ME3 BM1,10.9549
1990-10-01,1990-11-01,ME3 BM2,9.2039
1990-10-01,1990-11-01,ME3 BM3,7.7201
1990-10-01,1990-11-01,ME3 BM4,7.7843
1990-10-01,1990-11-01,ME3 BM5,7.0843
1990-10-01,1990-11-01,ME4 BM1,9.1257
1990-10-01,1990-11-01,ME4 BM2,7.8959
1990-10-01,1990-11-01,ME4 BM3,11.2655
1990-10-01,1990-11-01,ME4 BM4,9.1462
1990-10-01,1990-11-01,ME4 BM5,5.9001
1990-10-01,1990-11-01,BIG LoBM,6.4113
1990-10-01,1990-11-01,ME5 BM2,7.7426
1990-10-01,1990-11-01,ME5 BM3,5.9444
1990-10-01,1990-11-01,ME5 BM4,6.2304
1990-10-01,1990-11-01,BIG HiBM,4.3625
1990-11-01,1990-12-01,SMALL LoBM,0.3483
1990-11-01,1990-12-01,ME1 BM2,-0.1947
1990-11-01,1990-12-01,ME1 BM3,0.0694
1990-11-01,1990-12-01,ME1 BM4,2.2842
1990-11-01,1990-12-01,SMALL HiBM,0.3384
1990-11-01,1990-12-01,ME2 BM1,4.2667
1990-11-01,1990-12-01,ME2 BM2,5.8604
1990-11-01,1990-12-01,ME2 BM3,4.3178
1990-11-01,1990-12-01,ME2 BM4,4.0177
1990-11-01,1990-12-01,ME2 BM5,3.8772
1990-11-01,1990-12-01,ME3 BM1,6.7485
1990-11-01,1990-12-01,ME3 BM2,4.3869
1990-11-01,1990-12-01,ME3 BM3,3.6469
1990-11-01,1990-12-01,ME3 BM4,3.8469
1990-11-01,1990-12-01,ME3 BM5,3.301
1990-11-01,1990-12-01,ME4 BM1,3.9669
1990-11-01,1990-12-01,ME4 BM2,3.866
1990-11-01,1990-12-01,ME4 BM3,4.8848
1990-11-01,1990-12-01,ME4 BM4,4.417
1990-11-01,1990-12-01,ME4 BM5,3.3653
1990-11-01,1990-12-01,BIG LoBM,3.3358
1990-11-01,1990-12-01,ME5 BM2,3.7003
1990-11-01,1990-12-01,ME5 BM3,1.6735
1990-11-01,1990-12-01,ME5 BM4,2.3972
1990-11-01,1990-12-01,BIG HiBM,0.8096
1990-12-01,1991-01-01,SMALL LoBM,7.8057
1990-12-01,1991-01-01,ME1 BM2,7.1576
1990-12-01,1991-01-01,ME1 BM3,10.7585
1990-12-01,1991-01-01,ME1 BM4,8.8886
1990-12-01,1991-01-01,SMALL HiBM,11.1865
1990-12-01,1991-01-01,ME2 BM1,10.0161
1990-12-01,1991-01-01,ME2 BM2,6.6071
1990-12-01,1991-01-01,ME2 BM3,7.2899
1990-12-01,1991-01-01,ME2 BM4,6.3987
1990-12-01,1991-01-01,ME2 BM5,8.938
1990-12-01,1991-01-01,ME3 BM1,9.2578
1990-12-01,1991-01-01,ME3 BM2,9.1605
1990-12-01,1991-01-01,ME3 BM3,7.0495
1990-12-01,1991-01-01,ME3 BM4,7.9457
1990-12-01,1991-01-01,ME3 BM5,3.6878
1990-12-01,1991-01-01,ME4 BM1,8.401
1990-12-01,1991-01-01,ME4 BM2,4.0079
1990-12-01,1991-01-01,ME4 BM3,7.8052
1990-12-01,1991-01-01,ME4 BM4,4.3646
1990-12-01,1991-01-01,ME4 BM5,5.4534
1990-12-01,1991-01-01,BIG LoBM,5.1921
1990-12-01,1991-01-01,ME5 BM2,5.8633
1990-12-01,1991-01-01,ME5 BM3,1.9126
1990-12-01,1991-01-01,ME5 BM4,6.0378
1990-12-01,1991-01-01,BIG HiBM,3.9829
1991-01-01,1991-02-01,SMALL LoBM,14.4542
1991-01-01,1991-02-01,ME1 BM2,12.0217
1991-01-01,1991-02-01,ME1 BM3,13.7227
1991-01-01,1991-02-01,ME1 BM4,12.2548
1991-01-01,1991-02-01,SMALL HiBM,11.6923
1991-01-01,1991-02-01,ME2 BM1,11.9072
1991-01-01,1991-02-01,ME2 BM2,10.2468
1991-01-01,1991-02-01,ME2 BM3,10.0669
1991-01-01,1991-02-01,ME2 BM4,8.3063
1991-01-01,1991-02-01,ME2 BM5,13.9236
1991-01-01,1991-02-01,ME3 BM1,9.4827
1991-01-01,1991-02-01,ME3 BM2,10.6321
1991-01-01,1991-02-01,ME3 BM3,8.5083
1991-01-01,1991-02-01,ME3 BM4,8.3987
1991-01-01,1991-02-01,ME3 BM5,8.5387
1991-01-01,1991-02-01,ME4 BM1,8.6841
1991-01-01,1991-02-01,ME4 BM2,9.3691
1991-01-01,1991-02-01,ME4 BM3,8.7872
1991-01-01,1991-02-01,ME4 BM4,7.4544
1991-01-01,1991-02-01,ME4 BM5,6.6159
1991-01-01,1991-02-01,BIG LoBM,8.2108
1991-01-01,1991-02-01,ME5 BM2,6.8529
1991-01-01,1991-02-01,ME5 BM3,5.1308
1991-01-01,1991-02-01,ME5 BM4,6.0836
1991-01-01,1991-02-01,BIG HiBM,7.9712
1991-02-01,1991-03-01,SMALL LoBM,10.31
1991-02-01,1991-03-01,ME1 BM2,8.6407
1991-02-01,1991-03-01,ME1 BM3,7.9126
1991-02-01,1991-03-01,ME1 BM4,6.6892
1991-02-01,1991-03-01,SMALL HiBM,7.7665
1991-02-01,1991-03-01,ME2 BM1,7.687
1991-02-01,1991-03-01,ME2 BM2,5.2332
1991-02-01,1991-03-01,ME2 BM3,5.836
1991-02-01,1991-03-01,ME2 BM4,6.1972
1991-02-01,1991-03-01,ME2 BM5,6.0611
1991-02-01,1991-03-01,ME3 BM1,7.7138
1991-02-01,1991-03-01,ME3 BM2,2.8027
1991-02-01,1991-03-01,ME3 BM3,2.221
1991-02-01,1991-03-01,ME3 BM4,4.6938
1991-02-01,1991-03-01,ME3 BM5,6.0055
1991-02-01,1991-03-01,ME4 BM1,5.0691
1991-02-01,1991-03-01,ME4 BM2,4.0302
1991-02-01,1991-03-01,ME4 BM3,3.3706
1991-02-01,1991-03-01,ME4 BM4,3.6764
1991-02-01,1991-03-01,ME4 BM5,2.9516
1991-02-01,1991-03-01,BIG LoBM,4.5463
1991-02-01,1991-03-01,ME5 BM2,1.8986
1991-02-01,1991-03-01,ME5 BM3,0.3316
1991-02-01,1991-03-01,ME5 BM4,1.7511
1991-02-01,1991-03-01,BIG HiBM,1.1991
1991-03-01,1991-04-01,SMALL LoBM,0.9448
1991-03-01,1991-04-01,ME1 BM2,1.1322
1991-03-01,1991-04-01,ME1 BM3,1.1807
1991-03-01,1991-04-01,ME1 BM4,0.6363
1991-03-01,1991-04-01,SMALL HiBM,0.5057
1991-03-01,1991-04-01,ME2 BM1,-1.5741
1991-03-01,1991-04-01,ME2 BM2,0.891
1991-03-01,1991-04-01,ME2 BM3,0.7901
1991-03-01,1991-04-01,ME2 BM4,1.8309
1991-03-01,1991-04-01,ME2 BM5,1.8442
1991-03-01,1991-04-01,ME3 BM1,-2.7533
1991-03-01,1991-04-01,ME3 BM2,-0.6682
1991-03-01,1991-04-01,ME3 BM3,2.9513
1991-03-01,1991-04-01,ME3 BM4,2.4705
1991-03-01,1991-04-01,ME3 BM5,1.3928
1991-03-01,1991-04-01,ME4 BM1,-0.9926
1991-03-01,1991-04-01,ME4 BM2,0.5598
1991-03-01,1991-04-01,ME4 BM3,3.2814
1991-03-01,1991-04-01,ME4 BM4,1.6899
1991-03-01,1991-04-01,ME4 BM5,-0.503
1991-03-01,1991-04-01,BIG LoBM,0.0224
1991-03-01,1991-04-01,ME5 BM2,-0.0013
1991-03-01,1991-04-01,ME5 BM3,0.0539
1991-03-01,1991-04-01,ME5 BM4,1.6328
1991-03-01,1991-04-01,BIG HiBM,-0.1752
1991-04-01,1991-05-01,SMALL LoBM,2.7906
1991-04-01,1991-05-01,ME1 BM2,3.7681
1991-04-01,1991-05-01,ME1 BM3,4.7025
1991-04-01,1991-05-01,ME1 BM4,3.3565
1991-04-01,1991-05-01,SMALL HiBM,3.6783
1991-04-01,1991-05-01,ME2 BM1,5.4506
1991-04-01,1991-05-01,ME2 BM2,2.8178
1991-04-01,1991-05-01,ME2 BM3,5.8653
1991-04-01,1991-05-01,ME2 BM4,3.3293
1991-04-01,1991-05-01,ME2 BM5,3.3963
1991-04-01,1991-05-01,ME3 BM1,3.662
1991-04-01,1991-05-01,ME3 BM2,6.6735
1991-04-01,1991-05-01,ME3 BM3,4.8303
1991-04-01,1991-05-01,ME3 BM4,4.4189
1991-04-01,1991-05-01,ME3 BM5,0.2327
1991-04-01,1991-05-01,ME4 BM1,6.5656
1991-04-01,1991-05-01,ME4 BM2,3.093
1991-04-01,1991-05-01,ME4 BM3,5.8425
1991-04-01,1991-05-01,ME4 BM4,4.6354
1991-04-01,1991-05-01,ME4 BM5,5.1447
1991-04-01,1991-05-01,BIG LoBM,3.9851
1991-04-01,1991-05-01,ME5 BM2,5.3044
1991-04-01,1991-05-01,ME5 BM3,1.6741
1991-04-01,1991-05-01,ME5 BM4,4.2921
1991-04-01,1991-05-01,BIG HiBM,6.9352
1991-05-01,1991-06-01,SMALL LoBM,-7.0325
1991-05-01,1991-06-01,ME1 BM2,-3.7166
1991-05-01,1991-06-01,ME1 BM3,-4.0787
1991-05-01,1991-06-01,ME1 BM4,-3.993
1991-05-01,1991-06-01,SMALL HiBM,-3.7856
1991-05-01,1991-06-01,ME2 BM1,-5.2412
1991-05-01,1991-06-01,ME2 BM2,-4.9026
1991-05-01,1991-06-01,ME2 BM3,-3.0775
1991-05-01,1991-06-01,ME2 BM4,-2.896
1991-05-01,1991-06-01,ME2 BM5,-5.7986
1991-05-01,1991-06-01,ME3 BM1,-4.7483
1991-05-01,1991-06-01,ME3 BM2,-4.5536
1991-05-01,1991-06-01,ME3 BM3,-3.5446
1991-05-01,1991-06-01,ME3 BM4,-2.1288
1991-05-01,1991-06-01,ME3 BM5,-4.6015
1991-05-01,1991-06-01,ME4 BM1,-5.2851
1991-05-01,1991-06-01,ME4 BM2,-4.2499
1991-05-01,1991-06-01,ME4 BM3,-5.8854
1991-05-01,1991-06-01,ME4 BM4,-3.4027
1991-05-01,1991-06-01,ME4 BM5,-3.7764
1991-05-01,1991-06-01,BIG LoBM,-4.4108
1991-05-01,1991-06-01,ME5 BM2,-5.6538
1991-05-01,1991-06-01,ME5 BM3,-3.657
1991-05-01,1991-06-01,ME5 BM4,-5.1337
1991-05-01,1991-06-01,BIG HiBM,-3.9656
1991-06-01,1991-07-01,SMALL LoBM,2.8254
1991-06-01,1991-07-01,ME1 BM2,3.9835
1991-06-01,1991-07-01,ME1 BM3,2.3152
1991-06-01,1991-07-01,ME1 BM4,3.3888
1991-06-01,1991-07-01,SMALL HiBM,2.4734
1991-06-01,1991-07-01,ME2 BM1,4.147
1991-06-01,1991-07-01,ME2 BM2,3.5989
1991-06-01,1991-07-01,ME2 BM3,2.9707
1991-06-01,1991-07-01,ME2 BM4,3.9178
1991-06-01,1991-07-01,ME2 BM5,2.0584
1991-06-01,1991-07-01,ME3 BM1,6.1781
1991-06-01,1991-07-01,ME3 BM2,4.0888
1991-06-01,1991-07-01,ME3 BM3,3.6808
1991-06-01,1991-07-01,ME3 BM4,2.6795
1991-06-01,1991-07-01,ME3 BM5,7.3737
1991-06-01,1991-07-01,ME4 BM1,5.973
1991-06-01,1991-07-01,ME4 BM2,3.7002
1991-06-01,1991-07-01,ME4 BM3,2.9366
1991-06-01,1991-07-01,ME4 BM4,4.2601
1991-06-01,1991-07-01,ME4 BM5,7.3379
1991-06-01,1991-07-01,BIG LoBM,6.2278
1991-06-01,1991-07-01,ME5 BM2,3.2834
1991-06-01,1991-07-01,ME5 BM3,4.8694
1991-06-01,1991-07-01,ME5 BM4,4.6764
1991-06-01,1991-07-01,BIG HiBM,0.8156
1991-07-01,1991-08-01,SMALL LoBM,3.7308
1991-07-01,1991-08-01,ME1 BM2,4.8966
1991-07-01,1991-08-01,ME1 BM3,3.373
1991-07-01,1991-08-01,ME1 BM4,0.8023
1991-07-01,1991-08-01,SMALL HiBM,2.7947
1991-07-01,1991-08-01,ME2 BM1,3.9935
1991-07-01,1991-08-01,ME2 BM2,3.44
1991-07-01,1991-08-01,ME2 BM3,3.6917
1991-07-01,1991-08-01,ME2 BM4,3.2984
1991-07-01,1991-08-01,ME2 BM5,3.7402
1991-07-01,1991-08-01,ME3 BM1,5.5215
1991-07-01,1991-08-01,ME3 BM2,4.1826
1991-07-01,1991-08-01,ME3 BM3,2.5662
1991-07-01,1991-08-01,ME3 BM4,4.109
1991-07-01,1991-08-01,ME3 BM5,6.2111
1991-07-01,1991-08-01,ME4 BM1,1.5777
1991-07-01,1991-08-01,ME4 BM2,1.9912
1991-07-01,1991-08-01,ME4 BM3,3.253
1991-07-01,1991-08-01,ME4 BM4,2.6905
1991-07-01,1991-08-01,ME4 BM5,3.1127
1991-07-01,1991-08-01,BIG LoBM,4.3134
1991-07-01,1991-08-01,ME5 BM2,0.6985
1991-07-01,1991-08-01,ME5 BM3,2.6552
1991-07-01,1991-08-01,ME5 BM4,1.4422
1991-07-01,1991-08-01,BIG HiBM,1.7597
1991-08-01,1991-09-01,SMALL LoBM,4.429
1991-08-01,1991-09-01,ME1 BM2,2.5734
1991-08-01,1991-09-01,ME1 BM3,0.2002
1991-08-01,1991-09-01,ME1 BM4,0.2863
1991-08-01,1991-09-01,SMALL HiBM,-1.5098
1991-08-01,1991-09-01,ME2 BM1,0.5632
1991-08-01,1991-09-01,ME2 BM2,0.817
1991-08-01,1991-09-01,ME2 BM3,1.9587
1991-08-01,1991-09-01,ME2 BM4,0.9642
1991-08-01,1991-09-01,ME2 BM5,-1.6265
1991-08-01,1991-09-01,ME3 BM1,0.1174
1991-08-01,1991-09-01,ME3 BM2,-0.4497
1991-08-01,1991-09-01,ME3 BM3,-0.767
1991-08-01,1991-09-01,ME3 BM4,0.7386
1991-08-01,1991-09-01,ME3 BM5,-3.7204
1991-08-01,1991-09-01,ME4 BM1,-0.3266
1991-08-01,1991-09-01,ME4 BM2,-1.7414
1991-08-01,1991-09-01,ME4 BM3,-0.8519
1991-08-01,1991-09-01,ME4 BM4,-0.0298
1991-08-01,1991-09-01,ME4 BM5,-1.2317
1991-08-01,1991-09-01,BIG LoBM,-2.2206
1991-08-01,1991-09-01,ME5 BM2,-1.0818
1991-08-01,1991-09-01,ME5 BM3,-0.9837
1991-08-01,1991-09-01,ME5 BM4,0.5243
1991-08-01,1991-09-01,BIG HiBM,-3.8306
1991-09-01,1991-10-01,SMALL LoBM,6.5752
1991-09-01,1991-10-01,ME1 BM2,4.1495
1991-09-01,1991-10-01,ME1 BM3,1.8624
1991-09-01,1991-10-01,ME1 BM4,3.8383
1991-09-01,1991-10-01,SMALL HiBM,1.2713
1991-09-01,1991-10-01,ME2 BM1,2.3274
1991-09-01,1991-10-01,ME2 BM2,1.4029
1991-09-01,1991-10-01,ME2 BM3,3.4099
1991-09-01,1991-10-01,ME2 BM4,0.5585
1991-09-01,1991-10-01,ME2 BM5,1.3106
1991-09-01,1991-10-01,ME3 BM1,2.7666
1991-09-01,1991-10-01,ME3 BM2,1.0275
1991-09-01,1991-10-01,ME3 BM3,1.6324
1991-09-01,1991-10-01,ME3 BM4,2.9463
1991-09-01,1991-10-01,ME3 BM5,3.6073
1991-09-01,1991-10-01,ME4 BM1,2.5246
1991-09-01,1991-10-01,ME4 BM2,0.6612
1991-09-01,1991-10-01,ME4 BM3,1.2885
1991-09-01,1991-10-01,ME4 BM4,2.3167
1991-09-01,1991-10-01,ME4 BM5,2.8539
1991-09-01,1991-10-01,BIG LoBM,1.5326
1991-09-01,1991-10-01,ME5 BM2,0.9423
1991-09-01,1991-10-01,ME5 BM3,1.9451
1991-09-01,1991-10-01,ME5 BM4,3.2662
1991-09-01,1991-10-01,BIG HiBM,0.5042
1991-10-01,1991-11-01,SMALL LoBM,-1.862
1991-10-01,1991-11-01,ME1 BM2,-3.2117
1991-10-01,1991-11-01,ME1 BM3,-4.1558
1991-10-01,1991-11-01,ME1 BM4,-3.2872
1991-10-01,1991-11-01,SMALL HiBM,-2.5995
1991-10-01,1991-11-01,ME2 BM1,-4.7841
1991-10-01,1991-11-01,ME2 BM2,-6.533
1991-10-01,1991-11-01,ME2 BM3,-2.8905
1991-10-01,1991-11-01,ME2 BM4,-5.1594
1991-10-01,1991-11-01,ME2 BM5,-6.8733
1991-10-01,1991-11-01,ME3 BM1,-3.6135
1991-10-01,1991-11-01,ME3 BM2,-4.8361
1991-10-01,1991-11-01,ME3 BM3,-3.9739
1991-10-01,1991-11-01,ME3 BM4,-5.0869
1991-10-01,1991-11-01,ME3 BM5,-5.7616
1991-10-01,1991-11-01,ME4 BM1,-2.3044
1991-10-01,1991-11-01,ME4 BM2,-4.8734
1991-10-01,1991-11-01,ME4 BM3,-3.9613
1991-10-01,1991-11-01,ME4 BM4,-3.1107
1991-10-01,1991-11-01,ME4 BM5,-6.1249
1991-10-01,1991-11-01,BIG LoBM,-1.0874
1991-10-01,1991-11-01,ME5 BM2,-5.5812
1991-10-01,1991-11-01,ME5 BM3,-5.5566
1991-10-01,1991-11-01,ME5 BM4,-3.7402
1991-10-01,1991-11-01,BIG HiBM,-8.3335
1991-11-01,1991-12-01,SMALL LoBM,6.597
1991-11-01,1991-12-01,ME1 BM2,3.6013
1991-11-01,1991-12-01,ME1 BM3,5.3221
1991-11-01,1991-12-01,ME1 BM4,4.4472
1991-11-01,1991-12-01,SMALL HiBM,4.6512
1991-11-01,1991-12-01,ME2 BM1,11.4488
1991-11-01,1991-12-01,ME2 BM2,6.893
1991-11-01,1991-12-01,ME2 BM3,5.4201
1991-11-01,1991-12-01,ME2 BM4,5.7123
1991-11-01,1991-12-01,ME2 BM5,7.9763
1991-11-01,1991-12-01,ME3 BM1,14.5303
1991-11-01,1991-12-01,ME3 BM2,10.7565
1991-11-01,1991-12-01,ME3 BM3,7.6348
1991-11-01,1991-12-01,ME3 BM4,10.0206
1991-11-01,1991-12-01,ME3 BM5,11.1812
1991-11-01,1991-12-01,ME4 BM1,13.1353
1991-11-01,1991-12-01,ME4 BM2,8.7769
1991-11-01,1991-12-01,ME4 BM3,10.5845
1991-11-01,1991-12-01,ME4 BM4,8.5771
1991-11-01,1991-12-01,ME4 BM5,10.5556
1991-11-01,1991-12-01,BIG LoBM,15.2806
1991-11-01,1991-12-01,ME5 BM2,9.319
1991-11-01,1991-12-01,ME5 BM3,8.3699
1991-11-01,1991-12-01,ME5 BM4,6.9295
1991-11-01,1991-12-01,BIG HiBM,12.8873
1991-12-01,1992-01-01,SMALL LoBM,14.6152
1991-12-01,1992-01-01,ME1 BM2,15.7778
1991-12-01,1992-01-01,ME1 BM3,8.4346
1991-12-01,1992-01-01,ME1 BM4,13.1233
1991-12-01,1992-01-01,SMALL HiBM,16.4436
1991-12-01,1992-01-01,ME2 BM1,8.3609
1991-12-01,1992-01-01,ME2 BM2,4.6291
1991-12-01,1992-01-01,ME2 BM3,6.4057
1991-12-01,1992-01-01,ME2 BM4,7.563
1991-12-01,1992-01-01,ME2 BM5,9.6096
1991-12-01,1992-01-01,ME3 BM1,1.4375
1991-12-01,1992-01-01,ME3 BM2,4.8664
1991-12-01,1992-01-01,ME3 BM3,5.1179
1991-12-01,1992-01-01,ME3 BM4,5.4583
1991-12-01,1992-01-01,ME3 BM5,9.2936
1991-12-01,1992-01-01,ME4 BM1,-0.2445
1991-12-01,1992-01-01,ME4 BM2,2.0355
1991-12-01,1992-01-01,ME4 BM3,0.9462
1991-12-01,1992-01-01,ME4 BM4,0.6766
1991-12-01,1992-01-01,ME4 BM5,6.4133
1991-12-01,1992-01-01,BIG LoBM,-3.1649
1991-12-01,1992-01-01,ME5 BM2,-2.1749
1991-12-01,1992-01-01,ME5 BM3,-2.4602
1991-12-01,1992-01-01,ME5 BM4,0.0055
1991-12-01,1992-01-01,BIG HiBM,6.7472
1992-01-01,1992-02-01,SMALL LoBM,-0.1673
1992-01-01,1992-02-01,ME1 BM2,4.8854
1992-01-01,1992-02-01,ME1 BM3,3.5013
1992-01-01,1992-02-01,ME1 BM4,5.1405
1992-01-01,1992-02-01,SMALL HiBM,9.8197
1992-01-01,1992-02-01,ME2 BM1,0.201
1992-01-01,1992-02-01,ME2 BM2,2.424
1992-01-01,1992-02-01,ME2 BM3,1.6468
1992-01-01,1992-02-01,ME2 BM4,4.5002
1992-01-01,1992-02-01,ME2 BM5,6.5827
1992-01-01,1992-02-01,ME3 BM1,0.1846
1992-01-01,1992-02-01,ME3 BM2,2.6203
1992-01-01,1992-02-01,ME3 BM3,3.6045
1992-01-01,1992-02-01,ME3 BM4,2.9095
1992-01-01,1992-02-01,ME3 BM5,8.8406
1992-01-01,1992-02-01,ME4 BM1,-0.5662
1992-01-01,1992-02-01,ME4 BM2,2.9899
1992-01-01,1992-02-01,ME4 BM3,3.0985
1992-01-01,1992-02-01,ME4 BM4,2.1931
1992-01-01,1992-02-01,ME4 BM5,5.1887
1992-01-01,1992-02-01,BIG LoBM,0.219
1992-01-01,1992-02-01,ME5 BM2,-0.53
1992-01-01,1992-02-01,ME5 BM3,1.9293
1992-01-01,1992-02-01,ME5 BM4,4.2776
1992-01-01,1992-02-01,BIG HiBM,10.113
1992-02-01,1992-03-01,SMALL LoBM,-6.5173
1992-02-01,1992-03-01,ME1 BM2,-5.6816
1992-02-01,1992-03-01,ME1 BM3,-2.5284
1992-02-01,1992-03-01,ME1 BM4,-0.0759
1992-02-01,1992-03-01,SMALL HiBM,-1.0318
1992-02-01,1992-03-01,ME2 BM1,-7.8096
1992-02-01,1992-03-01,ME2 BM2,-2.5028
1992-02-01,1992-03-01,ME2 BM3,-1.6914
1992-02-01,1992-03-01,ME2 BM4,-0.5092
1992-02-01,1992-03-01,ME2 BM5,-1.0899
1992-02-01,1992-03-01,ME3 BM1,-5.0371
1992-02-01,1992-03-01,ME3 BM2,-2.2246
1992-02-01,1992-03-01,ME3 BM3,-0.4367
1992-02-01,1992-03-01,ME3 BM4,0.0646
1992-02-01,1992-03-01,ME3 BM5,-1.4159
1992-02-01,1992-03-01,ME4 BM1,-5.6904
1992-02-01,1992-03-01,ME4 BM2,-0.7501
1992-02-01,1992-03-01,ME4 BM3,-3.2421
1992-02-01,1992-03-01,ME4 BM4,-0.691
1992-02-01,1992-03-01,ME4 BM5,-2.0735
1992-02-01,1992-03-01,BIG LoBM,-2.9247
1992-02-01,1992-03-01,ME5 BM2,-1.6789
1992-02-01,1992-03-01,ME5 BM3,0.1304
1992-02-01,1992-03-01,ME5 BM4,-1.5142
1992-02-01,1992-03-01,BIG HiBM,0.7934
1992-03-01,1992-04-01,SMALL LoBM,-10.019
1992-03-01,1992-04-01,ME1 BM2,-3.8246
1992-03-01,1992-04-01,ME1 BM3,-4.9386
1992-03-01,1992-04-01,ME1 BM4,-4.6018
1992-03-01,1992-04-01,SMALL HiBM,-2.7764
1992-03-01,1992-04-01,ME2 BM1,-6.5099
1992-03-01,1992-04-01,ME2 BM2,-3.4255
1992-03-01,1992-04-01,ME2 BM3,-2.5885
1992-03-01,1992-04-01,ME2 BM4,-2.5509
1992-03-01,1992-04-01,ME2 BM5,0.5295
1992-03-01,1992-04-01,ME3 BM1,-5.1689
1992-03-01,1992-04-01,ME3 BM2,-1.5338
1992-03-01,1992-04-01,ME3 BM3,-1.1468
1992-03-01,1992-04-01,ME3 BM4,0.5039
1992-03-01,1992-04-01,ME3 BM5,2.5582
1992-03-01,1992-04-01,ME4 BM1,-1.9988
1992-03-01,1992-04-01,ME4 BM2,0.9842
1992-03-01,1992-04-01,ME4 BM3,2.238
1992-03-01,1992-04-01,ME4 BM4,2.8668
1992-03-01,1992-04-01,ME4 BM5,4.0872
1992-03-01,1992-04-01,BIG LoBM,-0.154
1992-03-01,1992-04-01,ME5 BM2,5.3015
1992-03-01,1992-04-01,ME5 BM3,5.4825
1992-03-01,1992-04-01,ME5 BM4,3.2809
1992-03-01,1992-04-01,BIG HiBM,7.4908
1992-04-01,1992-05-01,SMALL LoBM,-1.4895
1992-04-01,1992-05-01,ME1 BM2,-0.2773
1992-04-01,1992-05-01,ME1 BM3,0.2121
1992-04-01,1992-05-01,ME1 BM4,-1.3393
1992-04-01,1992-05-01,SMALL HiBM,1.6116
1992-04-01,1992-05-01,ME2 BM1,-0.185
1992-04-01,1992-05-01,ME2 BM2,0.2964
1992-04-01,1992-05-01,ME2 BM3,1.8657
1992-04-01,1992-05-01,ME2 BM4,0.7003
1992-04-01,1992-05-01,ME2 BM5,4.0301
1992-04-01,1992-05-01,ME3 BM1,-0.3736
1992-04-01,1992-05-01,ME3 BM2,-0.9256
1992-04-01,1992-05-01,ME3 BM3,1.8656
1992-04-01,1992-05-01,ME3 BM4,0.8393
1992-04-01,1992-05-01,ME3 BM5,2.5156
1992-04-01,1992-05-01,ME4 BM1,0.1799
1992-04-01,1992-05-01,ME4 BM2,1.3737
1992-04-01,1992-05-01,ME4 BM3,1.2849
1992-04-01,1992-05-01,ME4 BM4,0.653
1992-04-01,1992-05-01,ME4 BM5,-0.1736
1992-04-01,1992-05-01,BIG LoBM,1.2365
1992-04-01,1992-05-01,ME5 BM2,0.413
1992-04-01,1992-05-01,ME5 BM3,-0.0843
1992-04-01,1992-05-01,ME5 BM4,0.0866
1992-04-01,1992-05-01,BIG HiBM,-0.0015
1992-05-01,1992-06-01,SMALL LoBM,-8.9872
1992-05-01,1992-06-01,ME1 BM2,-5.2859
1992-05-01,1992-06-01,ME1 BM3,-5.1876
1992-05-01,1992-06-01,ME1 BM4,-4.8404
1992-05-01,1992-06-01,SMALL HiBM,-4.4549
1992-05-01,1992-06-01,ME2 BM1,-5.3545
1992-05-01,1992-06-01,ME2 BM2,-6.048
1992-05-01,1992-06-01,ME2 BM3,-2.5548
1992-05-01,1992-06-01,ME2 BM4,-3.3243
1992-05-01,1992-06-01,ME2 BM5,-0.8611
1992-05-01,1992-06-01,ME3 BM1,-4.6266
1992-05-01,1992-06-01,ME3 BM2,-3.9542
1992-05-01,1992-06-01,ME3 BM3,-2.5129
1992-05-01,1992-06-01,ME3 BM4,-1.3848
1992-05-01,1992-06-01,ME3 BM5,0.6266
1992-05-01,1992-06-01,ME4 BM1,-1.7715
1992-05-01,1992-06-01,ME4 BM2,-4.047
1992-05-01,1992-06-01,ME4 BM3,-1.9682
1992-05-01,1992-06-01,ME4 BM4,0.2738
1992-05-01,1992-06-01,ME4 BM5,-0.2195
1992-05-01,1992-06-01,BIG LoBM,-3.0457
1992-05-01,1992-06-01,ME5 BM2,0.0109
1992-05-01,1992-06-01,ME5 BM3,-2.2535
1992-05-01,1992-06-01,ME5 BM4,0.4128
1992-05-01,1992-06-01,BIG HiBM,0.7537
1992-06-01,1992-07-01,SMALL LoBM,0.7307
1992-06-01,1992-07-01,ME1 BM2,1.4122
1992-06-01,1992-07-01,ME1 BM3,1.5704
1992-06-01,1992-07-01,ME1 BM4,2.966
1992-06-01,1992-07-01,SMALL HiBM,2.784
1992-06-01,1992-07-01,ME2 BM1,2.7434
1992-06-01,1992-07-01,ME2 BM2,4.4085
1992-06-01,1992-07-01,ME2 BM3,3.0897
1992-06-01,1992-07-01,ME2 BM4,4.2553
1992-06-01,1992-07-01,ME2 BM5,2.7801
1992-06-01,1992-07-01,ME3 BM1,4.6122
1992-06-01,1992-07-01,ME3 BM2,4.7099
1992-06-01,1992-07-01,ME3 BM3,3.9094
1992-06-01,1992-07-01,ME3 BM4,5.22
1992-06-01,1992-07-01,ME3 BM5,4.2807
1992-06-01,1992-07-01,ME4 BM1,5.2039
1992-06-01,1992-07-01,ME4 BM2,4.0047
1992-06-01,1992-07-01,ME4 BM3,3.7097
1992-06-01,1992-07-01,ME4 BM4,4.2296
1992-06-01,1992-07-01,ME4 BM5,2.057
1992-06-01,1992-07-01,BIG LoBM,4.9198
1992-06-01,1992-07-01,ME5 BM2,3.5172
1992-06-01,1992-07-01,ME5 BM3,4.0144
1992-06-01,1992-07-01,ME5 BM4,4.7464
1992-06-01,1992-07-01,BIG HiBM,-0.2819
1992-07-01,1992-08-01,SMALL LoBM,-4.5544
1992-07-01,1992-08-01,ME1 BM2,-3.1567
1992-07-01,1992-08-01,ME1 BM3,-0.8878
1992-07-01,1992-08-01,ME1 BM4,-1.7266
1992-07-01,1992-08-01,SMALL HiBM,-3.4169
1992-07-01,1992-08-01,ME2 BM1,-3.9161
1992-07-01,1992-08-01,ME2 BM2,-3.3886
1992-07-01,1992-08-01,ME2 BM3,-0.797
1992-07-01,1992-08-01,ME2 BM4,-0.2073
1992-07-01,1992-08-01,ME2 BM5,-3.6401
1992-07-01,1992-08-01,ME3 BM1,-4.2061
1992-07-01,1992-08-01,ME3 BM2,-2.4857
1992-07-01,1992-08-01,ME3 BM3,-2.1342
1992-07-01,1992-08-01,ME3 BM4,-1.1573
1992-07-01,1992-08-01,ME3 BM5,-2.9319
1992-07-01,1992-08-01,ME4 BM1,-1.2634
1992-07-01,1992-08-01,ME4 BM2,-2.5954
1992-07-01,1992-08-01,ME4 BM3,-2.3159
1992-07-01,1992-08-01,ME4 BM4,-1.58
1992-07-01,1992-08-01,ME4 BM5,-4.4219
1992-07-01,1992-08-01,BIG LoBM,-0.5825
1992-07-01,1992-08-01,ME5 BM2,-3.0083
1992-07-01,1992-08-01,ME5 BM3,-1.2507
1992-07-01,1992-08-01,ME5 BM4,-3.175
1992-07-01,1992-08-01,BIG HiBM,-8.3802
1992-08-01,1992-09-01,SMALL LoBM,0.2962
1992-08-01,1992-09-01,ME1 BM2,1.5372
1992-08-01,1992-09-01,ME1 BM3,1.83
1992-08-01,1992-09-01,ME1 BM4,2.2765
1992-08-01,1992-09-01,SMALL HiBM,1.3107
1992-08-01,1992-09-01,ME2 BM1,1.5557
1992-08-01,1992-09-01,ME2 BM2,1.8221
1992-08-01,1992-09-01,ME2 BM3,4.2257
1992-08-01,1992-09-01,ME2 BM4,2.3461
1992-08-01,1992-09-01,ME2 BM5,1.8333
1992-08-01,1992-09-01,ME3 BM1,3.0697
1992-08-01,1992-09-01,ME3 BM2,2.6344
1992-08-01,1992-09-01,ME3 BM3,1.4937
1992-08-01,1992-09-01,ME3 BM4,0.5658
1992-08-01,1992-09-01,ME3 BM5,1.8407
1992-08-01,1992-09-01,ME4 BM1,0.9265
1992-08-01,1992-09-01,ME4 BM2,3.4423
1992-08-01,1992-09-01,ME4 BM3,1.9533
1992-08-01,1992-09-01,ME4 BM4,1.104
1992-08-01,1992-09-01,ME4 BM5,0.1628
1992-08-01,1992-09-01,BIG LoBM,0.7961
1992-08-01,1992-09-01,ME5 BM2,3.3326
1992-08-01,1992-09-01,ME5 BM3,0.5488
1992-08-01,1992-09-01,ME5 BM4,1.1058
1992-08-01,1992-09-01,BIG HiBM,0.1762
1992-09-01,1992-10-01,SMALL LoBM,2.5383
1992-09-01,1992-10-01,ME1 BM2,1.8944
1992-09-01,1992-10-01,ME1 BM3,2.5688
1992-09-01,1992-10-01,ME1 BM4,2.0581
1992-09-01,1992-10-01,SMALL HiBM,1.4988
1992-09-01,1992-10-01,ME2 BM1,4.9675
1992-09-01,1992-10-01,ME2 BM2,4.232
1992-09-01,1992-10-01,ME2 BM3,2.316
1992-09-01,1992-10-01,ME2 BM4,1.1994
1992-09-01,1992-10-01,ME2 BM5,3.2857
1992-09-01,1992-10-01,ME3 BM1,5.6471
1992-09-01,1992-10-01,ME3 BM2,4.0142
1992-09-01,1992-10-01,ME3 BM3,1.8302
1992-09-01,1992-10-01,ME3 BM4,2.4325
1992-09-01,1992-10-01,ME3 BM5,1.4696
1992-09-01,1992-10-01,ME4 BM1,4.7768
1992-09-01,1992-10-01,ME4 BM2,0.9736
1992-09-01,1992-10-01,ME4 BM3,1.1405
1992-09-01,1992-10-01,ME4 BM4,2.109
1992-09-01,1992-10-01,ME4 BM5,4.747
1992-09-01,1992-10-01,BIG LoBM,2.0576
1992-09-01,1992-10-01,ME5 BM2,1.4373
1992-09-01,1992-10-01,ME5 BM3,-2.5493
1992-09-01,1992-10-01,ME5 BM4,0.1828
1992-09-01,1992-10-01,BIG HiBM,0.0328
1992-10-01,1992-11-01,SMALL LoBM,10.6494
1992-10-01,1992-11-01,ME1 BM2,11.0948
1992-10-01,1992-11-01,ME1 BM3,8.2551
1992-10-01,1992-11-01,ME1 BM4,8.0868
1992-10-01,1992-11-01,SMALL HiBM,7.8462
1992-10-01,1992-11-01,ME2 BM1,9.2061
1992-10-01,1992-11-01,ME2 BM2,8.2522
1992-10-01,1992-11-01,ME2 BM3,6.3671
1992-10-01,1992-11-01,ME2 BM4,4.7711
1992-10-01,1992-11-01,ME2 BM5,7.0207
1992-10-01,1992-11-01,ME3 BM1,9.3925
1992-10-01,1992-11-01,ME3 BM2,6.5907
1992-10-01,1992-11-01,ME3 BM3,6.1603
1992-10-01,1992-11-01,ME3 BM4,5.0041
1992-10-01,1992-11-01,ME3 BM5,4.126
1992-10-01,1992-11-01,ME4 BM1,7.0465
1992-10-01,1992-11-01,ME4 BM2,4.8608
1992-10-01,1992-11-01,ME4 BM3,4.1267
1992-10-01,1992-11-01,ME4 BM4,2.9252
1992-10-01,1992-11-01,ME4 BM5,3.8265
1992-10-01,1992-11-01,BIG LoBM,3.6768
1992-10-01,1992-11-01,ME5 BM2,4.9988
1992-10-01,1992-11-01,ME5 BM3,1.0653
1992-10-01,1992-11-01,ME5 BM4,2.9428
1992-10-01,1992-11-01,BIG HiBM,8.3543
1992-11-01,1992-12-01,SMALL LoBM,1.63
1992-11-01,1992-12-01,ME1 BM2,3.1959
1992-11-01,1992-12-01,ME1 BM3,5.0501
1992-11-01,1992-12-01,ME1 BM4,4.4694
1992-11-01,1992-12-01,SMALL HiBM,5.022
1992-11-01,1992-12-01,ME2 BM1,1.6088
1992-11-01,1992-12-01,ME2 BM2,2.5187
1992-11-01,1992-12-01,ME2 BM3,3.2855
1992-11-01,1992-12-01,ME2 BM4,6.3621
1992-11-01,1992-12-01,ME2 BM5,4.8926
1992-11-01,1992-12-01,ME3 BM1,3.7539
1992-11-01,1992-12-01,ME3 BM2,4.9656
1992-11-01,1992-12-01,ME3 BM3,2.8912
1992-11-01,1992-12-01,ME3 BM4,3.7981
1992-11-01,1992-12-01,ME3 BM5,5.0137
1992-11-01,1992-12-01,ME4 BM1,1.2262
1992-11-01,1992-12-01,ME4 BM2,2.671
1992-11-01,1992-12-01,ME4 BM3,3.6452
1992-11-01,1992-12-01,ME4 BM4,4.1335
1992-11-01,1992-12-01,ME4 BM5,4.5833
1992-11-01,1992-12-01,BIG LoBM,-0.7044
1992-11-01,1992-12-01,ME5 BM2,3.4563
1992-11-01,1992-12-01,ME5 BM3,1.0783
1992-11-01,1992-12-01,ME5 BM4,3.0
1992-11-01,1992-12-01,BIG HiBM,3.0076
1992-12-01,1993-01-01,SMALL LoBM,2.8961
1992-12-01,1993-01-01,ME1 BM2,5.1035
1992-12-01,1993-01-01,ME1 BM3,4.3131
1992-12-01,1993-01-01,ME1 BM4,5.6017
1992-12-01,1993-01-01,SMALL HiBM,7.9548
1992-12-01,1993-01-01,ME2 BM1,-0.6437
1992-12-01,1993-01-01,ME2 BM2,3.0377
1992-12-01,1993-01-01,ME2 BM3,4.4064
1992-12-01,1993-01-01,ME2 BM4,4.5692
1992-12-01,1993-01-01,ME2 BM5,8.1658
1992-12-01,1993-01-01,ME3 BM1,-2.4126
1992-12-01,1993-01-01,ME3 BM2,4.2971
1992-12-01,1993-01-01,ME3 BM3,3.9783
1992-12-01,1993-01-01,ME3 BM4,3.4117
1992-12-01,1993-01-01,ME3 BM5,3.6656
1992-12-01,1993-01-01,ME4 BM1,1.1725
1992-12-01,1993-01-01,ME4 BM2,1.7824
1992-12-01,1993-01-01,ME4 BM3,3.0735
1992-12-01,1993-01-01,ME4 BM4,2.6367
1992-12-01,1993-01-01,ME4 BM5,4.6934
1992-12-01,1993-01-01,BIG LoBM,-2.4217
1992-12-01,1993-01-01,ME5 BM2,1.1224
1992-12-01,1993-01-01,ME5 BM3,0.8972
1992-12-01,1993-01-01,ME5 BM4,3.3609
1992-12-01,1993-01-01,BIG HiBM,8.9824
1993-01-01,1993-02-01,SMALL LoBM,-7.4897
1993-01-01,1993-02-01,ME1 BM2,-5.2289
1993-01-01,1993-02-01,ME1 BM3,-2.0913
1993-01-01,1993-02-01,ME1 BM4,-0.8218
1993-01-01,1993-02-01,SMALL HiBM,0.7861
1993-01-01,1993-02-01,ME2 BM1,-8.1521
1993-01-01,1993-02-01,ME2 BM2,-4.3087
1993-01-01,1993-02-01,ME2 BM3,-0.579
1993-01-01,1993-02-01,ME2 BM4,2.6372
1993-01-01,1993-02-01,ME2 BM5,1.6493
1993-01-01,1993-02-01,ME3 BM1,-7.8607
1993-01-01,1993-02-01,ME3 BM2,0.0149
1993-01-01,1993-02-01,ME3 BM3,1.2312
1993-01-01,1993-02-01,ME3 BM4,0.6963
1993-01-01,1993-02-01,ME3 BM5,3.0075
1993-01-01,1993-02-01,ME4 BM1,-5.078
1993-01-01,1993-02-01,ME4 BM2,1.4612
1993-01-01,1993-02-01,ME4 BM3,1.5923
1993-01-01,1993-02-01,ME4 BM4,3.1469
1993-01-01,1993-02-01,ME4 BM5,1.8688
1993-01-01,1993-02-01,BIG LoBM,-3.0749
1993-01-01,1993-02-01,ME5 BM2,2.1066
1993-01-01,1993-02-01,ME5 BM3,5.0582
1993-01-01,1993-02-01,ME5 BM4,4.6791
1993-01-01,1993-02-01,BIG HiBM,2.1197
1993-02-01,1993-03-01,SMALL LoBM,1.0175
1993-02-01,1993-03-01,ME1 BM2,1.7524
1993-02-01,1993-03-01,ME1 BM3,3.151
1993-02-01,1993-03-01,ME1 BM4,2.5465
1993-02-01,1993-03-01,SMALL HiBM,4.9945
1993-02-01,1993-03-01,ME2 BM1,0.6452
1993-02-01,1993-03-01,ME2 BM2,2.6206
1993-02-01,1993-03-01,ME2 BM3,4.193
1993-02-01,1993-03-01,ME2 BM4,2.4847
1993-02-01,1993-03-01,ME2 BM5,4.0651
1993-02-01,1993-03-01,ME3 BM1,4.9378
1993-02-01,1993-03-01,ME3 BM2,3.1568
1993-02-01,1993-03-01,ME3 BM3,3.2351
1993-02-01,1993-03-01,ME3 BM4,3.6273
1993-02-01,1993-03-01,ME3 BM5,5.8088
1993-02-01,1993-03-01,ME4 BM1,2.5558
1993-02-01,1993-03-01,ME4 BM2,5.0139
1993-02-01,1993-03-01,ME4 BM3,4.3812
1993-02-01,1993-03-01,ME4 BM4,3.6598
1993-02-01,1993-03-01,ME4 BM5,1.8443
1993-02-01,1993-03-01,BIG LoBM,0.7033
1993-02-01,1993-03-01,ME5 BM2,3.5955
1993-02-01,1993-03-01,ME5 BM3,2.7976
1993-02-01,1993-03-01,ME5 BM4,1.3939
1993-02-01,1993-03-01,BIG HiBM,3.503
1993-03-01,1993-04-01,SMALL LoBM,-4.1364
1993-03-01,1993-04-01,ME1 BM2,-3.7081
1993-03-01,1993-04-01,ME1 BM3,-3.2312
1993-03-01,1993-04-01,ME1 BM4,-2.1084
1993-03-01,1993-04-01,SMALL HiBM,-1.2174
1993-03-01,1993-04-01,ME2 BM1,-2.9153
1993-03-01,1993-04-01,ME2 BM2,-3.1626
1993-03-01,1993-04-01,ME2 BM3,-1.9825
1993-03-01,1993-04-01,ME2 BM4,-2.3013
1993-03-01,1993-04-01,ME2 BM5,-4.0077
1993-03-01,1993-04-01,ME3 BM1,-4.9751
1993-03-01,1993-04-01,ME3 BM2,-2.244
1993-03-01,1993-04-01,ME3 BM3,-2.5086
1993-03-01,1993-04-01,ME3 BM4,-1.7062
1993-03-01,1993-04-01,ME3 BM5,-1.7197
1993-03-01,1993-04-01,ME4 BM1,-5.0092
1993-03-01,1993-04-01,ME4 BM2,-2.4847
1993-03-01,1993-04-01,ME4 BM3,-1.9225
1993-03-01,1993-04-01,ME4 BM4,-1.7794
1993-03-01,1993-04-01,ME4 BM5,-1.4016
1993-03-01,1993-04-01,BIG LoBM,-6.003
1993-03-01,1993-04-01,ME5 BM2,-2.1786
1993-03-01,1993-04-01,ME5 BM3,-0.2769
1993-03-01,1993-04-01,ME5 BM4,-1.4901
1993-03-01,1993-04-01,BIG HiBM,0.8501
1993-04-01,1993-05-01,SMALL LoBM,5.8706
1993-04-01,1993-05-01,ME1 BM2,4.4424
1993-04-01,1993-05-01,ME1 BM3,3.9022
1993-04-01,1993-05-01,ME1 BM4,2.9393
1993-04-01,1993-05-01,SMALL HiBM,4.5345
1993-04-01,1993-05-01,ME2 BM1,6.963
1993-04-01,1993-05-01,ME2 BM2,4.3192
1993-04-01,1993-05-01,ME2 BM3,3.451
1993-04-01,1993-05-01,ME2 BM4,1.9864
1993-04-01,1993-05-01,ME2 BM5,4.3785
1993-04-01,1993-05-01,ME3 BM1,7.9872
1993-04-01,1993-05-01,ME3 BM2,5.8203
1993-04-01,1993-05-01,ME3 BM3,3.8702
1993-04-01,1993-05-01,ME3 BM4,2.2228
1993-04-01,1993-05-01,ME3 BM5,2.2347
1993-04-01,1993-05-01,ME4 BM1,6.811
1993-04-01,1993-05-01,ME4 BM2,3.8494
1993-04-01,1993-05-01,ME4 BM3,2.3395
1993-04-01,1993-05-01,ME4 BM4,1.1039
1993-04-01,1993-05-01,ME4 BM5,2.9602
1993-04-01,1993-05-01,BIG LoBM,3.1481
1993-04-01,1993-05-01,ME5 BM2,4.4805
1993-04-01,1993-05-01,ME5 BM3,1.6212
1993-04-01,1993-05-01,ME5 BM4,1.2471
1993-04-01,1993-05-01,BIG HiBM,-0.3731
1993-05-01,1993-06-01,SMALL LoBM,-1.4588
1993-05-01,1993-06-01,ME1 BM2,-0.2599
1993-05-01,1993-06-01,ME1 BM3,0.5189
1993-05-01,1993-06-01,ME1 BM4,-0.8256
1993-05-01,1993-06-01,SMALL HiBM,1.9068
1993-05-01,1993-06-01,ME2 BM1,-0.7154
1993-05-01,1993-06-01,ME2 BM2,0.7525
1993-05-01,1993-06-01,ME2 BM3,0.2805
1993-05-01,1993-06-01,ME2 BM4,0.6866
1993-05-01,1993-06-01,ME2 BM5,2.3964
1993-05-01,1993-06-01,ME3 BM1,-0.6566
1993-05-01,1993-06-01,ME3 BM2,0.2527
1993-05-01,1993-06-01,ME3 BM3,1.2154
1993-05-01,1993-06-01,ME3 BM4,2.6077
1993-05-01,1993-06-01,ME3 BM5,0.9614
1993-05-01,1993-06-01,ME4 BM1,0.7597
1993-05-01,1993-06-01,ME4 BM2,0.6141
1993-05-01,1993-06-01,ME4 BM3,1.9582
1993-05-01,1993-06-01,ME4 BM4,1.2359
1993-05-01,1993-06-01,ME4 BM5,3.8689
1993-05-01,1993-06-01,BIG LoBM,-2.4597
1993-05-01,1993-06-01,ME5 BM2,1.0699
1993-05-01,1993-06-01,ME5 BM3,1.0732
1993-05-01,1993-06-01,ME5 BM4,2.7614
1993-05-01,1993-06-01,BIG HiBM,4.7147
1993-06-01,1993-07-01,SMALL LoBM,-1.5013
1993-06-01,1993-07-01,ME1 BM2,-0.3534
1993-06-01,1993-07-01,ME1 BM3,1.0043
1993-06-01,1993-07-01,ME1 BM4,1.7241
1993-06-01,1993-07-01,SMALL HiBM,2.8918
1993-06-01,1993-07-01,ME2 BM1,0.2393
1993-06-01,1993-07-01,ME2 BM2,-0.2404
1993-06-01,1993-07-01,ME2 BM3,1.7534
1993-06-01,1993-07-01,ME2 BM4,1.8135
1993-06-01,1993-07-01,ME2 BM5,2.7439
1993-06-01,1993-07-01,ME3 BM1,-0.6897
1993-06-01,1993-07-01,ME3 BM2,0.0043
1993-06-01,1993-07-01,ME3 BM3,0.8978
1993-06-01,1993-07-01,ME3 BM4,2.6182
1993-06-01,1993-07-01,ME3 BM5,-0.4783
1993-06-01,1993-07-01,ME4 BM1,-3.2526
1993-06-01,1993-07-01,ME4 BM2,1.7044
1993-06-01,1993-07-01,ME4 BM3,1.1582
1993-06-01,1993-07-01,ME4 BM4,2.3379
1993-06-01,1993-07-01,ME4 BM5,1.3856
1993-06-01,1993-07-01,BIG LoBM,-3.1481
1993-06-01,1993-07-01,ME5 BM2,-0.1798
1993-06-01,1993-07-01,ME5 BM3,2.0331
1993-06-01,1993-07-01,ME5 BM4,1.563
1993-06-01,1993-07-01,BIG HiBM,-0.1321
1993-07-01,1993-08-01,SMALL LoBM,3.69
1993-07-01,1993-08-01,ME1 BM2,5.4045
1993-07-01,1993-08-01,ME1 BM3,3.5657
1993-07-01,1993-08-01,ME1 BM4,4.2158
1993-07-01,1993-08-01,SMALL HiBM,3.0829
1993-07-01,1993-08-01,ME2 BM1,3.3529
1993-07-01,1993-08-01,ME2 BM2,6.0206
1993-07-01,1993-08-01,ME2 BM3,4.9966
1993-07-01,1993-08-01,ME2 BM4,5.1592
1993-07-01,1993-08-01,ME2 BM5,3.4092
1993-07-01,1993-08-01,ME3 BM1,4.0541
1993-07-01,1993-08-01,ME3 BM2,4.9154
1993-07-01,1993-08-01,ME3 BM3,3.8229
1993-07-01,1993-08-01,ME3 BM4,3.2431
1993-07-01,1993-08-01,ME3 BM5,2.3413
1993-07-01,1993-08-01,ME4 BM1,6.0174
1993-07-01,1993-08-01,ME4 BM2,4.1395
1993-07-01,1993-08-01,ME4 BM3,4.5248
1993-07-01,1993-08-01,ME4 BM4,3.8232
1993-07-01,1993-08-01,ME4 BM5,5.0046
1993-07-01,1993-08-01,BIG LoBM,3.5413
1993-07-01,1993-08-01,ME5 BM2,2.6308
1993-07-01,1993-08-01,ME5 BM3,4.0657
1993-07-01,1993-08-01,ME5 BM4,4.1455
1993-07-01,1993-08-01,BIG HiBM,4.017
1993-08-01,1993-09-01,SMALL LoBM,2.3166
1993-08-01,1993-09-01,ME1 BM2,2.1835
1993-08-01,1993-09-01,ME1 BM3,3.2019
1993-08-01,1993-09-01,ME1 BM4,2.9272
1993-08-01,1993-09-01,SMALL HiBM,3.0529
1993-08-01,1993-09-01,ME2 BM1,3.6932
1993-08-01,1993-09-01,ME2 BM2,3.6296
1993-08-01,1993-09-01,ME2 BM3,2.6797
1993-08-01,1993-09-01,ME2 BM4,2.2549
1993-08-01,1993-09-01,ME2 BM5,2.4328
1993-08-01,1993-09-01,ME3 BM1,4.1171
1993-08-01,1993-09-01,ME3 BM2,1.0854
1993-08-01,1993-09-01,ME3 BM3,1.1661
1993-08-01,1993-09-01,ME3 BM4,1.2163
1993-08-01,1993-09-01,ME3 BM5,0.3364
1993-08-01,1993-09-01,ME4 BM1,0.6374
1993-08-01,1993-09-01,ME4 BM2,1.3501
1993-08-01,1993-09-01,ME4 BM3,0.8382
1993-08-01,1993-09-01,ME4 BM4,-0.9653
1993-08-01,1993-09-01,ME4 BM5,-0.8491
1993-08-01,1993-09-01,BIG LoBM,-1.3055
1993-08-01,1993-09-01,ME5 BM2,-1.6148
1993-08-01,1993-09-01,ME5 BM3,0.2194
1993-08-01,1993-09-01,ME5 BM4,1.4351
1993-08-01,1993-09-01,BIG HiBM,-0.4495
1993-09-01,1993-10-01,SMALL LoBM,5.4357
1993-09-01,1993-10-01,ME1 BM2,4.3121
1993-09-01,1993-10-01,ME1 BM3,4.7227
1993-09-01,1993-10-01,ME1 BM4,4.6769
1993-09-01,1993-10-01,SMALL HiBM,4.2507
1993-09-01,1993-10-01,ME2 BM1,3.9966
1993-09-01,1993-10-01,ME2 BM2,2.0403
1993-09-01,1993-10-01,ME2 BM3,1.6697
1993-09-01,1993-10-01,ME2 BM4,0.8216
1993-09-01,1993-10-01,ME2 BM5,0.6391
1993-09-01,1993-10-01,ME3 BM1,2.3762
1993-09-01,1993-10-01,ME3 BM2,-1.0497
1993-09-01,1993-10-01,ME3 BM3,0.2685
1993-09-01,1993-10-01,ME3 BM4,-0.1622
1993-09-01,1993-10-01,ME3 BM5,3.1162
1993-09-01,1993-10-01,ME4 BM1,3.3845
1993-09-01,1993-10-01,ME4 BM2,0.6957
1993-09-01,1993-10-01,ME4 BM3,0.1949
1993-09-01,1993-10-01,ME4 BM4,-0.681
1993-09-01,1993-10-01,ME4 BM5,-2.2274
1993-09-01,1993-10-01,BIG LoBM,4.719
1993-09-01,1993-10-01,ME5 BM2,1.3893
1993-09-01,1993-10-01,ME5 BM3,-0.744
1993-09-01,1993-10-01,ME5 BM4,-0.4909
1993-09-01,1993-10-01,BIG HiBM,-0.4869
1993-10-01,1993-11-01,SMALL LoBM,-3.9975
1993-10-01,1993-11-01,ME1 BM2,-3.0763
1993-10-01,1993-11-01,ME1 BM3,-1.8477
1993-10-01,1993-11-01,ME1 BM4,-2.1243
1993-10-01,1993-11-01,SMALL HiBM,-1.7173
1993-10-01,1993-11-01,ME2 BM1,-3.2105
1993-10-01,1993-11-01,ME2 BM2,-2.3387
1993-10-01,1993-11-01,ME2 BM3,-2.3673
1993-10-01,1993-11-01,ME2 BM4,-4.1451
1993-10-01,1993-11-01,ME2 BM5,-4.3574
1993-10-01,1993-11-01,ME3 BM1,-2.5438
1993-10-01,1993-11-01,ME3 BM2,-1.9417
1993-10-01,1993-11-01,ME3 BM3,-3.1973
1993-10-01,1993-11-01,ME3 BM4,-3.5452
1993-10-01,1993-11-01,ME3 BM5,-0.4362
1993-10-01,1993-11-01,ME4 BM1,-2.3487
1993-10-01,1993-11-01,ME4 BM2,-2.4718
1993-10-01,1993-11-01,ME4 BM3,-2.248
1993-10-01,1993-11-01,ME4 BM4,-2.5811
1993-10-01,1993-11-01,ME4 BM5,-4.987
1993-10-01,1993-11-01,BIG LoBM,1.8852
1993-10-01,1993-11-01,ME5 BM2,-1.9822
1993-10-01,1993-11-01,ME5 BM3,-2.1602
1993-10-01,1993-11-01,ME5 BM4,-3.9287
1993-10-01,1993-11-01,BIG HiBM,0.707
1993-11-01,1993-12-01,SMALL LoBM,0.818
1993-11-01,1993-12-01,ME1 BM2,0.3909
1993-11-01,1993-12-01,ME1 BM3,1.9232
1993-11-01,1993-12-01,ME1 BM4,1.2319
1993-11-01,1993-12-01,SMALL HiBM,1.0429
1993-11-01,1993-12-01,ME2 BM1,2.2317
1993-11-01,1993-12-01,ME2 BM2,4.4544
1993-11-01,1993-12-01,ME2 BM3,4.538
1993-11-01,1993-12-01,ME2 BM4,1.8034
1993-11-01,1993-12-01,ME2 BM5,3.8085
1993-11-01,1993-12-01,ME3 BM1,3.7118
1993-11-01,1993-12-01,ME3 BM2,6.2907
1993-11-01,1993-12-01,ME3 BM3,5.2086
1993-11-01,1993-12-01,ME3 BM4,5.0855
1993-11-01,1993-12-01,ME3 BM5,2.2353
1993-11-01,1993-12-01,ME4 BM1,4.2124
1993-11-01,1993-12-01,ME4 BM2,6.394
1993-11-01,1993-12-01,ME4 BM3,4.0523
1993-11-01,1993-12-01,ME4 BM4,2.8444
1993-11-01,1993-12-01,ME4 BM5,2.6347
1993-11-01,1993-12-01,BIG LoBM,0.2342
1993-11-01,1993-12-01,ME5 BM2,2.2266
1993-11-01,1993-12-01,ME5 BM3,0.8351
1993-11-01,1993-12-01,ME5 BM4,1.2346
1993-11-01,1993-12-01,BIG HiBM,1.7944
1993-12-01,1994-01-01,SMALL LoBM,2.607
1993-12-01,1994-01-01,ME1 BM2,6.3154
1993-12-01,1994-01-01,ME1 BM3,5.5552
1993-12-01,1994-01-01,ME1 BM4,4.7982
1993-12-01,1994-01-01,SMALL HiBM,5.8043
1993-12-01,1994-01-01,ME2 BM1,1.3069
1993-12-01,1994-01-01,ME2 BM2,1.8425
1993-12-01,1994-01-01,ME2 BM3,2.1841
1993-12-01,1994-01-01,ME2 BM4,2.6419
1993-12-01,1994-01-01,ME2 BM5,4.9746
1993-12-01,1994-01-01,ME3 BM1,1.7448
1993-12-01,1994-01-01,ME3 BM2,2.1527
1993-12-01,1994-01-01,ME3 BM3,1.3877
1993-12-01,1994-01-01,ME3 BM4,3.2224
1993-12-01,1994-01-01,ME3 BM5,6.1967
1993-12-01,1994-01-01,ME4 BM1,2.4014
1993-12-01,1994-01-01,ME4 BM2,3.2401
1993-12-01,1994-01-01,ME4 BM3,5.1023
1993-12-01,1994-01-01,ME4 BM4,3.1792
1993-12-01,1994-01-01,ME4 BM5,2.0139
1993-12-01,1994-01-01,BIG LoBM,1.6584
1993-12-01,1994-01-01,ME5 BM2,4.7973
1993-12-01,1994-01-01,ME5 BM3,4.1719
1993-12-01,1994-01-01,ME5 BM4,2.9785
1993-12-01,1994-01-01,BIG HiBM,2.7417
1994-01-01,1994-02-01,SMALL LoBM,-3.018
1994-01-01,1994-02-01,ME1 BM2,0.7361
1994-01-01,1994-02-01,ME1 BM3,0.5191
1994-01-01,1994-02-01,ME1 BM4,0.0405
1994-01-01,1994-02-01,SMALL HiBM,-0.1318
1994-01-01,1994-02-01,ME2 BM1,-0.6764
1994-01-01,1994-02-01,ME2 BM2,0.5305
1994-01-01,1994-02-01,ME2 BM3,-0.0126
1994-01-01,1994-02-01,ME2 BM4,-1.9337
1994-01-01,1994-02-01,ME2 BM5,-1.177
1994-01-01,1994-02-01,ME3 BM1,-0.6454
1994-01-01,1994-02-01,ME3 BM2,1.5471
1994-01-01,1994-02-01,ME3 BM3,0.6305
1994-01-01,1994-02-01,ME3 BM4,-1.2379
1994-01-01,1994-02-01,ME3 BM5,-1.2079
1994-01-01,1994-02-01,ME4 BM1,-1.4497
1994-01-01,1994-02-01,ME4 BM2,0.3034
1994-01-01,1994-02-01,ME4 BM3,-1.1945
1994-01-01,1994-02-01,ME4 BM4,-2.5922
1994-01-01,1994-02-01,ME4 BM5,-4.9971
1994-01-01,1994-02-01,BIG LoBM,-1.8142
1994-01-01,1994-02-01,ME5 BM2,-2.0506
1994-01-01,1994-02-01,ME5 BM3,-3.46
1994-01-01,1994-02-01,ME5 BM4,-5.3522
1994-01-01,1994-02-01,BIG HiBM,-4.9714
1994-02-01,1994-03-01,SMALL LoBM,-7.8223
1994-02-01,1994-03-01,ME1 BM2,-5.0397
1994-02-01,1994-03-01,ME1 BM3,-4.8156
1994-02-01,1994-03-01,ME1 BM4,-4.4727
1994-02-01,1994-03-01,SMALL HiBM,-2.8962
1994-02-01,1994-03-01,ME2 BM1,-6.9881
1994-02-01,1994-03-01,ME2 BM2,-5.5084
1994-02-01,1994-03-01,ME2 BM3,-5.2712
1994-02-01,1994-03-01,ME2 BM4,-4.1516
1994-02-01,1994-03-01,ME2 BM5,-5.2543
1994-02-01,1994-03-01,ME3 BM1,-5.7541
1994-02-01,1994-03-01,ME3 BM2,-4.8236
1994-02-01,1994-03-01,ME3 BM3,-4.4077
1994-02-01,1994-03-01,ME3 BM4,-4.2602
1994-02-01,1994-03-01,ME3 BM5,-5.0328
1994-02-01,1994-03-01,ME4 BM1,-6.0571
1994-02-01,1994-03-01,ME4 BM2,-5.0019
1994-02-01,1994-03-01,ME4 BM3,-5.0069
1994-02-01,1994-03-01,ME4 BM4,-2.9652
1994-02-01,1994-03-01,ME4 BM5,-0.892
1994-02-01,1994-03-01,BIG LoBM,-4.8018
1994-02-01,1994-03-01,ME5 BM2,-3.9477
1994-02-01,1994-03-01,ME5 BM3,-3.2658
1994-02-01,1994-03-01,ME5 BM4,-4.1055
1994-02-01,1994-03-01,BIG HiBM,-3.9693
1994-03-01,1994-04-01,SMALL LoBM,-3.94
1994-03-01,1994-04-01,ME1 BM2,-0.0468
1994-03-01,1994-04-01,ME1 BM3,-1.4881
1994-03-01,1994-04-01,ME1 BM4,-1.0298
1994-03-01,1994-04-01,SMALL HiBM,0.6945
1994-03-01,1994-04-01,ME2 BM1,-1.2484
1994-03-01,1994-04-01,ME2 BM2,0.8723
1994-03-01,1994-04-01,ME2 BM3,1.3669
1994-03-01,1994-04-01,ME2 BM4,1.9439
1994-03-01,1994-04-01,ME2 BM5,1.999
1994-03-01,1994-04-01,ME3 BM1,-1.256
1994-03-01,1994-04-01,ME3 BM2,2.0202
1994-03-01,1994-04-01,ME3 BM3,1.0288
1994-03-01,1994-04-01,ME3 BM4,0.7568
1994-03-01,1994-04-01,ME3 BM5,1.1053
1994-03-01,1994-04-01,ME4 BM1,-0.2404
1994-03-01,1994-04-01,ME4 BM2,0.6469
1994-03-01,1994-04-01,ME4 BM3,0.9734
1994-03-01,1994-04-01,ME4 BM4,1.7894
1994-03-01,1994-04-01,ME4 BM5,1.9827
1994-03-01,1994-04-01,BIG LoBM,1.2047
1994-03-01,1994-04-01,ME5 BM2,0.2474
1994-03-01,1994-04-01,ME5 BM3,2.1911
1994-03-01,1994-04-01,ME5 BM4,1.634
1994-03-01,1994-04-01,BIG HiBM,2.1477
1994-04-01,1994-05-01,SMALL LoBM,-2.6765
1994-04-01,1994-05-01,ME1 BM2,-2.1146
1994-04-01,1994-05-01,ME1 BM3,-1.2904
1994-04-01,1994-05-01,ME1 BM4,0.0672
1994-04-01,1994-05-01,SMALL HiBM,-0.3854
1994-04-01,1994-05-01,ME2 BM1,-2.2296
1994-04-01,1994-05-01,ME2 BM2,-2.4493
1994-04-01,1994-05-01,ME2 BM3,-1.0869
1994-04-01,1994-05-01,ME2 BM4,-0.3918
1994-04-01,1994-05-01,ME2 BM5,1.3874
1994-04-01,1994-05-01,ME3 BM1,-2.1408
1994-04-01,1994-05-01,ME3 BM2,-1.2966
1994-04-01,1994-05-01,ME3 BM3,0.5874
1994-04-01,1994-05-01,ME3 BM4,-0.8161
1994-04-01,1994-05-01,ME3 BM5,0.2875
1994-04-01,1994-05-01,ME4 BM1,-0.3433
1994-04-01,1994-05-01,ME4 BM2,-0.484
1994-04-01,1994-05-01,ME4 BM3,1.2881
1994-04-01,1994-05-01,ME4 BM4,-1.0884
1994-04-01,1994-05-01,ME4 BM5,-2.0707
1994-04-01,1994-05-01,BIG LoBM,1.0712
1994-04-01,1994-05-01,ME5 BM2,2.7206
1994-04-01,1994-05-01,ME5 BM3,2.7188
1994-04-01,1994-05-01,ME5 BM4,0.0321
1994-04-01,1994-05-01,BIG HiBM,3.4329
1994-05-01,1994-06-01,SMALL LoBM,-6.4925
1994-05-01,1994-06-01,ME1 BM2,-4.6988
1994-05-01,1994-06-01,ME1 BM3,-4.4526
1994-05-01,1994-06-01,ME1 BM4,-2.1829
1994-05-01,1994-06-01,SMALL HiBM,-2.0227
1994-05-01,1994-06-01,ME2 BM1,-5.9041
1994-05-01,1994-06-01,ME2 BM2,-3.301
1994-05-01,1994-06-01,ME2 BM3,-0.2964
1994-05-01,1994-06-01,ME2 BM4,-1.8745
1994-05-01,1994-06-01,ME2 BM5,-0.7989
1994-05-01,1994-06-01,ME3 BM1,-4.1696
1994-05-01,1994-06-01,ME3 BM2,-3.0334
1994-05-01,1994-06-01,ME3 BM3,0.293
1994-05-01,1994-06-01,ME3 BM4,-1.6271
1994-05-01,1994-06-01,ME3 BM5,-1.8119
1994-05-01,1994-06-01,ME4 BM1,-4.9857
1994-05-01,1994-06-01,ME4 BM2,-1.8355
1994-05-01,1994-06-01,ME4 BM3,-3.3433
1994-05-01,1994-06-01,ME4 BM4,-1.9067
1994-05-01,1994-06-01,ME4 BM5,-3.309
1994-05-01,1994-06-01,BIG LoBM,-2.8656
1994-05-01,1994-06-01,ME5 BM2,-2.646
1994-05-01,1994-06-01,ME5 BM3,-2.1865
1994-05-01,1994-06-01,ME5 BM4,-1.3329
1994-05-01,1994-06-01,BIG HiBM,-3.745
1994-06-01,1994-07-01,SMALL LoBM,0.1886
1994-06-01,1994-07-01,ME1 BM2,0.1976
1994-06-01,1994-07-01,ME1 BM3,-0.7816
1994-06-01,1994-07-01,ME1 BM4,0.9688
1994-06-01,1994-07-01,SMALL HiBM,1.1544
1994-06-01,1994-07-01,ME2 BM1,2.2703
1994-06-01,1994-07-01,ME2 BM2,2.1695
1994-06-01,1994-07-01,ME2 BM3,1.836
1994-06-01,1994-07-01,ME2 BM4,2.5888
1994-06-01,1994-07-01,ME2 BM5,2.3234
1994-06-01,1994-07-01,ME3 BM1,3.2613
1994-06-01,1994-07-01,ME3 BM2,1.766
1994-06-01,1994-07-01,ME3 BM3,0.7727
1994-06-01,1994-07-01,ME3 BM4,3.7644
1994-06-01,1994-07-01,ME3 BM5,3.5881
1994-06-01,1994-07-01,ME4 BM1,2.3857
1994-06-01,1994-07-01,ME4 BM2,3.9097
1994-06-01,1994-07-01,ME4 BM3,3.2214
1994-06-01,1994-07-01,ME4 BM4,4.9195
1994-06-01,1994-07-01,ME4 BM5,3.9122
1994-06-01,1994-07-01,BIG LoBM,3.0956
1994-06-01,1994-07-01,ME5 BM2,2.9083
1994-06-01,1994-07-01,ME5 BM3,4.3448
1994-06-01,1994-07-01,ME5 BM4,3.8701
1994-06-01,1994-07-01,BIG HiBM,1.4054
1994-07-01,1994-08-01,SMALL LoBM,3.8151
1994-07-01,1994-08-01,ME1 BM2,4.1132
1994-07-01,1994-08-01,ME1 BM3,5.1216
1994-07-01,1994-08-01,ME1 BM4,2.5715
1994-07-01,1994-08-01,SMALL HiBM,2.8197
1994-07-01,1994-08-01,ME2 BM1,9.7018
1994-07-01,1994-08-01,ME2 BM2,6.117
1994-07-01,1994-08-01,ME2 BM3,4.1083
1994-07-01,1994-08-01,ME2 BM4,4.247
1994-07-01,1994-08-01,ME2 BM5,4.6721
1994-07-01,1994-08-01,ME3 BM1,9.724
1994-07-01,1994-08-01,ME3 BM2,5.0644
1994-07-01,1994-08-01,ME3 BM3,4.4459
1994-07-01,1994-08-01,ME3 BM4,2.7935
1994-07-01,1994-08-01,ME3 BM5,5.2206
1994-07-01,1994-08-01,ME4 BM1,7.8567
1994-07-01,1994-08-01,ME4 BM2,4.8163
1994-07-01,1994-08-01,ME4 BM3,2.9864
1994-07-01,1994-08-01,ME4 BM4,3.1779
1994-07-01,1994-08-01,ME4 BM5,4.4922
1994-07-01,1994-08-01,BIG LoBM,5.2737
1994-07-01,1994-08-01,ME5 BM2,3.4613
1994-07-01,1994-08-01,ME5 BM3,1.8741
1994-07-01,1994-08-01,ME5 BM4,3.8469
1994-07-01,1994-08-01,BIG HiBM,3.3881
1994-08-01,1994-09-01,SMALL LoBM,0.9049
1994-08-01,1994-09-01,ME1 BM2,1.9547
1994-08-01,1994-09-01,ME1 BM3,0.7736
1994-08-01,1994-09-01,ME1 BM4,2.7458
1994-08-01,1994-09-01,SMALL HiBM,0.8228
1994-08-01,1994-09-01,ME2 BM1,0.1258
1994-08-01,1994-09-01,ME2 BM2,0.8275
1994-08-01,1994-09-01,ME2 BM3,-1.361
1994-08-01,1994-09-01,ME2 BM4,0.9622
1994-08-01,1994-09-01,ME2 BM5,-1.4799
1994-08-01,1994-09-01,ME3 BM1,0.6511
1994-08-01,1994-09-01,ME3 BM2,-1.3503
1994-08-01,1994-09-01,ME3 BM3,-1.9842
1994-08-01,1994-09-01,ME3 BM4,-1.6756
1994-08-01,1994-09-01,ME3 BM5,-1.0856
1994-08-01,1994-09-01,ME4 BM1,-0.7909
1994-08-01,1994-09-01,ME4 BM2,-1.8783
1994-08-01,1994-09-01,ME4 BM3,-2.7472
1994-08-01,1994-09-01,ME4 BM4,-3.3104
1994-08-01,1994-09-01,ME4 BM5,-2.5419
1994-08-01,1994-09-01,BIG LoBM,-1.2027
1994-08-01,1994-09-01,ME5 BM2,-3.475
1994-08-01,1994-09-01,ME5 BM3,-2.3454
1994-08-01,1994-09-01,ME5 BM4,-4.0922
1994-08-01,1994-09-01,BIG HiBM,-6.2262
1994-09-01,1994-10-01,SMALL LoBM,-0.7415
1994-09-01,1994-10-01,ME1 BM2,0.9649
1994-09-01,1994-10-01,ME1 BM3,-0.229
1994-09-01,1994-10-01,ME1 BM4,1.2103
1994-09-01,1994-10-01,SMALL HiBM,0.2307
1994-09-01,1994-10-01,ME2 BM1,1.876
1994-09-01,1994-10-01,ME2 BM2,-0.0061
1994-09-01,1994-10-01,ME2 BM3,-0.2938
1994-09-01,1994-10-01,ME2 BM4,-0.4526
1994-09-01,1994-10-01,ME2 BM5,-3.8106
1994-09-01,1994-10-01,ME3 BM1,3.4383
1994-09-01,1994-10-01,ME3 BM2,-0.7247
1994-09-01,1994-10-01,ME3 BM3,-0.0341
1994-09-01,1994-10-01,ME3 BM4,-0.6216
1994-09-01,1994-10-01,ME3 BM5,-2.6596
1994-09-01,1994-10-01,ME4 BM1,0.5655
1994-09-01,1994-10-01,ME4 BM2,1.3723
1994-09-01,1994-10-01,ME4 BM3,1.041
1994-09-01,1994-10-01,ME4 BM4,-0.7358
1994-09-01,1994-10-01,ME4 BM5,-1.9807
1994-09-01,1994-10-01,BIG LoBM,2.3942
1994-09-01,1994-10-01,ME5 BM2,2.3585
1994-09-01,1994-10-01,ME5 BM3,3.3545
1994-09-01,1994-10-01,ME5 BM4,1.7499
1994-09-01,1994-10-01,BIG HiBM,2.5049
1994-10-01,1994-11-01,SMALL LoBM,-4.4831
1994-10-01,1994-11-01,ME1 BM2,-3.2212
1994-10-01,1994-11-01,ME1 BM3,-2.7394
1994-10-01,1994-11-01,ME1 BM4,-3.1991
1994-10-01,1994-11-01,SMALL HiBM,-3.1054
1994-10-01,1994-11-01,ME2 BM1,-3.0003
1994-10-01,1994-11-01,ME2 BM2,-3.7119
1994-10-01,1994-11-01,ME2 BM3,-3.8838
1994-10-01,1994-11-01,ME2 BM4,-3.8378
1994-10-01,1994-11-01,ME2 BM5,-4.9873
1994-10-01,1994-11-01,ME3 BM1,-5.427
1994-10-01,1994-11-01,ME3 BM2,-4.3481
1994-10-01,1994-11-01,ME3 BM3,-4.5543
1994-10-01,1994-11-01,ME3 BM4,-2.9053
1994-10-01,1994-11-01,ME3 BM5,-5.0912
1994-10-01,1994-11-01,ME4 BM1,-4.0557
1994-10-01,1994-11-01,ME4 BM2,-3.7161
1994-10-01,1994-11-01,ME4 BM3,-4.0225
1994-10-01,1994-11-01,ME4 BM4,-3.9729
1994-10-01,1994-11-01,ME4 BM5,-5.4087
1994-10-01,1994-11-01,BIG LoBM,-2.0818
1994-10-01,1994-11-01,ME5 BM2,-5.176
1994-10-01,1994-11-01,ME5 BM3,-2.7346
1994-10-01,1994-11-01,ME5 BM4,-5.0928
1994-10-01,1994-11-01,BIG HiBM,-2.7375
1994-11-01,1994-12-01,SMALL LoBM,-2.7502
1994-11-01,1994-12-01,ME1 BM2,-0.8949
1994-11-01,1994-12-01,ME1 BM3,-0.2672
1994-11-01,1994-12-01,ME1 BM4,0.0808
1994-11-01,1994-12-01,SMALL HiBM,-0.1363
1994-11-01,1994-12-01,ME2 BM1,1.6996
1994-11-01,1994-12-01,ME2 BM2,2.0336
1994-11-01,1994-12-01,ME2 BM3,2.5898
1994-11-01,1994-12-01,ME2 BM4,2.5628
1994-11-01,1994-12-01,ME2 BM5,1.055
1994-11-01,1994-12-01,ME3 BM1,1.7545
1994-11-01,1994-12-01,ME3 BM2,3.1198
1994-11-01,1994-12-01,ME3 BM3,2.0369
1994-11-01,1994-12-01,ME3 BM4,2.5405
1994-11-01,1994-12-01,ME3 BM5,4.5287
1994-11-01,1994-12-01,ME4 BM1,2.0471
1994-11-01,1994-12-01,ME4 BM2,1.1875
1994-11-01,1994-12-01,ME4 BM3,0.0008
1994-11-01,1994-12-01,ME4 BM4,0.9441
1994-11-01,1994-12-01,ME4 BM5,1.1911
1994-11-01,1994-12-01,BIG LoBM,1.6066
1994-11-01,1994-12-01,ME5 BM2,1.0769
1994-11-01,1994-12-01,ME5 BM3,1.1418
1994-11-01,1994-12-01,ME5 BM4,1.1139
1994-11-01,1994-12-01,BIG HiBM,0.1702
1994-12-01,1995-01-01,SMALL LoBM,1.1066
1994-12-01,1995-01-01,ME1 BM2,2.3207
1994-12-01,1995-01-01,ME1 BM3,3.1918
1994-12-01,1995-01-01,ME1 BM4,2.2938
1994-12-01,1995-01-01,SMALL HiBM,2.2048
1994-12-01,1995-01-01,ME2 BM1,-1.9907
1994-12-01,1995-01-01,ME2 BM2,-0.9191
1994-12-01,1995-01-01,ME2 BM3,-0.0897
1994-12-01,1995-01-01,ME2 BM4,-0.4292
1994-12-01,1995-01-01,ME2 BM5,0.2609
1994-12-01,1995-01-01,ME3 BM1,-1.3823
1994-12-01,1995-01-01,ME3 BM2,-2.3879
1994-12-01,1995-01-01,ME3 BM3,-0.5406
1994-12-01,1995-01-01,ME3 BM4,-0.0285
1994-12-01,1995-01-01,ME3 BM5,0.5912
1994-12-01,1995-01-01,ME4 BM1,-0.1406
1994-12-01,1995-01-01,ME4 BM2,1.2516
1994-12-01,1995-01-01,ME4 BM3,0.9635
1994-12-01,1995-01-01,ME4 BM4,3.9371
1994-12-01,1995-01-01,ME4 BM5,4.6626
1994-12-01,1995-01-01,BIG LoBM,2.7691
1994-12-01,1995-01-01,ME5 BM2,1.6709
1994-12-01,1995-01-01,ME5 BM3,3.5451
1994-12-01,1995-01-01,ME5 BM4,4.3476
1994-12-01,1995-01-01,BIG HiBM,6.4907
1995-01-01,1995-02-01,SMALL LoBM,2.4426
1995-01-01,1995-02-01,ME1 BM2,3.8224
1995-01-01,1995-02-01,ME1 BM3,1.9633
1995-01-01,1995-02-01,ME1 BM4,2.2163
1995-01-01,1995-02-01,SMALL HiBM,3.2976
1995-01-01,1995-02-01,ME2 BM1,3.4811
1995-01-01,1995-02-01,ME2 BM2,4.5122
1995-01-01,1995-02-01,ME2 BM3,3.4208
1995-01-01,1995-02-01,ME2 BM4,2.8009
1995-01-01,1995-02-01,ME2 BM5,5.9165
1995-01-01,1995-02-01,ME3 BM1,5.4058
1995-01-01,1995-02-01,ME3 BM2,5.6934
1995-01-01,1995-02-01,ME3 BM3,4.1939
1995-01-01,1995-02-01,ME3 BM4,4.8395
1995-01-01,1995-02-01,ME3 BM5,5.2637
1995-01-01,1995-02-01,ME4 BM1,4.3862
1995-01-01,1995-02-01,ME4 BM2,4.7534
1995-01-01,1995-02-01,ME4 BM3,5.0538
1995-01-01,1995-02-01,ME4 BM4,4.0774
1995-01-01,1995-02-01,ME4 BM5,4.8349
1995-01-01,1995-02-01,BIG LoBM,3.5546
1995-01-01,1995-02-01,ME5 BM2,4.6831
1995-01-01,1995-02-01,ME5 BM3,2.9146
1995-01-01,1995-02-01,ME5 BM4,3.6047
1995-01-01,1995-02-01,BIG HiBM,7.5757
1995-02-01,1995-03-01,SMALL LoBM,0.7663
1995-02-01,1995-03-01,ME1 BM2,1.5807
1995-02-01,1995-03-01,ME1 BM3,1.2794
1995-02-01,1995-03-01,ME1 BM4,1.0865
1995-02-01,1995-03-01,SMALL HiBM,0.8022
1995-02-01,1995-03-01,ME2 BM1,4.5577
1995-02-01,1995-03-01,ME2 BM2,1.1513
1995-02-01,1995-03-01,ME2 BM3,2.7385
1995-02-01,1995-03-01,ME2 BM4,1.9727
1995-02-01,1995-03-01,ME2 BM5,1.9184
1995-02-01,1995-03-01,ME3 BM1,3.6868
1995-02-01,1995-03-01,ME3 BM2,2.2508
1995-02-01,1995-03-01,ME3 BM3,1.768
1995-02-01,1995-03-01,ME3 BM4,0.2144
1995-02-01,1995-03-01,ME3 BM5,1.0854
1995-02-01,1995-03-01,ME4 BM1,3.1749
1995-02-01,1995-03-01,ME4 BM2,3.4356
1995-02-01,1995-03-01,ME4 BM3,2.6236
1995-02-01,1995-03-01,ME4 BM4,1.44
1995-02-01,1995-03-01,ME4 BM5,0.6306
1995-02-01,1995-03-01,BIG LoBM,2.7306
1995-02-01,1995-03-01,ME5 BM2,3.9251
1995-02-01,1995-03-01,ME5 BM3,3.5669
1995-02-01,1995-03-01,ME5 BM4,0.4744
1995-02-01,1995-03-01,BIG HiBM,1.1671
1995-03-01,1995-04-01,SMALL LoBM,1.5341
1995-03-01,1995-04-01,ME1 BM2,2.902
1995-03-01,1995-04-01,ME1 BM3,3.3299
1995-03-01,1995-04-01,ME1 BM4,2.242
1995-03-01,1995-04-01,SMALL HiBM,3.9593
1995-03-01,1995-04-01,ME2 BM1,0.028
1995-03-01,1995-04-01,ME2 BM2,1.5667
1995-03-01,1995-04-01,ME2 BM3,3.482
1995-03-01,1995-04-01,ME2 BM4,2.0994
1995-03-01,1995-04-01,ME2 BM5,3.5311
1995-03-01,1995-04-01,ME3 BM1,-0.1142
1995-03-01,1995-04-01,ME3 BM2,1.6927
1995-03-01,1995-04-01,ME3 BM3,1.9755
1995-03-01,1995-04-01,ME3 BM4,3.6249
1995-03-01,1995-04-01,ME3 BM5,2.0355
1995-03-01,1995-04-01,ME4 BM1,0.3855
1995-03-01,1995-04-01,ME4 BM2,2.1425
1995-03-01,1995-04-01,ME4 BM3,3.6995
1995-03-01,1995-04-01,ME4 BM4,1.0515
1995-03-01,1995-04-01,ME4 BM5,3.7429
1995-03-01,1995-04-01,BIG LoBM,2.7238
1995-03-01,1995-04-01,ME5 BM2,3.3025
1995-03-01,1995-04-01,ME5 BM3,2.6925
1995-03-01,1995-04-01,ME5 BM4,2.3646
1995-03-01,1995-04-01,BIG HiBM,5.9711
1995-04-01,1995-05-01,SMALL LoBM,1.5282
1995-04-01,1995-05-01,ME1 BM2,2.1927
1995-04-01,1995-05-01,ME1 BM3,1.8735
1995-04-01,1995-05-01,ME1 BM4,1.3174
1995-04-01,1995-05-01,SMALL HiBM,3.178
1995-04-01,1995-05-01,ME2 BM1,1.1852
1995-04-01,1995-05-01,ME2 BM2,1.2379
1995-04-01,1995-05-01,ME2 BM3,1.6527
1995-04-01,1995-05-01,ME2 BM4,2.7263
1995-04-01,1995-05-01,ME2 BM5,2.5762
1995-04-01,1995-05-01,ME3 BM1,2.0959
1995-04-01,1995-05-01,ME3 BM2,-0.6547
1995-04-01,1995-05-01,ME3 BM3,1.8199
1995-04-01,1995-05-01,ME3 BM4,3.0288
1995-04-01,1995-05-01,ME3 BM5,2.9881
1995-04-01,1995-05-01,ME4 BM1,1.9239
1995-04-01,1995-05-01,ME4 BM2,1.5788
1995-04-01,1995-05-01,ME4 BM3,2.3845
1995-04-01,1995-05-01,ME4 BM4,3.4552
1995-04-01,1995-05-01,ME4 BM5,5.0637
1995-04-01,1995-05-01,BIG LoBM,3.8495
1995-04-01,1995-05-01,ME5 BM2,2.9118
1995-04-01,1995-05-01,ME5 BM3,4.3852
1995-04-01,1995-05-01,ME5 BM4,6.298
1995-04-01,1995-05-01,BIG HiBM,6.1654
1995-05-01,1995-06-01,SMALL LoBM,7.9438
1995-05-01,1995-06-01,ME1 BM2,6.848
1995-05-01,1995-06-01,ME1 BM3,7.0659
1995-05-01,1995-06-01,ME1 BM4,5.0279
1995-05-01,1995-06-01,SMALL HiBM,5.2106
1995-05-01,1995-06-01,ME2 BM1,9.8801
1995-05-01,1995-06-01,ME2 BM2,4.3654
1995-05-01,1995-06-01,ME2 BM3,4.5974
1995-05-01,1995-06-01,ME2 BM4,4.0402
1995-05-01,1995-06-01,ME2 BM5,4.7797
1995-05-01,1995-06-01,ME3 BM1,6.5418
1995-05-01,1995-06-01,ME3 BM2,3.1684
1995-05-01,1995-06-01,ME3 BM3,3.0868
1995-05-01,1995-06-01,ME3 BM4,3.1611
1995-05-01,1995-06-01,ME3 BM5,2.1738
1995-05-01,1995-06-01,ME4 BM1,6.652
1995-05-01,1995-06-01,ME4 BM2,3.2704
1995-05-01,1995-06-01,ME4 BM3,2.6504
1995-05-01,1995-06-01,ME4 BM4,2.5183
1995-05-01,1995-06-01,ME4 BM5,2.813
1995-05-01,1995-06-01,BIG LoBM,3.3656
1995-05-01,1995-06-01,ME5 BM2,2.611
1995-05-01,1995-06-01,ME5 BM3,0.1066
1995-05-01,1995-06-01,ME5 BM4,1.5432
1995-05-01,1995-06-01,BIG HiBM,1.5827
1995-06-01,1995-07-01,SMALL LoBM,7.3039
1995-06-01,1995-07-01,ME1 BM2,6.8396
1995-06-01,1995-07-01,ME1 BM3,5.1186
1995-06-01,1995-07-01,ME1 BM4,4.9206
1995-06-01,1995-07-01,SMALL HiBM,4.9766
1995-06-01,1995-07-01,ME2 BM1,9.1515
1995-06-01,1995-07-01,ME2 BM2,6.5003
1995-06-01,1995-07-01,ME2 BM3,3.9287
1995-06-01,1995-07-01,ME2 BM4,5.1152
1995-06-01,1995-07-01,ME2 BM5,5.0085
1995-06-01,1995-07-01,ME3 BM1,8.1297
1995-06-01,1995-07-01,ME3 BM2,4.902
1995-06-01,1995-07-01,ME3 BM3,4.5039
1995-06-01,1995-07-01,ME3 BM4,3.7661
1995-06-01,1995-07-01,ME3 BM5,4.4946
1995-06-01,1995-07-01,ME4 BM1,8.0306
1995-06-01,1995-07-01,ME4 BM2,4.5953
1995-06-01,1995-07-01,ME4 BM3,3.9598
1995-06-01,1995-07-01,ME4 BM4,4.3292
1995-06-01,1995-07-01,ME4 BM5,3.6226
1995-06-01,1995-07-01,BIG LoBM,2.9956
1995-06-01,1995-07-01,ME5 BM2,3.927
1995-06-01,1995-07-01,ME5 BM3,4.0559
1995-06-01,1995-07-01,ME5 BM4,2.7344
1995-06-01,1995-07-01,BIG HiBM,3.4017
1995-07-01,1995-08-01,SMALL LoBM,4.1365
1995-07-01,1995-08-01,ME1 BM2,4.7315
1995-07-01,1995-08-01,ME1 BM3,4.316
1995-07-01,1995-08-01,ME1 BM4,3.7293
1995-07-01,1995-08-01,SMALL HiBM,4.1467
1995-07-01,1995-08-01,ME2 BM1,0.7324
1995-07-01,1995-08-01,ME2 BM2,1.8049
1995-07-01,1995-08-01,ME2 BM3,0.7284
1995-07-01,1995-08-01,ME2 BM4,3.5914
1995-07-01,1995-08-01,ME2 BM5,3.4319
1995-07-01,1995-08-01,ME3 BM1,0.5037
1995-07-01,1995-08-01,ME3 BM2,2.1315
1995-07-01,1995-08-01,ME3 BM3,1.0503
1995-07-01,1995-08-01,ME3 BM4,4.2464
1995-07-01,1995-08-01,ME3 BM5,3.0852
1995-07-01,1995-08-01,ME4 BM1,0.1026
1995-07-01,1995-08-01,ME4 BM2,0.8228
1995-07-01,1995-08-01,ME4 BM3,2.5051
1995-07-01,1995-08-01,ME4 BM4,2.2636
1995-07-01,1995-08-01,ME4 BM5,4.4378
1995-07-01,1995-08-01,BIG LoBM,0.0734
1995-07-01,1995-08-01,ME5 BM2,0.3728
1995-07-01,1995-08-01,ME5 BM3,0.1906
1995-07-01,1995-08-01,ME5 BM4,2.7056
1995-07-01,1995-08-01,BIG HiBM,4.3724
1995-08-01,1995-09-01,SMALL LoBM,3.4452
1995-08-01,1995-09-01,ME1 BM2,2.8168
1995-08-01,1995-09-01,ME1 BM3,2.032
1995-08-01,1995-09-01,ME1 BM4,1.8791
1995-08-01,1995-09-01,SMALL HiBM,2.4809
1995-08-01,1995-09-01,ME2 BM1,2.2334
1995-08-01,1995-09-01,ME2 BM2,1.3852
1995-08-01,1995-09-01,ME2 BM3,1.9855
1995-08-01,1995-09-01,ME2 BM4,2.9535
1995-08-01,1995-09-01,ME2 BM5,0.5578
1995-08-01,1995-09-01,ME3 BM1,2.1605
1995-08-01,1995-09-01,ME3 BM2,1.109
1995-08-01,1995-09-01,ME3 BM3,1.5493
1995-08-01,1995-09-01,ME3 BM4,1.973
1995-08-01,1995-09-01,ME3 BM5,1.0291
1995-08-01,1995-09-01,ME4 BM1,3.5126
1995-08-01,1995-09-01,ME4 BM2,2.0675
1995-08-01,1995-09-01,ME4 BM3,1.3504
1995-08-01,1995-09-01,ME4 BM4,2.0219
1995-08-01,1995-09-01,ME4 BM5,3.483
1995-08-01,1995-09-01,BIG LoBM,5.5287
1995-08-01,1995-09-01,ME5 BM2,2.5077
1995-08-01,1995-09-01,ME5 BM3,3.527
1995-08-01,1995-09-01,ME5 BM4,4.7456
1995-08-01,1995-09-01,BIG HiBM,7.1058
1995-09-01,1995-10-01,SMALL LoBM,-6.331
1995-09-01,1995-10-01,ME1 BM2,-5.7492
1995-09-01,1995-10-01,ME1 BM3,-4.8701
1995-09-01,1995-10-01,ME1 BM4,-3.6498
1995-09-01,1995-10-01,SMALL HiBM,-2.7689
1995-09-01,1995-10-01,ME2 BM1,-6.9038
1995-09-01,1995-10-01,ME2 BM2,-6.7688
1995-09-01,1995-10-01,ME2 BM3,-5.4622
1995-09-01,1995-10-01,ME2 BM4,-4.9389
1995-09-01,1995-10-01,ME2 BM5,-5.0729
1995-09-01,1995-10-01,ME3 BM1,-2.7349
1995-09-01,1995-10-01,ME3 BM2,-3.8311
1995-09-01,1995-10-01,ME3 BM3,-2.64
1995-09-01,1995-10-01,ME3 BM4,-3.1487
1995-09-01,1995-10-01,ME3 BM5,-2.7795
1995-09-01,1995-10-01,ME4 BM1,-1.8081
1995-09-01,1995-10-01,ME4 BM2,-4.318
1995-09-01,1995-10-01,ME4 BM3,-2.2673
1995-09-01,1995-10-01,ME4 BM4,-0.8721
1995-09-01,1995-10-01,ME4 BM5,-1.1196
1995-09-01,1995-10-01,BIG LoBM,0.3605
1995-09-01,1995-10-01,ME5 BM2,0.7558
1995-09-01,1995-10-01,ME5 BM3,0.7892
1995-09-01,1995-10-01,ME5 BM4,-3.1983
1995-09-01,1995-10-01,BIG HiBM,-3.3851
1995-10-01,1995-11-01,SMALL LoBM,2.1326
1995-10-01,1995-11-01,ME1 BM2,2.4955
1995-10-01,1995-11-01,ME1 BM3,0.7402
1995-10-01,1995-11-01,ME1 BM4,2.3183
1995-10-01,1995-11-01,SMALL HiBM,1.5341
1995-10-01,1995-11-01,ME2 BM1,4.9358
1995-10-01,1995-11-01,ME2 BM2,4.9635
1995-10-01,1995-11-01,ME2 BM3,3.8818
1995-10-01,1995-11-01,ME2 BM4,4.626
1995-10-01,1995-11-01,ME2 BM5,5.9429
1995-10-01,1995-11-01,ME3 BM1,6.3371
1995-10-01,1995-11-01,ME3 BM2,3.5027
1995-10-01,1995-11-01,ME3 BM3,3.8072
1995-10-01,1995-11-01,ME3 BM4,4.778
1995-10-01,1995-11-01,ME3 BM5,5.1378
1995-10-01,1995-11-01,ME4 BM1,4.306
1995-10-01,1995-11-01,ME4 BM2,4.9393
1995-10-01,1995-11-01,ME4 BM3,3.9843
1995-10-01,1995-11-01,ME4 BM4,4.7279
1995-10-01,1995-11-01,ME4 BM5,4.6705
1995-10-01,1995-11-01,BIG LoBM,4.8716
1995-10-01,1995-11-01,ME5 BM2,2.0393
1995-10-01,1995-11-01,ME5 BM3,4.8947
1995-10-01,1995-11-01,ME5 BM4,4.9509
1995-10-01,1995-11-01,BIG HiBM,5.3539
1995-11-01,1995-12-01,SMALL LoBM,2.4222
1995-11-01,1995-12-01,ME1 BM2,2.9216
1995-11-01,1995-12-01,ME1 BM3,1.7045
1995-11-01,1995-12-01,ME1 BM4,1.3309
1995-11-01,1995-12-01,SMALL HiBM,1.4631
1995-11-01,1995-12-01,ME2 BM1,2.8807
1995-11-01,1995-12-01,ME2 BM2,2.2128
1995-11-01,1995-12-01,ME2 BM3,3.4155
1995-11-01,1995-12-01,ME2 BM4,3.2689
1995-11-01,1995-12-01,ME2 BM5,3.3367
1995-11-01,1995-12-01,ME3 BM1,1.2257
1995-11-01,1995-12-01,ME3 BM2,1.8338
1995-11-01,1995-12-01,ME3 BM3,2.8956
1995-11-01,1995-12-01,ME3 BM4,3.2865
1995-11-01,1995-12-01,ME3 BM5,1.4297
1995-11-01,1995-12-01,ME4 BM1,-1.4858
1995-11-01,1995-12-01,ME4 BM2,0.642
1995-11-01,1995-12-01,ME4 BM3,1.2253
1995-11-01,1995-12-01,ME4 BM4,0.2472
1995-11-01,1995-12-01,ME4 BM5,0.4044
1995-11-01,1995-12-01,BIG LoBM,1.1885
1995-11-01,1995-12-01,ME5 BM2,0.9499
1995-11-01,1995-12-01,ME5 BM3,3.8817
1995-11-01,1995-12-01,ME5 BM4,0.9966
1995-11-01,1995-12-01,BIG HiBM,1.4852
1995-12-01,1996-01-01,SMALL LoBM,1.5372
1995-12-01,1996-01-01,ME1 BM2,0.4245
1995-12-01,1996-01-01,ME1 BM3,1.3865
1995-12-01,1996-01-01,ME1 BM4,1.4805
1995-12-01,1996-01-01,SMALL HiBM,0.8087
1995-12-01,1996-01-01,ME2 BM1,-0.1563
1995-12-01,1996-01-01,ME2 BM2,-1.2629
1995-12-01,1996-01-01,ME2 BM3,0.6593
1995-12-01,1996-01-01,ME2 BM4,-0.862
1995-12-01,1996-01-01,ME2 BM5,0.3891
1995-12-01,1996-01-01,ME3 BM1,-1.6753
1995-12-01,1996-01-01,ME3 BM2,0.3971
1995-12-01,1996-01-01,ME3 BM3,-0.1328
1995-12-01,1996-01-01,ME3 BM4,1.0032
1995-12-01,1996-01-01,ME3 BM5,0.8012
1995-12-01,1996-01-01,ME4 BM1,1.63
1995-12-01,1996-01-01,ME4 BM2,2.1328
1995-12-01,1996-01-01,ME4 BM3,1.6493
1995-12-01,1996-01-01,ME4 BM4,2.1008
1995-12-01,1996-01-01,ME4 BM5,1.2085
1995-12-01,1996-01-01,BIG LoBM,3.9699
1995-12-01,1996-01-01,ME5 BM2,2.5867
1995-12-01,1996-01-01,ME5 BM3,3.3743
1995-12-01,1996-01-01,ME5 BM4,2.9295
1995-12-01,1996-01-01,BIG HiBM,4.3258
1996-01-01,1996-02-01,SMALL LoBM,3.884
1996-01-01,1996-02-01,ME1 BM2,1.0917
1996-01-01,1996-02-01,ME1 BM3,3.8552
1996-01-01,1996-02-01,ME1 BM4,1.8964
1996-01-01,1996-02-01,SMALL HiBM,3.4915
1996-01-01,1996-02-01,ME2 BM1,5.432
1996-01-01,1996-02-01,ME2 BM2,5.7169
1996-01-01,1996-02-01,ME2 BM3,2.072
1996-01-01,1996-02-01,ME2 BM4,1.9514
1996-01-01,1996-02-01,ME2 BM5,1.3205
1996-01-01,1996-02-01,ME3 BM1,4.6929
1996-01-01,1996-02-01,ME3 BM2,4.0005
1996-01-01,1996-02-01,ME3 BM3,2.1663
1996-01-01,1996-02-01,ME3 BM4,2.5577
1996-01-01,1996-02-01,ME3 BM5,1.6162
1996-01-01,1996-02-01,ME4 BM1,5.4292
1996-01-01,1996-02-01,ME4 BM2,1.0876
1996-01-01,1996-02-01,ME4 BM3,0.4878
1996-01-01,1996-02-01,ME4 BM4,1.6553
1996-01-01,1996-02-01,ME4 BM5,-0.8796
1996-01-01,1996-02-01,BIG LoBM,0.5819
1996-01-01,1996-02-01,ME5 BM2,3.0463
1996-01-01,1996-02-01,ME5 BM3,1.4961
1996-01-01,1996-02-01,ME5 BM4,0.6027
1996-01-01,1996-02-01,BIG HiBM,2.9718
1996-02-01,1996-03-01,SMALL LoBM,2.7839
1996-02-01,1996-03-01,ME1 BM2,3.7828
1996-02-01,1996-03-01,ME1 BM3,3.1612
1996-02-01,1996-03-01,ME1 BM4,4.0984
1996-02-01,1996-03-01,SMALL HiBM,1.9836
1996-02-01,1996-03-01,ME2 BM1,1.9559
1996-02-01,1996-03-01,ME2 BM2,3.2139
1996-02-01,1996-03-01,ME2 BM3,0.9729
1996-02-01,1996-03-01,ME2 BM4,1.8474
1996-02-01,1996-03-01,ME2 BM5,3.9309
1996-02-01,1996-03-01,ME3 BM1,2.9344
1996-02-01,1996-03-01,ME3 BM2,1.0438
1996-02-01,1996-03-01,ME3 BM3,3.3547
1996-02-01,1996-03-01,ME3 BM4,3.2145
1996-02-01,1996-03-01,ME3 BM5,1.9585
1996-02-01,1996-03-01,ME4 BM1,1.2142
1996-02-01,1996-03-01,ME4 BM2,0.8591
1996-02-01,1996-03-01,ME4 BM3,3.0354
1996-02-01,1996-03-01,ME4 BM4,0.7508
1996-02-01,1996-03-01,ME4 BM5,2.1938
1996-02-01,1996-03-01,BIG LoBM,-0.056
1996-02-01,1996-03-01,ME5 BM2,2.1681
1996-02-01,1996-03-01,ME5 BM3,0.9239
1996-02-01,1996-03-01,ME5 BM4,1.7778
1996-02-01,1996-03-01,BIG HiBM,1.3612
1996-03-01,1996-04-01,SMALL LoBM,8.4767
1996-03-01,1996-04-01,ME1 BM2,9.7516
1996-03-01,1996-04-01,ME1 BM3,8.582
1996-03-01,1996-04-01,ME1 BM4,6.0244
1996-03-01,1996-04-01,SMALL HiBM,5.6875
1996-03-01,1996-04-01,ME2 BM1,10.1676
1996-03-01,1996-04-01,ME2 BM2,9.132
1996-03-01,1996-04-01,ME2 BM3,2.5194
1996-03-01,1996-04-01,ME2 BM4,4.2759
1996-03-01,1996-04-01,ME2 BM5,6.4714
1996-03-01,1996-04-01,ME3 BM1,5.7558
1996-03-01,1996-04-01,ME3 BM2,4.6473
1996-03-01,1996-04-01,ME3 BM3,1.9961
1996-03-01,1996-04-01,ME3 BM4,1.2811
1996-03-01,1996-04-01,ME3 BM5,1.5941
1996-03-01,1996-04-01,ME4 BM1,6.3757
1996-03-01,1996-04-01,ME4 BM2,4.1554
1996-03-01,1996-04-01,ME4 BM3,3.8187
1996-03-01,1996-04-01,ME4 BM4,-0.2391
1996-03-01,1996-04-01,ME4 BM5,-1.8678
1996-03-01,1996-04-01,BIG LoBM,1.2794
1996-03-01,1996-04-01,ME5 BM2,3.2201
1996-03-01,1996-04-01,ME5 BM3,1.2419
1996-03-01,1996-04-01,ME5 BM4,-0.4336
1996-03-01,1996-04-01,BIG HiBM,-1.4111
1996-04-01,1996-05-01,SMALL LoBM,8.5706
1996-04-01,1996-05-01,ME1 BM2,6.733
1996-04-01,1996-05-01,ME1 BM3,7.8494
1996-04-01,1996-05-01,ME1 BM4,6.3869
1996-04-01,1996-05-01,SMALL HiBM,5.756
1996-04-01,1996-05-01,ME2 BM1,6.0885
1996-04-01,1996-05-01,ME2 BM2,4.4222
1996-04-01,1996-05-01,ME2 BM3,4.2858
1996-04-01,1996-05-01,ME2 BM4,4.8327
1996-04-01,1996-05-01,ME2 BM5,7.5531
1996-04-01,1996-05-01,ME3 BM1,2.7932
1996-04-01,1996-05-01,ME3 BM2,3.798
1996-04-01,1996-05-01,ME3 BM3,2.0889
1996-04-01,1996-05-01,ME3 BM4,1.3399
1996-04-01,1996-05-01,ME3 BM5,1.16
1996-04-01,1996-05-01,ME4 BM1,2.8479
1996-04-01,1996-05-01,ME4 BM2,0.367
1996-04-01,1996-05-01,ME4 BM3,0.4325
1996-04-01,1996-05-01,ME4 BM4,1.2663
1996-04-01,1996-05-01,ME4 BM5,1.6087
1996-04-01,1996-05-01,BIG LoBM,3.8805
1996-04-01,1996-05-01,ME5 BM2,1.3666
1996-04-01,1996-05-01,ME5 BM3,0.6942
1996-04-01,1996-05-01,ME5 BM4,2.9746
1996-04-01,1996-05-01,BIG HiBM,2.2019
1996-05-01,1996-06-01,SMALL LoBM,-7.7182
1996-05-01,1996-06-01,ME1 BM2,-5.6378
1996-05-01,1996-06-01,ME1 BM3,-5.1479
1996-05-01,1996-06-01,ME1 BM4,-2.5406
1996-05-01,1996-06-01,SMALL HiBM,-2.8788
1996-05-01,1996-06-01,ME2 BM1,-6.8762
1996-05-01,1996-06-01,ME2 BM2,-3.7919
1996-05-01,1996-06-01,ME2 BM3,-2.5147
1996-05-01,1996-06-01,ME2 BM4,-0.8418
1996-05-01,1996-06-01,ME2 BM5,-5.525
1996-05-01,1996-06-01,ME3 BM1,-7.3219
1996-05-01,1996-06-01,ME3 BM2,-2.7506
1996-05-01,1996-06-01,ME3 BM3,-1.0405
1996-05-01,1996-06-01,ME3 BM4,-0.4011
1996-05-01,1996-06-01,ME3 BM5,0.1441
1996-05-01,1996-06-01,ME4 BM1,-4.3311
1996-05-01,1996-06-01,ME4 BM2,-1.62
1996-05-01,1996-06-01,ME4 BM3,-1.0941
1996-05-01,1996-06-01,ME4 BM4,0.3979
1996-05-01,1996-06-01,ME4 BM5,2.1837
1996-05-01,1996-06-01,BIG LoBM,1.4484
1996-05-01,1996-06-01,ME5 BM2,-0.9236
1996-05-01,1996-06-01,ME5 BM3,0.151
1996-05-01,1996-06-01,ME5 BM4,-0.8803
1996-05-01,1996-06-01,BIG HiBM,0.7029
1996-06-01,1996-07-01,SMALL LoBM,-15.0268
1996-06-01,1996-07-01,ME1 BM2,-9.5945
1996-06-01,1996-07-01,ME1 BM3,-8.7007
1996-06-01,1996-07-01,ME1 BM4,-4.4839
1996-06-01,1996-07-01,SMALL HiBM,-5.5244
1996-06-01,1996-07-01,ME2 BM1,-15.0373
1996-06-01,1996-07-01,ME2 BM2,-9.9011
1996-06-01,1996-07-01,ME2 BM3,-7.9752
1996-06-01,1996-07-01,ME2 BM4,-5.5876
1996-06-01,1996-07-01,ME2 BM5,-5.2929
1996-06-01,1996-07-01,ME3 BM1,-11.5166
1996-06-01,1996-07-01,ME3 BM2,-7.6491
1996-06-01,1996-07-01,ME3 BM3,-6.1167
1996-06-01,1996-07-01,ME3 BM4,-4.9005
1996-06-01,1996-07-01,ME3 BM5,-6.2475
1996-06-01,1996-07-01,ME4 BM1,-8.9282
1996-06-01,1996-07-01,ME4 BM2,-5.3981
1996-06-01,1996-07-01,ME4 BM3,-4.8763
1996-06-01,1996-07-01,ME4 BM4,-4.136
1996-06-01,1996-07-01,ME4 BM5,-4.693
1996-06-01,1996-07-01,BIG LoBM,-5.0134
1996-06-01,1996-07-01,ME5 BM2,-4.7917
1996-06-01,1996-07-01,ME5 BM3,-2.8778
1996-06-01,1996-07-01,ME5 BM4,-3.3778
1996-06-01,1996-07-01,BIG HiBM,-4.6591
1996-07-01,1996-08-01,SMALL LoBM,4.6142
1996-07-01,1996-08-01,ME1 BM2,5.1199
1996-07-01,1996-08-01,ME1 BM3,4.2664
1996-07-01,1996-08-01,ME1 BM4,3.8688
1996-07-01,1996-08-01,SMALL HiBM,3.8458
1996-07-01,1996-08-01,ME2 BM1,7.8202
1996-07-01,1996-08-01,ME2 BM2,5.8252
1996-07-01,1996-08-01,ME2 BM3,4.1503
1996-07-01,1996-08-01,ME2 BM4,4.6538
1996-07-01,1996-08-01,ME2 BM5,4.7894
1996-07-01,1996-08-01,ME3 BM1,8.1959
1996-07-01,1996-08-01,ME3 BM2,5.745
1996-07-01,1996-08-01,ME3 BM3,6.1643
1996-07-01,1996-08-01,ME3 BM4,6.5235
1996-07-01,1996-08-01,ME3 BM5,4.5265
1996-07-01,1996-08-01,ME4 BM1,5.5745
1996-07-01,1996-08-01,ME4 BM2,5.2136
1996-07-01,1996-08-01,ME4 BM3,5.9182
1996-07-01,1996-08-01,ME4 BM4,4.921
1996-07-01,1996-08-01,ME4 BM5,4.0874
1996-07-01,1996-08-01,BIG LoBM,1.2676
1996-07-01,1996-08-01,ME5 BM2,3.0132
1996-07-01,1996-08-01,ME5 BM3,4.0983
1996-07-01,1996-08-01,ME5 BM4,2.1366
1996-07-01,1996-08-01,BIG HiBM,2.9697
